FrameNo,head_x,head_y,left_shoulder_x,left_shoulder_y,left_elbow_x,left_elbow_y,right_shoulder_x,right_shoulder_y,right_elbow_x,right_elbow_y,left_hand_x,left_hand_y,right_hand_x,right_hand_y,left_hip_x,left_hip_y,right_hip_x,right_hip_y,left_knee_x,left_knee_y,right_knee_x,right_knee_y,left_foot_x,left_foot_y,right_foot_x,right_foot_y
0,0.4946969449520111,0.37853455543518066,0.5235273838043213,0.4086681604385376,0.5452839136123657,0.4500352740287781,0.470062255859375,0.4141579866409302,0.4538477659225464,0.449055016040802,0.5484427809715271,0.49727416038513184,0.45915865898132324,0.5002898573875427,0.5231370329856873,0.5049975514411926,0.48351117968559265,0.5069076418876648,0.5318199396133423,0.5856068134307861,0.4873824119567871,0.5863155722618103,0.5359267592430115,0.6678923964500427,0.48452049493789673,0.6667327284812927
1,0.4959784150123596,0.3798123002052307,0.5240232348442078,0.4099887013435364,0.5460013151168823,0.4504537582397461,0.4734819829463959,0.41665780544281006,0.4576026201248169,0.45046839118003845,0.5483704805374146,0.4984738826751709,0.4622156322002411,0.5012093782424927,0.5229091644287109,0.505113959312439,0.4856165051460266,0.5075000524520874,0.5314373970031738,0.5833595991134644,0.48717743158340454,0.5838165283203125,0.5414742827415466,0.6665903925895691,0.4827330708503723,0.6635482311248779
2,0.4935474395751953,0.3784818649291992,0.5231709480285645,0.41084468364715576,0.5452437996864319,0.4500260055065155,0.47308048605918884,0.41491302847862244,0.45864254236221313,0.44906795024871826,0.5470303297042847,0.5020530819892883,0.46464356780052185,0.5024882555007935,0.5235615372657776,0.506981611251831,0.484038770198822,0.5083604454994202,0.531026303768158,0.5855549573898315,0.488025963306427,0.5848832130432129,0.5423215627670288,0.670646071434021,0.48257553577423096,0.6672934293746948
3,0.49446922540664673,0.3793993592262268,0.5228468179702759,0.41143709421157837,0.5509250164031982,0.45611298084259033,0.4746035039424896,0.41418370604515076,0.458673894405365,0.451896607875824,0.5500321388244629,0.5061423182487488,0.46835511922836304,0.5016273260116577,0.5249207615852356,0.5032224059104919,0.4850553870201111,0.5047584772109985,0.5292492508888245,0.5864419937133789,0.4867534637451172,0.5801296234130859,0.5328273177146912,0.6666296720504761,0.48407936096191406,0.6606888771057129
4,0.4940849542617798,0.38053005933761597,0.5114725828170776,0.4094148874282837,0.5430845022201538,0.4541548192501068,0.48720014095306396,0.410126656293869,0.46844959259033203,0.451403945684433,0.543450117111206,0.502310037612915,0.476098895072937,0.49965402483940125,0.5219485759735107,0.4970587193965912,0.49887335300445557,0.4967297315597534,0.5220645666122437,0.5823978781700134,0.5008651614189148,0.5869669318199158,0.5266010761260986,0.6662248373031616,0.4957006573677063,0.6617867350578308
5,0.49592146277427673,0.38029882311820984,0.5016390085220337,0.409390389919281,0.4972953796386719,0.45813092589378357,0.5032630562782288,0.40754634141921997,0.498739093542099,0.4556841552257538,0.516770601272583,0.5042302012443542,0.4859097898006439,0.49921953678131104,0.5092299580574036,0.49887436628341675,0.5115683674812317,0.49877989292144775,0.5073646903038025,0.5861790180206299,0.5123249292373657,0.5879558324813843,0.5034419894218445,0.6631038188934326,0.5181354284286499,0.6626455783843994
6,0.5001156330108643,0.3804607093334198,0.5015314817428589,0.40823787450790405,0.4801270365715027,0.45092105865478516,0.5098229050636292,0.40838921070098877,0.5178162455558777,0.4554956555366516,0.4842527508735657,0.49649256467819214,0.49162253737449646,0.5000386238098145,0.5052085518836975,0.49757978320121765,0.5136008262634277,0.49799156188964844,0.503652811050415,0.5858292579650879,0.5140314102172852,0.5877598524093628,0.5016424059867859,0.6608611941337585,0.5176962018013,0.659662663936615
7,0.5007506608963013,0.378755658864975,0.49790388345718384,0.40571826696395874,0.4816609025001526,0.4490751624107361,0.5142562389373779,0.4067157208919525,0.5398306846618652,0.4537878632545471,0.49649834632873535,0.5051755905151367,0.5397360324859619,0.5051665306091309,0.5006062984466553,0.496365487575531,0.5150263905525208,0.49755847454071045,0.5015565156936646,0.5844409465789795,0.5158014893531799,0.5855284929275513,0.49953311681747437,0.6611541509628296,0.5190634727478027,0.6637280583381653
8,0.505792498588562,0.37773704528808594,0.5147033929824829,0.4066447913646698,0.5373091697692871,0.45161646604537964,0.5100375413894653,0.4064747095108032,0.5012595057487488,0.4511169195175171,0.5503959655761719,0.5021792650222778,0.49199408292770386,0.5015720129013062,0.5150889158248901,0.5048117637634277,0.5130463242530823,0.5041475296020508,0.5143311023712158,0.5830404162406921,0.5099040269851685,0.5842632055282593,0.5184813737869263,0.6681674718856812,0.5019328594207764,0.6638695001602173
9,0.5067192316055298,0.3774619698524475,0.5113587975502014,0.40539586544036865,0.5047158002853394,0.45323213934898376,0.516319215297699,0.4067431390285492,0.5356095433235168,0.45338377356529236,0.5504075288772583,0.5047452449798584,0.49373334646224976,0.4965458810329437,0.513019323348999,0.500735878944397,0.5159298777580261,0.5003485679626465,0.5132389664649963,0.5841661691665649,0.5134294033050537,0.5771037936210632,0.5070843696594238,0.6634830236434937,0.5053609013557434,0.6612507104873657
10,0.5132546424865723,0.3778303563594818,0.5390316247940063,0.40900465846061707,0.5640569925308228,0.4552117586135864,0.4905487298965454,0.4128021001815796,0.4762028157711029,0.45554161071777344,0.5848013758659363,0.49708712100982666,0.4806465804576874,0.5017508268356323,0.5343571901321411,0.5023654699325562,0.4974716603755951,0.5055063962936401,0.5419189929962158,0.5815777778625488,0.4901149868965149,0.5867458581924438,0.5464650988578796,0.6635153293609619,0.4890006184577942,0.6624546051025391
11,0.5133868455886841,0.3749086260795593,0.5380867719650269,0.4061078429222107,0.5596067905426025,0.4484370946884155,0.49081259965896606,0.41064345836639404,0.4714268147945404,0.45001494884490967,0.5752942562103271,0.5019601583480835,0.4810127913951874,0.4987623393535614,0.5395461320877075,0.503582239151001,0.4946143627166748,0.5033478140830994,0.5427408218383789,0.5854175090789795,0.488753080368042,0.5873962640762329,0.5434303879737854,0.67079758644104,0.4870491027832031,0.6632232666015625
12,0.5143311023712158,0.3753909766674042,0.5403323173522949,0.4082765579223633,0.5633207559585571,0.4510299563407898,0.492353618144989,0.41249287128448486,0.4696842133998871,0.451529324054718,0.5844152569770813,0.49530136585235596,0.4805370569229126,0.5023128986358643,0.5339419841766357,0.5002644658088684,0.4955635666847229,0.502880334854126,0.5447611808776855,0.5889109373092651,0.4981977343559265,0.5876951217651367,0.543046236038208,0.6732003688812256,0.48325812816619873,0.6668533086776733
13,0.5177652835845947,0.37997955083847046,0.541134238243103,0.41022318601608276,0.5630967020988464,0.4538528323173523,0.49918997287750244,0.4148440957069397,0.47566890716552734,0.4546179473400116,0.5878371596336365,0.5008958578109741,0.48398661613464355,0.504324197769165,0.5408329367637634,0.503277599811554,0.5010124444961548,0.5031158328056335,0.5435377359390259,0.585472822189331,0.49261826276779175,0.585512638092041,0.5349080562591553,0.6730131506919861,0.4874279201030731,0.6668884754180908
14,0.5171595215797424,0.37805986404418945,0.5422844886779785,0.4102873206138611,0.5643662810325623,0.4538453221321106,0.5012030601501465,0.41514262557029724,0.4768494963645935,0.45291393995285034,0.5817474722862244,0.5038439035415649,0.48389875888824463,0.5034501552581787,0.5365085601806641,0.5006471872329712,0.5015330910682678,0.5030903816223145,0.5445066094398499,0.5881956815719604,0.49485594034194946,0.5882852077484131,0.5432133674621582,0.6726174354553223,0.4886103570461273,0.6678284406661987
15,0.5185806751251221,0.37720006704330444,0.5385692119598389,0.4086606204509735,0.5564556121826172,0.45736202597618103,0.5064470767974854,0.4111967086791992,0.485287070274353,0.45613810420036316,0.5880122780799866,0.5041218996047974,0.4917723536491394,0.5062100887298584,0.5378464460372925,0.5068280696868896,0.5067877173423767,0.5067271590232849,0.5374875664710999,0.593319833278656,0.4975685477256775,0.5945926904678345,0.5325840711593628,0.6761783957481384,0.48835131525993347,0.6725375056266785
16,0.5196444988250732,0.3789878487586975,0.5037833452224731,0.40598976612091064,0.4845532774925232,0.45804131031036377,0.5451136231422424,0.40970104932785034,0.5683607459068298,0.46299129724502563,0.4933027923107147,0.5055277943611145,0.5834853649139404,0.5108623504638672,0.5029263496398926,0.5058844685554504,0.5348577499389648,0.5063831210136414,0.49962398409843445,0.5917360782623291,0.5325297713279724,0.5918563604354858,0.4898414611816406,0.6754812002182007,0.5342190265655518,0.6754206418991089
17,0.5209372639656067,0.37738728523254395,0.5498003959655762,0.4109663963317871,0.569316565990448,0.4590439796447754,0.49952346086502075,0.4106977880001068,0.4770754277706146,0.4599626958370209,0.5910094976425171,0.49999159574508667,0.4879741370677948,0.5078113079071045,0.5406575798988342,0.5092053413391113,0.5025734305381775,0.5098222494125366,0.5429160594940186,0.5973958373069763,0.4998045861721039,0.5976178646087646,0.5418658256530762,0.6771015524864197,0.4838646650314331,0.6727318167686462
18,0.5211845636367798,0.37672364711761475,0.5508293509483337,0.4107648730278015,0.5702536106109619,0.45829421281814575,0.49826642870903015,0.409465491771698,0.4764033555984497,0.45913296937942505,0.5907836556434631,0.49931585788726807,0.4866902828216553,0.5073721408843994,0.5410186052322388,0.5085400342941284,0.501670777797699,0.5092978477478027,0.5446105599403381,0.5958349704742432,0.49848270416259766,0.5957476496696472,0.5424423217773438,0.6754564046859741,0.4840819835662842,0.6707788705825806
19,0.5213449001312256,0.37540119886398315,0.5500091314315796,0.40924233198165894,0.569153904914856,0.45495253801345825,0.4957744777202606,0.40827077627182007,0.4763696789741516,0.45748019218444824,0.5921522378921509,0.49879035353660583,0.48576802015304565,0.5041838884353638,0.5397638082504272,0.5078469514846802,0.5000741481781006,0.5094130635261536,0.5377117991447449,0.5950412750244141,0.49756234884262085,0.5952631235122681,0.5420094132423401,0.6751195788383484,0.4830279052257538,0.6695222854614258
20,0.5203683376312256,0.3752449154853821,0.5481452941894531,0.4095533788204193,0.5690536499023438,0.45466768741607666,0.49597200751304626,0.4082708954811096,0.4758237302303314,0.4548592269420624,0.5927561521530151,0.49851006269454956,0.48546868562698364,0.5044832229614258,0.5394647717475891,0.5072162747383118,0.49996110796928406,0.509108304977417,0.5428986549377441,0.59377121925354,0.49831002950668335,0.5940841436386108,0.5422883033752441,0.6746651530265808,0.483228862285614,0.6684427261352539
21,0.5203577280044556,0.3762322664260864,0.5453397035598755,0.4097694158554077,0.5695503950119019,0.4583597779273987,0.5005521774291992,0.4108801484107971,0.47753751277923584,0.45707160234451294,0.5903568863868713,0.5010479092597961,0.48823782801628113,0.5085127949714661,0.5386125445365906,0.5079972743988037,0.503183126449585,0.5094782710075378,0.5393725037574768,0.5984349250793457,0.5018327236175537,0.5986940860748291,0.5335690975189209,0.677346408367157,0.4851841628551483,0.6732966899871826
22,0.5178804397583008,0.37733376026153564,0.5383406281471252,0.41035544872283936,0.5482773780822754,0.4614343047142029,0.5125492811203003,0.41299968957901,0.4888472259044647,0.45736226439476013,0.5842435359954834,0.5055540800094604,0.49788111448287964,0.5089740753173828,0.5329264402389526,0.5062454342842102,0.5105027556419373,0.5069584846496582,0.5318342447280884,0.5927279591560364,0.4998215436935425,0.5944982767105103,0.5273500680923462,0.6770844459533691,0.49164673686027527,0.672562837600708
23,0.51706862449646,0.3781600892543793,0.5452640056610107,0.4119793176651001,0.5669445991516113,0.457292765378952,0.49713408946990967,0.4155923128128052,0.4741061329841614,0.45627719163894653,0.5869916677474976,0.5020310282707214,0.4837988317012787,0.5062248706817627,0.5361599922180176,0.5062229633331299,0.49763160943984985,0.5077906250953674,0.5421903133392334,0.5922970175743103,0.4980335831642151,0.5910848379135132,0.541584849357605,0.6744593381881714,0.484436959028244,0.6687405109405518
24,0.5152660608291626,0.37555134296417236,0.545198917388916,0.40927982330322266,0.5667766332626343,0.45196694135665894,0.4955078363418579,0.4139155149459839,0.4736019968986511,0.454748272895813,0.5930179953575134,0.4978181719779968,0.4810992479324341,0.5031710863113403,0.5337809920310974,0.504716157913208,0.49511778354644775,0.5074549317359924,0.5400195121765137,0.5974763631820679,0.49663442373275757,0.594734787940979,0.5409759283065796,0.6755920648574829,0.48444026708602905,0.6721293330192566
25,0.5094519257545471,0.3745653033256531,0.5352603793144226,0.40596139430999756,0.5658057928085327,0.44932234287261963,0.49640271067619324,0.41152676939964294,0.47802862524986267,0.4518442749977112,0.593651533126831,0.4953945279121399,0.4852214455604553,0.4901720881462097,0.5384671092033386,0.5022976398468018,0.4998410642147064,0.5021294951438904,0.5388225317001343,0.587889552116394,0.4887886643409729,0.5910036563873291,0.5405422449111938,0.6753396987915039,0.48719891905784607,0.670522153377533
26,0.510288655757904,0.37817010283470154,0.534961462020874,0.4064764976501465,0.5574856400489807,0.45236921310424805,0.4916602075099945,0.41036540269851685,0.47308921813964844,0.45232781767845154,0.587713360786438,0.4911904036998749,0.48322856426239014,0.49959224462509155,0.5374447703361511,0.501562237739563,0.49709588289260864,0.5017490386962891,0.5412722229957581,0.5828956365585327,0.4994925260543823,0.5803751945495605,0.5417910218238831,0.6695911884307861,0.4902969002723694,0.6649597883224487
27,0.5067800879478455,0.37647026777267456,0.5219941139221191,0.40808284282684326,0.546116054058075,0.4578326940536499,0.5084580183029175,0.4093441963195801,0.4892711341381073,0.45717450976371765,0.5684584379196167,0.5021341443061829,0.485307514667511,0.5022150278091431,0.5245452523231506,0.5004005432128906,0.5089442729949951,0.501374363899231,0.5272842645645142,0.5805179476737976,0.5001399517059326,0.5820094347000122,0.5245362520217896,0.6683356165885925,0.49856242537498474,0.6649777889251709
28,0.503507673740387,0.3779183626174927,0.5285637378692627,0.40760594606399536,0.5507818460464478,0.4543181359767914,0.4982883930206299,0.4072713553905487,0.4826013743877411,0.45135995745658875,0.5846356153488159,0.49533820152282715,0.4845994710922241,0.5031641125679016,0.5290964245796204,0.5011650323867798,0.5052120685577393,0.5016601085662842,0.5287941694259644,0.5823413133621216,0.49268731474876404,0.5827134847640991,0.5268676280975342,0.6685377955436707,0.49266132712364197,0.66462242603302
29,0.5007854104042053,0.37611767649650574,0.5002475380897522,0.4055117964744568,0.47778066992759705,0.4551246762275696,0.5171793699264526,0.4057038724422455,0.5448474287986755,0.4521210789680481,0.5031404495239258,0.5034164786338806,0.5631960034370422,0.49664306640625,0.4988338351249695,0.4964759945869446,0.5202755928039551,0.49782857298851013,0.49829721450805664,0.587998628616333,0.5159457325935364,0.5811474919319153,0.4941985607147217,0.6679751873016357,0.5141404867172241,0.6633136868476868
30,0.4986199736595154,0.37819576263427734,0.4819139242172241,0.4091431498527527,0.46235668659210205,0.4537590742111206,0.5314714908599854,0.4074057936668396,0.5613749027252197,0.4582819938659668,0.4743955731391907,0.501167893409729,0.5735971927642822,0.4917198419570923,0.4859653115272522,0.4988735318183899,0.5296292304992676,0.49720633029937744,0.48941418528556824,0.5846128463745117,0.5306630730628967,0.5840564966201782,0.48486655950546265,0.6684521436691284,0.5336399078369141,0.6646907329559326
31,0.4930036962032318,0.37910160422325134,0.5056716203689575,0.4073305130004883,0.5367096662521362,0.4493713080883026,0.5016588568687439,0.40745532512664795,0.5003296136856079,0.45294660329818726,0.5234488844871521,0.49636030197143555,0.49872612953186035,0.49519917368888855,0.5100089311599731,0.49680113792419434,0.5101490020751953,0.49600452184677124,0.5072885751724243,0.5804721117019653,0.505486786365509,0.5808658003807068,0.5021936893463135,0.666792631149292,0.49956807494163513,0.6613752841949463
32,0.4939977824687958,0.37882596254348755,0.5229393243789673,0.41080254316329956,0.5516549944877625,0.4511997401714325,0.4743419885635376,0.4096870422363281,0.4561445713043213,0.4573345184326172,0.5675879120826721,0.49645566940307617,0.4675978124141693,0.4921609163284302,0.5265733003616333,0.4988604784011841,0.4857042729854584,0.4998567998409271,0.5291412472724915,0.5807204246520996,0.49104535579681396,0.5825660228729248,0.5324529409408569,0.6624173521995544,0.4835265278816223,0.6617169380187988
33,0.49852392077445984,0.38203269243240356,0.5241860151290894,0.4148687720298767,0.5522926449775696,0.4521360993385315,0.4713403880596161,0.4144883155822754,0.4542282819747925,0.4517018496990204,0.5572444796562195,0.4972410798072815,0.4668227434158325,0.49812769889831543,0.5281038284301758,0.5015562772750854,0.48491406440734863,0.5032365322113037,0.533103346824646,0.5813199877738953,0.4906562566757202,0.5855056047439575,0.5449691414833069,0.662524938583374,0.4806380271911621,0.6614757776260376
34,0.4925084114074707,0.37792715430259705,0.5216266512870789,0.4080967605113983,0.5456318259239197,0.448578417301178,0.4694550037384033,0.4131717085838318,0.45336970686912537,0.44943273067474365,0.5646750926971436,0.49644240736961365,0.4626048505306244,0.4962247312068939,0.5223349332809448,0.500155508518219,0.48137590289115906,0.5037461519241333,0.5301315784454346,0.5800800919532776,0.482032835483551,0.5795953273773193,0.5347452759742737,0.6647459864616394,0.4791024327278137,0.6634740829467773
35,0.49315521121025085,0.3795970678329468,0.5215628743171692,0.40981003642082214,0.547463059425354,0.449110746383667,0.4700455069541931,0.41381561756134033,0.451981782913208,0.4484971761703491,0.5569690465927124,0.4896579384803772,0.46184712648391724,0.49323031306266785,0.5221908688545227,0.49745437502861023,0.48176926374435425,0.5007625818252563,0.529340386390686,0.5837060213088989,0.48216962814331055,0.5860048532485962,0.5332854986190796,0.6634546518325806,0.47929608821868896,0.6624644994735718
36,0.4910430312156677,0.3799099922180176,0.5194151997566223,0.41344940662384033,0.5469662547111511,0.45156675577163696,0.4678061604499817,0.4145822525024414,0.4500913619995117,0.4531577229499817,0.550856351852417,0.49280571937561035,0.4548473060131073,0.4893561601638794,0.5244153738021851,0.503099262714386,0.4809395670890808,0.5044952630996704,0.5315209627151489,0.5881751179695129,0.48532700538635254,0.5879599452018738,0.5462945699691772,0.6712898015975952,0.48130130767822266,0.6652065515518188
37,0.49257931113243103,0.37965044379234314,0.5190707445144653,0.41144639253616333,0.5464099645614624,0.45023220777511597,0.4680666923522949,0.414215624332428,0.4513726234436035,0.4537443518638611,0.551628828048706,0.490924596786499,0.4576573073863983,0.49037784337997437,0.5242942571640015,0.5013086199760437,0.48042184114456177,0.502849817276001,0.5306870937347412,0.5829110145568848,0.4840218722820282,0.5906105041503906,0.533444344997406,0.6659058332443237,0.48141223192214966,0.6631103754043579
38,0.4932520389556885,0.3805628716945648,0.5205731391906738,0.4125775992870331,0.5528401732444763,0.4542064666748047,0.46797478199005127,0.41423499584198,0.452253520488739,0.4547439515590668,0.5508251786231995,0.49398547410964966,0.46100160479545593,0.49290919303894043,0.5262162685394287,0.5010778903961182,0.48185405135154724,0.5027107000350952,0.5324383974075317,0.5827134251594543,0.48560065031051636,0.5900903940200806,0.5341909527778625,0.6646066308021545,0.4815414845943451,0.663049578666687
39,0.4922536611557007,0.37781137228012085,0.5193129777908325,0.4092017114162445,0.5461245775222778,0.44885993003845215,0.4674333930015564,0.41260382533073425,0.4529275596141815,0.45252475142478943,0.553952693939209,0.4923552870750427,0.4620198905467987,0.4954487979412079,0.5216410160064697,0.5000631809234619,0.47944724559783936,0.5026734471321106,0.5299726128578186,0.5809546113014221,0.4819171130657196,0.5787445902824402,0.5439496040344238,0.6643728017807007,0.47959065437316895,0.6626303791999817
40,0.492311954498291,0.37670740485191345,0.5209066271781921,0.4085068702697754,0.5469521284103394,0.44986772537231445,0.46856069564819336,0.41347166895866394,0.4559191167354584,0.4521127939224243,0.5464673042297363,0.48916706442832947,0.4626040458679199,0.49723315238952637,0.5230501890182495,0.5008906126022339,0.48093876242637634,0.5039934515953064,0.5305615663528442,0.5863521099090576,0.4809029698371887,0.5883674621582031,0.5339821577072144,0.6647857427597046,0.4789371192455292,0.6632713675498962
41,0.49172019958496094,0.375708669424057,0.5199823379516602,0.4069390296936035,0.5452714562416077,0.44958728551864624,0.47046908736228943,0.41355857253074646,0.45467516779899597,0.45043954253196716,0.5539658665657043,0.48920509219169617,0.45692378282546997,0.49352332949638367,0.5217564105987549,0.5016830563545227,0.48238691687583923,0.5049718618392944,0.5286419987678528,0.5878745317459106,0.4809698760509491,0.5896116495132446,0.5419355630874634,0.6648798584938049,0.47704726457595825,0.6633420586585999
42,0.4949871301651001,0.3778425455093384,0.5219070911407471,0.41084808111190796,0.5489933490753174,0.4518951177597046,0.47006043791770935,0.4136471450328827,0.45315465331077576,0.45198261737823486,0.5578752756118774,0.4962628483772278,0.4615195691585541,0.5004689693450928,0.5249215364456177,0.502346932888031,0.4818560779094696,0.5048519372940063,0.5316182374954224,0.5821796655654907,0.485591858625412,0.5791664123535156,0.5440917611122131,0.6660906076431274,0.481057733297348,0.6625516414642334
43,0.49824294447898865,0.3787168860435486,0.5233992338180542,0.41014498472213745,0.5482078790664673,0.4500961899757385,0.47279033064842224,0.4132930636405945,0.4563671350479126,0.44947001338005066,0.5669482946395874,0.49884530901908875,0.46559596061706543,0.49822163581848145,0.5240182876586914,0.49992749094963074,0.4829823672771454,0.5020327568054199,0.5297110676765442,0.5870196223258972,0.486691951751709,0.5883545875549316,0.542995810508728,0.6660600900650024,0.48072144389152527,0.6630560755729675
44,0.4997323751449585,0.37864452600479126,0.5186492800712585,0.4068751037120819,0.548617959022522,0.45091912150382996,0.4821411967277527,0.40988731384277344,0.4612882733345032,0.4488072097301483,0.5550715327262878,0.4970181882381439,0.47211068868637085,0.49791499972343445,0.5248692631721497,0.49725836515426636,0.491637647151947,0.49947988986968994,0.5268171429634094,0.58393394947052,0.4955408573150635,0.5841162204742432,0.5403332114219666,0.665189802646637,0.4853602647781372,0.6618402004241943
45,0.49267446994781494,0.37708717584609985,0.5198498964309692,0.4079669713973999,0.547640323638916,0.45236653089523315,0.48416727781295776,0.41152840852737427,0.4631596505641937,0.45169979333877563,0.5549339056015015,0.4926987886428833,0.46890032291412354,0.49718356132507324,0.5247972011566162,0.497857928276062,0.4926103949546814,0.499933123588562,0.5272048711776733,0.588273823261261,0.49583905935287476,0.5870809555053711,0.5398457646369934,0.6665990352630615,0.48677998781204224,0.6624389290809631
46,0.4958683252334595,0.3779253661632538,0.4941120743751526,0.409383624792099,0.4703075587749481,0.45136749744415283,0.5204936861991882,0.40681910514831543,0.5495551228523254,0.4540604054927826,0.4803285300731659,0.5043622255325317,0.5541415810585022,0.5053361654281616,0.4943249821662903,0.5009951591491699,0.5241186618804932,0.502230167388916,0.49668189883232117,0.5830207467079163,0.5222991108894348,0.5849361419677734,0.48991650342941284,0.6664695739746094,0.5273611545562744,0.6660988926887512
47,0.4994063079357147,0.37509268522262573,0.5132766962051392,0.405998557806015,0.5407446622848511,0.45307406783103943,0.512643575668335,0.40723270177841187,0.5385876893997192,0.4534362256526947,0.5525151491165161,0.5042514801025391,0.5492981672286987,0.5029177665710449,0.5159834623336792,0.500602126121521,0.5135233402252197,0.5007515549659729,0.5183643102645874,0.5850094556808472,0.5082342624664307,0.5866289138793945,0.5073811411857605,0.6654903888702393,0.503819465637207,0.666202187538147
48,0.504350483417511,0.37930402159690857,0.5335571765899658,0.41170069575309753,0.5527220964431763,0.4547688663005829,0.4966232478618622,0.4130227267742157,0.4790228307247162,0.45335638523101807,0.5820037722587585,0.4994394779205322,0.4766947627067566,0.49812930822372437,0.5329030752182007,0.5025907754898071,0.5020199418067932,0.5027633905410767,0.5344610214233398,0.5848414301872253,0.49129265546798706,0.5859748125076294,0.5418640375137329,0.6680912971496582,0.4935469329357147,0.665623664855957
49,0.5044733285903931,0.37652337551116943,0.5324108600616455,0.4062541127204895,0.5589937567710876,0.4485689401626587,0.48735374212265015,0.4118027091026306,0.47244712710380554,0.4523662328720093,0.5880998373031616,0.493191123008728,0.4740152359008789,0.49395012855529785,0.5383539199829102,0.5008536577224731,0.49669498205184937,0.5024232268333435,0.5410181879997253,0.5840721130371094,0.4950915277004242,0.5832623839378357,0.5423797369003296,0.671271026134491,0.48609817028045654,0.6655949354171753
50,0.5101578831672668,0.374917209148407,0.5038902759552002,0.40339189767837524,0.4881293773651123,0.4498305320739746,0.5281472206115723,0.4060335159301758,0.5501670837402344,0.45187658071517944,0.5016441345214844,0.4994243085384369,0.5719554424285889,0.48180684447288513,0.5007278323173523,0.4990310072898865,0.5257844924926758,0.4985373616218567,0.4964849650859833,0.5831708312034607,0.5206362009048462,0.5842316746711731,0.4926750659942627,0.6679345965385437,0.5206214189529419,0.6712831258773804
51,0.5113587379455566,0.37678536772727966,0.5048637390136719,0.405701220035553,0.4895901381969452,0.4516850411891937,0.5263897180557251,0.40855836868286133,0.5513739585876465,0.4547148644924164,0.4977429509162903,0.5021085739135742,0.5860713124275208,0.4905329942703247,0.5019665956497192,0.4984358251094818,0.5255495309829712,0.4979636073112488,0.4983164072036743,0.5848768353462219,0.520966649055481,0.5851129293441772,0.4924808144569397,0.6689745187759399,0.5237005949020386,0.6709647178649902
52,0.5142279863357544,0.37938496470451355,0.493345707654953,0.4098948836326599,0.47436589002609253,0.4564392566680908,0.5433866381645203,0.41094785928726196,0.5713837146759033,0.46116209030151367,0.48067137598991394,0.5021471977233887,0.5861837267875671,0.49822935461997986,0.4967275559902191,0.5019639134407043,0.5374316573143005,0.5002632141113281,0.4924989342689514,0.5861117839813232,0.5379188060760498,0.5866294503211975,0.48611173033714294,0.6690163016319275,0.5378707647323608,0.6707138419151306
53,0.5128376483917236,0.3775995671749115,0.5016759037971497,0.40821194648742676,0.48298394680023193,0.45354562997817993,0.5355875492095947,0.4084387719631195,0.5684754252433777,0.4563465714454651,0.4855388402938843,0.5026789903640747,0.5859313011169434,0.49991828203201294,0.49970394372940063,0.503327488899231,0.5333490371704102,0.5030859708786011,0.49614426493644714,0.5866101384162903,0.5320843458175659,0.5879284739494324,0.4893285632133484,0.6692957282066345,0.5306520462036133,0.6714930534362793
54,0.5149798393249512,0.37164556980133057,0.5095981359481812,0.4033673405647278,0.48836109042167664,0.4503825306892395,0.533245325088501,0.40564262866973877,0.5671057105064392,0.45547837018966675,0.48922213912010193,0.5033040046691895,0.5886787176132202,0.4933111369609833,0.5050670504570007,0.5031511187553406,0.5306815505027771,0.5024348497390747,0.49887213110923767,0.5877154469490051,0.5288679599761963,0.5883366465568542,0.49149414896965027,0.6723426580429077,0.5306381583213806,0.6727170944213867
55,0.5166571140289307,0.37659379839897156,0.4980289340019226,0.4083256721496582,0.47794151306152344,0.45412999391555786,0.549249529838562,0.407450407743454,0.5750848650932312,0.4600027799606323,0.47673091292381287,0.5040487051010132,0.5926014184951782,0.4995344281196594,0.4968568682670593,0.5015368461608887,0.5409857034683228,0.5006753206253052,0.49471741914749146,0.5887435674667358,0.5343036651611328,0.5836038589477539,0.4886820912361145,0.6721157431602478,0.5413475632667542,0.6723983287811279
56,0.5183121562004089,0.3781658113002777,0.49960941076278687,0.40935203433036804,0.4816622734069824,0.45608025789260864,0.5498743057250977,0.4082961678504944,0.5751128196716309,0.4613821506500244,0.47830313444137573,0.5044274926185608,0.5909542441368103,0.5102393627166748,0.49804258346557617,0.5027940273284912,0.5403794646263123,0.5017258524894714,0.49507999420166016,0.5882455110549927,0.5342308282852173,0.582571268081665,0.48826420307159424,0.6717619299888611,0.5412592887878418,0.6711298227310181
57,0.5182215571403503,0.37750130891799927,0.49975594878196716,0.40923330187797546,0.47984978556632996,0.4576515853404999,0.550491988658905,0.4076399803161621,0.5771925449371338,0.4615525007247925,0.480146586894989,0.5060994625091553,0.5956181287765503,0.5035719871520996,0.4990640878677368,0.5034432411193848,0.5417346358299255,0.5025193095207214,0.4962623119354248,0.5922096967697144,0.5351260304450989,0.5861777067184448,0.4895864725112915,0.6721765398979187,0.5418244004249573,0.6721105575561523
58,0.5179488062858582,0.3774615526199341,0.49972450733184814,0.4095444679260254,0.47824668884277344,0.4576340913772583,0.5509177446365356,0.4072105288505554,0.5775260329246521,0.4613451659679413,0.47851550579071045,0.5051580667495728,0.5971269011497498,0.5096076130867004,0.4980608820915222,0.5031037330627441,0.541598379611969,0.5023921728134155,0.49624356627464294,0.5913277864456177,0.5350362062454224,0.5850498676300049,0.49023330211639404,0.6715726852416992,0.5417554378509521,0.6713179349899292
59,0.5170364379882812,0.37749868631362915,0.5030431151390076,0.408336341381073,0.4822272062301636,0.4579983353614807,0.5456861257553101,0.40692251920700073,0.5782373547554016,0.4621448218822479,0.4818309247493744,0.507767915725708,0.5970751643180847,0.49900561571121216,0.5012398958206177,0.5049068927764893,0.537735104560852,0.5043099522590637,0.49842143058776855,0.5901696681976318,0.5339429974555969,0.5856840014457703,0.4908234477043152,0.6713528037071228,0.5403366088867188,0.6715206503868103
60,0.5161586999893188,0.3740805387496948,0.5466741919517517,0.4062129855155945,0.5688549280166626,0.44936108589172363,0.49849435687065125,0.41180869936943054,0.4782825708389282,0.45062455534935,0.592501699924469,0.4912881851196289,0.48289328813552856,0.4983776807785034,0.5369061231613159,0.5008589029312134,0.4977900981903076,0.5037825107574463,0.5387684106826782,0.5845513343811035,0.4985130727291107,0.5866764187812805,0.5459032654762268,0.6701289415359497,0.4887532591819763,0.6638538837432861
61,0.5166497826576233,0.37289679050445557,0.5452114939689636,0.40563321113586426,0.563719630241394,0.4477807879447937,0.4974995255470276,0.40993618965148926,0.47685080766677856,0.44962355494499207,0.5941522121429443,0.4901503324508667,0.4827998876571655,0.4982560873031616,0.5355622172355652,0.49892157316207886,0.4979163408279419,0.5018942952156067,0.5366974472999573,0.5839933156967163,0.4990323781967163,0.5855675339698792,0.5456287860870361,0.670639157295227,0.48819267749786377,0.6634056568145752
62,0.5163272619247437,0.37433263659477234,0.5464000701904297,0.40773534774780273,0.5623010396957397,0.4495227336883545,0.49735987186431885,0.4118940830230713,0.47900885343551636,0.45393607020378113,0.5936630964279175,0.4920459985733032,0.4837033450603485,0.500007152557373,0.5343106985092163,0.5019012093544006,0.4966798722743988,0.5053139925003052,0.5433562994003296,0.5903846025466919,0.49906906485557556,0.5909029841423035,0.5447293519973755,0.6733565330505371,0.488352507352829,0.6668812036514282
63,0.514546811580658,0.37555253505706787,0.5422585010528564,0.4088287353515625,0.5628165006637573,0.4491536021232605,0.49543437361717224,0.4128236174583435,0.47463834285736084,0.4537109136581421,0.5949979424476624,0.4926809072494507,0.48103171586990356,0.4981805086135864,0.5361583232879639,0.5016551613807678,0.4977463185787201,0.5054856538772583,0.5436123609542847,0.5911111235618591,0.49984651803970337,0.5910079479217529,0.5444902181625366,0.6742160320281982,0.4881838262081146,0.6676416397094727
64,0.5170654058456421,0.37762218713760376,0.5418305397033691,0.409123957157135,0.5635615587234497,0.4491468667984009,0.4943985939025879,0.41243183612823486,0.4741075038909912,0.45343631505966187,0.5946327447891235,0.49665868282318115,0.4798872470855713,0.5021634697914124,0.5356502532958984,0.49998146295547485,0.4970526695251465,0.5037527680397034,0.5433233380317688,0.5882837772369385,0.4982829988002777,0.587731122970581,0.5432144999504089,0.6735014319419861,0.48700496554374695,0.6673537492752075
65,0.5123953819274902,0.37673231959342957,0.5399417877197266,0.40851712226867676,0.5565682649612427,0.44853073358535767,0.4904124140739441,0.41282957792282104,0.47275757789611816,0.4496048390865326,0.591458797454834,0.49563705921173096,0.4784415662288666,0.5052927136421204,0.5411206483840942,0.5040988922119141,0.4951273202896118,0.5040136575698853,0.5361497402191162,0.5890774726867676,0.4990711212158203,0.5906389355659485,0.5442023873329163,0.6728388071060181,0.48887965083122253,0.6683477759361267
66,0.5092552900314331,0.3796471059322357,0.5353878140449524,0.4083269536495209,0.5562827587127686,0.452993243932724,0.4919424057006836,0.412769615650177,0.47274255752563477,0.45201313495635986,0.5832029581069946,0.49328434467315674,0.47738179564476013,0.49960610270500183,0.5388069748878479,0.5007717609405518,0.4973496198654175,0.5002490878105164,0.5427075624465942,0.584252119064331,0.5005182027816772,0.5828487873077393,0.5443636178970337,0.6730453968048096,0.49012404680252075,0.6658632755279541
67,0.5095779299736023,0.37871798872947693,0.53694748878479,0.40902942419052124,0.5642213821411133,0.45321470499038696,0.4894038438796997,0.41206997632980347,0.47507643699645996,0.45636188983917236,0.5954082012176514,0.4909621477127075,0.47390133142471313,0.5008513331413269,0.5422286987304688,0.50201416015625,0.49686360359191895,0.5021446347236633,0.542987585067749,0.578055739402771,0.5002751350402832,0.5799384117126465,0.5495615601539612,0.663895845413208,0.4912176728248596,0.6627267003059387
68,0.5075719356536865,0.379151314496994,0.5357483625411987,0.4109700620174408,0.5605168342590332,0.4573795199394226,0.4878568649291992,0.41291794180870056,0.4741840362548828,0.4539664685726166,0.5818758010864258,0.5037238597869873,0.47319144010543823,0.506239652633667,0.5392758846282959,0.5069960355758667,0.49481648206710815,0.5069150328636169,0.5460537672042847,0.586716890335083,0.4994196891784668,0.5863609910011292,0.5502903461456299,0.6676017642021179,0.49181902408599854,0.6651858687400818
69,0.5048695206642151,0.3786742091178894,0.5395358800888062,0.4102884531021118,0.5572235584259033,0.45544618368148804,0.4879191517829895,0.41139769554138184,0.471319317817688,0.4537307918071747,0.5785302519798279,0.5038917660713196,0.4746355414390564,0.5061495304107666,0.535930335521698,0.5040425658226013,0.4956141412258148,0.5037813782691956,0.5378704071044922,0.5831041932106018,0.49763044714927673,0.5812802910804749,0.5473717451095581,0.6673998236656189,0.4917910695075989,0.664068341255188
70,0.5035113096237183,0.37915846705436707,0.4868060350418091,0.4100360870361328,0.46752554178237915,0.4523946940898895,0.5323684811592102,0.40961501002311707,0.5599671602249146,0.4607696235179901,0.47543904185295105,0.5029339790344238,0.5702812671661377,0.5011652708053589,0.489066481590271,0.5005934834480286,0.5304173827171326,0.49997252225875854,0.49265313148498535,0.581039309501648,0.5302636027336121,0.5870716571807861,0.491330087184906,0.6657509803771973,0.5428177118301392,0.6658158302307129
71,0.49791163206100464,0.3796330392360687,0.4852255582809448,0.41069766879081726,0.46905165910720825,0.4532713294029236,0.527680516242981,0.4085805416107178,0.5579853653907776,0.4578824043273926,0.477009117603302,0.5030845403671265,0.567876935005188,0.4994170665740967,0.4903958737850189,0.4983052909374237,0.5294196605682373,0.49670642614364624,0.49167245626449585,0.5884928703308105,0.5283036231994629,0.5862249135971069,0.48915934562683105,0.6670524477958679,0.5432372093200684,0.6684920787811279
72,0.49380946159362793,0.3781387209892273,0.5279878377914429,0.40972352027893066,0.5517534017562866,0.45096927881240845,0.47685298323631287,0.41322049498558044,0.4616350531578064,0.45082414150238037,0.5543451309204102,0.49333304166793823,0.46933430433273315,0.5000721216201782,0.5289604067802429,0.5012854337692261,0.48717376589775085,0.5031968951225281,0.5301617980003357,0.5837318301200867,0.48980915546417236,0.5828807950019836,0.5328327417373657,0.6661220192909241,0.48522037267684937,0.666729211807251
73,0.49217066168785095,0.37863239645957947,0.497841477394104,0.4073288142681122,0.4938327670097351,0.45570048689842224,0.5082173943519592,0.40733668208122253,0.5252377986907959,0.45439693331718445,0.49759751558303833,0.5035374760627747,0.540389895439148,0.49786239862442017,0.5031031370162964,0.49726375937461853,0.5115779638290405,0.4978052079677582,0.5018637776374817,0.5865475535392761,0.5108274221420288,0.5870012044906616,0.49789005517959595,0.6701093912124634,0.5086268782615662,0.6650509834289551
74,0.49900805950164795,0.3787756562232971,0.49594056606292725,0.40851378440856934,0.47940897941589355,0.45421379804611206,0.5101771950721741,0.40827256441116333,0.5269694328308105,0.4547458291053772,0.4994305968284607,0.5028460025787354,0.538758397102356,0.49504587054252625,0.5021328926086426,0.4985754191875458,0.5121515989303589,0.4990389943122864,0.5006934404373169,0.5880324840545654,0.5107464790344238,0.5885635614395142,0.49765342473983765,0.6698417067527771,0.5078627467155457,0.6650092601776123
75,0.4984521269798279,0.37908169627189636,0.5110187530517578,0.4094075560569763,0.5272409915924072,0.45434078574180603,0.4968510568141937,0.41043421626091003,0.4771667718887329,0.45223212242126465,0.5430725812911987,0.49051007628440857,0.48123401403427124,0.4948194622993469,0.5145179033279419,0.4994305372238159,0.5022596716880798,0.49852630496025085,0.514255702495575,0.587404727935791,0.49469196796417236,0.5887799263000488,0.5090575218200684,0.669442355632782,0.49573051929473877,0.664290189743042
76,0.4985412359237671,0.3784197270870209,0.5103799104690552,0.4082065522670746,0.52699875831604,0.4533200263977051,0.49685239791870117,0.4094395637512207,0.47813743352890015,0.4516197144985199,0.5438587069511414,0.4887976050376892,0.48210474848747253,0.4946969151496887,0.5139591693878174,0.49862414598464966,0.5021448135375977,0.4977879226207733,0.5133636593818665,0.5868134498596191,0.4942711591720581,0.588514506816864,0.5093929767608643,0.6691412925720215,0.49483221769332886,0.6644342541694641
77,0.49730515480041504,0.37907469272613525,0.5080329179763794,0.4088747501373291,0.5240609049797058,0.45506808161735535,0.4990714490413666,0.40846139192581177,0.49761924147605896,0.4559934139251709,0.5228044390678406,0.5020032525062561,0.4831119179725647,0.49318093061447144,0.5123087763786316,0.49859631061553955,0.5047791004180908,0.4979517459869385,0.5099571347236633,0.5867973566055298,0.4978798031806946,0.5879362225532532,0.506837010383606,0.6692627668380737,0.49782878160476685,0.6641916632652283
78,0.4978348910808563,0.3787238597869873,0.4950101971626282,0.4100751280784607,0.47750282287597656,0.4539726674556732,0.5129530429840088,0.406796395778656,0.5310751795768738,0.4542112946510315,0.4943305253982544,0.5010292530059814,0.5449817776679993,0.49907976388931274,0.49897846579551697,0.4962136149406433,0.5147792100906372,0.4967753291130066,0.4976828694343567,0.5876163244247437,0.516315758228302,0.586382269859314,0.49528515338897705,0.6689653396606445,0.5101258754730225,0.6642360687255859
79,0.49172767996788025,0.3789193034172058,0.49198853969573975,0.4106923043727875,0.4727061688899994,0.45403003692626953,0.514702558517456,0.4068925082683563,0.5467360615730286,0.452921986579895,0.4802361726760864,0.4947313666343689,0.5447149276733398,0.4926982522010803,0.4918472170829773,0.4989526867866516,0.5213823318481445,0.49613165855407715,0.49297603964805603,0.5890125036239624,0.5167375206947327,0.5879107713699341,0.48861163854599,0.6692006587982178,0.5256580114364624,0.6628948450088501
80,0.4930863082408905,0.3774133622646332,0.48296552896499634,0.4090571105480194,0.46535059809684753,0.45180147886276245,0.5221927165985107,0.4056406617164612,0.5502442121505737,0.4523269534111023,0.4761257767677307,0.49554356932640076,0.5505910515785217,0.48941463232040405,0.48581358790397644,0.4965001940727234,0.5246274471282959,0.49367865920066833,0.48804324865341187,0.5879762172698975,0.5218523144721985,0.5869417786598206,0.4845603108406067,0.667987048625946,0.5396243333816528,0.6627353429794312
81,0.49452584981918335,0.37333834171295166,0.4830999970436096,0.4095454812049866,0.46451613306999207,0.4523354768753052,0.5239825248718262,0.40652382373809814,0.5503246188163757,0.45313847064971924,0.4756403863430023,0.49859628081321716,0.5536623001098633,0.4932497441768646,0.48588770627975464,0.49662503600120544,0.5254487991333008,0.4937664270401001,0.4879454970359802,0.5885477066040039,0.5225846767425537,0.5884286761283875,0.48468372225761414,0.6649513840675354,0.5399130582809448,0.6634142994880676
82,0.49419304728507996,0.3776712119579315,0.48389026522636414,0.40964168310165405,0.46509701013565063,0.452048122882843,0.5235937833786011,0.40709084272384644,0.5582809448242188,0.4573062062263489,0.47572073340415955,0.49811166524887085,0.5542618036270142,0.49638959765434265,0.48671799898147583,0.49688416719436646,0.5260083675384521,0.4943664073944092,0.48880714178085327,0.587944746017456,0.5231331586837769,0.5881654024124146,0.4848516881465912,0.6649178266525269,0.5399757623672485,0.6627455949783325
83,0.4966394305229187,0.37315690517425537,0.48598217964172363,0.4094875454902649,0.4661516547203064,0.45312732458114624,0.5248007774353027,0.40710753202438354,0.5585783123970032,0.45892855525016785,0.4755523204803467,0.4999863803386688,0.5743908882141113,0.5009119510650635,0.48850709199905396,0.4987451434135437,0.5278064012527466,0.4969283938407898,0.49034592509269714,0.5890655517578125,0.5245800018310547,0.5893470048904419,0.48627158999443054,0.664653480052948,0.5394740104675293,0.6621584296226501
84,0.4967150390148163,0.376186728477478,0.5280194282531738,0.4102935791015625,0.5498773455619812,0.4518982172012329,0.483206570148468,0.4117352366447449,0.46447691321372986,0.45359599590301514,0.564124584197998,0.5050379633903503,0.47386428713798523,0.5020433664321899,0.5293627977371216,0.5034681558609009,0.4901740550994873,0.5051464438438416,0.5297873616218567,0.5873374938964844,0.49127256870269775,0.5840561389923096,0.5427801609039307,0.6689051985740662,0.4851507544517517,0.6646765470504761
85,0.4977068603038788,0.3751351833343506,0.5297629237174988,0.41010475158691406,0.5514633655548096,0.4533371925354004,0.4791278839111328,0.409487247467041,0.46415913105010986,0.45123469829559326,0.5619004964828491,0.5041943788528442,0.4733036160469055,0.5022645592689514,0.5299879908561707,0.5026222467422485,0.48856401443481445,0.5040212869644165,0.5326842069625854,0.5839512944221497,0.4878309369087219,0.5795198082923889,0.5445873737335205,0.6668593883514404,0.48292219638824463,0.6627105474472046
86,0.49857568740844727,0.3703557848930359,0.5294438600540161,0.409715861082077,0.5503160953521729,0.4530496597290039,0.47973310947418213,0.4087084233760834,0.464566171169281,0.45072704553604126,0.5618113875389099,0.5038319826126099,0.4744654893875122,0.5015254020690918,0.5300891399383545,0.5011523962020874,0.4892224967479706,0.5026178359985352,0.531965970993042,0.5815258026123047,0.48965805768966675,0.5866698622703552,0.5456206798553467,0.6674503684043884,0.4833482503890991,0.6639547944068909
87,0.4977395236492157,0.3756309449672699,0.5284775495529175,0.4098663926124573,0.5519552230834961,0.45410558581352234,0.4824516177177429,0.4091283679008484,0.46504151821136475,0.451021671295166,0.5639737248420715,0.5041722059249878,0.47518667578697205,0.5014976263046265,0.5310484170913696,0.5007210969924927,0.49098777770996094,0.5021609663963318,0.530648410320282,0.5814242959022522,0.492058128118515,0.5867368578910828,0.5453975796699524,0.6667787432670593,0.4861888885498047,0.6647289395332336
88,0.49818211793899536,0.37096235156059265,0.5233682990074158,0.40817850828170776,0.5495017766952515,0.4535778760910034,0.4899718165397644,0.4088316559791565,0.46950504183769226,0.45105600357055664,0.563793420791626,0.5029581785202026,0.4769776463508606,0.49787598848342896,0.529237687587738,0.4994885325431824,0.49761778116226196,0.49990352988243103,0.5263066291809082,0.5806998610496521,0.4983002543449402,0.5875350832939148,0.5423738956451416,0.6661044359207153,0.49061208963394165,0.6638907194137573
89,0.4978373646736145,0.3689027428627014,0.5305529832839966,0.40742775797843933,0.5506501197814941,0.45179134607315063,0.4811553657054901,0.40771040320396423,0.4674651026725769,0.45852217078208923,0.5652140378952026,0.49659258127212524,0.47207292914390564,0.4974295496940613,0.5306785106658936,0.5010011196136475,0.4900844991207123,0.5029563903808594,0.5303611159324646,0.5815136432647705,0.49172544479370117,0.588452160358429,0.5446295738220215,0.6675207614898682,0.48604100942611694,0.6647902727127075
90,0.49819815158843994,0.3708037734031677,0.530036985874176,0.40801864862442017,0.5522581934928894,0.4549205005168915,0.484083890914917,0.4091237187385559,0.4679669141769409,0.4629104733467102,0.5642699599266052,0.4953172206878662,0.4746655821800232,0.4999990165233612,0.5308036804199219,0.49998876452445984,0.4913775622844696,0.5021065473556519,0.5310816764831543,0.5870786905288696,0.49411964416503906,0.5876238346099854,0.5446381568908691,0.6648783087730408,0.4876057505607605,0.6625725030899048
91,0.4969683587551117,0.37008100748062134,0.5282378792762756,0.4076520800590515,0.5538439750671387,0.4542853534221649,0.48344823718070984,0.4087979793548584,0.4660995602607727,0.4603947401046753,0.5769786834716797,0.49762481451034546,0.4712875783443451,0.4977819621562958,0.5287332534790039,0.5004439353942871,0.4906982183456421,0.502122700214386,0.530025839805603,0.580511212348938,0.4946407973766327,0.5894354581832886,0.5436125993728638,0.6614049077033997,0.4871957302093506,0.6628584861755371
92,0.4989388585090637,0.36803197860717773,0.5335134267807007,0.4055754840373993,0.5546945929527283,0.44979214668273926,0.48055407404899597,0.40673598647117615,0.46867555379867554,0.45621567964553833,0.5745896100997925,0.49622711539268494,0.4692486524581909,0.49337875843048096,0.5299679040908813,0.49807918071746826,0.4897330701351166,0.5000123381614685,0.5303570032119751,0.5848310589790344,0.4898989796638489,0.5853902101516724,0.5445860028266907,0.6648273468017578,0.48592132329940796,0.6619341373443604
93,0.4987320899963379,0.3700903356075287,0.5263887643814087,0.4060853123664856,0.5522218346595764,0.45164698362350464,0.4917010962963104,0.40751850605010986,0.47232210636138916,0.45799314975738525,0.5692652463912964,0.4974229037761688,0.47183942794799805,0.49310553073883057,0.528954267501831,0.4986554980278015,0.4976312816143036,0.49842187762260437,0.528282880783081,0.5879947543144226,0.4966951608657837,0.5878040790557861,0.5427471399307251,0.6633198857307434,0.49022042751312256,0.6650512218475342
94,0.49985164403915405,0.3702543377876282,0.5235483646392822,0.4038473963737488,0.548735499382019,0.4491121768951416,0.49489009380340576,0.40786898136138916,0.4759654402732849,0.45594343543052673,0.5694655179977417,0.4964030385017395,0.4741925597190857,0.4962804913520813,0.5259588360786438,0.4965033531188965,0.49898356199264526,0.4972626864910126,0.5265631079673767,0.5878902077674866,0.49872642755508423,0.5875053405761719,0.5294387936592102,0.6668826341629028,0.4933330714702606,0.6629834771156311
95,0.499565452337265,0.3715604543685913,0.5273830890655518,0.4066190719604492,0.5520181059837341,0.45072150230407715,0.4909486174583435,0.40994375944137573,0.4721892476081848,0.45810478925704956,0.5806306004524231,0.487239807844162,0.4712987542152405,0.49632495641708374,0.5280948877334595,0.4980134665966034,0.49682945013046265,0.4980541467666626,0.5288150906562805,0.5887165665626526,0.49652987718582153,0.5882812738418579,0.5433196425437927,0.666812539100647,0.49181705713272095,0.6630434393882751
96,0.49801939725875854,0.36501598358154297,0.5363731384277344,0.4040045440196991,0.5533307194709778,0.4448620676994324,0.4758053421974182,0.4074292778968811,0.46004819869995117,0.449368953704834,0.5872647762298584,0.486713707447052,0.46150463819503784,0.497285932302475,0.5310551524162292,0.49895691871643066,0.48980027437210083,0.5010724663734436,0.5394327044487,0.5827850699424744,0.4880260229110718,0.5844532251358032,0.5449519157409668,0.6593006253242493,0.48472028970718384,0.6606570482254028
97,0.49588483572006226,0.3656080663204193,0.5318382382392883,0.4040365219116211,0.5547215938568115,0.4464101791381836,0.48033082485198975,0.40998268127441406,0.46115565299987793,0.4482033848762512,0.5856623649597168,0.4856647253036499,0.4623735547065735,0.49510762095451355,0.5298370122909546,0.4979208707809448,0.48791730403900146,0.4991786479949951,0.5389988422393799,0.5806838274002075,0.48786303400993347,0.5809504389762878,0.5440490245819092,0.6599341034889221,0.48550522327423096,0.6598083972930908
98,0.4947672486305237,0.3674555718898773,0.5281705260276794,0.40582820773124695,0.5557658672332764,0.4490557610988617,0.4836673140525818,0.4087320566177368,0.46433505415916443,0.4564853310585022,0.5878028869628906,0.4890032410621643,0.4622116982936859,0.49850332736968994,0.5302039980888367,0.49692973494529724,0.4909682869911194,0.499492347240448,0.5320757031440735,0.580729603767395,0.49179428815841675,0.5800272822380066,0.540524959564209,0.6596509218215942,0.490048885345459,0.6590644717216492
99,0.4949663281440735,0.3663032650947571,0.5295865535736084,0.4056607186794281,0.5565763711929321,0.4493618905544281,0.4799656271934509,0.4073619246482849,0.4608497619628906,0.45496508479118347,0.586981475353241,0.4929799735546112,0.45151686668395996,0.4931316375732422,0.5302304029464722,0.4975925385951996,0.4887027442455292,0.4989682137966156,0.5335294604301453,0.5821487903594971,0.4895033538341522,0.5810398459434509,0.541483998298645,0.661695122718811,0.4883926808834076,0.6606013774871826
100,0.49361488223075867,0.366174578666687,0.5196661949157715,0.40418410301208496,0.5509305000305176,0.4470137059688568,0.4873760938644409,0.40768635272979736,0.46532750129699707,0.4540499150753021,0.5834562182426453,0.4898887574672699,0.44774770736694336,0.4870922565460205,0.5248556733131409,0.49332916736602783,0.49161800742149353,0.49621158838272095,0.5295490622520447,0.58707195520401,0.48955726623535156,0.586919903755188,0.5287131071090698,0.6661815643310547,0.49077504873275757,0.6629872918128967
101,0.49338406324386597,0.3660408854484558,0.515673816204071,0.4026518762111664,0.5477994680404663,0.44916266202926636,0.5009258389472961,0.40445587038993835,0.4733128249645233,0.456969678401947,0.5831506252288818,0.49229151010513306,0.4519520401954651,0.4880010485649109,0.5172669291496277,0.495778888463974,0.5047048330307007,0.49460145831108093,0.519512414932251,0.583195686340332,0.49894165992736816,0.5850105285644531,0.5099121332168579,0.6627249121665955,0.49699172377586365,0.6629584431648254
102,0.4945598542690277,0.36758312582969666,0.4999436140060425,0.40255770087242126,0.48226016759872437,0.4533771276473999,0.5148739814758301,0.40545445680618286,0.5446563959121704,0.448898047208786,0.5464557409286499,0.4954088628292084,0.5532476902008057,0.493121862411499,0.5053331851959229,0.49451154470443726,0.51429682970047,0.49387961626052856,0.5054519772529602,0.5837328433990479,0.5121564865112305,0.5845937132835388,0.4987208843231201,0.6699559688568115,0.5120165348052979,0.6649482250213623
103,0.4962420165538788,0.36849042773246765,0.5141544342041016,0.4043138027191162,0.5431085228919983,0.44936293363571167,0.5081615447998047,0.406913161277771,0.5040713548660278,0.45053333044052124,0.5755562782287598,0.49163591861724854,0.45532891154289246,0.48539528250694275,0.5158315896987915,0.4967211186885834,0.5087680220603943,0.4954352080821991,0.5179144144058228,0.5844550728797913,0.5011879205703735,0.5848992466926575,0.5072848796844482,0.6654642820358276,0.5001552700996399,0.6644154787063599
104,0.4987752437591553,0.37078118324279785,0.5182563662528992,0.40524768829345703,0.5489585399627686,0.44708678126335144,0.4991895854473114,0.4105859696865082,0.47673115134239197,0.45113179087638855,0.5975600481033325,0.48417696356773376,0.44731390476226807,0.4872303009033203,0.5250121355056763,0.49471113085746765,0.502731204032898,0.4955219030380249,0.525805652141571,0.5810599327087402,0.5017813444137573,0.5879327654838562,0.5369669198989868,0.6687028408050537,0.49645721912384033,0.6647332906723022
105,0.49914658069610596,0.36958348751068115,0.5182850360870361,0.404950350522995,0.532373309135437,0.4471054673194885,0.5036130547523499,0.40700721740722656,0.483514666557312,0.4462093710899353,0.5984694361686707,0.4797782599925995,0.4416698217391968,0.4780404567718506,0.5190450549125671,0.4974695146083832,0.5070613622665405,0.49554333090782166,0.5196542739868164,0.57744300365448,0.5041508674621582,0.586335301399231,0.5091331601142883,0.665166437625885,0.49745652079582214,0.6622468829154968
106,0.49903950095176697,0.3713085353374481,0.5167949199676514,0.4041427969932556,0.5157064199447632,0.44529908895492554,0.5038542151451111,0.40667909383773804,0.5025169849395752,0.4445037245750427,0.5435291528701782,0.4796808660030365,0.5023161172866821,0.4860864281654358,0.5171951055526733,0.4957321286201477,0.5085126161575317,0.49443528056144714,0.5141861438751221,0.5826619863510132,0.5055719614028931,0.584325909614563,0.5056043863296509,0.6645560264587402,0.49917811155319214,0.661391019821167
107,0.4986431300640106,0.3699847459793091,0.5029592514038086,0.3985121250152588,0.4858354330062866,0.444749116897583,0.514362633228302,0.3994395136833191,0.5228083729743958,0.44475895166397095,0.5038833022117615,0.46284520626068115,0.5351146459579468,0.46664223074913025,0.5009489059448242,0.49323126673698425,0.5135597586631775,0.49410519003868103,0.4931811988353729,0.5847030878067017,0.5214729905128479,0.5861928462982178,0.48816561698913574,0.6682907938957214,0.5138341188430786,0.664215624332428
108,0.5017193555831909,0.373333215713501,0.4986516237258911,0.39831382036209106,0.47514158487319946,0.43493902683258057,0.5201742649078369,0.39900681376457214,0.5408207178115845,0.43420374393463135,0.48604363203048706,0.45231544971466064,0.5291604995727539,0.4598768353462219,0.5004211068153381,0.49147671461105347,0.5196990966796875,0.4909886121749878,0.4941985011100769,0.5794545412063599,0.518225908279419,0.5837702751159668,0.48978477716445923,0.6683511734008789,0.5144479870796204,0.6644350290298462
109,0.5061988830566406,0.3724250793457031,0.49413833022117615,0.3984467387199402,0.47687241435050964,0.42449474334716797,0.5278158187866211,0.393669068813324,0.562311053276062,0.42074593901634216,0.4737299382686615,0.4151872396469116,0.6086246967315674,0.41084378957748413,0.49517762660980225,0.48459315299987793,0.5263724327087402,0.48392319679260254,0.4913414418697357,0.578432559967041,0.5220853090286255,0.5788519382476807,0.4868179261684418,0.6672524213790894,0.5291696786880493,0.6627929210662842
110,0.5034005045890808,0.37034353613853455,0.5048015117645264,0.3933733403682709,0.5007756352424622,0.40005141496658325,0.5158817768096924,0.3946226239204407,0.5264504551887512,0.40649181604385376,0.5026132464408875,0.3918289840221405,0.5083130598068237,0.3916674256324768,0.5072252750396729,0.48069775104522705,0.5152714252471924,0.48130691051483154,0.5042790174484253,0.5658266544342041,0.5153335928916931,0.5694457292556763,0.5028337836265564,0.6619110107421875,0.5050045251846313,0.6600024700164795
111,0.5058503150939941,0.369803249835968,0.5186408758163452,0.38593894243240356,0.5267353057861328,0.4132730960845947,0.5116063356399536,0.38683876395225525,0.5220574736595154,0.41319045424461365,0.5060001015663147,0.38833290338516235,0.49895691871643066,0.38844412565231323,0.5279679298400879,0.4930446743965149,0.5206413269042969,0.4960620105266571,0.5180308222770691,0.568746030330658,0.5102239847183228,0.5696861743927002,0.5166066884994507,0.6525344848632812,0.5035104751586914,0.6507683992385864
112,0.5025461912155151,0.36638641357421875,0.5365787744522095,0.37782999873161316,0.5602406859397888,0.400264710187912,0.49654150009155273,0.37880265712738037,0.46608418226242065,0.3941115736961365,0.514744222164154,0.37956273555755615,0.4713699221611023,0.38195285201072693,0.5408316850662231,0.48418569564819336,0.5047551393508911,0.48732125759124756,0.5189840793609619,0.5679135322570801,0.49991485476493835,0.5693632960319519,0.5242563486099243,0.6536699533462524,0.49772343039512634,0.6426491737365723
113,0.49026840925216675,0.3627412021160126,0.5390622019767761,0.3871272802352905,0.5516738891601562,0.39055579900741577,0.47895389795303345,0.3823103904724121,0.4394601285457611,0.38547226786613464,0.5238939523696899,0.38083896040916443,0.4239904284477234,0.3738393187522888,0.535315990447998,0.48687517642974854,0.49808335304260254,0.4854312539100647,0.5204064846038818,0.5721197128295898,0.49718326330184937,0.5698877573013306,0.5263534784317017,0.6545983552932739,0.49467623233795166,0.6527231931686401
114,0.4945429265499115,0.3665447235107422,0.5375982522964478,0.39089733362197876,0.5513234734535217,0.3844907879829407,0.4879458546638489,0.39019131660461426,0.47382640838623047,0.3873593211174011,0.5194830894470215,0.3779991865158081,0.48998913168907166,0.37751564383506775,0.5399559736251831,0.49445271492004395,0.5077297687530518,0.49837660789489746,0.5219709277153015,0.5742064714431763,0.5002253651618958,0.5729970932006836,0.5285102128982544,0.6542928814888,0.5000188946723938,0.6596939563751221
115,0.4993440806865692,0.36981022357940674,0.5351530313491821,0.3970722556114197,0.5553323030471802,0.3825910985469818,0.47300994396209717,0.3933492600917816,0.43783777952194214,0.3787039518356323,0.5265277624130249,0.3658207058906555,0.4143708646297455,0.34426361322402954,0.5363343954086304,0.49187514185905457,0.4943923354148865,0.4923921525478363,0.5262646675109863,0.5731109976768494,0.4946935772895813,0.5689393281936646,0.5292400121688843,0.6527457237243652,0.4884807765483856,0.6507747173309326
116,0.49733254313468933,0.3767397999763489,0.5321691036224365,0.40216726064682007,0.5588871836662292,0.37516361474990845,0.47731196880340576,0.4024030864238739,0.4398692548274994,0.3764309287071228,0.5284090042114258,0.3623800277709961,0.41213345527648926,0.3372041583061218,0.5374118089675903,0.503239095211029,0.49437397718429565,0.5042105913162231,0.5269460082054138,0.576707124710083,0.4908294379711151,0.5703350305557251,0.5397489070892334,0.6590902209281921,0.48602551221847534,0.659044623374939
117,0.49661684036254883,0.3732968270778656,0.5357962846755981,0.4000348746776581,0.5414209961891174,0.3823026120662689,0.4746246039867401,0.3994697034358978,0.442849338054657,0.3740149438381195,0.5227588415145874,0.36306580901145935,0.4097710847854614,0.32840579748153687,0.5366577506065369,0.4964964985847473,0.49564942717552185,0.4994656443595886,0.5274651050567627,0.5777543783187866,0.49442625045776367,0.5699610114097595,0.5385705828666687,0.6601753830909729,0.4880940318107605,0.659177839756012
118,0.49433428049087524,0.3703891932964325,0.5331224799156189,0.39402079582214355,0.5516642332077026,0.37566161155700684,0.47094327211380005,0.39524149894714355,0.43209028244018555,0.3680603504180908,0.5183878540992737,0.36007413268089294,0.4127137064933777,0.3290329575538635,0.5310937166213989,0.4913109540939331,0.49148520827293396,0.4920579195022583,0.5231776833534241,0.5772807002067566,0.4949411153793335,0.575932502746582,0.5254381895065308,0.6596556901931763,0.4884621500968933,0.6593841910362244
119,0.4955044388771057,0.3725481629371643,0.5326753258705139,0.3958021104335785,0.5534502863883972,0.3681882321834564,0.4749722182750702,0.3990589380264282,0.44445738196372986,0.373014897108078,0.5186750292778015,0.36138445138931274,0.4136347472667694,0.3271329402923584,0.531295895576477,0.4924783408641815,0.49335071444511414,0.493364155292511,0.5236334800720215,0.5777778625488281,0.49461647868156433,0.5709753036499023,0.525388240814209,0.658470869064331,0.4888036847114563,0.658281683921814
120,0.49754828214645386,0.3693028688430786,0.5369865298271179,0.4022141098976135,0.5543040037155151,0.365560382604599,0.47506970167160034,0.40437233448028564,0.43264108896255493,0.3607078790664673,0.5821106433868408,0.3048925995826721,0.41203388571739197,0.3204011917114258,0.531945526599884,0.5090442895889282,0.4900226294994354,0.5079845190048218,0.5189118981361389,0.5884914398193359,0.4844537675380707,0.5808471441268921,0.5283403396606445,0.664451003074646,0.48494911193847656,0.6614747047424316
121,0.4973216950893402,0.37006860971450806,0.536081075668335,0.39649125933647156,0.5633141994476318,0.3549830913543701,0.4751829504966736,0.399949848651886,0.4272861182689667,0.3576112687587738,0.5861649513244629,0.29564183950424194,0.41209840774536133,0.3208633065223694,0.5320477485656738,0.49526092410087585,0.4938499331474304,0.4997518062591553,0.5265220403671265,0.581565260887146,0.4951547384262085,0.5774732828140259,0.5383705496788025,0.6617220044136047,0.4894511103630066,0.6625003814697266
122,0.4979599714279175,0.3672598600387573,0.5349482893943787,0.3943353593349457,0.5527858734130859,0.36097896099090576,0.4753304421901703,0.4008671045303345,0.4328339695930481,0.3610381782054901,0.5160126686096191,0.35819530487060547,0.41207247972488403,0.3245532512664795,0.5316886901855469,0.49568670988082886,0.4970192611217499,0.5027186870574951,0.5284130573272705,0.5789425373077393,0.49800989031791687,0.5751948952674866,0.5290313363075256,0.6620919108390808,0.49468374252319336,0.6623589992523193
123,0.4984285533428192,0.3681179881095886,0.5365777015686035,0.39487597346305847,0.5540886521339417,0.3627783954143524,0.4763355851173401,0.4003390073776245,0.4347419738769531,0.36426085233688354,0.5185615420341492,0.35844796895980835,0.4027114808559418,0.3233119249343872,0.5335699915885925,0.4942680597305298,0.49604856967926025,0.49619609117507935,0.5318872928619385,0.5775961875915527,0.49794113636016846,0.5746583342552185,0.5334467887878418,0.6613367795944214,0.49243754148483276,0.661246120929718
124,0.4992363452911377,0.3676879107952118,0.5368504524230957,0.39355969429016113,0.5544539093971252,0.3583279252052307,0.47587472200393677,0.40108975768089294,0.4388522803783417,0.36537063121795654,0.5146514177322388,0.35611972212791443,0.4036867320537567,0.3230462670326233,0.5333214998245239,0.49292242527008057,0.49635419249534607,0.49635785818099976,0.5296425819396973,0.5779067873954773,0.49751895666122437,0.5760562419891357,0.5301417112350464,0.659963846206665,0.493533194065094,0.6604931950569153
125,0.5018124580383301,0.3683309257030487,0.5371522307395935,0.393319308757782,0.5554468035697937,0.35948285460472107,0.48196765780448914,0.3987064063549042,0.4410122036933899,0.3681356906890869,0.5832533836364746,0.296889990568161,0.40744489431381226,0.3214704096317291,0.5334743857383728,0.49188336730003357,0.4958961606025696,0.4939380884170532,0.5279059410095215,0.5773906707763672,0.4963408410549164,0.5745388269424438,0.5317064523696899,0.6593424081802368,0.49144911766052246,0.6590719223022461
126,0.4994325339794159,0.36932429671287537,0.5329409241676331,0.39422449469566345,0.5520766973495483,0.3623678684234619,0.4868403375148773,0.4006962180137634,0.4584014415740967,0.3776586949825287,0.5148270726203918,0.35755276679992676,0.40747806429862976,0.32214316725730896,0.5306124687194824,0.4956338107585907,0.49927136301994324,0.4982084631919861,0.5256013870239258,0.5779253244400024,0.49746620655059814,0.5748878717422485,0.5276175737380981,0.66036057472229,0.49522751569747925,0.6607578992843628
127,0.49984297156333923,0.3739112615585327,0.5357478857040405,0.39773261547088623,0.5563421249389648,0.36460596323013306,0.4770752191543579,0.4022352695465088,0.44050487875938416,0.37293195724487305,0.5799133777618408,0.30516958236694336,0.4058034420013428,0.3235109746456146,0.5337132811546326,0.494831919670105,0.4952121675014496,0.49704957008361816,0.5307328701019287,0.5804213285446167,0.49668586254119873,0.5777396559715271,0.5415104627609253,0.660000741481781,0.49062496423721313,0.6602997779846191
128,0.4982558488845825,0.37342631816864014,0.5315576195716858,0.3970406651496887,0.5541106462478638,0.36097073554992676,0.486699640750885,0.410358190536499,0.5054776668548584,0.36894404888153076,0.5153006315231323,0.3571503758430481,0.4042333960533142,0.32310113310813904,0.5310804843902588,0.5002551078796387,0.5006581544876099,0.5039288997650146,0.5295833349227905,0.5819710493087769,0.498779833316803,0.5794026255607605,0.5268089771270752,0.6618689298629761,0.49679553508758545,0.6628055572509766
129,0.4984159469604492,0.3756093978881836,0.5328506231307983,0.39721739292144775,0.5545098185539246,0.36271703243255615,0.47858375310897827,0.4034847915172577,0.4591381549835205,0.3783585727214813,0.5162144899368286,0.35681116580963135,0.40660083293914795,0.3232433497905731,0.5326682925224304,0.49909090995788574,0.4993332624435425,0.5018308162689209,0.5310145020484924,0.580945611000061,0.4987986087799072,0.5792337656021118,0.5384601354598999,0.6603701114654541,0.4944794774055481,0.6618775725364685
130,0.498932808637619,0.374125599861145,0.5316962003707886,0.3960370421409607,0.5531574487686157,0.362892210483551,0.48794692754745483,0.40267428755760193,0.4598860442638397,0.3781818747520447,0.5168030261993408,0.35683727264404297,0.40778622031211853,0.3219813406467438,0.5304647088050842,0.4979054927825928,0.5008398294448853,0.5015830993652344,0.5283480882644653,0.5804939866065979,0.4985029697418213,0.5776450634002686,0.5268267393112183,0.6604740619659424,0.49605607986450195,0.6612138748168945
131,0.49929818511009216,0.37317341566085815,0.5327358245849609,0.39404723048210144,0.551945149898529,0.36490899324417114,0.48684895038604736,0.4011348485946655,0.4597132205963135,0.3779623210430145,0.5166497230529785,0.3577343225479126,0.4092080593109131,0.3221340775489807,0.5303531885147095,0.49797266721725464,0.5005594491958618,0.5020164847373962,0.5247077345848083,0.5794190168380737,0.49892136454582214,0.5762386918067932,0.5258493423461914,0.6600127220153809,0.49764907360076904,0.6609963178634644
132,0.5014021396636963,0.36966273188591003,0.5383704900741577,0.39749276638031006,0.5537537932395935,0.3647821843624115,0.5033656358718872,0.41172561049461365,0.5077656507492065,0.3682381808757782,0.5114611983299255,0.3559785485267639,0.4179937243461609,0.3275558054447174,0.5351751446723938,0.5058009624481201,0.507152795791626,0.5073056221008301,0.5304090976715088,0.5845540761947632,0.5016756057739258,0.5839921236038208,0.5270066857337952,0.664870023727417,0.4967333972454071,0.6651037931442261
133,0.4967568516731262,0.37751683592796326,0.5350548028945923,0.40108343958854675,0.5537357330322266,0.3640900254249573,0.4840523600578308,0.409160315990448,0.4518495202064514,0.3708854913711548,0.5141449570655823,0.3555927276611328,0.405073881149292,0.32161760330200195,0.5350731015205383,0.5032446384429932,0.5002557039260864,0.5045660734176636,0.5333937406539917,0.5840830206871033,0.49891290068626404,0.5787112712860107,0.5380279421806335,0.6630719304084778,0.49460285902023315,0.6652248501777649
134,0.49706336855888367,0.37725913524627686,0.5349342823028564,0.39937037229537964,0.5521940588951111,0.36289700865745544,0.48551738262176514,0.4026661813259125,0.45316264033317566,0.37087926268577576,0.5759177207946777,0.30493730306625366,0.40543633699417114,0.31998610496520996,0.5324037075042725,0.502983033657074,0.5030161738395691,0.5056595206260681,0.5300098061561584,0.5835532546043396,0.5014565587043762,0.5796530246734619,0.5352054834365845,0.6630215644836426,0.4991319179534912,0.6656417846679688
135,0.49549198150634766,0.3791518807411194,0.5315355062484741,0.39423975348472595,0.5503604412078857,0.3636137843132019,0.4834705591201782,0.40915200114250183,0.4496503472328186,0.37046533823013306,0.512916624546051,0.3552834987640381,0.4044971168041229,0.32079875469207764,0.5325073003768921,0.5034314393997192,0.5013585686683655,0.5060362815856934,0.5304806232452393,0.5846704244613647,0.50093013048172,0.5806024074554443,0.5362237095832825,0.6636451482772827,0.4983476400375366,0.6662053465843201
136,0.49509894847869873,0.37936899065971375,0.5328992605209351,0.40031570196151733,0.5548678636550903,0.36694735288619995,0.48090797662734985,0.4078843295574188,0.4365721642971039,0.3670625686645508,0.575621485710144,0.308260440826416,0.40601977705955505,0.32003694772720337,0.5347310304641724,0.5026609897613525,0.4984285533428192,0.5039268732070923,0.5322552919387817,0.5823520421981812,0.4984052777290344,0.5766602158546448,0.5397124290466309,0.6634399890899658,0.49413275718688965,0.6646842956542969
137,0.4939126670360565,0.3798855245113373,0.5287631154060364,0.3991125822067261,0.5521727204322815,0.36788511276245117,0.4831678867340088,0.40876448154449463,0.4534052610397339,0.3762059211730957,0.5155097246170044,0.35675662755966187,0.40722835063934326,0.3190649747848511,0.5321448445320129,0.5000923871994019,0.49877843260765076,0.5019484758377075,0.5300613045692444,0.5793726444244385,0.49912580847740173,0.5781705379486084,0.5394060611724854,0.6622867584228516,0.4935295581817627,0.662187397480011
138,0.49440324306488037,0.3766535520553589,0.5297141671180725,0.3969340920448303,0.5521423816680908,0.366132915019989,0.48369842767715454,0.40272125601768494,0.45149073004722595,0.3740384578704834,0.5161665678024292,0.3564237356185913,0.40805110335350037,0.31853559613227844,0.532336413860321,0.49818581342697144,0.49907416105270386,0.5001827478408813,0.5276377201080322,0.5794690251350403,0.49936360120773315,0.57594895362854,0.5399014949798584,0.6619054079055786,0.49393635988235474,0.6615544557571411
139,0.4953410029411316,0.3767889142036438,0.533208966255188,0.39703381061553955,0.55372154712677,0.3635285496711731,0.4789174199104309,0.403811514377594,0.45331376791000366,0.37467044591903687,0.5173629522323608,0.35608017444610596,0.40760570764541626,0.31950315833091736,0.5345419645309448,0.49958404898643494,0.49862968921661377,0.5012988448143005,0.5307353734970093,0.5806712508201599,0.4977819323539734,0.5739878416061401,0.5410544276237488,0.6627926826477051,0.4945267140865326,0.6623459458351135
140,0.49473094940185547,0.3780970573425293,0.5310477614402771,0.3967907130718231,0.5512201189994812,0.3611297607421875,0.4774647355079651,0.4040386378765106,0.45562314987182617,0.3735051155090332,0.5157109498977661,0.3575398623943329,0.40669211745262146,0.31956353783607483,0.5325507521629333,0.4985937774181366,0.49837514758110046,0.5014904737472534,0.5302393436431885,0.5809183120727539,0.49744972586631775,0.575888991355896,0.5389832854270935,0.6619163751602173,0.4981217384338379,0.6639927625656128
141,0.4950680732727051,0.3739829659461975,0.525320291519165,0.3919503390789032,0.559097170829773,0.35077211260795593,0.47566378116607666,0.40146929025650024,0.4397071301937103,0.36110228300094604,0.5771484375,0.3026958107948303,0.402937650680542,0.3218679428100586,0.5281562805175781,0.4978368878364563,0.49966931343078613,0.5017991065979004,0.5229858160018921,0.5789600014686584,0.49945032596588135,0.5739960670471191,0.5359650254249573,0.6560842394828796,0.5022372007369995,0.6537301540374756
142,0.49581584334373474,0.37248140573501587,0.5247787833213806,0.3897674083709717,0.5617467761039734,0.3463234603404999,0.47830474376678467,0.40313249826431274,0.4791196286678314,0.36659908294677734,0.5815598964691162,0.2952728867530823,0.40198132395744324,0.3216906189918518,0.5275900363922119,0.4970550239086151,0.502595841884613,0.5033091902732849,0.5196839570999146,0.5672004222869873,0.4986155927181244,0.56841641664505,0.5336300134658813,0.653009295463562,0.504111111164093,0.654260516166687
143,0.48613059520721436,0.3655166029930115,0.518221378326416,0.37700074911117554,0.5194011926651001,0.3620762526988983,0.4587973356246948,0.3842650055885315,0.4200563132762909,0.34327828884124756,0.4858569800853729,0.3582960367202759,0.41956764459609985,0.33373329043388367,0.518175482749939,0.4359736144542694,0.48030588030815125,0.41770172119140625,0.5138942003250122,0.3966370224952698,0.4743143916130066,0.4053541123867035,0.49401676654815674,0.4445950984954834,0.27571210265159607,0.5164542198181152
144,0.276673287153244,0.4454137086868286,0.28052133321762085,0.45673882961273193,0.27979689836502075,0.4686235785484314,0.2719459533691406,0.4526098668575287,0.2623734474182129,0.46658849716186523,0.27282923460006714,0.48125404119491577,0.2666453719139099,0.48237937688827515,0.2834694981575012,0.4934487044811249,0.2725534737110138,0.4889795780181885,0.2785710394382477,0.503849983215332,0.26827627420425415,0.5024682283401489,0.2707919180393219,0.5186430811882019,0.2657068371772766,0.5179492235183716
145,0.4975864589214325,0.3609257638454437,0.5008879899978638,0.3852892816066742,0.501990795135498,0.3690505027770996,0.5163034200668335,0.3869630694389343,0.5133203268051147,0.3755812644958496,0.5028705596923828,0.36953482031822205,0.511280357837677,0.3698599934577942,0.507504940032959,0.49972301721572876,0.5254807472229004,0.5009675025939941,0.504046618938446,0.5732114911079407,0.5171047449111938,0.5743206143379211,0.5094483494758606,0.6686339378356934,0.5153237581253052,0.6677759885787964
146,0.5021451711654663,0.3564438223838806,0.28285133838653564,0.46833857893943787,0.2888316512107849,0.47496575117111206,0.2789236307144165,0.46429988741874695,0.2750810980796814,0.47385305166244507,0.521509051322937,0.5268058180809021,0.2744275629520416,0.4852909445762634,0.5118658542633057,0.5014007091522217,0.5116608738899231,0.504522979259491,0.5065981149673462,0.5497444868087769,0.5064237117767334,0.550870418548584,0.5164799094200134,0.6479932069778442,0.5093652009963989,0.6570287942886353
147,0.4905422627925873,0.36730265617370605,0.5223397016525269,0.38964951038360596,0.543074905872345,0.37256312370300293,0.48321986198425293,0.39671608805656433,0.4351082742214203,0.3744581639766693,0.5083297491073608,0.3779528737068176,0.40484344959259033,0.32889875769615173,0.5255876779556274,0.48594045639038086,0.5006839036941528,0.48805683851242065,0.5182189345359802,0.5738138556480408,0.49788910150527954,0.5699993371963501,0.5091692805290222,0.6681198477745056,0.49480289220809937,0.6666711568832397
148,0.4934542775154114,0.38322365283966064,0.5181369781494141,0.4078250527381897,0.5578103065490723,0.36637839674949646,0.48842883110046387,0.4145890176296234,0.4711180627346039,0.38423678278923035,0.5692105293273926,0.3275775611400604,0.40673479437828064,0.33078733086586,0.5232241153717041,0.5053448677062988,0.49751222133636475,0.5076857805252075,0.5220068693161011,0.5828342437744141,0.4954323470592499,0.5805997848510742,0.5219627618789673,0.6694218516349792,0.4887237250804901,0.6636253595352173
149,0.487216055393219,0.3806322515010834,0.49086877703666687,0.4095061719417572,0.4797787070274353,0.3911513090133667,0.5113533139228821,0.4051003158092499,0.5132783651351929,0.39100557565689087,0.502170741558075,0.3823085427284241,0.5124033093452454,0.3820633590221405,0.5061044692993164,0.5017766952514648,0.5128042101860046,0.5020429491996765,0.5049934983253479,0.5757104158401489,0.5129380226135254,0.576820969581604,0.5016993284225464,0.6689891815185547,0.49932345747947693,0.6670645475387573
150,0.4926699101924896,0.39568936824798584,0.5280272960662842,0.4152403771877289,0.5639184713363647,0.37550222873687744,0.480175256729126,0.42083999514579773,0.4427486062049866,0.3888876140117645,0.5667335987091064,0.33594438433647156,0.4084855318069458,0.33362147212028503,0.531629204750061,0.5134029984474182,0.49611109495162964,0.5196912288665771,0.5300778746604919,0.5883688926696777,0.49767690896987915,0.5860109925270081,0.5348492860794067,0.6733152270317078,0.48669642210006714,0.6669692993164062
151,0.49635833501815796,0.3950483500957489,0.5102332234382629,0.42033249139785767,0.5449740290641785,0.3801897168159485,0.510317862033844,0.42267414927482605,0.524138331413269,0.39116108417510986,0.5063183903694153,0.3835931420326233,0.5096032619476318,0.38494083285331726,0.5226857662200928,0.5058764219284058,0.5135809183120728,0.5091977715492249,0.5201288461685181,0.5893324017524719,0.5037678480148315,0.5892963409423828,0.5083797574043274,0.6700588464736938,0.49486976861953735,0.6674274802207947
152,0.5001214742660522,0.37857192754745483,0.49238574504852295,0.42993950843811035,0.4803699851036072,0.4253680109977722,0.5493149757385254,0.41127699613571167,0.56517493724823,0.38220083713531494,0.4889540672302246,0.3968333601951599,0.5518905520439148,0.3851768374443054,0.5051052570343018,0.5124498605728149,0.5419877767562866,0.5008106231689453,0.49649423360824585,0.5828589200973511,0.5273190140724182,0.577717125415802,0.49676549434661865,0.6703094244003296,0.5093051195144653,0.6695567965507507
153,0.5078985691070557,0.40172135829925537,0.49194201827049255,0.4398646354675293,0.44915100932121277,0.4006118178367615,0.5498759746551514,0.43018123507499695,0.5783618688583374,0.3710419535636902,0.41375112533569336,0.3458826541900635,0.5733218789100647,0.3225564956665039,0.5006669163703918,0.5207391977310181,0.5449402332305908,0.5201687216758728,0.49660012125968933,0.5856897234916687,0.5377564430236816,0.5895588994026184,0.4949781894683838,0.6691389083862305,0.5118565559387207,0.6700866222381592
154,0.5108605623245239,0.40892791748046875,0.4902012050151825,0.4441656768321991,0.4322328567504883,0.39335381984710693,0.5481752753257751,0.4405897855758667,0.5785430669784546,0.37348437309265137,0.4099930226802826,0.35573744773864746,0.5711148381233215,0.32246363162994385,0.4973968267440796,0.5219175815582275,0.5437297224998474,0.5222070217132568,0.49538272619247437,0.5905872583389282,0.538623571395874,0.5948349237442017,0.494422972202301,0.6618490219116211,0.5383244752883911,0.6712530851364136
155,0.5161482691764832,0.4108024537563324,0.5066293478012085,0.4436030089855194,0.4786311388015747,0.4073162078857422,0.5315613150596619,0.4442225396633148,0.5732059478759766,0.3891633450984955,0.4173090159893036,0.3617030084133148,0.5703355669975281,0.3309634029865265,0.5110824108123779,0.5289616584777832,0.5270547866821289,0.5279629230499268,0.5084190964698792,0.5955549478530884,0.5234664082527161,0.5974054336547852,0.5042352676391602,0.6662995219230652,0.5074459314346313,0.6657888889312744
156,0.5009602308273315,0.39484843611717224,0.5353361964225769,0.4280707836151123,0.5706164240837097,0.4007708728313446,0.4864503741264343,0.43192148208618164,0.4374639391899109,0.40048903226852417,0.5682428479194641,0.35855358839035034,0.419544517993927,0.3737623691558838,0.5355514287948608,0.5242157578468323,0.5031652450561523,0.5264027714729309,0.5324195623397827,0.5953819751739502,0.4981173276901245,0.5887438058853149,0.5420459508895874,0.670311689376831,0.4911768436431885,0.666458785533905
157,0.49516019225120544,0.40607333183288574,0.5261551141738892,0.43974512815475464,0.5673515796661377,0.4129024147987366,0.48466742038726807,0.442123144865036,0.44114845991134644,0.4137732684612274,0.5621715784072876,0.36382508277893066,0.42044317722320557,0.3790755867958069,0.5294477939605713,0.5279761552810669,0.5001564621925354,0.5284903049468994,0.5292534828186035,0.590121328830719,0.4951528310775757,0.5851975083351135,0.5420653820037842,0.6706041097640991,0.48761534690856934,0.665243923664093
158,0.4959614872932434,0.4172613322734833,0.5234279632568359,0.44950318336486816,0.5692700147628784,0.4125729203224182,0.48671191930770874,0.4523766040802002,0.4301445484161377,0.40648484230041504,0.5740021467208862,0.36401161551475525,0.42100608348846436,0.3827536106109619,0.526642918586731,0.5401298999786377,0.5018695592880249,0.5412259101867676,0.5244925022125244,0.5971206426620483,0.49652716517448425,0.5914765000343323,0.5379830598831177,0.6738638281822205,0.49041110277175903,0.666359543800354
159,0.49806079268455505,0.4219645857810974,0.531635046005249,0.45524701476097107,0.5696632862091064,0.42291074991226196,0.48124170303344727,0.4562525451183319,0.4329264163970947,0.4192904233932495,0.5695699453353882,0.36537307500839233,0.42225295305252075,0.3890223205089569,0.5319379568099976,0.5487844944000244,0.4991997182369232,0.5493721961975098,0.5341520309448242,0.6035619974136353,0.49610191583633423,0.5970529317855835,0.543586790561676,0.6728732585906982,0.4863506555557251,0.6681075096130371
160,0.5090886950492859,0.42320746183395386,0.5365782380104065,0.456887811422348,0.5749936103820801,0.4165583848953247,0.49404436349868774,0.46096286177635193,0.49822819232940674,0.43170273303985596,0.572937548160553,0.3648485839366913,0.416037380695343,0.3897416293621063,0.5334119200706482,0.5431146621704102,0.5050191879272461,0.5441704988479614,0.5355639457702637,0.5966274738311768,0.5029438138008118,0.5941050052642822,0.542244553565979,0.6699705123901367,0.49055469036102295,0.6644374132156372
161,0.5092118978500366,0.4252013564109802,0.5389211177825928,0.45650172233581543,0.576385498046875,0.4197797179222107,0.49033236503601074,0.4593374729156494,0.4363420009613037,0.42444777488708496,0.5754199624061584,0.37645646929740906,0.4315405488014221,0.400155633687973,0.5370938181877136,0.5265969038009644,0.5036858320236206,0.5280466675758362,0.5354663729667664,0.5796444416046143,0.5014049410820007,0.5733418464660645,0.5419610738754272,0.6605508327484131,0.48774075508117676,0.6636812090873718
162,0.5071349143981934,0.4231921434402466,0.5349502563476562,0.46017980575561523,0.5586597919464111,0.4309358596801758,0.5024974346160889,0.46024367213249207,0.4635581970214844,0.4279545545578003,0.5677778124809265,0.373501718044281,0.42856866121292114,0.4028692841529846,0.5293899774551392,0.5268925428390503,0.5082679986953735,0.5294331312179565,0.5236882567405701,0.5805779099464417,0.5021518468856812,0.5782124996185303,0.534572184085846,0.6611717343330383,0.4948257803916931,0.6613596677780151
163,0.5257296562194824,0.42630669474601746,0.5197232961654663,0.4621959924697876,0.5087935924530029,0.4506404399871826,0.5394930243492126,0.45907336473464966,0.5601142644882202,0.43177008628845215,0.4975092113018036,0.42170247435569763,0.5754252076148987,0.39107388257980347,0.5169899463653564,0.5276358127593994,0.5266313552856445,0.5287168025970459,0.5089660882949829,0.5871824026107788,0.5215082168579102,0.5872507691383362,0.505223274230957,0.6584322452545166,0.5145878791809082,0.6595054268836975
164,0.5181611776351929,0.41981351375579834,0.5355820059776306,0.45364150404930115,0.5673340559005737,0.43304359912872314,0.515516996383667,0.45592543482780457,0.5084847211837769,0.4381113052368164,0.5803229212760925,0.38561874628067017,0.43526262044906616,0.40799960494041443,0.5336663722991943,0.5205265283584595,0.5199979543685913,0.5212490558624268,0.5357243418693542,0.5744381546974182,0.5142804384231567,0.5772421360015869,0.5439614653587341,0.6586669087409973,0.5021178722381592,0.6576486825942993
165,0.5210736989974976,0.4229464530944824,0.5497257709503174,0.45736199617385864,0.5813940763473511,0.422492116689682,0.5071287155151367,0.46086281538009644,0.5024365186691284,0.4489489495754242,0.5730304718017578,0.3934882879257202,0.43286222219467163,0.4079146087169647,0.5379459857940674,0.5154615640640259,0.513381838798523,0.522362232208252,0.5371536612510681,0.5712055563926697,0.5062103271484375,0.5691993236541748,0.5430657863616943,0.646704912185669,0.4974268078804016,0.6392590999603271
166,0.5295915007591248,0.42583179473876953,0.5495589971542358,0.4546397924423218,0.5800080299377441,0.4306924045085907,0.5035934448242188,0.45935556292533875,0.469342440366745,0.4497424364089966,0.5718740820884705,0.40568995475769043,0.43675100803375244,0.40560513734817505,0.5391296744346619,0.5250293016433716,0.5140097141265869,0.5320814847946167,0.5385791063308716,0.5812497735023499,0.5047837495803833,0.5769925713539124,0.5425317883491516,0.655367910861969,0.49131619930267334,0.6457599401473999
167,0.5212327241897583,0.4353044629096985,0.5427899360656738,0.4706538915634155,0.5726436972618103,0.44395896792411804,0.5019527077674866,0.4708225131034851,0.4687376022338867,0.45317766070365906,0.5748660564422607,0.4082002639770508,0.43609482049942017,0.4102950096130371,0.5366925597190857,0.5268043279647827,0.5132734775543213,0.5412667989730835,0.5383238792419434,0.5801987051963806,0.5082982182502747,0.5773037672042847,0.5423995852470398,0.6498169302940369,0.492073655128479,0.640812873840332
168,0.5164802074432373,0.44591936469078064,0.5437344312667847,0.47487401962280273,0.568352222442627,0.4804253578186035,0.4942014217376709,0.4756356179714203,0.4609456956386566,0.47017186880111694,0.5756324529647827,0.45072728395462036,0.43534454703330994,0.4203849732875824,0.5379195213317871,0.5524166226387024,0.5073909163475037,0.554922342300415,0.5467721223831177,0.604176938533783,0.49132484197616577,0.5972919464111328,0.5457553863525391,0.6566729545593262,0.4850538969039917,0.6548726558685303
169,0.5057687759399414,0.45822906494140625,0.540321946144104,0.4897218644618988,0.5748737454414368,0.467912882566452,0.48470592498779297,0.4921059310436249,0.43881750106811523,0.4634007215499878,0.5773934125900269,0.4145413041114807,0.42527949810028076,0.4178003668785095,0.5304179191589355,0.5663912296295166,0.5017842054367065,0.5678478479385376,0.5461928844451904,0.6100914478302002,0.48980486392974854,0.6039907932281494,0.5483792424201965,0.6583855748176575,0.484450101852417,0.6612265706062317
170,0.5101994872093201,0.46030133962631226,0.5413825511932373,0.48959553241729736,0.5781291127204895,0.4486187696456909,0.49219152331352234,0.4947742223739624,0.4597635865211487,0.4705846309661865,0.5759038925170898,0.41048261523246765,0.4289819002151489,0.41950494050979614,0.5329822301864624,0.5678848028182983,0.5021289587020874,0.5692336559295654,0.5410349369049072,0.6100689172744751,0.4956012964248657,0.601851224899292,0.5455479025840759,0.6588470935821533,0.4856412410736084,0.6580145359039307
171,0.516747236251831,0.4650636315345764,0.540717363357544,0.49645137786865234,0.5791847705841064,0.45603546500205994,0.49280112981796265,0.4971592128276825,0.46099454164505005,0.4737418293952942,0.576691210269928,0.4095785617828369,0.4279366731643677,0.4154956042766571,0.531380295753479,0.5715345740318298,0.500163197517395,0.57316654920578,0.5431253910064697,0.6147232055664062,0.49583154916763306,0.6077955365180969,0.5456193685531616,0.659357488155365,0.48611509799957275,0.6616461873054504
172,0.5118061304092407,0.4552680253982544,0.5448280572891235,0.4827483594417572,0.5757085680961609,0.466743528842926,0.49924683570861816,0.4932231605052948,0.4990542531013489,0.47672054171562195,0.5731772184371948,0.41648656129837036,0.4227447509765625,0.43176063895225525,0.5357694625854492,0.5531399250030518,0.510863184928894,0.560882031917572,0.5373011827468872,0.5989116430282593,0.5039609670639038,0.5943006277084351,0.5408160090446472,0.658559262752533,0.49445319175720215,0.6496453881263733
173,0.5167509317398071,0.4600004553794861,0.5436552166938782,0.4901043772697449,0.5753678679466248,0.46947187185287476,0.5001565217971802,0.49458175897598267,0.4755173921585083,0.4918593764305115,0.5746798515319824,0.42205607891082764,0.42967110872268677,0.42901405692100525,0.5331400632858276,0.5538646578788757,0.5091166496276855,0.5600016117095947,0.5362784266471863,0.6002032160758972,0.5033917427062988,0.5973696112632751,0.5393147468566895,0.6561743021011353,0.49510103464126587,0.649474561214447
174,0.5158404111862183,0.46855708956718445,0.5411378145217896,0.4973311424255371,0.5716112852096558,0.47909969091415405,0.4984629154205322,0.4997638463973999,0.4714220464229584,0.4800381064414978,0.5742532014846802,0.4233458936214447,0.4282848834991455,0.4185729920864105,0.5285837650299072,0.5639352798461914,0.5064910054206848,0.5668439865112305,0.5413128137588501,0.6037193536758423,0.4986729025840759,0.6024692058563232,0.5422157645225525,0.6515293717384338,0.4904831051826477,0.6540820002555847
175,0.5159825086593628,0.46074673533439636,0.5431327819824219,0.48946475982666016,0.572702169418335,0.4818810820579529,0.50178062915802,0.4941931366920471,0.501439094543457,0.4787760376930237,0.5736271739006042,0.42941951751708984,0.42653903365135193,0.44185423851013184,0.5315232872962952,0.5525310635566711,0.5087290406227112,0.5549980401992798,0.5321020483970642,0.5966675281524658,0.5056297779083252,0.5932564735412598,0.5404086112976074,0.652597188949585,0.49677783250808716,0.6418988704681396
176,0.5176007747650146,0.4615565240383148,0.5046138763427734,0.5014219284057617,0.5060023665428162,0.4920327365398407,0.550234317779541,0.4959787130355835,0.5741362571716309,0.47953301668167114,0.49521416425704956,0.47260552644729614,0.5697396993637085,0.4344819486141205,0.5103226900100708,0.5495231747627258,0.5349425673484802,0.5509642362594604,0.5021734237670898,0.5890100002288818,0.5381674766540527,0.5911226272583008,0.4970768690109253,0.6372800469398499,0.5246455669403076,0.6405476927757263
177,0.5143037438392639,0.47448164224624634,0.49819767475128174,0.5100698471069336,0.47690150141716003,0.4965705871582031,0.5440425872802734,0.5061122179031372,0.569920539855957,0.4830608367919922,0.49574291706085205,0.4713129997253418,0.570807933807373,0.42710599303245544,0.504907488822937,0.5615835189819336,0.5302773714065552,0.5636587142944336,0.49759432673454285,0.6031007766723633,0.53545743227005,0.607200026512146,0.4980752170085907,0.6455504298210144,0.5392751097679138,0.6529490351676941
178,0.5107895731925964,0.4711341857910156,0.5014995336532593,0.5050841569900513,0.47512906789779663,0.497424840927124,0.5322924256324768,0.504450798034668,0.5517538189888,0.507982075214386,0.49670618772506714,0.4766475558280945,0.5123119354248047,0.47669297456741333,0.5077969431877136,0.5677311420440674,0.5286109447479248,0.5684609413146973,0.4986696243286133,0.607778787612915,0.5330975651741028,0.611437201499939,0.5015921592712402,0.6584445834159851,0.5376631021499634,0.6577104330062866
179,0.5147232413291931,0.46876391768455505,0.5083633661270142,0.5043949484825134,0.5087674260139465,0.49699100852012634,0.5286328196525574,0.5009627342224121,0.5416445136070251,0.4945032298564911,0.5062706470489502,0.47801142930984497,0.5135914087295532,0.4780573844909668,0.5107969641685486,0.56584632396698,0.5242774486541748,0.5666625499725342,0.5034868121147156,0.6069750189781189,0.5258797407150269,0.609058141708374,0.5045017004013062,0.657916784286499,0.5343519449234009,0.656262993812561
180,0.5133174657821655,0.46788614988327026,0.5441137552261353,0.4936021566390991,0.5783723592758179,0.47971677780151367,0.4882581830024719,0.5056118965148926,0.45509272813796997,0.507091224193573,0.5818712115287781,0.45505279302597046,0.4321762025356293,0.4651005268096924,0.5299808382987976,0.5671844482421875,0.5032934546470642,0.5715976357460022,0.5320314168930054,0.616864800453186,0.4950098693370819,0.6135005354881287,0.5417508482933044,0.6577465534210205,0.49214598536491394,0.6611729264259338
181,0.5136398673057556,0.4671476483345032,0.53758704662323,0.49872303009033203,0.5763557553291321,0.4829580783843994,0.4959701895713806,0.5046889185905457,0.47393572330474854,0.5012990236282349,0.5843391418457031,0.46174710988998413,0.4326757788658142,0.4613965153694153,0.5291061401367188,0.5685939192771912,0.5049940347671509,0.5721197724342346,0.5304057598114014,0.6139066219329834,0.49914854764938354,0.610640823841095,0.5398867130279541,0.65654456615448,0.4926738739013672,0.659611701965332
182,0.5134896039962769,0.46660828590393066,0.5428769588470459,0.49503421783447266,0.5778011679649353,0.48242926597595215,0.4892081618309021,0.5056623220443726,0.44826123118400574,0.49598047137260437,0.5852338075637817,0.46133023500442505,0.43351542949676514,0.4613790214061737,0.5291553139686584,0.5683221817016602,0.5019720196723938,0.5719289779663086,0.5315043926239014,0.6150474548339844,0.49592840671539307,0.6118690371513367,0.539933443069458,0.6561617851257324,0.4906999468803406,0.6598299741744995
183,0.5151234865188599,0.4705623984336853,0.5429877042770386,0.49608659744262695,0.5767515301704407,0.4812137484550476,0.4916326403617859,0.5068314671516418,0.4736367464065552,0.4989900290966034,0.5796489119529724,0.44295305013656616,0.4323248565196991,0.45489364862442017,0.5309234857559204,0.5685920715332031,0.5028338432312012,0.5724589228630066,0.5382058620452881,0.6183573007583618,0.49645960330963135,0.6144779920578003,0.5423365235328674,0.6574373245239258,0.4914938807487488,0.6625036001205444
184,0.5179212093353271,0.48716971278190613,0.5444157719612122,0.5061489939689636,0.5789360404014587,0.47114646434783936,0.4962478280067444,0.5247977375984192,0.47386646270751953,0.49978768825531006,0.5751348733901978,0.4333589971065521,0.43082159757614136,0.44763505458831787,0.5320820808410645,0.5758088231086731,0.503470778465271,0.5800979733467102,0.5434255599975586,0.626957893371582,0.4947180151939392,0.6241591572761536,0.5420929789543152,0.6649790406227112,0.49175089597702026,0.6696770191192627
185,0.5084395408630371,0.48375850915908813,0.5327445864677429,0.5104792714118958,0.5525067448616028,0.5052573680877686,0.5020250082015991,0.522821307182312,0.4734429717063904,0.5013232231140137,0.581405758857727,0.44499310851097107,0.4270702302455902,0.44835802912712097,0.528422474861145,0.5713199377059937,0.5105361938476562,0.5750794410705566,0.5230019092559814,0.6138860583305359,0.5036719441413879,0.6156267523765564,0.5366462469100952,0.6562079787254333,0.4972800612449646,0.6583101749420166
186,0.5115715265274048,0.46084845066070557,0.5395151376724243,0.48729026317596436,0.5647876262664795,0.4874424934387207,0.49558696150779724,0.494418740272522,0.4719935655593872,0.49411484599113464,0.5739614367485046,0.43341612815856934,0.43823230266571045,0.4492665231227875,0.5301371812820435,0.5550586581230164,0.5049045085906982,0.5604395866394043,0.5313951969146729,0.5985820889472961,0.4980236887931824,0.6016229391098022,0.541564404964447,0.6545549631118774,0.492227166891098,0.6548449993133545
187,0.516955554485321,0.45979583263397217,0.5417854189872742,0.48256915807724,0.562610924243927,0.4897002875804901,0.5022039413452148,0.4872812032699585,0.48447972536087036,0.4941149652004242,0.5774149298667908,0.4590800702571869,0.43256327509880066,0.4413817524909973,0.5303802490234375,0.5514861941337585,0.5068150758743286,0.5556056499481201,0.5340497493743896,0.5974259972572327,0.49764925241470337,0.5985401272773743,0.5408312678337097,0.650164008140564,0.4890555143356323,0.6458104252815247
188,0.5060797333717346,0.4462772607803345,0.5360884666442871,0.4725646376609802,0.5575401782989502,0.4890754818916321,0.48600977659225464,0.4783148169517517,0.4764558970928192,0.4913461208343506,0.5586851239204407,0.48460227251052856,0.4485033452510834,0.47263747453689575,0.5318196415901184,0.5459321141242981,0.5058846473693848,0.5497573614120483,0.5335817933082581,0.5920175313949585,0.5044090151786804,0.5892726182937622,0.5426995754241943,0.6497435569763184,0.49333104491233826,0.6457070112228394
189,0.514154851436615,0.4486548602581024,0.545477032661438,0.4733272194862366,0.5553672313690186,0.49129486083984375,0.49766474962234497,0.4779258966445923,0.46321946382522583,0.47621822357177734,0.5732097625732422,0.4417050778865814,0.4352779984474182,0.4492048919200897,0.5301699042320251,0.5501419305801392,0.5052222609519958,0.5526950359344482,0.5310381054878235,0.5914028882980347,0.5017404556274414,0.5887569189071655,0.5414883494377136,0.6537874341011047,0.49415427446365356,0.6472377777099609
190,0.5016226172447205,0.45637473464012146,0.5366515517234802,0.48585256934165955,0.5741448402404785,0.46500691771507263,0.4776015281677246,0.48932188749313354,0.4522794187068939,0.48035579919815063,0.5750390887260437,0.41207799315452576,0.435798704624176,0.43456968665122986,0.5298255085945129,0.5692038536071777,0.5012648105621338,0.5712344646453857,0.5410892963409424,0.6121098399162292,0.4902587831020355,0.6096977591514587,0.5463408827781677,0.6586214303970337,0.4867781102657318,0.663102924823761
191,0.49782419204711914,0.456271231174469,0.5324474573135376,0.48257917165756226,0.5739033818244934,0.4620361328125,0.4760490357875824,0.4851880669593811,0.43600571155548096,0.4654388129711151,0.5805717706680298,0.4075114130973816,0.4298059642314911,0.4229554533958435,0.5294161438941956,0.5664184093475342,0.4966849684715271,0.569801926612854,0.5471125245094299,0.6066634058952332,0.49000072479248047,0.6057784557342529,0.5490317344665527,0.6583803296089172,0.4859282970428467,0.6650371551513672
192,0.49851328134536743,0.43990570306777954,0.5320967435836792,0.46658992767333984,0.5573984980583191,0.4683949947357178,0.48013317584991455,0.4736061692237854,0.4555003345012665,0.47218939661979675,0.5679454803466797,0.41230976581573486,0.43150636553764343,0.4277419447898865,0.5299763679504395,0.5400958061218262,0.5031378865242004,0.5450136661529541,0.5429396629333496,0.5915793776512146,0.49564045667648315,0.5900638699531555,0.545886218547821,0.6589150428771973,0.4849352538585663,0.6503267288208008
193,0.5022404193878174,0.44763606786727905,0.5401110649108887,0.47730788588523865,0.5755712985992432,0.45250245928764343,0.4839986562728882,0.48182380199432373,0.44163769483566284,0.46077999472618103,0.5762139558792114,0.410144567489624,0.4289115071296692,0.42506203055381775,0.5343409776687622,0.5487512946128845,0.5023099184036255,0.5525304079055786,0.5432239770889282,0.6008439660072327,0.49288058280944824,0.5965773463249207,0.5453027486801147,0.6590931415557861,0.4914226233959198,0.6615409255027771
194,0.5036015510559082,0.44302746653556824,0.5393648147583008,0.47568222880363464,0.5745334625244141,0.45103973150253296,0.4895895719528198,0.4806581437587738,0.46426427364349365,0.4607048034667969,0.571495771408081,0.3976658582687378,0.43054628372192383,0.4262089729309082,0.5336449146270752,0.5444281697273254,0.5071620941162109,0.5478391051292419,0.539082407951355,0.5907864570617676,0.5010850429534912,0.5885988473892212,0.5437021255493164,0.6574760675430298,0.49660831689834595,0.6603487133979797
195,0.5013689994812012,0.4386857748031616,0.542012095451355,0.4704470634460449,0.5742495059967041,0.4498978555202484,0.48568981885910034,0.4757828116416931,0.460898756980896,0.4535730481147766,0.5727994441986084,0.40957003831863403,0.4272843301296234,0.4163936972618103,0.5356179475784302,0.5349781513214111,0.505291223526001,0.5424376726150513,0.5377211570739746,0.5825562477111816,0.5003888607025146,0.5789948105812073,0.5436474084854126,0.660441517829895,0.4970334768295288,0.6618274450302124
196,0.5119672417640686,0.4240862727165222,0.5221802592277527,0.4531979262828827,0.5118863582611084,0.45148107409477234,0.5144332647323608,0.4560624957084656,0.5096756815910339,0.4386083483695984,0.5006462335586548,0.4258022904396057,0.5000318288803101,0.4260243773460388,0.5244396328926086,0.5241315364837646,0.5219852328300476,0.5254655480384827,0.5230826139450073,0.579630970954895,0.5192465782165527,0.580458402633667,0.5399562120437622,0.6644525527954102,0.533817708492279,0.6647641658782959
197,0.5085236430168152,0.4153590798377991,0.5289851427078247,0.4496610164642334,0.5733773708343506,0.42712104320526123,0.5081360936164856,0.4488947093486786,0.4973372220993042,0.43575069308280945,0.5729062557220459,0.3851662874221802,0.5032553672790527,0.42079633474349976,0.5293512344360352,0.5216948390007019,0.5195575952529907,0.522707462310791,0.538141131401062,0.5847791433334351,0.5119931101799011,0.5840643644332886,0.5399705171585083,0.6646032333374023,0.5020257234573364,0.6713668704032898
198,0.51385498046875,0.40565404295921326,0.5517500638961792,0.43772828578948975,0.5756365656852722,0.43054527044296265,0.4902433156967163,0.4436079263687134,0.45312070846557617,0.4316607713699341,0.5726191997528076,0.37750232219696045,0.4300013780593872,0.4010138511657715,0.5383291840553284,0.5204133987426758,0.5076848268508911,0.525161623954773,0.5442798733711243,0.579427182674408,0.5036748647689819,0.5739855766296387,0.5464000701904297,0.6602257490158081,0.49273115396499634,0.664366602897644
199,0.5159780979156494,0.4093170166015625,0.5519911646842957,0.4443456530570984,0.5792930126190186,0.4149523377418518,0.49697476625442505,0.44563478231430054,0.4601522386074066,0.4201217293739319,0.573729395866394,0.37076443433761597,0.4255703389644623,0.3904956579208374,0.5444499254226685,0.5280474424362183,0.5115227103233337,0.5321904420852661,0.5473692417144775,0.5792009830474854,0.5011113882064819,0.5749636888504028,0.5480605363845825,0.6655299663543701,0.49275439977645874,0.6628166437149048
200,0.5207201242446899,0.406490683555603,0.5418112277984619,0.44043418765068054,0.5764369964599609,0.41227948665618896,0.5110445022583008,0.443333238363266,0.5018777847290039,0.41947805881500244,0.57535320520401,0.3718049228191376,0.426029771566391,0.3852720856666565,0.5357785224914551,0.5249506831169128,0.5177470445632935,0.5282703638076782,0.5389872789382935,0.5787872076034546,0.5096530914306641,0.5781003832817078,0.5455065965652466,0.6652425527572632,0.5307720899581909,0.6646977663040161
201,0.51952064037323,0.4050023555755615,0.545313835144043,0.4364017844200134,0.583387553691864,0.4004301428794861,0.49756258726119995,0.43825340270996094,0.4561179280281067,0.41389021277427673,0.5801572203636169,0.3655375838279724,0.4236304759979248,0.3794861435890198,0.5421861410140991,0.5222498178482056,0.5093816518783569,0.5263316631317139,0.5444072484970093,0.580322265625,0.5007203221321106,0.5789103507995605,0.5487724542617798,0.6652255654335022,0.4938689172267914,0.6674630045890808
202,0.5180615186691284,0.40420955419540405,0.5175895690917969,0.44215482473373413,0.5205850005149841,0.40859922766685486,0.5232003927230835,0.4425337016582489,0.5757259726524353,0.3994065523147583,0.574598491191864,0.3499390482902527,0.5690062046051025,0.3516378402709961,0.5220422744750977,0.5280699729919434,0.5199805498123169,0.5286648273468018,0.5352676510810852,0.5836895108222961,0.5140442252159119,0.5875393152236938,0.5403265953063965,0.6685924530029297,0.5011258721351624,0.6746255159378052
203,0.5088410377502441,0.4019223153591156,0.5402100086212158,0.43507739901542664,0.5835546255111694,0.382272332906723,0.4985750913619995,0.4370468854904175,0.493527352809906,0.4068494439125061,0.5698003172874451,0.33654654026031494,0.42583441734313965,0.3735291361808777,0.5379881858825684,0.5228893756866455,0.5083686709403992,0.5269983410835266,0.5393897294998169,0.5847831964492798,0.4971308708190918,0.5826966762542725,0.5457780361175537,0.6598374247550964,0.4909021854400635,0.6621861457824707
204,0.5059316158294678,0.3986879289150238,0.5067883133888245,0.42802831530570984,0.5236632227897644,0.3899182975292206,0.5219911932945251,0.4224582314491272,0.567521333694458,0.3827938735485077,0.42977938055992126,0.3457762598991394,0.5612998008728027,0.32565194368362427,0.5142551064491272,0.5192925333976746,0.5237303972244263,0.5212931632995605,0.5141650438308716,0.5895611047744751,0.5179558396339417,0.5903331637382507,0.5209578275680542,0.6664938926696777,0.5077989101409912,0.6650013327598572
205,0.49412041902542114,0.3844927251338959,0.5191028118133545,0.40931522846221924,0.5726470351219177,0.37002092599868774,0.4892793595790863,0.4193924069404602,0.4632759988307953,0.3897097110748291,0.5628039240837097,0.3352223038673401,0.423073410987854,0.34636592864990234,0.5235683917999268,0.5080134272575378,0.5024123191833496,0.5113471746444702,0.5135395526885986,0.5804025530815125,0.4982398450374603,0.580338716506958,0.5333313941955566,0.6627336144447327,0.49556273221969604,0.6665512323379517
206,0.49734675884246826,0.38827961683273315,0.5238027572631836,0.4123919904232025,0.5723686814308167,0.36397749185562134,0.4810261130332947,0.42302200198173523,0.4672638177871704,0.3853089213371277,0.5610755681991577,0.3266823887825012,0.4191863536834717,0.34517452120780945,0.5286176800727844,0.5237864255905151,0.4974324107170105,0.5250548124313354,0.520301103591919,0.5912719964981079,0.49680376052856445,0.5872971415519714,0.535955011844635,0.6637689471244812,0.4941231906414032,0.660861611366272
207,0.4965013861656189,0.37873297929763794,0.5158523917198181,0.4100339114665985,0.5270214676856995,0.38485437631607056,0.4985611140727997,0.4104430079460144,0.5118446350097656,0.37949568033218384,0.571747899055481,0.3279207944869995,0.4203155040740967,0.337286114692688,0.5184844732284546,0.5043034553527832,0.5072178840637207,0.5080553293228149,0.5112711191177368,0.5791204571723938,0.4980977773666382,0.5772718191146851,0.5067123174667358,0.6681713461875916,0.5011879205703735,0.6594549417495728
208,0.48792704939842224,0.3683936595916748,0.5054251551628113,0.39990687370300293,0.5251946449279785,0.3718568980693817,0.4963948428630829,0.4032232165336609,0.513034999370575,0.37576887011528015,0.5130003690719604,0.359759658575058,0.42018768191337585,0.3331848978996277,0.5167446136474609,0.5009300708770752,0.5107370615005493,0.5009779930114746,0.5151501893997192,0.5738758444786072,0.5115669369697571,0.5751261711120605,0.520228385925293,0.6595491170883179,0.504564106464386,0.6625961065292358
209,0.4888782501220703,0.3664707839488983,0.5109268426895142,0.39166295528411865,0.5248442888259888,0.37090396881103516,0.4984201192855835,0.3946448564529419,0.5109606385231018,0.37401577830314636,0.5108437538146973,0.3575543165206909,0.5035998821258545,0.35878631472587585,0.5185917615890503,0.4859047532081604,0.5088326334953308,0.48927927017211914,0.5163185596466064,0.574461042881012,0.5049241185188293,0.5744004249572754,0.5109518766403198,0.6670945882797241,0.49727925658226013,0.6651304364204407
210,0.49472030997276306,0.3772739768028259,0.5147562026977539,0.401534765958786,0.5295295715332031,0.36472007632255554,0.5037500262260437,0.4067921042442322,0.5159205198287964,0.36774513125419617,0.5096710324287415,0.3497343063354492,0.41528138518333435,0.3256862759590149,0.5193052291870117,0.5025528073310852,0.5089594721794128,0.5018148422241211,0.5098321437835693,0.5791887044906616,0.4968681037425995,0.5787209868431091,0.5119831562042236,0.6685184240341187,0.49951833486557007,0.6643968820571899
211,0.49323004484176636,0.36990004777908325,0.5006949305534363,0.4016842246055603,0.5164861679077148,0.364300012588501,0.521724283695221,0.39679405093193054,0.5492610931396484,0.3578450381755829,0.42920148372650146,0.32499179244041443,0.5077250003814697,0.35264718532562256,0.502731204032898,0.5011651515960693,0.5241888761520386,0.5013989210128784,0.49773138761520386,0.5808789730072021,0.5239495038986206,0.5846858024597168,0.49526119232177734,0.6637834310531616,0.5168351531028748,0.6648335456848145
212,0.4889020621776581,0.35520631074905396,0.5070879459381104,0.3776494860649109,0.515727698802948,0.3568654954433441,0.506080687046051,0.3796156048774719,0.5140483975410461,0.3599759340286255,0.5033226609230042,0.3552023768424988,0.5020279288291931,0.35586783289909363,0.5189490914344788,0.48312437534332275,0.5121678709983826,0.48672229051589966,0.5136785507202148,0.5736660957336426,0.5100885629653931,0.5745400190353394,0.5058771371841431,0.6647874116897583,0.502112627029419,0.6646240949630737
213,0.49808716773986816,0.35226914286613464,0.5218786001205444,0.3731503188610077,0.5295884609222412,0.3606247305870056,0.49075350165367126,0.39054834842681885,0.46980607509613037,0.38663262128829956,0.5130579471588135,0.36119338870048523,0.47314196825027466,0.35943397879600525,0.5288373231887817,0.4859158396720886,0.5020799040794373,0.48890039324760437,0.5232825875282288,0.570713996887207,0.4988832175731659,0.57076096534729,0.5265619158744812,0.656625509262085,0.48998162150382996,0.6529521942138672
214,0.49776408076286316,0.351412296295166,0.5256137847900391,0.38002392649650574,0.529762864112854,0.3830222487449646,0.4869955778121948,0.38958823680877686,0.46756285429000854,0.4100632071495056,0.5104795694351196,0.36433762311935425,0.46000033617019653,0.36017701029777527,0.5263280272483826,0.48426514863967896,0.49545690417289734,0.48802030086517334,0.5203292965888977,0.5724233388900757,0.49645137786865234,0.5722965598106384,0.5233228802680969,0.6516380310058594,0.4890819787979126,0.6502929925918579
215,0.49800631403923035,0.32590264081954956,0.517179012298584,0.34747621417045593,0.5240257978439331,0.3544616103172302,0.4987052083015442,0.35238951444625854,0.4814688563346863,0.35683712363243103,0.5096476078033447,0.3629548251628876,0.47585874795913696,0.36092281341552734,0.5274828672409058,0.4010593295097351,0.5041091442108154,0.4032745957374573,0.5094872713088989,0.45009303092956543,0.49486395716667175,0.4529901444911957,0.5128219723701477,0.4755675792694092,0.5023496150970459,0.47545725107192993
216,0.4389438033103943,0.31197065114974976,0.4452136754989624,0.32637080550193787,0.43726134300231934,0.32461991906166077,0.43354153633117676,0.32551008462905884,0.42847880721092224,0.3245258331298828,0.4367273449897766,0.32830575108528137,0.42892777919769287,0.33121228218078613,0.5063170194625854,0.3661913275718689,0.5009928941726685,0.3675273358821869,0.43987250328063965,0.34523114562034607,0.4532845914363861,0.3593066334724426,0.48171529173851013,0.3754774034023285,0.4668935537338257,0.36641058325767517
217,0.43545791506767273,0.30632898211479187,0.43821749091148376,0.31204694509506226,0.4385879635810852,0.3169708251953125,0.42523473501205444,0.3193433880805969,0.41810905933380127,0.3176315426826477,0.4319486618041992,0.3231620490550995,0.41873762011528015,0.3272232711315155,0.43864983320236206,0.3335120677947998,0.4372329115867615,0.34347790479660034,0.4383220076560974,0.34008705615997314,0.4315227270126343,0.34045979380607605,0.46216416358947754,0.3591437339782715,0.43326449394226074,0.3465595245361328
218,0.4351295828819275,0.3070732653141022,0.436728298664093,0.3135334253311157,0.4366909861564636,0.31865957379341125,0.4260253608226776,0.31977379322052,0.42013856768608093,0.3183782696723938,0.430200457572937,0.3243934214115143,0.41912174224853516,0.3274691104888916,0.43780407309532166,0.3336378335952759,0.43811604380607605,0.34589046239852905,0.4375635087490082,0.33945831656455994,0.43232035636901855,0.3397766053676605,0.4622487723827362,0.3618500828742981,0.4327806234359741,0.3434918522834778
219,0.4960803985595703,0.34687989950180054,0.5066384077072144,0.36538514494895935,0.5192674994468689,0.35861989855766296,0.49841809272766113,0.3764764666557312,0.5074018239974976,0.3626890778541565,0.5084224939346313,0.35956668853759766,0.4170878827571869,0.32771429419517517,0.5060346722602844,0.4857901930809021,0.4997651278972626,0.4881564974784851,0.4982771873474121,0.5761475563049316,0.4912188947200775,0.5751268267631531,0.5042850971221924,0.6653463840484619,0.4937724471092224,0.6634464263916016
220,0.49505436420440674,0.3457472026348114,0.5039161443710327,0.36176598072052,0.5166535973548889,0.3601992726325989,0.5001435875892639,0.372448205947876,0.5081751346588135,0.3634270131587982,0.5040745735168457,0.3623836040496826,0.4980096220970154,0.36310550570487976,0.5102335214614868,0.4838622510433197,0.5041822195053101,0.4850003123283386,0.504963219165802,0.5692800879478455,0.4932750165462494,0.5688221454620361,0.5057973861694336,0.6628159284591675,0.49606820940971375,0.6606881022453308
221,0.4868294596672058,0.36024630069732666,0.510226845741272,0.38182780146598816,0.515091598033905,0.37781041860580444,0.4835609793663025,0.3916094899177551,0.4729209840297699,0.37951576709747314,0.5063426494598389,0.3668576180934906,0.4651138484477997,0.36210834980010986,0.5137226581573486,0.4876612424850464,0.4914551377296448,0.49038296937942505,0.5087372064590454,0.5789633989334106,0.48872146010398865,0.5810134410858154,0.5086957812309265,0.6652857065200806,0.4877295196056366,0.6624652743339539
222,0.4834156930446625,0.35383340716362,0.5112490653991699,0.3760530352592468,0.5201688408851624,0.376997709274292,0.4825363755226135,0.3879140317440033,0.4648691415786743,0.41404101252555847,0.5162835121154785,0.3983411490917206,0.444004625082016,0.35571396350860596,0.5164017081260681,0.48744070529937744,0.4987275302410126,0.488698810338974,0.5117272734642029,0.5714274644851685,0.49288439750671387,0.5730642080307007,0.5072643160820007,0.6664472222328186,0.49197179079055786,0.6532191634178162
223,0.484310120344162,0.3572755753993988,0.5084543824195862,0.37936145067214966,0.5101131200790405,0.41271334886550903,0.48430368304252625,0.39212965965270996,0.47790199518203735,0.3765779137611389,0.5039021968841553,0.3673318028450012,0.4699488580226898,0.37640392780303955,0.5127192735671997,0.4903605878353119,0.4918311834335327,0.4938226342201233,0.5075128078460693,0.5761376619338989,0.4902394413948059,0.5784215331077576,0.5056576728820801,0.6677281856536865,0.4911665618419647,0.6648586988449097
224,0.4827691912651062,0.35449743270874023,0.5061453580856323,0.37838828563690186,0.508590042591095,0.41313204169273376,0.48448044061660767,0.39143872261047363,0.468603253364563,0.4156089425086975,0.5069083571434021,0.35983341932296753,0.47571027278900146,0.40223830938339233,0.5109823942184448,0.490387886762619,0.4918820858001709,0.4935900866985321,0.5071139335632324,0.5759013891220093,0.4927045702934265,0.5773558616638184,0.5052059888839722,0.6684424877166748,0.4930184483528137,0.6657364368438721
225,0.49169009923934937,0.3463868796825409,0.5085034370422363,0.3682197332382202,0.5193303823471069,0.3586546778678894,0.48137587308883667,0.38151976466178894,0.4995271861553192,0.36324918270111084,0.5065656900405884,0.3605955243110657,0.41150742769241333,0.3296293020248413,0.5112981796264648,0.48561447858810425,0.49992460012435913,0.48787665367126465,0.5111852288246155,0.5713796019554138,0.49384939670562744,0.572771430015564,0.507255494594574,0.6669379472732544,0.49594569206237793,0.665151059627533
226,0.4834204614162445,0.35508912801742554,0.5083038806915283,0.3777657747268677,0.5130417346954346,0.37332314252853394,0.48234236240386963,0.3854897916316986,0.48356711864471436,0.4377470016479492,0.5028722882270813,0.48787006735801697,0.48873385787010193,0.46217232942581177,0.5113801956176758,0.48765668272972107,0.5010613203048706,0.48973262310028076,0.5088297724723816,0.5717355012893677,0.4927780330181122,0.5730414986610413,0.5064088106155396,0.668124794960022,0.49421533942222595,0.6660981178283691
227,0.4834464490413666,0.3547954261302948,0.5053149461746216,0.376851886510849,0.5144675374031067,0.362042635679245,0.4836485981941223,0.38429415225982666,0.4994974732398987,0.36664438247680664,0.5009324550628662,0.48549550771713257,0.49592792987823486,0.3636513352394104,0.5103479623794556,0.48584485054016113,0.5015169382095337,0.4880833327770233,0.5060359239578247,0.5713962316513062,0.4939497113227844,0.5719786882400513,0.5071897506713867,0.6667155623435974,0.49635839462280273,0.6651883125305176
228,0.4959692358970642,0.35135751962661743,0.5851744413375854,0.47353336215019226,0.5200440883636475,0.4883344769477844,0.48434627056121826,0.45048362016677856,0.48628056049346924,0.48603689670562744,0.52241450548172,0.5106590986251831,0.495121568441391,0.4824554920196533,0.5161746740341187,0.5214043855667114,0.5036575794219971,0.522344708442688,0.5167280435562134,0.5809359550476074,0.49823707342147827,0.578380823135376,0.5073436498641968,0.6592420339584351,0.4998994767665863,0.6577883362770081
229,0.4849811792373657,0.3606390953063965,0.5121175050735474,0.38280487060546875,0.5109606385231018,0.4702710509300232,0.47394728660583496,0.4073179364204407,0.461843341588974,0.4409467577934265,0.5167606472969055,0.5036014914512634,0.47682031989097595,0.46739333868026733,0.5139240026473999,0.5013234615325928,0.4858909547328949,0.5031499862670898,0.5097061395645142,0.5765922665596008,0.48189347982406616,0.5772637128829956,0.504335343837738,0.6658638715744019,0.48399314284324646,0.6624746322631836
230,0.4852405786514282,0.3636860251426697,0.5136285424232483,0.38664954900741577,0.5139853954315186,0.3779040277004242,0.4656854271888733,0.39908215403556824,0.4177502393722534,0.3553693890571594,0.5186042189598083,0.3564520478248596,0.4205838441848755,0.3355080783367157,0.513280987739563,0.4972441792488098,0.4837730824947357,0.5014292001724243,0.5117667317390442,0.5807152986526489,0.4815087914466858,0.579569935798645,0.5063969492912292,0.6667393445968628,0.48148828744888306,0.6630158424377441
231,0.483992338180542,0.3620259463787079,0.5115535855293274,0.3851674497127533,0.5185776948928833,0.41088253259658813,0.4657585620880127,0.3954617977142334,0.4156157672405243,0.35355234146118164,0.5182362198829651,0.3563396632671356,0.4150277078151703,0.33310574293136597,0.5128471851348877,0.49556684494018555,0.48412272334098816,0.4963417649269104,0.5120751261711121,0.5798186659812927,0.48348963260650635,0.578934371471405,0.5068346858024597,0.6663934588432312,0.4812691807746887,0.6626238226890564
232,0.48593229055404663,0.3641889989376068,0.5151287913322449,0.3898535966873169,0.5164971947669983,0.38009461760520935,0.46677273511886597,0.39611777663230896,0.4333040118217468,0.37107881903648376,0.5184192061424255,0.3559996485710144,0.4184072017669678,0.33289408683776855,0.5176915526390076,0.4957009255886078,0.48436784744262695,0.49578461050987244,0.5140522718429565,0.5788589119911194,0.4803210198879242,0.5772577524185181,0.5080305337905884,0.6667847037315369,0.4792240560054779,0.6627761721611023
233,0.4889396131038666,0.36409494280815125,0.5156511664390564,0.3902103304862976,0.5246599912643433,0.38978469371795654,0.46866855025291443,0.39723071455955505,0.4350418746471405,0.37342140078544617,0.5230432748794556,0.3549056947231293,0.40373536944389343,0.32266050577163696,0.5206916332244873,0.49731969833374023,0.4832785129547119,0.49630242586135864,0.5144935846328735,0.5812941789627075,0.4794350862503052,0.5789309144020081,0.5217791795730591,0.6636639833450317,0.47834059596061707,0.6627204418182373
234,0.48917120695114136,0.36382219195365906,0.515957236289978,0.3895919919013977,0.5197494029998779,0.3804323375225067,0.4687175750732422,0.39687925577163696,0.4512462019920349,0.37930965423583984,0.5218919515609741,0.3547627925872803,0.4038662910461426,0.3225056827068329,0.5204992890357971,0.4975951910018921,0.4829406440258026,0.49675285816192627,0.513728141784668,0.5821477770805359,0.4791635274887085,0.5796401500701904,0.5134243965148926,0.6636670231819153,0.4783684015274048,0.6632064580917358
235,0.48897942900657654,0.3637176752090454,0.5156505703926086,0.38914236426353455,0.5207390785217285,0.3799014687538147,0.46804213523864746,0.3968362808227539,0.4352547526359558,0.3716248869895935,0.5220323801040649,0.3549179434776306,0.4034990072250366,0.32281845808029175,0.5197145342826843,0.4986790418624878,0.4826321005821228,0.4991922974586487,0.5139285922050476,0.5822529792785645,0.47842180728912354,0.580366849899292,0.5138369798660278,0.6644598841667175,0.47827982902526855,0.6626759171485901
236,0.4893302619457245,0.36393293738365173,0.5160225629806519,0.3891819715499878,0.5196681618690491,0.38106951117515564,0.4688325822353363,0.39739882946014404,0.4351540505886078,0.3728890120983124,0.5227651000022888,0.3559435307979584,0.4191485643386841,0.33105719089508057,0.5195481777191162,0.4987567067146301,0.4832490384578705,0.4997193217277527,0.5136387348175049,0.582287609577179,0.4790211617946625,0.5804356932640076,0.5091991424560547,0.6638343334197998,0.47844478487968445,0.6624720692634583
237,0.48909884691238403,0.36386406421661377,0.5151760578155518,0.3885376453399658,0.5186001062393188,0.38111287355422974,0.4688724875450134,0.39729246497154236,0.45604902505874634,0.39418089389801025,0.5229308605194092,0.3564684987068176,0.4036634564399719,0.3232622742652893,0.5183008909225464,0.4968991279602051,0.48377084732055664,0.49692821502685547,0.5133955478668213,0.581800639629364,0.4797391891479492,0.5798578262329102,0.5105357766151428,0.6637188792228699,0.4789937436580658,0.6625812649726868
238,0.4912101924419403,0.36406010389328003,0.5169678330421448,0.38735854625701904,0.5204204320907593,0.41497087478637695,0.4716583490371704,0.3970690369606018,0.4580859839916229,0.3980714678764343,0.523435115814209,0.35764575004577637,0.41854798793792725,0.3326904773712158,0.5186943411827087,0.4946930408477783,0.4860568940639496,0.4949606657028198,0.5127705335617065,0.5795274972915649,0.4806444048881531,0.5778878927230835,0.5099574327468872,0.6636451482772827,0.4797571301460266,0.6624867916107178
239,0.4891393780708313,0.36442169547080994,0.5164237022399902,0.387916624546051,0.520561933517456,0.41611477732658386,0.46986162662506104,0.39730119705200195,0.4565316140651703,0.39799851179122925,0.5244636535644531,0.35731738805770874,0.4188447594642639,0.33370324969291687,0.5187857151031494,0.4948415458202362,0.4856685996055603,0.4950850009918213,0.513023853302002,0.5794152617454529,0.48061978816986084,0.5777888894081116,0.5104212760925293,0.663701057434082,0.47961848974227905,0.6620845794677734
240,0.48147052526474,0.3579391837120056,0.5167280435562134,0.3870531916618347,0.5661687850952148,0.4902273118495941,0.47692519426345825,0.42906615138053894,0.46830159425735474,0.47183164954185486,0.5481283664703369,0.5228258371353149,0.4807157516479492,0.4914323687553406,0.5225473046302795,0.5094171762466431,0.49045538902282715,0.509353756904602,0.5240290760993958,0.5807329416275024,0.4854739308357239,0.5792585015296936,0.5232264995574951,0.6616935729980469,0.48694679141044617,0.6597617864608765
241,0.4901452660560608,0.34706351161003113,0.5069653987884521,0.36836645007133484,0.5113174319267273,0.37537097930908203,0.4787723422050476,0.3793015480041504,0.46669596433639526,0.4352761507034302,0.5175225138664246,0.4915897846221924,0.4919280707836151,0.47856849431991577,0.5180179476737976,0.49706074595451355,0.4993727207183838,0.4906160533428192,0.5125411748886108,0.570651113986969,0.49213799834251404,0.5708891153335571,0.509756863117218,0.6655154228210449,0.4918859004974365,0.663544774055481
242,0.4887115955352783,0.34213194251060486,0.5032633543014526,0.360124796628952,0.5134055018424988,0.3613928258419037,0.47746846079826355,0.37140142917633057,0.49218499660491943,0.36394059658050537,0.5044090747833252,0.3689109981060028,0.49402713775634766,0.4754265546798706,0.5150941610336304,0.4966542720794678,0.49830126762390137,0.48738932609558105,0.5077031850814819,0.5685585737228394,0.4916722774505615,0.5666114091873169,0.5079125761985779,0.6583148241043091,0.4937216639518738,0.6548233032226562
243,0.49067258834838867,0.3447575569152832,0.5082458853721619,0.367034912109375,0.5151825547218323,0.36578258872032166,0.47722193598747253,0.37703487277030945,0.4653502404689789,0.4361366629600525,0.5198094844818115,0.4875349700450897,0.4899386763572693,0.47683843970298767,0.5177194476127625,0.4870048463344574,0.49114418029785156,0.48886382579803467,0.5128499865531921,0.5684770941734314,0.4893155097961426,0.5686893463134766,0.510283350944519,0.662185549736023,0.48861634731292725,0.6528778076171875
244,0.48213860392570496,0.34893354773521423,0.510138988494873,0.37157773971557617,0.5125387907028198,0.3791043162345886,0.47579312324523926,0.3797694444656372,0.4638015627861023,0.43601828813552856,0.521176278591156,0.49044010043144226,0.47852081060409546,0.46296605467796326,0.5185434222221375,0.4867810010910034,0.49060744047164917,0.48880118131637573,0.5170271396636963,0.5695610642433167,0.48778003454208374,0.5697991847991943,0.5120064616203308,0.6637605428695679,0.48717963695526123,0.6525715589523315
245,0.48150813579559326,0.3518221378326416,0.5143558979034424,0.3806148171424866,0.5155495405197144,0.383856862783432,0.4682031273841858,0.38891202211380005,0.4629274010658264,0.43809136748313904,0.5243827700614929,0.4889807105064392,0.4771059453487396,0.46370935440063477,0.5188307762145996,0.4883107542991638,0.4888326823711395,0.49028676748275757,0.5191846489906311,0.5726473331451416,0.4835216999053955,0.5734425187110901,0.5220381021499634,0.661206841468811,0.4846208989620209,0.6527138948440552
246,0.48383718729019165,0.35281991958618164,0.5162337422370911,0.37950393557548523,0.5178881883621216,0.3814323842525482,0.47862666845321655,0.401044100522995,0.4634578824043274,0.43759235739707947,0.5250269174575806,0.4886775016784668,0.4777841567993164,0.462756872177124,0.5203804969787598,0.48728471994400024,0.4900331497192383,0.4899188280105591,0.5180435180664062,0.5719121694564819,0.4858437478542328,0.57244473695755,0.510705828666687,0.665341854095459,0.4851278066635132,0.6620355844497681
247,0.492468923330307,0.3486773669719696,0.5153436660766602,0.3723454177379608,0.5179746747016907,0.37812328338623047,0.48031848669052124,0.40264320373535156,0.46480128169059753,0.4371274709701538,0.5230206251144409,0.4897534251213074,0.47909435629844666,0.4624468982219696,0.5182989835739136,0.48697710037231445,0.4903750419616699,0.48970848321914673,0.5154113173484802,0.5701471567153931,0.48803162574768066,0.5687071084976196,0.5104798674583435,0.6637688279151917,0.48673027753829956,0.6520387530326843
248,0.49012112617492676,0.3472047746181488,0.5128140449523926,0.37048542499542236,0.5177628397941589,0.3797462582588196,0.4783676862716675,0.38703805208206177,0.4637789726257324,0.43609189987182617,0.5228766798973083,0.4850832223892212,0.4773578643798828,0.46088334918022156,0.5178637504577637,0.48430806398391724,0.4898143410682678,0.4870637059211731,0.5161490440368652,0.569797158241272,0.4867365062236786,0.5691022276878357,0.5113919973373413,0.665137529373169,0.4860469102859497,0.6528595089912415
249,0.48998719453811646,0.34759387373924255,0.5128307342529297,0.3709011971950531,0.5161893367767334,0.37725958228111267,0.47865745425224304,0.40077686309814453,0.4634515941143036,0.43510887026786804,0.5248355269432068,0.48798346519470215,0.4782545268535614,0.4606001079082489,0.5181561708450317,0.48614105582237244,0.49012327194213867,0.4885554313659668,0.5157646536827087,0.5708850622177124,0.4883798062801361,0.5690033435821533,0.5114688873291016,0.6644760370254517,0.4876633584499359,0.6523189544677734
250,0.4892962574958801,0.3448309302330017,0.5112863779067993,0.3689006268978119,0.5159575939178467,0.37775012850761414,0.47735875844955444,0.38668307662010193,0.45898720622062683,0.4114099144935608,0.5238937139511108,0.4839012622833252,0.4770751893520355,0.45867642760276794,0.5167397260665894,0.4835200011730194,0.4890698790550232,0.4859198331832886,0.5149462223052979,0.5699010491371155,0.4870527386665344,0.5685234069824219,0.5110933780670166,0.6651046872138977,0.4873697757720947,0.6523799300193787
251,0.48975870013237,0.3430511951446533,0.5102661848068237,0.36565256118774414,0.5171841979026794,0.3774552047252655,0.4767115116119385,0.3759029507637024,0.4648408591747284,0.43132612109184265,0.5231074094772339,0.48090940713882446,0.477658212184906,0.4559668302536011,0.5171578526496887,0.4819532632827759,0.49101704359054565,0.4840742349624634,0.5138301849365234,0.5677374005317688,0.48962125182151794,0.5648592114448547,0.5108270645141602,0.6625630855560303,0.4889838695526123,0.6519215703010559
252,0.4864141345024109,0.34805893898010254,0.5812448263168335,0.46320265531539917,0.5112552046775818,0.35884198546409607,0.49457496404647827,0.4298025071620941,0.4153550863265991,0.333279013633728,0.5497472286224365,0.5125356316566467,0.49640053510665894,0.4884674549102783,0.5233193039894104,0.5182561874389648,0.5078046321868896,0.5082506537437439,0.5155854225158691,0.5732846856117249,0.4988132119178772,0.5713180899620056,0.5139895677566528,0.6470242738723755,0.5054280757904053,0.6461474299430847
253,0.4783989191055298,0.35170623660087585,0.510941743850708,0.37664133310317993,0.5174462199211121,0.37819910049438477,0.46640563011169434,0.38946980237960815,0.4585810899734497,0.41425633430480957,0.5228918790817261,0.4751465320587158,0.4771372675895691,0.46421658992767334,0.5180894732475281,0.4835960865020752,0.48969194293022156,0.4884060025215149,0.5182633996009827,0.5677250623703003,0.49216997623443604,0.5647540092468262,0.51216721534729,0.661361813545227,0.4921935498714447,0.6581211090087891
254,0.4782915711402893,0.35083457827568054,0.5092873573303223,0.3710314631462097,0.516210675239563,0.37763890624046326,0.4659777581691742,0.3905794322490692,0.4619165360927582,0.4387282729148865,0.5253479480743408,0.49708935618400574,0.4750421941280365,0.4631107449531555,0.5190907120704651,0.4957856833934784,0.4905337989330292,0.4991917014122009,0.518488347530365,0.5731354355812073,0.4922586679458618,0.5719107985496521,0.5108633637428284,0.6622936129570007,0.49181506037712097,0.6596797108650208
255,0.48883527517318726,0.3476448953151703,0.509529709815979,0.3689243197441101,0.5149419903755188,0.3778809905052185,0.46612438559532166,0.3896481394767761,0.4620691239833832,0.4382723569869995,0.5253230333328247,0.49544817209243774,0.47545021772384644,0.4622441530227661,0.5191376209259033,0.4949893653392792,0.4906284511089325,0.49171310663223267,0.5178098082542419,0.5692945718765259,0.49218690395355225,0.5672599077224731,0.509530782699585,0.655867338180542,0.4926031231880188,0.6536775827407837
256,0.4794031083583832,0.35252246260643005,0.5127010345458984,0.3782636523246765,0.5180561542510986,0.3789246082305908,0.4782352149486542,0.4047190845012665,0.46234655380249023,0.43952298164367676,0.5243754982948303,0.49574121832847595,0.4771360754966736,0.46445131301879883,0.5209007263183594,0.49640679359436035,0.4917733669281006,0.49930059909820557,0.5184098482131958,0.5732670426368713,0.4936448037624359,0.5718310475349426,0.5102953910827637,0.6638872623443604,0.490867555141449,0.6603337526321411
257,0.488214373588562,0.34431490302085876,0.5050905346870422,0.3624444901943207,0.513534426689148,0.3631231188774109,0.4738863408565521,0.3745053708553314,0.41343754529953003,0.3356061577796936,0.5254017114639282,0.4934993386268616,0.49198588728904724,0.4821217656135559,0.5195701718330383,0.4976353347301483,0.502594530582428,0.49934014678001404,0.5178577899932861,0.5677934288978577,0.49664050340652466,0.5659594535827637,0.5099849104881287,0.6550167798995972,0.4970191419124603,0.6483197808265686
258,0.4882822036743164,0.34331274032592773,0.5047026872634888,0.3597840964794159,0.5141974687576294,0.3613611161708832,0.4744815230369568,0.372620165348053,0.4133846163749695,0.334969162940979,0.551130473613739,0.5114783048629761,0.49466949701309204,0.4802500605583191,0.5204038023948669,0.49784910678863525,0.5046948194503784,0.49938732385635376,0.5180051922798157,0.5664680004119873,0.49764347076416016,0.5650984048843384,0.5125676393508911,0.6456916332244873,0.5009251236915588,0.6459999084472656
259,0.48845744132995605,0.34445855021476746,0.5068303346633911,0.3607683777809143,0.5155508518218994,0.36032435297966003,0.47570809721946716,0.3739910125732422,0.413372278213501,0.3360218405723572,0.5028831958770752,0.366018146276474,0.49184077978134155,0.48171478509902954,0.5212802886962891,0.49705541133880615,0.5052224397659302,0.49915289878845215,0.5169650316238403,0.5657733678817749,0.4977843463420868,0.5640802979469299,0.512055516242981,0.6446719169616699,0.5014532804489136,0.6449069976806641
260,0.48857009410858154,0.3457890450954437,0.5080301761627197,0.3615240454673767,0.5150383710861206,0.359426349401474,0.47584831714630127,0.3757728934288025,0.41309091448783875,0.33579403162002563,0.5506863594055176,0.5133593678474426,0.4901336133480072,0.4854819178581238,0.5212908387184143,0.4986996650695801,0.5048285722732544,0.5011132955551147,0.5170810222625732,0.5661153793334961,0.49782681465148926,0.5648064017295837,0.5128061771392822,0.6453551650047302,0.5017126798629761,0.6456463932991028
261,0.48558497428894043,0.3495904207229614,0.5077006220817566,0.36575183272361755,0.5149835348129272,0.361773818731308,0.4794836938381195,0.40460166335105896,0.4127975106239319,0.34029531478881836,0.549674391746521,0.5001818537712097,0.4062052369117737,0.33879750967025757,0.5209341049194336,0.4971628189086914,0.5001324415206909,0.4995002746582031,0.5184016823768616,0.5682318210601807,0.49675819277763367,0.5666424632072449,0.5120396614074707,0.6584436297416687,0.49790582060813904,0.6566067934036255
262,0.47037768363952637,0.3503538966178894,0.5059640407562256,0.36638015508651733,0.5130041241645813,0.3630772531032562,0.46356111764907837,0.38646647334098816,0.46042224764823914,0.4307875335216522,0.5528500080108643,0.49786609411239624,0.41049712896347046,0.3420933187007904,0.5202912092208862,0.4954390525817871,0.4979557394981384,0.4980209767818451,0.5187153816223145,0.567824125289917,0.49610504508018494,0.5664454698562622,0.515300989151001,0.6492327451705933,0.49696046113967896,0.657429575920105
263,0.48295697569847107,0.34824907779693604,0.504148006439209,0.3634844422340393,0.5099904537200928,0.3619118928909302,0.4697518050670624,0.3745489716529846,0.41271936893463135,0.34630024433135986,0.5523254871368408,0.49809062480926514,0.41220277547836304,0.34183406829833984,0.5184093713760376,0.4859091639518738,0.4986465573310852,0.48833751678466797,0.5172088146209717,0.5653602480888367,0.4961172342300415,0.5634867548942566,0.5130481719970703,0.6454628705978394,0.49816974997520447,0.6466872096061707
264,0.48348045349121094,0.34571027755737305,0.4967762231826782,0.3642575442790985,0.5144216418266296,0.3570178747177124,0.5014058947563171,0.4026181399822235,0.5042786598205566,0.35900264978408813,0.5285803079605103,0.49388620257377625,0.502185046672821,0.3553481698036194,0.5168566107749939,0.5017077326774597,0.5060734748840332,0.5027002692222595,0.516492486000061,0.5842123627662659,0.4992876946926117,0.5833364725112915,0.5073230862617493,0.672439455986023,0.4989132583141327,0.6697232723236084
265,0.48739489912986755,0.3488333225250244,0.49264436960220337,0.36557698249816895,0.5035402774810791,0.35505127906799316,0.5021570324897766,0.4049952030181885,0.5058757662773132,0.35753679275512695,0.4960255026817322,0.46574723720550537,0.5055167078971863,0.3537825047969818,0.5044931173324585,0.5002871751785278,0.502948522567749,0.5017095804214478,0.4975111186504364,0.5789299607276917,0.49898403882980347,0.5772538185119629,0.5015931725502014,0.6691824197769165,0.4998546540737152,0.6671327352523804
266,0.4928097128868103,0.3444252610206604,0.4948084056377411,0.36151570081710815,0.42957860231399536,0.3396610617637634,0.5034865736961365,0.3643134534358978,0.5124720335006714,0.3553517460823059,0.41786226630210876,0.32844051718711853,0.5106767416000366,0.35326850414276123,0.5017059445381165,0.4982735514640808,0.5058735609054565,0.49937137961387634,0.4970080256462097,0.5742946863174438,0.501926064491272,0.5734339952468872,0.5003397464752197,0.6667115092277527,0.5043786764144897,0.666150689125061
267,0.43579766154289246,0.33016785979270935,0.4366076588630676,0.3382314145565033,0.4319474697113037,0.33747196197509766,0.43173062801361084,0.3393358886241913,0.42360198497772217,0.3373394012451172,0.42137962579727173,0.3280940055847168,0.4193645417690277,0.3315201997756958,0.4568961560726166,0.3879375159740448,0.455872118473053,0.3881847560405731,0.4329538345336914,0.36734259128570557,0.4310210347175598,0.3675271272659302,0.46809837222099304,0.4127293825149536,0.4261223077774048,0.35429269075393677
268,0.4376351535320282,0.3301962614059448,0.4385581612586975,0.338478147983551,0.43392226099967957,0.3364846408367157,0.43353569507598877,0.3396724462509155,0.42481738328933716,0.33659249544143677,0.4239640235900879,0.3266921639442444,0.42033106088638306,0.331337571144104,0.4734761416912079,0.3927000164985657,0.47199782729148865,0.39337795972824097,0.434733122587204,0.36772245168685913,0.43255168199539185,0.3680815100669861,0.4688352346420288,0.41356512904167175,0.4270781874656677,0.35331350564956665
269,0.43612027168273926,0.32876908779144287,0.4368740916252136,0.33706098794937134,0.43306395411491394,0.3358611762523651,0.4335823655128479,0.33763378858566284,0.42652809619903564,0.3355172574520111,0.4234214723110199,0.32547229528427124,0.41788941621780396,0.325836181640625,0.45308804512023926,0.37265992164611816,0.45743823051452637,0.38697075843811035,0.43385475873947144,0.3634009063243866,0.4489595890045166,0.38315457105636597,0.4698643088340759,0.41204941272735596,0.42842668294906616,0.35199040174484253
270,0.4371907711029053,0.3272651433944702,0.4398309588432312,0.33528196811676025,0.43742966651916504,0.33614468574523926,0.4294590950012207,0.33640581369400024,0.4234045743942261,0.33646976947784424,0.42701345682144165,0.32764342427253723,0.4199520945549011,0.3310889005661011,0.4545435309410095,0.3724697530269623,0.45399320125579834,0.3865649402141571,0.4506553113460541,0.38139981031417847,0.4455971419811249,0.3819883465766907,0.47259122133255005,0.41115137934684753,0.4277570843696594,0.35298070311546326
271,0.4947854280471802,0.34541624784469604,0.5030220150947571,0.35988467931747437,0.5128843784332275,0.35161375999450684,0.5001628398895264,0.36372363567352295,0.5072218179702759,0.3560394048690796,0.4270101487636566,0.3237658143043518,0.4201246500015259,0.3306278884410858,0.5062616467475891,0.5011914372444153,0.5008894801139832,0.5028988718986511,0.5006835460662842,0.5724939107894897,0.4947289228439331,0.571266233921051,0.5040380358695984,0.66648268699646,0.4988820254802704,0.6649833917617798
272,0.4958946406841278,0.3452754020690918,0.5018630027770996,0.3605344295501709,0.5133293867111206,0.3512772023677826,0.5025390386581421,0.36390814185142517,0.5111637115478516,0.3555636405944824,0.42627012729644775,0.3236948549747467,0.5087155103683472,0.3527899384498596,0.5050629377365112,0.5009196996688843,0.502204179763794,0.5025443434715271,0.5007205009460449,0.5725945234298706,0.4952011704444885,0.5720515847206116,0.5033230185508728,0.666959285736084,0.5001028776168823,0.665256917476654
273,0.49823641777038574,0.3428090810775757,0.6141235828399658,0.4688381850719452,0.5148031711578369,0.3516344428062439,0.5043666958808899,0.36060115694999695,0.5150055289268494,0.3557186722755432,0.4254319667816162,0.3257855176925659,0.5111511945724487,0.35363778471946716,0.503853440284729,0.49836549162864685,0.5034189820289612,0.500152587890625,0.5003904700279236,0.5652730464935303,0.4983174800872803,0.564284086227417,0.5004163384437561,0.6607875227928162,0.49978727102279663,0.6579021215438843
274,0.4986695945262909,0.342313289642334,0.5010483264923096,0.3579986095428467,0.5139799118041992,0.3514643907546997,0.5058420300483704,0.3603951334953308,0.5163869857788086,0.35498565435409546,0.425306499004364,0.32497438788414,0.5123794674873352,0.3533540964126587,0.5047865509986877,0.49685317277908325,0.506148099899292,0.4858644902706146,0.5020565390586853,0.5659049153327942,0.5004328489303589,0.5646271109580994,0.5062367916107178,0.6653269529342651,0.5064051151275635,0.6632378697395325
275,0.5003427267074585,0.34408748149871826,0.5010381937026978,0.3604271113872528,0.5136460065841675,0.35270434617996216,0.5106618404388428,0.3630085587501526,0.521039605140686,0.35605236887931824,0.4255291819572449,0.32286497950553894,0.515870213508606,0.35394173860549927,0.505218505859375,0.4971500635147095,0.5178737044334412,0.4866959750652313,0.5026317238807678,0.5673971772193909,0.5056607723236084,0.5670520067214966,0.5068866014480591,0.6643422842025757,0.5074521899223328,0.6622511148452759
276,0.43339598178863525,0.3306220769882202,0.43641361594200134,0.33859044313430786,0.4339350461959839,0.3327780067920685,0.4306522011756897,0.340005487203598,0.4249610900878906,0.3331996202468872,0.42864465713500977,0.3255508244037628,0.4241653084754944,0.3255664110183716,0.4410649240016937,0.35329943895339966,0.4393242597579956,0.370012491941452,0.432689905166626,0.3589259386062622,0.4309237003326416,0.35935768485069275,0.28337717056274414,0.5130884051322937,0.4315091073513031,0.3484930992126465
277,0.479220986366272,0.3461500108242035,0.5023108124732971,0.3577062487602234,0.5119925737380981,0.3552904725074768,0.5055220127105713,0.3633161187171936,0.5122727155685425,0.35997647047042847,0.42495477199554443,0.3238694667816162,0.5045709013938904,0.35801124572753906,0.5070521235466003,0.48327943682670593,0.5090711712837219,0.48546332120895386,0.5044151544570923,0.5715075731277466,0.5039393305778503,0.5700540542602539,0.5082231760025024,0.6667055487632751,0.5075517892837524,0.6640821695327759
278,0.4789075553417206,0.3482399582862854,0.5050703287124634,0.35959935188293457,0.513068437576294,0.3555728793144226,0.48450297117233276,0.3667958378791809,0.5075861215591431,0.3609890937805176,0.4266047477722168,0.32410797476768494,0.42533189058303833,0.3346668481826782,0.5096502304077148,0.48536941409111023,0.5072019100189209,0.4882391393184662,0.5076783895492554,0.5733343362808228,0.49891912937164307,0.5719363689422607,0.5099999308586121,0.6682281494140625,0.5038576126098633,0.6656782031059265
279,0.48134058713912964,0.34907853603363037,0.5060964822769165,0.36132416129112244,0.5146684646606445,0.35672006011009216,0.5052070021629333,0.3671831786632538,0.5108481645584106,0.36185091733932495,0.5284994840621948,0.4986075758934021,0.5034188628196716,0.35775622725486755,0.5103908777236938,0.48623642325401306,0.5086685419082642,0.48895761370658875,0.5077911615371704,0.574390172958374,0.5012316703796387,0.5730246901512146,0.5095139741897583,0.6682703495025635,0.5037638545036316,0.6657005548477173
280,0.4814033508300781,0.3472849726676941,0.5094033479690552,0.3583323657512665,0.5172220468521118,0.35355815291404724,0.5048781633377075,0.36472973227500916,0.42546194791793823,0.3405686616897583,0.42728596925735474,0.3216800391674042,0.4189720153808594,0.32311129570007324,0.5095319151878357,0.48447954654693604,0.5067345499992371,0.4877340495586395,0.5069178938865662,0.5719962120056152,0.4991842210292816,0.5709049701690674,0.5105041265487671,0.6666988134384155,0.5047342777252197,0.6644642353057861
281,0.49853312969207764,0.3411599099636078,0.5079714059829712,0.3568844199180603,0.5159125924110413,0.35322651267051697,0.5071873068809509,0.363511323928833,0.5120255947113037,0.3593512773513794,0.426813542842865,0.3228572607040405,0.5035762786865234,0.357145756483078,0.5074740648269653,0.48139530420303345,0.5067548751831055,0.4848070740699768,0.5033429861068726,0.5734542608261108,0.4983319044113159,0.5721467137336731,0.5098282694816589,0.6678495407104492,0.506547212600708,0.6654306054115295
282,0.48260244727134705,0.3488316237926483,0.5079036951065063,0.3614597022533417,0.5159260034561157,0.355761855840683,0.5054128170013428,0.3681740164756775,0.5104462504386902,0.3616931140422821,0.42811232805252075,0.3224502205848694,0.5031030178070068,0.3571208119392395,0.5077903270721436,0.4846705198287964,0.5059437155723572,0.48818668723106384,0.503118634223938,0.5751326680183411,0.4971020221710205,0.5743134021759033,0.5085194110870361,0.6683759093284607,0.5031538009643555,0.6663500666618347
283,0.482951819896698,0.3502578139305115,0.5087844133377075,0.36262357234954834,0.516475260257721,0.3568943738937378,0.5058025121688843,0.3691117763519287,0.5104945302009583,0.36269304156303406,0.42793941497802734,0.3228702247142792,0.5030133724212646,0.35745999217033386,0.5098191499710083,0.4965245723724365,0.5068031549453735,0.4889964461326599,0.5048014521598816,0.5749067068099976,0.49741336703300476,0.5740195512771606,0.5086439847946167,0.6673220992088318,0.5023726224899292,0.6654602289199829
284,0.481265664100647,0.34850382804870605,0.5075610876083374,0.36118435859680176,0.5162340998649597,0.35685762763023376,0.48439598083496094,0.36916622519493103,0.5079343914985657,0.36281222105026245,0.5070621967315674,0.3568168878555298,0.5009580254554749,0.358656108379364,0.5082487463951111,0.4837612807750702,0.5049113035202026,0.4871555268764496,0.5043458342552185,0.5729395747184753,0.49698400497436523,0.5721198320388794,0.5089091062545776,0.6675829291343689,0.5022169351577759,0.6656935214996338
285,0.478127658367157,0.3498912751674652,0.5015076398849487,0.36420315504074097,0.5113766193389893,0.3582548499107361,0.48457226157188416,0.37120985984802246,0.5105069875717163,0.36366766691207886,0.4243575930595398,0.32256069779396057,0.5036777853965759,0.3587073087692261,0.5040799975395203,0.49806007742881775,0.5040196180343628,0.5009323954582214,0.501391589641571,0.5760594010353088,0.5004395246505737,0.5752696394920349,0.5086499452590942,0.6677623987197876,0.5062671899795532,0.6659955382347107
286,0.477999210357666,0.3496987521648407,0.48269540071487427,0.3676299452781677,0.5089638829231262,0.3576374650001526,0.4849027097225189,0.37080034613609314,0.5092644691467285,0.3630605638027191,0.425006628036499,0.32324451208114624,0.5022426247596741,0.3585510849952698,0.5044858455657959,0.4970553517341614,0.5065323710441589,0.4886283576488495,0.5004024505615234,0.5755424499511719,0.5005986094474792,0.5747588872909546,0.5078068971633911,0.6672224402427673,0.5060678720474243,0.6653929948806763
287,0.47727343440055847,0.3503175973892212,0.48161542415618896,0.36849266290664673,0.507388710975647,0.3571849465370178,0.4850926399230957,0.37171101570129395,0.5089720487594604,0.3626335859298706,0.4247666299343109,0.3234471082687378,0.5010716915130615,0.35728323459625244,0.505283534526825,0.4964352250099182,0.5076637864112854,0.48855727910995483,0.5013392567634583,0.5757870674133301,0.5008875131607056,0.5751133561134338,0.5077213644981384,0.6665646433830261,0.5060844421386719,0.6648654341697693
