FrameNo,head_x,head_y,left_shoulder_x,left_shoulder_y,left_elbow_x,left_elbow_y,right_shoulder_x,right_shoulder_y,right_elbow_x,right_elbow_y,left_hand_x,left_hand_y,right_hand_x,right_hand_y,left_hip_x,left_hip_y,right_hip_x,right_hip_y,left_knee_x,left_knee_y,right_knee_x,right_knee_y,left_foot_x,left_foot_y,right_foot_x,right_foot_y
0,0.5064495801925659,0.3666810691356659,0.5350009202957153,0.4029948115348816,0.5608378648757935,0.45509740710258484,0.48182082176208496,0.40584129095077515,0.47198450565338135,0.4499387741088867,0.567976713180542,0.48731860518455505,0.47533971071243286,0.5008121728897095,0.5391089916229248,0.5056671500205994,0.496025025844574,0.5063466429710388,0.5416915416717529,0.5822148323059082,0.49527573585510254,0.5816266536712646,0.5466619729995728,0.6612223982810974,0.48848849534988403,0.6627498269081116
1,0.5058704018592834,0.3668473958969116,0.5355184674263,0.4035557210445404,0.5630618333816528,0.4553499221801758,0.48116111755371094,0.4077548384666443,0.47132620215415955,0.4513363242149353,0.5665971040725708,0.48973941802978516,0.4751180410385132,0.5024860501289368,0.5391261577606201,0.5069960355758667,0.4954387843608856,0.5076388120651245,0.539445161819458,0.5834634900093079,0.49474984407424927,0.5836778879165649,0.5446192026138306,0.6627464890480042,0.48923346400260925,0.6632975339889526
2,0.5064496994018555,0.36689746379852295,0.5358136892318726,0.404455304145813,0.5643883943557739,0.45684000849723816,0.4806395173072815,0.4071821868419647,0.47107183933258057,0.4510527551174164,0.5709643959999084,0.49036502838134766,0.47679540514945984,0.5032585859298706,0.5391061305999756,0.5074778199195862,0.4953466057777405,0.5078543424606323,0.5399124622344971,0.5835878252983093,0.49617573618888855,0.5835945010185242,0.545650839805603,0.6641747355461121,0.49051544070243835,0.6639164686203003
3,0.5072706341743469,0.36697396636009216,0.5366514325141907,0.40363413095474243,0.5628294944763184,0.4551659822463989,0.48124024271965027,0.40712612867355347,0.47160518169403076,0.45288532972335815,0.5647921562194824,0.4961048364639282,0.4757314622402191,0.5045411586761475,0.5397442579269409,0.5055917501449585,0.4960324466228485,0.5068368315696716,0.5407013893127441,0.5823771953582764,0.4947776198387146,0.5822818279266357,0.5464161038398743,0.6622618436813354,0.4889422655105591,0.6627417802810669
4,0.5077276229858398,0.36699122190475464,0.5365167260169983,0.40266019105911255,0.5616623163223267,0.45495104789733887,0.48127686977386475,0.4067675471305847,0.4731751084327698,0.45063072443008423,0.5620756149291992,0.4947565495967865,0.4765496253967285,0.503799557685852,0.5391429662704468,0.5056018233299255,0.49551448225975037,0.5068322420120239,0.5401953458786011,0.5820271968841553,0.4951903522014618,0.5822625160217285,0.5458719730377197,0.6636304259300232,0.4898555278778076,0.6636224389076233
5,0.5076234340667725,0.3664252758026123,0.5362928509712219,0.40275585651397705,0.5626801252365112,0.4546526074409485,0.48063573241233826,0.4058939814567566,0.47146937251091003,0.44946593046188354,0.565287709236145,0.4922215938568115,0.47569796442985535,0.5027364492416382,0.5392982363700867,0.5049956440925598,0.49509334564208984,0.5060337781906128,0.5398609042167664,0.5804561972618103,0.4942898452281952,0.5807315111160278,0.5454098582267761,0.6625902652740479,0.4884656071662903,0.6624712347984314
6,0.5070595145225525,0.3676013946533203,0.5344645977020264,0.40281614661216736,0.5614813566207886,0.4551657438278198,0.4810725450515747,0.4065870940685272,0.4714820981025696,0.44924426078796387,0.5610870122909546,0.49306783080101013,0.4757436215877533,0.5022111535072327,0.537854790687561,0.5034942626953125,0.4947419762611389,0.5051117539405823,0.5396934151649475,0.5793114900588989,0.49405437707901,0.5797052383422852,0.5458175539970398,0.662148118019104,0.4879518747329712,0.66276615858078
7,0.5073475241661072,0.36825475096702576,0.5344221591949463,0.4038337469100952,0.5621435642242432,0.45640453696250916,0.4810212552547455,0.4072670340538025,0.4712231755256653,0.44928115606307983,0.5590827465057373,0.4938339591026306,0.47520893812179565,0.5015843510627747,0.5373595356941223,0.5042029619216919,0.494362473487854,0.5054364204406738,0.539767324924469,0.5789588093757629,0.4944118857383728,0.5791401863098145,0.5470693707466125,0.6652658581733704,0.4890342652797699,0.6608052253723145
8,0.5062411427497864,0.3675907850265503,0.5347408652305603,0.40399110317230225,0.563413143157959,0.45688021183013916,0.4799037575721741,0.407096803188324,0.47090888023376465,0.44948136806488037,0.5624122023582458,0.4924315810203552,0.4753447473049164,0.5015008449554443,0.5383377075195312,0.5047169923782349,0.494215190410614,0.5056915283203125,0.5398328900337219,0.5787766575813293,0.49374645948410034,0.5782506465911865,0.5469330549240112,0.664794921875,0.4884478449821472,0.6592467427253723
9,0.505745530128479,0.36784082651138306,0.5333837866783142,0.4039454460144043,0.5637603998184204,0.45819735527038574,0.47961628437042236,0.4063868522644043,0.4694000482559204,0.4501131474971771,0.5597426891326904,0.49285969138145447,0.4785850942134857,0.4960470199584961,0.5360154509544373,0.501509964466095,0.49209773540496826,0.503216028213501,0.5381629467010498,0.5838335752487183,0.49419137835502625,0.5863481760025024,0.5477942228317261,0.662876546382904,0.4877779185771942,0.6609110832214355
10,0.5050448179244995,0.368533730506897,0.5328512191772461,0.4048699736595154,0.5579773187637329,0.458626925945282,0.48066067695617676,0.4061736762523651,0.46791523694992065,0.44983237981796265,0.5690667033195496,0.503272533416748,0.47544920444488525,0.499308317899704,0.5346311926841736,0.5021032691001892,0.4909207224845886,0.5037197470664978,0.5366383790969849,0.5838119983673096,0.49259182810783386,0.585538387298584,0.5485023260116577,0.6623616218566895,0.4877302646636963,0.660778284072876
11,0.5056847929954529,0.3689808249473572,0.5333327054977417,0.4056941866874695,0.5580477714538574,0.45838499069213867,0.4814051389694214,0.40646493434906006,0.46738606691360474,0.44930458068847656,0.5693680644035339,0.5017868876457214,0.47572439908981323,0.49868977069854736,0.5347298383712769,0.5036133527755737,0.49055537581443787,0.5046916007995605,0.5373461246490479,0.5862157344818115,0.4935682713985443,0.5878017544746399,0.5483524203300476,0.6639360785484314,0.4877158999443054,0.6627839803695679
12,0.5046934485435486,0.367165744304657,0.5367826223373413,0.4055579602718353,0.5672823190689087,0.4562769830226898,0.4796629846096039,0.4062454402446747,0.46367478370666504,0.4508804678916931,0.5646435022354126,0.48679766058921814,0.46930992603302,0.49367278814315796,0.537031352519989,0.5022996664047241,0.490307092666626,0.5026775598526001,0.5386954545974731,0.5838836431503296,0.4879043698310852,0.581126868724823,0.5462952852249146,0.6604440808296204,0.48118099570274353,0.6586254835128784
13,0.5060367584228516,0.3687082529067993,0.5385199189186096,0.4055268168449402,0.5581651926040649,0.4570709466934204,0.4848115146160126,0.40747392177581787,0.4653601050376892,0.45381349325180054,0.5592688918113708,0.49206799268722534,0.4822547435760498,0.49922916293144226,0.5343815088272095,0.5023359060287476,0.4942705035209656,0.504947304725647,0.5371613502502441,0.5850666761398315,0.49349623918533325,0.5835890173912048,0.5459479689598083,0.6622809171676636,0.482148140668869,0.6610052585601807
14,0.5062273144721985,0.3678109645843506,0.5351012945175171,0.4039462208747864,0.5609568953514099,0.45601174235343933,0.4808906316757202,0.4064996838569641,0.46486204862594604,0.4508835971355438,0.5572646856307983,0.4949415922164917,0.4797057807445526,0.49855947494506836,0.5365070104598999,0.5023653507232666,0.49194782972335815,0.5049586296081543,0.5403816103935242,0.5845328569412231,0.4904119372367859,0.5830026268959045,0.5470865368843079,0.6621553301811218,0.48095059394836426,0.6601073741912842
15,0.5081032514572144,0.36868882179260254,0.535061240196228,0.4047701060771942,0.5630332231521606,0.45516616106033325,0.4814419150352478,0.4074860215187073,0.46637701988220215,0.4517870843410492,0.5547782182693481,0.4954710006713867,0.48178547620773315,0.4984908699989319,0.535749077796936,0.5055341720581055,0.49239498376846313,0.5079407095909119,0.5390948057174683,0.5841639041900635,0.4902241826057434,0.5827007293701172,0.5472129583358765,0.6649930477142334,0.4827696979045868,0.6645923852920532
16,0.5076714158058167,0.368623822927475,0.5347257852554321,0.40464457869529724,0.5627612471580505,0.4559656083583832,0.4820534884929657,0.40720412135124207,0.46702560782432556,0.4524880647659302,0.5533285140991211,0.49851274490356445,0.4750678241252899,0.5012617111206055,0.5357820391654968,0.5063638091087341,0.49288874864578247,0.508370578289032,0.539081335067749,0.5838137865066528,0.49095088243484497,0.5824494957923889,0.5469822287559509,0.6645254492759705,0.4834037721157074,0.6632826328277588
17,0.507997453212738,0.3694276213645935,0.5352620482444763,0.4061598777770996,0.563247561454773,0.4587002992630005,0.48264390230178833,0.40785130858421326,0.4662700593471527,0.45382392406463623,0.5535688400268555,0.495839923620224,0.48016899824142456,0.500298261642456,0.5365045070648193,0.507714569568634,0.49326372146606445,0.5091749429702759,0.5405916571617126,0.5850851535797119,0.4919777512550354,0.5835062265396118,0.5475845336914062,0.665472149848938,0.4827567934989929,0.6580859422683716
18,0.5091540217399597,0.3710596263408661,0.5370620489120483,0.40854546427726746,0.5635890960693359,0.4616583287715912,0.48389744758605957,0.4085983633995056,0.46920061111450195,0.4540517032146454,0.552204966545105,0.4968538284301758,0.48180121183395386,0.5004733204841614,0.5379555225372314,0.5093589425086975,0.49409544467926025,0.5099153518676758,0.541027307510376,0.5853608846664429,0.49196553230285645,0.5840684175491333,0.5474196672439575,0.660758912563324,0.4838225245475769,0.6639952659606934
19,0.5074462890625,0.3709239959716797,0.5351327657699585,0.40777450799942017,0.5632343888282776,0.46090608835220337,0.48293429613113403,0.40817853808403015,0.4681560695171356,0.4541742503643036,0.5513103604316711,0.5002555251121521,0.4762408137321472,0.5030037760734558,0.5369920134544373,0.5085293054580688,0.49304553866386414,0.5097447037696838,0.540340006351471,0.5861948728561401,0.49142909049987793,0.585360050201416,0.5476132035255432,0.661749541759491,0.4820747971534729,0.6596702337265015
20,0.5067420601844788,0.37102341651916504,0.534198522567749,0.4073164463043213,0.5624440908432007,0.459795206785202,0.48393315076828003,0.40804892778396606,0.4680560827255249,0.45416638255119324,0.5514766573905945,0.5014683604240417,0.476523220539093,0.5022966265678406,0.5365761518478394,0.5066934823989868,0.4934096038341522,0.5084015130996704,0.5411337614059448,0.5843204855918884,0.4922967851161957,0.5827483534812927,0.5477997064590454,0.6619035005569458,0.4811062812805176,0.6596966981887817
21,0.5072305798530579,0.3716241121292114,0.5336666703224182,0.4069570004940033,0.5614255666732788,0.45859915018081665,0.48460888862609863,0.4081089496612549,0.4678666293621063,0.4539213180541992,0.5554896593093872,0.5038626790046692,0.47654110193252563,0.5028718113899231,0.5368802547454834,0.5056625604629517,0.4946042001247406,0.5075511932373047,0.5406028032302856,0.5829649567604065,0.4938327670097351,0.5806679725646973,0.5483768582344055,0.666107177734375,0.4816138446331024,0.6630669236183167
22,0.502216100692749,0.37407946586608887,0.5404881238937378,0.4077840745449066,0.5583383440971375,0.45965373516082764,0.4826982021331787,0.4090110659599304,0.4704892337322235,0.4545689523220062,0.5512552261352539,0.502733588218689,0.47586771845817566,0.504510223865509,0.5381466150283813,0.5093196630477905,0.49562257528305054,0.5108429193496704,0.5412610769271851,0.5870345830917358,0.4944985508918762,0.5860396027565002,0.5476453304290771,0.6626539826393127,0.4826778769493103,0.6615858674049377
23,0.5018054246902466,0.37369871139526367,0.5397168397903442,0.4068700075149536,0.5596952438354492,0.4568319320678711,0.4812873303890228,0.4094183146953583,0.4721340835094452,0.4521699845790863,0.5475242137908936,0.49577420949935913,0.4763737618923187,0.5020874738693237,0.5384191274642944,0.507378876209259,0.49529534578323364,0.5092470645904541,0.541946291923523,0.5849955677986145,0.4945802688598633,0.5845916271209717,0.5486981868743896,0.6623853445053101,0.48344001173973083,0.6616137623786926
24,0.5014588236808777,0.36671745777130127,0.5388224124908447,0.40466174483299255,0.5535824298858643,0.4501188397407532,0.47846195101737976,0.4059673249721527,0.4693884551525116,0.4492569863796234,0.5550848245620728,0.48423194885253906,0.4731419086456299,0.49755892157554626,0.5364022254943848,0.504280149936676,0.493285596370697,0.5055197477340698,0.5401312112808228,0.5833985209465027,0.4943833351135254,0.5838174223899841,0.5479364991188049,0.6615785360336304,0.48338553309440613,0.6623377799987793
25,0.49516749382019043,0.3685476779937744,0.5252130627632141,0.40502190589904785,0.5511240363121033,0.4514768123626709,0.48708468675613403,0.40687841176986694,0.46902593970298767,0.45797866582870483,0.5542855858802795,0.4993842840194702,0.47354692220687866,0.4935774803161621,0.5293600559234619,0.49952900409698486,0.4926980137825012,0.5003763437271118,0.5297768712043762,0.5848813652992249,0.49498867988586426,0.5860245227813721,0.5445423126220703,0.6643309593200684,0.4832623600959778,0.6639847755432129
26,0.4949539601802826,0.369770348072052,0.5288469791412354,0.4064936637878418,0.5521758198738098,0.4507814347743988,0.4784114956855774,0.40721309185028076,0.4641004204750061,0.45800524950027466,0.5559209585189819,0.5002353191375732,0.46748074889183044,0.49125751852989197,0.5287210941314697,0.49957045912742615,0.48835092782974243,0.5008991360664368,0.533119261264801,0.5881783366203308,0.48994308710098267,0.5895321369171143,0.5436824560165405,0.6641231775283813,0.4797826409339905,0.6652984619140625
27,0.49547791481018066,0.3720829486846924,0.5005119442939758,0.4038906991481781,0.49461477994918823,0.45999157428741455,0.5095381736755371,0.40519386529922485,0.5201447010040283,0.4559437036514282,0.495138943195343,0.5027827620506287,0.48660701513290405,0.4937884211540222,0.5038280487060547,0.4967365860939026,0.5110882520675659,0.4971945881843567,0.5031318664550781,0.5821472406387329,0.5102818012237549,0.5815693140029907,0.49904364347457886,0.6669816970825195,0.5019044280052185,0.6637136340141296
28,0.49368876218795776,0.37073421478271484,0.5214759111404419,0.4060783088207245,0.5475877523422241,0.4516351819038391,0.48265308141708374,0.40661752223968506,0.46486660838127136,0.4517689645290375,0.5548182129859924,0.49141740798950195,0.47313565015792847,0.5006396770477295,0.5263283252716064,0.501404881477356,0.4915374219417572,0.5035138130187988,0.5264334678649902,0.5798476934432983,0.493959903717041,0.5873643159866333,0.5428817272186279,0.6659857034683228,0.48535895347595215,0.6642352342605591
29,0.49338507652282715,0.3785462975502014,0.49733203649520874,0.4077211618423462,0.475626677274704,0.45294588804244995,0.5099188089370728,0.40634438395500183,0.5222405195236206,0.45285022258758545,0.4943283200263977,0.5067472457885742,0.541003942489624,0.4979960322380066,0.4986092448234558,0.50065016746521,0.5112167000770569,0.5013552308082581,0.4997044801712036,0.5854817032814026,0.5134761929512024,0.5849025249481201,0.49781930446624756,0.6670226454734802,0.5083947777748108,0.6638689637184143
30,0.4915970265865326,0.3785521686077118,0.49159806966781616,0.4092564284801483,0.4759112596511841,0.458189457654953,0.5112615823745728,0.40657156705856323,0.5304199457168579,0.4570431709289551,0.4808740019798279,0.5020577311515808,0.545108437538147,0.5040343999862671,0.490401953458786,0.5037380456924438,0.5132498741149902,0.5021993517875671,0.4931202530860901,0.5796214938163757,0.5151939392089844,0.5803912878036499,0.48930907249450684,0.667611300945282,0.5135906934738159,0.6632830500602722
31,0.49244067072868347,0.37787097692489624,0.47800010442733765,0.4091801047325134,0.45932239294052124,0.4530228078365326,0.518958568572998,0.4068240523338318,0.5482565760612488,0.45776650309562683,0.4731737971305847,0.5006760358810425,0.5473361015319824,0.5040326118469238,0.48258551955223083,0.49957275390625,0.5228426456451416,0.49864014983177185,0.4865371584892273,0.5882775783538818,0.5280120968818665,0.5831761956214905,0.4819267690181732,0.6682288646697998,0.5416340827941895,0.66259765625
32,0.4929807782173157,0.3784569501876831,0.4858492314815521,0.40852755308151245,0.4632421135902405,0.45369192957878113,0.5144630670547485,0.4071381092071533,0.5435695052146912,0.4573668837547302,0.47563713788986206,0.5010557770729065,0.5427505970001221,0.504149854183197,0.4856880307197571,0.5026997923851013,0.521600604057312,0.501240074634552,0.4893820881843567,0.5804378986358643,0.5231795310974121,0.5807320475578308,0.4838656783103943,0.6659586429595947,0.5391896963119507,0.6642913818359375
33,0.49273210763931274,0.37796923518180847,0.4887102544307709,0.4079601764678955,0.46436306834220886,0.45254167914390564,0.5123371481895447,0.4066915214061737,0.5434942245483398,0.4570784270763397,0.4721716642379761,0.4982447028160095,0.5423928499221802,0.5039306879043579,0.4883836507797241,0.5029061436653137,0.5211846232414246,0.5017143487930298,0.49118635058403015,0.5801635980606079,0.5229943990707397,0.5808280110359192,0.4857589602470398,0.6647382974624634,0.5396994948387146,0.6627786159515381
34,0.49442097544670105,0.3792911171913147,0.4837542772293091,0.4088924527168274,0.45957764983177185,0.45268142223358154,0.5177930593490601,0.40772420167922974,0.5461000204086304,0.45788368582725525,0.4719732999801636,0.5000669956207275,0.5435670018196106,0.5044927000999451,0.4843089282512665,0.5022448897361755,0.5245358943939209,0.5017514228820801,0.48674559593200684,0.5814629793167114,0.5293368697166443,0.5871789455413818,0.48383092880249023,0.6652143001556396,0.5431561470031738,0.663276195526123
35,0.4950055778026581,0.37808308005332947,0.5100807547569275,0.40746158361434937,0.523371696472168,0.454179048538208,0.4997267723083496,0.40794235467910767,0.4981296956539154,0.4536760747432709,0.5392516255378723,0.5073946714401245,0.4833027124404907,0.5023511648178101,0.5111578702926636,0.503531813621521,0.5054118037223816,0.5035439133644104,0.5120822191238403,0.5866830348968506,0.5006924867630005,0.5869770050048828,0.5072554349899292,0.6701406240463257,0.5007599592208862,0.6662087440490723
36,0.49894940853118896,0.3768974542617798,0.5325726270675659,0.4111573100090027,0.5561498403549194,0.45769238471984863,0.47619134187698364,0.40846073627471924,0.4577556252479553,0.45236390829086304,0.5583345890045166,0.4994775056838989,0.46188315749168396,0.496662437915802,0.5299849510192871,0.504804790019989,0.48727676272392273,0.5063961148262024,0.5342704653739929,0.5890568494796753,0.4893457889556885,0.5870832204818726,0.5481499433517456,0.6673732995986938,0.48600396513938904,0.6666640043258667
37,0.4992227256298065,0.3782914876937866,0.5242157578468323,0.41083401441574097,0.5501291751861572,0.45731744170188904,0.49331194162368774,0.4102904200553894,0.4685628116130829,0.45310646295547485,0.5474344491958618,0.4992298483848572,0.4594990015029907,0.494806170463562,0.5286537408828735,0.5052120685577393,0.5005500316619873,0.5046730041503906,0.5284254550933838,0.5895779132843018,0.49288424849510193,0.5889197587966919,0.5431328415870667,0.6701948046684265,0.49327513575553894,0.6674765944480896
38,0.501682460308075,0.37258538603782654,0.48947232961654663,0.40663981437683105,0.462818443775177,0.4553118646144867,0.5326061248779297,0.40599769353866577,0.5639411211013794,0.4631730318069458,0.4628627896308899,0.5025377869606018,0.5492137670516968,0.5090078115463257,0.49202293157577515,0.5034005045890808,0.5332664847373962,0.5014448165893555,0.4904852509498596,0.5851573944091797,0.5376564264297485,0.5879493951797485,0.48503074049949646,0.6661173105239868,0.545414924621582,0.6668082475662231
39,0.5063315033912659,0.37602970004081726,0.49269646406173706,0.4090352952480316,0.4669932723045349,0.4541269540786743,0.5301570892333984,0.4065648317337036,0.5537286996841431,0.4577629268169403,0.4649866223335266,0.5005379319190979,0.5476614236831665,0.5074471831321716,0.4936734437942505,0.501358151435852,0.5317476987838745,0.5029196739196777,0.4930693805217743,0.5870665907859802,0.5405542850494385,0.5861016511917114,0.48777246475219727,0.6664908528327942,0.5470624566078186,0.665839433670044
40,0.5032633543014526,0.3765822649002075,0.530902624130249,0.40976929664611816,0.5517271161079407,0.45750147104263306,0.4983375072479248,0.40993732213974,0.48359543085098267,0.45754432678222656,0.5452717542648315,0.5037881135940552,0.47114408016204834,0.4950326085090637,0.5334275960922241,0.5034586191177368,0.5038402080535889,0.5032386779785156,0.5360394716262817,0.5876431465148926,0.49727436900138855,0.5869232416152954,0.5488440990447998,0.6719014644622803,0.4930013120174408,0.6672541499137878
41,0.5063093304634094,0.37528353929519653,0.530342161655426,0.4081004858016968,0.5527696013450623,0.45394736528396606,0.4994219243526459,0.4081200361251831,0.4847222566604614,0.44998353719711304,0.5554136037826538,0.5027676820755005,0.47547370195388794,0.49627530574798584,0.5298981666564941,0.5013402700424194,0.504364013671875,0.5015004873275757,0.5327081680297852,0.58510822057724,0.49603646993637085,0.5847870111465454,0.5454033613204956,0.6676596999168396,0.4934220016002655,0.6638026833534241
42,0.5092887878417969,0.37823745608329773,0.5347243547439575,0.4095306396484375,0.5590327978134155,0.45607659220695496,0.49441564083099365,0.4127540588378906,0.4779019057750702,0.454346239566803,0.5767734050750732,0.5026413202285767,0.4711667001247406,0.4898025691509247,0.53798907995224,0.5024312734603882,0.5005497932434082,0.5017321109771729,0.5392563343048096,0.5855301022529602,0.5001543760299683,0.5831360816955566,0.5492035746574402,0.6667062640190125,0.4896010160446167,0.6632570624351501
43,0.5091692805290222,0.37712979316711426,0.5337316989898682,0.4070417284965515,0.5571839809417725,0.4536515176296234,0.4963541030883789,0.4115731716156006,0.4791928231716156,0.45240139961242676,0.5604605078697205,0.5001513361930847,0.4773815870285034,0.4967636466026306,0.5375518798828125,0.5010131597518921,0.5002282857894897,0.4987644851207733,0.5421380400657654,0.5878699421882629,0.4984325170516968,0.5792038440704346,0.5512261986732483,0.6675375699996948,0.48734933137893677,0.6627520322799683
44,0.5118706226348877,0.3749171197414398,0.5029885172843933,0.4067116975784302,0.4878419041633606,0.45397377014160156,0.5315521955490112,0.40631645917892456,0.5548723340034485,0.4552105665206909,0.47870934009552,0.4981282651424408,0.5557149052619934,0.5015183687210083,0.5035973191261292,0.4984382092952728,0.5307626724243164,0.49781519174575806,0.4976966083049774,0.5796041488647461,0.5353474617004395,0.5811927318572998,0.4940360486507416,0.6648600101470947,0.5439919233322144,0.6660594940185547
45,0.5135334730148315,0.37575769424438477,0.49789318442344666,0.40737566351890564,0.474628746509552,0.4549298882484436,0.5353711247444153,0.40791115164756775,0.5671876668930054,0.45560121536254883,0.4757751226425171,0.49722588062286377,0.5783887505531311,0.49622413516044617,0.4970799386501312,0.4976968467235565,0.5355983376502991,0.49794989824295044,0.4913998246192932,0.5804691910743713,0.5432727336883545,0.5794523358345032,0.4883453845977783,0.6642117500305176,0.549299955368042,0.6642261743545532
46,0.5117950439453125,0.374183714389801,0.5168272256851196,0.4060579240322113,0.5134217739105225,0.45539867877960205,0.5203742384910583,0.40778741240501404,0.5427762269973755,0.45292961597442627,0.5554910898208618,0.49793753027915955,0.5567218065261841,0.4959234595298767,0.5162138938903809,0.4984552264213562,0.5163530111312866,0.4977200925350189,0.5149660110473633,0.580348014831543,0.5158758163452148,0.5861493945121765,0.5375538468360901,0.666553795337677,0.500641405582428,0.6647918224334717
47,0.512015700340271,0.37485408782958984,0.5287691354751587,0.4086611270904541,0.5510889291763306,0.45423537492752075,0.5093541145324707,0.40852996706962585,0.49197790026664734,0.45312103629112244,0.5685534477233887,0.49600672721862793,0.4920088052749634,0.49753016233444214,0.5303529500961304,0.4981963336467743,0.5093412399291992,0.4984651803970337,0.5341861248016357,0.5822995901107788,0.5020623803138733,0.5786733031272888,0.5460977554321289,0.6662580370903015,0.49309012293815613,0.6650632619857788
48,0.5144370198249817,0.3745831847190857,0.5366984605789185,0.4062795042991638,0.5617533922195435,0.4461100697517395,0.4949157238006592,0.41092535853385925,0.4748782515525818,0.451943963766098,0.5860638618469238,0.4940934181213379,0.47613173723220825,0.49059534072875977,0.541857123374939,0.5007671117782593,0.4981817603111267,0.497485488653183,0.5452302098274231,0.5783942937850952,0.4972659945487976,0.5822823643684387,0.5511882305145264,0.6679702997207642,0.4848831295967102,0.6625826358795166
49,0.5120919346809387,0.37436187267303467,0.5345906019210815,0.4059305191040039,0.5606929063796997,0.44734108448028564,0.49552595615386963,0.41012924909591675,0.47530680894851685,0.45236045122146606,0.5886975526809692,0.4882241487503052,0.47700631618499756,0.4959554076194763,0.5402507185935974,0.49855732917785645,0.4977782368659973,0.49912601709365845,0.5452996492385864,0.5782837271690369,0.4970722794532776,0.578036904335022,0.5521547198295593,0.6674124598503113,0.48551231622695923,0.6613916158676147
50,0.5103927850723267,0.37205761671066284,0.5376116037368774,0.4074196517467499,0.5581047534942627,0.44785255193710327,0.49192923307418823,0.41018474102020264,0.47704753279685974,0.457632839679718,0.5834422707557678,0.4902287721633911,0.4743204116821289,0.4984966516494751,0.5382100939750671,0.5016211271286011,0.49657636880874634,0.5039533972740173,0.5403136014938354,0.5822461247444153,0.49352169036865234,0.5828542709350586,0.5506396889686584,0.6654994487762451,0.48384344577789307,0.664017915725708
51,0.5081444382667542,0.3730338215827942,0.5365684032440186,0.40666574239730835,0.5590952634811401,0.45098254084587097,0.4919881224632263,0.41092920303344727,0.47290968894958496,0.4520430564880371,0.5875240564346313,0.4890681207180023,0.4734615981578827,0.5011711120605469,0.5383424758911133,0.5004622936248779,0.49756723642349243,0.502322256565094,0.5468686819076538,0.5835106372833252,0.49590104818344116,0.5794496536254883,0.551236629486084,0.6611296534538269,0.4857572019100189,0.6608588695526123
52,0.5082159638404846,0.37424588203430176,0.53724205493927,0.40843909978866577,0.5616293549537659,0.45544320344924927,0.4932504892349243,0.4133419692516327,0.46980223059654236,0.45435795187950134,0.5893950462341309,0.49315863847732544,0.4698631763458252,0.4993312954902649,0.5386079549789429,0.5044230222702026,0.4946597218513489,0.5035398006439209,0.5454274415969849,0.5873547196388245,0.4980130195617676,0.5836817026138306,0.5507692098617554,0.6674536466598511,0.48742207884788513,0.6641358137130737
53,0.5049387812614441,0.37505483627319336,0.5328298807144165,0.4076058864593506,0.5555858612060547,0.45241063833236694,0.4871637225151062,0.4121705889701843,0.46922335028648376,0.4528849720954895,0.581562876701355,0.4899304509162903,0.46694597601890564,0.4959712028503418,0.5351089239120483,0.5039162635803223,0.49515220522880554,0.5052362680435181,0.5417011976242065,0.5826731324195862,0.49508732557296753,0.5853431820869446,0.5516874194145203,0.6641561388969421,0.48431020975112915,0.6648066639900208
54,0.502058207988739,0.37554460763931274,0.5394682884216309,0.40915077924728394,0.5548928380012512,0.4514290988445282,0.4841042757034302,0.41151389479637146,0.4696846604347229,0.4491591155529022,0.5829503536224365,0.4880695343017578,0.4657977521419525,0.4961629807949066,0.5333459377288818,0.5036450028419495,0.4932047724723816,0.5049633383750916,0.5403658151626587,0.5803568363189697,0.4923897385597229,0.5830980539321899,0.5501877069473267,0.6626901626586914,0.48327821493148804,0.6646926403045654
55,0.5028526782989502,0.37529128789901733,0.5402931571006775,0.409066379070282,0.5564298629760742,0.45161062479019165,0.4828777015209198,0.40893906354904175,0.4645874500274658,0.45022112131118774,0.5848852396011353,0.48707449436187744,0.45581647753715515,0.4871382415294647,0.5353477001190186,0.5019090175628662,0.4941422641277313,0.5026918053627014,0.546075701713562,0.5832970142364502,0.494842529296875,0.5812739133834839,0.5513953566551208,0.6629139184951782,0.48376381397247314,0.6650972366333008
56,0.5051168203353882,0.37192603945732117,0.5388584136962891,0.4089265763759613,0.5559324026107788,0.4510272443294525,0.4829648435115814,0.40907618403434753,0.46782928705215454,0.4562244117259979,0.5820792317390442,0.4874158799648285,0.4601428210735321,0.4905374050140381,0.5345638990402222,0.5014718174934387,0.49168047308921814,0.502553403377533,0.5428969860076904,0.5851227641105652,0.49246010184288025,0.583308219909668,0.5497050285339355,0.6650952100753784,0.4831792712211609,0.6650888919830322
57,0.5035305619239807,0.3687284588813782,0.5384669899940491,0.40778133273124695,0.5575830936431885,0.4497527778148651,0.48310011625289917,0.4088723361492157,0.46407318115234375,0.45261693000793457,0.5844120383262634,0.4836121201515198,0.4496203362941742,0.4875849187374115,0.5340687036514282,0.5008465051651001,0.4913487434387207,0.5022659301757812,0.5427715182304382,0.5835843086242676,0.4930304288864136,0.5829626321792603,0.5496962070465088,0.6671489477157593,0.48307639360427856,0.6670979261398315
58,0.502529501914978,0.36878108978271484,0.5381692051887512,0.40772566199302673,0.5568673610687256,0.45005401968955994,0.4820552468299866,0.4089202284812927,0.4615101218223572,0.45265814661979675,0.5874926447868347,0.48522326350212097,0.4471457004547119,0.48512256145477295,0.5323758721351624,0.49968886375427246,0.4905323386192322,0.5004780888557434,0.5419801473617554,0.5821318626403809,0.4925796389579773,0.5804930925369263,0.5491968393325806,0.6644400954246521,0.4829444885253906,0.6659103631973267
59,0.5026668906211853,0.3688775300979614,0.5374643802642822,0.4080011546611786,0.5567183494567871,0.44974204897880554,0.48289328813552856,0.4088801145553589,0.45947641134262085,0.45097780227661133,0.5875234007835388,0.49517008662223816,0.44429463148117065,0.4834003150463104,0.5306711792945862,0.4998905062675476,0.4899420738220215,0.5008289217948914,0.5391929149627686,0.5830191969871521,0.4928525686264038,0.5801129341125488,0.5470682978630066,0.6691768169403076,0.48267245292663574,0.6677307486534119
60,0.5008584260940552,0.36669230461120605,0.5386496782302856,0.40649908781051636,0.5580564737319946,0.44615599513053894,0.4812133014202118,0.4094904065132141,0.4625689685344696,0.45671600103378296,0.5930031538009644,0.48570486903190613,0.4489421546459198,0.4885120093822479,0.5333884954452515,0.5003159046173096,0.4905056655406952,0.5029287934303284,0.543783962726593,0.5858296155929565,0.491931676864624,0.5853704214096069,0.5498591661453247,0.6722997426986694,0.48530325293540955,0.6698035597801208
61,0.4995114803314209,0.36691439151763916,0.5369418859481812,0.40657028555870056,0.5573170185089111,0.4482944905757904,0.4847378134727478,0.40945491194725037,0.46325159072875977,0.4533212184906006,0.5905158519744873,0.4899052381515503,0.44788992404937744,0.486110657453537,0.5338650941848755,0.4981672763824463,0.49186402559280396,0.5000589489936829,0.5439143180847168,0.581501841545105,0.49583789706230164,0.5802775025367737,0.548958957195282,0.6708598136901855,0.4880067706108093,0.6662955284118652
62,0.49943023920059204,0.36656397581100464,0.5366302728652954,0.40617960691452026,0.557663083076477,0.44838738441467285,0.48590803146362305,0.4077387750148773,0.4617535471916199,0.4516465663909912,0.5886878967285156,0.4926466643810272,0.4465310573577881,0.48603591322898865,0.5346038341522217,0.49964994192123413,0.49174433946609497,0.4982938766479492,0.5430861711502075,0.5803804397583008,0.49696898460388184,0.5783390998840332,0.548801600933075,0.6706756353378296,0.4888855218887329,0.6660276651382446
63,0.49886441230773926,0.36624574661254883,0.5357649326324463,0.40597638487815857,0.5578186511993408,0.44648313522338867,0.4829118847846985,0.40682241320610046,0.45702406764030457,0.44807499647140503,0.5914044976234436,0.48985278606414795,0.4420566260814667,0.48645490407943726,0.5327413082122803,0.49682527780532837,0.4898947477340698,0.49875032901763916,0.5406534671783447,0.5824575424194336,0.49530094861984253,0.5814096927642822,0.547965943813324,0.669904351234436,0.4882861077785492,0.6655797958374023
64,0.49970948696136475,0.367716908454895,0.5371820330619812,0.40670764446258545,0.5569225549697876,0.44772037863731384,0.48482567071914673,0.4077693819999695,0.4581937789916992,0.4492703676223755,0.5923207998275757,0.49198460578918457,0.44256532192230225,0.48895734548568726,0.534784197807312,0.49834853410720825,0.4918716847896576,0.5001932382583618,0.543117880821228,0.5843251943588257,0.4977700710296631,0.5831939578056335,0.5490046739578247,0.6738092303276062,0.48868411779403687,0.6684142351150513
65,0.49994683265686035,0.368358314037323,0.5361367464065552,0.406025230884552,0.5566409826278687,0.4476187229156494,0.48822125792503357,0.40846574306488037,0.45850512385368347,0.451020210981369,0.5950584411621094,0.48932766914367676,0.44126200675964355,0.4873960018157959,0.5359601974487305,0.4979039132595062,0.4949212074279785,0.49997347593307495,0.5407803058624268,0.5843152403831482,0.49940264225006104,0.5817155838012695,0.5473158359527588,0.6738891005516052,0.489717572927475,0.6671053767204285
66,0.501964271068573,0.36903685331344604,0.5286567211151123,0.40502870082855225,0.5539336204528809,0.4491463601589203,0.49692797660827637,0.4095790982246399,0.46621739864349365,0.45413094758987427,0.592507541179657,0.4884004592895508,0.4426612854003906,0.4866864085197449,0.5319429636001587,0.4974108636379242,0.5023000836372375,0.49788081645965576,0.5371248722076416,0.5836737751960754,0.5040316581726074,0.5821135640144348,0.5459457635879517,0.6749730110168457,0.49487218260765076,0.668224036693573
67,0.503129243850708,0.3689700961112976,0.5366178750991821,0.40569016337394714,0.5579184293746948,0.4494597911834717,0.4937454164028168,0.40976208448410034,0.46274757385253906,0.4524967670440674,0.5949699282646179,0.4920835494995117,0.4431222379207611,0.48417234420776367,0.5376516580581665,0.49895602464675903,0.5004447102546692,0.498355507850647,0.5433003902435303,0.5854606032371521,0.5029709339141846,0.5834856629371643,0.549653172492981,0.6748864054679871,0.494350790977478,0.6678556799888611
68,0.5036758184432983,0.36809831857681274,0.5396763682365417,0.4029870927333832,0.5627609491348267,0.44384095072746277,0.4865363836288452,0.40830665826797485,0.46248865127563477,0.4493361711502075,0.5960988998413086,0.4893556237220764,0.4393436312675476,0.4818723201751709,0.5396039485931396,0.4991472363471985,0.49694645404815674,0.49794432520866394,0.5470468997955322,0.576075553894043,0.5005007982254028,0.5787577629089355,0.5527911186218262,0.6719346046447754,0.49123868346214294,0.6669186353683472
69,0.503915548324585,0.36970412731170654,0.5397176742553711,0.4032524824142456,0.5631536245346069,0.44542333483695984,0.49014508724212646,0.4094104468822479,0.46293962001800537,0.45025452971458435,0.6042565107345581,0.48541969060897827,0.43160638213157654,0.4778910279273987,0.5373899936676025,0.49877625703811646,0.4961888790130615,0.4983143210411072,0.5426138639450073,0.5812965035438538,0.4997006058692932,0.5793998837471008,0.5504113435745239,0.6738302111625671,0.4922410845756531,0.6673035025596619
70,0.5002964735031128,0.3718551993370056,0.5097177624702454,0.40290266275405884,0.489227831363678,0.44910919666290283,0.5212435126304626,0.40426105260849,0.5451273918151855,0.44504499435424805,0.49894630908966064,0.476848304271698,0.5432237982749939,0.47486793994903564,0.5111741423606873,0.4968615174293518,0.5264443755149841,0.4947822690010071,0.5002967119216919,0.5779441595077515,0.5281598567962646,0.5784600973129272,0.493345707654953,0.6691334247589111,0.5424350500106812,0.6701036691665649
71,0.5045833587646484,0.37129640579223633,0.5378857851028442,0.40223783254623413,0.5643823742866516,0.44270068407058716,0.4922146797180176,0.4078204035758972,0.46542882919311523,0.44429540634155273,0.6016250848770142,0.4686022698879242,0.435090035200119,0.46059736609458923,0.5355551242828369,0.49786755442619324,0.497320294380188,0.497504323720932,0.5356302857398987,0.5814609527587891,0.4982626140117645,0.5745065212249756,0.5478636026382446,0.6696203947067261,0.48792213201522827,0.6661093235015869
72,0.5014064908027649,0.36639404296875,0.5380547046661377,0.39821773767471313,0.5648964643478394,0.434324711561203,0.48810145258903503,0.40328192710876465,0.46858566999435425,0.4395473003387451,0.6170431971549988,0.46454545855522156,0.45022886991500854,0.45252174139022827,0.532264769077301,0.49832040071487427,0.4941974878311157,0.4991212487220764,0.5348104238510132,0.5822656750679016,0.4997563064098358,0.5827305316925049,0.548190176486969,0.6691734790802002,0.48839330673217773,0.6666852831840515
73,0.49992141127586365,0.3661571145057678,0.539255678653717,0.39906197786331177,0.5530190467834473,0.43504032492637634,0.4942041039466858,0.39780282974243164,0.469166100025177,0.4321419894695282,0.5881741046905518,0.4652145504951477,0.4185106158256531,0.4263712167739868,0.534246563911438,0.49794504046440125,0.4928842782974243,0.49977025389671326,0.528853178024292,0.5828779935836792,0.49536365270614624,0.5825154781341553,0.5475356578826904,0.6715811491012573,0.48564237356185913,0.6653430461883545
74,0.5060343742370605,0.36598068475723267,0.5314199924468994,0.3969278335571289,0.5531420707702637,0.42253148555755615,0.5005909204483032,0.39973264932632446,0.4902709126472473,0.4263373017311096,0.6038777828216553,0.42906856536865234,0.4934637248516083,0.4531343877315521,0.5306085348129272,0.4908122718334198,0.5007018446922302,0.49125632643699646,0.5285714268684387,0.579829752445221,0.5015453100204468,0.5792782306671143,0.547499418258667,0.6698843836784363,0.48945552110671997,0.6639639139175415
75,0.5110775232315063,0.3646652400493622,0.5385578274726868,0.40076944231987,0.5621857643127441,0.41666609048843384,0.49149033427238464,0.3991774916648865,0.44919127225875854,0.40086692571640015,0.5733391642570496,0.3763153553009033,0.4259948432445526,0.38334769010543823,0.5368999242782593,0.4952704906463623,0.4973085820674896,0.4930729866027832,0.5311509966850281,0.5824798941612244,0.49841105937957764,0.5797778964042664,0.5459685325622559,0.6730105876922607,0.486722469329834,0.6680439710617065
76,0.5063878893852234,0.3705834150314331,0.5469316244125366,0.39465177059173584,0.5618877410888672,0.4194498062133789,0.49274858832359314,0.39519378542900085,0.46160802245140076,0.4022231996059418,0.5225010514259338,0.3818507194519043,0.4752051830291748,0.38685914874076843,0.5345759391784668,0.4911039471626282,0.5012269616127014,0.496614545583725,0.5210179686546326,0.5741435289382935,0.498828649520874,0.5736649036407471,0.5319180488586426,0.6644169092178345,0.4938391447067261,0.665374755859375
77,0.49721676111221313,0.36685866117477417,0.5200598835945129,0.38762161135673523,0.5148130655288696,0.3867127597332001,0.4992988109588623,0.38994622230529785,0.4671158492565155,0.3910207748413086,0.5133267641067505,0.37628644704818726,0.2582230567932129,0.4951188266277313,0.5298166871070862,0.5006397366523743,0.5055396556854248,0.5043149590492249,0.5133190155029297,0.5747278928756714,0.49987661838531494,0.5756260752677917,0.5263227224349976,0.6642061471939087,0.5016380548477173,0.6645106077194214
78,0.49907612800598145,0.36467164754867554,0.27721071243286133,0.4650643765926361,0.512914776802063,0.46181461215019226,0.5079969167709351,0.43488189578056335,0.5072717666625977,0.46215683221817017,0.2648558020591736,0.4877229630947113,0.25827285647392273,0.4820556640625,0.514716386795044,0.5015210509300232,0.5111240148544312,0.5047897696495056,0.5102418661117554,0.5655232667922974,0.5075992345809937,0.5659791827201843,0.517086386680603,0.6461552381515503,0.5100752115249634,0.6433044672012329
79,0.4992918372154236,0.36089250445365906,0.5095852613449097,0.4480989873409271,0.5116757750511169,0.4704384207725525,0.5116278529167175,0.4511464536190033,0.510481595993042,0.46938061714172363,0.26742133498191833,0.4912203550338745,0.5141323804855347,0.4821360111236572,0.5142855644226074,0.50298672914505,0.5126386880874634,0.5052347183227539,0.508201003074646,0.5670464634895325,0.5055351257324219,0.5670512318611145,0.5090916752815247,0.6438581943511963,0.5086939930915833,0.6419905424118042
80,0.493586003780365,0.3669711947441101,0.5155801177024841,0.38812464475631714,0.5068036317825317,0.37961870431900024,0.5015422105789185,0.4322347640991211,0.4107862710952759,0.3469497561454773,0.5038774013519287,0.36815398931503296,0.4116506278514862,0.33355796337127686,0.5137522220611572,0.5018287897109985,0.5055574178695679,0.5034657716751099,0.5087119340896606,0.5689148902893066,0.4990804195404053,0.5676762461662292,0.5065969824790955,0.6548426151275635,0.5024837851524353,0.6499964594841003
81,0.4877240061759949,0.36362072825431824,0.5131624937057495,0.39255115389823914,0.5095459222793579,0.38342854380607605,0.48318812251091003,0.39725300669670105,0.461688756942749,0.38394293189048767,0.500249981880188,0.3735458552837372,0.4400021731853485,0.35998666286468506,0.5218086242675781,0.49679264426231384,0.4999048411846161,0.4915508031845093,0.513916015625,0.5661888718605042,0.4983137249946594,0.5662203431129456,0.5069711208343506,0.6541706323623657,0.4965299963951111,0.6416481733322144
82,0.49411672353744507,0.35783088207244873,0.5172836780548096,0.38602277636528015,0.5126193761825562,0.36954623460769653,0.5012599229812622,0.40803587436676025,0.4938478469848633,0.3736741244792938,0.5027705430984497,0.3701492249965668,0.48988017439842224,0.37190935015678406,0.5250523090362549,0.4943084418773651,0.5066069960594177,0.4890294075012207,0.5120915770530701,0.5653293132781982,0.5015031099319458,0.5642738938331604,0.5120328664779663,0.6500799655914307,0.5016424059867859,0.65193772315979
83,0.49097010493278503,0.3611305356025696,0.5161592960357666,0.3878137469291687,0.5139973163604736,0.3693903386592865,0.4875526428222656,0.3976247012615204,0.452738493680954,0.3764403462409973,0.4982239902019501,0.3682539463043213,0.43930062651634216,0.35476499795913696,0.5211410522460938,0.48426589369773865,0.499331533908844,0.48859500885009766,0.5117579698562622,0.5642666220664978,0.49933549761772156,0.5634371042251587,0.5061492323875427,0.6566857099533081,0.4971659779548645,0.6427057385444641
84,0.4990062415599823,0.3593331277370453,0.5181068181991577,0.39254510402679443,0.52039635181427,0.36404651403427124,0.5060797929763794,0.3956034779548645,0.5084742307662964,0.3683440685272217,0.5040804147720337,0.35480996966362,0.4959038496017456,0.3562721014022827,0.5291895866394043,0.48952409625053406,0.5128675699234009,0.49405425786972046,0.5178127288818359,0.5769578218460083,0.5088138580322266,0.575180172920227,0.5349697470664978,0.6584992408752441,0.5012511014938354,0.654944658279419
85,0.49637359380722046,0.35988742113113403,0.5238999128341675,0.3915984034538269,0.5248231887817383,0.3891570270061493,0.5043890476226807,0.3951622247695923,0.5017025470733643,0.3750835061073303,0.5040292739868164,0.35974395275115967,0.49547144770622253,0.36133456230163574,0.5269639492034912,0.48707494139671326,0.5108870267868042,0.4911181628704071,0.5148011445999146,0.5687134861946106,0.5040712952613831,0.5675714015960693,0.5323448181152344,0.658080518245697,0.49881112575531006,0.6549973487854004
86,0.4966038167476654,0.36473774909973145,0.5314418077468872,0.39450904726982117,0.5228109359741211,0.37363338470458984,0.49062949419021606,0.40214794874191284,0.4737491011619568,0.38332244753837585,0.511530876159668,0.35765382647514343,0.4072059988975525,0.3241575062274933,0.5322393774986267,0.4895290732383728,0.5051522254943848,0.4916291832923889,0.528209924697876,0.5700700283050537,0.5000472068786621,0.5705229640007019,0.5401118993759155,0.6609635353088379,0.49309372901916504,0.6530748605728149
87,0.49828261137008667,0.3638033866882324,0.5305361747741699,0.386211633682251,0.522067666053772,0.370750367641449,0.5038750767707825,0.3998824954032898,0.5031259059906006,0.37466830015182495,0.512598991394043,0.35693615674972534,0.5001729726791382,0.3588455319404602,0.5316391587257385,0.48892125487327576,0.510539174079895,0.49141931533813477,0.523727536201477,0.5724961757659912,0.5028319954872131,0.5705550312995911,0.537712812423706,0.6606579422950745,0.49548110365867615,0.6537207365036011
88,0.49920031428337097,0.3642852008342743,0.5238133668899536,0.39340293407440186,0.5224828720092773,0.3712387681007385,0.5063902139663696,0.3967779576778412,0.5063250064849854,0.3749759793281555,0.5138895511627197,0.3565846085548401,0.5031810402870178,0.35831496119499207,0.5289574861526489,0.49287039041519165,0.5087497234344482,0.4971463084220886,0.5191330313682556,0.5710184574127197,0.5011104941368103,0.5691695809364319,0.5352025032043457,0.6597164869308472,0.49764126539230347,0.6619982719421387
89,0.49944233894348145,0.3614352345466614,0.5241708159446716,0.3919222950935364,0.5215860605239868,0.38031241297721863,0.5051555633544922,0.3960045576095581,0.5059078335762024,0.3728324770927429,0.5137288570404053,0.3574161231517792,0.40369343757629395,0.32545459270477295,0.5288273096084595,0.48773807287216187,0.5088634490966797,0.49098333716392517,0.5181156396865845,0.5701983571052551,0.500098705291748,0.5709981918334961,0.5330141186714172,0.6589851379394531,0.49850305914878845,0.6546116471290588
90,0.49753960967063904,0.36663198471069336,0.5307988524436951,0.3957567811012268,0.5466181039810181,0.3714950978755951,0.4907543361186981,0.40508556365966797,0.499764621257782,0.37430286407470703,0.5152804851531982,0.3555063009262085,0.4048866033554077,0.32575249671936035,0.5309430956840515,0.49111783504486084,0.5061064958572388,0.4932853877544403,0.5258630514144897,0.5717998147010803,0.49935227632522583,0.5714067220687866,0.5388003587722778,0.6610888838768005,0.4940981864929199,0.6525872349739075
91,0.49701184034347534,0.36825308203697205,0.527288556098938,0.39467358589172363,0.5218029618263245,0.37320661544799805,0.48878014087677,0.4027307629585266,0.4945308566093445,0.3752250373363495,0.5156440734863281,0.35896584391593933,0.40467068552970886,0.3256797194480896,0.5260518789291382,0.4900638461112976,0.5027239322662354,0.4920079708099365,0.5165266990661621,0.5698729753494263,0.4969799518585205,0.5690129995346069,0.5345226526260376,0.6594294309616089,0.49472853541374207,0.6516646146774292
92,0.4983602464199066,0.36995649337768555,0.5281836986541748,0.3964042663574219,0.5241172313690186,0.3739660382270813,0.48823481798171997,0.4043661952018738,0.4934644401073456,0.3756512999534607,0.515971302986145,0.3573746681213379,0.406034916639328,0.32529351115226746,0.5276713371276855,0.49029144644737244,0.5025210976600647,0.49204468727111816,0.520850658416748,0.5702590346336365,0.4969646632671356,0.5691018104553223,0.5364736914634705,0.65931236743927,0.49278706312179565,0.6502952575683594
93,0.49699831008911133,0.373614639043808,0.5299550294876099,0.4014015793800354,0.5237224102020264,0.3860644996166229,0.4802170693874359,0.40424293279647827,0.4383869171142578,0.3765009343624115,0.5194789171218872,0.353459894657135,0.4058576226234436,0.32198938727378845,0.5306605100631714,0.4942512512207031,0.4969547390937805,0.49422013759613037,0.5284343957901001,0.5749945640563965,0.4953348636627197,0.5713430643081665,0.5415971875190735,0.6620392799377441,0.48390015959739685,0.6584209203720093
94,0.4974147081375122,0.3719019293785095,0.5286989212036133,0.39961540699005127,0.525780439376831,0.3863157629966736,0.48451781272888184,0.4030308425426483,0.4532657563686371,0.3815259337425232,0.5154968500137329,0.35695645213127136,0.4076119065284729,0.32251739501953125,0.532508134841919,0.49192750453948975,0.5006121397018433,0.4921337962150574,0.5303177237510681,0.5714216828346252,0.4986568093299866,0.5699626207351685,0.5416669845581055,0.661069393157959,0.4899958074092865,0.6503934264183044
95,0.49655574560165405,0.3719921112060547,0.5245051383972168,0.3981754183769226,0.5301851034164429,0.37137770652770996,0.48242852091789246,0.40400561690330505,0.4527475833892822,0.38110584020614624,0.514352560043335,0.3533346354961395,0.4056650400161743,0.3217024803161621,0.5285273194313049,0.4908967912197113,0.4975561499595642,0.49304139614105225,0.5284245014190674,0.5737975835800171,0.4967971444129944,0.571272611618042,0.5421056151390076,0.6619621515274048,0.4856112599372864,0.6577035188674927
96,0.49424228072166443,0.3606099486351013,0.5099252462387085,0.39117419719696045,0.5081325769424438,0.3798605799674988,0.5051486492156982,0.3974928855895996,0.5013900399208069,0.3832901418209076,0.5021330118179321,0.357413113117218,0.49823635816574097,0.3593181371688843,0.5097957849502563,0.4946596026420593,0.5058189630508423,0.497646301984787,0.5065590739250183,0.5704727172851562,0.5013346672058105,0.5703619718551636,0.5066964626312256,0.6625144481658936,0.4996500015258789,0.6620725393295288
97,0.4919006824493408,0.36498093605041504,0.5026015043258667,0.3900226056575775,0.500825047492981,0.38379865884780884,0.4920380115509033,0.39920541644096375,0.4871358573436737,0.41625234484672546,0.49832090735435486,0.47327911853790283,0.4893631637096405,0.4718688428401947,0.5061671733856201,0.4865517020225525,0.5046947002410889,0.49103105068206787,0.5086145997047424,0.5702431797981262,0.5003567934036255,0.5707885026931763,0.5068808794021606,0.6624197363853455,0.49600106477737427,0.6617116332054138
98,0.4954369068145752,0.3623369634151459,0.5002350211143494,0.38839420676231384,0.5014574527740479,0.3714846074581146,0.5088081955909729,0.3935437798500061,0.5051561594009399,0.3836665749549866,0.499709814786911,0.36251455545425415,0.5052459836006165,0.3641454577445984,0.5075581669807434,0.4825159013271332,0.5102458000183105,0.48534640669822693,0.512935221195221,0.5674217939376831,0.512174665927887,0.5680668950080872,0.5032050013542175,0.6606150269508362,0.49826931953430176,0.660546600818634
99,0.5001832842826843,0.35232922434806824,0.5098126530647278,0.37628039717674255,0.5112514495849609,0.3709050118923187,0.5064894556999207,0.38182002305984497,0.5132473707199097,0.368341326713562,0.5085270404815674,0.3651134967803955,0.5058896541595459,0.3665587902069092,0.5113593935966492,0.49535852670669556,0.5103813409805298,0.4992426037788391,0.5040476322174072,0.5768632292747498,0.5079817175865173,0.5775392055511475,0.5030962228775024,0.6537015438079834,0.504173219203949,0.6518843173980713
100,0.5023490190505981,0.3493749797344208,0.5047160983085632,0.36521995067596436,0.5155547261238098,0.3616665303707123,0.5119855403900146,0.3702496290206909,0.5189754962921143,0.3662026822566986,0.2704610526561737,0.4968743920326233,0.5189352631568909,0.5275958180427551,0.5202334523200989,0.5015364289283752,0.5208725929260254,0.5048090219497681,0.5071787238121033,0.5873779058456421,0.508979320526123,0.5849497318267822,0.5108336806297302,0.6533926725387573,0.5193121433258057,0.6482816338539124
101,0.49386534094810486,0.3645799160003662,0.5015060901641846,0.40397900342941284,0.5020811557769775,0.38228175044059753,0.5047783255577087,0.3936580419540405,0.5040713548660278,0.3825448751449585,0.49787792563438416,0.3724917769432068,0.49928373098373413,0.3721050024032593,0.5132863521575928,0.49959003925323486,0.5130165815353394,0.5008817911148071,0.5126134157180786,0.5772596001625061,0.5113193988800049,0.5767337083816528,0.5046967267990112,0.6498801112174988,0.5009231567382812,0.6492695212364197
102,0.4960988163948059,0.3670869767665863,0.5134341716766357,0.3955325782299042,0.5145801305770874,0.3867719769477844,0.5022445917129517,0.3972278833389282,0.5016443729400635,0.3875848054885864,0.5088853240013123,0.3765975832939148,0.485779345035553,0.3752882480621338,0.524634599685669,0.4949309825897217,0.510460376739502,0.4931471347808838,0.5205689668655396,0.5749813318252563,0.5062046051025391,0.5760413408279419,0.5108290910720825,0.6611236333847046,0.49611353874206543,0.6595063209533691
103,0.493325799703598,0.3652992248535156,0.5163142681121826,0.39086613059043884,0.5231454372406006,0.3800845742225647,0.4878089427947998,0.3989292085170746,0.47173306345939636,0.3819127082824707,0.5103440284729004,0.3591000437736511,0.41142982244491577,0.3275645673274994,0.5263329744338989,0.48762649297714233,0.5052438974380493,0.4903124272823334,0.5288008451461792,0.5700262784957886,0.5025652050971985,0.5720040798187256,0.5433026552200317,0.6577050089836121,0.4929552674293518,0.6561570763587952
104,0.5015237927436829,0.36562833189964294,0.504146933555603,0.41960978507995605,0.5027838945388794,0.4304099977016449,0.5145496726036072,0.38872402906417847,0.5189478993415833,0.38279956579208374,0.5089738965034485,0.4586568772792816,0.5041334629058838,0.37843284010887146,0.5147491097450256,0.5045587420463562,0.5264698266983032,0.5021440982818604,0.5132014155387878,0.5822628736495972,0.5204793214797974,0.5817286968231201,0.5000117421150208,0.6516735553741455,0.5046229958534241,0.6519804000854492
105,0.4993841052055359,0.36786577105522156,0.5117610692977905,0.39310139417648315,0.5166255235671997,0.39667654037475586,0.5100311636924744,0.3929508626461029,0.5156406164169312,0.3866909444332123,0.5044897794723511,0.3820207118988037,0.5025631785392761,0.38222819566726685,0.516688346862793,0.49859851598739624,0.5117481350898743,0.49955111742019653,0.5152304172515869,0.5756653547286987,0.511497437953949,0.5755739212036133,0.5053489208221436,0.6592066287994385,0.49959415197372437,0.6586131453514099
106,0.49617621302604675,0.3782197833061218,0.48490914702415466,0.4073546528816223,0.48527663946151733,0.4241969585418701,0.529478907585144,0.404986709356308,0.5507584810256958,0.3807299733161926,0.4180721044540405,0.3369736075401306,0.555054783821106,0.32854247093200684,0.5074913501739502,0.513364851474762,0.5275329351425171,0.50368732213974,0.5054755806922913,0.586875319480896,0.5223230719566345,0.5863955616950989,0.5010667443275452,0.6662847995758057,0.5064764022827148,0.6662400364875793
107,0.5011216402053833,0.39022016525268555,0.5133017301559448,0.419856995344162,0.5280987024307251,0.387915700674057,0.5084856748580933,0.4190273880958557,0.5222463011741638,0.39012500643730164,0.5550297498703003,0.3258019685745239,0.5123629570007324,0.3799976110458374,0.5250767469406128,0.5099756717681885,0.5145230293273926,0.5122776031494141,0.5265727043151855,0.5879909992218018,0.5077387094497681,0.5891820192337036,0.5408527851104736,0.6671716570854187,0.49525174498558044,0.6623495817184448
108,0.5069294571876526,0.3818180561065674,0.5366476774215698,0.4141969084739685,0.567755401134491,0.3985062837600708,0.4901456832885742,0.4157159924507141,0.43423327803611755,0.3838772177696228,0.553706705570221,0.3172835111618042,0.4154141843318939,0.3326982855796814,0.5374201536178589,0.5039166212081909,0.5043356418609619,0.5071712136268616,0.538111686706543,0.5820499062538147,0.49615418910980225,0.5805474519729614,0.547122597694397,0.6600472927093506,0.4884495437145233,0.6611140370368958
109,0.5050885081291199,0.38858622312545776,0.531474232673645,0.41892918944358826,0.5545271039009094,0.41611814498901367,0.49089306592941284,0.42333483695983887,0.455120325088501,0.4174652695655823,0.5397777557373047,0.405714213848114,0.41211551427841187,0.35324153304100037,0.5361491441726685,0.5142216682434082,0.508753776550293,0.5214873552322388,0.5367217063903809,0.5910069942474365,0.5035045742988586,0.5907353162765503,0.5465182065963745,0.6640535593032837,0.48958343267440796,0.6626622080802917
110,0.5126348733901978,0.39990875124931335,0.539253830909729,0.4283665120601654,0.5723164677619934,0.3939357399940491,0.5000247955322266,0.43696674704551697,0.5066437721252441,0.41058534383773804,0.5610830187797546,0.3361901044845581,0.4199680685997009,0.37147802114486694,0.5369848012924194,0.5256165266036987,0.5058452486991882,0.5292990803718567,0.5372592806816101,0.59825599193573,0.4944048821926117,0.5964536666870117,0.5454301238059998,0.674384355545044,0.4872567355632782,0.6695271730422974
111,0.5170580744743347,0.40671584010124207,0.5475543141365051,0.44037699699401855,0.5634571313858032,0.4701758623123169,0.5019631385803223,0.4434211254119873,0.4886171817779541,0.46667152643203735,0.5729085206985474,0.4699784219264984,0.42686545848846436,0.37069642543792725,0.5368748307228088,0.528028130531311,0.507145881652832,0.5319477319717407,0.5396615266799927,0.5974892377853394,0.4982683062553406,0.5960138440132141,0.5461191534996033,0.6681303381919861,0.48994240164756775,0.6657537817955017
112,0.5188623666763306,0.40890467166900635,0.5442339777946472,0.43938907980918884,0.5727512240409851,0.3950590491294861,0.4965434968471527,0.44784092903137207,0.47182172536849976,0.4102327227592468,0.5604422092437744,0.3420650362968445,0.4317574203014374,0.3787943124771118,0.5365986227989197,0.5431816577911377,0.503141462802887,0.5450817346572876,0.5373682975769043,0.6050561666488647,0.5040987730026245,0.6033631563186646,0.5440166592597961,0.6719905138015747,0.48919427394866943,0.6696295738220215
113,0.5120231509208679,0.4168301820755005,0.5397804379463196,0.4477859139442444,0.5705001354217529,0.39942967891693115,0.49077069759368896,0.4513520896434784,0.46449267864227295,0.4256494641304016,0.5584725737571716,0.3518243432044983,0.4234132170677185,0.38150733709335327,0.5341649055480957,0.5442516803741455,0.5004886388778687,0.5451910495758057,0.5327235460281372,0.5983664989471436,0.5013002157211304,0.5975128412246704,0.5415299534797668,0.6640055179595947,0.48726794123649597,0.6623547077178955
114,0.5186353921890259,0.4216843843460083,0.5415708422660828,0.4521252512931824,0.5724937915802002,0.40082380175590515,0.4949093461036682,0.4565439820289612,0.49866947531700134,0.4118731617927551,0.5590892434120178,0.34757372736930847,0.41925865411758423,0.3783513307571411,0.5342957377433777,0.5492638945579529,0.5000754594802856,0.55035799741745,0.5347520112991333,0.606114387512207,0.5019524097442627,0.6060284972190857,0.5411288738250732,0.6722526550292969,0.48882222175598145,0.6680958271026611
115,0.5120282173156738,0.42376381158828735,0.5378580093383789,0.45534706115722656,0.5708861947059631,0.421273797750473,0.4908011853694916,0.4558044672012329,0.46139582991600037,0.42597198486328125,0.5580772161483765,0.3650984466075897,0.4211551547050476,0.38475868105888367,0.5315101146697998,0.5528466105461121,0.49796849489212036,0.5531189441680908,0.5288890600204468,0.6038116812705994,0.5003831386566162,0.6034740805625916,0.5364086627960205,0.6680604219436646,0.48666948080062866,0.6625164747238159
116,0.5147413015365601,0.42570385336875916,0.5383752584457397,0.4584338366985321,0.570155143737793,0.42356520891189575,0.48797541856765747,0.4592146873474121,0.46252915263175964,0.42903339862823486,0.5597258806228638,0.37008902430534363,0.4291442334651947,0.39094942808151245,0.5345150232315063,0.5556437373161316,0.49856361746788025,0.555450439453125,0.5311498641967773,0.6054163575172424,0.5000752210617065,0.6047390103340149,0.5359383225440979,0.6696881651878357,0.48559901118278503,0.665318489074707
117,0.5195568799972534,0.4053191840648651,0.5485904216766357,0.4394652843475342,0.5732886791229248,0.4163365066051483,0.5003587603569031,0.43854063749313354,0.4958788752555847,0.4281321167945862,0.5565277934074402,0.3687572181224823,0.4292358160018921,0.39062052965164185,0.5337233543395996,0.5233680009841919,0.5051719546318054,0.5147055387496948,0.5341038107872009,0.5813058018684387,0.5064653158187866,0.5801554918289185,0.5379481315612793,0.6608934998512268,0.4905436038970947,0.6566123366355896
118,0.5180327892303467,0.42037802934646606,0.5417962074279785,0.4538118243217468,0.569447934627533,0.4257872700691223,0.5010066032409668,0.4545387923717499,0.46761855483055115,0.42850133776664734,0.5586495399475098,0.3707312047481537,0.42629122734069824,0.39493030309677124,0.531216025352478,0.5431815385818481,0.5053746700286865,0.5439280271530151,0.5338478088378906,0.592540979385376,0.5065019130706787,0.5930415391921997,0.5375579595565796,0.6666597127914429,0.490867555141449,0.661977231502533
119,0.5182195901870728,0.42516714334487915,0.5418287515640259,0.45692235231399536,0.5678409337997437,0.42821162939071655,0.499176561832428,0.4556463956832886,0.4664106070995331,0.4284082055091858,0.5586701035499573,0.37183666229248047,0.4299895167350769,0.39907142519950867,0.5333694219589233,0.5433410406112671,0.5052312612533569,0.5445550680160522,0.5334258675575256,0.5939172506332397,0.5068389773368835,0.5939267873764038,0.539324164390564,0.6677374839782715,0.4909648597240448,0.6632887721061707
120,0.5126854181289673,0.4214050769805908,0.5480213165283203,0.44672784209251404,0.5633506774902344,0.46501433849334717,0.4898456335067749,0.4537142515182495,0.4587284326553345,0.4550825357437134,0.5608901977539062,0.4293634295463562,0.4322226047515869,0.40297359228134155,0.5395587682723999,0.5337828397750854,0.5025349855422974,0.5336341857910156,0.5345762968063354,0.599689245223999,0.5022667646408081,0.5997031927108765,0.5398291349411011,0.6622366905212402,0.4850926101207733,0.6635974645614624
121,0.506277322769165,0.4295916259288788,0.5397916436195374,0.4586493670940399,0.5676649808883667,0.450991153717041,0.4855045676231384,0.46287989616394043,0.4435204267501831,0.43794727325439453,0.5584630370140076,0.3845723569393158,0.4275113046169281,0.4034489095211029,0.5394607782363892,0.5472131967544556,0.5016947388648987,0.5470547676086426,0.5367186069488525,0.6003455519676208,0.5016880035400391,0.5992453098297119,0.5414577722549438,0.663530170917511,0.4847305417060852,0.6629388928413391
122,0.5004920959472656,0.43391793966293335,0.535230815410614,0.464510440826416,0.5644949078559875,0.4705294370651245,0.4826093912124634,0.4647352397441864,0.4514574706554413,0.4564621150493622,0.5584088563919067,0.4297102689743042,0.41974395513534546,0.4025353789329529,0.5354229211807251,0.5445230007171631,0.5019571781158447,0.5444518327713013,0.5368080139160156,0.5955568552017212,0.5010649561882019,0.5938575267791748,0.5410682559013367,0.6617845296859741,0.4866935610771179,0.6639729738235474
123,0.5088708400726318,0.4394944906234741,0.5437530875205994,0.4694986939430237,0.5639826059341431,0.4679003655910492,0.4892934262752533,0.47303324937820435,0.4568316340446472,0.4612205922603607,0.5574995279312134,0.4260137677192688,0.42037487030029297,0.40525656938552856,0.5373461842536926,0.5496906638145447,0.501120388507843,0.5490716099739075,0.5364675521850586,0.6021436452865601,0.5012352466583252,0.599560022354126,0.5392822623252869,0.6653784513473511,0.4843365550041199,0.6621553897857666
124,0.5067870616912842,0.4353879392147064,0.5427106022834778,0.4670911431312561,0.5616052746772766,0.4726104140281677,0.48907846212387085,0.46921417117118835,0.45486748218536377,0.4608238637447357,0.555112361907959,0.4289504289627075,0.41984111070632935,0.40820521116256714,0.5381063222885132,0.5428876876831055,0.5021417140960693,0.5426476001739502,0.5364211797714233,0.5995075106620789,0.5004957914352417,0.5967042446136475,0.5395841598510742,0.6641438603401184,0.48525673151016235,0.6678654551506042
125,0.5013728141784668,0.42712172865867615,0.5386211276054382,0.4554139971733093,0.5637385845184326,0.4530458152294159,0.48453813791275024,0.45855194330215454,0.46501192450523376,0.45316749811172485,0.555823028087616,0.4307534694671631,0.42476972937583923,0.41286957263946533,0.5389664173126221,0.5332808494567871,0.5036247968673706,0.533096432685852,0.5350630283355713,0.5944587588310242,0.5010773539543152,0.5912947654724121,0.5387911796569824,0.6608027219772339,0.48639392852783203,0.6592295169830322
126,0.5049010515213013,0.4243384301662445,0.5418078303337097,0.45736849308013916,0.5646200180053711,0.46315711736679077,0.48849761486053467,0.4629424214363098,0.47034651041030884,0.46471983194351196,0.5570133924484253,0.3958975076675415,0.4204377830028534,0.41419717669487,0.5399397611618042,0.5365538597106934,0.5043493509292603,0.5366391539573669,0.5367834568023682,0.5993314385414124,0.5021308660507202,0.5951958894729614,0.539370059967041,0.6693222522735596,0.4858311116695404,0.6684224605560303
127,0.5087180137634277,0.4401022791862488,0.5434102416038513,0.46692368388175964,0.5677371025085449,0.46549245715141296,0.4891018271446228,0.47697895765304565,0.46468210220336914,0.4693062901496887,0.5605579614639282,0.42500972747802734,0.4256223142147064,0.4153019189834595,0.5314773321151733,0.5457207560539246,0.5033454895019531,0.5502827167510986,0.5368982553482056,0.5992314219474792,0.5002675652503967,0.5954625010490417,0.540093719959259,0.671425461769104,0.4852938652038574,0.6645647287368774
128,0.5049865245819092,0.4370083212852478,0.5423991680145264,0.4618181884288788,0.5665377378463745,0.46628615260124207,0.48597344756126404,0.47374388575553894,0.4465797543525696,0.46469056606292725,0.5595427751541138,0.4021006226539612,0.4216504991054535,0.41598761081695557,0.5410785675048828,0.5455240607261658,0.5038796663284302,0.5461665391921997,0.5373691916465759,0.6029736995697021,0.5006603598594666,0.5991145372390747,0.5389682054519653,0.6692193746566772,0.48520347476005554,0.6628577709197998
129,0.5086624622344971,0.4315844476222992,0.5465610027313232,0.4577913284301758,0.5699720978736877,0.4660209119319916,0.48729103803634644,0.46884864568710327,0.4421060085296631,0.4574817419052124,0.562099277973175,0.44828760623931885,0.42643114924430847,0.42485126852989197,0.5403430461883545,0.5448322892189026,0.5046918988227844,0.5454578399658203,0.53532874584198,0.6003090739250183,0.5010652542114258,0.5969460010528564,0.5372291803359985,0.6714338064193726,0.4877610206604004,0.6654874086380005
130,0.518541693687439,0.416877806186676,0.556150496006012,0.4423719644546509,0.5723031163215637,0.46209031343460083,0.5023680925369263,0.44990095496177673,0.47363969683647156,0.4639316201210022,0.5616201758384705,0.47249865531921387,0.43830442428588867,0.4397176206111908,0.5380523800849915,0.5245235562324524,0.508198618888855,0.5297143459320068,0.535473108291626,0.5935774445533752,0.5030635595321655,0.590427041053772,0.5364855527877808,0.6660977602005005,0.490835964679718,0.6661192178726196
131,0.5185021758079529,0.4340532720088959,0.5508331656455994,0.45602476596832275,0.5657265186309814,0.4752514958381653,0.49252772331237793,0.46946388483047485,0.4683375060558319,0.4714602828025818,0.5544543862342834,0.4741131067276001,0.42420494556427,0.41851985454559326,0.5359522700309753,0.5319307446479797,0.5043860077857971,0.5386799573898315,0.534155011177063,0.5938844084739685,0.5011552572250366,0.5923070907592773,0.5356510877609253,0.6649069786071777,0.48712849617004395,0.6660250425338745
132,0.5055495500564575,0.4417431354522705,0.5461665391921997,0.46718189120292664,0.5689351558685303,0.47612327337265015,0.48485732078552246,0.4772208631038666,0.4584108591079712,0.4857257008552551,0.5689772367477417,0.4242783784866333,0.43713992834091187,0.44947564601898193,0.5398452281951904,0.5528742671012878,0.5032215118408203,0.5562826991081238,0.5363083481788635,0.596393346786499,0.4951589107513428,0.5919957160949707,0.5358153581619263,0.6592479348182678,0.48693448305130005,0.6576594114303589
133,0.501480758190155,0.45510268211364746,0.5412341952323914,0.47830939292907715,0.5756443738937378,0.46818432211875916,0.4813307225704193,0.489054411649704,0.45015352964401245,0.486395925283432,0.5712993741035461,0.4159180521965027,0.42608702182769775,0.4294692873954773,0.5348355770111084,0.5625591278076172,0.5013471841812134,0.5645625591278076,0.5354430675506592,0.5967656373977661,0.49313884973526,0.5973294377326965,0.5373023748397827,0.6614750623703003,0.48664769530296326,0.6603316068649292
134,0.5048322081565857,0.4549514949321747,0.5436188578605652,0.4769715964794159,0.5744014978408813,0.4703531265258789,0.4842235743999481,0.49037104845046997,0.4521837830543518,0.4876022934913635,0.5706613659858704,0.41680675745010376,0.4248047471046448,0.4269807040691376,0.5381343960762024,0.5608438849449158,0.5003162622451782,0.5629055500030518,0.5353618860244751,0.5985370874404907,0.49899768829345703,0.599407434463501,0.5375773906707764,0.6653566360473633,0.48615702986717224,0.6615819334983826
135,0.504052996635437,0.457849383354187,0.5435448884963989,0.47976288199424744,0.5736510753631592,0.47135984897613525,0.4852922558784485,0.49433189630508423,0.455882728099823,0.48997053503990173,0.5711444020271301,0.41739600896835327,0.4196903705596924,0.4232413172721863,0.5373233556747437,0.5609968900680542,0.49973517656326294,0.56308513879776,0.5353236198425293,0.5990455150604248,0.4982250928878784,0.5991553068161011,0.537194013595581,0.6659393906593323,0.4860326647758484,0.6611446142196655
136,0.5094016194343567,0.45025211572647095,0.54744553565979,0.47195371985435486,0.5736469030380249,0.4730818271636963,0.4891420006752014,0.4854549169540405,0.46000775694847107,0.4880903959274292,0.5719982385635376,0.41935479640960693,0.4381386935710907,0.44368740916252136,0.5388725399971008,0.5565898418426514,0.5032763481140137,0.5588902235031128,0.5360078811645508,0.5956516265869141,0.49180716276168823,0.594520628452301,0.5385628938674927,0.6667475700378418,0.4851924180984497,0.6616919040679932
137,0.5102092623710632,0.4466274678707123,0.5479966402053833,0.4693867564201355,0.5731416940689087,0.4743820130825043,0.4902046322822571,0.48129963874816895,0.4601254165172577,0.4862744212150574,0.5730822682380676,0.42300331592559814,0.43889448046684265,0.44717371463775635,0.5388306379318237,0.554030179977417,0.5035055875778198,0.5559418797492981,0.5378950834274292,0.5998026728630066,0.4910667836666107,0.5927577614784241,0.5373496413230896,0.6659058332443237,0.48426350951194763,0.6603020429611206
138,0.5132997035980225,0.4403391480445862,0.5504987239837646,0.46418365836143494,0.5727497339248657,0.47321921586990356,0.49139392375946045,0.47763484716415405,0.474668949842453,0.4903310239315033,0.5708612203598022,0.4264899492263794,0.438159704208374,0.44690951704978943,0.5394295454025269,0.5468658804893494,0.504652202129364,0.5494316220283508,0.5376626253128052,0.5991963148117065,0.4920085668563843,0.5922179818153381,0.5375872254371643,0.6661624312400818,0.48543041944503784,0.6658003330230713
139,0.5176908373832703,0.4376208484172821,0.5561400651931763,0.460709810256958,0.572202742099762,0.4785996377468109,0.4931527078151703,0.4778519570827484,0.47523391246795654,0.48907944560050964,0.5664300322532654,0.45043689012527466,0.43919140100479126,0.4438570439815521,0.5415565371513367,0.5459569692611694,0.5056436061859131,0.5479987859725952,0.5366177558898926,0.5981645584106445,0.4934479594230652,0.5907170176506042,0.5361269116401672,0.6664828062057495,0.48598381876945496,0.6663623452186584
140,0.5181797742843628,0.44071730971336365,0.5553564429283142,0.46411556005477905,0.5732296109199524,0.4732317328453064,0.49462783336639404,0.47965022921562195,0.46413207054138184,0.48472100496292114,0.5690096616744995,0.42602846026420593,0.4394044280052185,0.44400784373283386,0.533692479133606,0.542984127998352,0.5062097907066345,0.5508337020874023,0.5364790558815002,0.6015241742134094,0.49533915519714355,0.5937995314598083,0.5365056991577148,0.6688048839569092,0.4863220453262329,0.6623945236206055
141,0.5196501612663269,0.441245436668396,0.5563685894012451,0.46563631296157837,0.574266791343689,0.4724156856536865,0.49383819103240967,0.4810062050819397,0.4620872735977173,0.484636127948761,0.5711038112640381,0.4241252839565277,0.4395385682582855,0.4425431489944458,0.5341573357582092,0.5449514389038086,0.5053548812866211,0.5524964928627014,0.5353992581367493,0.5965449213981628,0.49506300687789917,0.5950289368629456,0.5379390716552734,0.6700332164764404,0.4858728051185608,0.664462149143219
142,0.5216085314750671,0.4385455250740051,0.5598645210266113,0.46262797713279724,0.5742498636245728,0.47093817591667175,0.4958183169364929,0.47163867950439453,0.46573173999786377,0.4747844338417053,0.5693749189376831,0.4337120056152344,0.43926870822906494,0.44241833686828613,0.5360328555107117,0.5439910888671875,0.5059731006622314,0.5498518943786621,0.5354253649711609,0.5963820219039917,0.49408072233200073,0.5944124460220337,0.5371999144554138,0.6700056791305542,0.4849902391433716,0.66286301612854
143,0.5202434659004211,0.4375768303871155,0.5591520071029663,0.4620644450187683,0.5799424648284912,0.4684520959854126,0.4988361597061157,0.47520992159843445,0.4596337676048279,0.48211154341697693,0.5702006220817566,0.4334731698036194,0.4389455020427704,0.4440959692001343,0.5353598594665527,0.5450823307037354,0.5056396126747131,0.5504368543624878,0.5381021499633789,0.6003642082214355,0.49440526962280273,0.5939497947692871,0.5381419658660889,0.6698848605155945,0.48491519689559937,0.6637570261955261
144,0.5214329361915588,0.439179003238678,0.5565627217292786,0.4684785306453705,0.5743129253387451,0.4727332592010498,0.49484241008758545,0.4708908200263977,0.45838576555252075,0.48185309767723083,0.5695314407348633,0.42172545194625854,0.43438467383384705,0.43006014823913574,0.533337414264679,0.5489727258682251,0.5042158365249634,0.5545639991760254,0.5358003377914429,0.598405659198761,0.49853312969207764,0.5967753529548645,0.5380524396896362,0.6669014692306519,0.48198410868644714,0.6628721952438354
145,0.5159181356430054,0.444760799407959,0.5519599914550781,0.4708448052406311,0.5724395513534546,0.48325127363204956,0.4909296929836273,0.4775359630584717,0.4578273296356201,0.48444730043411255,0.5736088752746582,0.43097156286239624,0.4310300946235657,0.430497944355011,0.5407991409301758,0.556479811668396,0.5019063949584961,0.5569139719009399,0.5363157987594604,0.5984296202659607,0.4913319945335388,0.5978056192398071,0.5383493900299072,0.6660935878753662,0.4829404056072235,0.6635627746582031
146,0.519463300704956,0.43820446729660034,0.5537325143814087,0.46707701683044434,0.57088303565979,0.4837658107280731,0.49190253019332886,0.479641854763031,0.46075722575187683,0.48403632640838623,0.5710458755493164,0.4315223693847656,0.4317663908004761,0.4292324483394623,0.5334423780441284,0.5486208200454712,0.5024469494819641,0.5537435412406921,0.537078857421875,0.5983260869979858,0.4916831851005554,0.5972650051116943,0.5406136512756348,0.6647157669067383,0.4825841784477234,0.6636655926704407
147,0.5167890191078186,0.4438589811325073,0.5507440567016602,0.4719902276992798,0.5714412927627563,0.48423951864242554,0.4897066056728363,0.47715669870376587,0.4456828534603119,0.46719521284103394,0.574881374835968,0.41437602043151855,0.43079766631126404,0.4264293611049652,0.5410747528076172,0.559190571308136,0.5014024972915649,0.5589279532432556,0.5367306470870972,0.6041274070739746,0.4902944564819336,0.6026548743247986,0.5398627519607544,0.6709303855895996,0.4824206829071045,0.6715366840362549
148,0.5227921605110168,0.4360261559486389,0.5548238158226013,0.46568024158477783,0.5685959458351135,0.48277243971824646,0.4934776723384857,0.4741533398628235,0.4605484902858734,0.4819663166999817,0.5664540529251099,0.42910492420196533,0.43121832609176636,0.4264901280403137,0.5341693162918091,0.5466205477714539,0.5036616325378418,0.5507864356040955,0.5355429649353027,0.5971255898475647,0.49145326018333435,0.5947421789169312,0.5380600690841675,0.6649071574211121,0.4797220230102539,0.6646022796630859
149,0.5165339708328247,0.4368395507335663,0.5513591170310974,0.45962852239608765,0.5736764669418335,0.4726957082748413,0.4901561141014099,0.47627004981040955,0.4578481614589691,0.48192617297172546,0.5678908824920654,0.4288608729839325,0.42805421352386475,0.4265930652618408,0.5333017110824585,0.5463612079620361,0.5028893947601318,0.5507137775421143,0.5351850390434265,0.5959473252296448,0.4902995228767395,0.5935238003730774,0.5383240580558777,0.6642109751701355,0.4794253706932068,0.6640965938568115
150,0.5107710361480713,0.4377864599227905,0.5489720702171326,0.45802998542785645,0.5715661644935608,0.48070716857910156,0.4852886199951172,0.4766077399253845,0.4548386037349701,0.48332399129867554,0.5727568864822388,0.45001906156539917,0.4261091947555542,0.42541390657424927,0.5328744649887085,0.5465758442878723,0.5016334056854248,0.5516560077667236,0.5321967005729675,0.597656786441803,0.4906579852104187,0.5957698822021484,0.5389859676361084,0.6646061539649963,0.4810721278190613,0.6660446524620056
151,0.512166440486908,0.4370803236961365,0.5513343214988708,0.45570632815361023,0.5736534595489502,0.4787902534008026,0.4857952296733856,0.4750984311103821,0.45187708735466003,0.482209175825119,0.5771836042404175,0.4507448375225067,0.423669695854187,0.42328327894210815,0.5344467163085938,0.5437597036361694,0.5024232864379883,0.5497208833694458,0.5344828367233276,0.5946056246757507,0.49145346879959106,0.5920027494430542,0.538964033126831,0.6595419645309448,0.481838196516037,0.663009762763977
152,0.5136353373527527,0.4356287121772766,0.5518319010734558,0.4563163220882416,0.5732474327087402,0.4783582389354706,0.48558783531188965,0.4740546643733978,0.45381081104278564,0.48248183727264404,0.5770832896232605,0.45081719756126404,0.4193015992641449,0.42121967673301697,0.5343921184539795,0.5434226393699646,0.5023013353347778,0.5497530698776245,0.534317135810852,0.5936468839645386,0.49309349060058594,0.5920610427856445,0.5335875749588013,0.662814736366272,0.4831126928329468,0.6627196669578552
153,0.5142197608947754,0.43420499563217163,0.5527132749557495,0.45422881841659546,0.5752441883087158,0.47573015093803406,0.4860321283340454,0.47234195470809937,0.4544472396373749,0.4816073179244995,0.5787976980209351,0.4494072198867798,0.4254050850868225,0.4262012839317322,0.5355062484741211,0.5419769883155823,0.5029730200767517,0.5485692024230957,0.5345066785812378,0.591884970664978,0.4965130686759949,0.5903603434562683,0.5376402735710144,0.6586395502090454,0.4834243059158325,0.6617621779441833
154,0.5132650136947632,0.4361104667186737,0.5509432554244995,0.45832908153533936,0.5741209983825684,0.4784780740737915,0.4856666922569275,0.474406361579895,0.45447203516960144,0.4826965928077698,0.5749396085739136,0.4480539560317993,0.42417454719543457,0.42515918612480164,0.5336223244667053,0.5454513430595398,0.5020745992660522,0.5511586666107178,0.5345834493637085,0.5938372611999512,0.4930804371833801,0.5919598340988159,0.5382906198501587,0.6602396965026855,0.4826206564903259,0.662665605545044
155,0.5145768523216248,0.437343955039978,0.5521382093429565,0.4604409635066986,0.573742687702179,0.48161977529525757,0.48694300651550293,0.475979745388031,0.4544636607170105,0.48420292139053345,0.5745041370391846,0.4485590159893036,0.42515087127685547,0.4258888363838196,0.5333932042121887,0.5478559732437134,0.5021987557411194,0.5526005625724792,0.5358421802520752,0.5953710079193115,0.49231141805648804,0.5923464298248291,0.5385164022445679,0.660341739654541,0.48176079988479614,0.6624170541763306
156,0.5111145377159119,0.4360940456390381,0.5443848371505737,0.46251174807548523,0.5703756809234619,0.472948282957077,0.4919925928115845,0.47778671979904175,0.46145278215408325,0.48074591159820557,0.5653216242790222,0.44633948802948,0.4421718716621399,0.4470607042312622,0.5385875105857849,0.546126127243042,0.5033454895019531,0.5474054217338562,0.5362852811813354,0.5955992341041565,0.4996170401573181,0.5945051908493042,0.5396977066993713,0.660996675491333,0.4818164110183716,0.6623398065567017
157,0.506447970867157,0.4378669857978821,0.5466032028198242,0.46316593885421753,0.5690260529518127,0.4802425801753998,0.4852648377418518,0.4741211533546448,0.4567391574382782,0.48323702812194824,0.5670837759971619,0.44645243883132935,0.43947386741638184,0.4425930380821228,0.5319395661354065,0.5471633076667786,0.5003980994224548,0.5521160364151001,0.536858320236206,0.5988540053367615,0.49932438135147095,0.5962463617324829,0.5403475165367126,0.6642313599586487,0.4821588397026062,0.6647596955299377
158,0.5084017515182495,0.4350961148738861,0.5484285354614258,0.4596782922744751,0.569200873374939,0.4793572425842285,0.48797690868377686,0.47722214460372925,0.459450364112854,0.4825780987739563,0.5668545961380005,0.44677257537841797,0.4388761520385742,0.44284260272979736,0.5334240198135376,0.5453479290008545,0.5022450685501099,0.5502728223800659,0.5365427732467651,0.5977641344070435,0.5003213882446289,0.5956735610961914,0.5400656461715698,0.664175808429718,0.4828423261642456,0.6648708581924438
159,0.5175077319145203,0.4324929714202881,0.5539349913597107,0.4542585611343384,0.5723309516906738,0.47863373160362244,0.4913730323314667,0.4735885262489319,0.461731493473053,0.4826465845108032,0.5692212581634521,0.4678667485713959,0.43857645988464355,0.44395074248313904,0.5353261828422546,0.542920708656311,0.5024967789649963,0.547555148601532,0.5358095765113831,0.5944571495056152,0.5013213157653809,0.5925813913345337,0.5397477149963379,0.6635390520095825,0.483642041683197,0.6638532280921936
160,0.5196354389190674,0.43143361806869507,0.5556008815765381,0.45389530062675476,0.5735405087471008,0.4776042103767395,0.4969381093978882,0.4668649137020111,0.4606395959854126,0.48074400424957275,0.5701749920845032,0.46860623359680176,0.4376053214073181,0.44376569986343384,0.5354536175727844,0.5415927171707153,0.5033063292503357,0.5464067459106445,0.5353986620903015,0.5949286222457886,0.4974502921104431,0.5926593542098999,0.5385681390762329,0.6640301942825317,0.48396915197372437,0.6638330221176147
161,0.5216292142868042,0.4308421015739441,0.5571248531341553,0.45306718349456787,0.5753151178359985,0.47576794028282166,0.4972178339958191,0.46568986773490906,0.4604963958263397,0.48025378584861755,0.5721789598464966,0.46660542488098145,0.43939441442489624,0.44317615032196045,0.535344660282135,0.5407305955886841,0.5031191110610962,0.5458742380142212,0.5353860259056091,0.5922152996063232,0.4973244369029999,0.5902010202407837,0.5341282486915588,0.6652249097824097,0.4845038652420044,0.6623992919921875
162,0.5305460691452026,0.4211120307445526,0.5606610774993896,0.45041990280151367,0.5762963891029358,0.4758831262588501,0.4998621940612793,0.46333813667297363,0.46305930614471436,0.47912758588790894,0.5721267461776733,0.4678993225097656,0.4412950277328491,0.44037044048309326,0.5369634628295898,0.5400075912475586,0.5043227672576904,0.5448322296142578,0.5361215472221375,0.5937008857727051,0.4963690936565399,0.5911917686462402,0.5346215963363647,0.6657994985580444,0.48343467712402344,0.6631604433059692
163,0.5450330972671509,0.4090639352798462,0.5640725493431091,0.4353381395339966,0.5651875734329224,0.47763872146606445,0.5101381540298462,0.45286595821380615,0.47899019718170166,0.46816152334213257,0.5714030861854553,0.4687490463256836,0.4394958019256592,0.43568751215934753,0.5420950651168823,0.5289980173110962,0.5108271837234497,0.5322831869125366,0.5353358387947083,0.5886920094490051,0.5028412342071533,0.5866522192955017,0.53254234790802,0.6654314398765564,0.4863368272781372,0.6632121801376343
164,0.5232951045036316,0.4290425777435303,0.5591036081314087,0.4553939700126648,0.5732545256614685,0.47696661949157715,0.49655163288116455,0.46548789739608765,0.46453890204429626,0.4779036045074463,0.5680243968963623,0.4704340100288391,0.4484741687774658,0.4492669105529785,0.5402367115020752,0.5381230115890503,0.5037254691123962,0.5450531244277954,0.5373611450195312,0.5934003591537476,0.49491173028945923,0.5907657146453857,0.5403273105621338,0.6639704704284668,0.4843646287918091,0.6667397022247314
165,0.522357702255249,0.40884336829185486,0.557010293006897,0.4374459385871887,0.5637822151184082,0.47067952156066895,0.5068625211715698,0.44586095213890076,0.4793871343135834,0.46169930696487427,0.5677410960197449,0.46965932846069336,0.4298730492591858,0.4247329831123352,0.5381309390068054,0.5301270484924316,0.5080708265304565,0.5294705629348755,0.5350520610809326,0.590244472026825,0.505146324634552,0.5893759727478027,0.5393878221511841,0.6627850532531738,0.48860013484954834,0.6637091636657715
166,0.521170973777771,0.41403719782829285,0.5551983714103699,0.4396469295024872,0.5755050778388977,0.46015655994415283,0.49797341227531433,0.4476217031478882,0.4584636688232422,0.4588771462440491,0.570184051990509,0.43495652079582214,0.4329593777656555,0.41476941108703613,0.5376612544059753,0.5294715166091919,0.5047562718391418,0.5313600301742554,0.5360077023506165,0.5837367177009583,0.49884122610092163,0.5826325416564941,0.5356077551841736,0.6625402569770813,0.48533421754837036,0.6590338945388794
167,0.5121083855628967,0.4284457862377167,0.5439387559890747,0.45418626070022583,0.5734108090400696,0.4592665433883667,0.4905014932155609,0.4660806655883789,0.4564778208732605,0.46378642320632935,0.5642616748809814,0.42684516310691833,0.42982763051986694,0.4165801405906677,0.5374443531036377,0.5434139370918274,0.5043913125991821,0.5445398092269897,0.5362178087234497,0.5891230702400208,0.49904388189315796,0.589767575263977,0.5371129512786865,0.6634485721588135,0.48595303297042847,0.6627326011657715
168,0.5291651487350464,0.3910967707633972,0.5564552545547485,0.42082202434539795,0.5696322321891785,0.4477512240409851,0.5016974210739136,0.42669567465782166,0.4644969403743744,0.4445546865463257,0.5636601448059082,0.42857977747917175,0.43489283323287964,0.4055171012878418,0.5417763590812683,0.5163038969039917,0.5066223740577698,0.5147764682769775,0.5358254909515381,0.5836056470870972,0.5032932758331299,0.5835484862327576,0.5333341956138611,0.6616310477256775,0.4906468093395233,0.6576001644134521
169,0.5153746604919434,0.4225572943687439,0.542933464050293,0.454107403755188,0.5663106441497803,0.4522622525691986,0.4925050735473633,0.45606598258018494,0.44899433851242065,0.43273013830184937,0.5612027645111084,0.4114931523799896,0.43573638796806335,0.4063553214073181,0.5380105972290039,0.5429497957229614,0.5018983483314514,0.5439800024032593,0.5380978584289551,0.5913827419281006,0.5044580698013306,0.5932959318161011,0.5405572652816772,0.657566487789154,0.4888225197792053,0.6608306169509888
170,0.5075714588165283,0.42203259468078613,0.5375816822052002,0.45444124937057495,0.5699567794799805,0.4303531348705292,0.4867810904979706,0.45423623919487,0.45064210891723633,0.4345545172691345,0.5594608783721924,0.3768613338470459,0.42922839522361755,0.38840603828430176,0.5364670753479004,0.5441752672195435,0.4978608787059784,0.5446140766143799,0.5376147031784058,0.5924212336540222,0.49778205156326294,0.5918210744857788,0.5411932468414307,0.6569184064865112,0.48467785120010376,0.6599485874176025
171,0.5069173574447632,0.4147423505783081,0.5388358235359192,0.44585561752319336,0.5753430128097534,0.42407310009002686,0.4848465323448181,0.44807156920433044,0.44451770186424255,0.42219823598861694,0.567700207233429,0.3716331422328949,0.4283908009529114,0.38538801670074463,0.5374136567115784,0.5429269075393677,0.500259518623352,0.5454810261726379,0.5394123196601868,0.5896915793418884,0.5040150880813599,0.5923568606376648,0.544844388961792,0.6559575796127319,0.4900023341178894,0.662359893321991
172,0.5088713765144348,0.4011828899383545,0.5463476181030273,0.43005022406578064,0.567334771156311,0.4242117404937744,0.4890928268432617,0.4382028579711914,0.44412800669670105,0.4164435565471649,0.5594021677970886,0.3554067313671112,0.42689818143844604,0.38275250792503357,0.5378386974334717,0.5122305750846863,0.49964118003845215,0.51719731092453,0.5396809577941895,0.5833820700645447,0.503235936164856,0.5838298797607422,0.5464175939559937,0.6576359272003174,0.48940834403038025,0.659301221370697
173,0.518014669418335,0.3988524079322815,0.5476932525634766,0.4309728145599365,0.5710875988006592,0.4025428295135498,0.49366652965545654,0.43535512685775757,0.49007898569107056,0.411865770816803,0.5602024793624878,0.3454204797744751,0.42924779653549194,0.37240442633628845,0.5367276668548584,0.5221978425979614,0.5023418068885803,0.5269157290458679,0.5373725891113281,0.5842505693435669,0.4974602460861206,0.5838983058929443,0.5468081831932068,0.6580281257629395,0.49221497774124146,0.6592714786529541
174,0.5207180976867676,0.38338446617126465,0.5465757846832275,0.409603476524353,0.5694416761398315,0.3974762558937073,0.511421263217926,0.41780075430870056,0.5075650811195374,0.4095829725265503,0.5585283041000366,0.34001946449279785,0.5097842812538147,0.38171061873435974,0.5438488721847534,0.4984365701675415,0.5132790803909302,0.5029232501983643,0.5386834144592285,0.57007896900177,0.5143870115280151,0.5716078877449036,0.5459033846855164,0.6563550233840942,0.4983082413673401,0.6570605039596558
175,0.5078022480010986,0.3868097960948944,0.5381201505661011,0.4199622869491577,0.5749459862709045,0.3767266273498535,0.48918819427490234,0.42376625537872314,0.43475624918937683,0.3867459297180176,0.5590394735336304,0.3239760398864746,0.4326946437358856,0.3473303020000458,0.542458176612854,0.5173705220222473,0.49869367480278015,0.5171055793762207,0.5396093130111694,0.5842257738113403,0.5000232458114624,0.5815768241882324,0.5464065074920654,0.658298671245575,0.4880220592021942,0.6606239080429077
176,0.5020780563354492,0.38034960627555847,0.5386701822280884,0.40831106901168823,0.574338436126709,0.3734366297721863,0.4863768219947815,0.41292738914489746,0.43479418754577637,0.38137876987457275,0.5592394471168518,0.3233147859573364,0.4312487542629242,0.3451140522956848,0.5379572510719299,0.5091338157653809,0.4992104470729828,0.5123136043548584,0.5412220358848572,0.582555890083313,0.4995990991592407,0.5800447463989258,0.5495346784591675,0.6557103395462036,0.48781538009643555,0.6619707942008972
177,0.5000188946723938,0.3723312020301819,0.5374304056167603,0.39514851570129395,0.5676529407501221,0.36401650309562683,0.4850957989692688,0.4041861891746521,0.43701407313346863,0.37295061349868774,0.5581567883491516,0.31647980213165283,0.4308323562145233,0.33642396330833435,0.5413569211959839,0.49879568815231323,0.5021064281463623,0.5028932690620422,0.5406844615936279,0.5825955867767334,0.50093674659729,0.5808185338973999,0.5489001870155334,0.6594703197479248,0.49127814173698425,0.6611838936805725
178,0.4991661310195923,0.3699398636817932,0.5374320149421692,0.3857124447822571,0.5715731382369995,0.36158332228660583,0.47486889362335205,0.39309340715408325,0.4324392080307007,0.37340959906578064,0.5577083230018616,0.3177596926689148,0.4296850562095642,0.33054232597351074,0.5389605164527893,0.4853872060775757,0.49801355600357056,0.4867709279060364,0.5342952609062195,0.5738421678543091,0.5011656284332275,0.5730878114700317,0.5440506935119629,0.6544901728630066,0.4895307421684265,0.6485816836357117
179,0.4925428032875061,0.3608797788619995,0.5303213596343994,0.3794739842414856,0.5629268884658813,0.35320037603378296,0.47205036878585815,0.3866879940032959,0.43447789549827576,0.3686668276786804,0.5509231686592102,0.3175903260707855,0.42544126510620117,0.3288097083568573,0.532885730266571,0.47974807024002075,0.49738356471061707,0.4809001088142395,0.529827356338501,0.5742520093917847,0.5010084509849548,0.5721498727798462,0.5419521927833557,0.6561617255210876,0.49043726921081543,0.6492012143135071
180,0.5007994174957275,0.3506622314453125,0.5137937068939209,0.3789910078048706,0.5130543112754822,0.3705509901046753,0.5091794729232788,0.3826427459716797,0.5075204372406006,0.37263166904449463,0.5303259491920471,0.5113109350204468,0.49933451414108276,0.3598160445690155,0.526408314704895,0.49859246611595154,0.5229047536849976,0.4999355971813202,0.5184204578399658,0.5821810364723206,0.5143029689788818,0.578969419002533,0.5083276629447937,0.6569643020629883,0.5030414462089539,0.6548393368721008
181,0.4978346824645996,0.34832626581192017,0.5116088390350342,0.37477633357048035,0.5140472650527954,0.37239357829093933,0.5071799159049988,0.37829720973968506,0.5070143938064575,0.37344127893447876,0.5026204586029053,0.3697955012321472,0.4983644485473633,0.3598942458629608,0.5277697443962097,0.4808628261089325,0.511894941329956,0.48349687457084656,0.5226397514343262,0.5642855167388916,0.5128083229064941,0.5647504925727844,0.5106234550476074,0.649827778339386,0.4978169798851013,0.6381813883781433
182,0.4913758933544159,0.36012405157089233,0.5214934945106506,0.37792909145355225,0.5466952323913574,0.37188953161239624,0.483987420797348,0.3894599676132202,0.44842344522476196,0.37854278087615967,0.5154223442077637,0.35476571321487427,0.42478102445602417,0.3238731324672699,0.5282609462738037,0.4802490472793579,0.498151034116745,0.481855571269989,0.5274785161018372,0.569763720035553,0.49577730894088745,0.5691519379615784,0.5336479544639587,0.6593770384788513,0.4808405339717865,0.6577902436256409
183,0.49906131625175476,0.3432725667953491,0.5011351108551025,0.3631971776485443,0.5066041946411133,0.36330002546310425,0.5102885961532593,0.3677436113357544,0.5125550627708435,0.3654581904411316,0.513059139251709,0.4857540726661682,0.5293750166893005,0.4871707558631897,0.5180875062942505,0.4838109612464905,0.5216425657272339,0.4857182204723358,0.5109493732452393,0.5697504878044128,0.5154258012771606,0.5694935321807861,0.5087851285934448,0.648725688457489,0.516045868396759,0.6467411518096924
184,0.49616026878356934,0.3457464575767517,0.5009965896606445,0.3661530613899231,0.5091404914855957,0.3627530038356781,0.5083138942718506,0.37025928497314453,0.5130264163017273,0.36444389820098877,0.5214751362800598,0.492156982421875,0.5018548965454102,0.35987934470176697,0.5207866430282593,0.4800450801849365,0.5178389549255371,0.48253363370895386,0.5142855048179626,0.5666000843048096,0.5044749975204468,0.5654523968696594,0.510919451713562,0.6465677618980408,0.5014394521713257,0.6448672413825989
185,0.4935154318809509,0.3562246561050415,0.4963490664958954,0.3797416687011719,0.48736628890037537,0.39065438508987427,0.5098605155944824,0.38211870193481445,0.5115627646446228,0.3791798949241638,0.49685168266296387,0.3607606291770935,0.5062016248703003,0.36089083552360535,0.5081073641777039,0.4753592014312744,0.5110539197921753,0.476975679397583,0.5041778087615967,0.5612802505493164,0.5081650018692017,0.5636360049247742,0.5049340724945068,0.6493202447891235,0.49681347608566284,0.6489698886871338
186,0.4934313893318176,0.34926122426986694,0.4976547956466675,0.36872410774230957,0.503822922706604,0.36562687158584595,0.5063105821609497,0.37399810552597046,0.5095232725143433,0.36814484000205994,0.5004606246948242,0.3628465533256531,0.5038934350013733,0.36323994398117065,0.5092770457267761,0.4814329743385315,0.5110573768615723,0.4826900362968445,0.504984438419342,0.5556864738464355,0.5077752470970154,0.5545642375946045,0.5062143802642822,0.6460489630699158,0.5033175945281982,0.6439051032066345
187,0.49930238723754883,0.34895941615104675,0.5114701986312866,0.36917412281036377,0.5165406465530396,0.36250460147857666,0.5090939402580261,0.3749450445175171,0.5122092962265015,0.36680179834365845,0.5176406502723694,0.48812100291252136,0.5039797425270081,0.3625975251197815,0.5167820453643799,0.48553645610809326,0.5134676694869995,0.4866158664226532,0.5114378333091736,0.5551714897155762,0.5090140104293823,0.5534377694129944,0.508978009223938,0.6448065638542175,0.5064138174057007,0.6422222256660461
188,0.49849241971969604,0.34940314292907715,0.5094946622848511,0.3682433068752289,0.516078531742096,0.3630274534225464,0.5086914300918579,0.3744744062423706,0.5137457847595215,0.36706578731536865,0.5063806176185608,0.3606534004211426,0.5044853687286377,0.3617348372936249,0.5210448503494263,0.48144716024398804,0.5125558376312256,0.4857756495475769,0.5159740447998047,0.5644427537918091,0.5052553415298462,0.5629029870033264,0.5088562965393066,0.6481995582580566,0.5010722875595093,0.6464226245880127
189,0.498512327671051,0.349211186170578,0.5080183744430542,0.36779361963272095,0.5101014375686646,0.3644135594367981,0.5112055540084839,0.3738947808742523,0.5122748017311096,0.367607057094574,0.5109315514564514,0.4865778684616089,0.5050793290138245,0.3643506169319153,0.5227525234222412,0.49470335245132446,0.5189908742904663,0.4876677989959717,0.5142274498939514,0.5643718242645264,0.5110893845558167,0.5641401410102844,0.5078567862510681,0.647766649723053,0.5048867464065552,0.6454378962516785
190,0.4941675066947937,0.3549097776412964,0.49957162141799927,0.3712267577648163,0.500385582447052,0.3681384027004242,0.5097825527191162,0.380639910697937,0.5102695226669312,0.3705647885799408,0.5012781620025635,0.36473357677459717,0.5196342468261719,0.46739691495895386,0.5096482038497925,0.48190468549728394,0.5205163955688477,0.4838269352912903,0.5036226511001587,0.5592080354690552,0.5151854753494263,0.5602394342422485,0.5050703287124634,0.6440526843070984,0.5102465152740479,0.6285004615783691
191,0.495746910572052,0.3445063531398773,0.5059275031089783,0.3595842719078064,0.5136930346488953,0.35954293608665466,0.49986299872398376,0.3656597137451172,0.5052553415298462,0.3634438216686249,0.5036588907241821,0.3632102906703949,0.49707984924316406,0.3652249276638031,0.5223408937454224,0.494611918926239,0.5129101276397705,0.48454713821411133,0.5121498703956604,0.5525434613227844,0.5113695859909058,0.5517683029174805,0.5115064382553101,0.6121870279312134,0.5061161518096924,0.6270330548286438
192,0.2806919813156128,0.45551592111587524,0.27499181032180786,0.46947526931762695,0.2724253833293915,0.4914841055870056,0.2729158103466034,0.46954795718193054,0.26231080293655396,0.4904271066188812,0.2699154317378998,0.4968535900115967,0.2626725435256958,0.4969698190689087,0.28052258491516113,0.5243436694145203,0.27472996711730957,0.5225632786750793,0.28052663803100586,0.5618170499801636,0.27224618196487427,0.5550793409347534,0.30425846576690674,0.6427922248840332,0.3012828230857849,0.6322360038757324
193,0.279331773519516,0.4587213397026062,0.27801743149757385,0.47165223956108093,0.2915327548980713,0.49511080980300903,0.2653278708457947,0.47478389739990234,0.2549252212047577,0.49891525506973267,0.27323663234710693,0.5096263885498047,0.2579900920391083,0.5094936490058899,0.28338077664375305,0.5311962366104126,0.2718714475631714,0.5297737717628479,0.2866463363170624,0.5646862983703613,0.27429938316345215,0.5628688335418701,0.3117242455482483,0.6389638185501099,0.30015575885772705,0.6342705488204956
194,0.27820825576782227,0.4599824547767639,0.277362585067749,0.476606547832489,0.29212626814842224,0.49617165327072144,0.26539433002471924,0.4768504500389099,0.25597700476646423,0.5004842281341553,0.284934401512146,0.5134356021881104,0.2602179944515228,0.5110077857971191,0.2835942506790161,0.5329471826553345,0.2735472321510315,0.5343829393386841,0.2855532765388489,0.56703782081604,0.27281221747398376,0.5651707649230957,0.30875498056411743,0.6394780874252319,0.2977176904678345,0.6351369619369507
195,0.4364044666290283,0.31202012300491333,0.448374480009079,0.32346251606941223,0.5297515392303467,0.35182079672813416,0.42914700508117676,0.3249838352203369,0.42259305715560913,0.32626575231552124,0.5117146968841553,0.35571977496147156,0.4292043149471283,0.3358209729194641,0.5110180974006653,0.37120121717453003,0.44577503204345703,0.3484916090965271,0.46668869256973267,0.3715575933456421,0.44538018107414246,0.36288556456565857,0.4812459945678711,0.38070711493492126,0.4584566354751587,0.36793550848960876
196,0.43629443645477295,0.31175029277801514,0.5853949785232544,0.46645015478134155,0.5323986411094666,0.3543289303779602,0.26529693603515625,0.47638365626335144,0.5350565910339355,0.4970276951789856,0.2762015759944916,0.5105421543121338,0.2586591839790344,0.5052340030670166,0.5266815423965454,0.5231993198394775,0.5230787992477417,0.5242893099784851,0.5260230302810669,0.5687901377677917,0.5278716683387756,0.5690174102783203,0.5316097736358643,0.619033932685852,0.5301750898361206,0.6059557199478149
197,0.2795540690422058,0.45998215675354004,0.2759552597999573,0.4750056266784668,0.28994566202163696,0.4923909306526184,0.2671835124492645,0.4754366874694824,0.2568652033805847,0.4934796094894409,0.27546459436416626,0.5080675482749939,0.2597666382789612,0.5080224275588989,0.282319575548172,0.5300279855728149,0.2709396481513977,0.5284398198127747,0.2827700674533844,0.5636188387870789,0.27126070857048035,0.5618085265159607,0.3031988739967346,0.6395833492279053,0.2969556450843811,0.6282910704612732
198,0.27632731199264526,0.4590221643447876,0.27263540029525757,0.4718320965766907,0.2731141448020935,0.49249228835105896,0.26485729217529297,0.4739809036254883,0.256646066904068,0.4918110966682434,0.26900333166122437,0.5003440976142883,0.25735533237457275,0.5014787912368774,0.2795730531215668,0.5279759168624878,0.2700352966785431,0.5269312858581543,0.27625155448913574,0.5553432703018188,0.26244962215423584,0.5486551523208618,0.30379804968833923,0.6362452507019043,0.2929196357727051,0.6024036407470703
199,0.2811659574508667,0.4595380425453186,0.2703665494918823,0.47007930278778076,0.27478212118148804,0.4906582832336426,0.26909270882606506,0.4718414545059204,0.2592654228210449,0.4902312755584717,0.27072978019714355,0.49833226203918457,0.25969186425209045,0.4994901120662689,0.276319295167923,0.5229321122169495,0.2679215669631958,0.5223848819732666,0.2747442126274109,0.5467019081115723,0.2667399048805237,0.5452744960784912,0.2736024558544159,0.5448311567306519,0.26144224405288696,0.5344507098197937
200,0.4389517307281494,0.3171093463897705,0.4469006657600403,0.32996103167533875,0.5285723805427551,0.3534560799598694,0.43341773748397827,0.33343350887298584,0.4246154725551605,0.33297809958457947,0.5137424468994141,0.35981807112693787,0.42066246271133423,0.3304012417793274,0.5178098678588867,0.37713199853897095,0.5073125958442688,0.3792165219783783,0.46740543842315674,0.3796546161174774,0.45584988594055176,0.3807681202888489,0.48465782403945923,0.38616663217544556,0.45833155512809753,0.3729803264141083
201,0.43710407614707947,0.3128175735473633,0.4456673860549927,0.3254711329936981,0.5265049338340759,0.3503408432006836,0.42872387170791626,0.32597312331199646,0.4250888228416443,0.3306603729724884,0.5113480091094971,0.35805845260620117,0.4204843044281006,0.3312970697879791,0.5131930708885193,0.37267833948135376,0.5041199922561646,0.3745303750038147,0.4623328149318695,0.37523508071899414,0.4523533582687378,0.37622103095054626,0.48174938559532166,0.383559912443161,0.4563239514827728,0.3707554340362549
202,0.43816885352134705,0.313761830329895,0.4486233592033386,0.32616758346557617,0.5251772403717041,0.35124489665031433,0.43181312084198,0.3289482593536377,0.4232643246650696,0.33231931924819946,0.5106318593025208,0.3594875931739807,0.4275556802749634,0.326557457447052,0.5126929879188538,0.37308746576309204,0.456646203994751,0.3656512200832367,0.4640459418296814,0.37571585178375244,0.45243048667907715,0.3765355050563812,0.48164278268814087,0.3834787607192993,0.45538753271102905,0.37058520317077637
203,0.44037920236587524,0.31709301471710205,0.4974125623703003,0.35099875926971436,0.5254343152046204,0.35285890102386475,0.4339157044887543,0.3341192603111267,0.42453131079673767,0.3362831771373749,0.48382991552352905,0.35769766569137573,0.42830824851989746,0.32815372943878174,0.5145518183708191,0.376816987991333,0.4603959918022156,0.3709486126899719,0.4814169406890869,0.3874180018901825,0.4548115134239197,0.3807733654975891,0.5010660886764526,0.406610369682312,0.4566119611263275,0.3732004761695862
204,0.4372657239437103,0.31042513251304626,0.44271886348724365,0.31663042306900024,0.44345855712890625,0.3226310610771179,0.42886194586753845,0.32368454337120056,0.4247521758079529,0.3240044116973877,0.47764894366264343,0.3538026511669159,0.4275563359260559,0.3308255672454834,0.4629877805709839,0.35477420687675476,0.45593389868736267,0.35881203413009644,0.4572673738002777,0.35841044783592224,0.45050960779190063,0.35917115211486816,0.47894009947776794,0.3766544461250305,0.4655304551124573,0.36874115467071533
205,0.2772214710712433,0.4556905925273895,0.2742232382297516,0.4649129807949066,0.2686406373977661,0.4832933843135834,0.2702864110469818,0.4646068811416626,0.262358695268631,0.48191922903060913,0.2685348689556122,0.49225422739982605,0.26392248272895813,0.49185824394226074,0.2692885398864746,0.5047391653060913,0.26641350984573364,0.5049424171447754,0.2645634412765503,0.521957278251648,0.26181384921073914,0.520681619644165,0.26408618688583374,0.5276608467102051,0.26461076736450195,0.5272070169448853
206,0.2712264358997345,0.45428499579429626,0.26709747314453125,0.463588684797287,0.27020999789237976,0.4836386442184448,0.26663655042648315,0.46161338686943054,0.2640569508075714,0.48265737295150757,0.2695475220680237,0.49085044860839844,0.26526737213134766,0.4905717968940735,0.27217453718185425,0.5047080516815186,0.2699800133705139,0.5046497583389282,0.26485154032707214,0.5260301828384399,0.2629854083061218,0.5246313810348511,0.272970587015152,0.541439414024353,0.2675906717777252,0.5332329273223877
207,0.27173733711242676,0.45285555720329285,0.2676643133163452,0.4624781012535095,0.26996564865112305,0.4832473695278168,0.265884131193161,0.460436075925827,0.26328015327453613,0.48214560747146606,0.26923418045043945,0.49133309721946716,0.2644394040107727,0.4910898804664612,0.27223849296569824,0.5043925046920776,0.26932287216186523,0.5043911933898926,0.26508280634880066,0.5249164700508118,0.2629252076148987,0.5235838294029236,0.2717483341693878,0.5408897995948792,0.26603734493255615,0.5322137475013733
208,0.6137580275535583,0.46653199195861816,0.6179403066635132,0.49139532446861267,0.6055494546890259,0.49361616373062134,0.5976424217224121,0.47748154401779175,0.5401713848114014,0.49756336212158203,0.5425605773925781,0.5282610654830933,0.5373618006706238,0.5269129276275635,0.5331897735595703,0.5310729742050171,0.528353214263916,0.5313706994056702,0.5310173034667969,0.5756926536560059,0.5302057862281799,0.5753984451293945,0.5269341468811035,0.6273254156112671,0.5281025171279907,0.6112185716629028
209,0.43147534132003784,0.32282567024230957,0.43791645765304565,0.32977259159088135,0.435707688331604,0.32750555872917175,0.4195317029953003,0.33434897661209106,0.4143632650375366,0.330303430557251,0.4257650077342987,0.33015871047973633,0.4167082905769348,0.3252617120742798,0.4404239356517792,0.35007190704345703,0.4303605556488037,0.3558386564254761,0.4566018283367157,0.37587088346481323,0.42859411239624023,0.3561658263206482,0.4763326048851013,0.38532111048698425,0.43264448642730713,0.357829213142395
210,0.2710804343223572,0.45193761587142944,0.2697632908821106,0.46336859464645386,0.2652208209037781,0.4796586036682129,0.2643982172012329,0.46242639422416687,0.2576773762702942,0.47800692915916443,0.2662053108215332,0.4902798533439636,0.2607351243495941,0.48923176527023315,0.26464638113975525,0.503383219242096,0.26100894808769226,0.5030211210250854,0.2631545960903168,0.5215889811515808,0.25863388180732727,0.5202280282974243,0.2641904652118683,0.5284647941589355,0.2635737359523773,0.5273821353912354
211,0.43619686365127563,0.32759755849838257,0.44090157747268677,0.33280372619628906,0.4378855228424072,0.33495399355888367,0.42387866973876953,0.33795011043548584,0.4117647111415863,0.3300113081932068,0.42318195104599,0.3325095772743225,0.4143383204936981,0.33658522367477417,0.44029009342193604,0.35572218894958496,0.4350268542766571,0.3674682080745697,0.4490289092063904,0.37859782576560974,0.4309891164302826,0.3713744878768921,0.44792819023132324,0.3824910521507263,0.4298562705516815,0.37385135889053345
212,0.49536341428756714,0.3627834916114807,0.5366199016571045,0.3903319239616394,0.5191349387168884,0.3687836527824402,0.4705520570278168,0.39007192850112915,0.4206713140010834,0.3663656413555145,0.5700081586837769,0.32460761070251465,0.40205079317092896,0.33560729026794434,0.529306173324585,0.46554356813430786,0.5003539323806763,0.46923157572746277,0.5232213139533997,0.5670231580734253,0.501659631729126,0.5665281414985657,0.5115921497344971,0.654926598072052,0.494599312543869,0.6531872749328613
213,0.5064882040023804,0.3638286590576172,0.5454006195068359,0.3860858678817749,0.5646823644638062,0.3767791986465454,0.5074007511138916,0.3866870105266571,0.48256027698516846,0.3837229907512665,0.5121855735778809,0.3709844946861267,0.49585649371147156,0.37314528226852417,0.5435001850128174,0.47813135385513306,0.5127431750297546,0.4844869375228882,0.5243129134178162,0.5669207572937012,0.511593222618103,0.5679394006729126,0.509340226650238,0.6530686616897583,0.4973759353160858,0.6514015793800354
214,0.5071051120758057,0.36815735697746277,0.5378918647766113,0.3962749242782593,0.5754607319831848,0.3940824270248413,0.48400065302848816,0.3928951621055603,0.4505263566970825,0.39723777770996094,0.5797292590141296,0.3599930703639984,0.4175707995891571,0.36419957876205444,0.5376040935516357,0.4882122874259949,0.4964359700679779,0.48967432975769043,0.5288252234458923,0.5724725723266602,0.4979424476623535,0.5707035064697266,0.5437661409378052,0.6622510552406311,0.4819963574409485,0.6529208421707153
215,0.5048002600669861,0.371374249458313,0.5398533344268799,0.4060787558555603,0.5668197274208069,0.41574567556381226,0.4870815873146057,0.3966376483440399,0.4490959048271179,0.40230125188827515,0.5241533517837524,0.37574994564056396,0.4842979311943054,0.3750547766685486,0.5372540950775146,0.49919283390045166,0.4989556074142456,0.4992232322692871,0.5304427742958069,0.5758718252182007,0.500247597694397,0.5730887055397034,0.5429536700248718,0.663101315498352,0.48170822858810425,0.6604750752449036
216,0.5040416717529297,0.3593124747276306,0.5390387773513794,0.3964221477508545,0.5582975149154663,0.4356275200843811,0.48633548617362976,0.39572960138320923,0.4544544219970703,0.4179057776927948,0.5693732500076294,0.3993314206600189,0.4227835536003113,0.3943377435207367,0.5338320136070251,0.4970548748970032,0.4910619854927063,0.49396249651908875,0.5286000967025757,0.582911491394043,0.4952501952648163,0.5804717540740967,0.5304809212684631,0.6646378040313721,0.4786698520183563,0.6614770889282227
217,0.5042634010314941,0.36239251494407654,0.5349413156509399,0.3945097327232361,0.5674315690994263,0.4298691749572754,0.4899989068508148,0.40000206232070923,0.4565996527671814,0.42773759365081787,0.5930461883544922,0.43102607131004333,0.44892996549606323,0.4223420023918152,0.5343590378761292,0.4937380254268646,0.4909231662750244,0.4941815733909607,0.5275118947029114,0.5800201892852783,0.4909251928329468,0.5787802934646606,0.5457479953765869,0.6705495119094849,0.47956371307373047,0.6623837947845459
218,0.5039622783660889,0.3622437119483948,0.5409802198410034,0.3988395631313324,0.5669289827346802,0.4386119246482849,0.48622220754623413,0.3958751857280731,0.4685368239879608,0.44175028800964355,0.5962579846382141,0.46822476387023926,0.46205005049705505,0.456096887588501,0.5337622761726379,0.4966009259223938,0.4907386898994446,0.4977611005306244,0.5280534029006958,0.5834910273551941,0.4889553487300873,0.5840126276016235,0.5440890192985535,0.6715120077133179,0.4793027341365814,0.6637822389602661
219,0.5050988793373108,0.3638768792152405,0.5330584049224854,0.3970601558685303,0.5674615502357483,0.44157883524894714,0.48598670959472656,0.40244925022125244,0.462907612323761,0.44471120834350586,0.6057652235031128,0.4635104537010193,0.4386172294616699,0.4600299596786499,0.5344793200492859,0.49822473526000977,0.4908434748649597,0.4995882511138916,0.5348080992698669,0.5868682861328125,0.4930393397808075,0.5765213966369629,0.5453603267669678,0.6652044057846069,0.479496568441391,0.6616777777671814
220,0.5052428245544434,0.36475712060928345,0.5317038893699646,0.3990142345428467,0.5645660758018494,0.4432293772697449,0.48454707860946655,0.4060588479042053,0.457895964384079,0.4509957432746887,0.5947964787483215,0.47516462206840515,0.43176180124282837,0.47932931780815125,0.5363447666168213,0.5000579357147217,0.490448534488678,0.498212069272995,0.5361444354057312,0.5817978978157043,0.49117255210876465,0.5789377689361572,0.5451759099960327,0.6626279354095459,0.4801182746887207,0.6593761444091797
221,0.502945065498352,0.36547285318374634,0.5304003953933716,0.39974862337112427,0.5622594356536865,0.44484445452690125,0.48402130603790283,0.40698036551475525,0.45860743522644043,0.45324426889419556,0.5913517475128174,0.4758789539337158,0.434558242559433,0.4765303134918213,0.5371731519699097,0.4992391765117645,0.4923590421676636,0.49906620383262634,0.5382158756256104,0.583721399307251,0.49458667635917664,0.5820978879928589,0.5457757711410522,0.6620070934295654,0.48209863901138306,0.6592724323272705
222,0.5022890567779541,0.36564064025878906,0.5378174781799316,0.4020960330963135,0.5637440085411072,0.44759148359298706,0.486928790807724,0.40498608350753784,0.45848381519317627,0.4519297778606415,0.5934818983078003,0.4887253940105438,0.4518221616744995,0.48607227206230164,0.5343818068504333,0.4964308440685272,0.4948136806488037,0.49639901518821716,0.5359270572662354,0.5815696716308594,0.4973386228084564,0.5801159143447876,0.5452244281768799,0.6616345643997192,0.4856354892253876,0.6583779454231262
223,0.5019968748092651,0.36557790637016296,0.5385578274726868,0.40211400389671326,0.5579785704612732,0.4505193829536438,0.48536014556884766,0.4040115773677826,0.46428507566452026,0.4549073576927185,0.5949515104293823,0.49036523699760437,0.445507287979126,0.48658818006515503,0.5349332094192505,0.4981585741043091,0.49569305777549744,0.49818599224090576,0.5397709608078003,0.5803842544555664,0.4941708743572235,0.5764068961143494,0.5465269088745117,0.6602346301078796,0.48532748222351074,0.6577112674713135
224,0.5012558698654175,0.3668603301048279,0.535651445388794,0.4034217298030853,0.5558499693870544,0.45231378078460693,0.4863222539424896,0.4046928882598877,0.4696640968322754,0.4580134153366089,0.5656899213790894,0.5010219812393188,0.4671400785446167,0.49181923270225525,0.5341860055923462,0.4981864392757416,0.49606406688690186,0.4970223605632782,0.5376884341239929,0.5848115682601929,0.49719151854515076,0.5876175761222839,0.546003520488739,0.6603228449821472,0.48618727922439575,0.6564015746116638
225,0.501498818397522,0.36640676856040955,0.5377991199493408,0.4071071743965149,0.5515894889831543,0.4629272222518921,0.4864906072616577,0.4057813882827759,0.4728196859359741,0.4614163041114807,0.5495808720588684,0.5032257437705994,0.47081440687179565,0.4982926845550537,0.5332967042922974,0.5020710229873657,0.49564099311828613,0.5034778118133545,0.5360221862792969,0.5830470323562622,0.49399489164352417,0.580094039440155,0.5450997352600098,0.6613874435424805,0.4834204614162445,0.6586698889732361
226,0.5012644529342651,0.36508357524871826,0.539749801158905,0.40587371587753296,0.5574365854263306,0.46277719736099243,0.4862818717956543,0.4062225818634033,0.472859263420105,0.4533950984477997,0.5461698174476624,0.5080302357673645,0.47643035650253296,0.5051249861717224,0.5360124707221985,0.5032522082328796,0.49639999866485596,0.5059480667114258,0.5391924381256104,0.5828888416290283,0.49296122789382935,0.5801087617874146,0.5453997254371643,0.660916805267334,0.4828917384147644,0.6582722663879395
