FrameNo,head_x,head_y,left_shoulder_x,left_shoulder_y,left_elbow_x,left_elbow_y,right_shoulder_x,right_shoulder_y,right_elbow_x,right_elbow_y,left_hand_x,left_hand_y,right_hand_x,right_hand_y,left_hip_x,left_hip_y,right_hip_x,right_hip_y,left_knee_x,left_knee_y,right_knee_x,right_knee_y,left_foot_x,left_foot_y,right_foot_x,right_foot_y
0,0.5050369501113892,0.3611490726470947,0.5442969799041748,0.40060317516326904,0.5843789577484131,0.47260329127311707,0.4751482903957367,0.3973979949951172,0.47363924980163574,0.47923681139945984,0.52940434217453,0.49529212713241577,0.4876136779785156,0.4935736358165741,0.526710569858551,0.5055719614028931,0.48032325506210327,0.5060846209526062,0.5205615758895874,0.5886459350585938,0.4824863374233246,0.5877470374107361,0.5190376043319702,0.6620861291885376,0.479926198720932,0.6602410078048706
1,0.5045958161354065,0.361825555562973,0.5420558452606201,0.4032241702079773,0.5893449187278748,0.473330557346344,0.4738085865974426,0.3970755338668823,0.46886226534843445,0.4096994996070862,0.5311717987060547,0.4974638819694519,0.48983296751976013,0.4936588406562805,0.5243532657623291,0.5072417259216309,0.4805835485458374,0.508023202419281,0.5150879621505737,0.5883395671844482,0.48330432176589966,0.5865015983581543,0.5145634412765503,0.6614220142364502,0.48036009073257446,0.659592866897583
2,0.5050876140594482,0.3605124354362488,0.5397803783416748,0.4000691771507263,0.573481023311615,0.46659743785858154,0.4736848771572113,0.39415013790130615,0.4640178382396698,0.3866792917251587,0.5294232368469238,0.49915584921836853,0.4426823854446411,0.30415475368499756,0.5237714052200317,0.5052673816680908,0.4806470274925232,0.5065903663635254,0.5153143405914307,0.5885564684867859,0.4834526777267456,0.5864567160606384,0.5158482789993286,0.6619409322738647,0.4803968667984009,0.6603397727012634
3,0.5037102103233337,0.35716840624809265,0.5409445762634277,0.3992745280265808,0.5937566757202148,0.4708457887172699,0.47435641288757324,0.39346179366111755,0.4598939120769501,0.3750985860824585,0.5253081917762756,0.4969960153102875,0.4423828125,0.3019271790981293,0.5260331630706787,0.5063797235488892,0.4815531373023987,0.5069301128387451,0.514970064163208,0.5914487242698669,0.48192673921585083,0.5883145332336426,0.5149720907211304,0.662177562713623,0.4811774492263794,0.6607201099395752
4,0.5017823576927185,0.3518816828727722,0.5390459299087524,0.396202027797699,0.5645906925201416,0.44901877641677856,0.4718469977378845,0.3831164836883545,0.4601101875305176,0.3734414577484131,0.5243109464645386,0.49702465534210205,0.4440661370754242,0.3014845848083496,0.5256536602973938,0.5043689012527466,0.48095810413360596,0.5047780275344849,0.514639675617218,0.5916404128074646,0.48106062412261963,0.5878102779388428,0.5161404609680176,0.6633555293083191,0.4809025526046753,0.6621271967887878
5,0.5023714900016785,0.351781964302063,0.5372397899627686,0.3876553177833557,0.5173879265785217,0.3667328953742981,0.47289952635765076,0.38111624121665955,0.45425862073898315,0.3610623776912689,0.5167131423950195,0.3465268611907959,0.44488775730133057,0.3000575304031372,0.524456262588501,0.5029535293579102,0.48055240511894226,0.5029348134994507,0.5147603750228882,0.5895651578903198,0.4813060462474823,0.5855355262756348,0.5168630480766296,0.6626752614974976,0.47924286127090454,0.6612772345542908
6,0.5041027069091797,0.3488274812698364,0.5375106334686279,0.38278281688690186,0.5184298753738403,0.36282211542129517,0.47304272651672363,0.37879639863967896,0.4514065682888031,0.34903454780578613,0.5456883311271667,0.28901779651641846,0.4445517957210541,0.29812854528427124,0.5243800282478333,0.5007309913635254,0.4810059666633606,0.5010638236999512,0.5142111778259277,0.5894635915756226,0.48156851530075073,0.5853190422058105,0.516941487789154,0.6624532341957092,0.4797859191894531,0.6608328819274902
7,0.5031154155731201,0.3476046919822693,0.536690354347229,0.3817914128303528,0.5386272072792053,0.3590940833091736,0.4732431173324585,0.3777649402618408,0.4513384699821472,0.34797197580337524,0.5445126891136169,0.2872690260410309,0.44545668363571167,0.29756271839141846,0.525857150554657,0.495222806930542,0.4808959662914276,0.5003975629806519,0.5141438245773315,0.5887660384178162,0.4813884496688843,0.5843021273612976,0.5175217390060425,0.6622262001037598,0.4790782332420349,0.6603502631187439
8,0.5032397508621216,0.34953150153160095,0.5367917418479919,0.38367533683776855,0.5168484449386597,0.3638251721858978,0.4734773337841034,0.3790615499019623,0.4515634775161743,0.34852999448776245,0.5448086857795715,0.28776484727859497,0.44490060210227966,0.2975204885005951,0.5242701768875122,0.5009031891822815,0.4808769226074219,0.5010478496551514,0.5140576362609863,0.5888940095901489,0.4812157154083252,0.584481418132782,0.5171524286270142,0.662398099899292,0.479085773229599,0.6605734825134277
9,0.504331111907959,0.35048115253448486,0.5377554297447205,0.3838294446468353,0.5382869243621826,0.3614899814128876,0.4744056463241577,0.3802950084209442,0.45184728503227234,0.3631351888179779,0.5450472235679626,0.28828567266464233,0.44567713141441345,0.2990044355392456,0.5246232748031616,0.501526951789856,0.4811386466026306,0.5018056631088257,0.5140684843063354,0.5899611711502075,0.4814175069332123,0.585627555847168,0.5170327425003052,0.6625258922576904,0.47932225465774536,0.6609138250350952
10,0.5058006048202515,0.3545387387275696,0.5410352945327759,0.3957378566265106,0.5653866529464722,0.4490559995174408,0.4739512801170349,0.38454732298851013,0.46006494760513306,0.37468358874320984,0.5277239084243774,0.4973472058773041,0.4440813958644867,0.3022617995738983,0.5245146155357361,0.5045379996299744,0.4806435704231262,0.5052171945571899,0.514103889465332,0.591906726360321,0.48101431131362915,0.5885586738586426,0.5161987543106079,0.6629358530044556,0.4796092212200165,0.6616016626358032
11,0.5064717531204224,0.354540079832077,0.5408031940460205,0.3957303464412689,0.5642995238304138,0.44811302423477173,0.47464901208877563,0.3846991956233978,0.45999860763549805,0.3736206889152527,0.5279573202133179,0.4983183741569519,0.44552409648895264,0.30272939801216125,0.524418830871582,0.5046428442001343,0.4809478521347046,0.5053238868713379,0.5141347646713257,0.5921837091445923,0.4812243580818176,0.5883824825286865,0.5166075825691223,0.663223147392273,0.47942015528678894,0.6618430614471436
12,0.5054994821548462,0.3426764905452728,0.5385092496871948,0.3767337501049042,0.5398595929145813,0.3520580232143402,0.47754019498825073,0.3718894124031067,0.4583680033683777,0.34626662731170654,0.5439656972885132,0.28395262360572815,0.45634323358535767,0.29942142963409424,0.5275622606277466,0.4868738651275635,0.4856452941894531,0.4882968068122864,0.517947793006897,0.5850613117218018,0.4808743894100189,0.5785490870475769,0.5218008160591125,0.6631119847297668,0.47842031717300415,0.6614519357681274
13,0.5038785934448242,0.34453779458999634,0.5353400111198425,0.37546199560165405,0.534500241279602,0.3523382544517517,0.47495731711387634,0.3699057996273041,0.45488524436950684,0.3531303107738495,0.5430582761764526,0.28358516097068787,0.4547933042049408,0.2984670400619507,0.5267785787582397,0.488208532333374,0.48644062876701355,0.48988816142082214,0.5168504118919373,0.5843870043754578,0.4821542203426361,0.5786705613136292,0.5225889682769775,0.6625862121582031,0.4776289165019989,0.6615726947784424
14,0.5036568641662598,0.34777021408081055,0.5357171297073364,0.37480342388153076,0.5337015390396118,0.3531383275985718,0.47614237666130066,0.37150928378105164,0.45387002825737,0.3521035611629486,0.5436431765556335,0.2847636640071869,0.45347094535827637,0.30179113149642944,0.5271071791648865,0.48631295561790466,0.48715025186538696,0.48862046003341675,0.5164850950241089,0.582500696182251,0.4822731614112854,0.5775965452194214,0.5217937231063843,0.6615109443664551,0.4770389497280121,0.6617743372917175
15,0.5021396279335022,0.34781402349472046,0.5338568687438965,0.3775423765182495,0.5125260949134827,0.3589366376399994,0.47316107153892517,0.3749631345272064,0.44669681787490845,0.3390668034553528,0.5439910292625427,0.28319549560546875,0.45302411913871765,0.2983335256576538,0.5263001918792725,0.4874807596206665,0.48700404167175293,0.4894349277019501,0.5168182849884033,0.5836385488510132,0.4817689061164856,0.5772719383239746,0.521933376789093,0.6615184545516968,0.4768441617488861,0.6620221138000488
16,0.5036683082580566,0.3526413142681122,0.5351787805557251,0.38284552097320557,0.5327078104019165,0.35537225008010864,0.47649797797203064,0.37668687105178833,0.45284613966941833,0.3521331548690796,0.5441746711730957,0.2874217629432678,0.4541707932949066,0.30179744958877563,0.5267102718353271,0.49107247591018677,0.4873649775981903,0.4924231469631195,0.5177212953567505,0.5841312408447266,0.4828765392303467,0.5784626007080078,0.5224584937095642,0.6615266799926758,0.47645875811576843,0.6621977090835571
17,0.5026794672012329,0.35103926062583923,0.5341669321060181,0.3805108964443207,0.5312908887863159,0.3546006381511688,0.47327014803886414,0.37704819440841675,0.45309385657310486,0.3515216112136841,0.5435921549797058,0.2860589623451233,0.45452719926834106,0.29924437403678894,0.5267164707183838,0.48937124013900757,0.48760688304901123,0.49096235632896423,0.5176416039466858,0.5849694609642029,0.4818980097770691,0.57825767993927,0.5221864581108093,0.661185622215271,0.4765208661556244,0.6623997092247009
18,0.500375509262085,0.3532790541648865,0.5337731838226318,0.38110244274139404,0.5308277606964111,0.35827749967575073,0.4740079343318939,0.3745572566986084,0.4523894786834717,0.3550621271133423,0.5427308678627014,0.2868958115577698,0.4549506604671478,0.30293479561805725,0.526357889175415,0.4898134171962738,0.4863111674785614,0.4914151430130005,0.5183687210083008,0.5842640995979309,0.4813801944255829,0.578209400177002,0.5226007699966431,0.661259651184082,0.4760317802429199,0.6624144911766052
19,0.5014582872390747,0.3558769226074219,0.5346751809120178,0.3836152255535126,0.5306997299194336,0.35851728916168213,0.4750977158546448,0.3763312101364136,0.45230647921562195,0.35406869649887085,0.5436044931411743,0.2865709662437439,0.4557390809059143,0.30063140392303467,0.5280143022537231,0.4930596947669983,0.4859040677547455,0.49366068840026855,0.5200647115707397,0.585584282875061,0.48196887969970703,0.5792117714881897,0.524142324924469,0.6608037948608398,0.4751827120780945,0.6622769236564636
20,0.5009059906005859,0.3554133176803589,0.5343419313430786,0.3838174343109131,0.530428946018219,0.3578498363494873,0.4751216769218445,0.3767683207988739,0.4524979293346405,0.35381269454956055,0.5439032316207886,0.28603696823120117,0.4562585949897766,0.30005231499671936,0.5284383296966553,0.49376603960990906,0.48609524965286255,0.49442073702812195,0.5203205347061157,0.5861690640449524,0.48180994391441345,0.5796186327934265,0.5241618156433105,0.660498321056366,0.47506994009017944,0.662138819694519
21,0.5000815391540527,0.35596486926078796,0.538531482219696,0.383282870054245,0.5299296379089355,0.3589250445365906,0.474684476852417,0.3777793347835541,0.4521061182022095,0.35564929246902466,0.5416420102119446,0.28919336199760437,0.45453792810440063,0.3037281632423401,0.5273627042770386,0.49430662393569946,0.4860099256038666,0.4949149787425995,0.5206165909767151,0.5854254961013794,0.4821453094482422,0.57879638671875,0.52399742603302,0.6608710885047913,0.4753956198692322,0.6624902486801147
22,0.5024019479751587,0.35561126470565796,0.5352716445922852,0.38359755277633667,0.5304498672485352,0.3579012155532837,0.4759325385093689,0.3771035373210907,0.4524691700935364,0.3551042079925537,0.542255163192749,0.2867420017719269,0.4548985958099365,0.30191701650619507,0.528091311454773,0.49335408210754395,0.48620814085006714,0.4940643012523651,0.5207417607307434,0.5848098993301392,0.48204466700553894,0.5786687135696411,0.5241180062294006,0.6615567207336426,0.47552236914634705,0.6629877090454102
23,0.5032555460929871,0.3574833571910858,0.5357925891876221,0.3837164342403412,0.5307856202125549,0.3569951057434082,0.47678524255752563,0.3782211244106293,0.45244264602661133,0.3554517924785614,0.5419394969940186,0.28730058670043945,0.45458167791366577,0.3022225499153137,0.5279685258865356,0.4927738308906555,0.486977219581604,0.49380311369895935,0.5204005241394043,0.585502028465271,0.4827531576156616,0.579361617565155,0.5241836309432983,0.6611138582229614,0.4757184684276581,0.6629734039306641
24,0.5052571296691895,0.34749752283096313,0.5387431383132935,0.3803386390209198,0.5379969477653503,0.3550953269004822,0.4769842028617859,0.3740134835243225,0.4550206661224365,0.3481236696243286,0.5434012413024902,0.2943933606147766,0.45371851325035095,0.306684672832489,0.5284374952316284,0.48916518688201904,0.4865046739578247,0.4916117787361145,0.518738865852356,0.5867591500282288,0.4828975796699524,0.5801159143447876,0.5210908651351929,0.6606833934783936,0.48098379373550415,0.660757839679718
25,0.503341794013977,0.3597874641418457,0.5347493886947632,0.38882726430892944,0.539504885673523,0.36449334025382996,0.47694870829582214,0.3845256567001343,0.4475151002407074,0.35045918822288513,0.5462413430213928,0.3004968762397766,0.4422324597835541,0.3042147755622864,0.5261350870132446,0.5030167102813721,0.48557913303375244,0.5019875764846802,0.5176501870155334,0.5862257480621338,0.4825141131877899,0.581812858581543,0.5221987962722778,0.6637542247772217,0.47663745284080505,0.6636996269226074
26,0.5012134313583374,0.3596099019050598,0.5370669364929199,0.3891144394874573,0.539188027381897,0.36360153555870056,0.4763520359992981,0.3856426477432251,0.44823533296585083,0.3514880836009979,0.5468922853469849,0.30121666193008423,0.44143229722976685,0.3035728931427002,0.5262899994850159,0.5030884146690369,0.485016793012619,0.5019043684005737,0.5185502767562866,0.5861496329307556,0.4819968640804291,0.5820860862731934,0.5228619575500488,0.6637731790542603,0.476528137922287,0.6639485359191895
27,0.5012107491493225,0.36095738410949707,0.5354769229888916,0.39020878076553345,0.5386634469032288,0.3646351099014282,0.4759076237678528,0.38684672117233276,0.4478949308395386,0.35244715213775635,0.5467422604560852,0.30070239305496216,0.4414404332637787,0.30456262826919556,0.5256063342094421,0.5042572021484375,0.4848899841308594,0.5033212900161743,0.5180115699768066,0.5867407321929932,0.4819515645503998,0.5828636884689331,0.5229094624519348,0.6639798283576965,0.4766666889190674,0.6584354639053345
28,0.49650833010673523,0.35747039318084717,0.5289888381958008,0.3848128914833069,0.5140132904052734,0.3631308078765869,0.47159481048583984,0.3833997845649719,0.4462019205093384,0.3508312702178955,0.5422986745834351,0.2942221164703369,0.4387455880641937,0.30404624342918396,0.5234189629554749,0.5017942190170288,0.4820788502693176,0.5020171999931335,0.5174495577812195,0.5865092873573303,0.4807758331298828,0.5830601453781128,0.5224466919898987,0.6629770994186401,0.47617441415786743,0.658284604549408
29,0.4948902726173401,0.3562697172164917,0.5273286700248718,0.3820312023162842,0.5116441249847412,0.36339887976646423,0.46992844343185425,0.38158807158470154,0.44490692019462585,0.3513396382331848,0.5404298901557922,0.2945164442062378,0.43811070919036865,0.3045719861984253,0.5229180455207825,0.5004503726959229,0.48108550906181335,0.5007388591766357,0.5168147087097168,0.5860649347305298,0.48057496547698975,0.5828675031661987,0.5221681594848633,0.6628109216690063,0.47614988684654236,0.6582984924316406
30,0.49361202120780945,0.35506805777549744,0.5253666639328003,0.3806575536727905,0.5340836048126221,0.36130696535110474,0.46898776292800903,0.38020631670951843,0.4411749839782715,0.3512471616268158,0.5443522930145264,0.29728901386260986,0.43619638681411743,0.3046365976333618,0.5230411887168884,0.4932318329811096,0.4815722107887268,0.4998430907726288,0.5162272453308105,0.584976077079773,0.48088890314102173,0.5815557837486267,0.521188497543335,0.6624712944030762,0.4769245386123657,0.6578216552734375
31,0.4930073916912079,0.3574831187725067,0.5256315469741821,0.3839268088340759,0.5109977722167969,0.3652140498161316,0.46880802512168884,0.38211604952812195,0.4418600797653198,0.3521379828453064,0.5492983460426331,0.2879467308521271,0.43657299876213074,0.3045576214790344,0.5240705013275146,0.5000896453857422,0.4816514849662781,0.5001311302185059,0.5177865028381348,0.5830798745155334,0.480724036693573,0.5806273221969604,0.5211930274963379,0.6653344035148621,0.47689878940582275,0.6581767797470093
32,0.49418577551841736,0.3566758632659912,0.5268281698226929,0.3825984597206116,0.5390346646308899,0.3624793291091919,0.4697920083999634,0.38213178515434265,0.43695443868637085,0.34940141439437866,0.5506600141525269,0.2898913621902466,0.43279680609703064,0.30885887145996094,0.5238474607467651,0.5006351470947266,0.48354995250701904,0.5018422603607178,0.5164941549301147,0.5841366052627563,0.4832518696784973,0.5814727544784546,0.521760880947113,0.6637271642684937,0.47967860102653503,0.6587361097335815
33,0.49369901418685913,0.35333117842674255,0.5255743265151978,0.3779148459434509,0.5384155511856079,0.35979804396629333,0.4673929810523987,0.3791079521179199,0.4380651116371155,0.3501224219799042,0.5505779981613159,0.29222142696380615,0.4349897801876068,0.3067692518234253,0.5241867899894714,0.5000592470169067,0.4819391369819641,0.5013217329978943,0.5169991254806519,0.5840630531311035,0.4825882315635681,0.5817597508430481,0.5184675455093384,0.663642942905426,0.47944116592407227,0.6593337059020996
34,0.49458521604537964,0.35241109132766724,0.5285189151763916,0.37528353929519653,0.5383433103561401,0.35832446813583374,0.4701051712036133,0.37669050693511963,0.44450485706329346,0.3530883193016052,0.5513899922370911,0.2869662642478943,0.44088301062583923,0.3076554536819458,0.5264559388160706,0.49335286021232605,0.4834667146205902,0.496410608291626,0.5177455544471741,0.5868018865585327,0.4821804165840149,0.5829957127571106,0.5224381685256958,0.6627199649810791,0.479814350605011,0.6585608720779419
35,0.4977107644081116,0.34511205554008484,0.5308699607849121,0.3671969175338745,0.5432602167129517,0.34773144125938416,0.47057127952575684,0.37109631299972534,0.44242745637893677,0.33961376547813416,0.5528925657272339,0.2859368324279785,0.442316472530365,0.3062078058719635,0.5268784761428833,0.4910511374473572,0.4833843410015106,0.49407967925071716,0.5188525915145874,0.5860193967819214,0.4826013743877411,0.5813507437705994,0.5224308967590332,0.6617953181266785,0.4801967144012451,0.6632823348045349
36,0.4965094029903412,0.3397868573665619,0.5264188051223755,0.35810738801956177,0.5457772612571716,0.3374663293361664,0.47862643003463745,0.3695921301841736,0.44886523485183716,0.33742934465408325,0.5519974827766418,0.29960769414901733,0.44457706809043884,0.30342748761177063,0.5244009494781494,0.4821482300758362,0.486855685710907,0.48651570081710815,0.5139548778533936,0.5863306522369385,0.4857318103313446,0.5798245072364807,0.5192849040031433,0.6627604961395264,0.48696911334991455,0.6652355194091797
37,0.4970075488090515,0.35391944646835327,0.5279672145843506,0.37931400537490845,0.544101893901825,0.33724984526634216,0.47412949800491333,0.37879079580307007,0.4436059892177582,0.3372034728527069,0.5514116287231445,0.28672173619270325,0.4403936564922333,0.30309969186782837,0.5255306363105774,0.49167972803115845,0.4860140085220337,0.49292975664138794,0.5193897485733032,0.5884830951690674,0.48581182956695557,0.5839710235595703,0.5219759345054626,0.6640392541885376,0.48353275656700134,0.6592636108398438
38,0.4955131709575653,0.35584792494773865,0.5231528282165527,0.37727653980255127,0.5135144591331482,0.35969793796539307,0.48116642236709595,0.3849828839302063,0.4544382095336914,0.3447505235671997,0.5504302382469177,0.2861923575401306,0.44092386960983276,0.30347493290901184,0.5255599021911621,0.49109047651290894,0.48964059352874756,0.49322736263275146,0.518109142780304,0.5873048305511475,0.4894401729106903,0.5836033225059509,0.5214658975601196,0.6635614633560181,0.4864131808280945,0.6594841480255127
39,0.49539515376091003,0.3596315383911133,0.5296409130096436,0.3835899829864502,0.5389604568481445,0.3543604612350464,0.47851940989494324,0.38952314853668213,0.44664496183395386,0.35095641016960144,0.552224338054657,0.28470414876937866,0.4399493932723999,0.3013717532157898,0.5269917845726013,0.49903225898742676,0.4870276153087616,0.4984595477581024,0.5207617282867432,0.5894732475280762,0.4863819479942322,0.5840004086494446,0.5231901407241821,0.6649139523506165,0.48318085074424744,0.6593719720840454
40,0.4956895112991333,0.3614620566368103,0.5371205806732178,0.38719213008880615,0.541063129901886,0.35536879301071167,0.4740757346153259,0.383328378200531,0.4463769793510437,0.3502243161201477,0.5561320781707764,0.2958405315876007,0.44036900997161865,0.3008560538291931,0.5291662812232971,0.4999515414237976,0.48476287722587585,0.4977326989173889,0.5234951972961426,0.5875483751296997,0.48305392265319824,0.5818164348602295,0.5256561636924744,0.6625363230705261,0.48018598556518555,0.659858226776123
41,0.4955364465713501,0.3605315089225769,0.5331372022628784,0.38697466254234314,0.5400227904319763,0.355685830116272,0.47367602586746216,0.3854968249797821,0.4467044770717621,0.3542982339859009,0.5515217781066895,0.28558194637298584,0.436048686504364,0.30392712354660034,0.5261019468307495,0.501372218132019,0.482400119304657,0.4996706247329712,0.5211556553840637,0.5859163999557495,0.4812365770339966,0.5798198580741882,0.5252689719200134,0.6637327075004578,0.47707220911979675,0.6580334901809692
42,0.4964296519756317,0.35784587264060974,0.5337706208229065,0.3833708167076111,0.5413817763328552,0.3536045551300049,0.472549170255661,0.38504207134246826,0.44607099890708923,0.35466036200523376,0.5508319139480591,0.28300872445106506,0.4350120723247528,0.30259352922439575,0.5270819664001465,0.5026212334632874,0.48065313696861267,0.5009304285049438,0.5234484672546387,0.5863162875175476,0.4793611764907837,0.5799447894096375,0.5273337364196777,0.6629924178123474,0.4774414896965027,0.6644608974456787
43,0.49738073348999023,0.3594433665275574,0.5343970060348511,0.37868866324424744,0.5430855751037598,0.3438417315483093,0.4696004390716553,0.3808005452156067,0.4470334053039551,0.3556128144264221,0.5493875741958618,0.2832357883453369,0.4379035234451294,0.2994685471057892,0.5269902944564819,0.49694204330444336,0.4815171957015991,0.4975913166999817,0.5233412981033325,0.5867565870285034,0.48064589500427246,0.580459475517273,0.525714099407196,0.6591695547103882,0.4780829846858978,0.6615291237831116
44,0.4898553788661957,0.36308997869491577,0.5297374725341797,0.3792945146560669,0.5444578528404236,0.35037124156951904,0.46870100498199463,0.38277316093444824,0.4465211033821106,0.35598647594451904,0.5500414371490479,0.2850707769393921,0.4352447986602783,0.30274996161460876,0.5220627784729004,0.49376678466796875,0.4800122380256653,0.495636522769928,0.5175775289535522,0.5858616828918457,0.4800053834915161,0.581145167350769,0.5224561095237732,0.6573694348335266,0.4772360324859619,0.6572844386100769
45,0.49052590131759644,0.3620401620864868,0.5279096961021423,0.3900392949581146,0.5439896583557129,0.3605998754501343,0.47012683749198914,0.38830429315567017,0.4447172284126282,0.3547630310058594,0.5528326034545898,0.2893408536911011,0.43655869364738464,0.3061714172363281,0.5242676734924316,0.49782276153564453,0.48227614164352417,0.4976348876953125,0.5197219252586365,0.5872571468353271,0.4807288348674774,0.5831806659698486,0.5231103897094727,0.661682665348053,0.477850079536438,0.6560435891151428
46,0.4869382977485657,0.35590848326683044,0.520543098449707,0.38478991389274597,0.5411713123321533,0.3606582581996918,0.4618307054042816,0.3807021379470825,0.44022509455680847,0.3461451530456543,0.553263247013092,0.29241815209388733,0.4352864623069763,0.30723488330841064,0.5180971026420593,0.49383461475372314,0.47807711362838745,0.4940616488456726,0.512682318687439,0.5868679285049438,0.47908341884613037,0.5811363458633423,0.5199480652809143,0.6603343486785889,0.4780200719833374,0.6619755625724792
47,0.4936682879924774,0.36625754833221436,0.5318573117256165,0.38677483797073364,0.5463443994522095,0.3634537160396576,0.46631497144699097,0.3896098732948303,0.4464682340621948,0.3637746572494507,0.5526338815689087,0.29043224453926086,0.43902868032455444,0.30504757165908813,0.5205291509628296,0.49755018949508667,0.47658485174179077,0.49857062101364136,0.5130173563957214,0.5907585024833679,0.47924885153770447,0.5879931449890137,0.5211224555969238,0.6603792905807495,0.4756940007209778,0.6635069251060486
48,0.4923948645591736,0.3631879687309265,0.5323216915130615,0.3806033730506897,0.5450929403305054,0.35994288325309753,0.46456918120384216,0.38003939390182495,0.4448789954185486,0.33939990401268005,0.5539053678512573,0.29462936520576477,0.4449603259563446,0.30807429552078247,0.5263893604278564,0.48961561918258667,0.4819492697715759,0.49210256338119507,0.5166566371917725,0.5902090072631836,0.48070716857910156,0.5812493562698364,0.5223349332809448,0.660322904586792,0.4811839759349823,0.6604750156402588
49,0.48731300234794617,0.3650020956993103,0.524345874786377,0.3845514953136444,0.5455887913703918,0.36389216780662537,0.4621824026107788,0.38615894317626953,0.4448578357696533,0.3628886938095093,0.5505858659744263,0.2957872152328491,0.4372403621673584,0.3089319169521332,0.5235040783882141,0.49258822202682495,0.4780091941356659,0.49516937136650085,0.5200568437576294,0.5843982696533203,0.47924575209617615,0.5810481905937195,0.5263842344284058,0.6605035066604614,0.47687575221061707,0.662731945514679
50,0.4900621175765991,0.3731975257396698,0.5308897495269775,0.39139270782470703,0.5526595115661621,0.36226925253868103,0.47075292468070984,0.3947727084159851,0.4466135501861572,0.36341938376426697,0.5529301166534424,0.29461100697517395,0.4292139708995819,0.3109009265899658,0.5235714912414551,0.5060845613479614,0.4819939136505127,0.5055930018424988,0.519683837890625,0.5982252359390259,0.4813828468322754,0.5918101668357849,0.5246579647064209,0.6622927784919739,0.4758731722831726,0.6649061441421509
51,0.49180349707603455,0.3756648898124695,0.5243233442306519,0.39194485545158386,0.5529376268386841,0.3795792758464813,0.4695102572441101,0.3986667990684509,0.44598764181137085,0.36996328830718994,0.5541481971740723,0.29855623841285706,0.42643463611602783,0.3148658275604248,0.5181726813316345,0.5109273195266724,0.47980353236198425,0.5118778944015503,0.5171732306480408,0.602073609828949,0.48123547434806824,0.5987242460250854,0.5222559571266174,0.6629871129989624,0.474626362323761,0.6653661131858826
52,0.49851471185684204,0.38273894786834717,0.525873601436615,0.4018741548061371,0.5534538626670837,0.3782500624656677,0.4715532660484314,0.4078100621700287,0.4460088014602661,0.383769154548645,0.5530892014503479,0.3050435483455658,0.4318894147872925,0.31148844957351685,0.5197796821594238,0.5123443603515625,0.48054930567741394,0.5145793557167053,0.5187045335769653,0.6032944917678833,0.4828140437602997,0.6021366119384766,0.522355854511261,0.6637901663780212,0.47429215908050537,0.6655021905899048
53,0.49432599544525146,0.38195353746414185,0.5312594771385193,0.4039188623428345,0.5569052696228027,0.3779507279396057,0.473618745803833,0.4080353379249573,0.44411176443099976,0.38508713245391846,0.5543493032455444,0.3073814809322357,0.4314133822917938,0.3162497580051422,0.5230960845947266,0.5104327201843262,0.48296236991882324,0.511759877204895,0.5207647085189819,0.6012439727783203,0.479422926902771,0.5964488983154297,0.5236351490020752,0.6624193787574768,0.4746989607810974,0.6648263931274414
54,0.4982096552848816,0.38694292306900024,0.5366406440734863,0.4107457101345062,0.5592324733734131,0.3741263747215271,0.47902774810791016,0.4152047634124756,0.4470338523387909,0.3858470618724823,0.5540387034416199,0.3044334650039673,0.43316906690597534,0.3149612545967102,0.5237451195716858,0.5154749751091003,0.48373281955718994,0.5168417692184448,0.5205868482589722,0.6004314422607422,0.48544272780418396,0.5975056290626526,0.5229997634887695,0.6613348722457886,0.4746779799461365,0.6651051044464111
55,0.49842116236686707,0.3856801688671112,0.5425571799278259,0.40124833583831787,0.5571901798248291,0.3795410990715027,0.4798179864883423,0.4040603041648865,0.4469974637031555,0.3854401111602783,0.5567553043365479,0.3137895464897156,0.4381176829338074,0.31863710284233093,0.5270540714263916,0.501809298992157,0.48442310094833374,0.5048962831497192,0.5224377512931824,0.5884692668914795,0.48516982793807983,0.5882373452186584,0.5228226780891418,0.657740592956543,0.4716082811355591,0.6580111980438232
56,0.5031065344810486,0.3834759593009949,0.539960503578186,0.3947092294692993,0.5561464428901672,0.395094633102417,0.4797474145889282,0.4009854197502136,0.4442351758480072,0.38646358251571655,0.5577322244644165,0.31626611948013306,0.4320617914199829,0.3185760974884033,0.5285614728927612,0.48589596152305603,0.4865349531173706,0.4888521432876587,0.5220398902893066,0.5837829113006592,0.48627060651779175,0.5812748670578003,0.5252247452735901,0.6546398401260376,0.4758032560348511,0.6488074064254761
57,0.5000232458114624,0.380832314491272,0.5416667461395264,0.40722715854644775,0.5545552968978882,0.406549334526062,0.47807520627975464,0.40660524368286133,0.44336986541748047,0.3908326029777527,0.5556623935699463,0.32349419593811035,0.4267175793647766,0.3283688426017761,0.5270904302597046,0.5011503100395203,0.4851077198982239,0.5031646490097046,0.5241019129753113,0.5858468413352966,0.4837883412837982,0.5813431739807129,0.527725875377655,0.6567220091819763,0.47218388319015503,0.6574943661689758
58,0.49743813276290894,0.39460429549217224,0.5310277938842773,0.41867098212242126,0.5610014200210571,0.3986997604370117,0.4775182604789734,0.4185379147529602,0.4396315813064575,0.38967880606651306,0.5675886869430542,0.32081013917922974,0.43207699060440063,0.3285455107688904,0.5224059820175171,0.5067371129989624,0.48469457030296326,0.5094465017318726,0.5270533561706543,0.5878524780273438,0.48571258783340454,0.5866184830665588,0.531243622303009,0.6581553816795349,0.4739398658275604,0.6608906984329224
59,0.4982115626335144,0.4005863070487976,0.5310951471328735,0.4276866614818573,0.5637767314910889,0.4034452438354492,0.479434609413147,0.4287216067314148,0.4364475905895233,0.4015791416168213,0.5611335039138794,0.32267042994499207,0.4261215329170227,0.3360508382320404,0.5208194255828857,0.5150429010391235,0.4833097457885742,0.5174912810325623,0.527269721031189,0.5913726091384888,0.4845665395259857,0.5893720388412476,0.5320407748222351,0.6608501672744751,0.4741784334182739,0.6634330749511719
60,0.4962382912635803,0.38125428557395935,0.5403278470039368,0.4042550027370453,0.562190055847168,0.41168755292892456,0.47105932235717773,0.4046061635017395,0.4385717809200287,0.40338319540023804,0.5635184049606323,0.3434591293334961,0.43448004126548767,0.36241668462753296,0.5319802761077881,0.4904411733150482,0.48752424120903015,0.4911542534828186,0.5275772213935852,0.5763462781906128,0.48664605617523193,0.5726577043533325,0.5335109829902649,0.6599820852279663,0.47542011737823486,0.6594720482826233
61,0.4917747676372528,0.4032898545265198,0.528018057346344,0.4172127842903137,0.560122013092041,0.4196072518825531,0.4653504490852356,0.42116281390190125,0.4412641227245331,0.4228789806365967,0.5617281198501587,0.34725648164749146,0.41777753829956055,0.3672676682472229,0.525992751121521,0.5038478374481201,0.4857105612754822,0.5063269138336182,0.5256350040435791,0.5792673826217651,0.4783484935760498,0.5761705636978149,0.5314446687698364,0.6566699147224426,0.4745703339576721,0.655019998550415
62,0.49245497584342957,0.41674524545669556,0.521104097366333,0.4319072365760803,0.5531202554702759,0.43041178584098816,0.4684717655181885,0.4331912398338318,0.43967390060424805,0.4266815185546875,0.5579291582107544,0.3575742244720459,0.4138339161872864,0.3748077154159546,0.5204297304153442,0.5136094689369202,0.484092652797699,0.5144009590148926,0.5258828401565552,0.5818070769309998,0.4859902560710907,0.5786533355712891,0.5296578407287598,0.658993661403656,0.4746027886867523,0.6586336493492126
63,0.49372971057891846,0.41491422057151794,0.5195800065994263,0.4372529685497284,0.5557317733764648,0.4273087978363037,0.466962069272995,0.4360300302505493,0.43800491094589233,0.42649245262145996,0.5604323148727417,0.3672693967819214,0.41382214426994324,0.3776278495788574,0.519615888595581,0.5260612368583679,0.4844639301300049,0.527197003364563,0.5253428220748901,0.5862782001495361,0.482317179441452,0.5822751522064209,0.5291827321052551,0.6598027348518372,0.4767734408378601,0.6601789593696594
64,0.49256807565689087,0.4188644289970398,0.5219423770904541,0.43769294023513794,0.5503759980201721,0.43043383955955505,0.47055375576019287,0.43850502371788025,0.4405866861343384,0.4296877980232239,0.5558483600616455,0.3665812611579895,0.4190792739391327,0.3815799355506897,0.5214829444885254,0.5265157222747803,0.4873708188533783,0.52907794713974,0.5261887311935425,0.584496021270752,0.48626935482025146,0.5822433233261108,0.5312357544898987,0.6620340347290039,0.47666633129119873,0.6634936332702637
65,0.4916035532951355,0.4211041331291199,0.5197209119796753,0.4417453706264496,0.5582307577133179,0.42935940623283386,0.4690973460674286,0.44370752573013306,0.44227975606918335,0.44292640686035156,0.5546839237213135,0.3638334274291992,0.4152943789958954,0.3810257315635681,0.5190474987030029,0.5281206965446472,0.4857775866985321,0.530733585357666,0.5242828130722046,0.5880935192108154,0.4840073585510254,0.5858117341995239,0.5311568975448608,0.6629921793937683,0.47672972083091736,0.6651294231414795
66,0.4939190745353699,0.422502726316452,0.5203225612640381,0.4479488134384155,0.5574245452880859,0.4363023042678833,0.4709194600582123,0.4484562575817108,0.44173139333724976,0.4450426697731018,0.5535173416137695,0.38200515508651733,0.4141291379928589,0.3837818503379822,0.5174539089202881,0.5346596837043762,0.484841912984848,0.5365366339683533,0.5234909653663635,0.5912171602249146,0.48217344284057617,0.5887800455093384,0.5279216766357422,0.6635192632675171,0.47558948397636414,0.6612419486045837
67,0.5015382766723633,0.4316563606262207,0.5288586616516113,0.4555296301841736,0.5451350808143616,0.4482460021972656,0.4724089801311493,0.45117586851119995,0.44292041659355164,0.44215506315231323,0.5551465153694153,0.3804197311401367,0.426899790763855,0.3919689655303955,0.5214552879333496,0.5422330498695374,0.49085181951522827,0.5423783659934998,0.5311260223388672,0.5911498069763184,0.4923783540725708,0.5894359350204468,0.5318536758422852,0.6630455851554871,0.47904929518699646,0.660683274269104
68,0.5056419372558594,0.43071290850639343,0.5378609299659729,0.455441951751709,0.5560492873191833,0.45971351861953735,0.47580790519714355,0.4527578055858612,0.44355297088623047,0.44259926676750183,0.5543587803840637,0.38894498348236084,0.431255578994751,0.40094637870788574,0.523942768573761,0.5384304523468018,0.4901360273361206,0.5386385321617126,0.5278574228286743,0.593116819858551,0.4882218837738037,0.5905581712722778,0.5313146114349365,0.6637353897094727,0.47784775495529175,0.6605554223060608
69,0.5016430616378784,0.43495744466781616,0.5333900451660156,0.45910316705703735,0.5566277503967285,0.46356770396232605,0.47323378920555115,0.4606512486934662,0.4465993046760559,0.4574854373931885,0.5543221235275269,0.38845664262771606,0.4284753203392029,0.407995343208313,0.5217919945716858,0.5478360652923584,0.49067169427871704,0.5491049289703369,0.5280572772026062,0.59575355052948,0.488372802734375,0.5962046980857849,0.5318175554275513,0.6658338308334351,0.47907549142837524,0.6642187237739563
70,0.5109894871711731,0.42493802309036255,0.5391845107078552,0.44744372367858887,0.5591287612915039,0.4621680676937103,0.47444984316825867,0.45096123218536377,0.44254761934280396,0.45010441541671753,0.5528393387794495,0.4045369327068329,0.42605265974998474,0.40701955556869507,0.5264022946357727,0.5339354276657104,0.4913569688796997,0.5358330011367798,0.5289386510848999,0.590697169303894,0.4919451177120209,0.5896756649017334,0.5304223895072937,0.6601516604423523,0.47873637080192566,0.6628983020782471
71,0.513641357421875,0.42399224638938904,0.5435441732406616,0.4466034173965454,0.55799400806427,0.4653362035751343,0.4817788302898407,0.4566156268119812,0.44970768690109253,0.45971858501434326,0.5542973279953003,0.4096512794494629,0.4312703311443329,0.41198214888572693,0.5281606912612915,0.5363385081291199,0.49358832836151123,0.5369189381599426,0.5304743051528931,0.5890076756477356,0.49193495512008667,0.5866103172302246,0.5307116508483887,0.6597161889076233,0.4799073338508606,0.6605843305587769
72,0.50495845079422,0.4332957863807678,0.5388321876525879,0.4541076421737671,0.5608428120613098,0.46093592047691345,0.4758313298225403,0.4637555480003357,0.44982701539993286,0.46555787324905396,0.5574959516525269,0.39857518672943115,0.4374938905239105,0.4146295189857483,0.525459885597229,0.5481038093566895,0.49236127734184265,0.5507656335830688,0.5288935899734497,0.5996408462524414,0.4874459207057953,0.5938191413879395,0.5312209129333496,0.6661258339881897,0.47792288661003113,0.6652270555496216
73,0.5017416477203369,0.44748395681381226,0.5324192643165588,0.4701099395751953,0.5641712546348572,0.46347904205322266,0.4771479368209839,0.47481292486190796,0.44425174593925476,0.4660555124282837,0.555342972278595,0.40184104442596436,0.4292978048324585,0.40928179025650024,0.5190249085426331,0.5564255714416504,0.48573145270347595,0.5587882995605469,0.5187112092971802,0.6059040427207947,0.479155033826828,0.6015788316726685,0.5269719362258911,0.6677229404449463,0.4755692183971405,0.6682853102684021
74,0.49770745635032654,0.4525412917137146,0.5264647006988525,0.47445186972618103,0.5556573271751404,0.4632359445095062,0.47395777702331543,0.47625070810317993,0.4438517987728119,0.46881887316703796,0.5552066564559937,0.39895862340927124,0.4243496358394623,0.40382325649261475,0.5139003992080688,0.5610421299934387,0.48301881551742554,0.5626089572906494,0.5173463821411133,0.6120416522026062,0.4770229756832123,0.6085995435714722,0.5255697965621948,0.6679357886314392,0.4751981198787689,0.6679913997650146
75,0.4940824508666992,0.4574587345123291,0.522826611995697,0.47525879740715027,0.5561866760253906,0.4643288850784302,0.47237658500671387,0.48038262128829956,0.4387310743331909,0.4703066945075989,0.5519654154777527,0.4090663194656372,0.42542943358421326,0.40800660848617554,0.5221022963523865,0.5651233196258545,0.48262426257133484,0.5648531317710876,0.5156985521316528,0.6137417554855347,0.48378026485443115,0.610069751739502,0.5247431993484497,0.6688127517700195,0.4747346043586731,0.6677826642990112
76,0.4948064088821411,0.4537065625190735,0.5229968428611755,0.4747353494167328,0.5470178127288818,0.48777955770492554,0.47050222754478455,0.4775657057762146,0.4378422498703003,0.47205984592437744,0.54323410987854,0.44989728927612305,0.421637624502182,0.41192394495010376,0.5138425827026367,0.5645279884338379,0.4825529456138611,0.5660321712493896,0.5194469094276428,0.6150984764099121,0.4817194938659668,0.6132370829582214,0.5255969762802124,0.6707170009613037,0.4745211601257324,0.6695510149002075
77,0.49586790800094604,0.4579717814922333,0.527803897857666,0.4785718619823456,0.5553812980651855,0.4673788249492645,0.4747874140739441,0.4799979329109192,0.4382028579711914,0.4690109193325043,0.562394380569458,0.4082629680633545,0.4315269887447357,0.4152589440345764,0.5164626836776733,0.5660532116889954,0.4847947955131531,0.5662648677825928,0.5184721946716309,0.6162552833557129,0.48322099447250366,0.6114262342453003,0.5249806642532349,0.6698287725448608,0.47435542941093445,0.6678282022476196
78,0.5004048347473145,0.4490653872489929,0.5283833742141724,0.4700801968574524,0.5516258478164673,0.4809345602989197,0.47623154520988464,0.4751890301704407,0.4389953017234802,0.472703218460083,0.5580627918243408,0.41516146063804626,0.43601974844932556,0.41873177886009216,0.5172388553619385,0.5589602589607239,0.48481735587120056,0.5609585046768188,0.5171372294425964,0.6137778759002686,0.47689032554626465,0.6097295880317688,0.5264837741851807,0.6702722311019897,0.47447142004966736,0.668519139289856
79,0.5006641745567322,0.4499283730983734,0.5285597443580627,0.47046422958374023,0.551397442817688,0.4786941409111023,0.475615918636322,0.4746646583080292,0.4371154010295868,0.4719066619873047,0.556374192237854,0.41592657566070557,0.44050687551498413,0.4188905358314514,0.5166022777557373,0.5586881637573242,0.4846181273460388,0.5598648190498352,0.517094612121582,0.6125142574310303,0.4778910279273987,0.6082853674888611,0.5267306566238403,0.6706043481826782,0.4747518301010132,0.6685655117034912
80,0.49931401014328003,0.4491061568260193,0.5305084586143494,0.47216856479644775,0.5577245950698853,0.4649686813354492,0.47443053126335144,0.4762144088745117,0.43505650758743286,0.4686858057975769,0.558969259262085,0.41289108991622925,0.44231104850769043,0.4179239273071289,0.5178782939910889,0.555456280708313,0.48700010776519775,0.5567408800125122,0.5194361209869385,0.6069496870040894,0.480899453163147,0.6023820638656616,0.5277872681617737,0.6678910255432129,0.47580990195274353,0.6667860746383667
81,0.49540936946868896,0.4515748918056488,0.5239315032958984,0.47096747159957886,0.548859715461731,0.47924965620040894,0.47201138734817505,0.4754524230957031,0.4365168809890747,0.4702463150024414,0.5516707897186279,0.4191471040248871,0.44281184673309326,0.42037343978881836,0.515923023223877,0.5556656122207642,0.485897421836853,0.5568827390670776,0.5159856081008911,0.60507732629776,0.4800042510032654,0.6003453731536865,0.5250235795974731,0.6670972108840942,0.4745510220527649,0.6656229496002197
82,0.49624311923980713,0.45878729224205017,0.5251525640487671,0.4724879264831543,0.5526200532913208,0.46547919511795044,0.47499608993530273,0.47441744804382324,0.4385867118835449,0.46993571519851685,0.5417495965957642,0.4089151620864868,0.44747787714004517,0.4171455502510071,0.5154857039451599,0.5563185214996338,0.48611128330230713,0.5584205985069275,0.5163958668708801,0.6071920990943909,0.4802243709564209,0.6019548177719116,0.5246213674545288,0.6673017740249634,0.4755866527557373,0.6663713455200195
83,0.4949750304222107,0.4555697441101074,0.5240200161933899,0.46955084800720215,0.55336993932724,0.4609217047691345,0.4725000262260437,0.47313392162323,0.43570178747177124,0.4673287868499756,0.5350112915039062,0.4121200740337372,0.4495203197002411,0.4296606183052063,0.5231378078460693,0.5566614866256714,0.48557350039482117,0.5557785034179688,0.516358494758606,0.5994950532913208,0.47831517457962036,0.5959718227386475,0.5233088731765747,0.6644432544708252,0.47538864612579346,0.6634460687637329
84,0.4953046441078186,0.4404734969139099,0.5232868194580078,0.45667600631713867,0.551793098449707,0.4525822401046753,0.4757245182991028,0.4658266007900238,0.4457874894142151,0.46617159247398376,0.5312455892562866,0.39991268515586853,0.4544665515422821,0.41730186343193054,0.5178712606430054,0.543222188949585,0.4925209879875183,0.5456973314285278,0.5235041379928589,0.594763994216919,0.4864949584007263,0.5912491083145142,0.528592586517334,0.6626542806625366,0.48098164796829224,0.6669321060180664
85,0.4986368417739868,0.44708094000816345,0.5269614458084106,0.46339747309684753,0.5521780252456665,0.4520336091518402,0.4781566560268402,0.4732634723186493,0.4452906847000122,0.46932828426361084,0.5316479802131653,0.4015672206878662,0.4546988606452942,0.4170992970466614,0.5163898468017578,0.5485525131225586,0.49008163809776306,0.5522165298461914,0.5211032629013062,0.5952368974685669,0.48627087473869324,0.5954653024673462,0.5269336700439453,0.6610389947891235,0.4796878695487976,0.6625112891197205
86,0.4934730529785156,0.43838608264923096,0.5219493508338928,0.4557655453681946,0.5497403144836426,0.45157569646835327,0.47385355830192566,0.467241108417511,0.44641873240470886,0.46943527460098267,0.5280399322509766,0.399056077003479,0.45145928859710693,0.4187771677970886,0.5163845419883728,0.536707878112793,0.4887892007827759,0.544764518737793,0.5227028131484985,0.5929884910583496,0.48771199584007263,0.5906585454940796,0.5285714864730835,0.6617114543914795,0.4803140163421631,0.6667007207870483
87,0.5001040697097778,0.43432897329330444,0.5271081924438477,0.4527774453163147,0.5467326641082764,0.45577237010002136,0.4738634526729584,0.46578869223594666,0.45090433955192566,0.46799203753471375,0.5262294411659241,0.3986597955226898,0.4661247730255127,0.41507479548454285,0.5175183415412903,0.5350412130355835,0.4877946972846985,0.5377141833305359,0.5204803943634033,0.5897219181060791,0.48731887340545654,0.587317943572998,0.5266163349151611,0.6610274314880371,0.47954416275024414,0.6654551029205322
88,0.49754422903060913,0.43947312235832214,0.527908444404602,0.4597049951553345,0.5456780195236206,0.46578675508499146,0.47468075156211853,0.4691067934036255,0.4535067081451416,0.46927112340927124,0.5230185985565186,0.4024864435195923,0.4678848683834076,0.4244062304496765,0.5158382654190063,0.5434795618057251,0.48856115341186523,0.5456119775772095,0.5226984024047852,0.5955178141593933,0.48917850852012634,0.5935476422309875,0.5288341045379639,0.6641770601272583,0.48098355531692505,0.667366623878479
89,0.5015958547592163,0.4396413266658783,0.5310782194137573,0.46050405502319336,0.5407822728157043,0.46284377574920654,0.4795173406600952,0.4673875570297241,0.4661661982536316,0.46672767400741577,0.5193867087364197,0.40506789088249207,0.47528672218322754,0.4215794801712036,0.5158111453056335,0.5423154234886169,0.4899214208126068,0.5444923639297485,0.520277202129364,0.595186173915863,0.4879128634929657,0.5912614464759827,0.5264019966125488,0.6632000207901001,0.4803614318370819,0.6669086217880249
90,0.5020253658294678,0.4275752902030945,0.527928352355957,0.4482954740524292,0.5422875285148621,0.4622820317745209,0.47699856758117676,0.45496106147766113,0.466875284910202,0.4630635678768158,0.5164096355438232,0.40463101863861084,0.4807785153388977,0.4214208126068115,0.5179579257965088,0.5322873592376709,0.4894757866859436,0.5338984727859497,0.5211821794509888,0.5908524394035339,0.4880927801132202,0.5873470306396484,0.5258569717407227,0.6629878878593445,0.4802022874355316,0.6664677858352661
91,0.4983772039413452,0.4391598105430603,0.5275837182998657,0.4552098512649536,0.5403291583061218,0.4658815562725067,0.4766613841056824,0.4578976333141327,0.4636863172054291,0.46148186922073364,0.5212239027023315,0.4118916392326355,0.48002809286117554,0.41860830783843994,0.5160888433456421,0.5312153100967407,0.48883289098739624,0.5327612161636353,0.5181332230567932,0.5934361219406128,0.4853057861328125,0.5878505706787109,0.5250884890556335,0.6622620224952698,0.4792366027832031,0.6661098599433899
92,0.5061787962913513,0.4119071960449219,0.5325528383255005,0.43362849950790405,0.5435702204704285,0.45886290073394775,0.4848408102989197,0.4350143074989319,0.4757111072540283,0.45699578523635864,0.5157244205474854,0.4164106249809265,0.48439401388168335,0.41989776492118835,0.5178998708724976,0.5229842662811279,0.492113322019577,0.5237374901771545,0.5181440114974976,0.5822518467903137,0.49409449100494385,0.57914799451828,0.5241386890411377,0.6625486612319946,0.4811112880706787,0.6661673188209534
93,0.5021435618400574,0.43148526549339294,0.531034529209137,0.44834738969802856,0.5413731336593628,0.4600290060043335,0.4799860119819641,0.4490785598754883,0.4705316722393036,0.45587003231048584,0.518204391002655,0.41322383284568787,0.4838181734085083,0.41978394985198975,0.5176138877868652,0.5262241363525391,0.49253416061401367,0.5270602703094482,0.5172479152679443,0.5854618549346924,0.4896042048931122,0.5803301334381104,0.5235021114349365,0.660991370677948,0.4796927571296692,0.6639143228530884
94,0.5006251335144043,0.4252517819404602,0.5292502641677856,0.4451054334640503,0.5393217206001282,0.4523990750312805,0.4789523482322693,0.4491569697856903,0.4763326346874237,0.46008631587028503,0.5178064107894897,0.4148889183998108,0.48168087005615234,0.42110952734947205,0.5228237509727478,0.5289368629455566,0.4905582368373871,0.5278040766716003,0.5161278247833252,0.5819011926651001,0.49231967329978943,0.5785958766937256,0.5232290029525757,0.661078929901123,0.48167192935943604,0.6658117771148682
95,0.500672459602356,0.4219905734062195,0.5266621708869934,0.4422820508480072,0.5410640239715576,0.45575568079948425,0.48543763160705566,0.44838565587997437,0.4819872975349426,0.4597397446632385,0.5134822130203247,0.41572150588035583,0.4809363782405853,0.42156848311424255,0.5181820392608643,0.5282732248306274,0.49593085050582886,0.5290607213973999,0.5154476165771484,0.5845872759819031,0.5002105236053467,0.5822159051895142,0.5195112228393555,0.6645817756652832,0.48894941806793213,0.6666862964630127
96,0.5045430660247803,0.41016292572021484,0.5328994989395142,0.4363606572151184,0.5462296009063721,0.4612010419368744,0.4817487895488739,0.4406856298446655,0.45902353525161743,0.4620414674282074,0.5199095606803894,0.4154750108718872,0.47606322169303894,0.4127987325191498,0.5218671560287476,0.5320720672607422,0.49323031306266785,0.5319968461990356,0.5244855284690857,0.588790237903595,0.49642473459243774,0.5852798223495483,0.5282819867134094,0.6669566035270691,0.482784628868103,0.667448878288269
97,0.4996936023235321,0.42091673612594604,0.5298264622688293,0.44436150789260864,0.5411343574523926,0.4501563310623169,0.481256365776062,0.44784578680992126,0.45844894647598267,0.4451028108596802,0.5141861438751221,0.39556965231895447,0.477600634098053,0.40196937322616577,0.5195155143737793,0.5285631418228149,0.4917140603065491,0.529395580291748,0.5196515917778015,0.5836846232414246,0.4924889802932739,0.5779826641082764,0.5257667303085327,0.6616852879524231,0.47971460223197937,0.6657373905181885
98,0.501984179019928,0.42921900749206543,0.5330214500427246,0.4516482949256897,0.5446532368659973,0.44883984327316284,0.47810661792755127,0.4539593458175659,0.4571596086025238,0.4391164183616638,0.5149194002151489,0.39660006761550903,0.48058733344078064,0.39950692653656006,0.5205575823783875,0.5337813496589661,0.49306318163871765,0.5344017744064331,0.5196423530578613,0.5860949158668518,0.4927893877029419,0.5805655121803284,0.5256366729736328,0.6613792777061462,0.4811532497406006,0.6651897430419922
99,0.4952840805053711,0.434447705745697,0.5280963182449341,0.4519689977169037,0.5458149909973145,0.4508582353591919,0.47528406977653503,0.45656606554985046,0.4537685513496399,0.44557809829711914,0.5140659213066101,0.3976152837276459,0.46185535192489624,0.4047953486442566,0.5180448293685913,0.5340166091918945,0.49101731181144714,0.5347154140472412,0.5186209082603455,0.5831886529922485,0.4917911887168884,0.5785871744155884,0.5254707932472229,0.6616110801696777,0.4812767505645752,0.6593954563140869
100,0.49499329924583435,0.43985259532928467,0.5246023535728455,0.4545608162879944,0.5471797585487366,0.4476446509361267,0.4742860794067383,0.46276992559432983,0.46814119815826416,0.4433656930923462,0.5137869715690613,0.3961702287197113,0.47174423933029175,0.4008446931838989,0.5167590379714966,0.5367987751960754,0.48909157514572144,0.5376181602478027,0.5173093676567078,0.58665931224823,0.4892390966415405,0.5817685127258301,0.5233961343765259,0.6585147380828857,0.479836642742157,0.6591987609863281
101,0.4971437156200409,0.4579194486141205,0.5255568027496338,0.47173088788986206,0.5473604798316956,0.44842851161956787,0.47759556770324707,0.4766281843185425,0.4437682032585144,0.46334123611450195,0.5158483386039734,0.3929569125175476,0.4602709412574768,0.4049375057220459,0.5152143836021423,0.552619218826294,0.48822373151779175,0.5541715621948242,0.5176564455032349,0.6009554862976074,0.4884527325630188,0.5954214334487915,0.5229339599609375,0.6627721786499023,0.4804048240184784,0.6617577075958252
102,0.4933529794216156,0.45251893997192383,0.5246363282203674,0.4666987359523773,0.548195481300354,0.44637054204940796,0.47739946842193604,0.4730408191680908,0.4419246315956116,0.45853346586227417,0.5138741731643677,0.3949263095855713,0.45319268107414246,0.4134463965892792,0.5159472227096558,0.5509403944015503,0.4895731806755066,0.553417444229126,0.5182346105575562,0.5952783226966858,0.48888736963272095,0.5917743444442749,0.5231691598892212,0.6614716053009033,0.4809796214103699,0.660977303981781
103,0.4943590760231018,0.45347148180007935,0.5252110362052917,0.46960577368736267,0.5471971035003662,0.44641947746276855,0.4768274426460266,0.47434842586517334,0.4456316828727722,0.44983023405075073,0.5154051780700684,0.39309459924697876,0.4569885730743408,0.40519750118255615,0.515693187713623,0.5505156517028809,0.48856815695762634,0.5519189238548279,0.5180633068084717,0.5980782508850098,0.48953115940093994,0.5943617820739746,0.522434651851654,0.6622642874717712,0.48097214102745056,0.661903977394104
104,0.4967274069786072,0.4530065655708313,0.526500940322876,0.46719855070114136,0.5482916235923767,0.4460412859916687,0.4785122275352478,0.47282299399375916,0.44344109296798706,0.4593329131603241,0.5156824588775635,0.39327073097229004,0.4590691328048706,0.4035153090953827,0.5161792039871216,0.5483115315437317,0.48905467987060547,0.5499645471572876,0.5177479982376099,0.5932433605194092,0.48946642875671387,0.5916581153869629,0.5212110280990601,0.6604847311973572,0.4808846712112427,0.6606656908988953
105,0.49498051404953003,0.44189661741256714,0.5252065658569336,0.4522005319595337,0.5456012487411499,0.43783482909202576,0.47499415278434753,0.45980262756347656,0.46331581473350525,0.44205790758132935,0.5115581750869751,0.3864597678184509,0.46364760398864746,0.39937421679496765,0.5178666114807129,0.5328183174133301,0.49040481448173523,0.5332676768302917,0.5185849666595459,0.5845600962638855,0.49302205443382263,0.5802087187767029,0.522996187210083,0.6601777076721191,0.4818587899208069,0.6630262136459351
106,0.49657532572746277,0.4329638183116913,0.529488742351532,0.45002347230911255,0.5471254587173462,0.44389379024505615,0.4775489270687103,0.45532307028770447,0.4467847943305969,0.4419873356819153,0.5127711892127991,0.39318448305130005,0.45932888984680176,0.40441998839378357,0.5210720300674438,0.5352879166603088,0.49290189146995544,0.5347087383270264,0.5185710191726685,0.5843017101287842,0.49486446380615234,0.5814039707183838,0.5225234031677246,0.6623197793960571,0.4822043776512146,0.6611583232879639
107,0.49838876724243164,0.4183667302131653,0.5285606384277344,0.43692076206207275,0.5451627969741821,0.4396871030330658,0.48032626509666443,0.4420677125453949,0.451346755027771,0.4412725865840912,0.513456404209137,0.38992393016815186,0.4631814658641815,0.3944910168647766,0.5220924615859985,0.5304640531539917,0.4924006164073944,0.53058922290802,0.5207252502441406,0.5824764966964722,0.495432585477829,0.5788842439651489,0.5243616700172424,0.662997305393219,0.48174697160720825,0.6639993190765381
108,0.504540741443634,0.42227280139923096,0.5278036594390869,0.4434913992881775,0.5427320599555969,0.43409210443496704,0.4735966622829437,0.4476484954357147,0.4556138217449188,0.44745391607284546,0.5200657844543457,0.3890136480331421,0.4656728506088257,0.399711012840271,0.5244975090026855,0.5371305346488953,0.49487876892089844,0.5365647077560425,0.5235012769699097,0.5887449979782104,0.49567753076553345,0.5827585458755493,0.5268341898918152,0.6664249300956726,0.48324841260910034,0.663693904876709
109,0.4993060529232025,0.43045100569725037,0.527685284614563,0.44970154762268066,0.546276330947876,0.44404661655426025,0.4724225699901581,0.45450735092163086,0.449194997549057,0.4473282992839813,0.5154228210449219,0.39227959513664246,0.4614570140838623,0.4004068076610565,0.5224448442459106,0.5361360311508179,0.4923272728919983,0.5367834568023682,0.521952211856842,0.5923668146133423,0.4931986331939697,0.5893891453742981,0.5269073247909546,0.6637275218963623,0.47968825697898865,0.6637728214263916
110,0.5006730556488037,0.4305519759654999,0.5286225080490112,0.4484427869319916,0.5486435294151306,0.44342947006225586,0.4732314348220825,0.4548381567001343,0.4505428671836853,0.4471469819545746,0.5156515836715698,0.39198607206344604,0.461826890707016,0.40212398767471313,0.52135169506073,0.5360657572746277,0.49156826734542847,0.5376605987548828,0.5201407670974731,0.5889454483985901,0.49239999055862427,0.5905616283416748,0.5269740223884583,0.6660372614860535,0.47963589429855347,0.6638625860214233
111,0.4937797486782074,0.440680593252182,0.5266132354736328,0.45380327105522156,0.5505467653274536,0.4441404342651367,0.4740564823150635,0.4611753821372986,0.4515029788017273,0.4455791413784027,0.5174644589424133,0.3907080888748169,0.46241307258605957,0.4003598690032959,0.5188156366348267,0.543525218963623,0.4913869798183441,0.546209454536438,0.5196751356124878,0.5932221412658691,0.49113577604293823,0.5941399931907654,0.5264084935188293,0.6641154289245605,0.4794425964355469,0.6646406650543213
112,0.49447792768478394,0.43822330236434937,0.5249472260475159,0.45264458656311035,0.5511447191238403,0.44464796781539917,0.4748084247112274,0.45957422256469727,0.4520319104194641,0.44375497102737427,0.5181055068969727,0.3904455304145813,0.46383553743362427,0.39986664056777954,0.5202004909515381,0.5434799194335938,0.49348556995391846,0.5456323623657227,0.5207986831665039,0.5926527976989746,0.49302834272384644,0.593836784362793,0.5268109440803528,0.6640830039978027,0.4800841510295868,0.6648334264755249
113,0.49431976675987244,0.4409993588924408,0.5261509418487549,0.4564083516597748,0.5516502261161804,0.44577062129974365,0.47465401887893677,0.4632689356803894,0.4503309726715088,0.44487208127975464,0.5170383453369141,0.3930721879005432,0.46460211277008057,0.40111470222473145,0.5194610953330994,0.5443231463432312,0.49281808733940125,0.5466852188110352,0.5207768678665161,0.593434751033783,0.4916062355041504,0.5912994146347046,0.5271012783050537,0.6651061177253723,0.48056936264038086,0.6660267114639282
114,0.5029899477958679,0.44518253207206726,0.528302788734436,0.4626382291316986,0.552270233631134,0.4457114338874817,0.47618529200553894,0.47041624784469604,0.4497016370296478,0.4430714249610901,0.5175397396087646,0.3912258744239807,0.463416188955307,0.4000643491744995,0.5197534561157227,0.54999840259552,0.49215492606163025,0.5520495176315308,0.5204616189002991,0.5986316204071045,0.49207803606987,0.5958995819091797,0.5265377163887024,0.6672953963279724,0.48107367753982544,0.6679739356040955
115,0.5025354623794556,0.44463682174682617,0.5270191431045532,0.46197137236595154,0.5521620512008667,0.44304805994033813,0.47657856345176697,0.46996283531188965,0.4495232105255127,0.4423374533653259,0.5175119042396545,0.3895018994808197,0.4625157117843628,0.3990190923213959,0.5193134546279907,0.5505781173706055,0.4921373724937439,0.5524658560752869,0.5212554335594177,0.6008369326591492,0.49261125922203064,0.5974547863006592,0.5272002816200256,0.6672911643981934,0.4812946915626526,0.6682624816894531
116,0.4986523389816284,0.44911742210388184,0.5271965861320496,0.4660296142101288,0.5500038266181946,0.4464948773384094,0.47545135021209717,0.4742080569267273,0.44884437322616577,0.44422265887260437,0.5176450610160828,0.39101487398147583,0.4623112380504608,0.39733847975730896,0.5199289321899414,0.551992654800415,0.4910089373588562,0.553203821182251,0.5203214287757874,0.5997792482376099,0.48891162872314453,0.5955555438995361,0.5258322954177856,0.6664761304855347,0.48040229082107544,0.6667050123214722
117,0.4971908926963806,0.44519227743148804,0.5279701948165894,0.46301552653312683,0.5514091849327087,0.44118615984916687,0.4764235019683838,0.4686887860298157,0.45162874460220337,0.44401583075523376,0.5197617411613464,0.38890373706817627,0.4632492661476135,0.3992365002632141,0.5198112726211548,0.5451633334159851,0.4922751784324646,0.5472092032432556,0.5214208364486694,0.5918775796890259,0.4929976463317871,0.5911706686019897,0.5265453457832336,0.6642974615097046,0.4797571897506714,0.6642648577690125
118,0.4967714548110962,0.44292718172073364,0.5266262292861938,0.4638221859931946,0.5524449348449707,0.4382854104042053,0.47650405764579773,0.4705633521080017,0.4508378505706787,0.4482429027557373,0.5215308666229248,0.38733822107315063,0.46327120065689087,0.3959686756134033,0.5193696022033691,0.5502753257751465,0.49297067523002625,0.5518307685852051,0.5216031074523926,0.5980801582336426,0.4939787983894348,0.5941346287727356,0.5251282453536987,0.6655346751213074,0.4800916910171509,0.6655133962631226
119,0.4961714744567871,0.43923044204711914,0.5243451595306396,0.45438671112060547,0.5526531934738159,0.4326680600643158,0.47106418013572693,0.46022987365722656,0.44600075483322144,0.4466838240623474,0.5128586888313293,0.38284093141555786,0.4573267698287964,0.39071911573410034,0.5199276208877563,0.5351898670196533,0.48972147703170776,0.5359469652175903,0.5249059796333313,0.5907566547393799,0.4932558536529541,0.5868439078330994,0.5264625549316406,0.6633963584899902,0.4786490797996521,0.6624194383621216
120,0.49667519330978394,0.4202154278755188,0.5281790494918823,0.43656283617019653,0.5481867790222168,0.42755597829818726,0.4757691025733948,0.44507813453674316,0.452190637588501,0.4433123469352722,0.5137702226638794,0.38160276412963867,0.45852717757225037,0.39336979389190674,0.5242910385131836,0.5346449017524719,0.49448639154434204,0.5357272624969482,0.5264157056808472,0.58098304271698,0.4971909523010254,0.5776810646057129,0.5282344818115234,0.6630514860153198,0.48170265555381775,0.6634705066680908
121,0.4941023588180542,0.4205171763896942,0.5222995281219482,0.435425341129303,0.545915961265564,0.4242905378341675,0.4706226587295532,0.4465448558330536,0.44961830973625183,0.42643076181411743,0.5140173435211182,0.37447795271873474,0.4704078435897827,0.38016149401664734,0.5227735638618469,0.5305293798446655,0.4918228089809418,0.5330933332443237,0.5262758135795593,0.5810248255729675,0.49554747343063354,0.5774978995323181,0.528130054473877,0.6659088134765625,0.4817274808883667,0.6619628667831421
122,0.495309054851532,0.42166072130203247,0.5209619402885437,0.4358369708061218,0.5475130081176758,0.4227031469345093,0.477396696805954,0.44666847586631775,0.4498574733734131,0.427035927772522,0.5169475078582764,0.37257441878318787,0.46636301279067993,0.38098031282424927,0.5185451507568359,0.5329469442367554,0.48835289478302,0.5356603860855103,0.5218267440795898,0.5869798064231873,0.49311837553977966,0.5837506651878357,0.5273496508598328,0.6652883291244507,0.4819642901420593,0.6631445288658142
123,0.4927862882614136,0.4109951853752136,0.522984504699707,0.42220741510391235,0.5473898649215698,0.4165552258491516,0.4721534252166748,0.4306181073188782,0.4622100293636322,0.42177140712738037,0.5138879418373108,0.3678133487701416,0.45322591066360474,0.3769803047180176,0.5204029679298401,0.5151821374893188,0.48995301127433777,0.5169026255607605,0.5211848616600037,0.5746054649353027,0.49342966079711914,0.5714325904846191,0.5273263454437256,0.6655585169792175,0.4803716540336609,0.661125898361206
124,0.49346691370010376,0.41474398970603943,0.5223835110664368,0.4255783259868622,0.5480828881263733,0.41510340571403503,0.4720718264579773,0.4328126311302185,0.46762368083000183,0.4227086007595062,0.5187869071960449,0.3587661385536194,0.464636892080307,0.367938369512558,0.5172358155250549,0.5243281126022339,0.4904043674468994,0.5283820033073425,0.5224994421005249,0.5801368951797485,0.4952184557914734,0.5776971578598022,0.5262285470962524,0.6656404733657837,0.4821202754974365,0.6627991199493408
125,0.5034143924713135,0.40617138147354126,0.5247058868408203,0.41375014185905457,0.5505353212356567,0.42004579305648804,0.47716230154037476,0.4222460687160492,0.4457316994667053,0.42070019245147705,0.5190337896347046,0.3534002900123596,0.45207273960113525,0.3669053018093109,0.5213359594345093,0.5083432197570801,0.48891687393188477,0.5101289749145508,0.5252421498298645,0.5703005790710449,0.4957575798034668,0.5732982754707336,0.5274077653884888,0.6640639305114746,0.4804128408432007,0.660698652267456
126,0.496745765209198,0.4075039029121399,0.5249404907226562,0.4119885563850403,0.5538109540939331,0.407021164894104,0.4759764075279236,0.4206947982311249,0.4426121711730957,0.41057223081588745,0.5209236145019531,0.334052175283432,0.4517291188240051,0.3629837930202484,0.5189319849014282,0.5053578615188599,0.48764389753341675,0.5078394412994385,0.5240275859832764,0.5691909790039062,0.4965580701828003,0.5720309019088745,0.5269085168838501,0.6624801754951477,0.48318493366241455,0.6606875658035278
127,0.49121683835983276,0.3987388610839844,0.5288867950439453,0.4025314450263977,0.5513735413551331,0.4023505449295044,0.4705525040626526,0.4121430516242981,0.44471001625061035,0.40547510981559753,0.5232841372489929,0.3247373104095459,0.4587676525115967,0.33891725540161133,0.5235216021537781,0.5027228593826294,0.4902361333370209,0.5056060552597046,0.5213958024978638,0.5750660300254822,0.4955325126647949,0.5718241930007935,0.5277869701385498,0.6626671552658081,0.4827234745025635,0.661090612411499
128,0.49309229850769043,0.3977407217025757,0.5221222639083862,0.4070272147655487,0.5529357194900513,0.3916608691215515,0.4762093722820282,0.41647085547447205,0.46863001585006714,0.4073844850063324,0.5196864008903503,0.3169739842414856,0.457166850566864,0.3309592008590698,0.517427921295166,0.5087074637413025,0.48795196413993835,0.5134742259979248,0.5244622230529785,0.5801463723182678,0.49127286672592163,0.5770083665847778,0.5264410972595215,0.662559449672699,0.4807104468345642,0.6622051000595093
129,0.491321325302124,0.38126736879348755,0.5255388021469116,0.4014992415904999,0.5543745160102844,0.3843826949596405,0.47382745146751404,0.4101320207118988,0.439945787191391,0.38873493671417236,0.5172421932220459,0.30942007899284363,0.4477868974208832,0.32295095920562744,0.5227698683738708,0.5065209865570068,0.4905019700527191,0.5082952380180359,0.5201842784881592,0.5817608833312988,0.4916866421699524,0.5784406661987305,0.5259690284729004,0.6628261804580688,0.4801435172557831,0.6615926027297974
130,0.4832187294960022,0.37641286849975586,0.5210728049278259,0.39155516028404236,0.5523151755332947,0.36840853095054626,0.4675379991531372,0.4060693681240082,0.43864306807518005,0.3843590021133423,0.5179277062416077,0.30884864926338196,0.4625072181224823,0.32040420174598694,0.5220301151275635,0.504813015460968,0.4871300160884857,0.5083853006362915,0.5227867960929871,0.57821124792099,0.4915221929550171,0.5768243074417114,0.5278563499450684,0.6622028350830078,0.4794809818267822,0.6621920466423035
131,0.48335596919059753,0.3795909881591797,0.5243242979049683,0.3935946226119995,0.5542423725128174,0.3659253716468811,0.4709804654121399,0.41267603635787964,0.4368373155593872,0.3850277364253998,0.515657365322113,0.3032239079475403,0.46521222591400146,0.32029494643211365,0.5279830694198608,0.5118206143379211,0.49020761251449585,0.5164788365364075,0.5241885185241699,0.5863194465637207,0.4907737672328949,0.5826334953308105,0.5276424884796143,0.6637815237045288,0.48189017176628113,0.6631647944450378
132,0.4928414821624756,0.37858447432518005,0.5277949571609497,0.38014766573905945,0.5478171706199646,0.3507908582687378,0.47492021322250366,0.39919912815093994,0.44709306955337524,0.37931734323501587,0.5123986005783081,0.2947213351726532,0.45769593119621277,0.3165348172187805,0.5288184285163879,0.49121707677841187,0.49074697494506836,0.4929707646369934,0.5226253271102905,0.5711589455604553,0.4914146363735199,0.5690867304801941,0.5262224078178406,0.6621858477592468,0.48267102241516113,0.6649984121322632
133,0.49049562215805054,0.3845862150192261,0.5246133208274841,0.3939034640789032,0.5502515435218811,0.3497353494167328,0.4763398766517639,0.41156136989593506,0.4608897566795349,0.3764098882675171,0.5168409943580627,0.2910498380661011,0.4587632119655609,0.30080559849739075,0.5262113213539124,0.5114802122116089,0.49159952998161316,0.5138349533081055,0.5246544480323792,0.590786874294281,0.48977863788604736,0.5868643522262573,0.5263818502426147,0.6635529398918152,0.48138290643692017,0.6644443273544312
134,0.4894728362560272,0.383270800113678,0.5206077098846436,0.39554882049560547,0.550622820854187,0.3464958071708679,0.473921537399292,0.40956732630729675,0.4744189977645874,0.3559167981147766,0.5194770097732544,0.2929701507091522,0.4597734808921814,0.30197980999946594,0.5223138332366943,0.517072856426239,0.4866860806941986,0.5175790786743164,0.5265730023384094,0.5988925695419312,0.4872826039791107,0.594858705997467,0.5258064270019531,0.664276123046875,0.4791388511657715,0.6644542813301086
135,0.48916691541671753,0.38020020723342896,0.5212554335594177,0.38738882541656494,0.5480671525001526,0.3380435109138489,0.4694811701774597,0.4021640717983246,0.44649168848991394,0.36430835723876953,0.5230270624160767,0.28878816962242126,0.4581913948059082,0.3030434846878052,0.5237550735473633,0.5074825882911682,0.48676764965057373,0.509089469909668,0.5242403149604797,0.5907161235809326,0.48586660623550415,0.5857218503952026,0.5283634066581726,0.6612875461578369,0.47971099615097046,0.6635817885398865
136,0.4852019250392914,0.3728658854961395,0.5218281149864197,0.3807975947856903,0.5417458415031433,0.33521169424057007,0.47087156772613525,0.39531344175338745,0.4459570348262787,0.3629944920539856,0.5151926279067993,0.2904507517814636,0.46652477979660034,0.3026217818260193,0.5253118276596069,0.5065044164657593,0.48861992359161377,0.507661759853363,0.5246694087982178,0.5893750190734863,0.48838353157043457,0.5833507180213928,0.5284501314163208,0.6622700691223145,0.4808400273323059,0.6647272109985352
137,0.48357638716697693,0.36634182929992676,0.5196458697319031,0.372935950756073,0.5388761758804321,0.32655030488967896,0.46983200311660767,0.39112740755081177,0.46387791633605957,0.3297696113586426,0.5108944177627563,0.2794651389122009,0.46933209896087646,0.29619312286376953,0.5239271521568298,0.5018436312675476,0.486269474029541,0.5042191743850708,0.520243227481842,0.5845820903778076,0.48563456535339355,0.5807372331619263,0.5273162722587585,0.6621965765953064,0.48180899024009705,0.6655228137969971
138,0.4857085347175598,0.3684760332107544,0.5225278735160828,0.37529560923576355,0.540630578994751,0.3238900899887085,0.4740334749221802,0.39439213275909424,0.4670509994029999,0.32775598764419556,0.5109176635742188,0.2735808491706848,0.46941888332366943,0.29332274198532104,0.5235421657562256,0.5054060220718384,0.48764127492904663,0.5072559118270874,0.5188114643096924,0.5872766971588135,0.4864337146282196,0.5833410620689392,0.5268157124519348,0.66279536485672,0.4827570915222168,0.665771484375
139,0.4858873784542084,0.3632619380950928,0.5210365653038025,0.3682273328304291,0.5297383069992065,0.3187018632888794,0.4702473282814026,0.3814893662929535,0.46620163321495056,0.3198975622653961,0.5106948614120483,0.2692665159702301,0.45890483260154724,0.29954198002815247,0.523488461971283,0.49429890513420105,0.48665711283683777,0.4982942044734955,0.5174932479858398,0.5844153165817261,0.4869227409362793,0.5844458341598511,0.5265225768089294,0.6603869199752808,0.48258060216903687,0.6637449264526367
140,0.4809204936027527,0.3592713475227356,0.5211442708969116,0.3672269284725189,0.5277818441390991,0.3191169798374176,0.4684097468852997,0.3804270923137665,0.4634096026420593,0.32366883754730225,0.51189786195755,0.269992470741272,0.4529244601726532,0.3115003705024719,0.5244920253753662,0.49657008051872253,0.4873913526535034,0.5010288953781128,0.5187567472457886,0.5871900320053101,0.48556217551231384,0.5808595418930054,0.5271379351615906,0.6601648330688477,0.48188576102256775,0.6636347770690918
141,0.4806065261363983,0.35267341136932373,0.5196880102157593,0.36423248052597046,0.5299973487854004,0.321857750415802,0.46915626525878906,0.3777320384979248,0.4651864767074585,0.3260686695575714,0.5129215717315674,0.2721870541572571,0.4539490342140198,0.31487393379211426,0.5261514782905579,0.4914541244506836,0.48968225717544556,0.49632036685943604,0.5207103490829468,0.583747386932373,0.4895843267440796,0.5823071002960205,0.5277873873710632,0.6595427393913269,0.4839312434196472,0.6637129783630371
142,0.48804721236228943,0.362155020236969,0.5212898254394531,0.3726792335510254,0.5389723181724548,0.3274646997451782,0.4754963517189026,0.39282071590423584,0.46605977416038513,0.34150704741477966,0.5131566524505615,0.27562734484672546,0.46835073828697205,0.29774338006973267,0.5279164910316467,0.5013219714164734,0.4910413920879364,0.5050389766693115,0.5224157571792603,0.5840446352958679,0.4883221983909607,0.5810047388076782,0.5270804762840271,0.6614780426025391,0.4832466244697571,0.6657546758651733
143,0.4915793836116791,0.3582398593425751,0.5219444632530212,0.37180548906326294,0.5391521453857422,0.3247225880622864,0.47528576850891113,0.39187735319137573,0.4662505090236664,0.3390629291534424,0.5138400197029114,0.2776535153388977,0.45287665724754333,0.3099217712879181,0.5258168578147888,0.4972391128540039,0.4902682304382324,0.504305899143219,0.5193561315536499,0.5863151550292969,0.48714932799339294,0.5807321667671204,0.5274583101272583,0.662360429763794,0.4828197658061981,0.6660809516906738
144,0.4969744384288788,0.3331221342086792,0.530919075012207,0.35568782687187195,0.5380542278289795,0.33017539978027344,0.4749094247817993,0.37432020902633667,0.4613206088542938,0.34685492515563965,0.5117111802101135,0.28004932403564453,0.46140000224113464,0.3129708170890808,0.5278313159942627,0.4891849160194397,0.48981747031211853,0.49317917227745056,0.5191547870635986,0.5809603333473206,0.4831314980983734,0.5707812309265137,0.5277954339981079,0.6630699634552002,0.4782920479774475,0.6640623211860657
145,0.49596071243286133,0.33258330821990967,0.5315773487091064,0.35142144560813904,0.5432513356208801,0.33347952365875244,0.4778117835521698,0.3728325366973877,0.4613618850708008,0.35061246156692505,0.5111047029495239,0.28979021310806274,0.4616432189941406,0.3115423619747162,0.5267245173454285,0.49078378081321716,0.4909895062446594,0.49498826265335083,0.5189350843429565,0.5827423334121704,0.48560890555381775,0.5725019574165344,0.5270537734031677,0.6630581617355347,0.4778388738632202,0.6642988920211792
146,0.4993157982826233,0.34435707330703735,0.5283287763595581,0.35404300689697266,0.5376893281936646,0.3262856602668762,0.4773799180984497,0.37423789501190186,0.4572325646877289,0.33595335483551025,0.5125426650047302,0.27904602885246277,0.49644017219543457,0.2817506790161133,0.5282957553863525,0.49173277616500854,0.4909031391143799,0.4959336221218109,0.5192406177520752,0.5831566452980042,0.48443397879600525,0.5724209547042847,0.5259432196617126,0.6612321138381958,0.47712135314941406,0.662945568561554
147,0.4927946925163269,0.35739606618881226,0.5254690051078796,0.3679051101207733,0.5400615334510803,0.337422251701355,0.47560903429985046,0.38498708605766296,0.4686381220817566,0.34791648387908936,0.5138199329376221,0.28024446964263916,0.4941938817501068,0.2814607322216034,0.5269131064414978,0.5002542734146118,0.49073097109794617,0.5029632449150085,0.5240200757980347,0.5883870124816895,0.48384982347488403,0.5813172459602356,0.5281332731246948,0.6617356538772583,0.47624045610427856,0.6631935834884644
148,0.496163547039032,0.3596978783607483,0.524604856967926,0.3670531213283539,0.53910893201828,0.3396686017513275,0.4785398244857788,0.38437503576278687,0.44514644145965576,0.3547646701335907,0.5121322274208069,0.2797069847583771,0.47630953788757324,0.2946871221065521,0.5262085199356079,0.4994822144508362,0.4919048547744751,0.5031176805496216,0.526016354560852,0.5880191326141357,0.48488837480545044,0.581102728843689,0.5284199714660645,0.6617748141288757,0.4774068593978882,0.6641376614570618
149,0.5026686191558838,0.32098209857940674,0.52926105260849,0.3442668318748474,0.5357095003128052,0.3471145033836365,0.4791654348373413,0.3604334592819214,0.4668007493019104,0.35778725147247314,0.5119379162788391,0.2991236448287964,0.45905083417892456,0.323373407125473,0.5254456996917725,0.4824731945991516,0.49190086126327515,0.4867512881755829,0.5289452075958252,0.5777037143707275,0.49041885137557983,0.575718343257904,0.529876708984375,0.6590600609779358,0.47865575551986694,0.6635710000991821
150,0.5004315376281738,0.36119645833969116,0.5217453837394714,0.36803409457206726,0.5364580154418945,0.34262585639953613,0.4782886505126953,0.3844885230064392,0.46494489908218384,0.3570983111858368,0.5142415761947632,0.2884227931499481,0.4607759416103363,0.3125101327896118,0.5249538421630859,0.4951017498970032,0.49171897768974304,0.5012645125389099,0.5303760766983032,0.5803692936897278,0.4867730736732483,0.5770608186721802,0.5289137363433838,0.6598643064498901,0.47919338941574097,0.6634613871574402
151,0.4986862540245056,0.3498636484146118,0.5191249251365662,0.3581594228744507,0.5267669558525085,0.3423651456832886,0.47805294394493103,0.37725991010665894,0.4537082314491272,0.35896992683410645,0.5104855298995972,0.2914600372314453,0.46180006861686707,0.3142101764678955,0.5227579474449158,0.49123501777648926,0.4922977685928345,0.4961819648742676,0.526098906993866,0.5833579301834106,0.4861655831336975,0.57451993227005,0.5274674892425537,0.6603422164916992,0.4779753088951111,0.6641861200332642
152,0.495275616645813,0.3451220989227295,0.5200353860855103,0.35380226373672485,0.5321549773216248,0.34437382221221924,0.4739767014980316,0.3748325705528259,0.46343183517456055,0.3588368892669678,0.5094491243362427,0.294382780790329,0.4576457440853119,0.32076355814933777,0.5240111947059631,0.49108442664146423,0.4897094964981079,0.49515748023986816,0.5273504853248596,0.5835492610931396,0.4855707585811615,0.57530277967453,0.5278946757316589,0.6596388816833496,0.4780183732509613,0.664342999458313
153,0.4882773160934448,0.3648393750190735,0.5180092453956604,0.37377655506134033,0.5318163633346558,0.33801016211509705,0.47124335169792175,0.38862738013267517,0.4464772343635559,0.3575291037559509,0.5116117000579834,0.2908053398132324,0.45850640535354614,0.31612420082092285,0.5228201150894165,0.5011562705039978,0.4868509769439697,0.5030961036682129,0.525266170501709,0.5876586437225342,0.4832882583141327,0.583538293838501,0.5259818434715271,0.6618412733078003,0.47704848647117615,0.6641075611114502
154,0.49409136176109314,0.36301183700561523,0.5196890830993652,0.3691670596599579,0.532527506351471,0.3420133590698242,0.47370824217796326,0.3849087357521057,0.4463682174682617,0.3605528473854065,0.5116828680038452,0.29593250155448914,0.45715731382369995,0.31917712092399597,0.5221564769744873,0.4943293333053589,0.48809659481048584,0.49959561228752136,0.5261912941932678,0.5824329257011414,0.4847065210342407,0.580696702003479,0.5264204740524292,0.6629537343978882,0.47769200801849365,0.6643492579460144
155,0.48983141779899597,0.3689724802970886,0.5179873108863831,0.37468981742858887,0.5314868688583374,0.3426818251609802,0.47413110733032227,0.38959866762161255,0.4462180733680725,0.36193785071372986,0.51153564453125,0.2931823432445526,0.4584164023399353,0.31170329451560974,0.5221655368804932,0.5002942085266113,0.4873086214065552,0.5032591819763184,0.5239251852035522,0.585539698600769,0.48340749740600586,0.5841947793960571,0.5260186195373535,0.6637377738952637,0.47795093059539795,0.6645091772079468
156,0.4795169234275818,0.36876755952835083,0.5193154215812683,0.3778442144393921,0.5350419282913208,0.33618927001953125,0.4713037610054016,0.39386722445487976,0.45150086283683777,0.3620992600917816,0.5086511969566345,0.2847580909729004,0.47394996881484985,0.29388463497161865,0.525763750076294,0.5049033164978027,0.4866289496421814,0.5070978999137878,0.5247972011566162,0.5930805206298828,0.4796065092086792,0.5881304740905762,0.5270119905471802,0.6613339185714722,0.4752824008464813,0.6636151075363159
157,0.4826132655143738,0.36946427822113037,0.5172538757324219,0.37760746479034424,0.5348037481307983,0.3358392119407654,0.4724075496196747,0.3921157121658325,0.45026761293411255,0.36289042234420776,0.5068562626838684,0.2882119417190552,0.45653635263442993,0.3078462481498718,0.5246999263763428,0.4988858699798584,0.4853018522262573,0.5018086433410645,0.5253467559814453,0.5829068422317505,0.48068368434906006,0.58082115650177,0.5273493528366089,0.6615422964096069,0.4754721522331238,0.6632578372955322
158,0.4843345880508423,0.3714001178741455,0.5186843872070312,0.3817199170589447,0.5370687246322632,0.35416194796562195,0.4737190008163452,0.3960922360420227,0.4518629014492035,0.36525917053222656,0.5087085962295532,0.2917611300945282,0.46113285422325134,0.3099544048309326,0.5239837765693665,0.5011022090911865,0.4854869544506073,0.5036541819572449,0.5262283086776733,0.5833859443664551,0.481974720954895,0.5817432403564453,0.5269979238510132,0.6625888347625732,0.47625526785850525,0.6635192632675171
159,0.4844232499599457,0.3704255223274231,0.5168891549110413,0.38644248247146606,0.5341510772705078,0.3599127531051636,0.4745061993598938,0.39640340209007263,0.45017874240875244,0.36924052238464355,0.5101242065429688,0.3051001727581024,0.45635920763015747,0.31437432765960693,0.5218570828437805,0.5031933188438416,0.4840969741344452,0.5060708522796631,0.5252375602722168,0.5827919244766235,0.4809289872646332,0.5812445878982544,0.5265054106712341,0.6623342633247375,0.4758826494216919,0.6642087697982788
160,0.4911454916000366,0.3712373673915863,0.5179055333137512,0.3857506215572357,0.531218945980072,0.3686152398586273,0.47571104764938354,0.3942992091178894,0.4538385272026062,0.3734649121761322,0.5116778016090393,0.301453560590744,0.44716721773147583,0.3127886652946472,0.5240956544876099,0.5026458501815796,0.48466604948043823,0.5047317743301392,0.5254973769187927,0.5822728872299194,0.4818039536476135,0.5814170837402344,0.526790976524353,0.6632603406906128,0.47726935148239136,0.6638424396514893
161,0.4808609187602997,0.373179167509079,0.518907904624939,0.38514024019241333,0.5285475850105286,0.3704550266265869,0.4733419120311737,0.39362215995788574,0.45374974608421326,0.38782787322998047,0.5124812126159668,0.3110778033733368,0.4319279193878174,0.3168041706085205,0.523720383644104,0.5040566325187683,0.4834280014038086,0.5048813819885254,0.5249990224838257,0.5845869183540344,0.4812249541282654,0.5848513841629028,0.527907133102417,0.6639401912689209,0.47687554359436035,0.6643489003181458
162,0.486868679523468,0.36702221632003784,0.5164523124694824,0.38328462839126587,0.5279808044433594,0.3645610213279724,0.47000476717948914,0.39599311351776123,0.45268043875694275,0.3732231557369232,0.5153159499168396,0.3083965480327606,0.4262862205505371,0.32404035329818726,0.5260946750640869,0.5010697841644287,0.48460817337036133,0.5024782419204712,0.5286961793899536,0.5851565599441528,0.4803456962108612,0.5846331715583801,0.530407190322876,0.6640958786010742,0.47669264674186707,0.664305567741394
163,0.48674556612968445,0.3688982427120209,0.5194060802459717,0.38292133808135986,0.5321897864341736,0.3782133460044861,0.46818310022354126,0.39400047063827515,0.4416690766811371,0.38369041681289673,0.5187698006629944,0.3167784512042999,0.4277219772338867,0.3341885209083557,0.5259827375411987,0.4996658265590668,0.48404988646507263,0.5012145042419434,0.5267927646636963,0.5817794799804688,0.4808180332183838,0.5817908048629761,0.5278391242027283,0.6628735065460205,0.4766926169395447,0.6639736890792847
164,0.4850277900695801,0.3689410090446472,0.517662525177002,0.39135897159576416,0.5274745225906372,0.3876649737358093,0.46839913725852966,0.3944966495037079,0.43881508708000183,0.39159876108169556,0.5297160148620605,0.3330402374267578,0.42329275608062744,0.34352120757102966,0.5221961736679077,0.4947516918182373,0.4835817217826843,0.4966728687286377,0.5203007459640503,0.5796955823898315,0.47826501727104187,0.5785411596298218,0.5260398387908936,0.6633586287498474,0.4746837317943573,0.6626266241073608
165,0.49935489892959595,0.3688380718231201,0.5190167427062988,0.3993386924266815,0.5362182855606079,0.3768504559993744,0.47626155614852905,0.40266889333724976,0.4335789382457733,0.3898234963417053,0.5377069711685181,0.33721840381622314,0.4065427780151367,0.3429391384124756,0.521990180015564,0.5050747990608215,0.482566237449646,0.5047926902770996,0.5198618173599243,0.5868639349937439,0.4810260534286499,0.5857900381088257,0.5275429487228394,0.6647195816040039,0.47642767429351807,0.6638729572296143
166,0.5007101893424988,0.3681900203227997,0.5182886123657227,0.4036811292171478,0.5441457033157349,0.3989511728286743,0.4773939251899719,0.40867024660110474,0.427592009305954,0.40305429697036743,0.5439887046813965,0.34816068410873413,0.40506502985954285,0.3603922724723816,0.5184130072593689,0.5107743144035339,0.4814993143081665,0.5121362209320068,0.5203955173492432,0.5883999466896057,0.4840508699417114,0.588837206363678,0.5285738110542297,0.6687568426132202,0.4805923402309418,0.6688770055770874
167,0.4920339286327362,0.3701116442680359,0.5136716961860657,0.40564244985580444,0.5345485210418701,0.4248754382133484,0.4744255542755127,0.4064599871635437,0.42665085196495056,0.407958984375,0.5330261588096619,0.36319029331207275,0.3986257314682007,0.366076797246933,0.5163845419883728,0.5091910362243652,0.4795801639556885,0.5095078349113464,0.5187589526176453,0.5886943340301514,0.48435625433921814,0.5878879427909851,0.5265560150146484,0.6695804595947266,0.47942420840263367,0.6690374612808228
168,0.48269981145858765,0.3612394332885742,0.518990159034729,0.40140020847320557,0.546676516532898,0.41608041524887085,0.4700331687927246,0.40539687871932983,0.435336172580719,0.4179495573043823,0.5431137084960938,0.38409289717674255,0.3994840383529663,0.38257473707199097,0.5136774182319641,0.5029847621917725,0.4807663559913635,0.5067160129547119,0.5208967924118042,0.5796440839767456,0.4830555319786072,0.5802419185638428,0.5274217128753662,0.6670831441879272,0.4811103940010071,0.6645376682281494
169,0.4702180027961731,0.36368367075920105,0.5070530772209167,0.3969388008117676,0.5280418395996094,0.414736270904541,0.4625442922115326,0.4068625867366791,0.4261683225631714,0.4219766855239868,0.47764909267425537,0.37642961740493774,0.4075987935066223,0.3864731788635254,0.5144961476325989,0.49883148074150085,0.4793775975704193,0.5034356117248535,0.5173517465591431,0.5757433176040649,0.48300665616989136,0.5796419382095337,0.5275084972381592,0.6667492389678955,0.47649186849594116,0.6639964580535889
170,0.4564398527145386,0.36613863706588745,0.5014618635177612,0.39568501710891724,0.5182633399963379,0.4139617681503296,0.45965737104415894,0.40671372413635254,0.42816948890686035,0.4235804080963135,0.4645370841026306,0.3691055476665497,0.4109833240509033,0.3850429952144623,0.5175056457519531,0.4964936673641205,0.4785568118095398,0.501358151435852,0.5166112184524536,0.5779789090156555,0.483378142118454,0.5737171173095703,0.5263845920562744,0.6653993129730225,0.4807905852794647,0.6628293991088867
171,0.4655331075191498,0.36437973380088806,0.5085650682449341,0.3972243666648865,0.5262523889541626,0.417455792427063,0.4613994061946869,0.4068004786968231,0.42857980728149414,0.42087435722351074,0.4665775001049042,0.3697649836540222,0.41062992811203003,0.38223594427108765,0.5168673992156982,0.4988543391227722,0.4785868525505066,0.5033879280090332,0.5181391835212708,0.574304461479187,0.4843921661376953,0.5794538259506226,0.52677983045578,0.6639286279678345,0.4790722727775574,0.6662368178367615
172,0.4685673713684082,0.36959290504455566,0.507676899433136,0.3990771770477295,0.5407495498657227,0.42228540778160095,0.46353933215141296,0.41137513518333435,0.4312148988246918,0.4183836877346039,0.467405766248703,0.36959367990493774,0.41526922583580017,0.37484896183013916,0.5202005505561829,0.5007160305976868,0.4830949902534485,0.5044034719467163,0.5199570655822754,0.5766608715057373,0.4863298535346985,0.5814113616943359,0.5288942456245422,0.6652377247810364,0.4814712405204773,0.6674174070358276
173,0.46595829725265503,0.368810772895813,0.5044952630996704,0.3956523835659027,0.5417369604110718,0.42108315229415894,0.45866164565086365,0.4061696231365204,0.4326390027999878,0.414530873298645,0.46734997630119324,0.36732691526412964,0.4158652722835541,0.3698732852935791,0.5184119939804077,0.49873340129852295,0.4808436334133148,0.501772403717041,0.5209370851516724,0.5759527683258057,0.4876134991645813,0.5805758237838745,0.5288885831832886,0.6658865213394165,0.48122745752334595,0.666259229183197
174,0.4676954448223114,0.369365930557251,0.5068445801734924,0.4005436897277832,0.5452583432197571,0.42546331882476807,0.46090686321258545,0.4074612259864807,0.43013474345207214,0.40309831500053406,0.4653192460536957,0.3648377060890198,0.41700130701065063,0.3604270815849304,0.5180890560150146,0.501470685005188,0.48181888461112976,0.5040475130081177,0.5188454389572144,0.5784779787063599,0.48692846298217773,0.5812067985534668,0.5266294479370117,0.6661205291748047,0.4801938533782959,0.666465163230896
175,0.4609173536300659,0.3668688237667084,0.500838041305542,0.39600199460983276,0.52813720703125,0.4111206531524658,0.4573305547237396,0.40135976672172546,0.43200063705444336,0.39296627044677734,0.4648183286190033,0.359489768743515,0.42005521059036255,0.3443208932876587,0.517963171005249,0.49538418650627136,0.48103708028793335,0.4992716312408447,0.5185723304748535,0.572175145149231,0.486583411693573,0.5741297006607056,0.5226431488990784,0.6670011878013611,0.47926127910614014,0.662360429763794
176,0.4602256715297699,0.3664838671684265,0.49912649393081665,0.3982681930065155,0.48237061500549316,0.3866584897041321,0.460630863904953,0.4008035361766815,0.42650899291038513,0.3792603611946106,0.46327632665634155,0.356698215007782,0.4141615629196167,0.33505332469940186,0.5145066380500793,0.5032596588134766,0.4755856394767761,0.5033258199691772,0.513123631477356,0.5774568319320679,0.4819037616252899,0.5783154964447021,0.519370973110199,0.667155385017395,0.47898006439208984,0.6626520156860352
177,0.4681774079799652,0.36858248710632324,0.5070018172264099,0.39965927600860596,0.5270593762397766,0.4180905818939209,0.4601525068283081,0.39999914169311523,0.4328869581222534,0.3804865777492523,0.4711100459098816,0.3565918803215027,0.4258991479873657,0.3316555619239807,0.5163692831993103,0.5049862861633301,0.47625088691711426,0.5041767954826355,0.5155966281890869,0.5792148113250732,0.4821189045906067,0.5804729461669922,0.519924521446228,0.6666017174720764,0.4772971570491791,0.6648192405700684
178,0.4733707904815674,0.36476489901542664,0.5127042531967163,0.3961930274963379,0.5332999229431152,0.4107639193534851,0.4606251120567322,0.3930904269218445,0.4360350966453552,0.3805537819862366,0.4778992831707001,0.354466050863266,0.42438268661499023,0.331733375787735,0.5220497846603394,0.5007838606834412,0.4758036136627197,0.4981948733329773,0.5168431997299194,0.5768803954124451,0.481814444065094,0.5772550106048584,0.5218512415885925,0.6667768359184265,0.47841590642929077,0.6642649173736572
179,0.4758344292640686,0.36353394389152527,0.5156194567680359,0.39771461486816406,0.539360523223877,0.41667699813842773,0.46196937561035156,0.3949631154537201,0.43693745136260986,0.37559425830841064,0.4853782653808594,0.3550083339214325,0.42436930537223816,0.32039502263069153,0.5233489274978638,0.501181960105896,0.47724395990371704,0.49889013171195984,0.5166498422622681,0.5749142169952393,0.48185259103775024,0.5737102031707764,0.5215435028076172,0.6641762256622314,0.4769477844238281,0.6614589691162109
180,0.47593963146209717,0.3547329604625702,0.5119190216064453,0.3942813277244568,0.4859445095062256,0.3610210418701172,0.4594787061214447,0.39229774475097656,0.44373902678489685,0.337241530418396,0.4872063100337982,0.3439195156097412,0.4291839003562927,0.3113378584384918,0.5146087408065796,0.494236558675766,0.4802556037902832,0.4963729977607727,0.5163598656654358,0.5769922733306885,0.48034676909446716,0.5717704892158508,0.5210928320884705,0.6631864905357361,0.4763199985027313,0.6621124744415283
181,0.4856860339641571,0.3631526231765747,0.5167010426521301,0.39282986521720886,0.5632758736610413,0.3861866593360901,0.47044989466667175,0.3953171372413635,0.4412684440612793,0.33211085200309753,0.598164975643158,0.34617578983306885,0.4301300048828125,0.31088441610336304,0.5234097838401794,0.5037429332733154,0.48131054639816284,0.5054359436035156,0.515742301940918,0.5855466723442078,0.48019659519195557,0.5830193161964417,0.5233777761459351,0.6625539660453796,0.47728145122528076,0.6628390550613403
182,0.48557937145233154,0.36146289110183716,0.5163890719413757,0.3898465633392334,0.5519009232521057,0.38724058866500854,0.4705776572227478,0.39482933282852173,0.45189201831817627,0.3540111482143402,0.5896061658859253,0.33677729964256287,0.4444621205329895,0.3079029321670532,0.519555926322937,0.498178094625473,0.478843629360199,0.49790212512016296,0.5121879577636719,0.5809671878814697,0.4788392186164856,0.5756600499153137,0.5213124752044678,0.6630580425262451,0.4753915071487427,0.6616979241371155
183,0.48769932985305786,0.3609839677810669,0.5181554555892944,0.388251394033432,0.5693014860153198,0.3664475381374359,0.4713403880596161,0.39474594593048096,0.4589911103248596,0.3572179079055786,0.5840933918952942,0.3266221880912781,0.44682610034942627,0.30206868052482605,0.5185738801956177,0.4993850886821747,0.47847792506217957,0.4992867112159729,0.5140470266342163,0.5827459096908569,0.4796534776687622,0.5783933401107788,0.5220698714256287,0.6614466309547424,0.47658929228782654,0.6637742519378662
184,0.4877958297729492,0.36257538199424744,0.5221686363220215,0.3887750506401062,0.5482396483421326,0.37932392954826355,0.4700273871421814,0.3904024064540863,0.4498041570186615,0.35129040479660034,0.5662519335746765,0.33670514822006226,0.4527200162410736,0.3037649989128113,0.518144428730011,0.4994235038757324,0.4777016341686249,0.49915647506713867,0.5126693248748779,0.5858234763145447,0.4800567626953125,0.5810846090316772,0.5196983814239502,0.6597191095352173,0.4775638282299042,0.6633358597755432
185,0.48568159341812134,0.3627353310585022,0.5242338180541992,0.3880394399166107,0.5464051961898804,0.37828004360198975,0.46978136897087097,0.391360878944397,0.4647566080093384,0.3640592694282532,0.568056046962738,0.32348787784576416,0.4517771005630493,0.3022850751876831,0.5192850232124329,0.4930930733680725,0.4806111752986908,0.49457836151123047,0.5164485573768616,0.5771233439445496,0.4832051396369934,0.5733813047409058,0.5211790800094604,0.6581263542175293,0.4775124490261078,0.6598734855651855
186,0.4867191016674042,0.3656420409679413,0.5182842016220093,0.38860416412353516,0.5483536124229431,0.3777816891670227,0.4704762399196625,0.3935115337371826,0.45800086855888367,0.36271151900291443,0.5605239868164062,0.31852227449417114,0.44755566120147705,0.29925501346588135,0.5168575048446655,0.49406957626342773,0.47977301478385925,0.4950380027294159,0.5117169618606567,0.580170750617981,0.4810344874858856,0.5814395546913147,0.5214974880218506,0.6553902626037598,0.47913965582847595,0.657122015953064
187,0.48853057622909546,0.3646269738674164,0.519894003868103,0.392969012260437,0.5472968816757202,0.3765206038951874,0.473476767539978,0.39450666308403015,0.4623381495475769,0.36512526869773865,0.5586951971054077,0.31495949625968933,0.4442325830459595,0.2995033264160156,0.5170332193374634,0.4952281713485718,0.48173993825912476,0.49710044264793396,0.512324869632721,0.5790002346038818,0.4849298894405365,0.5693013072013855,0.5231730937957764,0.6565853357315063,0.47691699862480164,0.6573395729064941
188,0.48382076621055603,0.36037933826446533,0.5199761986732483,0.3861345648765564,0.5499444007873535,0.36415934562683105,0.4674608111381531,0.38589975237846375,0.4422968626022339,0.34388768672943115,0.5600180625915527,0.3203542232513428,0.44709205627441406,0.3063771426677704,0.5160472393035889,0.4902039170265198,0.48047059774398804,0.49043798446655273,0.5134722590446472,0.5854657292366028,0.4807508885860443,0.5809030532836914,0.5168274641036987,0.658897876739502,0.48071250319480896,0.6564778089523315
189,0.4905267357826233,0.36462149024009705,0.5252729058265686,0.3896673619747162,0.5515602827072144,0.36397337913513184,0.47000187635421753,0.39272910356521606,0.44285938143730164,0.3422442674636841,0.5594053268432617,0.3161351680755615,0.44274768233299255,0.30364367365837097,0.5174177289009094,0.4971258342266083,0.47870683670043945,0.4986957907676697,0.5149805545806885,0.5860735774040222,0.48051878809928894,0.5841302871704102,0.5195193886756897,0.6574350595474243,0.4757826328277588,0.6518170237541199
190,0.49074310064315796,0.36737799644470215,0.5218181610107422,0.39208823442459106,0.5472844839096069,0.3705103397369385,0.4712998569011688,0.394226998090744,0.4447936415672302,0.3655581474304199,0.5561108589172363,0.3187168836593628,0.43161723017692566,0.30668672919273376,0.5236296653747559,0.5016591548919678,0.4814557433128357,0.5016457438468933,0.5190616846084595,0.5791301727294922,0.48223716020584106,0.5742921829223633,0.5229609608650208,0.657227635383606,0.476706326007843,0.6580123901367188
191,0.4858971834182739,0.3620340824127197,0.5195316076278687,0.39003151655197144,0.5387492179870605,0.3828135132789612,0.47113126516342163,0.39070698618888855,0.44899600744247437,0.3701646327972412,0.5564074516296387,0.3220004737377167,0.4269125461578369,0.31394731998443604,0.5260533094406128,0.5021578073501587,0.4841965138912201,0.5046770572662354,0.52736496925354,0.5797052383422852,0.48628947138786316,0.5744389295578003,0.5257866978645325,0.656006932258606,0.47717416286468506,0.6579728126525879
192,0.4926813244819641,0.3671422004699707,0.5187416076660156,0.3898697793483734,0.5545913577079773,0.3644977807998657,0.47667253017425537,0.4016890525817871,0.44275063276290894,0.3644406795501709,0.5520681738853455,0.31130698323249817,0.43112319707870483,0.31049075722694397,0.5208339095115662,0.5059201717376709,0.4819563329219818,0.5082477331161499,0.5262572169303894,0.5830432176589966,0.4813879430294037,0.5778549909591675,0.5286356210708618,0.6574367880821228,0.4781038463115692,0.6571956872940063
193,0.49645280838012695,0.36828792095184326,0.5260977745056152,0.39696645736694336,0.5666664242744446,0.35625261068344116,0.47609758377075195,0.4059983193874359,0.43377888202667236,0.37090441584587097,0.5530489683151245,0.31074678897857666,0.423554003238678,0.310323566198349,0.519034743309021,0.5050877332687378,0.4813723564147949,0.5087425112724304,0.5268524885177612,0.5804280638694763,0.48313722014427185,0.5775806903839111,0.52916419506073,0.6568963527679443,0.4789375960826874,0.65696781873703
194,0.4959259629249573,0.36576569080352783,0.5194383859634399,0.38970237970352173,0.5670562982559204,0.3545999526977539,0.4749000072479248,0.4033285975456238,0.42865240573883057,0.36495256423950195,0.555316686630249,0.3105214238166809,0.42104360461235046,0.3139726519584656,0.518970251083374,0.5046436190605164,0.4821952283382416,0.5071275234222412,0.5277387499809265,0.5791029930114746,0.4830572009086609,0.57505202293396,0.5278980135917664,0.6552870273590088,0.4790111184120178,0.6558524370193481
195,0.48881006240844727,0.3669436573982239,0.5172946453094482,0.3913519084453583,0.5590343475341797,0.3598416745662689,0.4715821146965027,0.40325844287872314,0.43236809968948364,0.36867234110832214,0.554476261138916,0.306842565536499,0.4187006950378418,0.31965094804763794,0.5179033279418945,0.5070760250091553,0.4806132912635803,0.5100579261779785,0.5278242230415344,0.5830769538879395,0.4832703769207001,0.5801748037338257,0.5280588865280151,0.6577690839767456,0.4767565131187439,0.6595103740692139
196,0.49677008390426636,0.371221661567688,0.5197908878326416,0.3938082456588745,0.5603029727935791,0.36366164684295654,0.47663816809654236,0.4102366864681244,0.43118488788604736,0.3710653781890869,0.5554863214492798,0.3108806014060974,0.4127626419067383,0.32470574975013733,0.518141508102417,0.5118012428283691,0.4815146327018738,0.5151578783988953,0.5278810262680054,0.5874929428100586,0.48460376262664795,0.5853493809700012,0.5281575322151184,0.658925473690033,0.47798705101013184,0.6602703332901001
197,0.4966525435447693,0.3723700940608978,0.5196732878684998,0.39272746443748474,0.5592827796936035,0.3640255928039551,0.47586876153945923,0.40811336040496826,0.4309266209602356,0.37694251537323,0.5529227256774902,0.31645822525024414,0.4068318009376526,0.3319929540157318,0.5172153115272522,0.5105413198471069,0.481749951839447,0.5137382745742798,0.5251634120941162,0.5849570035934448,0.48384225368499756,0.5825543999671936,0.5280324220657349,0.6589811444282532,0.4773966670036316,0.6598686575889587
198,0.4943007230758667,0.37197625637054443,0.5190415382385254,0.3903678059577942,0.5558869242668152,0.36766180396080017,0.4743940830230713,0.40437161922454834,0.430337131023407,0.37528514862060547,0.5604472160339355,0.3114894926548004,0.4101005494594574,0.3305407464504242,0.5166527032852173,0.5067487359046936,0.47980260848999023,0.5095069408416748,0.5239018201828003,0.5843628644943237,0.4820697009563446,0.5822471380233765,0.5282309651374817,0.6587674617767334,0.4769676923751831,0.6595656275749207
199,0.4936806559562683,0.3715869188308716,0.5194478631019592,0.38948994874954224,0.5558508634567261,0.3672581613063812,0.47246742248535156,0.40387582778930664,0.42776843905448914,0.37464818358421326,0.565621018409729,0.3163124918937683,0.4074171781539917,0.3323700428009033,0.515955924987793,0.5047792196273804,0.47831451892852783,0.5079925060272217,0.5232497453689575,0.5837301015853882,0.4818969964981079,0.5807659029960632,0.527083158493042,0.6571627259254456,0.47785401344299316,0.6569112539291382
200,0.4940093457698822,0.3724205493927002,0.5199680924415588,0.39283689856529236,0.5538898706436157,0.3580784797668457,0.47374558448791504,0.406985342502594,0.4278290867805481,0.36834633350372314,0.562111496925354,0.3087352514266968,0.40859144926071167,0.32762736082077026,0.5172531604766846,0.5050843954086304,0.47919684648513794,0.5075685381889343,0.5234140753746033,0.5831054449081421,0.4830549657344818,0.5807276368141174,0.5268877744674683,0.6572080850601196,0.4795117974281311,0.6567010879516602
201,0.49713635444641113,0.37339457869529724,0.5215513706207275,0.3921695351600647,0.5555115342140198,0.3631453216075897,0.47621071338653564,0.40893304347991943,0.4309506416320801,0.37298429012298584,0.5606118440628052,0.30705395340919495,0.41563844680786133,0.3261466324329376,0.5180138349533081,0.5079908967018127,0.4796050488948822,0.5110101103782654,0.5221351385116577,0.5893821716308594,0.48211440443992615,0.5859321355819702,0.5264440774917603,0.6588156223297119,0.47749432921409607,0.6586698889732361
202,0.4930468201637268,0.37246203422546387,0.5207329988479614,0.39314743876457214,0.5528740286827087,0.3603275716304779,0.47381865978240967,0.40877652168273926,0.4301053285598755,0.3693695664405823,0.5573089122772217,0.30312395095825195,0.4189491271972656,0.32834169268608093,0.5184446573257446,0.5061042308807373,0.4793420732021332,0.5084501504898071,0.5223962664604187,0.5855546593666077,0.48173075914382935,0.5819534659385681,0.525327742099762,0.6571352481842041,0.47775840759277344,0.6572922468185425
203,0.49318310618400574,0.37179645895957947,0.5232298374176025,0.39210018515586853,0.5589460134506226,0.3625706136226654,0.47870105504989624,0.4056473970413208,0.4325454831123352,0.3764232397079468,0.5623828768730164,0.3069080710411072,0.417483925819397,0.32697391510009766,0.5218666791915894,0.5052964687347412,0.48334378004074097,0.5079721808433533,0.526913046836853,0.5846673250198364,0.48292893171310425,0.5830293893814087,0.5259705781936646,0.6569740772247314,0.47643572092056274,0.6584658622741699
204,0.4977669417858124,0.3681895434856415,0.5321745276451111,0.39368054270744324,0.554418683052063,0.3696383833885193,0.4788307845592499,0.40164661407470703,0.44257616996765137,0.38076645135879517,0.5537787675857544,0.30149129033088684,0.42771220207214355,0.32535555958747864,0.5290057063102722,0.5094171762466431,0.48586198687553406,0.5091845393180847,0.529353141784668,0.5824791789054871,0.4857991337776184,0.5786218643188477,0.5292171835899353,0.6547959446907043,0.4803522825241089,0.656589925289154
205,0.4929630756378174,0.3693740963935852,0.5224380493164062,0.3933994174003601,0.5555004477500916,0.36504969000816345,0.4717729091644287,0.402427077293396,0.4361306428909302,0.380069375038147,0.5589777231216431,0.3059256076812744,0.4193987548351288,0.32563215494155884,0.522434651851654,0.5087496638298035,0.4794326424598694,0.5086657404899597,0.5243526697158813,0.5811499357223511,0.4819619655609131,0.5766568183898926,0.526441752910614,0.6550667881965637,0.47620344161987305,0.6573743224143982
206,0.4876469373703003,0.3665892779827118,0.5234186053276062,0.39233994483947754,0.557663083076477,0.3542358875274658,0.46574923396110535,0.4002607464790344,0.4301111698150635,0.3712794780731201,0.5612133145332336,0.3043743968009949,0.4267333447933197,0.32465577125549316,0.5237985849380493,0.5039983987808228,0.48010921478271484,0.5023682713508606,0.5207216143608093,0.5753266215324402,0.4836646020412445,0.5710465312004089,0.5236045718193054,0.6543315649032593,0.4784765839576721,0.6548265218734741
207,0.49263471364974976,0.3651784062385559,0.5273346900939941,0.39199480414390564,0.5559936761856079,0.37327104806900024,0.46748578548431396,0.39938801527023315,0.4293826222419739,0.3666594922542572,0.5522199869155884,0.3078189492225647,0.43237459659576416,0.3253515362739563,0.5224042534828186,0.5040506720542908,0.47725290060043335,0.5017693042755127,0.5165894627571106,0.5809166431427002,0.4813407361507416,0.5814182758331299,0.5225013494491577,0.6577101945877075,0.47629785537719727,0.6557146310806274
208,0.49287891387939453,0.36775463819503784,0.5375039577484131,0.3905697762966156,0.5604456663131714,0.36118084192276,0.4730546176433563,0.3965702950954437,0.441619336605072,0.36523669958114624,0.5521591901779175,0.30250799655914307,0.4332260489463806,0.32017821073532104,0.5279684066772461,0.5039596557617188,0.4837157428264618,0.5038291215896606,0.5246967077255249,0.579555332660675,0.48959657549858093,0.5703985095024109,0.5247344374656677,0.6536415815353394,0.47917985916137695,0.6562265157699585
209,0.4953400790691376,0.36635732650756836,0.5305037498474121,0.3912612795829773,0.552114725112915,0.38178953528404236,0.4731721878051758,0.3953501582145691,0.4431389272212982,0.3710370659828186,0.550013542175293,0.3053338825702667,0.43863344192504883,0.3224260210990906,0.5249007940292358,0.5066286325454712,0.48188233375549316,0.5062234401702881,0.5264520645141602,0.5777460932731628,0.48927435278892517,0.5765451192855835,0.5230237245559692,0.6614744663238525,0.47876855731010437,0.6600403189659119
210,0.49721759557724,0.3657871186733246,0.535028338432312,0.3926348388195038,0.5548299551010132,0.3767501711845398,0.4742051362991333,0.3908017575740814,0.44523483514785767,0.3698839545249939,0.5508439540863037,0.30260375142097473,0.4374164342880249,0.32370132207870483,0.5255519151687622,0.505612313747406,0.4827563166618347,0.5052640438079834,0.5194132328033447,0.5797283053398132,0.48757654428482056,0.5742889046669006,0.5226707458496094,0.6604102849960327,0.47834908962249756,0.6573451161384583
211,0.49763840436935425,0.36651286482810974,0.5381252765655518,0.37872427701950073,0.5634138584136963,0.36539381742477417,0.4808659255504608,0.3935147523880005,0.4547802209854126,0.3660031259059906,0.5479256510734558,0.29858464002609253,0.4579935669898987,0.3267948031425476,0.5342017412185669,0.4953666627407074,0.49165773391723633,0.5042231678962708,0.5244795083999634,0.5784341096878052,0.4922836422920227,0.5801547169685364,0.521729588508606,0.6522435545921326,0.4821248948574066,0.650923490524292
212,0.4981710612773895,0.3669266402721405,0.5394589304924011,0.3901028037071228,0.5658182501792908,0.3647380769252777,0.48165977001190186,0.3949674069881439,0.45046311616897583,0.3705061078071594,0.552854061126709,0.30135825276374817,0.45023900270462036,0.32503989338874817,0.5303062796592712,0.5070922374725342,0.4869374930858612,0.5072053670883179,0.5239228010177612,0.5779122114181519,0.4859205484390259,0.5768082737922668,0.5237410068511963,0.656098484992981,0.477556437253952,0.6568945050239563
213,0.4966682195663452,0.3630463480949402,0.5421218276023865,0.39148733019828796,0.5688069462776184,0.36277732253074646,0.4751439690589905,0.3938583731651306,0.45100924372673035,0.36927568912506104,0.5555850863456726,0.30238333344459534,0.45191508531570435,0.3235595226287842,0.5319921970367432,0.5051851868629456,0.48874640464782715,0.5047312378883362,0.5221481323242188,0.5844130516052246,0.4875037372112274,0.5757398009300232,0.524097204208374,0.6563010215759277,0.4783995747566223,0.6568117141723633
214,0.5005621910095215,0.3688288927078247,0.5388903617858887,0.3935810923576355,0.569011390209198,0.36413297057151794,0.4756225347518921,0.3998458981513977,0.449703574180603,0.37953588366508484,0.5543416738510132,0.3011845350265503,0.45323964953422546,0.3234484791755676,0.5295810699462891,0.5077749490737915,0.48870426416397095,0.508665144443512,0.5270317792892456,0.5821429491043091,0.48794978857040405,0.5815553665161133,0.5257598161697388,0.6576416492462158,0.47747549414634705,0.6594316959381104
215,0.498147189617157,0.36859381198883057,0.5394996404647827,0.39066311717033386,0.5674382448196411,0.36298424005508423,0.4757295846939087,0.3966246545314789,0.4572257697582245,0.36820393800735474,0.5539559125900269,0.30115360021591187,0.4536818861961365,0.32155466079711914,0.5300168991088867,0.5067570805549622,0.4878636300563812,0.5075966119766235,0.5281060934066772,0.5829915404319763,0.48709654808044434,0.5824564695358276,0.5267057418823242,0.6571528911590576,0.47701239585876465,0.6597608923912048
