FrameNo,head_x,head_y,left_shoulder_x,left_shoulder_y,left_elbow_x,left_elbow_y,right_shoulder_x,right_shoulder_y,right_elbow_x,right_elbow_y,left_hand_x,left_hand_y,right_hand_x,right_hand_y,left_hip_x,left_hip_y,right_hip_x,right_hip_y,left_knee_x,left_knee_y,right_knee_x,right_knee_y,left_foot_x,left_foot_y,right_foot_x,right_foot_y
0,0.5328388214111328,0.33955204486846924,0.5671839714050293,0.38833504915237427,0.5843002796173096,0.4424663484096527,0.4991762340068817,0.38840898871421814,0.4819643199443817,0.44946348667144775,0.5802868008613586,0.5035479068756104,0.4713391959667206,0.49588438868522644,0.554749608039856,0.5140401124954224,0.5008684396743774,0.5117278099060059,0.5635644197463989,0.6024035215377808,0.5001000761985779,0.6048161387443542,0.570559024810791,0.7109672427177429,0.48598337173461914,0.7209691405296326
1,0.533312201499939,0.33853429555892944,0.5668824315071106,0.3870806097984314,0.5844056010246277,0.4424614906311035,0.4980352818965912,0.3864247798919678,0.48180294036865234,0.44678419828414917,0.5788706541061401,0.5088228583335876,0.47435471415519714,0.49480074644088745,0.5550523400306702,0.5122870206832886,0.5019530057907104,0.5101863741874695,0.5654594302177429,0.607386589050293,0.49226996302604675,0.6072574853897095,0.5707651972770691,0.7165443897247314,0.4881734251976013,0.7252496480941772
2,0.5329166650772095,0.33874446153640747,0.5679856538772583,0.3879724144935608,0.584928572177887,0.44252753257751465,0.4988837242126465,0.38579267263412476,0.48065444827079773,0.4460080862045288,0.5791785717010498,0.5077288746833801,0.4704056978225708,0.5006524324417114,0.5561270117759705,0.5135741829872131,0.5017577409744263,0.5113037824630737,0.5661560297012329,0.607194185256958,0.5018424987792969,0.6059200763702393,0.5711695551872253,0.714957594871521,0.4880247712135315,0.7249197959899902
3,0.5330807566642761,0.33794939517974854,0.569168746471405,0.38784322142601013,0.5838688611984253,0.44501662254333496,0.49889418482780457,0.38594481348991394,0.48185014724731445,0.44773218035697937,0.5854390859603882,0.520348310470581,0.4748639464378357,0.4972228407859802,0.5569191575050354,0.5133160352706909,0.5027738809585571,0.5113370418548584,0.5654296278953552,0.6095315217971802,0.502244234085083,0.6048904657363892,0.5721559524536133,0.7123513221740723,0.49058830738067627,0.7238870859146118
4,0.533190131187439,0.3385099172592163,0.5687236785888672,0.38723111152648926,0.5854475498199463,0.4429168403148651,0.4980498254299164,0.3877227306365967,0.48176777362823486,0.4511190354824066,0.5863766074180603,0.5143646001815796,0.46911394596099854,0.5008343458175659,0.5559473633766174,0.5129623413085938,0.5020110607147217,0.5109732747077942,0.5642203092575073,0.6087067127227783,0.5020853281021118,0.603217363357544,0.5721887350082397,0.7161878943443298,0.48933061957359314,0.7244448661804199
5,0.5343210697174072,0.33806583285331726,0.5691163539886475,0.385280966758728,0.594454288482666,0.43395015597343445,0.49721261858940125,0.3867873549461365,0.47608301043510437,0.4433594346046448,0.6019114255905151,0.4801024794578552,0.44424352049827576,0.4947237968444824,0.5525957345962524,0.5091742277145386,0.4988190829753876,0.5070469975471497,0.5622018575668335,0.6044634580612183,0.5002589821815491,0.601743757724762,0.5714306235313416,0.7150256633758545,0.48672568798065186,0.7226473093032837
6,0.5341281890869141,0.33902454376220703,0.5703607797622681,0.3858240246772766,0.5967229604721069,0.4315537214279175,0.4952981173992157,0.38823652267456055,0.47225695848464966,0.44017431139945984,0.6207385659217834,0.4813595712184906,0.4341913163661957,0.4779685437679291,0.5509631633758545,0.5028542280197144,0.49769121408462524,0.5017987489700317,0.5594649910926819,0.6016840934753418,0.5019280910491943,0.5973727703094482,0.568260908126831,0.7063350677490234,0.4887216091156006,0.7179901003837585
7,0.5335994362831116,0.33960413932800293,0.5701513290405273,0.3858177065849304,0.5985843539237976,0.4289742112159729,0.4937628507614136,0.3856351971626282,0.47115832567214966,0.4301157593727112,0.6204212307929993,0.4606045186519623,0.4324588477611542,0.46214041113853455,0.5532222986221313,0.4997510612010956,0.49835872650146484,0.49897319078445435,0.5608687996864319,0.6005035638809204,0.501851499080658,0.5955654382705688,0.5680102109909058,0.7106696367263794,0.4890579581260681,0.7178771495819092
8,0.5341343879699707,0.3422754406929016,0.5718457698822021,0.383000910282135,0.6047486066818237,0.4222434163093567,0.49444860219955444,0.3836975693702698,0.46324169635772705,0.4239615201950073,0.6257355213165283,0.43959981203079224,0.41877564787864685,0.45412394404411316,0.5563342571258545,0.4973737895488739,0.49934113025665283,0.4957796335220337,0.5559135675430298,0.5968800783157349,0.5038474798202515,0.5963077545166016,0.5674653053283691,0.7104065418243408,0.49027568101882935,0.715171217918396
9,0.5335296988487244,0.34477388858795166,0.5656949281692505,0.38245660066604614,0.6060908436775208,0.41832125186920166,0.49963510036468506,0.3853459358215332,0.4687625765800476,0.4128180742263794,0.637566089630127,0.42258739471435547,0.42160099744796753,0.4322757422924042,0.5528448820114136,0.4967772364616394,0.49889230728149414,0.4959079921245575,0.5575302839279175,0.5974157452583313,0.5018336772918701,0.5920453071594238,0.5673118829727173,0.7102539539337158,0.4851500689983368,0.7156132459640503
10,0.5341410636901855,0.34481239318847656,0.5739307403564453,0.3854149281978607,0.62744140625,0.3875947892665863,0.4921730160713196,0.38806039094924927,0.4366689920425415,0.3952425420284271,0.6628164649009705,0.3752152621746063,0.4151211380958557,0.39091938734054565,0.5568572878837585,0.5001083612442017,0.5011883974075317,0.49780166149139404,0.5618549585342407,0.6057275533676147,0.5017993450164795,0.5976148247718811,0.5668383836746216,0.7141181826591492,0.4868306815624237,0.7170230150222778
11,0.5355963110923767,0.3459068536758423,0.5731359720230103,0.38144978880882263,0.6232508420944214,0.3820462226867676,0.49649715423583984,0.387117862701416,0.4377053380012512,0.384470671415329,0.6655354499816895,0.346079558134079,0.39999449253082275,0.35101139545440674,0.5519124865531921,0.4996800422668457,0.49730032682418823,0.4995838403701782,0.5593202114105225,0.6069114208221436,0.49791964888572693,0.5968687534332275,0.5666286945343018,0.7131788730621338,0.48290616273880005,0.7165226936340332
12,0.5386609435081482,0.3396100699901581,0.5717236995697021,0.37808090448379517,0.6354482769966125,0.36205780506134033,0.4995550811290741,0.3842056691646576,0.4335619807243347,0.3622870445251465,0.6657494306564331,0.32022640109062195,0.39920780062675476,0.3216744661331177,0.5510401129722595,0.5048129558563232,0.49750614166259766,0.504539966583252,0.5629495978355408,0.6138926148414612,0.49785956740379333,0.6092680096626282,0.5677641034126282,0.7142620086669922,0.4878109395503998,0.7195116877555847
13,0.5387770533561707,0.33336955308914185,0.5687907934188843,0.3785477578639984,0.6302425265312195,0.3506869077682495,0.4960114657878876,0.38154149055480957,0.43607884645462036,0.35569995641708374,0.6624475717544556,0.2877122461795807,0.41072654724121094,0.3127008378505707,0.5530050992965698,0.5049200057983398,0.5007930994033813,0.5043747425079346,0.565282940864563,0.6126797199249268,0.49120450019836426,0.5987592339515686,0.5685424208641052,0.7112212181091309,0.49019646644592285,0.7167488932609558
14,0.533984899520874,0.33489319682121277,0.5598698854446411,0.37462443113327026,0.6122130751609802,0.32452085614204407,0.4997294843196869,0.3763001561164856,0.46776604652404785,0.33449050784111023,0.6367042660713196,0.24651113152503967,0.42881256341934204,0.2602077126502991,0.5482286214828491,0.5043057799339294,0.5030207633972168,0.5040966272354126,0.5636107921600342,0.6131277084350586,0.4990168511867523,0.6074568629264832,0.569269061088562,0.7099342346191406,0.4894980788230896,0.7175458669662476
15,0.5362041592597961,0.33697769045829773,0.5614160299301147,0.37523508071899414,0.6067920923233032,0.3217553496360779,0.5000656843185425,0.37442049384117126,0.4715859293937683,0.3265392482280731,0.6229835152626038,0.24603405594825745,0.4474484622478485,0.2443506121635437,0.5495421886444092,0.5061107277870178,0.503931999206543,0.5061933398246765,0.5629393458366394,0.614594578742981,0.4981275796890259,0.6102064251899719,0.56972736120224,0.7115252017974854,0.4883098602294922,0.71916663646698
16,0.5345004200935364,0.3348180949687958,0.5624088048934937,0.36751115322113037,0.6071135401725769,0.31494376063346863,0.49669551849365234,0.36587339639663696,0.4701419472694397,0.3176102042198181,0.6173505187034607,0.23284302651882172,0.454770028591156,0.22945211827754974,0.5500199794769287,0.5057051777839661,0.5021774768829346,0.5046327114105225,0.5650694966316223,0.6144312620162964,0.4977419376373291,0.6097052693367004,0.569080114364624,0.7126404643058777,0.48721158504486084,0.7200489044189453
17,0.5339431762695312,0.33465468883514404,0.5614137649536133,0.3677903115749359,0.6051619648933411,0.309695303440094,0.4955126941204071,0.36539822816848755,0.47120165824890137,0.3183467984199524,0.6124157905578613,0.23439371585845947,0.4534643590450287,0.2248406857252121,0.5499259233474731,0.5072594285011292,0.5021257400512695,0.5062652826309204,0.5635468363761902,0.6139528751373291,0.49709969758987427,0.6094416379928589,0.5690358877182007,0.7137119174003601,0.48679494857788086,0.7196953296661377
18,0.5319859981536865,0.33410748839378357,0.5618667602539062,0.3658680319786072,0.6022623181343079,0.3107184171676636,0.4952790141105652,0.36380642652511597,0.4717908799648285,0.3198782205581665,0.6061497330665588,0.23243236541748047,0.45860394835472107,0.22485922276973724,0.5499027967453003,0.5047814846038818,0.5028607845306396,0.503601610660553,0.56405109167099,0.6071467995643616,0.49609190225601196,0.6046474575996399,0.5693844556808472,0.7118781805038452,0.48605018854141235,0.7185031175613403
19,0.5298745632171631,0.3306143283843994,0.5622773170471191,0.3661963641643524,0.6033455729484558,0.3125591278076172,0.503390908241272,0.36282116174697876,0.47453707456588745,0.3154166340827942,0.6088004112243652,0.2292974889278412,0.4589901566505432,0.22485202550888062,0.5493457317352295,0.4981222152709961,0.5016230940818787,0.49772724509239197,0.5675008296966553,0.600980281829834,0.49890729784965515,0.5997928380966187,0.5721954703330994,0.7083691358566284,0.48723313212394714,0.7176167964935303
20,0.5311804413795471,0.328754723072052,0.5605869293212891,0.36458784341812134,0.5990726947784424,0.3082111179828644,0.4976484179496765,0.3626720607280731,0.48526668548583984,0.3200828433036804,0.603050708770752,0.24096664786338806,0.46463268995285034,0.2352433204650879,0.5503985285758972,0.49889490008354187,0.5018457174301147,0.498663067817688,0.5675594210624695,0.6067095994949341,0.49282607436180115,0.6061654090881348,0.5705219507217407,0.7104173898696899,0.485563725233078,0.717488706111908
21,0.5309460163116455,0.3283643126487732,0.5605626702308655,0.36231529712677,0.5996884703636169,0.30354270339012146,0.4973638653755188,0.3616158366203308,0.48239240050315857,0.3191972076892853,0.6019876003265381,0.2407180368900299,0.46029961109161377,0.24178490042686462,0.5500501394271851,0.4989274740219116,0.502927303314209,0.49870988726615906,0.5681445002555847,0.6012608408927917,0.49465686082839966,0.5990733504295349,0.5691527128219604,0.7037524580955505,0.4849001169204712,0.7141342163085938
22,0.5321248769760132,0.3305662274360657,0.5620368719100952,0.36260801553726196,0.60127854347229,0.3068946599960327,0.4988180100917816,0.36200785636901855,0.4813802242279053,0.3196526765823364,0.6048790812492371,0.23853491246700287,0.4561935365200043,0.2458665817975998,0.5501528382301331,0.49728983640670776,0.5032991170883179,0.4973774552345276,0.5683528780937195,0.6017156839370728,0.49492523074150085,0.5997492671012878,0.5692247152328491,0.7036525011062622,0.4844662547111511,0.714085578918457
23,0.5311010479927063,0.3284311294555664,0.5601722002029419,0.36029690504074097,0.6015374660491943,0.305196076631546,0.4988912045955658,0.36028894782066345,0.4813508689403534,0.31270715594291687,0.6031581163406372,0.2447398602962494,0.45238596200942993,0.24656078219413757,0.548536479473114,0.49563178420066833,0.5019979476928711,0.49593159556388855,0.5672205686569214,0.602703332901001,0.493703693151474,0.6004300713539124,0.5688446164131165,0.704581618309021,0.4841928482055664,0.7148833274841309
24,0.5326273441314697,0.32894638180732727,0.5654478669166565,0.3607848286628723,0.60140061378479,0.2994769513607025,0.49858900904655457,0.3590652346611023,0.48157238960266113,0.3139476776123047,0.6035904884338379,0.2387959361076355,0.44670531153678894,0.24767157435417175,0.55036461353302,0.4992973506450653,0.4996040463447571,0.49795031547546387,0.562606692314148,0.6117067337036133,0.4909021258354187,0.6048877239227295,0.567136287689209,0.7096973657608032,0.48051297664642334,0.7162857055664062
25,0.531697690486908,0.32894083857536316,0.5634075999259949,0.3613191843032837,0.6022257208824158,0.2994447946548462,0.4982183575630188,0.36032235622406006,0.4807126522064209,0.31182003021240234,0.6035364866256714,0.24381738901138306,0.447077214717865,0.2512737214565277,0.5481008291244507,0.49931496381759644,0.5006060004234314,0.4985736012458801,0.5615748763084412,0.610636830329895,0.4907321333885193,0.5998216867446899,0.5663377046585083,0.7068819999694824,0.48050522804260254,0.7143216133117676
26,0.5318694710731506,0.3273468613624573,0.5625932812690735,0.36183393001556396,0.6005417704582214,0.30307286977767944,0.4976171851158142,0.3590640723705292,0.4794788062572479,0.3106634020805359,0.605575442314148,0.24088935554027557,0.4597010016441345,0.2557232975959778,0.5473374128341675,0.49857792258262634,0.5003530383110046,0.4977390766143799,0.5600358247756958,0.6102664470672607,0.4906507730484009,0.5995110273361206,0.5658266544342041,0.7066605091094971,0.48075222969055176,0.7142269611358643
27,0.5311931371688843,0.3258809447288513,0.5611749887466431,0.3610995411872864,0.6000055074691772,0.3046376407146454,0.5045182704925537,0.3575226962566376,0.4789682626724243,0.31159478425979614,0.605958104133606,0.24274133145809174,0.4545753002166748,0.25105762481689453,0.5468612909317017,0.497951865196228,0.5001655220985413,0.4974585175514221,0.5605120658874512,0.6097062826156616,0.4908921420574188,0.5985424518585205,0.5664366483688354,0.7073554992675781,0.48126012086868286,0.7147105932235718
28,0.5318101048469543,0.3287461996078491,0.5623846054077148,0.3611738383769989,0.5993077158927917,0.30341383814811707,0.4976814389228821,0.35789310932159424,0.47982048988342285,0.3129177689552307,0.6050738096237183,0.24571454524993896,0.4565224051475525,0.2529336214065552,0.5478904843330383,0.4977208971977234,0.5007579922676086,0.4972549080848694,0.5635402798652649,0.6033921837806702,0.4920249879360199,0.597464382648468,0.5681241750717163,0.7058922052383423,0.482646644115448,0.7134630680084229
29,0.5316890478134155,0.3293251395225525,0.5630463361740112,0.3620116114616394,0.5990090370178223,0.3036136031150818,0.49873143434524536,0.359041690826416,0.48003649711608887,0.3149299621582031,0.6053665280342102,0.24650000035762787,0.4574458599090576,0.2560102343559265,0.547931432723999,0.4964190125465393,0.5016856789588928,0.4964110851287842,0.5614902973175049,0.6105607748031616,0.49151986837387085,0.5981689691543579,0.5669741034507751,0.7064105868339539,0.4821777045726776,0.7136425971984863
30,0.5322045683860779,0.32972002029418945,0.5635411143302917,0.360845148563385,0.6006506681442261,0.3017980754375458,0.4996901750564575,0.35789012908935547,0.48199111223220825,0.31326496601104736,0.607057511806488,0.2475913166999817,0.4559352993965149,0.25774824619293213,0.5486899018287659,0.4964836835861206,0.502540111541748,0.4961417317390442,0.5630121231079102,0.6118279695510864,0.49293947219848633,0.599597156047821,0.5683762431144714,0.7082288265228271,0.4824995994567871,0.714113712310791
31,0.531854510307312,0.33146899938583374,0.5628830194473267,0.36119934916496277,0.6003660559654236,0.3026551306247711,0.49960947036743164,0.3577835261821747,0.48536261916160583,0.3167301118373871,0.607357382774353,0.24746686220169067,0.45387518405914307,0.2563643157482147,0.549018383026123,0.4985738694667816,0.5028064846992493,0.49825775623321533,0.5625473260879517,0.6123937964439392,0.4958067536354065,0.6003661155700684,0.5681211948394775,0.7084373831748962,0.4828733801841736,0.7144755125045776
32,0.5315455198287964,0.3307676613330841,0.5620464086532593,0.36123237013816833,0.6002782583236694,0.30462610721588135,0.49860817193984985,0.35797005891799927,0.48454296588897705,0.3174310326576233,0.6062695980072021,0.248110830783844,0.45356154441833496,0.25661659240722656,0.548250138759613,0.49877071380615234,0.5023251175880432,0.4987811744213104,0.563208818435669,0.6127488017082214,0.4954555034637451,0.6004047393798828,0.5683777928352356,0.7092134952545166,0.4828360974788666,0.7149710059165955
33,0.5318330526351929,0.32979628443717957,0.5623645186424255,0.36156365275382996,0.6003778576850891,0.3050432503223419,0.4990360140800476,0.35827767848968506,0.48576074838638306,0.3180147111415863,0.6035953760147095,0.2494746297597885,0.4531782865524292,0.2561371922492981,0.5492271184921265,0.4984803795814514,0.5027983784675598,0.49847668409347534,0.5651242733001709,0.6125617623329163,0.4951465129852295,0.600044310092926,0.568676769733429,0.7111296057701111,0.48457348346710205,0.7164229154586792
34,0.5315740704536438,0.33026525378227234,0.5614221096038818,0.3619687259197235,0.5987066030502319,0.30686286091804504,0.49918171763420105,0.359308123588562,0.48477238416671753,0.3194003701210022,0.6003094911575317,0.24929824471473694,0.45271655917167664,0.2565038502216339,0.5481641292572021,0.49911051988601685,0.501563310623169,0.4991188943386078,0.5634719729423523,0.6110002398490906,0.49324485659599304,0.5986611247062683,0.5684595704078674,0.7111040949821472,0.4834897518157959,0.7163247466087341
35,0.531417191028595,0.3298972249031067,0.5615890622138977,0.3612462282180786,0.5989583730697632,0.3049905598163605,0.498700350522995,0.3582668900489807,0.485016405582428,0.3183671236038208,0.6008545160293579,0.247688889503479,0.4528319239616394,0.25591370463371277,0.5482995510101318,0.4988112449645996,0.5012796521186829,0.49861782789230347,0.562335193157196,0.6106091141700745,0.4928588569164276,0.5979691743850708,0.5680983662605286,0.7114021182060242,0.48325949907302856,0.7163957953453064
36,0.5314831733703613,0.329096257686615,0.5614614486694336,0.35926592350006104,0.6004080772399902,0.3017362952232361,0.49794912338256836,0.35802561044692993,0.4807511568069458,0.3143545389175415,0.6031886339187622,0.2484777271747589,0.45000994205474854,0.2583746910095215,0.547725260257721,0.4995637834072113,0.5000989437103271,0.4985889196395874,0.5609617829322815,0.608665406703949,0.4939224421977997,0.5997255444526672,0.5684555768966675,0.7095863819122314,0.4849260449409485,0.7166290283203125
37,0.5319944620132446,0.32990792393684387,0.5626543164253235,0.35993289947509766,0.6007781624794006,0.29914388060569763,0.49922510981559753,0.35851356387138367,0.4839170575141907,0.31542402505874634,0.602393627166748,0.2474220097064972,0.454094260931015,0.2598092555999756,0.5492029786109924,0.49945899844169617,0.5014634132385254,0.49901407957077026,0.558965802192688,0.6096733808517456,0.492751806974411,0.5979281067848206,0.5662471055984497,0.7037482261657715,0.4844087064266205,0.7152031660079956
38,0.5318262577056885,0.3288513123989105,0.5614011287689209,0.36013397574424744,0.5997653007507324,0.29985564947128296,0.4987539052963257,0.3582550287246704,0.48412400484085083,0.3145384192466736,0.6020283699035645,0.24736610054969788,0.45608970522880554,0.2600511610507965,0.5488382577896118,0.49876195192337036,0.5014253854751587,0.4985373020172119,0.558987021446228,0.6097745895385742,0.4933359622955322,0.5980981588363647,0.5662174224853516,0.7040175199508667,0.4841473698616028,0.7155715227127075
39,0.5323669910430908,0.32881176471710205,0.5616839528083801,0.3612074553966522,0.6000795364379883,0.2986556589603424,0.49957209825515747,0.3594123125076294,0.4857768714427948,0.3116099238395691,0.6031384468078613,0.24476759135723114,0.4584539532661438,0.2554357051849365,0.5492778420448303,0.4980313777923584,0.5005568861961365,0.4983672797679901,0.559481143951416,0.6103423237800598,0.4946473240852356,0.5990843772888184,0.566564679145813,0.7068130970001221,0.48458826541900635,0.7172488570213318
40,0.5321193337440491,0.32848480343818665,0.5602097511291504,0.36127811670303345,0.5985262393951416,0.2993924021720886,0.4996003806591034,0.36004889011383057,0.4858167767524719,0.3116539716720581,0.603017270565033,0.2485594004392624,0.4555801749229431,0.2531276345252991,0.5490349531173706,0.4985438585281372,0.500209629535675,0.49939507246017456,0.5611059665679932,0.6093205809593201,0.4938410520553589,0.6027005910873413,0.5673867464065552,0.7074899077415466,0.48525354266166687,0.7179739475250244
41,0.5325942635536194,0.328225314617157,0.5610654354095459,0.3611597716808319,0.5980108976364136,0.3040722608566284,0.5010136365890503,0.3600170314311981,0.4901868999004364,0.3198891878128052,0.6044544577598572,0.2515180706977844,0.45641452074050903,0.2557872533798218,0.5494744777679443,0.4993149936199188,0.5005773305892944,0.49765774607658386,0.5601091384887695,0.6086655259132385,0.49598202109336853,0.5983409285545349,0.5668495893478394,0.7076241970062256,0.4838219881057739,0.7173504829406738
42,0.5330180525779724,0.326852023601532,0.5612242221832275,0.36097344756126404,0.5990580320358276,0.30077698826789856,0.501124382019043,0.3605138063430786,0.48542651534080505,0.3115673065185547,0.6063400506973267,0.24738989770412445,0.4584609270095825,0.25280675292015076,0.5504971742630005,0.49937745928764343,0.5012556910514832,0.49778062105178833,0.5606362819671631,0.6095740795135498,0.4972167909145355,0.5994548797607422,0.5668530464172363,0.7081388831138611,0.4839288592338562,0.7183117866516113
43,0.5334683656692505,0.3262755274772644,0.5616747140884399,0.3595741391181946,0.599395751953125,0.3005935549736023,0.5001850724220276,0.35792016983032227,0.48327741026878357,0.3062666356563568,0.6083163022994995,0.24505791068077087,0.45189595222473145,0.2483815848827362,0.5496485233306885,0.49872928857803345,0.5020716190338135,0.4985978603363037,0.560581624507904,0.6088318824768066,0.4971817135810852,0.5998761653900146,0.5672129392623901,0.7061856985092163,0.4840317666530609,0.7180418372154236
44,0.5325818061828613,0.326694130897522,0.5610603094100952,0.3599059283733368,0.5984501838684082,0.3001778721809387,0.5003684759140015,0.3585466146469116,0.48429808020591736,0.3055684566497803,0.6092920899391174,0.24286727607250214,0.4537794291973114,0.246368408203125,0.5491078495979309,0.498762845993042,0.5019631385803223,0.49863702058792114,0.5598145723342896,0.6084270477294922,0.4974060654640198,0.5996004343032837,0.5673002004623413,0.7055832147598267,0.48382723331451416,0.718007504940033
45,0.5326854586601257,0.32875481247901917,0.5626568794250488,0.36008208990097046,0.5987759828567505,0.3011189103126526,0.5022188425064087,0.35922425985336304,0.4851129651069641,0.3102031350135803,0.6084691286087036,0.2455274760723114,0.45499712228775024,0.24898791313171387,0.5491514205932617,0.4993301033973694,0.5023530721664429,0.4989875555038452,0.5600951313972473,0.6083465218544006,0.49687740206718445,0.5990601181983948,0.5677165985107422,0.7065699100494385,0.48414346575737,0.7176676988601685
46,0.5331143736839294,0.3266851603984833,0.5623572468757629,0.3622540235519409,0.6004853248596191,0.30065950751304626,0.5021675825119019,0.359844446182251,0.4840545058250427,0.30988240242004395,0.6115847229957581,0.24328885972499847,0.45614978671073914,0.2520182728767395,0.5497972965240479,0.4993639886379242,0.5028141736984253,0.49882158637046814,0.5586550235748291,0.6098184585571289,0.49704262614250183,0.5991443395614624,0.5668071508407593,0.7093669772148132,0.4844133257865906,0.7181403636932373
47,0.5328224897384644,0.32665544748306274,0.5627309083938599,0.3619534373283386,0.6004044413566589,0.2985355257987976,0.5014846920967102,0.36024028062820435,0.48343420028686523,0.3082689046859741,0.6115788817405701,0.24287483096122742,0.4562699794769287,0.2507708966732025,0.5497345924377441,0.49949249625205994,0.5025144219398499,0.4989083409309387,0.558208703994751,0.6103224754333496,0.49511462450027466,0.6032840013504028,0.5667678713798523,0.7101475596427917,0.4847191572189331,0.7189474105834961
48,0.5330487489700317,0.3290776014328003,0.563599705696106,0.36583495140075684,0.6006585359573364,0.3027544617652893,0.5006904006004333,0.36174649000167847,0.48233646154403687,0.3088874816894531,0.6112806797027588,0.24056756496429443,0.4563227891921997,0.2469361275434494,0.5500185489654541,0.5019644498825073,0.501481294631958,0.5003030300140381,0.5587882995605469,0.6083173155784607,0.49792224168777466,0.6033409833908081,0.5667948722839355,0.708943784236908,0.48592695593833923,0.7162718772888184
49,0.5348505973815918,0.32746702432632446,0.565138578414917,0.3645836114883423,0.6000416278839111,0.3040432035923004,0.5015661120414734,0.3599669635295868,0.48231375217437744,0.3080562353134155,0.6102620363235474,0.24108222126960754,0.457918256521225,0.2467416226863861,0.5504090189933777,0.5011726021766663,0.5018497705459595,0.49996864795684814,0.5567066073417664,0.609799861907959,0.4974161386489868,0.6031681299209595,0.5654090642929077,0.7106534838676453,0.4840678870677948,0.7168928980827332
50,0.5341715812683105,0.3275824189186096,0.5644609332084656,0.36623549461364746,0.6010432839393616,0.3034704327583313,0.5011183023452759,0.3619280457496643,0.48246726393699646,0.30767297744750977,0.6119246482849121,0.2408076375722885,0.4573845863342285,0.24803850054740906,0.5502500534057617,0.5021233558654785,0.5016247034072876,0.5008345246315002,0.556393563747406,0.6104885935783386,0.4970971941947937,0.6043341159820557,0.5650787353515625,0.7111582159996033,0.484050989151001,0.7173859477043152
51,0.5341528654098511,0.32716959714889526,0.5658343434333801,0.36562249064445496,0.6006966233253479,0.30062955617904663,0.5005736947059631,0.36260169744491577,0.48197004199028015,0.3051759898662567,0.6109955310821533,0.23940806090831757,0.4578636586666107,0.24676081538200378,0.550518274307251,0.501379132270813,0.5009476542472839,0.5005819797515869,0.5562840700149536,0.6119364500045776,0.49507781863212585,0.606269121170044,0.5642403364181519,0.7121626734733582,0.48417729139328003,0.7192323207855225
52,0.5345555543899536,0.32729372382164,0.5653685331344604,0.36745524406433105,0.6001815795898438,0.2999955713748932,0.5010965466499329,0.3641218841075897,0.4829021394252777,0.30317315459251404,0.6109151840209961,0.23917990922927856,0.46037036180496216,0.24619996547698975,0.5492937564849854,0.5025133490562439,0.5006892085075378,0.5020255446434021,0.5570380687713623,0.6137239933013916,0.4959295690059662,0.6074667572975159,0.5640009641647339,0.7131993770599365,0.48584967851638794,0.7194223403930664
53,0.533970057964325,0.3264639377593994,0.5644018054008484,0.3675040006637573,0.5996979475021362,0.30179840326309204,0.5010116100311279,0.3641171157360077,0.4825553596019745,0.3040178716182709,0.6109358072280884,0.24049150943756104,0.46102166175842285,0.24775515496730804,0.5492948889732361,0.5019027590751648,0.5006394386291504,0.5016434192657471,0.5557861924171448,0.6121475100517273,0.4965795874595642,0.6067401766777039,0.56380295753479,0.7128657102584839,0.4857556223869324,0.7188419103622437
54,0.5348169207572937,0.3271416425704956,0.5651229619979858,0.3665565848350525,0.6016768217086792,0.29903924465179443,0.5012633800506592,0.3644847869873047,0.48204705119132996,0.3030245900154114,0.6110496520996094,0.23949569463729858,0.46085643768310547,0.24676398932933807,0.5487992763519287,0.5017509460449219,0.5004575252532959,0.5013774037361145,0.5556298494338989,0.6122434139251709,0.4969745874404907,0.6071168184280396,0.563968300819397,0.7130383849143982,0.4857315719127655,0.7196540832519531
55,0.535481333732605,0.3276047110557556,0.5653963088989258,0.3670423924922943,0.6013288497924805,0.30017438530921936,0.5018460750579834,0.36596423387527466,0.48207229375839233,0.30217528343200684,0.61131751537323,0.24083974957466125,0.4620990455150604,0.24849532544612885,0.5484147071838379,0.5023263692855835,0.5004003643989563,0.501960277557373,0.556635856628418,0.6116836071014404,0.4970269799232483,0.6066895723342896,0.5641847252845764,0.7121831178665161,0.4857085347175598,0.7188839316368103
56,0.5349955558776855,0.32805269956588745,0.5617498159408569,0.36428797245025635,0.6014981269836426,0.3019377589225769,0.5000610947608948,0.3629802167415619,0.4833037853240967,0.3037099838256836,0.6098049879074097,0.24306845664978027,0.4632180631160736,0.24980270862579346,0.5481964349746704,0.5025233030319214,0.5006406307220459,0.5021952986717224,0.5585922598838806,0.6115047931671143,0.4977424740791321,0.6066416501998901,0.5640528202056885,0.7126891016960144,0.48697537183761597,0.7189015746116638
57,0.5359403491020203,0.3269497752189636,0.5650135278701782,0.36791521310806274,0.6017401814460754,0.301144540309906,0.5000331997871399,0.36199361085891724,0.48495161533355713,0.3029102683067322,0.6100337505340576,0.24323567748069763,0.46879446506500244,0.24792611598968506,0.5485062599182129,0.5017858743667603,0.5005679130554199,0.5016447305679321,0.5591459274291992,0.610634446144104,0.4977441430091858,0.6052136421203613,0.564325213432312,0.7134785056114197,0.48850196599960327,0.7184771299362183
58,0.5379794836044312,0.3256468176841736,0.5671415328979492,0.36862099170684814,0.6035338640213013,0.30033451318740845,0.5023232698440552,0.36578819155693054,0.4851624667644501,0.3027433454990387,0.6130680441856384,0.24216598272323608,0.4693473279476166,0.24748215079307556,0.5490401983261108,0.5017839670181274,0.5008565783500671,0.5013337135314941,0.5571683049201965,0.610811173915863,0.49648576974868774,0.6049655675888062,0.5630406737327576,0.7145888805389404,0.48660093545913696,0.7182707786560059
59,0.5388689041137695,0.32390791177749634,0.5676561594009399,0.36869341135025024,0.6042217016220093,0.300750732421875,0.5019690990447998,0.3650897443294525,0.4852243661880493,0.3012060225009918,0.613357424736023,0.24827179312705994,0.47231507301330566,0.24521099030971527,0.5504535436630249,0.5007553100585938,0.5017887949943542,0.5003407001495361,0.5596560835838318,0.6094622015953064,0.49708837270736694,0.604988694190979,0.5639379620552063,0.7143872976303101,0.48728427290916443,0.7189332246780396
60,0.5330665111541748,0.3312472105026245,0.5657261610031128,0.36652204394340515,0.6002218723297119,0.3032260537147522,0.4969637095928192,0.36391863226890564,0.4830417037010193,0.30656465888023376,0.613500714302063,0.24244342744350433,0.45948001742362976,0.2484799474477768,0.5494832992553711,0.501383900642395,0.5003897547721863,0.5010013580322266,0.5592724084854126,0.6071793437004089,0.49783921241760254,0.6055954694747925,0.565759003162384,0.7131134867668152,0.48656582832336426,0.7202746272087097
61,0.5347204208374023,0.3337467312812805,0.5657951235771179,0.36647269129753113,0.6016184091567993,0.303655743598938,0.4969289302825928,0.36377114057540894,0.4848209321498871,0.31166982650756836,0.6110712289810181,0.24757544696331024,0.462046355009079,0.24845406413078308,0.5481685400009155,0.498796671628952,0.4999324083328247,0.4990086555480957,0.5552152395248413,0.6080321669578552,0.4930347800254822,0.6066945791244507,0.5638461112976074,0.7113165259361267,0.4843542277812958,0.7185790538787842
62,0.5355716347694397,0.33250918984413147,0.5660752654075623,0.36713525652885437,0.6036123037338257,0.2998778820037842,0.49795207381248474,0.3634427785873413,0.4855329990386963,0.30702099204063416,0.6138956546783447,0.24423399567604065,0.4680338501930237,0.24439458549022675,0.54808509349823,0.5007964968681335,0.4998503625392914,0.5006694197654724,0.5547735691070557,0.6093080043792725,0.4920254647731781,0.60732102394104,0.5631144046783447,0.7125152349472046,0.48460227251052856,0.7192203402519226
63,0.5338377952575684,0.3318100571632385,0.5631523132324219,0.3639805018901825,0.6035100221633911,0.30252718925476074,0.5000552535057068,0.36342403292655945,0.48670631647109985,0.3087879717350006,0.6134393215179443,0.2468242347240448,0.47253650426864624,0.24385392665863037,0.5467786192893982,0.5040799379348755,0.4996868968009949,0.503833532333374,0.5515751838684082,0.6128146648406982,0.49318253993988037,0.6089022159576416,0.5623352527618408,0.714606523513794,0.48446422815322876,0.7202357053756714
64,0.5343089699745178,0.33068618178367615,0.5632205605506897,0.364793986082077,0.6013443470001221,0.30622759461402893,0.500991940498352,0.36374133825302124,0.4866954982280731,0.3091790974140167,0.6123714447021484,0.24759994447231293,0.47292351722717285,0.24457868933677673,0.55100417137146,0.5063868761062622,0.5033688545227051,0.5050438642501831,0.560145378112793,0.6095914840698242,0.4999313950538635,0.6068188548088074,0.5660688281059265,0.7149190902709961,0.48744603991508484,0.7199982404708862
65,0.5347305536270142,0.3313346803188324,0.5625174045562744,0.3653143048286438,0.6021939516067505,0.30592983961105347,0.5019495487213135,0.36490488052368164,0.48646625876426697,0.30903610587120056,0.614604115486145,0.24779723584651947,0.4735495448112488,0.24513022601604462,0.5513046979904175,0.5061307549476624,0.503882646560669,0.5055761933326721,0.5595101714134216,0.6106098294258118,0.49867674708366394,0.607525646686554,0.5656751394271851,0.7147199511528015,0.486812949180603,0.720710039138794
66,0.5361002683639526,0.32838448882102966,0.564408540725708,0.36476194858551025,0.6023690700531006,0.30398470163345337,0.5030354261398315,0.3639441132545471,0.48555177450180054,0.30450206995010376,0.6138827204704285,0.2440231293439865,0.47382256388664246,0.24499313533306122,0.5511874556541443,0.5052914619445801,0.5035033226013184,0.5040358304977417,0.5567295551300049,0.6101365089416504,0.49661320447921753,0.6056960821151733,0.5642658472061157,0.7166472673416138,0.4858015775680542,0.7209304571151733
67,0.5362949967384338,0.3282051682472229,0.5643874406814575,0.3639633059501648,0.6022186279296875,0.3047773540019989,0.5031659603118896,0.362723171710968,0.4855839014053345,0.3047217130661011,0.6146730184555054,0.24658320844173431,0.47384294867515564,0.24493412673473358,0.5523876547813416,0.5052371025085449,0.5042250156402588,0.5037945508956909,0.5605528354644775,0.6091936826705933,0.49925824999809265,0.6050220727920532,0.5660629272460938,0.715077817440033,0.48812493681907654,0.72035813331604
68,0.5361323356628418,0.32875776290893555,0.5642825365066528,0.36471712589263916,0.6004654169082642,0.30570292472839355,0.5040388107299805,0.3634471297264099,0.48760244250297546,0.3069734573364258,0.6126056909561157,0.24691501259803772,0.4737571179866791,0.2474009394645691,0.551003098487854,0.505477249622345,0.5036343336105347,0.5040569305419922,0.5561505556106567,0.6093207597732544,0.4937847852706909,0.6049097776412964,0.5636155605316162,0.715918779373169,0.484778493642807,0.7211277484893799
69,0.5366873741149902,0.32758331298828125,0.5650678277015686,0.36414432525634766,0.6017333269119263,0.30389565229415894,0.5031044483184814,0.36278364062309265,0.4871940612792969,0.3050841689109802,0.6135745644569397,0.24465861916542053,0.472255676984787,0.24679772555828094,0.5506304502487183,0.5049271583557129,0.502741813659668,0.5034720301628113,0.5568301677703857,0.6109288930892944,0.49195152521133423,0.6056623458862305,0.5639137029647827,0.7167448401451111,0.48521551489830017,0.7207779288291931
70,0.5379421710968018,0.32649579644203186,0.5698744058609009,0.3684878349304199,0.6022974252700806,0.3046726584434509,0.5029023289680481,0.3624250888824463,0.48539239168167114,0.30354174971580505,0.6130473613739014,0.24330618977546692,0.47092491388320923,0.24364569783210754,0.5509461164474487,0.5044155120849609,0.5023813843727112,0.5029397010803223,0.558447539806366,0.6114014983177185,0.49374037981033325,0.6055548191070557,0.564257025718689,0.716683030128479,0.4851529598236084,0.7219347953796387
71,0.5377919673919678,0.3291775584220886,0.5663758516311646,0.3639633357524872,0.6028521060943604,0.30822616815567017,0.5044467449188232,0.3632543087005615,0.48711472749710083,0.30945152044296265,0.6136430501937866,0.2457057535648346,0.46988794207572937,0.24846136569976807,0.5510656237602234,0.5025641322135925,0.5027462840080261,0.500969648361206,0.5589197874069214,0.6106809377670288,0.49304282665252686,0.6048328280448914,0.5650268793106079,0.715998649597168,0.4847915768623352,0.7217766046524048
72,0.5365545749664307,0.32616961002349854,0.5715686678886414,0.3669653534889221,0.6041755676269531,0.304581880569458,0.5023720264434814,0.36368656158447266,0.48456788063049316,0.3081134855747223,0.6189164519309998,0.24088595807552338,0.4580610990524292,0.24063053727149963,0.5533460974693298,0.5033226013183594,0.5018813014030457,0.5009660720825195,0.5594742298126221,0.6115550398826599,0.49250325560569763,0.6050687432289124,0.5641416311264038,0.7227193713188171,0.4870259761810303,0.7294709086418152
73,0.5358787178993225,0.3279639482498169,0.5681025385856628,0.3664564788341522,0.603011965751648,0.30817094445228577,0.5029445886611938,0.36711758375167847,0.48604854941368103,0.3095663785934448,0.6164476275444031,0.2468598335981369,0.4634860157966614,0.24267582595348358,0.554131805896759,0.508997917175293,0.5029526352882385,0.5062037706375122,0.5557690262794495,0.6155529022216797,0.49184393882751465,0.6091053485870361,0.5633699893951416,0.7186198234558105,0.48521220684051514,0.7246500253677368
74,0.5343539714813232,0.3277963101863861,0.5662089586257935,0.3665548264980316,0.6029130816459656,0.30869758129119873,0.5028870105743408,0.36633798480033875,0.48690617084503174,0.30891311168670654,0.616767168045044,0.24353961646556854,0.46317923069000244,0.24561916291713715,0.5518195629119873,0.5083969831466675,0.5023097991943359,0.5065125226974487,0.5563153028488159,0.6153900623321533,0.4908085763454437,0.6087960004806519,0.5626346468925476,0.720584511756897,0.4882142245769501,0.7284266948699951
75,0.5336873531341553,0.33243411779403687,0.5667484402656555,0.3667152523994446,0.5999638438224792,0.31407445669174194,0.5049242973327637,0.3650912642478943,0.4859878718852997,0.31459707021713257,0.6160391569137573,0.24801671504974365,0.45835447311401367,0.2500879764556885,0.5517580509185791,0.5106141567230225,0.5025399923324585,0.5089820623397827,0.5597232580184937,0.6164860725402832,0.49487003684043884,0.6097550392150879,0.5656620264053345,0.7206012010574341,0.48612022399902344,0.7279096841812134
76,0.5351137518882751,0.33427876234054565,0.5653252601623535,0.36785387992858887,0.599388599395752,0.31100142002105713,0.5042063593864441,0.3696032464504242,0.4916483163833618,0.31742310523986816,0.6141629219055176,0.2467270940542221,0.46113869547843933,0.24311336874961853,0.5538373589515686,0.5111663937568665,0.5037477016448975,0.5101050734519958,0.5613869428634644,0.6167817115783691,0.4928439259529114,0.6107318997383118,0.5655275583267212,0.7214018702507019,0.48798689246177673,0.7293307185173035
77,0.5343243479728699,0.3376738727092743,0.5680540204048157,0.3704683184623718,0.6020059585571289,0.3044629395008087,0.5020752549171448,0.37201380729675293,0.48332351446151733,0.30702242255210876,0.6116600036621094,0.24765804409980774,0.4613008201122284,0.23769013583660126,0.5539806485176086,0.5161296129226685,0.5019388794898987,0.5145099759101868,0.5637742280960083,0.6193088293075562,0.4932907521724701,0.615314245223999,0.5660660862922668,0.7213413715362549,0.48831865191459656,0.730222225189209
78,0.5331369638442993,0.338460773229599,0.567672848701477,0.37349817156791687,0.6025737524032593,0.3041036128997803,0.5019826889038086,0.3752555549144745,0.4874672293663025,0.31162044405937195,0.611632764339447,0.24991005659103394,0.460180401802063,0.24303293228149414,0.5530444383621216,0.5153580904006958,0.5014523267745972,0.5133317708969116,0.5635970234870911,0.6193199157714844,0.4898494482040405,0.616058886051178,0.5667710304260254,0.7190589904785156,0.48762911558151245,0.7293922901153564
79,0.5341989994049072,0.3409590423107147,0.5671523809432983,0.3743491768836975,0.600579023361206,0.31095772981643677,0.5016836524009705,0.37537264823913574,0.48777860403060913,0.32092833518981934,0.6124119758605957,0.25453972816467285,0.4599580764770508,0.24658972024917603,0.5500741600990295,0.5144200325012207,0.5001237392425537,0.5132030248641968,0.5605909824371338,0.6185348629951477,0.4895608425140381,0.6158418655395508,0.5660216808319092,0.7176794409751892,0.48659345507621765,0.7296434640884399
80,0.5350459814071655,0.3436385989189148,0.5679911971092224,0.3758184313774109,0.6002383232116699,0.3142746686935425,0.5039920806884766,0.3779051899909973,0.48898857831954956,0.3192618489265442,0.6112099885940552,0.25325214862823486,0.46271461248397827,0.25108271837234497,0.5510607957839966,0.514944314956665,0.501312255859375,0.5132942199707031,0.5607248544692993,0.6186264753341675,0.4901005029678345,0.6146186590194702,0.5665490627288818,0.71818608045578,0.48700034618377686,0.7293326258659363
81,0.5324009656906128,0.34725773334503174,0.565963864326477,0.3791773319244385,0.60140061378479,0.3166040778160095,0.5041296482086182,0.3821778893470764,0.4898754060268402,0.32300907373428345,0.6105320453643799,0.2581963539123535,0.46263790130615234,0.25104469060897827,0.5529564023017883,0.5176881551742554,0.5035990476608276,0.5162416696548462,0.5639775991439819,0.6224610805511475,0.4900108277797699,0.6175106763839722,0.5677264928817749,0.7200226783752441,0.4885258376598358,0.7314859628677368
82,0.5325490236282349,0.34682613611221313,0.5707054138183594,0.378214567899704,0.6006188988685608,0.31833967566490173,0.5000326633453369,0.3824501037597656,0.488442063331604,0.32012665271759033,0.615669310092926,0.24819281697273254,0.46125349402427673,0.24945935606956482,0.5575361251831055,0.5145642757415771,0.5045231580734253,0.5116960406303406,0.5672857761383057,0.6175767183303833,0.49020859599113464,0.6144334673881531,0.5682111978530884,0.7180206775665283,0.48809492588043213,0.7304579019546509
83,0.5305666923522949,0.34564393758773804,0.5700452327728271,0.38047975301742554,0.6006783246994019,0.31814855337142944,0.5006399154663086,0.3845776915550232,0.48952287435531616,0.3196239769458771,0.6138994693756104,0.2486104965209961,0.460369348526001,0.2507338523864746,0.5554643273353577,0.5166419148445129,0.5034502148628235,0.5137369632720947,0.5687949657440186,0.6203230619430542,0.49040862917900085,0.6173388957977295,0.568077564239502,0.7208588123321533,0.4884888529777527,0.7315956950187683
84,0.53182053565979,0.35246700048446655,0.564887285232544,0.3862484097480774,0.5966807007789612,0.32348957657814026,0.5022707581520081,0.3876670002937317,0.4911964535713196,0.3248744010925293,0.6154472827911377,0.26180535554885864,0.4647384583950043,0.26169848442077637,0.5539054870605469,0.5184776782989502,0.506632387638092,0.5159323215484619,0.5699858665466309,0.6152138710021973,0.49236056208610535,0.6080646514892578,0.5695642232894897,0.726456344127655,0.48700210452079773,0.7271058559417725
85,0.534270703792572,0.35178977251052856,0.5681407451629639,0.3890394866466522,0.5969303846359253,0.33069348335266113,0.5045089721679688,0.38976675271987915,0.48900291323661804,0.32734328508377075,0.6190648078918457,0.2639472484588623,0.46240004897117615,0.2664487361907959,0.5593253374099731,0.5200400352478027,0.5075832009315491,0.5173832774162292,0.5742112398147583,0.6207131743431091,0.49333804845809937,0.6081979274749756,0.5694302320480347,0.7288395762443542,0.4881564974784851,0.7272405624389648
86,0.5352743268013,0.3592279553413391,0.560828447341919,0.38804930448532104,0.5925703048706055,0.33320561051368713,0.5027614235877991,0.3937076926231384,0.49102717638015747,0.33268845081329346,0.6173915863037109,0.2637515068054199,0.4645876884460449,0.28423088788986206,0.5526223182678223,0.5162370204925537,0.5057984590530396,0.5148189067840576,0.5745356678962708,0.6203820705413818,0.4915512204170227,0.6091773509979248,0.570536732673645,0.7265158891677856,0.48655879497528076,0.7267298698425293
87,0.5320262312889099,0.3635503053665161,0.5607877969741821,0.390965074300766,0.5905715823173523,0.33427804708480835,0.5044510364532471,0.3989418148994446,0.49436789751052856,0.3289952278137207,0.6184420585632324,0.2656567394733429,0.46702462434768677,0.2835865616798401,0.5498888492584229,0.5176082849502563,0.5047987699508667,0.5162497162818909,0.573326587677002,0.6209667921066284,0.49387872219085693,0.6093034744262695,0.5701389908790588,0.7250784635543823,0.48744985461235046,0.7235054969787598
88,0.5301738977432251,0.36589130759239197,0.5620162487030029,0.39354515075683594,0.5886687636375427,0.33428072929382324,0.5070395469665527,0.4006301164627075,0.4972403049468994,0.3280433714389801,0.620831310749054,0.2676939070224762,0.4697452187538147,0.2843579649925232,0.5511486530303955,0.520566999912262,0.5046391487121582,0.518370509147644,0.5713223218917847,0.6207496523857117,0.49490708112716675,0.608532190322876,0.5705970525741577,0.7245302200317383,0.4871102273464203,0.7227879762649536
89,0.5306155681610107,0.3674238324165344,0.5607747435569763,0.39187511801719666,0.5885307788848877,0.33812686800956726,0.5092831254005432,0.401388943195343,0.4987994432449341,0.332486629486084,0.6215407848358154,0.2704259753227234,0.46924710273742676,0.27681201696395874,0.5515190362930298,0.5185555219650269,0.5055187344551086,0.5167577266693115,0.5679448246955872,0.6215178966522217,0.4924830198287964,0.612869381904602,0.567714273929596,0.7271556854248047,0.48663315176963806,0.727946400642395
90,0.5306199789047241,0.3673420548439026,0.5652164816856384,0.3949980139732361,0.59296715259552,0.3528619408607483,0.5076220035552979,0.4006394147872925,0.4961036443710327,0.3342585265636444,0.6214809417724609,0.2694404721260071,0.4691971242427826,0.2759722173213959,0.5558685660362244,0.5227076411247253,0.506934404373169,0.5208205580711365,0.5740722417831421,0.6209970712661743,0.4921841025352478,0.6151413917541504,0.5689969062805176,0.726362407207489,0.4865439832210541,0.728644609451294
91,0.530922532081604,0.37102264165878296,0.562703013420105,0.39657849073410034,0.5989797711372375,0.35389041900634766,0.5082215070724487,0.40187501907348633,0.4936307370662689,0.3339388370513916,0.6249871253967285,0.2787848711013794,0.468450129032135,0.2769692540168762,0.5557039976119995,0.5231027007102966,0.5076928734779358,0.5219672918319702,0.5765544176101685,0.6241860389709473,0.48998063802719116,0.6206293106079102,0.5703763961791992,0.7264419794082642,0.48611462116241455,0.7305800914764404
92,0.5311253070831299,0.37084442377090454,0.5609415769577026,0.39594173431396484,0.5953655242919922,0.3539220988750458,0.507080078125,0.40050801634788513,0.49389681220054626,0.33574748039245605,0.6253925561904907,0.28341615200042725,0.4679744839668274,0.27956122159957886,0.5537554025650024,0.5218260288238525,0.506327211856842,0.5204421877861023,0.5713803172111511,0.6255887746810913,0.4888758659362793,0.621856689453125,0.5691020488739014,0.7276076674461365,0.4866184592247009,0.7312783002853394
93,0.5321616530418396,0.3700973689556122,0.5624522566795349,0.3991183042526245,0.5949980020523071,0.36332476139068604,0.5061963200569153,0.4037284851074219,0.49356311559677124,0.3361181616783142,0.621048092842102,0.2820456624031067,0.4664306044578552,0.27739495038986206,0.5547392964363098,0.5264163017272949,0.5067335367202759,0.5256709456443787,0.5720593333244324,0.6268579363822937,0.48863908648490906,0.6253884434700012,0.5693784952163696,0.7275645136833191,0.48550471663475037,0.731836199760437
94,0.5306496024131775,0.3729761838912964,0.5619922876358032,0.39942893385887146,0.5964093804359436,0.35801953077316284,0.505551815032959,0.40381813049316406,0.4969058036804199,0.3350188732147217,0.6218255162239075,0.2857379913330078,0.46773606538772583,0.2769007086753845,0.5541347861289978,0.5254936218261719,0.5053002834320068,0.5243629813194275,0.575904369354248,0.626873791217804,0.4875229597091675,0.6245130300521851,0.5706565976142883,0.7260520458221436,0.48455068469047546,0.7295447587966919
95,0.5299952030181885,0.3764113783836365,0.5634695887565613,0.39834052324295044,0.5932374000549316,0.35329896211624146,0.5064822435379028,0.40355974435806274,0.49916934967041016,0.33880865573883057,0.6227697134017944,0.2877351641654968,0.4659522473812103,0.2777283191680908,0.5526642799377441,0.5234045386314392,0.5064871907234192,0.5219885110855103,0.5739446878433228,0.6305162906646729,0.48499831557273865,0.6235079765319824,0.5688452124595642,0.7270337343215942,0.4857892692089081,0.7298634052276611
96,0.5280802249908447,0.38180801272392273,0.5633032917976379,0.40766072273254395,0.598482608795166,0.3588225245475769,0.5017437934875488,0.40908083319664,0.49877113103866577,0.3406284749507904,0.623363196849823,0.2876873016357422,0.46787282824516296,0.28538286685943604,0.5507258176803589,0.529199481010437,0.5058083534240723,0.5286593437194824,0.5742680430412292,0.6285154223442078,0.4861012399196625,0.6214666366577148,0.5684893727302551,0.7282988429069519,0.4874902665615082,0.7316690683364868
97,0.5292294025421143,0.3817739188671112,0.5612747669219971,0.40693384408950806,0.6026939153671265,0.3714860677719116,0.5008403062820435,0.4095517098903656,0.49338239431381226,0.3414163291454315,0.622686505317688,0.28612712025642395,0.4673154056072235,0.28527966141700745,0.5510603189468384,0.5341002941131592,0.5071377754211426,0.5320899486541748,0.572483479976654,0.6335254311561584,0.485968679189682,0.6230444312095642,0.5684861540794373,0.7287816405296326,0.4880150258541107,0.7322359085083008
98,0.5263509750366211,0.3823576867580414,0.5593429803848267,0.41327184438705444,0.6039475202560425,0.37407445907592773,0.49996864795684814,0.4148871600627899,0.4909594655036926,0.35117673873901367,0.6238250732421875,0.29524850845336914,0.46510571241378784,0.2802053689956665,0.5511568188667297,0.5375334024429321,0.5075212717056274,0.5358608961105347,0.5721031427383423,0.6300156116485596,0.48654985427856445,0.619999349117279,0.5684905052185059,0.7304837703704834,0.4872104525566101,0.7333365678787231
99,0.526458740234375,0.3813279867172241,0.5585088729858398,0.4149141013622284,0.601897120475769,0.37479838728904724,0.5004818439483643,0.4126701354980469,0.4923827052116394,0.3571145236492157,0.6233059763908386,0.29597899317741394,0.4660542607307434,0.2845160663127899,0.5533121824264526,0.5441436171531677,0.5069113969802856,0.541701078414917,0.5732645988464355,0.6388639211654663,0.4872416853904724,0.6293528079986572,0.5670514106750488,0.7329163551330566,0.4867940843105316,0.7344693541526794
100,0.528936505317688,0.3855850398540497,0.5596545338630676,0.4176821708679199,0.6021415591239929,0.37110480666160583,0.5000013113021851,0.41800451278686523,0.49364250898361206,0.36083823442459106,0.6237503290176392,0.29550760984420776,0.4654644727706909,0.2856009602546692,0.553130030632019,0.5443433523178101,0.5068187713623047,0.5423825979232788,0.5740151405334473,0.6350311040878296,0.4862698018550873,0.6297683715820312,0.5691729784011841,0.7310769557952881,0.4860665500164032,0.7337188124656677
101,0.5271208882331848,0.3851155936717987,0.5576485395431519,0.41649746894836426,0.6015981435775757,0.3694092631340027,0.4994921386241913,0.41626840829849243,0.4961434602737427,0.3693844974040985,0.6227455139160156,0.2961404323577881,0.46658188104629517,0.2855817675590515,0.5503466129302979,0.5434645414352417,0.5058315992355347,0.5428212881088257,0.5758829116821289,0.6316962242126465,0.485422819852829,0.6300716400146484,0.5691349506378174,0.7297201156616211,0.486103355884552,0.7328588962554932
102,0.5293899178504944,0.3875998854637146,0.5554068684577942,0.42631590366363525,0.6003817915916443,0.3677639663219452,0.4942626953125,0.42721647024154663,0.4920741319656372,0.3714962601661682,0.6220747828483582,0.29579582810401917,0.46832677721977234,0.29108354449272156,0.5513126254081726,0.5518712997436523,0.5045861005783081,0.5507277846336365,0.5768835544586182,0.6321835517883301,0.48898571729660034,0.6300536394119263,0.5700320601463318,0.7296335697174072,0.486596941947937,0.7324103116989136
103,0.52845299243927,0.38873857259750366,0.5547956228256226,0.42783090472221375,0.6004914045333862,0.3764570355415344,0.4927733838558197,0.4262627959251404,0.491350382566452,0.3614928424358368,0.624319314956665,0.2944455146789551,0.46354398131370544,0.28380724787712097,0.5496482253074646,0.5487464666366577,0.5032047629356384,0.5470400452613831,0.5741638541221619,0.6260152459144592,0.48784002661705017,0.6235440969467163,0.5700390338897705,0.7271599769592285,0.4867818355560303,0.730919599533081
104,0.5249882936477661,0.390217661857605,0.555770993232727,0.42761287093162537,0.6004742383956909,0.37609967589378357,0.4985319972038269,0.4302919805049896,0.4918863773345947,0.37080419063568115,0.6240637302398682,0.2995275557041168,0.4618745446205139,0.28426235914230347,0.5529360771179199,0.555675745010376,0.5039623975753784,0.5542041063308716,0.5730921030044556,0.6309314370155334,0.4878832995891571,0.6278072595596313,0.570248544216156,0.7299033999443054,0.4855301082134247,0.7311105728149414
105,0.5258908271789551,0.39228254556655884,0.5555360913276672,0.4323086142539978,0.5992627143859863,0.3766043186187744,0.4945983290672302,0.43659624457359314,0.49938464164733887,0.37304389476776123,0.6241471767425537,0.2973623275756836,0.4646551012992859,0.28550517559051514,0.55516517162323,0.5578929781913757,0.5072332620620728,0.5566353797912598,0.5747129917144775,0.6293480396270752,0.49133026599884033,0.6225208044052124,0.5713929533958435,0.7292616367340088,0.4868372082710266,0.7299858331680298
106,0.52488112449646,0.3981438875198364,0.5550645589828491,0.43506869673728943,0.5961602926254272,0.39550840854644775,0.49123167991638184,0.43388235569000244,0.4988762140274048,0.39013776183128357,0.6191067695617676,0.3064510226249695,0.46204981207847595,0.2889176607131958,0.555513858795166,0.5632987022399902,0.5066173076629639,0.5626394152641296,0.5758101940155029,0.6332650780677795,0.48937302827835083,0.6268487572669983,0.5708490610122681,0.7308621406555176,0.48771747946739197,0.732566237449646
107,0.5280330181121826,0.40544992685317993,0.5607218742370605,0.4364754855632782,0.6018204092979431,0.3804744482040405,0.4947608411312103,0.4365743398666382,0.484360933303833,0.36559996008872986,0.6302781701087952,0.30925068259239197,0.45649975538253784,0.2988596558570862,0.5568175315856934,0.5665382742881775,0.5047613382339478,0.5648967027664185,0.5763322114944458,0.63351970911026,0.4853115975856781,0.6282935738563538,0.5716578960418701,0.7255990505218506,0.48564526438713074,0.7298600077629089
108,0.5280331373214722,0.4055107831954956,0.5594364404678345,0.4388556480407715,0.6012567281723022,0.3789142072200775,0.4930422306060791,0.438257098197937,0.48239991068840027,0.3665551543235779,0.6295145153999329,0.31064891815185547,0.4621099829673767,0.3048118054866791,0.5564889311790466,0.5573171973228455,0.5043617486953735,0.5573959350585938,0.574260413646698,0.6308306455612183,0.48607298731803894,0.6262929439544678,0.5722693204879761,0.7259909510612488,0.4845617711544037,0.7313302755355835
109,0.5291346311569214,0.4116554856300354,0.5616838932037354,0.44970059394836426,0.6074093580245972,0.38816818594932556,0.4928452670574188,0.44626376032829285,0.47886693477630615,0.3743850588798523,0.6309583783149719,0.32311058044433594,0.45756766200065613,0.3048236668109894,0.5552741289138794,0.5684294700622559,0.5051946640014648,0.5678256750106812,0.5736902952194214,0.6253628730773926,0.48718273639678955,0.6241099238395691,0.571139931678772,0.7219700813293457,0.4859280586242676,0.7287835478782654
110,0.5302220582962036,0.41634243726730347,0.5620948672294617,0.45382368564605713,0.6061564087867737,0.3937796354293823,0.4957214295864105,0.45485353469848633,0.476993203163147,0.37491685152053833,0.6324752569198608,0.3236343264579773,0.4575783610343933,0.31253325939178467,0.5546015501022339,0.5745537877082825,0.5054188370704651,0.5739253759384155,0.5712745189666748,0.6301984190940857,0.48998337984085083,0.6258049011230469,0.5715036392211914,0.7206805944442749,0.48486655950546265,0.7278554439544678
111,0.5301629900932312,0.4186471700668335,0.564375102519989,0.45353007316589355,0.6066279411315918,0.39601266384124756,0.4943088889122009,0.4529728889465332,0.4760856628417969,0.37996429204940796,0.6302347183227539,0.32733920216560364,0.45592087507247925,0.313140332698822,0.5534414052963257,0.5754860639572144,0.5056201219558716,0.5741351842880249,0.5717096328735352,0.6308705806732178,0.48929423093795776,0.626786470413208,0.5710939764976501,0.7232259511947632,0.4845772385597229,0.7284979224205017
112,0.5301374793052673,0.4211508631706238,0.5621141195297241,0.4528818726539612,0.6067598462104797,0.39980900287628174,0.49719327688217163,0.4564913213253021,0.4753800332546234,0.38242417573928833,0.6304410099983215,0.3298066258430481,0.45609280467033386,0.314186692237854,0.5516347289085388,0.5789957046508789,0.5035461187362671,0.5771676301956177,0.5691081285476685,0.6306220293045044,0.49097341299057007,0.6283169388771057,0.5707676410675049,0.7222305536270142,0.4845432639122009,0.7281140089035034
113,0.5317243337631226,0.42479610443115234,0.5621132254600525,0.4550512731075287,0.609529972076416,0.3985689878463745,0.4957445561885834,0.4566810727119446,0.4759753942489624,0.3842197060585022,0.6271185874938965,0.3361491858959198,0.45856964588165283,0.3164026141166687,0.552729070186615,0.5782824754714966,0.5030651092529297,0.5776892900466919,0.5688620805740356,0.6262754201889038,0.491425484418869,0.625813901424408,0.5721689462661743,0.7167479395866394,0.4845995604991913,0.7282726168632507
114,0.5314188003540039,0.42762479186058044,0.5618264675140381,0.4542710781097412,0.6105923652648926,0.40012669563293457,0.49786317348480225,0.45737922191619873,0.4755687415599823,0.38545554876327515,0.6328918933868408,0.33864328265190125,0.45692020654678345,0.31783318519592285,0.5512925386428833,0.5792670845985413,0.5028752088546753,0.5785161256790161,0.5714567303657532,0.6287065148353577,0.49100661277770996,0.6283577680587769,0.572259783744812,0.7233544588088989,0.484611839056015,0.730103611946106
115,0.533332347869873,0.43141886591911316,0.5637850761413574,0.4584048390388489,0.6103181838989258,0.40225040912628174,0.4976944625377655,0.45841455459594727,0.47664958238601685,0.3946036100387573,0.6274685263633728,0.33849895000457764,0.4579697251319885,0.32254093885421753,0.5527344346046448,0.5814693570137024,0.502475380897522,0.5806326866149902,0.5708052515983582,0.6313784718513489,0.49419236183166504,0.626468300819397,0.5717992782592773,0.7249851226806641,0.48471832275390625,0.7292503118515015
116,0.5321824550628662,0.4338241219520569,0.5627998113632202,0.4618578851222992,0.6102011799812317,0.4036282002925873,0.4976319670677185,0.461391419172287,0.4746308922767639,0.403262197971344,0.6268870830535889,0.3402804732322693,0.4524810016155243,0.3285776376724243,0.5526647567749023,0.5823122262954712,0.5028765797615051,0.5810820460319519,0.5721718072891235,0.6336864233016968,0.49241727590560913,0.6277559995651245,0.5736300945281982,0.725883424282074,0.48394352197647095,0.7288157343864441
117,0.5320429801940918,0.4338839054107666,0.5602620244026184,0.4640505015850067,0.6076774001121521,0.4110705852508545,0.4996011257171631,0.46236419677734375,0.47556301951408386,0.40006959438323975,0.6295112371444702,0.34353601932525635,0.4638933837413788,0.3336806297302246,0.5510064363479614,0.5852414965629578,0.503065288066864,0.584932804107666,0.567439615726471,0.6309056282043457,0.4950260519981384,0.6268110871315002,0.5743980407714844,0.7233279943466187,0.4855153262615204,0.7293862104415894
118,0.531593918800354,0.44085437059402466,0.5634363889694214,0.4676061272621155,0.6076794862747192,0.40784022212028503,0.49801135063171387,0.4660584330558777,0.47602638602256775,0.40348923206329346,0.6285908222198486,0.34392091631889343,0.45763665437698364,0.33117857575416565,0.5482392311096191,0.5822253227233887,0.5019716620445251,0.5813091397285461,0.5657230615615845,0.6323462724685669,0.49369341135025024,0.628771185874939,0.5735783576965332,0.7222084403038025,0.4839586615562439,0.7274925112724304
119,0.5360222458839417,0.44564926624298096,0.5647441148757935,0.4712475538253784,0.6066747903823853,0.40710267424583435,0.49914035201072693,0.4694606065750122,0.47813674807548523,0.40591228008270264,0.6329201459884644,0.3456437587738037,0.4579208791255951,0.3329060673713684,0.5477778315544128,0.5834747552871704,0.5019000172615051,0.5828020572662354,0.5688402056694031,0.6328003406524658,0.49590492248535156,0.6280168890953064,0.5748100280761719,0.7215533256530762,0.484719842672348,0.7273555994033813
120,0.5339734554290771,0.451557993888855,0.5658897757530212,0.47508344054222107,0.6088912487030029,0.4130941331386566,0.4995170831680298,0.46973738074302673,0.47518491744995117,0.4082206189632416,0.6340829133987427,0.3619382381439209,0.46142396330833435,0.33994799852371216,0.5484943985939026,0.5808800458908081,0.503442645072937,0.5810182690620422,0.5683405995368958,0.6245436668395996,0.4956287145614624,0.6250066757202148,0.5739856958389282,0.716065526008606,0.4852767586708069,0.7305273413658142
121,0.5321804285049438,0.45506057143211365,0.5625730752944946,0.4734443426132202,0.6079179048538208,0.41627782583236694,0.4993222653865814,0.47050127387046814,0.4741320312023163,0.4061247706413269,0.6312015056610107,0.364366352558136,0.45989570021629333,0.33756309747695923,0.5442319512367249,0.5802580118179321,0.5026110410690308,0.5796730518341064,0.5691545605659485,0.6270776987075806,0.5000479221343994,0.6242660284042358,0.5742284655570984,0.7190989851951599,0.48638471961021423,0.7279519438743591
122,0.5331541299819946,0.4548128545284271,0.5602611899375916,0.476351797580719,0.6066302061080933,0.4246634840965271,0.49966514110565186,0.4747049808502197,0.47613412141799927,0.40453648567199707,0.6298242807388306,0.3679736256599426,0.46118995547294617,0.35200035572052,0.5458543300628662,0.5849940180778503,0.5030012130737305,0.5856198668479919,0.5718005895614624,0.6334264874458313,0.4997757375240326,0.6310847997665405,0.5749218463897705,0.720629870891571,0.486355721950531,0.7293152809143066
123,0.5346171259880066,0.4543660283088684,0.5606033802032471,0.4767448604106903,0.6082060933113098,0.4295009970664978,0.5024409294128418,0.47589927911758423,0.47457942366600037,0.4113342761993408,0.6310207843780518,0.36986953020095825,0.4597809314727783,0.3573208749294281,0.5470487475395203,0.5883434414863586,0.504157543182373,0.5878530740737915,0.5715106725692749,0.6353632211685181,0.5013803839683533,0.6307783126831055,0.5754148960113525,0.7223004698753357,0.4874567687511444,0.7304179072380066
124,0.5326889753341675,0.45797714591026306,0.5613855123519897,0.4794984757900238,0.6079988479614258,0.43128615617752075,0.5003734827041626,0.4783049523830414,0.4769431948661804,0.4056468904018402,0.6309958696365356,0.3726730942726135,0.4601362645626068,0.3597475290298462,0.5493787527084351,0.5915589332580566,0.5042291879653931,0.5911228060722351,0.5735578536987305,0.6363258957862854,0.5003410577774048,0.630035400390625,0.577269434928894,0.7226902842521667,0.4877764582633972,0.7293972969055176
125,0.5359246134757996,0.45593327283859253,0.5604667067527771,0.48167940974235535,0.6087415218353271,0.43706703186035156,0.4952724874019623,0.47560006380081177,0.4742759168148041,0.4119541049003601,0.6312319040298462,0.373327374458313,0.45889145135879517,0.35642415285110474,0.5482661724090576,0.5915202498435974,0.5070358514785767,0.5905832052230835,0.5737589597702026,0.6355900168418884,0.5009143352508545,0.6259976029396057,0.5763850212097168,0.7219703197479248,0.48723506927490234,0.7294144034385681
126,0.535495400428772,0.4591139554977417,0.5619428753852844,0.4837401807308197,0.6097659468650818,0.4378698766231537,0.494051456451416,0.4765404462814331,0.4732162356376648,0.41617879271507263,0.6309754252433777,0.3733523488044739,0.46074968576431274,0.36463695764541626,0.549596905708313,0.5911241769790649,0.5068443417549133,0.5910324454307556,0.5724039077758789,0.6334195137023926,0.5014084577560425,0.6265929937362671,0.5777691602706909,0.7210013270378113,0.48816096782684326,0.7292765974998474
127,0.5339141488075256,0.4669097661972046,0.5646117329597473,0.48584359884262085,0.6040889620780945,0.452446311712265,0.5019776821136475,0.48069676756858826,0.4731846749782562,0.42876625061035156,0.6292475461959839,0.3832094371318817,0.4568878412246704,0.3679909408092499,0.5489745140075684,0.593259334564209,0.5059148073196411,0.5935046076774597,0.5709410309791565,0.63229900598526,0.5012608766555786,0.6255942583084106,0.578833818435669,0.7181269526481628,0.4900669753551483,0.7260364294052124
128,0.5369207859039307,0.4690065383911133,0.5644239187240601,0.4874314069747925,0.6057531833648682,0.45115721225738525,0.5020148754119873,0.4830065369606018,0.4717404544353485,0.43250569701194763,0.6310232877731323,0.3810095191001892,0.459990918636322,0.3759418725967407,0.5494149327278137,0.5939698219299316,0.5050230026245117,0.5946335792541504,0.573077917098999,0.6357468962669373,0.5014548301696777,0.6298695802688599,0.5780904293060303,0.7180366516113281,0.4894220530986786,0.7280425429344177
129,0.5328667163848877,0.47470471262931824,0.5681154131889343,0.49679142236709595,0.6102957129478455,0.4559550881385803,0.5025163292884827,0.488744854927063,0.4750005900859833,0.4579806923866272,0.6299317479133606,0.38720041513442993,0.4583991467952728,0.37049055099487305,0.5482907295227051,0.6017048358917236,0.5039575099945068,0.6011413335800171,0.5699392557144165,0.6279712915420532,0.5031638145446777,0.6195352077484131,0.5754367113113403,0.7125365138053894,0.4913463592529297,0.7243504524230957
130,0.5307669043540955,0.4747585952281952,0.5645582675933838,0.49562621116638184,0.6067769527435303,0.4614385962486267,0.5015294551849365,0.493544340133667,0.4759053587913513,0.45377442240715027,0.62840336561203,0.3919653594493866,0.45400604605674744,0.3756433129310608,0.5481962561607361,0.6050620079040527,0.50291508436203,0.604912281036377,0.5701492428779602,0.6274691820144653,0.5013740062713623,0.6185592412948608,0.5750077962875366,0.7137696743011475,0.49124500155448914,0.7241665124893188
131,0.5315959453582764,0.4727357029914856,0.5615346431732178,0.49660056829452515,0.6026581525802612,0.47155246138572693,0.5011597871780396,0.4931323230266571,0.47540685534477234,0.45817530155181885,0.6265541315078735,0.395618200302124,0.45402294397354126,0.3748173117637634,0.5464026927947998,0.6056912541389465,0.5047100782394409,0.6109058856964111,0.5721405744552612,0.6338046193122864,0.5014505386352539,0.6247878074645996,0.5759263038635254,0.7153016924858093,0.49258649349212646,0.7276197671890259
132,0.5300083160400391,0.47829365730285645,0.5611883401870728,0.5031387805938721,0.6032128930091858,0.46790623664855957,0.49970027804374695,0.5014165639877319,0.4699171483516693,0.4592805802822113,0.6268154382705688,0.39154911041259766,0.4566318988800049,0.3834485411643982,0.5451983213424683,0.6161807179450989,0.5005044937133789,0.6161766648292542,0.57276451587677,0.6423353552818298,0.5013765096664429,0.6294028759002686,0.5749081969261169,0.7193581461906433,0.4902161955833435,0.7224265933036804
133,0.5281358957290649,0.4782809019088745,0.5598503947257996,0.5062433481216431,0.6038386821746826,0.47269532084465027,0.5006402134895325,0.501340925693512,0.4718340039253235,0.46211951971054077,0.6269252300262451,0.40154075622558594,0.4562956988811493,0.3752114474773407,0.546229362487793,0.6090102195739746,0.5050469636917114,0.6095010042190552,0.5713421702384949,0.6363281011581421,0.5016359686851501,0.6249055862426758,0.5732327699661255,0.7184965014457703,0.49094247817993164,0.7246423959732056
134,0.5246080756187439,0.4852392375469208,0.5614388585090637,0.5082136392593384,0.6051453351974487,0.47133487462997437,0.4976437985897064,0.5049397349357605,0.4677940011024475,0.4593604505062103,0.6263473629951477,0.394969642162323,0.4553540349006653,0.37290045619010925,0.5471683740615845,0.6179012060165405,0.5026930570602417,0.617567241191864,0.5746415257453918,0.6397606134414673,0.4997921884059906,0.6284357905387878,0.5739635229110718,0.7192784547805786,0.4925481975078583,0.7261615991592407
135,0.5239560604095459,0.4838574528694153,0.5592318773269653,0.5105929374694824,0.6041018962860107,0.47062158584594727,0.49364882707595825,0.5059419870376587,0.46737486124038696,0.45067065954208374,0.6255303621292114,0.39391082525253296,0.45464715361595154,0.3771602511405945,0.5453307032585144,0.623350203037262,0.501114010810852,0.6222559213638306,0.5740705728530884,0.6408541202545166,0.4936337172985077,0.6311101317405701,0.5744432210922241,0.7198256850242615,0.4931842088699341,0.7261897325515747
136,0.5268976092338562,0.4843510091304779,0.5599125027656555,0.5157738327980042,0.6039024591445923,0.48319417238235474,0.4985017478466034,0.5082926750183105,0.46771925687789917,0.4534798562526703,0.6273009181022644,0.39908361434936523,0.4559672772884369,0.3788022994995117,0.5488373041152954,0.6167342066764832,0.5045980215072632,0.6145359873771667,0.5720129013061523,0.6435961723327637,0.49560925364494324,0.6331221461296082,0.5690803527832031,0.7202305197715759,0.49400395154953003,0.7259817123413086
137,0.5247793197631836,0.4886782765388489,0.5629687309265137,0.5194456577301025,0.6051821708679199,0.4694975018501282,0.4982721209526062,0.5127536058425903,0.4673421382904053,0.45245417952537537,0.626934826374054,0.3998018205165863,0.4561178386211395,0.3768189549446106,0.5522592067718506,0.6209145784378052,0.5069462060928345,0.6189085245132446,0.5705553293228149,0.6441349387168884,0.4955151081085205,0.6342655420303345,0.5698104500770569,0.7221672534942627,0.49491047859191895,0.7282375693321228
138,0.5262502431869507,0.4889032244682312,0.5624684691429138,0.5165514945983887,0.6065649390220642,0.48159897327423096,0.4998748004436493,0.5114226341247559,0.4693661630153656,0.45555365085601807,0.6236841678619385,0.39839690923690796,0.4543546438217163,0.3844057321548462,0.5522986650466919,0.6182673573493958,0.5091742277145386,0.6156951785087585,0.5737000107765198,0.641338586807251,0.49712860584259033,0.6300944089889526,0.5713090896606445,0.7211445569992065,0.49518823623657227,0.7260420322418213
139,0.524910032749176,0.4950934052467346,0.5634633302688599,0.5160402059555054,0.6041426658630371,0.4688549041748047,0.49513566493988037,0.5122820138931274,0.46899136900901794,0.4579463005065918,0.6240885257720947,0.39647984504699707,0.45178741216659546,0.3848099112510681,0.5491124987602234,0.6210772395133972,0.5064325332641602,0.6189046502113342,0.5720361471176147,0.6419121623039246,0.5006566643714905,0.6293237209320068,0.571109414100647,0.7215194702148438,0.4923097491264343,0.7231964468955994
140,0.5250546932220459,0.4902759790420532,0.5590638518333435,0.5210146903991699,0.6029912233352661,0.4861084818840027,0.49863022565841675,0.5143194198608398,0.4692556858062744,0.4542658030986786,0.6220110654830933,0.4016270637512207,0.45347830653190613,0.3856605291366577,0.5463768243789673,0.6235733032226562,0.5040638446807861,0.6215963959693909,0.5716028213500977,0.644020676612854,0.5030258893966675,0.631339430809021,0.5732365846633911,0.7233200073242188,0.49101683497428894,0.7268161177635193
141,0.5269542932510376,0.49327564239501953,0.558276891708374,0.5226619243621826,0.605246901512146,0.4843800961971283,0.5002710819244385,0.516906201839447,0.46854352951049805,0.45751893520355225,0.6208077073097229,0.4052806794643402,0.4522963762283325,0.3904190957546234,0.5485062599182129,0.6217213273048401,0.5065591931343079,0.6196883916854858,0.5748059749603271,0.6481121778488159,0.49963924288749695,0.6368678212165833,0.5713617205619812,0.7260290384292603,0.49231910705566406,0.7283916473388672
142,0.5245549082756042,0.4997682571411133,0.5611175298690796,0.5280702114105225,0.6043288111686707,0.4869093596935272,0.49557816982269287,0.5179506540298462,0.4679374098777771,0.45943090319633484,0.6257896423339844,0.4182061553001404,0.452561616897583,0.3957011103630066,0.5503160953521729,0.6300003528594971,0.5053687691688538,0.6270222067832947,0.573843777179718,0.6503098011016846,0.4986901879310608,0.6396961212158203,0.5754017233848572,0.7286674380302429,0.49125075340270996,0.7288998961448669
143,0.524196207523346,0.5078332424163818,0.563118577003479,0.5313163995742798,0.6016868352890015,0.4902035593986511,0.4963345229625702,0.5231317281723022,0.46678194403648376,0.4747238755226135,0.6225930452346802,0.4164290130138397,0.4536198079586029,0.4032534062862396,0.5514633655548096,0.6365575194358826,0.5072252750396729,0.6343986988067627,0.5722510814666748,0.651949405670166,0.4998219609260559,0.6422975063323975,0.5749378204345703,0.7315316200256348,0.4898539185523987,0.7313101291656494
144,0.5274921655654907,0.5076041221618652,0.5643643140792847,0.5334447622299194,0.6069237589836121,0.5013954043388367,0.4945310056209564,0.5265378355979919,0.46631526947021484,0.4799818694591522,0.6248561143875122,0.4171236455440521,0.44742077589035034,0.412125825881958,0.5563706159591675,0.6426500082015991,0.5114529132843018,0.6389548778533936,0.5752153396606445,0.6498909592628479,0.4986286163330078,0.6376817226409912,0.5762914419174194,0.7287964224815369,0.4896582067012787,0.7279332876205444
145,0.5290682315826416,0.5098138451576233,0.5651109218597412,0.5339562892913818,0.6047905683517456,0.506576657295227,0.49438101053237915,0.5248061418533325,0.46233004331588745,0.4782063364982605,0.6272427439689636,0.4206072688102722,0.44372662901878357,0.4043833613395691,0.5574991703033447,0.6342828273773193,0.5128776431083679,0.6305816173553467,0.5730732083320618,0.6495518684387207,0.5006103515625,0.6353945732116699,0.5771119594573975,0.7273620963096619,0.4891449809074402,0.7271646857261658
146,0.5278162956237793,0.5106099247932434,0.5656936168670654,0.5375862717628479,0.6044431328773499,0.5071027278900146,0.4933745563030243,0.5312522649765015,0.46160680055618286,0.47931742668151855,0.6275531053543091,0.4216882586479187,0.442241907119751,0.40752190351486206,0.5571154952049255,0.6395111083984375,0.5129442811012268,0.6356052160263062,0.5736992955207825,0.651005744934082,0.49937039613723755,0.6351642608642578,0.5771504640579224,0.7294055819511414,0.4880385994911194,0.7312544584274292
147,0.5290718078613281,0.5093100070953369,0.56348717212677,0.5364575386047363,0.6047690510749817,0.5057145357131958,0.49411916732788086,0.5324122905731201,0.4606938362121582,0.49142783880233765,0.6264954805374146,0.42216211557388306,0.4361346960067749,0.4090288579463959,0.5557776689529419,0.6356468796730042,0.5120728015899658,0.6326868534088135,0.5739055275917053,0.6441457867622375,0.5011760592460632,0.6323871612548828,0.5766531825065613,0.7281349897384644,0.48770833015441895,0.7287961840629578
148,0.5293378829956055,0.5105618238449097,0.5631647109985352,0.5380272269248962,0.6050014495849609,0.5063236951828003,0.5019477605819702,0.532136082649231,0.4605000615119934,0.49030566215515137,0.6262516975402832,0.42199259996414185,0.43688905239105225,0.40980052947998047,0.5559754967689514,0.637092649936676,0.512266993522644,0.6342575550079346,0.576170802116394,0.6454342603683472,0.49985262751579285,0.6374781727790833,0.5797199606895447,0.7270001769065857,0.48909682035446167,0.7259928584098816
149,0.5280865430831909,0.508554995059967,0.5614500045776367,0.5343669652938843,0.6036463975906372,0.5077722668647766,0.49387991428375244,0.5312920808792114,0.4630378484725952,0.4916033148765564,0.6265062093734741,0.42334863543510437,0.4370744824409485,0.4121655821800232,0.5533810257911682,0.6295897960662842,0.5112173557281494,0.62791508436203,0.5742191076278687,0.6427782773971558,0.4995311498641968,0.6344473361968994,0.5775169134140015,0.726318359375,0.4890434145927429,0.7258595824241638
150,0.5288852453231812,0.5091042518615723,0.5620535612106323,0.5349450707435608,0.6045133471488953,0.5072243213653564,0.4947603940963745,0.5321645736694336,0.4633641242980957,0.49143946170806885,0.6289613842964172,0.4220338463783264,0.4372170865535736,0.4118471145629883,0.5546398162841797,0.6309109926223755,0.5120329856872559,0.6288958191871643,0.5745232105255127,0.6427645683288574,0.5000582933425903,0.6335791349411011,0.5783047676086426,0.7245745062828064,0.48952779173851013,0.7252629995346069
151,0.5285684466362,0.509563684463501,0.563277006149292,0.5352893471717834,0.6048991084098816,0.5062636137008667,0.4948018193244934,0.5333604216575623,0.46410036087036133,0.4924233555793762,0.6264782547950745,0.4223521649837494,0.43698522448539734,0.4126013517379761,0.5567570328712463,0.6335972547531128,0.5125640034675598,0.6312589049339294,0.5750487446784973,0.6447473764419556,0.5009395480155945,0.6349261403083801,0.5788446068763733,0.724679708480835,0.4896112382411957,0.7254626154899597
152,0.5283240675926208,0.5099443197250366,0.5649672746658325,0.5357323884963989,0.6051986217498779,0.506115198135376,0.49433109164237976,0.5335777997970581,0.45959553122520447,0.49240371584892273,0.6273420453071594,0.4200182855129242,0.43452295660972595,0.409010648727417,0.5572264790534973,0.6360878348350525,0.5130333304405212,0.6332463026046753,0.5753318667411804,0.643854022026062,0.5029474496841431,0.6300098896026611,0.5783018469810486,0.7250624895095825,0.4899015426635742,0.7251054048538208
153,0.5275384783744812,0.5104414224624634,0.5646765828132629,0.5327496528625488,0.6055671572685242,0.5062549114227295,0.49885106086730957,0.5256696939468384,0.4597280025482178,0.4919547438621521,0.6302176117897034,0.4197959303855896,0.43761157989501953,0.40250346064567566,0.5570334196090698,0.6360720992088318,0.5119328498840332,0.6333715319633484,0.5743533372879028,0.6437965631484985,0.5027033090591431,0.6307932138442993,0.5766459703445435,0.7265006899833679,0.4904833734035492,0.7256625890731812
154,0.5274654030799866,0.5025534629821777,0.5634889006614685,0.5299257040023804,0.6015193462371826,0.50614333152771,0.49550172686576843,0.5228292942047119,0.46444231271743774,0.47892409563064575,0.6278437972068787,0.4149629473686218,0.4421008229255676,0.40319645404815674,0.5553983449935913,0.6308078765869141,0.5121973752975464,0.6292639374732971,0.5757639408111572,0.6478878259658813,0.5008742213249207,0.6373804211616516,0.5754944682121277,0.7300249338150024,0.48839306831359863,0.730517566204071
155,0.5255374908447266,0.5040909647941589,0.5617721080780029,0.5306460857391357,0.6046638488769531,0.5028350353240967,0.492384672164917,0.5208766460418701,0.46259233355522156,0.47640901803970337,0.626345157623291,0.41442713141441345,0.44033610820770264,0.4010562598705292,0.5522067546844482,0.6321997046470642,0.508765697479248,0.6300886869430542,0.5769503116607666,0.6498709321022034,0.5005724430084229,0.6381683945655823,0.5762094259262085,0.7299839854240417,0.4896774888038635,0.7294474840164185
156,0.5295944213867188,0.5093927383422852,0.5653531551361084,0.5287243723869324,0.6027699708938599,0.5011332035064697,0.49806445837020874,0.5197031497955322,0.46982401609420776,0.4849402904510498,0.6264835596084595,0.4152704179286957,0.4432066082954407,0.4020167291164398,0.5528296232223511,0.6355433464050293,0.5072424411773682,0.632473349571228,0.5787554979324341,0.6513321995735168,0.49652203917503357,0.6422514915466309,0.5760089159011841,0.7293827533721924,0.48810991644859314,0.7283954620361328
157,0.5250912308692932,0.4816250503063202,0.5619820356369019,0.5099924802780151,0.6069332361221313,0.4661073386669159,0.4939379394054413,0.5056509375572205,0.4615163207054138,0.47322893142700195,0.6249120235443115,0.4050455689430237,0.4431370496749878,0.39122456312179565,0.5526131391525269,0.6266129016876221,0.5051072835922241,0.6238563060760498,0.5751254558563232,0.6455180048942566,0.495219886302948,0.6323099732398987,0.5740628838539124,0.7250916361808777,0.4908822476863861,0.727566123008728
158,0.5242782831192017,0.47391277551651,0.5612128973007202,0.4999196231365204,0.6037628054618835,0.4680168628692627,0.4908778667449951,0.5002509951591492,0.4663988947868347,0.4629175364971161,0.6247888207435608,0.39295560121536255,0.44461381435394287,0.38626736402511597,0.5501003861427307,0.6174010038375854,0.5024698972702026,0.6153141260147095,0.5772311091423035,0.6413704752922058,0.4963202476501465,0.6302756071090698,0.5731118321418762,0.7223012447357178,0.4902414083480835,0.7211211919784546
159,0.5311300754547119,0.47561296820640564,0.5597907900810242,0.49715206027030945,0.6053901314735413,0.4662267565727234,0.49615153670310974,0.4998053014278412,0.46886223554611206,0.4769042134284973,0.6238025426864624,0.395210325717926,0.4448716342449188,0.3806201219558716,0.5455437898635864,0.6138559579849243,0.5036343336105347,0.6130944490432739,0.5774576663970947,0.6459881067276001,0.5007323026657104,0.630943238735199,0.5727465748786926,0.7261484861373901,0.4880046248435974,0.7272034883499146
160,0.5329087972640991,0.47208893299102783,0.5647922158241272,0.5004307627677917,0.6037740707397461,0.4669920802116394,0.5000410079956055,0.49571847915649414,0.47055333852767944,0.45697903633117676,0.6246917843818665,0.39337003231048584,0.4466066360473633,0.37721437215805054,0.5453115701675415,0.6130331754684448,0.5017154216766357,0.6127132177352905,0.5742821097373962,0.6402178406715393,0.5028504729270935,0.6292734146118164,0.5749026536941528,0.7286469340324402,0.4881291389465332,0.729404628276825
161,0.5330556631088257,0.465701699256897,0.5622670650482178,0.4944785237312317,0.6087482571601868,0.4552362561225891,0.5014192461967468,0.4911652207374573,0.4700642228126526,0.45342180132865906,0.6254286170005798,0.3899807929992676,0.4469963014125824,0.37564370036125183,0.5463333129882812,0.6066954135894775,0.5033330321311951,0.6059998273849487,0.5748904943466187,0.6379173994064331,0.5020951628684998,0.6290557384490967,0.5716524124145508,0.7254106998443604,0.48755693435668945,0.7217389941215515
162,0.5326592326164246,0.4622240662574768,0.559115469455719,0.49083706736564636,0.6063334345817566,0.44752174615859985,0.4975918233394623,0.4873459041118622,0.46805036067962646,0.44487690925598145,0.6265461444854736,0.3871726393699646,0.4438179135322571,0.37211093306541443,0.5458780527114868,0.6055288314819336,0.5040639638900757,0.6050593852996826,0.5733742117881775,0.6421358585357666,0.5020846724510193,0.6331219673156738,0.5726029872894287,0.7240493297576904,0.48625677824020386,0.727353572845459
163,0.534420371055603,0.45269763469696045,0.561703085899353,0.47786206007003784,0.6063253283500671,0.4133615493774414,0.501976728439331,0.4800381362438202,0.47330746054649353,0.4166371822357178,0.6333407163619995,0.3730762004852295,0.44503384828567505,0.35299381613731384,0.5479380488395691,0.594695508480072,0.5034635066986084,0.5922535061836243,0.5745402574539185,0.6444828510284424,0.5039652585983276,0.6300721168518066,0.5737645626068115,0.7285029888153076,0.486111044883728,0.7291351556777954
164,0.5321475863456726,0.45071935653686523,0.5636763572692871,0.47716253995895386,0.6041174530982971,0.41090238094329834,0.49525243043899536,0.47441622614860535,0.47100457549095154,0.405424565076828,0.6297174692153931,0.3545646667480469,0.44405680894851685,0.3462394177913666,0.5441564321517944,0.5877916216850281,0.4982549846172333,0.5869232416152954,0.5718393921852112,0.6327230930328369,0.5045858025550842,0.6265137195587158,0.571841835975647,0.7225956916809082,0.4869248569011688,0.7275987863540649
165,0.5330929160118103,0.43221884965896606,0.55901038646698,0.4584372043609619,0.605015754699707,0.3986694812774658,0.4954274296760559,0.4579612910747528,0.4659613370895386,0.3964589834213257,0.6322755813598633,0.342214435338974,0.44537803530693054,0.33198392391204834,0.5458386540412903,0.5792640447616577,0.5004562139511108,0.5790681838989258,0.5761518478393555,0.6333093643188477,0.4937680959701538,0.6301118731498718,0.5764219760894775,0.7219812273979187,0.4874279499053955,0.7289999723434448
166,0.5337984561920166,0.42228204011917114,0.5647714138031006,0.4551118016242981,0.6070269346237183,0.39361879229545593,0.4944835305213928,0.45435482263565063,0.46555840969085693,0.39017993211746216,0.6293278932571411,0.3296141028404236,0.4403775930404663,0.32308971881866455,0.5502438545227051,0.5769533514976501,0.5015751123428345,0.576897144317627,0.5784319639205933,0.6319438219070435,0.488517165184021,0.6330145001411438,0.5766739249229431,0.7239522337913513,0.48712942004203796,0.7300495505332947
167,0.5331939458847046,0.4139869809150696,0.5633029937744141,0.44838544726371765,0.6057656407356262,0.38869333267211914,0.49433332681655884,0.45152151584625244,0.46665263175964355,0.3906562328338623,0.6273966431617737,0.3316182494163513,0.44475191831588745,0.32297396659851074,0.551539421081543,0.5747057199478149,0.5013893842697144,0.5758149027824402,0.5772320032119751,0.6329708695411682,0.489886611700058,0.6300835609436035,0.5752049684524536,0.7214559316635132,0.4854496717453003,0.7293815612792969
168,0.5317215919494629,0.4057613015174866,0.5599862337112427,0.44396036863327026,0.602085530757904,0.38430845737457275,0.4963064193725586,0.44486698508262634,0.46931958198547363,0.38819658756256104,0.6236299276351929,0.31091925501823425,0.45024245977401733,0.3155771791934967,0.5494737029075623,0.5638376474380493,0.500338077545166,0.5631797909736633,0.5727794170379639,0.6303327083587646,0.4868212938308716,0.6270447373390198,0.5728979110717773,0.7243621349334717,0.48218604922294617,0.7286681532859802
169,0.531423807144165,0.40434473752975464,0.5603654384613037,0.43655234575271606,0.6016054153442383,0.37166255712509155,0.49496567249298096,0.4368593096733093,0.4728713035583496,0.3646894097328186,0.6260203123092651,0.30729609727859497,0.44472190737724304,0.30124837160110474,0.5498928427696228,0.5622431635856628,0.4987562596797943,0.5615650415420532,0.5712275505065918,0.6302354335784912,0.48706576228141785,0.6265178918838501,0.5720988512039185,0.7240092158317566,0.48152801394462585,0.728460431098938
170,0.5308337211608887,0.39962446689605713,0.5665069222450256,0.43559128046035767,0.6050238609313965,0.3666456639766693,0.4927619695663452,0.43641576170921326,0.46739089488983154,0.36223265528678894,0.6204450726509094,0.3008689284324646,0.44385820627212524,0.2940055727958679,0.5529484152793884,0.5565496683120728,0.4997277855873108,0.5558608174324036,0.5685409903526306,0.6260033845901489,0.48682910203933716,0.6260513663291931,0.5695420503616333,0.7215752005577087,0.4816414713859558,0.7263652086257935
171,0.5283375382423401,0.394611120223999,0.5615881681442261,0.42879554629325867,0.6053309440612793,0.36764809489250183,0.4918089807033539,0.4306821823120117,0.4672326445579529,0.3676183819770813,0.6219531297683716,0.2970561385154724,0.4415663182735443,0.29140615463256836,0.5517903566360474,0.5549106597900391,0.4996655583381653,0.5546192526817322,0.5645354390144348,0.6258794069290161,0.4874609410762787,0.6213874220848083,0.5693126916885376,0.721085250377655,0.48195821046829224,0.7271612882614136
172,0.527938723564148,0.3877052664756775,0.5605944395065308,0.4226599931716919,0.6014875173568726,0.36135852336883545,0.49250099062919617,0.4254027009010315,0.47306594252586365,0.35811647772789,0.6206262111663818,0.2932245433330536,0.4417618215084076,0.2829732596874237,0.5469805002212524,0.5530223846435547,0.4985988736152649,0.551260769367218,0.5609983205795288,0.6280520558357239,0.48784875869750977,0.623256266117096,0.5679010152816772,0.7214794158935547,0.4838744103908539,0.7261156439781189
173,0.5259131193161011,0.37977147102355957,0.5596726536750793,0.4104435443878174,0.5990794897079468,0.3523135185241699,0.5019638538360596,0.41473478078842163,0.4812562167644501,0.35176146030426025,0.6224302649497986,0.29038065671920776,0.4398077130317688,0.2834692895412445,0.5518300533294678,0.5393289923667908,0.5034676790237427,0.5388856530189514,0.5677905082702637,0.6335981488227844,0.48484358191490173,0.6261528730392456,0.5679521560668945,0.7217334508895874,0.4850693345069885,0.7271085977554321
174,0.5262202024459839,0.37697917222976685,0.5612398982048035,0.3960164785385132,0.5976376533508301,0.3420475423336029,0.4991268515586853,0.40542441606521606,0.4738157391548157,0.3372209966182709,0.6222031116485596,0.2734537124633789,0.44033193588256836,0.2744509279727936,0.5509698390960693,0.5296759605407715,0.5022798776626587,0.5291444063186646,0.5676578283309937,0.6275690793991089,0.4869815707206726,0.6204479932785034,0.5657138824462891,0.7185790538787842,0.4841279685497284,0.725915789604187
175,0.5276310443878174,0.37334156036376953,0.5602148771286011,0.3970164656639099,0.6003979444503784,0.3442944884300232,0.49973973631858826,0.4064343571662903,0.481569766998291,0.3372972011566162,0.6223174333572388,0.27192461490631104,0.44215506315231323,0.27488985657691956,0.549908459186554,0.5260371565818787,0.5021257400512695,0.5259386301040649,0.5664555430412292,0.6220351457595825,0.48830336332321167,0.6150690317153931,0.567564845085144,0.7157046794891357,0.48605674505233765,0.7271500825881958
176,0.5301451683044434,0.35873088240623474,0.5620220899581909,0.38499003648757935,0.5948261022567749,0.3238745927810669,0.49294278025627136,0.38694220781326294,0.4817233681678772,0.3282291889190674,0.6198673248291016,0.25772589445114136,0.44465047121047974,0.2599906325340271,0.5550528764724731,0.5217317342758179,0.5053210854530334,0.5172172784805298,0.5691249966621399,0.6198254823684692,0.4906690716743469,0.6098127961158752,0.5671330690383911,0.7183394432067871,0.48677825927734375,0.7235664129257202
177,0.5298540592193604,0.3527359664440155,0.5618705749511719,0.3770647644996643,0.5916589498519897,0.32334306836128235,0.4940072000026703,0.38298386335372925,0.477590411901474,0.32289183139801025,0.618187427520752,0.25717785954475403,0.44690272212028503,0.2529863119125366,0.5531643033027649,0.5171720385551453,0.5042052268981934,0.5148687362670898,0.5679550766944885,0.6231125593185425,0.48808854818344116,0.6138917207717896,0.5646447539329529,0.7209760546684265,0.4868752956390381,0.7251768112182617
178,0.5296659469604492,0.3474964499473572,0.5602068305015564,0.37535423040390015,0.5923558473587036,0.3183943033218384,0.5007455348968506,0.3828955292701721,0.48715895414352417,0.3238653540611267,0.6150701642036438,0.2532983124256134,0.4508640766143799,0.25407499074935913,0.5512441396713257,0.5189198851585388,0.5033618807792664,0.5158759355545044,0.5654407143592834,0.6234351992607117,0.4874372184276581,0.6151353120803833,0.5630166530609131,0.7231488227844238,0.4866775870323181,0.7262370586395264
179,0.5321455001831055,0.3429827094078064,0.5587376952171326,0.37170347571372986,0.59427809715271,0.32010018825531006,0.49887213110923767,0.37882059812545776,0.4789196848869324,0.32476478815078735,0.6145287752151489,0.2513125538825989,0.4466315507888794,0.25580745935440063,0.5516353249549866,0.5166202783584595,0.5050852298736572,0.5150367021560669,0.559623122215271,0.6161493062973022,0.49191707372665405,0.6077178120613098,0.5641031265258789,0.7219707369804382,0.48608431220054626,0.7219626307487488
180,0.5314862132072449,0.33864066004753113,0.5651021599769592,0.37891995906829834,0.5855358242988586,0.3197147846221924,0.49607476592063904,0.37740859389305115,0.4875131845474243,0.33280038833618164,0.6136529445648193,0.24739210307598114,0.4579493999481201,0.25668418407440186,0.5462740063667297,0.5142557621002197,0.5020986795425415,0.5128942728042603,0.5704624652862549,0.6170748472213745,0.4886876344680786,0.612113356590271,0.5695865154266357,0.7262101173400879,0.4906625747680664,0.7287507057189941
181,0.5343819856643677,0.3358989655971527,0.5557287931442261,0.3754383325576782,0.5917114019393921,0.31743860244750977,0.4977435767650604,0.3781247138977051,0.48553770780563354,0.33465486764907837,0.6153956651687622,0.24480953812599182,0.4572739601135254,0.2551715075969696,0.5485186576843262,0.5161144137382507,0.501514732837677,0.5152509212493896,0.5636836290359497,0.6149950623512268,0.4922589659690857,0.6121219396591187,0.5651885271072388,0.7206820845603943,0.4919688105583191,0.7272201776504517
182,0.5358566045761108,0.3356640338897705,0.5556741952896118,0.3733314871788025,0.5986359119415283,0.3061281442642212,0.49357467889785767,0.37487170100212097,0.4855254590511322,0.32536381483078003,0.6126909255981445,0.24073456227779388,0.45811402797698975,0.24973945319652557,0.548053503036499,0.5128360986709595,0.5000818967819214,0.5120354294776917,0.5640757083892822,0.6129854321479797,0.49138492345809937,0.6120271682739258,0.5628882646560669,0.7193657159805298,0.48881861567497253,0.7267197966575623
183,0.5339964628219604,0.33431535959243774,0.5561957955360413,0.37519869208335876,0.5979625582695007,0.3080364465713501,0.49496978521347046,0.3760320842266083,0.48773735761642456,0.3241165578365326,0.6137176752090454,0.23951756954193115,0.459100604057312,0.2504100203514099,0.5479795932769775,0.512810230255127,0.5009889602661133,0.512141227722168,0.5657326579093933,0.6150089502334595,0.49240919947624207,0.6123911142349243,0.5637574791908264,0.7185418009757996,0.4892664849758148,0.7263678908348083
184,0.5320285558700562,0.33057931065559387,0.5583271980285645,0.37033092975616455,0.599224328994751,0.3043026924133301,0.49388977885246277,0.37052470445632935,0.48659902811050415,0.32421761751174927,0.6128911972045898,0.23891937732696533,0.4579460024833679,0.25034627318382263,0.5471357107162476,0.5124533176422119,0.4999643564224243,0.5117694735527039,0.5629919171333313,0.6139436960220337,0.4982271194458008,0.6113470792770386,0.5660331845283508,0.7164797782897949,0.4878781735897064,0.7230677008628845
185,0.5312591791152954,0.32890385389328003,0.558824896812439,0.36777907609939575,0.5993432998657227,0.3071209490299225,0.49432072043418884,0.3678816258907318,0.48682522773742676,0.3248891532421112,0.6132545471191406,0.2415439337491989,0.4578944146633148,0.2492167055606842,0.5499622225761414,0.5126550793647766,0.5012776255607605,0.5119598507881165,0.5641248226165771,0.6167057156562805,0.4946051239967346,0.6140764355659485,0.5648543834686279,0.7179111242294312,0.48661860823631287,0.7244237661361694
186,0.5314227938652039,0.3293646574020386,0.5595924854278564,0.3696839511394501,0.5999000072479248,0.3075627088546753,0.49465808272361755,0.36932480335235596,0.4876013696193695,0.32437166571617126,0.6120943427085876,0.24287283420562744,0.4578295648097992,0.24671348929405212,0.5499643683433533,0.5116925239562988,0.4996917247772217,0.5117248296737671,0.560921311378479,0.6155902147293091,0.4971333146095276,0.6134999394416809,0.5628293752670288,0.7171945571899414,0.48914891481399536,0.7238454818725586
187,0.5326747298240662,0.3304397165775299,0.5606931447982788,0.36914366483688354,0.5982538461685181,0.3102341294288635,0.4948838949203491,0.3688236176967621,0.48694682121276855,0.3240482211112976,0.6117540001869202,0.2401440590620041,0.45690733194351196,0.24425533413887024,0.5498554706573486,0.5089129209518433,0.4997020661830902,0.5086877346038818,0.5584297180175781,0.6167510747909546,0.49713024497032166,0.6140060424804688,0.5612796545028687,0.7173033952713013,0.4884832501411438,0.7233983874320984
188,0.5372875928878784,0.33424288034439087,0.5623681545257568,0.36867618560791016,0.5999678373336792,0.3086038827896118,0.49410563707351685,0.36882495880126953,0.4881741404533386,0.3219749629497528,0.6108562350273132,0.22958241403102875,0.4589460790157318,0.2425568550825119,0.5501502156257629,0.5108387470245361,0.4985140264034271,0.5102919936180115,0.5626398324966431,0.6205593943595886,0.4968937635421753,0.6179906725883484,0.5670216083526611,0.716270923614502,0.4889219403266907,0.7259575128555298
189,0.5358178615570068,0.3323372006416321,0.5620567798614502,0.36906036734580994,0.5977959036827087,0.30750226974487305,0.49489641189575195,0.37068748474121094,0.4887111186981201,0.3205605447292328,0.6099034547805786,0.226795494556427,0.4588284194469452,0.24003338813781738,0.5494775772094727,0.5156629085540771,0.4981163442134857,0.5149091482162476,0.5561373233795166,0.6171131134033203,0.49890169501304626,0.6175088286399841,0.5642447471618652,0.7115678787231445,0.4878607988357544,0.7259894609451294
190,0.533179759979248,0.33125507831573486,0.5607483386993408,0.36863940954208374,0.5951324701309204,0.30681702494621277,0.4939163327217102,0.37013646960258484,0.4867649972438812,0.3204661011695862,0.6067385673522949,0.2240762710571289,0.46069544553756714,0.2358075976371765,0.5484129786491394,0.5160365104675293,0.49729734659194946,0.5150484442710876,0.5535945892333984,0.6170647144317627,0.49845120310783386,0.6163489818572998,0.5629822611808777,0.7125058174133301,0.48692482709884644,0.7249859571456909
191,0.5338075757026672,0.3288698196411133,0.5631073713302612,0.36498913168907166,0.5969432592391968,0.29973676800727844,0.49955564737319946,0.37276822328567505,0.48789340257644653,0.31730780005455017,0.6059668064117432,0.21704110503196716,0.45931240916252136,0.2335725724697113,0.5507552623748779,0.5186141133308411,0.49674996733665466,0.517243504524231,0.5549756288528442,0.6167811155319214,0.49904388189315796,0.6163731813430786,0.5638208985328674,0.7118796706199646,0.4887804687023163,0.7265571355819702
192,0.5359439849853516,0.3259917199611664,0.5658199787139893,0.3637619614601135,0.5893168449401855,0.3032148778438568,0.49862897396087646,0.36665910482406616,0.48175233602523804,0.30264827609062195,0.6104710698127747,0.2227874994277954,0.45815610885620117,0.22896507382392883,0.5497443079948425,0.5037675499916077,0.49602386355400085,0.5031207799911499,0.5515700578689575,0.6105772256851196,0.4960138499736786,0.6122876405715942,0.562805712223053,0.7143245935440063,0.4874381721019745,0.7265167236328125
193,0.535483717918396,0.32621291279792786,0.5661389827728271,0.3621295690536499,0.5917469263076782,0.29477235674858093,0.49789828062057495,0.3688337504863739,0.4840853810310364,0.2990347146987915,0.6104285717010498,0.21899966895580292,0.45960527658462524,0.22945809364318848,0.5502558946609497,0.5096860527992249,0.49634164571762085,0.5090703368186951,0.5503517985343933,0.6138906478881836,0.4966980814933777,0.6150213479995728,0.5636447668075562,0.711739718914032,0.48764073848724365,0.7248525023460388
194,0.5342679023742676,0.3243161141872406,0.5635954141616821,0.3583650588989258,0.5917450189590454,0.28583478927612305,0.49546298384666443,0.3668075203895569,0.4817410111427307,0.29659029841423035,0.6056613922119141,0.21600791811943054,0.4591003358364105,0.22930388152599335,0.551984429359436,0.5084457397460938,0.49748289585113525,0.5081468224525452,0.5538756847381592,0.6114636659622192,0.49840983748435974,0.6137388348579407,0.5645802617073059,0.709948718547821,0.4882507026195526,0.7239930033683777
195,0.5347621440887451,0.3245430588722229,0.5653526782989502,0.35880768299102783,0.5913923382759094,0.2882043123245239,0.49525508284568787,0.3670104444026947,0.48076337575912476,0.2969468832015991,0.6048479080200195,0.21689936518669128,0.4594024121761322,0.23075614869594574,0.5509056448936462,0.5087281465530396,0.4962882399559021,0.5086902379989624,0.5525750517845154,0.6118091344833374,0.4982658624649048,0.6148084402084351,0.5643515586853027,0.7095973491668701,0.487352579832077,0.7231864929199219
196,0.5360034704208374,0.32558947801589966,0.568115234375,0.3628841042518616,0.5915340185165405,0.29012852907180786,0.49854981899261475,0.36837515234947205,0.483746737241745,0.300693154335022,0.6064242124557495,0.22048571705818176,0.4619072675704956,0.23141273856163025,0.54963219165802,0.5083943605422974,0.4960416555404663,0.508854329586029,0.550040066242218,0.6121746897697449,0.49837204813957214,0.6146872043609619,0.5646633505821228,0.7097801566123962,0.4875248074531555,0.7259663939476013
197,0.5365728139877319,0.326498806476593,0.5683995485305786,0.36103731393814087,0.5939194560050964,0.2914058268070221,0.49990594387054443,0.3684448003768921,0.48318108916282654,0.30066248774528503,0.6056352257728577,0.22145763039588928,0.4548738896846771,0.231507807970047,0.55134117603302,0.5115721821784973,0.49711355566978455,0.5115480422973633,0.5561036467552185,0.6126954555511475,0.4985036849975586,0.6127705574035645,0.5660412907600403,0.7100219130516052,0.4896063208580017,0.7245502471923828
198,0.5360859632492065,0.32737138867378235,0.566814661026001,0.3624245524406433,0.5952889919281006,0.2998412251472473,0.5018446445465088,0.36706075072288513,0.4830256700515747,0.3010246157646179,0.6061713099479675,0.22464530169963837,0.4550958275794983,0.23361507058143616,0.5479220151901245,0.5090192556381226,0.49596354365348816,0.5089066028594971,0.5532498955726624,0.6126146912574768,0.49562007188796997,0.6110812425613403,0.565645694732666,0.7083837389945984,0.487417995929718,0.7178330421447754
199,0.5363471508026123,0.329922616481781,0.5679752230644226,0.36447227001190186,0.59731525182724,0.3016546964645386,0.4949653744697571,0.365578293800354,0.48571476340293884,0.3055584132671356,0.6067894697189331,0.22995838522911072,0.4506099224090576,0.24059472978115082,0.5480997562408447,0.505150318145752,0.4964664876461029,0.5048589706420898,0.5585680603981018,0.611035168170929,0.49706530570983887,0.6074153184890747,0.567583441734314,0.7071861028671265,0.48798632621765137,0.7158375978469849
200,0.5374287366867065,0.32939040660858154,0.5682826042175293,0.36518701910972595,0.5984804630279541,0.30096933245658875,0.49772292375564575,0.36484968662261963,0.48626869916915894,0.3038586676120758,0.6101879477500916,0.2318640947341919,0.46114015579223633,0.24565395712852478,0.5481853485107422,0.5024091005325317,0.49716299772262573,0.5022068023681641,0.559242844581604,0.6114493608474731,0.4967247247695923,0.6066491603851318,0.5677955150604248,0.7078226804733276,0.48720288276672363,0.7159459590911865
201,0.5366008281707764,0.3270317316055298,0.5684088468551636,0.3624285161495209,0.5982621312141418,0.2997581958770752,0.503334641456604,0.362985223531723,0.4857846200466156,0.3046998977661133,0.6085512638092041,0.23073945939540863,0.4625495672225952,0.2427530735731125,0.5484496355056763,0.5022680759429932,0.4964805245399475,0.5015694499015808,0.556255042552948,0.6098499298095703,0.4950038194656372,0.6063695549964905,0.5679111480712891,0.7052865028381348,0.4873177707195282,0.7151414155960083
202,0.5358433723449707,0.3279612362384796,0.5681667923927307,0.36666184663772583,0.5994588136672974,0.3002600073814392,0.4965522289276123,0.36593085527420044,0.48570311069488525,0.30667978525161743,0.6097668409347534,0.23453226685523987,0.45294615626335144,0.24193677306175232,0.5476221442222595,0.5039403438568115,0.4969208836555481,0.502583384513855,0.5565281510353088,0.6116308569908142,0.4926343858242035,0.6089873909950256,0.5656849145889282,0.7085070610046387,0.4863846004009247,0.7166498899459839
203,0.5354034900665283,0.32537904381752014,0.5660580396652222,0.36564430594444275,0.5992488861083984,0.30271947383880615,0.5029377937316895,0.3674364686012268,0.4855329990386963,0.30691275000572205,0.6083759665489197,0.23872557282447815,0.45574551820755005,0.24079005420207977,0.54767906665802,0.5036494731903076,0.49743497371673584,0.5024330019950867,0.5588493943214417,0.6114403009414673,0.4928828179836273,0.6093791723251343,0.565748929977417,0.7089523077011108,0.4862499237060547,0.716582179069519
204,0.5324676036834717,0.33036017417907715,0.5641849040985107,0.36537855863571167,0.597301185131073,0.3020848333835602,0.5032216310501099,0.36877402663230896,0.49449652433395386,0.3208245635032654,0.6098030209541321,0.24535880982875824,0.4490722417831421,0.24279481172561646,0.5471351742744446,0.5036827325820923,0.497782826423645,0.5025874376296997,0.5549860000610352,0.6106553077697754,0.49502846598625183,0.6049774289131165,0.5653840899467468,0.7148268222808838,0.4865463674068451,0.7218822836875916
205,0.5366449356079102,0.3265881836414337,0.5681783556938171,0.36669549345970154,0.59903883934021,0.30647921562194824,0.49886131286621094,0.36370617151260376,0.49230751395225525,0.32124149799346924,0.6142303943634033,0.24176645278930664,0.451749324798584,0.2449522465467453,0.5454638004302979,0.5027915239334106,0.4964084327220917,0.5022012591362,0.5501152276992798,0.6108847856521606,0.4941519498825073,0.6052863597869873,0.5629962682723999,0.7142409086227417,0.48602014780044556,0.7222011089324951
206,0.5356511473655701,0.3259769678115845,0.5669692158699036,0.36636883020401,0.5992050170898438,0.3070460855960846,0.4976719617843628,0.3631826341152191,0.49065038561820984,0.3218904137611389,0.6143934726715088,0.24097195267677307,0.45136758685112,0.24398252367973328,0.5457580089569092,0.5020972490310669,0.49664682149887085,0.5013381838798523,0.5515575408935547,0.6101238131523132,0.49422943592071533,0.6053892374038696,0.5637104511260986,0.7136935591697693,0.48658937215805054,0.7225680351257324
207,0.5353299379348755,0.32562851905822754,0.5667867660522461,0.3660600781440735,0.6009430885314941,0.30765217542648315,0.4972674548625946,0.36321017146110535,0.48845434188842773,0.3207104206085205,0.6152621507644653,0.24137505888938904,0.4513321816921234,0.243085116147995,0.5459668040275574,0.5033552646636963,0.4968372583389282,0.5024412870407104,0.5532234907150269,0.6110601425170898,0.49440938234329224,0.6055052876472473,0.5639134645462036,0.7144851684570312,0.48679596185684204,0.7228479385375977
208,0.5357789993286133,0.32651978731155396,0.5669512748718262,0.3672820031642914,0.6008161306381226,0.3069160282611847,0.49718913435935974,0.3645056188106537,0.4831963777542114,0.3125280737876892,0.615774393081665,0.2410736382007599,0.4529385268688202,0.2425108402967453,0.5460153222084045,0.5040280818939209,0.49665379524230957,0.5029582977294922,0.5524877905845642,0.6110557317733765,0.4943142533302307,0.605457067489624,0.5639994740486145,0.7146748900413513,0.4865496754646301,0.7224449515342712
209,0.5376766920089722,0.32584160566329956,0.5673425197601318,0.36577579379081726,0.6019355058670044,0.3046196401119232,0.49696335196495056,0.3624013066291809,0.4826938807964325,0.3131328225135803,0.6142467260360718,0.23988929390907288,0.462146133184433,0.24335762858390808,0.5470023155212402,0.5017207860946655,0.4972901940345764,0.5002927780151367,0.5512704849243164,0.6110138893127441,0.49437201023101807,0.6060729026794434,0.5637430548667908,0.7140114307403564,0.486910343170166,0.7221026420593262
210,0.5391191840171814,0.324363112449646,0.5676431655883789,0.36380481719970703,0.6038903594017029,0.3005720376968384,0.4964523911476135,0.3600296676158905,0.4803931415081024,0.3074072301387787,0.6150262355804443,0.2324637770652771,0.45876142382621765,0.24190470576286316,0.5474681854248047,0.502240777015686,0.49701815843582153,0.49995964765548706,0.5540803074836731,0.6112108826637268,0.49410364031791687,0.6063480377197266,0.5645164847373962,0.7131794691085815,0.48659080266952515,0.7210761308670044
211,0.541130542755127,0.3201034963130951,0.5689157247543335,0.3639190196990967,0.6166126132011414,0.3076602816581726,0.49986904859542847,0.36357998847961426,0.46531355381011963,0.317796528339386,0.6165728569030762,0.23602919280529022,0.4591604471206665,0.24158351123332977,0.5465431213378906,0.5020382404327393,0.49561378359794617,0.5002790689468384,0.5596505403518677,0.61318439245224,0.4930480718612671,0.6062938570976257,0.5655108690261841,0.7142428755760193,0.4861632287502289,0.7204024195671082
212,0.5389612913131714,0.324666827917099,0.572861909866333,0.36595404148101807,0.6229965686798096,0.31322479248046875,0.5000361204147339,0.3645501732826233,0.4618494212627411,0.3245607614517212,0.6134347319602966,0.23918646574020386,0.45393866300582886,0.2559865415096283,0.5478105545043945,0.5059294700622559,0.49646350741386414,0.5033298134803772,0.5575879216194153,0.6161918640136719,0.4915001094341278,0.6118929982185364,0.564769446849823,0.7149243354797363,0.48521968722343445,0.7226828932762146
213,0.5339791178703308,0.33127784729003906,0.564253032207489,0.36481475830078125,0.6312033534049988,0.33146190643310547,0.48865899443626404,0.3665696382522583,0.43441998958587646,0.3337033689022064,0.6140365600585938,0.254914790391922,0.43671485781669617,0.26343435049057007,0.547529399394989,0.4975681006908417,0.49454209208488464,0.4983718991279602,0.5545864105224609,0.6111937761306763,0.4937988221645355,0.612372100353241,0.567356288433075,0.7102419137954712,0.48824286460876465,0.7267823219299316
214,0.5320945978164673,0.32914599776268005,0.5589461922645569,0.3655324876308441,0.6356953382492065,0.33974120020866394,0.4824084937572479,0.36918291449546814,0.433156818151474,0.3407984972000122,0.6162118315696716,0.27767205238342285,0.4412427842617035,0.27907633781433105,0.5421033501625061,0.4958212077617645,0.49362704157829285,0.49772366881370544,0.5547341108322144,0.6107693910598755,0.48736172914505005,0.6128367185592651,0.5692211389541626,0.7080568075180054,0.4862442910671234,0.7266848087310791
215,0.5357035398483276,0.3277900815010071,0.5623831152915955,0.3721494674682617,0.6366678476333618,0.35255977511405945,0.48852038383483887,0.37661123275756836,0.4263530969619751,0.35422083735466003,0.6095306873321533,0.2896113991737366,0.4394185245037079,0.3029484450817108,0.5373833179473877,0.4908254146575928,0.4926397502422333,0.4938483238220215,0.5590201616287231,0.6050069332122803,0.4908599853515625,0.608513593673706,0.5701098442077637,0.706983745098114,0.4876905381679535,0.7250937819480896
216,0.5431258082389832,0.33341342210769653,0.5669861435890198,0.37606561183929443,0.6396962404251099,0.3623369634151459,0.4885270595550537,0.3776931166648865,0.4229580760002136,0.368099182844162,0.6246038675308228,0.3128693103790283,0.4380185008049011,0.30647575855255127,0.541093111038208,0.5002014636993408,0.4947729706764221,0.5030981302261353,0.559482216835022,0.6122725605964661,0.4939144551753998,0.6080187559127808,0.5713644027709961,0.7165307998657227,0.4912293553352356,0.7295445203781128
217,0.5336374044418335,0.3349137306213379,0.563101053237915,0.3727618455886841,0.6220546960830688,0.3902415931224823,0.48421424627304077,0.3771628141403198,0.4292638897895813,0.39737313985824585,0.6253662705421448,0.36181700229644775,0.43181678652763367,0.3796754479408264,0.5476971864700317,0.49448347091674805,0.4979502856731415,0.49761268496513367,0.556145966053009,0.6060527563095093,0.503192663192749,0.6053102612495422,0.5717621445655823,0.7048442363739014,0.48930180072784424,0.7200641632080078
218,0.530548095703125,0.3335586190223694,0.5585488080978394,0.3804950416088104,0.611882209777832,0.40327030420303345,0.4791436195373535,0.379006028175354,0.43663355708122253,0.41496214270591736,0.6223983764648438,0.3767009675502777,0.4150516390800476,0.4220843017101288,0.5397682189941406,0.5115747451782227,0.4849846065044403,0.5122814774513245,0.5473206639289856,0.6066609025001526,0.4844699800014496,0.6097636222839355,0.5609203577041626,0.711824893951416,0.4833775460720062,0.725986123085022
219,0.5303342342376709,0.33387982845306396,0.5640648603439331,0.3838014304637909,0.6002369523048401,0.42470282316207886,0.4797872304916382,0.37761375308036804,0.4483756422996521,0.4214937090873718,0.6192580461502075,0.40572434663772583,0.42881184816360474,0.4444980323314667,0.5421261191368103,0.5042003989219666,0.4939257502555847,0.5075583457946777,0.5583252310752869,0.597082257270813,0.49957582354545593,0.6037523150444031,0.5694534778594971,0.7080950736999512,0.4943397045135498,0.7179502844810486
220,0.5317034721374512,0.33101069927215576,0.5646994113922119,0.38367724418640137,0.5926468968391418,0.4323289394378662,0.4881885051727295,0.37396618723869324,0.45742493867874146,0.4393559694290161,0.6009612679481506,0.439003586769104,0.42713499069213867,0.4560438394546509,0.5481243133544922,0.508682131767273,0.49391791224479675,0.506450355052948,0.5589920282363892,0.5974560976028442,0.49772942066192627,0.603636622428894,0.5718374848365784,0.7080328464508057,0.4914137125015259,0.7243289351463318
221,0.5321823954582214,0.32687199115753174,0.5534669160842896,0.378836989402771,0.5898515582084656,0.4369959831237793,0.48823651671409607,0.37285149097442627,0.46637067198753357,0.43226373195648193,0.6021745204925537,0.4395873248577118,0.4424592852592468,0.4688778519630432,0.5486724376678467,0.5103368759155273,0.4950430989265442,0.508185863494873,0.5675417184829712,0.60166335105896,0.49281835556030273,0.6078277826309204,0.5805019736289978,0.7134799957275391,0.49285197257995605,0.7246026396751404
222,0.5329529643058777,0.32610023021698,0.5570864081382751,0.3786991238594055,0.5923988819122314,0.44424694776535034,0.4850413203239441,0.3743823766708374,0.46382230520248413,0.43604952096939087,0.6033927202224731,0.44479161500930786,0.43767842650413513,0.48468101024627686,0.5476058721542358,0.5065951347351074,0.4931887090206146,0.505312979221344,0.5704107880592346,0.6051625609397888,0.5026028156280518,0.6074095964431763,0.5911121368408203,0.7214914560317993,0.49315330386161804,0.7183376550674438
223,0.5343998670578003,0.32781410217285156,0.556831955909729,0.3791514039039612,0.586498498916626,0.4420429468154907,0.484699547290802,0.3737397789955139,0.46466872096061707,0.43422484397888184,0.6016887426376343,0.46591174602508545,0.4360269010066986,0.48468196392059326,0.5465167760848999,0.5060811042785645,0.4918138384819031,0.5039188861846924,0.5755754709243774,0.6094850301742554,0.49330365657806396,0.6085286736488342,0.5918616056442261,0.7211425304412842,0.4909108579158783,0.7190161943435669
224,0.5358920097351074,0.32619309425354004,0.5628055930137634,0.379891037940979,0.5841931700706482,0.4411654472351074,0.4863455891609192,0.3742188811302185,0.46520623564720154,0.4391460418701172,0.5975430607795715,0.4686715602874756,0.44275403022766113,0.49945229291915894,0.5482237339019775,0.5060755610466003,0.4974973201751709,0.5061367750167847,0.5817274451255798,0.6158822178840637,0.4909902811050415,0.6117116212844849,0.6041468381881714,0.7234704494476318,0.48809680342674255,0.7183374762535095
225,0.5395759344100952,0.3275432586669922,0.5668952465057373,0.3796337842941284,0.5871856808662415,0.4341144263744354,0.4858219623565674,0.3728945851325989,0.46479055285453796,0.43466779589653015,0.6028297543525696,0.4719195067882538,0.44411441683769226,0.49541613459587097,0.5512871742248535,0.500992476940155,0.4949433207511902,0.49943405389785767,0.5858974456787109,0.6143909096717834,0.49813947081565857,0.6114870309829712,0.6178677082061768,0.7259237766265869,0.491923987865448,0.7219119071960449
226,0.5523637533187866,0.3258167803287506,0.5756957530975342,0.37190574407577515,0.5923652648925781,0.43052729964256287,0.4972842335700989,0.37446340918540955,0.47326791286468506,0.43968403339385986,0.6093226671218872,0.47279059886932373,0.451900452375412,0.4998060464859009,0.5574320554733276,0.4989031255245209,0.5003893971443176,0.49684497714042664,0.5933653116226196,0.6152239441871643,0.48979729413986206,0.6095092296600342,0.6319995522499084,0.7279679775238037,0.49196577072143555,0.724120020866394
227,0.5600743293762207,0.32229068875312805,0.5817280411720276,0.3712921738624573,0.6012037396430969,0.4299773573875427,0.49554961919784546,0.3695998787879944,0.4713638424873352,0.43554186820983887,0.616013765335083,0.4685423970222473,0.4494187831878662,0.4947119355201721,0.5602453947067261,0.4988926649093628,0.4983271062374115,0.4990403652191162,0.5995672345161438,0.6165221929550171,0.48869848251342773,0.6117463707923889,0.6401773691177368,0.7311480045318604,0.4910663068294525,0.7249380946159363
228,0.5629631280899048,0.3216868042945862,0.580406904220581,0.3729199171066284,0.6067745089530945,0.43246135115623474,0.49926242232322693,0.3680184781551361,0.4757770299911499,0.4304836690425873,0.6262531876564026,0.46455055475234985,0.4537144601345062,0.49704277515411377,0.5600013136863708,0.5005940198898315,0.5025922060012817,0.4950908422470093,0.5967570543289185,0.6021129488945007,0.49116215109825134,0.5976649522781372,0.6420835256576538,0.7296093702316284,0.4902685880661011,0.7232317924499512
229,0.5745638608932495,0.3226940333843231,0.5941393375396729,0.3713890016078949,0.6061810255050659,0.4284539818763733,0.5117232799530029,0.36567971110343933,0.4898146092891693,0.4313915967941284,0.6417856812477112,0.44937312602996826,0.4669630229473114,0.5043054819107056,0.5707674026489258,0.5073878765106201,0.5140187740325928,0.5060339570045471,0.6121503114700317,0.6159833073616028,0.49692338705062866,0.6108071804046631,0.6517194509506226,0.7428916692733765,0.4953310489654541,0.713960587978363
230,0.6001495122909546,0.3186022937297821,0.5968952178955078,0.3653855323791504,0.6139202117919922,0.4276726245880127,0.5170236825942993,0.3512120246887207,0.4928620457649231,0.4308769106864929,0.6612074375152588,0.4586326777935028,0.46660715341567993,0.5079568028450012,0.5759772062301636,0.5027709007263184,0.5167455077171326,0.5000762939453125,0.6147236824035645,0.6257980465888977,0.5033562183380127,0.6165194511413574,0.6515964269638062,0.7433279752731323,0.49361369013786316,0.7159978747367859
231,0.6062862277030945,0.3133951425552368,0.6082575917243958,0.3607870936393738,0.6331300735473633,0.4271857738494873,0.5244482755661011,0.3459321856498718,0.49317261576652527,0.4278462529182434,0.6791000366210938,0.444803923368454,0.4719275236129761,0.4900023639202118,0.5812804698944092,0.50262850522995,0.5194991827011108,0.4990712106227875,0.6272239089012146,0.6198906898498535,0.5054551362991333,0.6127750873565674,0.6595102548599243,0.7468557357788086,0.49315595626831055,0.716626763343811
232,0.6178812384605408,0.30731213092803955,0.6262571811676025,0.3592197299003601,0.6494253873825073,0.4276456832885742,0.5348117351531982,0.34476301074028015,0.5088208913803101,0.4208952784538269,0.6950671076774597,0.45467233657836914,0.4888761043548584,0.47854870557785034,0.5916814804077148,0.5045066475868225,0.5290743112564087,0.5002627372741699,0.6314600706100464,0.628606379032135,0.513411283493042,0.609115719795227,0.6603935360908508,0.7485108375549316,0.4952133297920227,0.7111455202102661
233,0.6163719296455383,0.3018803298473358,0.6417264938354492,0.3614458441734314,0.6589793562889099,0.43021249771118164,0.5418611764907837,0.34079426527023315,0.516838788986206,0.41707324981689453,0.706231951713562,0.45117878913879395,0.49797627329826355,0.47696399688720703,0.6047609448432922,0.501720666885376,0.5349047183990479,0.4991908669471741,0.636039674282074,0.6298508644104004,0.5150411128997803,0.6174030303955078,0.6655644178390503,0.7521275877952576,0.4939146041870117,0.7123739123344421
234,0.6349647641181946,0.30271756649017334,0.6483753323554993,0.3591838479042053,0.6732684969902039,0.42810457944869995,0.5522170662879944,0.339352011680603,0.5314085483551025,0.4162783622741699,0.7124499082565308,0.4439544379711151,0.503415048122406,0.4845498204231262,0.6082167625427246,0.4974216818809509,0.5421855449676514,0.495891273021698,0.6394073963165283,0.6258842945098877,0.5193983912467957,0.6131975650787354,0.6652644872665405,0.754539430141449,0.49530038237571716,0.714784562587738
235,0.648751974105835,0.3008127212524414,0.656183123588562,0.3600057363510132,0.6922056078910828,0.43171426653862,0.5585035085678101,0.33392855525016785,0.5357473492622375,0.41914284229278564,0.7361313104629517,0.44712743163108826,0.5106316804885864,0.47781896591186523,0.6147061586380005,0.4953342378139496,0.547763466835022,0.4932396411895752,0.6418540477752686,0.6315377950668335,0.5253355503082275,0.6116190552711487,0.6666605472564697,0.757114589214325,0.49537336826324463,0.7115906476974487
236,0.6594012975692749,0.3020908832550049,0.6648682951927185,0.35402414202690125,0.6992935538291931,0.428783118724823,0.5660389065742493,0.3301987051963806,0.5400750041007996,0.4169241189956665,0.7515922784805298,0.4461260735988617,0.5127741694450378,0.47935864329338074,0.6202709078788757,0.5046747922897339,0.5534259676933289,0.5008351802825928,0.6472670435905457,0.6306390762329102,0.5304306149482727,0.6130762100219727,0.6656626462936401,0.7543687224388123,0.49948570132255554,0.7118791341781616
237,0.6669375896453857,0.2988508641719818,0.6799230575561523,0.35981589555740356,0.7082812786102295,0.4306991994380951,0.5780215263366699,0.3295634686946869,0.5509279370307922,0.42377644777297974,0.7775143980979919,0.44583868980407715,0.5158545970916748,0.4701710343360901,0.6233233213424683,0.4981819987297058,0.5559980273246765,0.4894014000892639,0.6471782922744751,0.6229342222213745,0.537358283996582,0.5932826995849609,0.6656531691551208,0.7536942362785339,0.513838529586792,0.6860076189041138
238,0.6781720519065857,0.2955116927623749,0.6823446154594421,0.36102116107940674,0.7239799499511719,0.433784544467926,0.5849488973617554,0.32722172141075134,0.5515249371528625,0.41364845633506775,0.7901865243911743,0.4496415853500366,0.5222238302230835,0.47103914618492126,0.6233580112457275,0.4960198402404785,0.5606149435043335,0.4918386936187744,0.6490153074264526,0.6257538795471191,0.5379434823989868,0.5926712155342102,0.664797842502594,0.7535290122032166,0.5124330520629883,0.6976685523986816
239,0.6916329264640808,0.2948223352432251,0.6957272887229919,0.3593108057975769,0.7345725297927856,0.4340202510356903,0.5947701930999756,0.31422069668769836,0.5681353211402893,0.40737706422805786,0.7912728786468506,0.4477488696575165,0.5397679805755615,0.4701824188232422,0.6264320015907288,0.4940517544746399,0.5673418641090393,0.48505017161369324,0.6508487462997437,0.6249843835830688,0.5384191870689392,0.5886584520339966,0.6706393957138062,0.7563816905021667,0.516179621219635,0.6971752643585205
240,0.6962586641311646,0.28333812952041626,0.7124134302139282,0.362662136554718,0.735545814037323,0.42943692207336426,0.6163275837898254,0.31292346119880676,0.5720834732055664,0.39966630935668945,0.8185698986053467,0.45268723368644714,0.553327739238739,0.4583740234375,0.6385316252708435,0.4848540723323822,0.5755205750465393,0.47615301609039307,0.6522859334945679,0.6159975528717041,0.5524070262908936,0.5863105058670044,0.6683903932571411,0.7541975975036621,0.5187002420425415,0.7007514834403992
241,0.7075204253196716,0.28834354877471924,0.7146214842796326,0.36109012365341187,0.7391266226768494,0.42625534534454346,0.6166074872016907,0.31138426065444946,0.5763578414916992,0.399215430021286,0.8215887546539307,0.45129668712615967,0.5520691275596619,0.4603581130504608,0.6404613256454468,0.49317607283592224,0.575144350528717,0.4805619716644287,0.6578992605209351,0.6083190441131592,0.5567551851272583,0.5789564847946167,0.6643207669258118,0.7529582381248474,0.5204203724861145,0.6981040835380554
242,0.7324675917625427,0.2874818742275238,0.7349874973297119,0.3628075122833252,0.7572139501571655,0.43341967463493347,0.6285575032234192,0.3056774139404297,0.5799210071563721,0.39772045612335205,0.8510946035385132,0.4529968202114105,0.5538635849952698,0.46018218994140625,0.6434412598609924,0.50131756067276,0.5760021209716797,0.4907388389110565,0.6527330279350281,0.6260755062103271,0.5571639537811279,0.5882906913757324,0.6628373861312866,0.7520182132720947,0.5207316279411316,0.7001587748527527
243,0.7558647990226746,0.2859002947807312,0.7435102462768555,0.3653460443019867,0.7699594497680664,0.43205246329307556,0.6375523805618286,0.30651095509529114,0.585376501083374,0.39178407192230225,0.8520474433898926,0.4514870047569275,0.5628429055213928,0.45361995697021484,0.633655309677124,0.4996824860572815,0.568760335445404,0.4870346486568451,0.6564786434173584,0.6116737723350525,0.5585919618606567,0.5804300904273987,0.6703704595565796,0.7516602277755737,0.5219779014587402,0.6941802501678467
244,0.7738546133041382,0.28134384751319885,0.7519850134849548,0.35459810495376587,0.7750982046127319,0.42556214332580566,0.6471227407455444,0.29080700874328613,0.5926845669746399,0.3864450454711914,0.8617798686027527,0.4555291533470154,0.5647227764129639,0.4511077404022217,0.6456868052482605,0.48874765634536743,0.5797885060310364,0.4732988476753235,0.6650868654251099,0.6118424534797668,0.5614706873893738,0.5820304751396179,0.6677562594413757,0.7493603229522705,0.5221720933914185,0.7036629915237427
245,0.7745803594589233,0.28092747926712036,0.7580773830413818,0.35614120960235596,0.7768360376358032,0.4260168671607971,0.6514204144477844,0.28972554206848145,0.5964745283126831,0.3842220902442932,0.8611643314361572,0.4548998475074768,0.5686249136924744,0.4475441873073578,0.6459314823150635,0.4945666491985321,0.5801958441734314,0.4777434766292572,0.6633148193359375,0.6071025133132935,0.5700963735580444,0.5727304816246033,0.6708008646965027,0.7510210871696472,0.5314279794692993,0.6974257826805115
246,0.7770330905914307,0.28487128019332886,0.7597286105155945,0.3503651022911072,0.7759549021720886,0.4242170751094818,0.6537489891052246,0.2898661494255066,0.595537006855011,0.38528475165367126,0.8566917777061462,0.45479118824005127,0.5668414831161499,0.4490453004837036,0.6470236778259277,0.4967840313911438,0.581464409828186,0.48369497060775757,0.6580883860588074,0.6054591536521912,0.5710138082504272,0.5822740793228149,0.6646289825439453,0.7482116222381592,0.534438967704773,0.6989445090293884
247,0.7766615748405457,0.28588932752609253,0.7621860504150391,0.35116279125213623,0.7739092707633972,0.4234004616737366,0.6569875478744507,0.2877419590950012,0.5986156463623047,0.3847847878932953,0.859865665435791,0.45553261041641235,0.5688773393630981,0.4476865231990814,0.6559727191925049,0.4994144141674042,0.588240921497345,0.4861791729927063,0.6664541959762573,0.608983039855957,0.5732614994049072,0.5806439518928528,0.6727485656738281,0.7503128051757812,0.5331472158432007,0.7046467065811157
248,0.777655839920044,0.28809136152267456,0.7637144923210144,0.34841209650039673,0.7786222696304321,0.42365139722824097,0.6556035876274109,0.28700658679008484,0.5993601083755493,0.38200217485427856,0.8567888140678406,0.45514732599258423,0.5674051642417908,0.44806426763534546,0.6603482365608215,0.4967382848262787,0.5933865308761597,0.4837804436683655,0.6750996112823486,0.60349041223526,0.5764540433883667,0.5835214257240295,0.6727098822593689,0.7491862773895264,0.5357763767242432,0.7137336730957031
249,0.7709494829177856,0.28173935413360596,0.7645549774169922,0.3514949679374695,0.7769057154655457,0.428009569644928,0.6557577848434448,0.2860081195831299,0.5988038778305054,0.37452131509780884,0.8467626571655273,0.45321810245513916,0.5661292672157288,0.4441596269607544,0.6591329574584961,0.4959498643875122,0.5919684767723083,0.481536865234375,0.6727463603019714,0.5855950117111206,0.5832358598709106,0.5704171657562256,0.6696362495422363,0.7434377074241638,0.545620858669281,0.7120084762573242
250,0.7690863609313965,0.27495282888412476,0.7640842199325562,0.35329490900039673,0.7752768993377686,0.43470463156700134,0.6574140787124634,0.2849638760089874,0.598595142364502,0.376105397939682,0.8417877554893494,0.45508062839508057,0.5709248781204224,0.44684967398643494,0.6610594391822815,0.4952603280544281,0.5927799940109253,0.4799402356147766,0.6692593097686768,0.6008551120758057,0.5878301858901978,0.5763713121414185,0.6659311652183533,0.7428392171859741,0.5477102398872375,0.7068710327148438
251,0.7686390280723572,0.2739673852920532,0.76513671875,0.3511601686477661,0.7748472094535828,0.4374135136604309,0.6585062742233276,0.2849196195602417,0.5988743305206299,0.3752470016479492,0.8383709788322449,0.4551348388195038,0.5685608983039856,0.4448339641094208,0.6616396903991699,0.49268874526023865,0.5948734283447266,0.47543904185295105,0.6686312556266785,0.6010998487472534,0.5902590751647949,0.5800246596336365,0.666327714920044,0.7461716532707214,0.5504741072654724,0.706476628780365
252,0.774062991142273,0.27864229679107666,0.7655799388885498,0.3450969159603119,0.7586612105369568,0.44487687945365906,0.6567084789276123,0.2863651514053345,0.6058076024055481,0.3872065544128418,0.8237433433532715,0.471638560295105,0.5736685395240784,0.45203036069869995,0.6796251535415649,0.493317186832428,0.6069087982177734,0.477120041847229,0.6765653491020203,0.5940824747085571,0.5918540954589844,0.5863116979598999,0.6698257923126221,0.7463960647583008,0.5581061840057373,0.7182018160820007
253,0.7743315696716309,0.2784818410873413,0.7649025321006775,0.3473833203315735,0.7561237812042236,0.44432541728019714,0.6549342274665833,0.28718477487564087,0.6040983200073242,0.38589608669281006,0.8040227293968201,0.47195911407470703,0.577897310256958,0.4514366388320923,0.6792863607406616,0.49700817465782166,0.6064510345458984,0.4809887111186981,0.6741888523101807,0.5926001071929932,0.599565863609314,0.5839136838912964,0.6686533689498901,0.742301344871521,0.5675516128540039,0.7073246836662292
254,0.7775036096572876,0.2792731523513794,0.7636233568191528,0.3422049880027771,0.7545322179794312,0.44008636474609375,0.6601854562759399,0.2882785201072693,0.6074502468109131,0.3867243230342865,0.7986282706260681,0.48511871695518494,0.5772026777267456,0.4454838037490845,0.6792849898338318,0.4969821870326996,0.6091818809509277,0.4817950427532196,0.6810607314109802,0.6053028106689453,0.5937747359275818,0.5921695828437805,0.6734157800674438,0.7490302324295044,0.5631821155548096,0.7216092944145203
