FrameNo,head_x,head_y,left_shoulder_x,left_shoulder_y,left_elbow_x,left_elbow_y,right_shoulder_x,right_shoulder_y,right_elbow_x,right_elbow_y,left_hand_x,left_hand_y,right_hand_x,right_hand_y,left_hip_x,left_hip_y,right_hip_x,right_hip_y,left_knee_x,left_knee_y,right_knee_x,right_knee_y,left_foot_x,left_foot_y,right_foot_x,right_foot_y
0,0.518451988697052,0.3604000210762024,0.5519533753395081,0.4170021414756775,0.5580136775970459,0.466374009847641,0.475751131772995,0.4115560054779053,0.4515851140022278,0.4748576283454895,0.5698717832565308,0.5398167371749878,0.4343940019607544,0.5190511345863342,0.5301583409309387,0.5390996336936951,0.4822506904602051,0.5360985994338989,0.5359310507774353,0.641728401184082,0.48045071959495544,0.6409355998039246,0.544416069984436,0.7455853819847107,0.468140572309494,0.752693772315979
1,0.5175175666809082,0.3605717420578003,0.5507105588912964,0.4172995090484619,0.5574668049812317,0.4684451222419739,0.47588321566581726,0.41131895780563354,0.45235884189605713,0.4734596610069275,0.5677563548088074,0.5400865077972412,0.43421468138694763,0.5207207202911377,0.530444860458374,0.5377485156059265,0.48323172330856323,0.5348063111305237,0.5380719900131226,0.6427162885665894,0.48008155822753906,0.6402180194854736,0.5447626709938049,0.7449163198471069,0.46831533312797546,0.7513091564178467
2,0.516009509563446,0.360318124294281,0.5507858991622925,0.41724658012390137,0.5583044290542603,0.46794843673706055,0.47610944509506226,0.4114643335342407,0.451218843460083,0.4725523889064789,0.5653488636016846,0.5403195023536682,0.4342418909072876,0.5182607173919678,0.5296080708503723,0.5372260808944702,0.48325392603874207,0.5347501039505005,0.5364452600479126,0.6429573893547058,0.47931361198425293,0.6398850679397583,0.5434079170227051,0.745236337184906,0.4681869447231293,0.751462459564209
3,0.5148195028305054,0.35941001772880554,0.5497360229492188,0.41874775290489197,0.5574818849563599,0.4689217209815979,0.47603386640548706,0.41098782420158386,0.4525480270385742,0.4719683825969696,0.5656275749206543,0.5397817492485046,0.43531203269958496,0.5173155665397644,0.5283726453781128,0.5378662347793579,0.48316845297813416,0.5352873802185059,0.5361646413803101,0.6426990628242493,0.479218453168869,0.6426681280136108,0.5434088706970215,0.7449866533279419,0.46965140104293823,0.7488828897476196
4,0.51500004529953,0.36006420850753784,0.5500157475471497,0.4193318784236908,0.5544321537017822,0.4713686406612396,0.4771420359611511,0.41139233112335205,0.4523404836654663,0.4737032353878021,0.5638400316238403,0.5418363809585571,0.4330027103424072,0.5210045576095581,0.5269521474838257,0.5377848148345947,0.48147904872894287,0.5350233912467957,0.5331498384475708,0.6422516703605652,0.47800225019454956,0.6396884322166443,0.542453408241272,0.746662974357605,0.4691159725189209,0.7495416402816772
5,0.5149794220924377,0.36017462611198425,0.5472790598869324,0.41443687677383423,0.5547952055931091,0.4729306101799011,0.4768654704093933,0.4130539894104004,0.45579561591148376,0.4782775342464447,0.5650317072868347,0.5419658422470093,0.43884265422821045,0.5233712196350098,0.5264873504638672,0.5393000841140747,0.481461763381958,0.537041962146759,0.53397536277771,0.6431044340133667,0.4784787893295288,0.6402001976966858,0.5420891046524048,0.7470099925994873,0.46926355361938477,0.7494277954101562
6,0.5148981213569641,0.3602004051208496,0.5474541783332825,0.41472315788269043,0.554097056388855,0.47301360964775085,0.47660982608795166,0.41317903995513916,0.45659714937210083,0.4780709743499756,0.5627584457397461,0.5435842275619507,0.4400995373725891,0.5258852243423462,0.5265353322029114,0.5399461984634399,0.4820972681045532,0.5374139547348022,0.5329424142837524,0.6435359716415405,0.47857698798179626,0.6405579447746277,0.542279839515686,0.746942937374115,0.4692140817642212,0.7495653033256531
7,0.5150488018989563,0.36041128635406494,0.5473736524581909,0.41438040137290955,0.554722785949707,0.47411274909973145,0.4769721031188965,0.41374486684799194,0.45740291476249695,0.478130578994751,0.5640706419944763,0.5431386232376099,0.4402939975261688,0.5264759063720703,0.5284044742584229,0.5403636693954468,0.48366841673851013,0.5377596020698547,0.5354721546173096,0.6424615979194641,0.47995275259017944,0.6406994462013245,0.5433661937713623,0.7460371851921082,0.46968477964401245,0.7496296763420105
8,0.5148544311523438,0.36031314730644226,0.5471412539482117,0.4133821725845337,0.5550130009651184,0.4733118414878845,0.4775501489639282,0.4131540060043335,0.4556754231452942,0.47708210349082947,0.5644726157188416,0.5428283214569092,0.4380302429199219,0.5250738263130188,0.5284582376480103,0.5396509170532227,0.4837977886199951,0.5371410846710205,0.5346188545227051,0.641355037689209,0.4801216721534729,0.6396769881248474,0.5434536337852478,0.7455910444259644,0.46963056921958923,0.7496930360794067
9,0.5141910910606384,0.3613971471786499,0.5515252351760864,0.412966787815094,0.5559191107749939,0.4723374545574188,0.47604092955589294,0.41166993975639343,0.4476866126060486,0.4726547598838806,0.573302686214447,0.5398027896881104,0.4299003481864929,0.5222507119178772,0.5268346071243286,0.5316342115402222,0.48126643896102905,0.529842734336853,0.5349702835083008,0.6424658894538879,0.4810503423213959,0.6387865543365479,0.5428372621536255,0.7467442750930786,0.47022831439971924,0.7483184337615967
10,0.5130212306976318,0.361455500125885,0.5519624352455139,0.4184277057647705,0.5563246011734009,0.4712093472480774,0.47746020555496216,0.4110715091228485,0.44750651717185974,0.4712833762168884,0.5785281658172607,0.5425583124160767,0.4266778230667114,0.5153893232345581,0.5273877382278442,0.5301327109336853,0.48106837272644043,0.528285801410675,0.5346769094467163,0.6419224143028259,0.48052868247032166,0.6396476030349731,0.5432006120681763,0.7458001971244812,0.4701636731624603,0.7474026679992676
11,0.5132324695587158,0.3621743321418762,0.553212583065033,0.414084255695343,0.558997392654419,0.4727856516838074,0.4788857102394104,0.41134780645370483,0.4453650712966919,0.4693429470062256,0.5819504857063293,0.5439420342445374,0.41781818866729736,0.5098056793212891,0.5256890654563904,0.5296521186828613,0.47783565521240234,0.5273022651672363,0.5329307317733765,0.6418818235397339,0.4779427647590637,0.6392402052879333,0.5420891046524048,0.7462193965911865,0.4683735966682434,0.7470425963401794
12,0.5128984451293945,0.36274847388267517,0.5539940595626831,0.4167421758174896,0.5713677406311035,0.47031018137931824,0.4790814518928528,0.411539763212204,0.4375576376914978,0.46804746985435486,0.5928293466567993,0.5379307866096497,0.41372352838516235,0.5026087760925293,0.5288940668106079,0.5263822674751282,0.48076558113098145,0.5249248743057251,0.529325008392334,0.6383348107337952,0.4799882769584656,0.6363157629966736,0.5431155562400818,0.7464317083358765,0.4695560336112976,0.7479062080383301
13,0.5139617919921875,0.3635443449020386,0.5561735033988953,0.4122900366783142,0.5863072872161865,0.4609391391277313,0.4782180190086365,0.4114374816417694,0.43102115392684937,0.460811585187912,0.5977960824966431,0.476532518863678,0.3995133340358734,0.4904889464378357,0.5352596640586853,0.5230472683906555,0.48392701148986816,0.523382306098938,0.5360730886459351,0.6360219717025757,0.4812260866165161,0.6362936496734619,0.5453875064849854,0.7431899905204773,0.47053009271621704,0.7468771934509277
14,0.5124624967575073,0.3618567883968353,0.5495079755783081,0.40933698415756226,0.5883539915084839,0.46155136823654175,0.4781118631362915,0.4115775227546692,0.4381824731826782,0.46231967210769653,0.5981683135032654,0.4612143039703369,0.4005192220211029,0.47787749767303467,0.5317472815513611,0.5251272916793823,0.48491525650024414,0.5258411169052124,0.5340253114700317,0.636832058429718,0.48294588923454285,0.6366884708404541,0.5442212224006653,0.7443495988845825,0.4710492789745331,0.7474555969238281
15,0.5122483372688293,0.36042147874832153,0.5517349243164062,0.40490347146987915,0.5973544120788574,0.44951725006103516,0.47758764028549194,0.4066670835018158,0.4260438084602356,0.44502729177474976,0.6154786348342896,0.45448577404022217,0.3954397439956665,0.4564271867275238,0.5337085723876953,0.521104097366333,0.48513567447662354,0.5219188928604126,0.5345981121063232,0.638500452041626,0.48416852951049805,0.6370024681091309,0.544425904750824,0.7446193099021912,0.47229909896850586,0.7471672892570496
16,0.5118627548217773,0.359371542930603,0.5510068535804749,0.40234002470970154,0.5953874588012695,0.43693336844444275,0.47836822271347046,0.4075950086116791,0.42395636439323425,0.44154030084609985,0.6151949167251587,0.4342222213745117,0.3898295760154724,0.43594175577163696,0.5336909294128418,0.5212498903274536,0.4853052794933319,0.5224925875663757,0.5328880548477173,0.6398630142211914,0.4835684299468994,0.6381819248199463,0.5432338118553162,0.743842363357544,0.4723588228225708,0.7468901872634888
17,0.5117839574813843,0.35823744535446167,0.5495930910110474,0.40476521849632263,0.6113637685775757,0.4267362356185913,0.47744056582450867,0.40725240111351013,0.42539986968040466,0.4242148995399475,0.6282341480255127,0.40848422050476074,0.3884405791759491,0.4140317440032959,0.52753746509552,0.5242533683776855,0.4823511838912964,0.525117039680481,0.5303249359130859,0.6489040851593018,0.4824565351009369,0.6419386267662048,0.5405912399291992,0.7422551512718201,0.4724089503288269,0.747580885887146
18,0.5163634419441223,0.3580821454524994,0.5616823434829712,0.40727850794792175,0.616889238357544,0.39720338582992554,0.47813159227371216,0.4069669842720032,0.4083932340145111,0.3894188106060028,0.6398298740386963,0.35997337102890015,0.3858548104763031,0.3706994950771332,0.5284601449966431,0.5282408595085144,0.48296284675598145,0.5287350416183472,0.5300593972206116,0.6527481079101562,0.48401010036468506,0.6460946798324585,0.5408361554145813,0.748153567314148,0.47495171427726746,0.7500805854797363
19,0.5123776197433472,0.358742892742157,0.557552695274353,0.3958843946456909,0.61549311876297,0.3813647925853729,0.48041993379592896,0.4020448625087738,0.40870386362075806,0.37534281611442566,0.6409980058670044,0.3256061375141144,0.3820899426937103,0.33420687913894653,0.5295450687408447,0.5204384326934814,0.4829564094543457,0.5202847719192505,0.5320804119110107,0.6355336904525757,0.4801464080810547,0.6362669467926025,0.5420019626617432,0.7441669702529907,0.473119854927063,0.7491540908813477
20,0.5085113048553467,0.3604465126991272,0.5568028688430786,0.39320772886276245,0.6122688055038452,0.36800023913383484,0.47759824991226196,0.3971971869468689,0.41688042879104614,0.3704453706741333,0.638392984867096,0.3161991536617279,0.3787958025932312,0.3115147352218628,0.534754753112793,0.5199328660964966,0.48522454500198364,0.5197415947914124,0.5401273369789124,0.6344343423843384,0.4801724851131439,0.6368021965026855,0.5441164970397949,0.7438654899597168,0.4728359580039978,0.7504941821098328
21,0.5109228491783142,0.3609483242034912,0.5591630339622498,0.38968905806541443,0.6138638257980347,0.36030542850494385,0.47627386450767517,0.3930310904979706,0.4155372977256775,0.35788118839263916,0.6282840967178345,0.29988399147987366,0.3812716603279114,0.30826258659362793,0.5381962060928345,0.5208393931388855,0.48607489466667175,0.5199174880981445,0.5408135652542114,0.634221076965332,0.4829683303833008,0.6379586458206177,0.5451492071151733,0.743931770324707,0.47426626086235046,0.7518224716186523
22,0.512636125087738,0.3601375222206116,0.5591379404067993,0.39097630977630615,0.6074026823043823,0.3553476333618164,0.47233280539512634,0.3933519124984741,0.4217706620693207,0.3488028049468994,0.6207386255264282,0.2950936555862427,0.38634079694747925,0.29191920161247253,0.5384465456008911,0.5212932229042053,0.48645612597465515,0.5205010175704956,0.5423833727836609,0.6325335502624512,0.48159024119377136,0.6357827186584473,0.5443482398986816,0.7442841529846191,0.4725773334503174,0.7521457672119141
23,0.5114734172821045,0.360353946685791,0.558916449546814,0.39314669370651245,0.6045900583267212,0.3577665686607361,0.47355735301971436,0.397152841091156,0.42188483476638794,0.3476271331310272,0.6209722757339478,0.28839173913002014,0.3941551446914673,0.28875410556793213,0.5374248623847961,0.5208142399787903,0.48633337020874023,0.5207046270370483,0.5414116382598877,0.6344737410545349,0.4820469319820404,0.6381085515022278,0.5449962019920349,0.7450810670852661,0.47322702407836914,0.753234326839447
24,0.5186131000518799,0.3590700328350067,0.5546606779098511,0.3872966766357422,0.6025142669677734,0.3383138179779053,0.47466596961021423,0.3915681540966034,0.42950671911239624,0.34117835760116577,0.618025541305542,0.2709748148918152,0.3910301625728607,0.281242311000824,0.5331661105155945,0.520686686038971,0.4833023250102997,0.5198085904121399,0.5350213050842285,0.632552981376648,0.47586068511009216,0.6366608142852783,0.5406954288482666,0.7407115697860718,0.47121763229370117,0.7494749426841736
25,0.5179906487464905,0.3615216910839081,0.5536984801292419,0.3848683834075928,0.5988672971725464,0.34097105264663696,0.47353169322013855,0.38847288489341736,0.4317302107810974,0.34211236238479614,0.6155130863189697,0.26783257722854614,0.3969179391860962,0.26892203092575073,0.5339272022247314,0.520609438419342,0.48302555084228516,0.5200643539428711,0.5374138355255127,0.633233904838562,0.4770728051662445,0.6386626362800598,0.5435681939125061,0.7398190498352051,0.47064417600631714,0.7498313188552856
26,0.5190806984901428,0.359887957572937,0.5525563955307007,0.38625192642211914,0.5940902233123779,0.3422998785972595,0.47447797656059265,0.3902033269405365,0.43665748834609985,0.3421179950237274,0.6151787638664246,0.2663238048553467,0.4004652202129364,0.2706669569015503,0.5329303741455078,0.5190449357032776,0.4825761318206787,0.518703043460846,0.5354404449462891,0.6323797702789307,0.47591230273246765,0.637728750705719,0.5434892773628235,0.7389038801193237,0.47120600938796997,0.7499802112579346
27,0.5142880082130432,0.3593817353248596,0.5536402463912964,0.3877424895763397,0.5948063135147095,0.34233909845352173,0.4778124690055847,0.39087098836898804,0.43949079513549805,0.3355877101421356,0.6110448837280273,0.2708454728126526,0.4133000075817108,0.2779178023338318,0.5307567119598389,0.5226421356201172,0.48191243410110474,0.5220082998275757,0.5311582684516907,0.6313992142677307,0.47448503971099854,0.6362330913543701,0.5412642955780029,0.7399234175682068,0.47079798579216003,0.7495574951171875
28,0.5155419707298279,0.3595517873764038,0.5518749356269836,0.3875529170036316,0.5941269397735596,0.33744680881500244,0.4750381410121918,0.3900224566459656,0.4393236041069031,0.3328457474708557,0.6078670024871826,0.2682371735572815,0.4116159677505493,0.2717723250389099,0.5293578505516052,0.5238608121871948,0.4807640016078949,0.5229113101959229,0.5319143533706665,0.6317622661590576,0.4728448987007141,0.6363397836685181,0.5421105623245239,0.7397543787956238,0.4697887599468231,0.7494159936904907
29,0.5134801268577576,0.35883283615112305,0.5529721975326538,0.38655003905296326,0.5908097624778748,0.3376704156398773,0.4769366979598999,0.38923120498657227,0.4462265968322754,0.3354249894618988,0.6069851517677307,0.2669028341770172,0.4120492935180664,0.26873478293418884,0.5289848446846008,0.5213752388954163,0.4803166389465332,0.5200918316841125,0.5341211557388306,0.6314723491668701,0.47149357199668884,0.6351132988929749,0.5419101119041443,0.7394844889640808,0.46863052248954773,0.7482978105545044
30,0.5187191963195801,0.3603455424308777,0.5533454418182373,0.38887423276901245,0.5874707698822021,0.33771607279777527,0.48225218057632446,0.3894905745983124,0.4547615945339203,0.3369872570037842,0.6013107299804688,0.2682124376296997,0.41857069730758667,0.2656027674674988,0.5304476022720337,0.5223180055618286,0.4831624925136566,0.5206213593482971,0.5349554419517517,0.631050169467926,0.4765913486480713,0.6337339282035828,0.5423561334609985,0.7378402948379517,0.470211923122406,0.7472979426383972
31,0.5160292387008667,0.36000925302505493,0.5526717901229858,0.3882533013820648,0.5876389741897583,0.33851730823516846,0.4785625636577606,0.3891700208187103,0.4510171413421631,0.33559566736221313,0.6026086807250977,0.27352064847946167,0.42151468992233276,0.265450119972229,0.5311203002929688,0.5220750570297241,0.4828520715236664,0.5202399492263794,0.534243106842041,0.6312192678451538,0.4761273264884949,0.6329287886619568,0.5418628454208374,0.7386195063591003,0.46955281496047974,0.7470139265060425
32,0.5169757008552551,0.359657347202301,0.551747739315033,0.3888578414916992,0.5860251188278198,0.33363616466522217,0.47914919257164,0.38871845602989197,0.4550788402557373,0.33236974477767944,0.6009629964828491,0.2710783779621124,0.4317795932292938,0.2727770209312439,0.528386116027832,0.5200250148773193,0.4815771281719208,0.5185064673423767,0.5312895774841309,0.6304934620857239,0.47582682967185974,0.6325232982635498,0.5423928499221802,0.7369062900543213,0.46938556432724,0.7465524077415466
33,0.5167015790939331,0.3614048361778259,0.5517730712890625,0.38938629627227783,0.587833046913147,0.3315699100494385,0.4803278148174286,0.38890039920806885,0.4584769010543823,0.3341064155101776,0.602249801158905,0.2675909996032715,0.43176671862602234,0.26816946268081665,0.528382420539856,0.5178287029266357,0.4826699197292328,0.5180398225784302,0.5319374203681946,0.6308425068855286,0.47541356086730957,0.6321309208869934,0.5413345694541931,0.7379040122032166,0.4684869945049286,0.7461551427841187
34,0.5204052925109863,0.3593865633010864,0.5550426244735718,0.3905959129333496,0.5899686217308044,0.3250383138656616,0.4810408353805542,0.3893713653087616,0.4602998197078705,0.33402177691459656,0.600578248500824,0.2738942503929138,0.4366911053657532,0.2796022295951843,0.5289207100868225,0.5184303522109985,0.48239439725875854,0.518567681312561,0.5342528223991394,0.631281852722168,0.4752464294433594,0.6325780153274536,0.5416759252548218,0.7377768754959106,0.4670178294181824,0.744892954826355
35,0.514955997467041,0.3579726219177246,0.5544934272766113,0.3909584879875183,0.5785020589828491,0.32228752970695496,0.479632705450058,0.3927842378616333,0.4586162269115448,0.33251917362213135,0.5968499183654785,0.2684786915779114,0.4359689950942993,0.28301388025283813,0.5305050015449524,0.5191681385040283,0.4826459586620331,0.518889307975769,0.536597490310669,0.6297918558120728,0.4736470580101013,0.6313419938087463,0.5438646078109741,0.7372270822525024,0.4650580883026123,0.744762122631073
36,0.5133888125419617,0.3625888526439667,0.5494041442871094,0.38850313425064087,0.5765078067779541,0.3416293263435364,0.48168858885765076,0.39502859115600586,0.4664292335510254,0.3317205309867859,0.5946550369262695,0.26566219329833984,0.4380262792110443,0.2734672427177429,0.5307221412658691,0.520071804523468,0.48349687457084656,0.5187561511993408,0.5351949334144592,0.6331039667129517,0.47409164905548096,0.6333605647087097,0.540865421295166,0.7395768165588379,0.46898961067199707,0.7466349005699158
37,0.5161591172218323,0.36194536089897156,0.5535868406295776,0.388536661863327,0.5782991647720337,0.3434072434902191,0.48288246989250183,0.3909774422645569,0.4690452218055725,0.33309265971183777,0.59283447265625,0.26676687598228455,0.4401477575302124,0.28150495886802673,0.5324923992156982,0.5176529884338379,0.48646438121795654,0.5158792734146118,0.5323697328567505,0.6296961307525635,0.47684651613235474,0.6313389539718628,0.5404894948005676,0.7353882193565369,0.46750253438949585,0.7446613311767578
38,0.5174480676651001,0.3624995946884155,0.5541509389877319,0.3879737854003906,0.5784838199615479,0.3430556654930115,0.48278316855430603,0.3912094533443451,0.46716731786727905,0.3296297788619995,0.5923347473144531,0.2667548656463623,0.440877765417099,0.2800748944282532,0.5321613550186157,0.517504096031189,0.4860350787639618,0.5160480737686157,0.5311068296432495,0.6305783987045288,0.4774671494960785,0.6315001845359802,0.5400083661079407,0.7357450723648071,0.4676688313484192,0.7443121671676636
39,0.5152987241744995,0.36207854747772217,0.5523925423622131,0.387719988822937,0.5898187160491943,0.3289348781108856,0.48004376888275146,0.3898572623729706,0.4672638773918152,0.3303428292274475,0.5920153856277466,0.2671836018562317,0.4377746284008026,0.28152093291282654,0.5325385332107544,0.5181392431259155,0.4860990643501282,0.5161134004592896,0.5320989489555359,0.6317984461784363,0.47731882333755493,0.6321683526039124,0.5405132174491882,0.7377501726150513,0.4683727025985718,0.7451920509338379
40,0.5188771486282349,0.3591088056564331,0.5553796291351318,0.38686829805374146,0.5862761735916138,0.31881842017173767,0.48170721530914307,0.3907608389854431,0.4648239016532898,0.32364559173583984,0.5878050327301025,0.2656650245189667,0.4386787414550781,0.27862173318862915,0.5328607559204102,0.5168619155883789,0.4849404990673065,0.515483021736145,0.5329279899597168,0.630694568157196,0.4777238070964813,0.6314647197723389,0.5403985977172852,0.7371973395347595,0.46819007396698,0.7445231676101685
41,0.5188226699829102,0.35988330841064453,0.5565823316574097,0.3868035674095154,0.5854870080947876,0.3187025785446167,0.4813074767589569,0.3904901444911957,0.4669700562953949,0.3229900002479553,0.5872719287872314,0.2631174921989441,0.42824244499206543,0.2715650498867035,0.5331652164459229,0.5177197456359863,0.48484036326408386,0.5155701637268066,0.5339739918708801,0.6316390633583069,0.4774702787399292,0.6326978206634521,0.5430396795272827,0.7389106154441833,0.46934986114501953,0.7457059621810913
42,0.5181124806404114,0.36067795753479004,0.5557867288589478,0.3864719867706299,0.5847218632698059,0.3210296630859375,0.4789324700832367,0.3888460099697113,0.46701011061668396,0.32494083046913147,0.5907975435256958,0.2651953101158142,0.4304600954055786,0.2715843915939331,0.5332968831062317,0.5171066522598267,0.48533082008361816,0.5148852467536926,0.5361193418502808,0.6312316656112671,0.4762295186519623,0.6315480470657349,0.5439180731773376,0.7394713163375854,0.46964389085769653,0.7456144094467163
43,0.5182009935379028,0.36118316650390625,0.5558530688285828,0.38678401708602905,0.5854020118713379,0.3204632103443146,0.47911831736564636,0.38919949531555176,0.46712934970855713,0.3244793713092804,0.5905154347419739,0.2643968164920807,0.4336848855018616,0.2702288031578064,0.5339133739471436,0.5174697637557983,0.48608314990997314,0.5150425434112549,0.536569356918335,0.6313313841819763,0.47676581144332886,0.6309532523155212,0.5434253215789795,0.7393395304679871,0.4702063798904419,0.7452988624572754
44,0.5196144580841064,0.3593522012233734,0.5560619831085205,0.38698089122772217,0.5852839350700378,0.32064491510391235,0.4807908236980438,0.38942357897758484,0.4684982895851135,0.32398778200149536,0.5909426212310791,0.2632911801338196,0.4347808361053467,0.2720355689525604,0.5329998135566711,0.5161590576171875,0.4857196509838104,0.5139460563659668,0.5363821387290955,0.6306966543197632,0.4766891896724701,0.6302297115325928,0.5441218018531799,0.7378220558166504,0.4691922664642334,0.7452775835990906
45,0.5165749788284302,0.36021536588668823,0.5590896606445312,0.3874454200267792,0.5758401155471802,0.3197546899318695,0.48238956928253174,0.389177531003952,0.47060108184814453,0.3233259320259094,0.588676929473877,0.26269254088401794,0.43613743782043457,0.27163031697273254,0.5337387323379517,0.5167549848556519,0.48637980222702026,0.5143576860427856,0.5366871953010559,0.6302658915519714,0.4780529737472534,0.6290125846862793,0.543692946434021,0.7375168800354004,0.4691419005393982,0.7449221014976501
46,0.5219292640686035,0.3596915006637573,0.5586181879043579,0.38662025332450867,0.5738472938537598,0.3225751519203186,0.4807018041610718,0.38742566108703613,0.4715080261230469,0.32297277450561523,0.5913108587265015,0.26497143507003784,0.43731164932250977,0.2723931670188904,0.5327396988868713,0.5181854367256165,0.48461443185806274,0.5155856013298035,0.5347946286201477,0.6304594874382019,0.4772309958934784,0.6304653286933899,0.5426839590072632,0.7369653582572937,0.46954044699668884,0.7445359230041504
47,0.5177816152572632,0.3595772683620453,0.5632470846176147,0.3877635896205902,0.5721503496170044,0.3212432563304901,0.4843325614929199,0.3866640031337738,0.4729387164115906,0.3208756148815155,0.5896745920181274,0.26292410492897034,0.44345325231552124,0.27366262674331665,0.534093976020813,0.5162770748138428,0.48561978340148926,0.514049768447876,0.5333267450332642,0.6304588913917542,0.478530615568161,0.6295810341835022,0.5412279367446899,0.736809253692627,0.4690684676170349,0.7432090640068054
48,0.5192487835884094,0.35875803232192993,0.5555220246315002,0.388486385345459,0.5764699578285217,0.33673179149627686,0.48112890124320984,0.3910314440727234,0.47575196623802185,0.32127901911735535,0.5966874361038208,0.2629637122154236,0.45430025458335876,0.2662320137023926,0.5322250723838806,0.518754243850708,0.48408767580986023,0.516059935092926,0.5340570211410522,0.6322820782661438,0.47731631994247437,0.6303542256355286,0.5421218276023865,0.7407729029655457,0.46890395879745483,0.745180070400238
49,0.5147593021392822,0.35814541578292847,0.5570071339607239,0.38780921697616577,0.5742721557617188,0.3279546797275543,0.4836604595184326,0.38948071002960205,0.47237682342529297,0.3218200206756592,0.5959857106208801,0.2645690143108368,0.4518526494503021,0.2690667510032654,0.5320775508880615,0.5169837474822998,0.4840690493583679,0.5153720378875732,0.5307174921035767,0.6313942670822144,0.47528374195098877,0.6306654810905457,0.5403434038162231,0.7382714152336121,0.4679418206214905,0.7437877655029297
50,0.5163841247558594,0.35732123255729675,0.5584309697151184,0.38903963565826416,0.5763171911239624,0.3231585621833801,0.4868253171443939,0.390450119972229,0.480771541595459,0.32249802350997925,0.5958738327026367,0.266384482383728,0.4525338411331177,0.2708207070827484,0.5326684713363647,0.518259584903717,0.48493754863739014,0.5165663361549377,0.5317232608795166,0.6325937509536743,0.4762123227119446,0.6315470933914185,0.5406224727630615,0.7405290007591248,0.46762174367904663,0.7446045279502869
51,0.5169374942779541,0.3563976287841797,0.5579817891120911,0.3883211612701416,0.5862669944763184,0.31732046604156494,0.4872768819332123,0.3893580436706543,0.48388952016830444,0.3291502296924591,0.5940860509872437,0.2655099630355835,0.4525964856147766,0.2703980803489685,0.532904863357544,0.5174846649169922,0.4852859675884247,0.5158948302268982,0.5321706533432007,0.6317323446273804,0.47607550024986267,0.6310065984725952,0.5407639741897583,0.7383924722671509,0.46689924597740173,0.744064450263977
52,0.5172860622406006,0.35656222701072693,0.558146595954895,0.3881020247936249,0.5869174003601074,0.3174819052219391,0.490182489156723,0.3896178603172302,0.4823412597179413,0.32843008637428284,0.5959868431091309,0.26509106159210205,0.4540103077888489,0.26884791254997253,0.5333876013755798,0.5173778533935547,0.48569542169570923,0.5154688954353333,0.5322757959365845,0.6312108039855957,0.4774806499481201,0.6302435994148254,0.5403842329978943,0.7385393381118774,0.4674450755119324,0.7437970042228699
53,0.516223669052124,0.35748812556266785,0.5572702884674072,0.3868950605392456,0.5864590406417847,0.31931886076927185,0.4890078008174896,0.3886599540710449,0.4747297167778015,0.3254189193248749,0.5955354571342468,0.2640227973461151,0.4522767961025238,0.26665252447128296,0.5340921878814697,0.517378568649292,0.485878050327301,0.5152672529220581,0.5324403047561646,0.6310430765151978,0.47780293226242065,0.6300496459007263,0.5404977798461914,0.7381689548492432,0.46726149320602417,0.7438482046127319
54,0.5155928730964661,0.3564293384552002,0.5571117401123047,0.3870721459388733,0.5777310729026794,0.32180219888687134,0.48705336451530457,0.3879079222679138,0.47824251651763916,0.32251712679862976,0.5961647033691406,0.26236313581466675,0.45317375659942627,0.2657549977302551,0.5335125923156738,0.5173940658569336,0.48506784439086914,0.5152580142021179,0.5318490266799927,0.6308491230010986,0.4785052239894867,0.6304050087928772,0.5404565334320068,0.7377089262008667,0.4679029881954193,0.743929386138916
55,0.5162684321403503,0.35640406608581543,0.5584837198257446,0.388023316860199,0.5772501230239868,0.32179540395736694,0.48825329542160034,0.3879278302192688,0.47772952914237976,0.32187923789024353,0.595782995223999,0.2629668116569519,0.4522896707057953,0.2640678882598877,0.5335808992385864,0.5169960260391235,0.4852480888366699,0.5150512456893921,0.5323966145515442,0.6306641101837158,0.4783110022544861,0.6301996111869812,0.5405980348587036,0.7372353076934814,0.4669092893600464,0.7433697581291199
56,0.5168576836585999,0.35886654257774353,0.5594150424003601,0.3885571360588074,0.5765945911407471,0.3246784210205078,0.4859950542449951,0.38981664180755615,0.4782826900482178,0.321980357170105,0.5960310101509094,0.26382479071617126,0.4529319405555725,0.2652947008609772,0.5332016944885254,0.5182901620864868,0.4850526452064514,0.5156786441802979,0.5322277545928955,0.6317015290260315,0.47922107577323914,0.6306887865066528,0.5394986867904663,0.7384438514709473,0.46700844168663025,0.743402898311615
57,0.5173264741897583,0.35932204127311707,0.5585696697235107,0.3885897099971771,0.5856096744537354,0.31974363327026367,0.4869217276573181,0.38939356803894043,0.47875893115997314,0.3213675916194916,0.5942466855049133,0.2635146677494049,0.45273447036743164,0.26584964990615845,0.5341000556945801,0.518285870552063,0.4864613711833954,0.5157776474952698,0.5334140062332153,0.6317734122276306,0.4804289937019348,0.630488395690918,0.5400652289390564,0.7368847131729126,0.46729379892349243,0.7427538633346558
58,0.5168824195861816,0.3598787486553192,0.5578242540359497,0.3886690139770508,0.5854382514953613,0.3213937282562256,0.48695170879364014,0.38997313380241394,0.4797963500022888,0.321589857339859,0.5957121253013611,0.26421594619750977,0.45316240191459656,0.26572340726852417,0.5341052412986755,0.5179624557495117,0.4865298271179199,0.5156466364860535,0.534605085849762,0.6320047974586487,0.48012813925743103,0.6304857730865479,0.5408352017402649,0.7358320951461792,0.46598678827285767,0.741731584072113
59,0.516003429889679,0.3603796660900116,0.5568599104881287,0.38877660036087036,0.5847408175468445,0.3217839002609253,0.48558980226516724,0.38909637928009033,0.47948533296585083,0.32269787788391113,0.5954275727272034,0.2648567259311676,0.4531809687614441,0.2666335999965668,0.5335235595703125,0.5179336071014404,0.48630866408348083,0.5154653787612915,0.5335745811462402,0.6325526833534241,0.4806400537490845,0.6307452321052551,0.5408126711845398,0.7364358305931091,0.46726077795028687,0.7425940036773682
60,0.5204323530197144,0.362324059009552,0.5557190775871277,0.3909686803817749,0.5856994390487671,0.3341625928878784,0.4840052127838135,0.3934441804885864,0.4839951694011688,0.33012843132019043,0.6024834513664246,0.2721155285835266,0.4534439444541931,0.2736954092979431,0.5319734811782837,0.5193973779678345,0.48429402709007263,0.51698899269104,0.5355647206306458,0.6346448659896851,0.4766332805156708,0.6332298517227173,0.5425039529800415,0.7413095235824585,0.4690181612968445,0.7447521686553955
61,0.5169275999069214,0.36177659034729004,0.5566961169242859,0.39000171422958374,0.5873603224754333,0.33183056116104126,0.48498520255088806,0.3914755582809448,0.4811474084854126,0.3308449387550354,0.6022868752479553,0.26960742473602295,0.45279058814048767,0.2745850086212158,0.5326184630393982,0.5209470391273499,0.48483797907829285,0.5183003544807434,0.5331255793571472,0.6349961161613464,0.47707170248031616,0.6356111168861389,0.5411722660064697,0.7426209449768066,0.46806570887565613,0.7455369830131531
62,0.5167138576507568,0.3614693284034729,0.5561349987983704,0.3903837203979492,0.5879164338111877,0.33094286918640137,0.48527079820632935,0.39111775159835815,0.47970351576805115,0.32820403575897217,0.6030372977256775,0.2700076699256897,0.4525238871574402,0.27321186661720276,0.5322225689888,0.5205057859420776,0.4851025938987732,0.5179675817489624,0.5326471328735352,0.6348201036453247,0.47822675108909607,0.635231614112854,0.5411311388015747,0.7428926229476929,0.468331903219223,0.746029257774353
63,0.5161901116371155,0.3613080680370331,0.5558189153671265,0.39000189304351807,0.5872642397880554,0.3312716782093048,0.4848725199699402,0.39076822996139526,0.47993022203445435,0.3283171057701111,0.6029815673828125,0.2689642608165741,0.45241791009902954,0.27280542254447937,0.5323194265365601,0.5206969380378723,0.48504334688186646,0.5182760953903198,0.5336571335792542,0.6356433629989624,0.47898781299591064,0.6355472207069397,0.5414789915084839,0.7432727813720703,0.46870291233062744,0.7462894320487976
64,0.5157260298728943,0.36091065406799316,0.55620276927948,0.3907148540019989,0.588706374168396,0.3331339955329895,0.4842333197593689,0.39062708616256714,0.4779520630836487,0.32751113176345825,0.6033868193626404,0.27026593685150146,0.45195579528808594,0.2720312774181366,0.5321265459060669,0.5212503671646118,0.48489078879356384,0.5186992883682251,0.5326162576675415,0.6361069679260254,0.47792574763298035,0.6363435983657837,0.5407031178474426,0.7434543371200562,0.4685386121273041,0.746300220489502
65,0.5194923877716064,0.36021336913108826,0.5552223324775696,0.39007991552352905,0.5889319777488708,0.3331040143966675,0.4833037853240967,0.38985109329223633,0.4781728982925415,0.3276814818382263,0.6039741635322571,0.27021071314811707,0.45198357105255127,0.27452322840690613,0.5314921140670776,0.5212778449058533,0.4844996929168701,0.5187060832977295,0.5320048928260803,0.6362766027450562,0.4771406352519989,0.6365966796875,0.541246771812439,0.7430976629257202,0.4683803915977478,0.74638432264328
66,0.5194714069366455,0.359934538602829,0.5551729202270508,0.3896324038505554,0.5886791944503784,0.3325529098510742,0.48190006613731384,0.38984057307243347,0.47848767042160034,0.327364981174469,0.6045671105384827,0.2693282961845398,0.45169001817703247,0.27338457107543945,0.5313528180122375,0.520679771900177,0.48386216163635254,0.5182625651359558,0.5312243700027466,0.6356837749481201,0.4767622947692871,0.6362725496292114,0.5410679578781128,0.7431322336196899,0.4689614474773407,0.7472108602523804
67,0.5189861059188843,0.36041614413261414,0.5539963245391846,0.3891216516494751,0.5869180560112,0.3345282971858978,0.48219776153564453,0.38925474882125854,0.47713109850883484,0.32792651653289795,0.6051697134971619,0.2712637186050415,0.45008933544158936,0.27462267875671387,0.5313435792922974,0.519698977470398,0.48407623171806335,0.5174846649169922,0.531140923500061,0.6351171731948853,0.4772845506668091,0.6350860595703125,0.5403071641921997,0.7432535886764526,0.46854040026664734,0.747075080871582
68,0.5193118453025818,0.35965341329574585,0.5545629858970642,0.38885289430618286,0.5890163779258728,0.333283394575119,0.4827781319618225,0.3889209032058716,0.4771568477153778,0.3268788158893585,0.6045694351196289,0.27011388540267944,0.4503394365310669,0.2741550803184509,0.5318800210952759,0.5196599960327148,0.48469090461730957,0.517196774482727,0.5320675373077393,0.6347569227218628,0.47755730152130127,0.6338457465171814,0.5406707525253296,0.7427642345428467,0.4686223268508911,0.7458593249320984
69,0.5160638093948364,0.36085814237594604,0.555095374584198,0.38894400000572205,0.5895106792449951,0.334774374961853,0.4841119647026062,0.3894422948360443,0.4783310294151306,0.3268248736858368,0.6055253148078918,0.2713637948036194,0.45026564598083496,0.28033244609832764,0.5322040319442749,0.5215125679969788,0.4850585460662842,0.5190126299858093,0.5330396890640259,0.6356567144393921,0.4762647747993469,0.6350407004356384,0.5408838987350464,0.7422394156455994,0.4677853286266327,0.745212197303772
70,0.5167700052261353,0.3602800965309143,0.5561121702194214,0.3888038098812103,0.5889678001403809,0.33372563123703003,0.4854896664619446,0.3895220458507538,0.48031342029571533,0.3280917704105377,0.6048699617385864,0.27124664187431335,0.450423926115036,0.28072935342788696,0.5326189994812012,0.5218392610549927,0.486002653837204,0.5193418860435486,0.5323119759559631,0.6360171437263489,0.47658997774124146,0.6352354288101196,0.5400395393371582,0.742937445640564,0.467872679233551,0.7453827857971191
71,0.5165225863456726,0.3612508177757263,0.5566062927246094,0.389920175075531,0.5892848968505859,0.3363036513328552,0.48573145270347595,0.39002734422683716,0.48028743267059326,0.32955998182296753,0.6050674915313721,0.27280640602111816,0.449665367603302,0.28110939264297485,0.5330884456634521,0.523320198059082,0.48617517948150635,0.5208031535148621,0.5332437753677368,0.6368731260299683,0.47691619396209717,0.6360442638397217,0.5399530529975891,0.7433174848556519,0.46833187341690063,0.7458312511444092
72,0.517463743686676,0.36328357458114624,0.5518069267272949,0.3903631865978241,0.5759719610214233,0.3382396697998047,0.4826146364212036,0.3932346999645233,0.48117929697036743,0.33459627628326416,0.6031097173690796,0.26939672231674194,0.4482848644256592,0.2769542634487152,0.5351508855819702,0.5217708349227905,0.4869379699230194,0.5185043811798096,0.535211443901062,0.6368234157562256,0.4758037030696869,0.633213222026825,0.5401697158813477,0.7450787425041199,0.46908193826675415,0.7459542751312256
73,0.5163067579269409,0.36033838987350464,0.5555663108825684,0.3901374042034149,0.5900155305862427,0.3316980004310608,0.4874368906021118,0.3930142819881439,0.4852312505245209,0.3358675241470337,0.6016073822975159,0.27082571387290955,0.4514579772949219,0.27802175283432007,0.5370535850524902,0.5221582055091858,0.48900485038757324,0.519253134727478,0.5406012535095215,0.633654773235321,0.48034101724624634,0.6326216459274292,0.5425534844398499,0.7432102560997009,0.4697893559932709,0.7471787929534912
74,0.5185567140579224,0.35504934191703796,0.5594497919082642,0.3912513852119446,0.5909400582313538,0.32630455493927,0.48838502168655396,0.3941138684749603,0.4815947413444519,0.32457566261291504,0.5991864204406738,0.2670426368713379,0.4540039300918579,0.27471113204956055,0.5357668995857239,0.521016538143158,0.489143431186676,0.5189931392669678,0.5337823033332825,0.6312190294265747,0.48187991976737976,0.629170835018158,0.5384715795516968,0.7408199310302734,0.46740540862083435,0.7441596984863281
75,0.518613338470459,0.3581910729408264,0.559550404548645,0.39288172125816345,0.5915867686271667,0.3284451365470886,0.4894094169139862,0.3951374888420105,0.4748051166534424,0.33047330379486084,0.6008726954460144,0.269955575466156,0.4524340033531189,0.2786056399345398,0.5356940031051636,0.5207743048667908,0.4890417456626892,0.518587052822113,0.5353348255157471,0.632817804813385,0.4824114441871643,0.6310946941375732,0.5384333729743958,0.7414710521697998,0.46816301345825195,0.7454603910446167
76,0.5188549757003784,0.36166322231292725,0.5603597164154053,0.3949289321899414,0.5915981531143188,0.33104702830314636,0.49098488688468933,0.3970526158809662,0.47254443168640137,0.3334174156188965,0.6025196313858032,0.2733369469642639,0.4508432149887085,0.2803889214992523,0.5356067419052124,0.5218328833580017,0.4892815053462982,0.5203166007995605,0.5381207466125488,0.6329823732376099,0.4807763695716858,0.6316514015197754,0.5398107767105103,0.7413109540939331,0.46698182821273804,0.7451177835464478
77,0.5192633867263794,0.3622557818889618,0.561316967010498,0.3962875306606293,0.5909908413887024,0.33315950632095337,0.491824209690094,0.39768585562705994,0.4720034599304199,0.3353102207183838,0.6019279956817627,0.2731875777244568,0.4504518508911133,0.2807655930519104,0.5339803695678711,0.5237755179405212,0.4890157878398895,0.5224551558494568,0.534604549407959,0.6335167288780212,0.48186445236206055,0.6334403157234192,0.5377392768859863,0.7420157790184021,0.4671143889427185,0.7464642524719238
78,0.518722414970398,0.36232882738113403,0.5623227953910828,0.3968239724636078,0.5883068442344666,0.332523912191391,0.49331218004226685,0.4007614850997925,0.48389941453933716,0.33268195390701294,0.599974513053894,0.2717352509498596,0.44703409075737,0.2722611427307129,0.5365357398986816,0.5244265794754028,0.48987290263175964,0.5233555436134338,0.5396710634231567,0.6333145499229431,0.48227596282958984,0.6336127519607544,0.5393048524856567,0.7425237894058228,0.4661468267440796,0.7463638186454773
79,0.523028552532196,0.3649997115135193,0.5606266260147095,0.39799314737319946,0.5861524939537048,0.334920734167099,0.4908228814601898,0.3997035026550293,0.4776320457458496,0.33173084259033203,0.6008782982826233,0.2752513885498047,0.4478895664215088,0.2770974934101105,0.5338121652603149,0.526159942150116,0.4883291721343994,0.5240756273269653,0.5338590741157532,0.6354451179504395,0.48125308752059937,0.6362226605415344,0.5361150503158569,0.7453629970550537,0.4669959247112274,0.7479248046875
80,0.5227288007736206,0.365670382976532,0.5590897798538208,0.3992708921432495,0.5768966674804688,0.3431917428970337,0.4913434386253357,0.40145355463027954,0.4752633571624756,0.3361113667488098,0.5990921258926392,0.2753543555736542,0.4453119933605194,0.27193665504455566,0.5351715683937073,0.5282279253005981,0.4882460832595825,0.5264513492584229,0.5376017093658447,0.6357560157775879,0.48026809096336365,0.6375452280044556,0.5366997718811035,0.7461215257644653,0.4668148159980774,0.7494646906852722
81,0.5190988779067993,0.36672312021255493,0.5557445287704468,0.39909738302230835,0.5761950612068176,0.3442089557647705,0.4894563555717468,0.40079307556152344,0.4821878671646118,0.33428311347961426,0.5993292331695557,0.27414873242378235,0.4475592076778412,0.2723355293273926,0.5339570045471191,0.5278252363204956,0.4881412982940674,0.5255258083343506,0.5371384024620056,0.6399936676025391,0.4791826903820038,0.6417678594589233,0.5364808440208435,0.7457813024520874,0.4686407446861267,0.7509386539459229
82,0.5219426155090332,0.3665989637374878,0.560390293598175,0.39884012937545776,0.5869355201721191,0.33539459109306335,0.4912952184677124,0.39760538935661316,0.4804437756538391,0.332424521446228,0.6041543483734131,0.27526524662971497,0.44745105504989624,0.2802976965904236,0.5380448698997498,0.5247948169708252,0.49069976806640625,0.5213150978088379,0.537861704826355,0.6390211582183838,0.48080891370773315,0.6395472884178162,0.5392657518386841,0.7444944381713867,0.4698939919471741,0.7511043548583984
83,0.5214723348617554,0.3665315806865692,0.5658499002456665,0.3998992443084717,0.5860609412193298,0.33120307326316833,0.49207913875579834,0.40078306198120117,0.4832209050655365,0.3311184346675873,0.602847158908844,0.27093252539634705,0.4527878165245056,0.2799920439720154,0.5372912287712097,0.5287488102912903,0.4898831248283386,0.5271986722946167,0.5359644889831543,0.6382397413253784,0.47468429803848267,0.6401727199554443,0.5397825241088867,0.7457038760185242,0.4657018184661865,0.7505059242248535
84,0.5188465118408203,0.36968404054641724,0.5590144991874695,0.3992142379283905,0.5733572840690613,0.3435589671134949,0.4826323688030243,0.4021322727203369,0.4754272699356079,0.3359507918357849,0.5988361835479736,0.27360689640045166,0.4529522657394409,0.27933353185653687,0.5343351364135742,0.5288872718811035,0.48660001158714294,0.528178870677948,0.5328289866447449,0.6395643949508667,0.4739711284637451,0.6417257785797119,0.5400993227958679,0.7467470169067383,0.4709565341472626,0.7516355514526367
85,0.5178664922714233,0.37172573804855347,0.5609114170074463,0.40378838777542114,0.5716570019721985,0.34582147002220154,0.48236745595932007,0.4051990211009979,0.48432549834251404,0.3345445394515991,0.5961803793907166,0.27540960907936096,0.4513459801673889,0.2787669897079468,0.5333013534545898,0.5308061242103577,0.48662400245666504,0.5304068326950073,0.5327373147010803,0.6421324014663696,0.4754579961299896,0.6437084674835205,0.5410634875297546,0.744201123714447,0.4721883535385132,0.751806378364563
86,0.5219697952270508,0.3679552972316742,0.5595314502716064,0.4045599699020386,0.5686893463134766,0.34750956296920776,0.4883180558681488,0.4052378833293915,0.48636695742607117,0.3436105251312256,0.5938377380371094,0.2784578204154968,0.4560334086418152,0.2840196490287781,0.5325223207473755,0.5321147441864014,0.48885390162467957,0.5315350890159607,0.5313752293586731,0.6419117450714111,0.48043495416641235,0.6406987905502319,0.5392257571220398,0.7459840178489685,0.46964067220687866,0.7504746913909912
87,0.5162944197654724,0.37438949942588806,0.5556021928787231,0.40603482723236084,0.5850805640220642,0.3513067960739136,0.4891323745250702,0.4055064618587494,0.4841993749141693,0.35267457365989685,0.5942383408546448,0.28710925579071045,0.45434531569480896,0.28541985154151917,0.5350131392478943,0.5340331792831421,0.49002695083618164,0.531187891960144,0.5390670895576477,0.6404756307601929,0.47431129217147827,0.6374754309654236,0.540255069732666,0.7448553442955017,0.4681890904903412,0.7493285536766052
88,0.5191245079040527,0.377370685338974,0.5556590557098389,0.40924930572509766,0.5765917301177979,0.3578408658504486,0.4910673499107361,0.40918752551078796,0.48689866065979004,0.3707321286201477,0.5943869948387146,0.29022231698036194,0.4549144506454468,0.28926020860671997,0.5356894731521606,0.5374680161476135,0.4886128902435303,0.5352723002433777,0.5355555415153503,0.6483676433563232,0.4733812212944031,0.6418008208274841,0.5416943430900574,0.74520343542099,0.46966975927352905,0.7516583800315857
89,0.5146297216415405,0.3789931535720825,0.5504980683326721,0.4059680104255676,0.5901006460189819,0.34900617599487305,0.48003095388412476,0.40468642115592957,0.47827407717704773,0.3537663221359253,0.5952552556991577,0.28786352276802063,0.4513159990310669,0.2893604040145874,0.535939633846283,0.5343484878540039,0.4894610345363617,0.5324979424476624,0.5325460433959961,0.648470401763916,0.47545671463012695,0.6429226398468018,0.5419306755065918,0.7442416548728943,0.4704289138317108,0.7510182857513428
90,0.5155200958251953,0.3809015452861786,0.5542378425598145,0.41539978981018066,0.5854865908622742,0.34681177139282227,0.47776123881340027,0.41341087222099304,0.4726906418800354,0.3466285467147827,0.5947756171226501,0.28658151626586914,0.45226001739501953,0.29256194829940796,0.5353938937187195,0.5410774946212769,0.487476110458374,0.5401210188865662,0.5369060039520264,0.6506645679473877,0.4718886613845825,0.6521923542022705,0.5436145067214966,0.7459976077079773,0.47238820791244507,0.7534343004226685
91,0.5210587978363037,0.38591429591178894,0.5485718250274658,0.42510101199150085,0.5816383957862854,0.3626616895198822,0.4810449779033661,0.420829176902771,0.47435104846954346,0.3660963773727417,0.5944234728813171,0.28937166929244995,0.4487285614013672,0.291303426027298,0.5331432819366455,0.5489022731781006,0.48533543944358826,0.5471476316452026,0.5385404825210571,0.6504846811294556,0.4707735776901245,0.6457392573356628,0.5430891513824463,0.7478429079055786,0.46926411986351013,0.752510666847229
92,0.516585111618042,0.3870166540145874,0.5435389876365662,0.42617106437683105,0.5818477869033813,0.3616018295288086,0.47304242849349976,0.42387592792510986,0.4695528447628021,0.36370205879211426,0.5939862728118896,0.2898384630680084,0.44811350107192993,0.2911332845687866,0.5305454730987549,0.5489041805267334,0.4815201163291931,0.5481246709823608,0.5375920534133911,0.6509667634963989,0.4704444110393524,0.6491835713386536,0.5430777668952942,0.746532142162323,0.4695425033569336,0.7532007098197937
93,0.5234491229057312,0.38807329535484314,0.5516676902770996,0.4343360364437103,0.5704158544540405,0.3707208037376404,0.4816107153892517,0.4312543570995331,0.47654610872268677,0.3697306513786316,0.5916502475738525,0.294697105884552,0.4486462473869324,0.2983027696609497,0.5338581800460815,0.5593196153640747,0.4837317168712616,0.5575783252716064,0.54079270362854,0.6528672575950623,0.466558039188385,0.6532973051071167,0.5435800552368164,0.7463699579238892,0.4662132263183594,0.7547200918197632
94,0.5156257748603821,0.3940398395061493,0.5483512878417969,0.43037664890289307,0.587360143661499,0.36210474371910095,0.47885239124298096,0.43275517225265503,0.46408963203430176,0.36559832096099854,0.5916551351547241,0.2977653741836548,0.44380271434783936,0.29834210872650146,0.5354264974594116,0.560036301612854,0.48444467782974243,0.5587307810783386,0.5440565943717957,0.6511653065681458,0.466388076543808,0.6512850522994995,0.5446529388427734,0.7452093362808228,0.4653697907924652,0.7545390129089355
95,0.516224205493927,0.39335140585899353,0.5479718446731567,0.4288405776023865,0.5853230953216553,0.3629535138607025,0.4770994782447815,0.4323318898677826,0.4616139829158783,0.368132084608078,0.589026153087616,0.3044883608818054,0.4430534839630127,0.30291879177093506,0.5352771282196045,0.5610138773918152,0.4840660095214844,0.5590395927429199,0.5425702333450317,0.6525415182113647,0.46646973490715027,0.6493738889694214,0.5450021028518677,0.746337354183197,0.4676927328109741,0.7519183158874512
96,0.5148846507072449,0.3941580057144165,0.5466650724411011,0.42861926555633545,0.5889207124710083,0.3663420081138611,0.4741734266281128,0.4298143982887268,0.4666517376899719,0.3755437135696411,0.5912823677062988,0.3049261271953583,0.4427874684333801,0.308420866727829,0.5327265858650208,0.5598994493484497,0.4830392003059387,0.5597695112228394,0.5473331212997437,0.6503155827522278,0.4621093273162842,0.6554804444313049,0.5442638397216797,0.7461316585540771,0.46674031019210815,0.7546958327293396
97,0.5140671133995056,0.39650505781173706,0.5482086539268494,0.43334388732910156,0.5853724479675293,0.37869715690612793,0.47713756561279297,0.4341396987438202,0.4776807427406311,0.3857724368572235,0.5989941954612732,0.3231000304222107,0.440121591091156,0.31188488006591797,0.5322148203849792,0.5655771493911743,0.48473072052001953,0.5652207136154175,0.5433547496795654,0.6512560844421387,0.4642093777656555,0.654801607131958,0.5441837906837463,0.746049165725708,0.46831101179122925,0.755170464515686
98,0.5154073238372803,0.39483004808425903,0.5458917617797852,0.4312158226966858,0.5881062746047974,0.3765735328197479,0.47424957156181335,0.430711954832077,0.46187305450439453,0.36374175548553467,0.5963931083679199,0.3242642879486084,0.44025176763534546,0.31207555532455444,0.5296229124069214,0.5616779327392578,0.4849505126476288,0.5610150098800659,0.5384904742240906,0.6526166796684265,0.46338319778442383,0.6545208692550659,0.5432606935501099,0.7462887167930603,0.46547001600265503,0.7554466128349304
99,0.516010046005249,0.39639633893966675,0.5471227169036865,0.4334433078765869,0.587671160697937,0.37884625792503357,0.47889846563339233,0.43140944838523865,0.47405514121055603,0.38654857873916626,0.5964108109474182,0.3278297185897827,0.4410199820995331,0.3173588216304779,0.5328632593154907,0.5660509467124939,0.48629188537597656,0.5646815896034241,0.5422649383544922,0.6491642594337463,0.46531182527542114,0.6496626734733582,0.5457990169525146,0.7440996170043945,0.46748873591423035,0.754178524017334
100,0.5173319578170776,0.3955782651901245,0.5471211671829224,0.43951016664505005,0.5878688097000122,0.3804609775543213,0.4738454222679138,0.4329926371574402,0.4722365140914917,0.3873592019081116,0.5963683128356934,0.32406294345855713,0.44086334109306335,0.31387197971343994,0.5306226015090942,0.5656316876411438,0.4858775734901428,0.5648287534713745,0.5440562963485718,0.6477569937705994,0.46661055088043213,0.6509894132614136,0.5464515089988708,0.7442373037338257,0.4674307107925415,0.7541780471801758
101,0.5176968574523926,0.3978123068809509,0.5470478534698486,0.44550979137420654,0.5941188335418701,0.38746166229248047,0.47775787115097046,0.4384375214576721,0.4702858328819275,0.387347936630249,0.5988729596138,0.3335801959037781,0.44186609983444214,0.31865018606185913,0.5316870212554932,0.5725837349891663,0.48485109210014343,0.570758581161499,0.5361438989639282,0.6522948741912842,0.4672372043132782,0.6520797610282898,0.5450860857963562,0.7458087205886841,0.4673874080181122,0.7550997734069824
102,0.5159027576446533,0.40218278765678406,0.5497344732284546,0.450192391872406,0.5948875546455383,0.38336825370788574,0.4795324504375458,0.44434571266174316,0.4747016429901123,0.39420387148857117,0.6040719747543335,0.3362150192260742,0.44192561507225037,0.32609236240386963,0.5322171449661255,0.5747897624969482,0.485654354095459,0.5731418132781982,0.5347034931182861,0.6523737907409668,0.4664742946624756,0.6547873616218567,0.5453408360481262,0.7470700740814209,0.46736496686935425,0.7566354274749756
103,0.5164312124252319,0.4055466651916504,0.5479270815849304,0.45272505283355713,0.593291699886322,0.3898777365684509,0.478313148021698,0.44541656970977783,0.468646377325058,0.39408382773399353,0.6042079329490662,0.32917147874832153,0.44031092524528503,0.3280394971370697,0.5306918621063232,0.573177695274353,0.48509129881858826,0.5713579654693604,0.5349867343902588,0.6496904492378235,0.4665219187736511,0.651239275932312,0.5460634827613831,0.7452019453048706,0.46566781401634216,0.752191424369812
104,0.5140526294708252,0.417753666639328,0.5459775328636169,0.4627560079097748,0.5932961702346802,0.3947199583053589,0.4741823673248291,0.45167264342308044,0.4624844193458557,0.3980201482772827,0.6019876003265381,0.33947789669036865,0.4401158094406128,0.3402138650417328,0.5257498621940613,0.586108922958374,0.4836367070674896,0.584663987159729,0.5361323356628418,0.6557582020759583,0.4705817699432373,0.658184289932251,0.5469068288803101,0.7454607486724854,0.46700936555862427,0.7519909143447876
105,0.5196133852005005,0.42481088638305664,0.5480442047119141,0.46778231859207153,0.5930931568145752,0.39272987842559814,0.47817403078079224,0.45764321088790894,0.4654264450073242,0.3959539830684662,0.6052400469779968,0.3404434323310852,0.4449363350868225,0.3345167636871338,0.5268994569778442,0.5888916254043579,0.48387670516967773,0.5863741040229797,0.5338223576545715,0.6580126285552979,0.4731658399105072,0.6578607559204102,0.5456727743148804,0.7475887537002563,0.46670645475387573,0.7543687224388123
106,0.5206575393676758,0.4281817674636841,0.5487557649612427,0.47526538372039795,0.5926820039749146,0.3959558606147766,0.4767509400844574,0.4630679488182068,0.46474501490592957,0.39782294631004333,0.6061030626296997,0.3409965932369232,0.44344037771224976,0.33797237277030945,0.525920033454895,0.590793251991272,0.4829811453819275,0.5882910490036011,0.5275392532348633,0.6585825681686401,0.47052428126335144,0.6584899425506592,0.5441374182701111,0.7457627654075623,0.46639224886894226,0.7537003755569458
107,0.5144327878952026,0.43787747621536255,0.5467356443405151,0.47584253549575806,0.5956653356552124,0.4023470878601074,0.47620221972465515,0.4656709134578705,0.4706863760948181,0.397622287273407,0.598253071308136,0.3486348092556,0.4409134089946747,0.334502637386322,0.5279960632324219,0.594244122505188,0.48491722345352173,0.5910612344741821,0.5339692831039429,0.6600174307823181,0.4709702432155609,0.6553294658660889,0.5442229509353638,0.7452642321586609,0.4660083055496216,0.7519866228103638
108,0.521791398525238,0.44838011264801025,0.5537333488464355,0.4768495261669159,0.5995151400566101,0.4091574549674988,0.48001787066459656,0.47444579005241394,0.4618757367134094,0.4082340598106384,0.602871298789978,0.35960298776626587,0.44334933161735535,0.345539391040802,0.5312017798423767,0.5924464464187622,0.48646706342697144,0.5907610654830933,0.5514113306999207,0.661651074886322,0.4657236337661743,0.6642777919769287,0.5470009446144104,0.7433122396469116,0.4663855731487274,0.7517635226249695
109,0.5188568234443665,0.45221924781799316,0.5469412803649902,0.4756360650062561,0.5979346632957458,0.41085588932037354,0.47867709398269653,0.47681379318237305,0.461879700422287,0.4146736264228821,0.6049661040306091,0.36822813749313354,0.4405563473701477,0.3519611060619354,0.53281569480896,0.5950109958648682,0.48777341842651367,0.5924890637397766,0.5463746190071106,0.6634015440940857,0.4703630208969116,0.660953164100647,0.5471639037132263,0.7446593046188354,0.46348053216934204,0.7527076005935669
110,0.5219110250473022,0.4529913663864136,0.5481641292572021,0.4812999963760376,0.5957515239715576,0.41396987438201904,0.47841331362724304,0.4725761413574219,0.46412086486816406,0.41620302200317383,0.601526141166687,0.3688889443874359,0.4406909644603729,0.36372217535972595,0.5300010442733765,0.5940686464309692,0.48606085777282715,0.5914543867111206,0.5411418676376343,0.6635591387748718,0.46919068694114685,0.6600080728530884,0.5453444719314575,0.7435791492462158,0.4632394313812256,0.7504924535751343
111,0.5175866484642029,0.45680391788482666,0.5425354242324829,0.4823450446128845,0.5927339792251587,0.4239273965358734,0.4776298701763153,0.4771900773048401,0.46236592531204224,0.4190354347229004,0.6090148687362671,0.38352370262145996,0.4368743598461151,0.3590531051158905,0.5296332836151123,0.5990532040596008,0.4844321012496948,0.5978062152862549,0.5393297076225281,0.6651776432991028,0.4714699387550354,0.6610658168792725,0.5476784110069275,0.7455794811248779,0.4657716453075409,0.7536722421646118
112,0.5191348195075989,0.45867618918418884,0.5438092947006226,0.48797833919525146,0.5918095111846924,0.429779976606369,0.4788936972618103,0.4783024787902832,0.45347580313682556,0.4149327278137207,0.6094672679901123,0.3781968355178833,0.43565982580184937,0.36179980635643005,0.5249663591384888,0.6022425889968872,0.4841706454753876,0.5999276638031006,0.5443410873413086,0.6652032136917114,0.4815586805343628,0.6607753038406372,0.5472468137741089,0.7425434589385986,0.4707929790019989,0.749521017074585
113,0.5196890234947205,0.4619307219982147,0.5449575185775757,0.4939599931240082,0.5900799036026001,0.43245765566825867,0.4813701808452606,0.48453590273857117,0.4553947150707245,0.42231523990631104,0.6041902303695679,0.37953516840934753,0.43343648314476013,0.3658977448940277,0.5259737968444824,0.607195258140564,0.4850059449672699,0.6059611439704895,0.5417922735214233,0.6743345260620117,0.4718343913555145,0.6669138669967651,0.5477582216262817,0.7463341951370239,0.4684681296348572,0.7538031339645386
114,0.5197427272796631,0.4620455503463745,0.5444996953010559,0.49706539511680603,0.5912748575210571,0.44082170724868774,0.4832629859447479,0.4867205321788788,0.45521315932273865,0.4290745258331299,0.6039978861808777,0.37991875410079956,0.43419477343559265,0.36713021993637085,0.5258240699768066,0.6044577360153198,0.48641377687454224,0.602828860282898,0.5402886271476746,0.6698569059371948,0.4812302589416504,0.6620332598686218,0.5469997525215149,0.7445955276489258,0.46952158212661743,0.7519680857658386
115,0.5162168741226196,0.4637138247489929,0.5433651208877563,0.4999297261238098,0.5884766578674316,0.43643423914909363,0.48124024271965027,0.4932487905025482,0.4528268277645111,0.4333580434322357,0.6060871481895447,0.3853735625743866,0.4383614659309387,0.37632787227630615,0.52626633644104,0.612846314907074,0.4852982461452484,0.6107645034790039,0.5417643785476685,0.677944540977478,0.48024508357048035,0.6673520803451538,0.5464658737182617,0.7461810111999512,0.4681957960128784,0.7531783580780029
116,0.5132021903991699,0.47438710927963257,0.5401728749275208,0.5084243416786194,0.5830061435699463,0.45891159772872925,0.47481316328048706,0.4991801679134369,0.4407969117164612,0.45519721508026123,0.604019045829773,0.3905526101589203,0.4310808777809143,0.37492746114730835,0.525109052658081,0.6198078989982605,0.48365092277526855,0.6199486255645752,0.5404424667358398,0.6585246920585632,0.4817589521408081,0.6536240577697754,0.5506725311279297,0.742526650428772,0.4700089693069458,0.7516140937805176
117,0.5159305930137634,0.47631797194480896,0.5423115491867065,0.511510968208313,0.5854921340942383,0.4622175395488739,0.4782310724258423,0.5019335150718689,0.44320517778396606,0.4523209035396576,0.6029742956161499,0.39261338114738464,0.43482309579849243,0.3776018023490906,0.5264695882797241,0.622611403465271,0.4846345782279968,0.6222840547561646,0.5386801958084106,0.6627057790756226,0.48460063338279724,0.6602298021316528,0.553131103515625,0.7421996593475342,0.4683523178100586,0.7524377703666687
118,0.5157068967819214,0.4791228771209717,0.5424497127532959,0.5156384706497192,0.5839191675186157,0.4567413926124573,0.4776511788368225,0.5058695673942566,0.44347652792930603,0.4603632688522339,0.6045644879341125,0.40000927448272705,0.4332271218299866,0.3818410634994507,0.5282381176948547,0.6240717172622681,0.48365482687950134,0.6244168877601624,0.5416772365570068,0.666193962097168,0.48402807116508484,0.6617349982261658,0.5534284114837646,0.743035078048706,0.46943700313568115,0.7539654970169067
119,0.5145353674888611,0.48440998792648315,0.5482946634292603,0.5155163407325745,0.5913220643997192,0.46107542514801025,0.48198315501213074,0.5089578032493591,0.4443523585796356,0.46655914187431335,0.6071678996086121,0.40358293056488037,0.4350246787071228,0.3929097354412079,0.5335317254066467,0.6296573877334595,0.48671579360961914,0.6303452849388123,0.5405356884002686,0.6685066223144531,0.481045663356781,0.6628970503807068,0.5519834160804749,0.7472937107086182,0.4699111580848694,0.7565155029296875
120,0.5147513747215271,0.4945767819881439,0.5473146438598633,0.5241327285766602,0.5881834030151367,0.4732343554496765,0.4770323932170868,0.5197380185127258,0.44388315081596375,0.48263856768608093,0.6047152280807495,0.4156397581100464,0.43062281608581543,0.418434202671051,0.5317237377166748,0.6446501016616821,0.4867357909679413,0.6471666097640991,0.532394528388977,0.6809521913528442,0.4716750383377075,0.6769880056381226,0.5500827431678772,0.7461550235748291,0.4741393029689789,0.7594633102416992
121,0.5145611763000488,0.5066039562225342,0.5435165166854858,0.5332455635070801,0.5903434157371521,0.4877474308013916,0.4762473702430725,0.5245363712310791,0.4391781985759735,0.4898318648338318,0.6041796207427979,0.41075897216796875,0.4275311231613159,0.42389339208602905,0.5267091989517212,0.6435014009475708,0.48408037424087524,0.6446118354797363,0.5354292392730713,0.6825302839279175,0.4786355495452881,0.6800789833068848,0.5508352518081665,0.7451102137565613,0.470060795545578,0.7574243545532227
122,0.5121883749961853,0.5127171277999878,0.5395828485488892,0.5416826605796814,0.5907935500144958,0.4909015893936157,0.47813698649406433,0.5284439325332642,0.4351743161678314,0.49893054366111755,0.6037664413452148,0.4144771993160248,0.4234316349029541,0.4273223578929901,0.5260621309280396,0.6557260751724243,0.4820186495780945,0.6548770666122437,0.5462614297866821,0.6872703433036804,0.4752674996852875,0.686952531337738,0.5500016808509827,0.7467838525772095,0.4716581106185913,0.7577740550041199
123,0.5098575949668884,0.5173430442810059,0.5425800085067749,0.5431081056594849,0.5857728719711304,0.5003184080123901,0.47402507066726685,0.5340331792831421,0.4359152317047119,0.49880558252334595,0.6018670797348022,0.41744789481163025,0.42213067412376404,0.4304552674293518,0.5272133350372314,0.656146764755249,0.4811497926712036,0.6552844047546387,0.5417580604553223,0.684880256652832,0.47757387161254883,0.6834983229637146,0.551418125629425,0.7472823858261108,0.4703952670097351,0.7593482732772827
124,0.5040395259857178,0.5269794464111328,0.5385891199111938,0.5439813137054443,0.5845519304275513,0.4980655312538147,0.4675714373588562,0.5356255769729614,0.43369990587234497,0.49885106086730957,0.5981427431106567,0.42229849100112915,0.41934844851493835,0.4461074769496918,0.5272783041000366,0.6438040733337402,0.4824560880661011,0.6436334848403931,0.5313694477081299,0.6766407489776611,0.4768809676170349,0.6737258434295654,0.5483404397964478,0.7505143880844116,0.46894893050193787,0.7575269937515259
125,0.5086920857429504,0.5275415778160095,0.5420871376991272,0.5422618389129639,0.5867565870285034,0.495755672454834,0.4734652042388916,0.5380863547325134,0.43706458806991577,0.5007309317588806,0.5974674224853516,0.42099782824516296,0.4226764142513275,0.45385345816612244,0.530768632888794,0.6575548648834229,0.4849013686180115,0.6509796977043152,0.5397957563400269,0.681870698928833,0.47875282168388367,0.6793467998504639,0.5525001883506775,0.7466341853141785,0.4689515233039856,0.755623459815979
126,0.503558874130249,0.5278648734092712,0.5391246676445007,0.5456501841545105,0.5878555774688721,0.5060963034629822,0.4708879888057709,0.5386285781860352,0.4373217225074768,0.4996575713157654,0.5984508991241455,0.42835474014282227,0.4227924942970276,0.45467185974121094,0.5298881530761719,0.6524220705032349,0.4848714768886566,0.6517472267150879,0.541828989982605,0.6766061186790466,0.48139894008636475,0.6752375364303589,0.5550552606582642,0.7464035749435425,0.47024959325790405,0.7544142007827759
127,0.5052590370178223,0.5318564176559448,0.5392014980316162,0.5481966733932495,0.5914474129676819,0.5051072239875793,0.47197216749191284,0.5408416390419006,0.43465423583984375,0.500362753868103,0.5998649597167969,0.43670302629470825,0.42076045274734497,0.4512554109096527,0.5277778506278992,0.6557501554489136,0.48387759923934937,0.6546127200126648,0.543544590473175,0.6775605082511902,0.47829669713974,0.6756844520568848,0.5524185299873352,0.7469180822372437,0.47033771872520447,0.7561510801315308
128,0.5095287561416626,0.5310149788856506,0.5421335697174072,0.5488958358764648,0.5897975564002991,0.5033782720565796,0.4707047939300537,0.542984127998352,0.4350890815258026,0.5031128525733948,0.5968928933143616,0.42960891127586365,0.42017197608947754,0.452328085899353,0.5301785469055176,0.655211865901947,0.48445984721183777,0.6545880436897278,0.5403119325637817,0.6716932654380798,0.48046112060546875,0.6678460836410522,0.5521036982536316,0.7447456121444702,0.4717046916484833,0.7535678744316101
129,0.5080163478851318,0.5321776270866394,0.5407561659812927,0.5516489744186401,0.5892223119735718,0.5075250864028931,0.4705871045589447,0.5439711809158325,0.43397796154022217,0.5012161731719971,0.5963563919067383,0.4344418942928314,0.41814833879470825,0.4514949321746826,0.5290015935897827,0.653925895690918,0.48440396785736084,0.6539647579193115,0.5437904596328735,0.6734909415245056,0.48059600591659546,0.6702699065208435,0.5549635887145996,0.746813178062439,0.47325262427330017,0.7544550895690918
130,0.5086884498596191,0.5340855121612549,0.5392565727233887,0.5563797950744629,0.5878818035125732,0.5101324319839478,0.47296369075775146,0.5492337942123413,0.43216657638549805,0.5025004744529724,0.5957202911376953,0.4371426999568939,0.4176780581474304,0.450817346572876,0.5292906761169434,0.6556682586669922,0.4863591194152832,0.6560245156288147,0.5448985695838928,0.6728963255882263,0.48014718294143677,0.6699777841567993,0.551692008972168,0.7462167739868164,0.47213077545166016,0.7555519342422485
131,0.5079015493392944,0.5337251424789429,0.5387870073318481,0.5582222938537598,0.5875580906867981,0.5110637545585632,0.47242772579193115,0.5509358644485474,0.43097376823425293,0.499545156955719,0.5954935550689697,0.44519054889678955,0.41433367133140564,0.44848746061325073,0.5315412282943726,0.6538474559783936,0.4877966344356537,0.6545156240463257,0.5428317785263062,0.6715102195739746,0.4801962077617645,0.6691455841064453,0.5530211925506592,0.7460305094718933,0.47191593050956726,0.7556821703910828
132,0.5071778297424316,0.5326970219612122,0.541869580745697,0.55467289686203,0.5869813561439514,0.5228255987167358,0.46641600131988525,0.5475754141807556,0.4293975532054901,0.5090118646621704,0.6020313501358032,0.4490055441856384,0.4116092920303345,0.4572772681713104,0.5326425433158875,0.6539461016654968,0.4868548810482025,0.6536659598350525,0.5387271642684937,0.6595858931541443,0.48339152336120605,0.653752863407135,0.5544466972351074,0.7418953776359558,0.47362563014030457,0.7520028948783875
133,0.5056391954421997,0.5333960056304932,0.5376085042953491,0.555717408657074,0.5864242315292358,0.5245679616928101,0.46491771936416626,0.5486730337142944,0.42800211906433105,0.5100956559181213,0.5999369025230408,0.44702982902526855,0.41105931997299194,0.4547976851463318,0.5306745767593384,0.6540026664733887,0.4850504994392395,0.6539444327354431,0.5378115177154541,0.6608054041862488,0.484809935092926,0.6532371044158936,0.5549328923225403,0.7438480257987976,0.4705669581890106,0.7510356903076172
134,0.5069910883903503,0.5333120226860046,0.5377122163772583,0.5551797151565552,0.5864764451980591,0.5233514308929443,0.46598610281944275,0.5487610697746277,0.4275716245174408,0.5091904401779175,0.599398672580719,0.44476842880249023,0.41139742732048035,0.45592278242111206,0.5295991897583008,0.6459696888923645,0.4844362735748291,0.6530420184135437,0.5370163321495056,0.6595914959907532,0.48485267162323,0.6521978378295898,0.5547832250595093,0.7438160181045532,0.4709925651550293,0.7511827945709229
135,0.5074046850204468,0.5337603688240051,0.5388140678405762,0.5568709373474121,0.588289201259613,0.5218890905380249,0.4664461314678192,0.5499133467674255,0.42729946970939636,0.5083279013633728,0.6015075445175171,0.44464966654777527,0.41129228472709656,0.4540615975856781,0.5310545563697815,0.6550978422164917,0.48572656512260437,0.6551185250282288,0.5375652313232422,0.6636583805084229,0.48206827044487,0.6575940251350403,0.5546579957008362,0.7454124689102173,0.4718552231788635,0.75161212682724
136,0.5074800848960876,0.5337430238723755,0.5412347316741943,0.5550931692123413,0.588594913482666,0.5208178758621216,0.466035932302475,0.5476018190383911,0.42977309226989746,0.5055844187736511,0.6011900901794434,0.4428545832633972,0.4112383723258972,0.4512541890144348,0.5317586064338684,0.6528775095939636,0.48533064126968384,0.6527013182640076,0.535133421421051,0.6615346670150757,0.4806443154811859,0.6547658443450928,0.5536583662033081,0.7442647814750671,0.4718291759490967,0.7513014674186707
137,0.5094730257987976,0.5329374670982361,0.541285514831543,0.5563811659812927,0.5881049633026123,0.5211020708084106,0.4709143042564392,0.5490238070487976,0.43062490224838257,0.50579434633255,0.6009746193885803,0.44156140089035034,0.41765183210372925,0.4518369138240814,0.5315431952476501,0.6525130271911621,0.48761269450187683,0.6515042781829834,0.5355800986289978,0.666413426399231,0.4785758852958679,0.6591145396232605,0.5528839230537415,0.746424674987793,0.4709092974662781,0.750541090965271
138,0.5101922750473022,0.5302255749702454,0.5416849851608276,0.560562789440155,0.5893841981887817,0.5185635089874268,0.47479721903800964,0.5517786741256714,0.4323670566082001,0.5122171640396118,0.6024236679077148,0.4347042441368103,0.4186666011810303,0.4518910050392151,0.5305353403091431,0.6580221056938171,0.48622462153434753,0.6551675796508789,0.5324587821960449,0.6732770800590515,0.4775446355342865,0.6666855812072754,0.550444483757019,0.7455648183822632,0.47024524211883545,0.750630259513855
139,0.5086808204650879,0.5277899503707886,0.5367828607559204,0.5517575144767761,0.5906912088394165,0.5153999328613281,0.47663432359695435,0.543027937412262,0.4349985718727112,0.5000945329666138,0.6019936800003052,0.43918269872665405,0.41780251264572144,0.4482044577598572,0.527924656867981,0.6538182497024536,0.4877459406852722,0.6526010036468506,0.5439861416816711,0.6777687072753906,0.47771185636520386,0.674128532409668,0.549790620803833,0.7421709299087524,0.4731740653514862,0.7525390386581421
140,0.5135632753372192,0.5230089426040649,0.5390456914901733,0.554014265537262,0.5921744108200073,0.5125600099563599,0.47937270998954773,0.5438879728317261,0.43542879819869995,0.5067487955093384,0.6027736067771912,0.4273614287376404,0.4200081527233124,0.4509214758872986,0.5287517309188843,0.6550750732421875,0.4883440434932709,0.6541589498519897,0.5399888157844543,0.6712462902069092,0.4819970726966858,0.6683041453361511,0.5522980093955994,0.7437353134155273,0.47437477111816406,0.751380443572998
141,0.5096430778503418,0.5198957920074463,0.5424681901931763,0.5423647165298462,0.5872726440429688,0.5036455392837524,0.4728356599807739,0.5331244468688965,0.434990257024765,0.4991706311702728,0.601498544216156,0.4212381839752197,0.413998544216156,0.4379015862941742,0.5275686383247375,0.6566639542579651,0.48274892568588257,0.656248152256012,0.5362151861190796,0.670136570930481,0.4813985228538513,0.6725670099258423,0.543998122215271,0.7453038692474365,0.47059953212738037,0.756563127040863
142,0.5085829496383667,0.5036872625350952,0.5420741438865662,0.5350332856178284,0.590910017490387,0.4937540888786316,0.47561928629875183,0.5273807644844055,0.4332495629787445,0.49930328130722046,0.6030156016349792,0.4192255139350891,0.4174122214317322,0.42790529131889343,0.5264651775360107,0.6465274691581726,0.4809378981590271,0.6476523280143738,0.538148045539856,0.6827594041824341,0.4792240560054779,0.6837586760520935,0.549621045589447,0.7488155364990234,0.4690902829170227,0.7604398131370544
143,0.5093709230422974,0.49885839223861694,0.541069746017456,0.5284101366996765,0.5878794193267822,0.48900240659713745,0.4760761857032776,0.5231767892837524,0.43350648880004883,0.4989088177680969,0.6028397083282471,0.420868843793869,0.41535234451293945,0.41938161849975586,0.5289390087127686,0.6469754576683044,0.4811374843120575,0.6476925015449524,0.5351104736328125,0.6717612743377686,0.47733765840530396,0.6665322780609131,0.5517983436584473,0.7460982203483582,0.4688030183315277,0.7549517154693604
144,0.5170177817344666,0.48886072635650635,0.5499939918518066,0.521795392036438,0.5889409780502319,0.46311911940574646,0.48048490285873413,0.5139777660369873,0.4359063506126404,0.47300469875335693,0.605866551399231,0.4030842185020447,0.4202868938446045,0.41712337732315063,0.5313014984130859,0.6368840336799622,0.4876271188259125,0.6380842924118042,0.5427069664001465,0.6730978488922119,0.4773496091365814,0.6686181426048279,0.5525656938552856,0.7488419413566589,0.46700018644332886,0.7584368586540222
145,0.5165179967880249,0.4793023467063904,0.5418999195098877,0.509827733039856,0.5839776992797852,0.4640507102012634,0.4771864116191864,0.5017566680908203,0.43998873233795166,0.46916383504867554,0.606631875038147,0.40390416979789734,0.4218122661113739,0.3963404595851898,0.5252323150634766,0.6191201210021973,0.48445379734039307,0.619562566280365,0.5456482172012329,0.6651738882064819,0.4853334128856659,0.6566523909568787,0.5529522895812988,0.7442744970321655,0.46817439794540405,0.756123423576355
146,0.5201207399368286,0.46902996301651,0.5426651835441589,0.5009438991546631,0.5885998010635376,0.4532853364944458,0.4810944199562073,0.4983747601509094,0.44707056879997253,0.45550113916397095,0.6068866848945618,0.392056405544281,0.42196425795555115,0.38830482959747314,0.5243562459945679,0.6159107089042664,0.4831281304359436,0.6150357127189636,0.5465211868286133,0.6723877787590027,0.47873878479003906,0.669496476650238,0.552111029624939,0.743700385093689,0.47067391872406006,0.7533080577850342
147,0.516463041305542,0.4644958972930908,0.5446860790252686,0.5012495517730713,0.5916555523872375,0.4437030553817749,0.47682079672813416,0.4917159974575043,0.44469547271728516,0.44907161593437195,0.6056003570556641,0.3863261640071869,0.4214162826538086,0.37810617685317993,0.5244805216789246,0.6079466938972473,0.48239874839782715,0.6070629954338074,0.5411299467086792,0.671573281288147,0.4790177345275879,0.6618744730949402,0.5480451583862305,0.7427574396133423,0.46894463896751404,0.7496271133422852
148,0.5162839293479919,0.4601706862449646,0.5402829647064209,0.4936083257198334,0.5895363092422485,0.44040077924728394,0.4747578799724579,0.48695480823516846,0.4402846097946167,0.4290897846221924,0.603551983833313,0.38522595167160034,0.42107510566711426,0.3791184425354004,0.5244240164756775,0.6073628067970276,0.4819655120372772,0.6065597534179688,0.5406771898269653,0.6610458493232727,0.48026248812675476,0.653767466545105,0.5474265813827515,0.74245285987854,0.46885940432548523,0.7506595849990845
149,0.5169731378555298,0.4524326026439667,0.5422963500022888,0.48195016384124756,0.590035617351532,0.42912042140960693,0.4768660068511963,0.47859108448028564,0.44274479150772095,0.4228872060775757,0.6069201827049255,0.3855963349342346,0.4174787700176239,0.3747337758541107,0.5245581269264221,0.6040558815002441,0.4820828139781952,0.6023752689361572,0.5343140363693237,0.6578457355499268,0.47777700424194336,0.6574386954307556,0.544775664806366,0.7439048290252686,0.4669724106788635,0.7499518394470215
150,0.5177621841430664,0.45012232661247253,0.5420503616333008,0.47966331243515015,0.589107096195221,0.42447394132614136,0.4751227796077728,0.4794158637523651,0.44257497787475586,0.42121344804763794,0.6071085929870605,0.3773939609527588,0.4192832410335541,0.36223217844963074,0.5230388641357422,0.5992875695228577,0.4811478853225708,0.5980323553085327,0.5347303748130798,0.6579896211624146,0.4805701971054077,0.6557397246360779,0.5471781492233276,0.7413160800933838,0.4682792127132416,0.7493129968643188
151,0.517747163772583,0.4515335261821747,0.5460907220840454,0.479836642742157,0.5914723873138428,0.4146338403224945,0.4744846820831299,0.4779432713985443,0.44882258772850037,0.4048559367656708,0.606145977973938,0.3605172336101532,0.42311131954193115,0.36916840076446533,0.5238479375839233,0.5970348119735718,0.48131221532821655,0.595482349395752,0.5290440917015076,0.6562334299087524,0.47448068857192993,0.6501540541648865,0.5461748838424683,0.7425823211669922,0.46445581316947937,0.7482342720031738
152,0.5154808759689331,0.4418085217475891,0.5448970198631287,0.4770141839981079,0.5954098701477051,0.40870341658592224,0.46943604946136475,0.4684477746486664,0.4474223256111145,0.4013593792915344,0.6013807058334351,0.35353100299835205,0.42606136202812195,0.35338151454925537,0.5216985940933228,0.5860601663589478,0.48145824670791626,0.5841997265815735,0.532760500907898,0.6525812149047852,0.4728531837463379,0.6528478860855103,0.5452315211296082,0.7424582839012146,0.46518099308013916,0.7481670379638672
153,0.5168966054916382,0.4053109884262085,0.5459282398223877,0.45062240958213806,0.5970861315727234,0.38336095213890076,0.4717179536819458,0.4463375508785248,0.44783324003219604,0.39826035499572754,0.6024734973907471,0.33726078271865845,0.4228287935256958,0.3344646692276001,0.5273117423057556,0.5694493055343628,0.48172780871391296,0.56817626953125,0.5382698774337769,0.6507209539413452,0.46518176794052124,0.653369128704071,0.5441060066223145,0.7468169927597046,0.4652668833732605,0.7513214349746704
154,0.5180930495262146,0.40230387449264526,0.5465918779373169,0.4472058415412903,0.5970970392227173,0.37882357835769653,0.4734479784965515,0.4421836733818054,0.4457542598247528,0.38820880651474,0.6023590564727783,0.33481642603874207,0.42358720302581787,0.33308613300323486,0.5285376310348511,0.5673221349716187,0.4839492440223694,0.5656728148460388,0.5377459526062012,0.6530418992042542,0.4665490388870239,0.6542885303497314,0.5444715619087219,0.7482880353927612,0.4660068154335022,0.7517077326774597
155,0.5150746703147888,0.39961540699005127,0.5417225360870361,0.43706440925598145,0.5887267589569092,0.37695595622062683,0.4695672392845154,0.4346984326839447,0.4455128312110901,0.375912070274353,0.6021349430084229,0.3367299437522888,0.4240769147872925,0.3268354535102844,0.5292779803276062,0.5609940886497498,0.4836086928844452,0.5609066486358643,0.537517786026001,0.6509420275688171,0.4675142168998718,0.6520988941192627,0.543913722038269,0.7465936541557312,0.4668557345867157,0.750281572341919
156,0.5135033130645752,0.39737340807914734,0.5492129325866699,0.43263575434684753,0.5931263566017151,0.37104877829551697,0.4761243760585785,0.4309205710887909,0.4593528211116791,0.3725028932094574,0.6057695150375366,0.3169150650501251,0.430353045463562,0.31771332025527954,0.5341664552688599,0.5658441185951233,0.48463451862335205,0.5650230646133423,0.5428409576416016,0.653573751449585,0.46642956137657166,0.654213547706604,0.5433269739151001,0.7473102807998657,0.4665554463863373,0.7501767873764038
157,0.5191386938095093,0.3827598989009857,0.5511758327484131,0.42555516958236694,0.5880852937698364,0.36204275488853455,0.4741631746292114,0.4244071841239929,0.45133790373802185,0.35718435049057007,0.6010734438896179,0.29363787174224854,0.42748937010765076,0.2992238998413086,0.5301964282989502,0.5535387992858887,0.48231828212738037,0.5521984100341797,0.5303922891616821,0.6551032662391663,0.47419875860214233,0.6487070322036743,0.5425237417221069,0.7475444674491882,0.46840858459472656,0.7492644786834717
158,0.5172554850578308,0.3818811774253845,0.5502936244010925,0.42575618624687195,0.5893174409866333,0.3601904511451721,0.47347578406333923,0.4239235818386078,0.4509621262550354,0.3514603078365326,0.5976986885070801,0.293792724609375,0.43224629759788513,0.2960008382797241,0.5310264825820923,0.5515012145042419,0.483531653881073,0.5496883392333984,0.5369475483894348,0.648200511932373,0.4714326858520508,0.6472112536430359,0.541839063167572,0.7461063861846924,0.46793481707572937,0.7477337121963501
159,0.5195322632789612,0.3822718858718872,0.5506493449211121,0.42221030592918396,0.5884502530097961,0.3599003255367279,0.47287923097610474,0.4195190370082855,0.45315122604370117,0.35632699728012085,0.6002140641212463,0.28915417194366455,0.4339926838874817,0.2887280285358429,0.529386579990387,0.5456132888793945,0.48324859142303467,0.544870913028717,0.5367048978805542,0.6468431949615479,0.4738334119319916,0.6468510031700134,0.5416104793548584,0.7449804544448853,0.46836328506469727,0.7472521662712097
160,0.5155367255210876,0.3817232847213745,0.5512951016426086,0.41750895977020264,0.5905664563179016,0.35628578066825867,0.4756779670715332,0.4164024591445923,0.45435771346092224,0.36078351736068726,0.5962671041488647,0.28803956508636475,0.43520674109458923,0.28749528527259827,0.5310368537902832,0.5407664179801941,0.48418861627578735,0.539802610874176,0.5381600260734558,0.6488339304924011,0.476449579000473,0.6439087390899658,0.5402210354804993,0.7463524341583252,0.4688495099544525,0.7465754747390747
161,0.5154920220375061,0.37958046793937683,0.552236795425415,0.40910840034484863,0.5913927555084229,0.35572704672813416,0.47435975074768066,0.4067382216453552,0.45477744936943054,0.35943925380706787,0.597640872001648,0.2857397496700287,0.4334096908569336,0.2930279076099396,0.5308291912078857,0.5367295742034912,0.48435863852500916,0.535418689250946,0.5384286642074585,0.6478358507156372,0.476583331823349,0.6430416107177734,0.5392022132873535,0.7460658550262451,0.4690093398094177,0.746161699295044
162,0.5163986682891846,0.3773404061794281,0.5546101331710815,0.4058939814567566,0.5913600921630859,0.3563084304332733,0.4825296103954315,0.4076634645462036,0.4631675183773041,0.3633882403373718,0.5998092889785767,0.2971518933773041,0.43736714124679565,0.2918657958507538,0.5334462523460388,0.53823322057724,0.4856468141078949,0.5364216566085815,0.5394647121429443,0.6474119424819946,0.4780881106853485,0.6424306035041809,0.5406972169876099,0.745710551738739,0.46886831521987915,0.7474581003189087
163,0.515379786491394,0.3742539584636688,0.5566195249557495,0.4087197780609131,0.5902894735336304,0.3584032654762268,0.4858549237251282,0.40687739849090576,0.4628640413284302,0.36003702878952026,0.5996175408363342,0.29643893241882324,0.4389418065547943,0.29353880882263184,0.5309369564056396,0.534636914730072,0.48441046476364136,0.5324926376342773,0.5380315780639648,0.6475618481636047,0.47499334812164307,0.6437350511550903,0.5399203300476074,0.746416449546814,0.4658930003643036,0.7493398189544678
164,0.5167845487594604,0.3731399178504944,0.5585988759994507,0.4093562364578247,0.590919554233551,0.35720691084861755,0.48476260900497437,0.4057922959327698,0.47012805938720703,0.35907232761383057,0.6014082431793213,0.29618600010871887,0.43767938017845154,0.28870466351509094,0.5320717096328735,0.536362886428833,0.4859797954559326,0.5342880487442017,0.5318697690963745,0.653424859046936,0.4811244010925293,0.6486578583717346,0.5409872531890869,0.7446752786636353,0.4701917767524719,0.7502669095993042
165,0.5191419124603271,0.369668573141098,0.5603396892547607,0.4053106904029846,0.5948967337608337,0.350726455450058,0.4831346869468689,0.4029620289802551,0.4575483798980713,0.34788018465042114,0.6029443740844727,0.28531157970428467,0.4286263585090637,0.28648245334625244,0.5335215330123901,0.530396044254303,0.48484480381011963,0.5288670063018799,0.535228967666626,0.642615795135498,0.47908246517181396,0.641862154006958,0.5411672592163086,0.7439245581626892,0.4711596667766571,0.7497438192367554
166,0.5186750888824463,0.3684562146663666,0.5592929124832153,0.4002177119255066,0.5938938856124878,0.35323354601860046,0.4844626188278198,0.39824098348617554,0.457377165555954,0.34484729170799255,0.6023098230361938,0.28548747301101685,0.4364485442638397,0.2864653766155243,0.5341598987579346,0.5298875570297241,0.4863819479942322,0.5279848575592041,0.5351983308792114,0.6415988206863403,0.4811142385005951,0.6404133439064026,0.5406737327575684,0.7438170313835144,0.4703735113143921,0.7495684027671814
167,0.5207792520523071,0.36495137214660645,0.5556244254112244,0.40028178691864014,0.5959761738777161,0.3485417366027832,0.4851711392402649,0.3983493447303772,0.45659884810447693,0.3396308422088623,0.6001664400100708,0.2878507673740387,0.433947890996933,0.2888214588165283,0.5316118001937866,0.5320020318031311,0.4844523072242737,0.5311315059661865,0.5319421887397766,0.6456258296966553,0.47911131381988525,0.6452140808105469,0.5402699708938599,0.7450194358825684,0.47148463129997253,0.7513077259063721
168,0.515301525592804,0.3731411397457123,0.5518736839294434,0.39943620562553406,0.5890005230903625,0.339575856924057,0.487826943397522,0.3995836675167084,0.4656575620174408,0.3362332582473755,0.6007406711578369,0.2835237979888916,0.4347754716873169,0.2841275930404663,0.5331689119338989,0.5285770893096924,0.4879665970802307,0.526075005531311,0.5293018221855164,0.6426798105239868,0.4767100214958191,0.6427143812179565,0.5369353890419006,0.7464839816093445,0.47003036737442017,0.7507955431938171
169,0.5167852640151978,0.36868423223495483,0.552653431892395,0.3945729434490204,0.5900452136993408,0.341397762298584,0.4911156892776489,0.39411184191703796,0.462474524974823,0.3342548608779907,0.6011756658554077,0.28483590483665466,0.43160033226013184,0.28248000144958496,0.5328653454780579,0.5255553722381592,0.4895440340042114,0.5233807563781738,0.5304750800132751,0.639319658279419,0.4796167016029358,0.6375700235366821,0.5382001996040344,0.7440580725669861,0.4682021141052246,0.7473272681236267
170,0.519405722618103,0.36645275354385376,0.5570482015609741,0.392659068107605,0.5896186232566833,0.3409329354763031,0.4940664768218994,0.3953036069869995,0.4627402424812317,0.3355373740196228,0.6023688912391663,0.28167885541915894,0.43689200282096863,0.2808876037597656,0.5344873666763306,0.5233422517776489,0.49091824889183044,0.5216774940490723,0.5314960479736328,0.6393392086029053,0.4803768992424011,0.6374431848526001,0.5374582409858704,0.7427465319633484,0.4691382050514221,0.7468682527542114
171,0.5204281806945801,0.36382779479026794,0.5594205856323242,0.39233314990997314,0.5903511047363281,0.3425406813621521,0.4945729374885559,0.39449915289878845,0.4655025005340576,0.33343133330345154,0.6011835336685181,0.28059735894203186,0.4376767873764038,0.2779735326766968,0.5348993539810181,0.5241729617118835,0.489780068397522,0.5224504470825195,0.5340068340301514,0.6398608684539795,0.4809182584285736,0.6384344100952148,0.5373026132583618,0.7432496547698975,0.46771523356437683,0.747054934501648
172,0.5204562544822693,0.3609619736671448,0.5574084520339966,0.3893739879131317,0.5900994539260864,0.34043753147125244,0.49691343307495117,0.39026451110839844,0.46822986006736755,0.3287474513053894,0.6022007465362549,0.2817032039165497,0.43910452723503113,0.2798052430152893,0.5346081256866455,0.5188539028167725,0.49041688442230225,0.5174905061721802,0.5360939502716064,0.6343709826469421,0.4798680543899536,0.6350710391998291,0.5401869416236877,0.7412771582603455,0.4689750075340271,0.7487565279006958
173,0.5189001560211182,0.3605908751487732,0.5560017228126526,0.3888317942619324,0.5758726596832275,0.3500657081604004,0.4949486255645752,0.39004823565483093,0.4694710373878479,0.3299814462661743,0.6010671854019165,0.28101664781570435,0.43948864936828613,0.2789321541786194,0.533444344997406,0.5197582840919495,0.4891224801540375,0.5177292227745056,0.5344986915588379,0.6356014609336853,0.47925588488578796,0.634846568107605,0.5381625294685364,0.7426361441612244,0.4685669541358948,0.7478834390640259
174,0.5193813443183899,0.3600130081176758,0.557093620300293,0.38921988010406494,0.5765072107315063,0.34961992502212524,0.4958721399307251,0.3907562494277954,0.46978268027305603,0.33104607462882996,0.6004013419151306,0.2775801420211792,0.4406135082244873,0.2785775661468506,0.5340968370437622,0.5195620656013489,0.48935723304748535,0.5178542733192444,0.5383321642875671,0.6356402635574341,0.48023563623428345,0.6354926228523254,0.539315938949585,0.7417014837265015,0.46843332052230835,0.7481972575187683
175,0.5189478397369385,0.35920339822769165,0.5575646162033081,0.3876081109046936,0.5897830724716187,0.3389934003353119,0.4947529733181,0.389944851398468,0.4700816869735718,0.3282184302806854,0.6016864776611328,0.27448320388793945,0.4319695234298706,0.2751217782497406,0.5365848541259766,0.5193783044815063,0.49029025435447693,0.5177743434906006,0.5372788906097412,0.6316918730735779,0.4819445013999939,0.6351358294487,0.5424034595489502,0.7403690218925476,0.47078078985214233,0.7487553954124451
176,0.5177245140075684,0.3596535623073578,0.5554210543632507,0.3869569003582001,0.5892552137374878,0.34105342626571655,0.49657806754112244,0.3916521668434143,0.4688095450401306,0.3289285898208618,0.6007134318351746,0.2771000564098358,0.4327143132686615,0.27609923481941223,0.5374268293380737,0.5208612084388733,0.4913925528526306,0.5182188749313354,0.5360772609710693,0.629907488822937,0.4829079806804657,0.6339247226715088,0.5431928634643555,0.7396208047866821,0.4703819751739502,0.7473361492156982
177,0.5182431936264038,0.3589468002319336,0.5592730045318604,0.39141136407852173,0.5913479328155518,0.3390786349773407,0.4972430467605591,0.3906722068786621,0.4674999415874481,0.3269062042236328,0.6013660430908203,0.27454471588134766,0.4329878091812134,0.2754800319671631,0.5407543182373047,0.5202502608299255,0.493356317281723,0.5172586441040039,0.5379281044006348,0.6291074156761169,0.47438013553619385,0.6313087940216064,0.5454950332641602,0.739145040512085,0.4741644561290741,0.7496956586837769
178,0.5182607769966125,0.35822999477386475,0.5572590231895447,0.3864378333091736,0.5922309756278992,0.3361525535583496,0.4941561818122864,0.3886869549751282,0.4656934440135956,0.3249651789665222,0.6038227677345276,0.2734720706939697,0.43067193031311035,0.27543169260025024,0.5414854884147644,0.5198984742164612,0.4932054281234741,0.5170717239379883,0.5388044118881226,0.6296492218971252,0.4740050435066223,0.6323202252388,0.547130823135376,0.7394835352897644,0.4750136733055115,0.7501806616783142
179,0.5191009044647217,0.3576832711696625,0.5580346584320068,0.3868548274040222,0.5927326083183289,0.33536097407341003,0.495155394077301,0.38847729563713074,0.46599143743515015,0.32411518692970276,0.6035037040710449,0.273728609085083,0.43119189143180847,0.2755231261253357,0.5425143241882324,0.5198246240615845,0.49401554465293884,0.5167890787124634,0.5399944186210632,0.6279054880142212,0.4743025004863739,0.632233738899231,0.5476908683776855,0.7393879294395447,0.4765622615814209,0.7510765790939331
180,0.5209030508995056,0.35513100028038025,0.5634977221488953,0.3896542489528656,0.5949137210845947,0.33060407638549805,0.49940919876098633,0.38929006457328796,0.4740566909313202,0.3282262086868286,0.6028090119361877,0.2720640003681183,0.42994213104248047,0.2753776013851166,0.5373764038085938,0.5148441195487976,0.4947347640991211,0.5150033235549927,0.5457043647766113,0.6281309723854065,0.4734431505203247,0.630525529384613,0.5487520694732666,0.7395455837249756,0.47416600584983826,0.746096134185791
181,0.5210248231887817,0.3544698655605316,0.5628446340560913,0.38766223192214966,0.5951532125473022,0.3352828621864319,0.49745768308639526,0.3858601748943329,0.4686523377895355,0.3298730254173279,0.6048195362091064,0.2742851972579956,0.42861708998680115,0.27660268545150757,0.5435171127319336,0.5157800316810608,0.493061900138855,0.5132331848144531,0.541725218296051,0.6295450925827026,0.48137781023979187,0.6330101490020752,0.5487327575683594,0.7378848791122437,0.4720025658607483,0.7454702258110046
182,0.5217191576957703,0.353963702917099,0.5640476942062378,0.3891803026199341,0.5956885814666748,0.3295605182647705,0.4978810250759125,0.3865435719490051,0.47510606050491333,0.3297170102596283,0.6075912714004517,0.27201133966445923,0.42779606580734253,0.27418094873428345,0.5367326736450195,0.5121402740478516,0.49513018131256104,0.5131459832191467,0.5440162420272827,0.6299704313278198,0.4718977212905884,0.6293513774871826,0.5461361408233643,0.7392280101776123,0.47126802802085876,0.7444515228271484
183,0.5203666687011719,0.3548298478126526,0.5628470182418823,0.38670477271080017,0.5957684516906738,0.33168432116508484,0.4943985342979431,0.38521385192871094,0.4669543504714966,0.3278414011001587,0.6076029539108276,0.27526599168777466,0.42539840936660767,0.27631595730781555,0.5359742641448975,0.5099291801452637,0.4943193793296814,0.5106651782989502,0.5456469655036926,0.6258171796798706,0.48093506693840027,0.6275229454040527,0.5475606918334961,0.7391060590744019,0.47080934047698975,0.7442879676818848
184,0.519927442073822,0.3552842140197754,0.5629884004592896,0.38745829463005066,0.5959813594818115,0.33110737800598145,0.49365025758743286,0.38637858629226685,0.4666234254837036,0.32782885432243347,0.6064850687980652,0.2748073637485504,0.42760300636291504,0.27576979994773865,0.5360399484634399,0.5112252235412598,0.49412471055984497,0.5116184949874878,0.5459020137786865,0.627308189868927,0.4807884693145752,0.6288763880729675,0.5475398302078247,0.7392477989196777,0.4711261987686157,0.7439327239990234
185,0.5204852819442749,0.35488563776016235,0.5635881423950195,0.3877503573894501,0.5931400656700134,0.3280753791332245,0.49472445249557495,0.38669198751449585,0.4770326316356659,0.33125704526901245,0.6055939197540283,0.27370724081993103,0.42868754267692566,0.27533918619155884,0.5365649461746216,0.5111238956451416,0.4943307042121887,0.5117360353469849,0.5473991632461548,0.6256899833679199,0.481232613325119,0.6263022422790527,0.547946572303772,0.7391167879104614,0.4705069065093994,0.7454702854156494
186,0.5188273191452026,0.3550366163253784,0.5625208616256714,0.3873847424983978,0.5986016392707825,0.3282272517681122,0.4937530755996704,0.3862440288066864,0.47535091638565063,0.3322029709815979,0.6048373579978943,0.2745588421821594,0.4286939799785614,0.2758406400680542,0.5364216566085815,0.5116614699363708,0.494657039642334,0.5120189189910889,0.5469236373901367,0.6247847676277161,0.4811556041240692,0.625394344329834,0.5482786893844604,0.7391037344932556,0.47063517570495605,0.7448468208312988
187,0.5186076760292053,0.3554811477661133,0.5612285137176514,0.38790518045425415,0.5974230170249939,0.3293672502040863,0.4943149983882904,0.38708603382110596,0.47637519240379333,0.33343368768692017,0.6056563258171082,0.27351436018943787,0.43010446429252625,0.276688814163208,0.5449131727218628,0.5159381628036499,0.49405109882354736,0.5129715204238892,0.5446672439575195,0.627987265586853,0.47910332679748535,0.6302543878555298,0.5486232042312622,0.7385680079460144,0.4706522822380066,0.7458959817886353
188,0.5181241631507874,0.3551100194454193,0.5610464215278625,0.3879510164260864,0.5961102843284607,0.33313196897506714,0.49364739656448364,0.3867950141429901,0.47665080428123474,0.3324688673019409,0.6066166162490845,0.2747586965560913,0.42923682928085327,0.2766387164592743,0.5442010760307312,0.5161501169204712,0.4934133291244507,0.5132139921188354,0.5439194440841675,0.6277921199798584,0.47968846559524536,0.6311678886413574,0.5482946038246155,0.7385011911392212,0.4706226587295532,0.7467167377471924
189,0.5179039835929871,0.3564363121986389,0.559705376625061,0.3874446153640747,0.5967171788215637,0.33421069383621216,0.49343547224998474,0.3871011435985565,0.46768540143966675,0.3280223608016968,0.6076902151107788,0.27465105056762695,0.4291050136089325,0.2756746709346771,0.542150616645813,0.5139286518096924,0.4922393560409546,0.5114244818687439,0.5414073467254639,0.6264730095863342,0.47928673028945923,0.6273155212402344,0.5472241640090942,0.7382327318191528,0.46992141008377075,0.7440766096115112
190,0.5156408548355103,0.3561280369758606,0.5600136518478394,0.38812118768692017,0.6005222797393799,0.3387576937675476,0.48825281858444214,0.3849337100982666,0.46110519766807556,0.3327958583831787,0.6142987012863159,0.2811277508735657,0.42725488543510437,0.27810582518577576,0.5387340784072876,0.516354501247406,0.4891684055328369,0.5137457847595215,0.5362958908081055,0.6285241842269897,0.4770640730857849,0.6260461807250977,0.5434211492538452,0.7384401559829712,0.4671713709831238,0.7429280281066895
191,0.5156523585319519,0.3571852445602417,0.5645180940628052,0.3876986503601074,0.6059455871582031,0.34881991147994995,0.4887145161628723,0.384708046913147,0.4494059085845947,0.33757108449935913,0.615723729133606,0.28674080967903137,0.4309723377227783,0.27764058113098145,0.5402882099151611,0.5165354013442993,0.48847243189811707,0.5137823820114136,0.5384372472763062,0.6302871704101562,0.47581368684768677,0.6272680759429932,0.5445111989974976,0.7386559844017029,0.46594756841659546,0.7424846887588501
192,0.5225260257720947,0.3575076460838318,0.5662811994552612,0.3907986581325531,0.621242880821228,0.35503315925598145,0.5010846853256226,0.39364397525787354,0.4507257640361786,0.3547179698944092,0.6209799647331238,0.29393815994262695,0.446111261844635,0.28134793043136597,0.537260115146637,0.5202140808105469,0.48928892612457275,0.5168768167495728,0.537429690361023,0.6338759064674377,0.4784637689590454,0.6314451694488525,0.541031002998352,0.7414373755455017,0.4644061028957367,0.7437456846237183
193,0.5337334275245667,0.35479891300201416,0.5644211173057556,0.3928666114807129,0.631794810295105,0.362519234418869,0.49264705181121826,0.38994309306144714,0.43910086154937744,0.35937559604644775,0.6253730654716492,0.2970220446586609,0.4381304681301117,0.29413866996765137,0.5373654961585999,0.5115736722946167,0.49515876173973083,0.5126900672912598,0.5402364730834961,0.6304838061332703,0.4761752486228943,0.6256906986236572,0.5415309071540833,0.7375819087028503,0.46862563490867615,0.7425234317779541
194,0.5406017303466797,0.35321325063705444,0.568448543548584,0.3934832513332367,0.6366540193557739,0.3780243396759033,0.4909156262874603,0.392284631729126,0.42714619636535645,0.3801974654197693,0.6233369708061218,0.3128814399242401,0.43312162160873413,0.3199194073677063,0.5355304479598999,0.509152352809906,0.490345299243927,0.5128506422042847,0.5362710356712341,0.6370018124580383,0.4863833785057068,0.635796070098877,0.5440801978111267,0.739920973777771,0.4710461497306824,0.7462701797485352
195,0.5385057926177979,0.35647517442703247,0.5667638778686523,0.40116918087005615,0.634453535079956,0.3859015107154846,0.494470477104187,0.40191298723220825,0.4238583445549011,0.388002872467041,0.6400308609008789,0.33649390935897827,0.43206140398979187,0.33272290229797363,0.539887547492981,0.5139743685722351,0.49503183364868164,0.5157147645950317,0.5483365654945374,0.6390141844749451,0.4798440933227539,0.6356909871101379,0.5438715219497681,0.7449207305908203,0.47086161375045776,0.7452422380447388
196,0.5369359254837036,0.35677847266197205,0.5640252232551575,0.39830511808395386,0.6327269077301025,0.4004010856151581,0.4964063763618469,0.40030810236930847,0.4304347634315491,0.4035571217536926,0.6349421739578247,0.34027594327926636,0.42815491557121277,0.35987982153892517,0.5436097383499146,0.5145481824874878,0.49452707171440125,0.5149056315422058,0.5547608137130737,0.6366469264030457,0.48653101921081543,0.6324037313461304,0.5506613254547119,0.743672788143158,0.4732324779033661,0.7461762428283691
197,0.5365762710571289,0.3580361306667328,0.5637342929840088,0.4022715985774994,0.6269685626029968,0.41942018270492554,0.49620458483695984,0.40317702293395996,0.44440171122550964,0.42646586894989014,0.6351637840270996,0.3828812539577484,0.43458935618400574,0.39220482110977173,0.5491371154785156,0.5286387205123901,0.5008307099342346,0.5273310542106628,0.5485646724700928,0.648583173751831,0.4897323548793793,0.6398628950119019,0.5444352626800537,0.7473524808883667,0.47367966175079346,0.7478176355361938
198,0.5472224950790405,0.35364997386932373,0.5779469013214111,0.3997618854045868,0.6184086203575134,0.43614766001701355,0.49863192439079285,0.4006584882736206,0.45884066820144653,0.4430682361125946,0.6271650791168213,0.4190513491630554,0.4312070608139038,0.4472956657409668,0.5514775514602661,0.5225718021392822,0.5023214221000671,0.5219541788101196,0.5494779348373413,0.635294497013092,0.4963999390602112,0.6376267075538635,0.547740638256073,0.7413034439086914,0.47639280557632446,0.7443026304244995
199,0.5548138618469238,0.35614606738090515,0.5820431709289551,0.4026230573654175,0.6280079483985901,0.42947447299957275,0.5065255165100098,0.4007907509803772,0.4685274362564087,0.4508701264858246,0.6453815698623657,0.40539664030075073,0.43399810791015625,0.45514580607414246,0.5505079627037048,0.522536039352417,0.5032119750976562,0.520882248878479,0.5392106771469116,0.638837456703186,0.49583518505096436,0.6397244334220886,0.5451421737670898,0.7427195906639099,0.4756617546081543,0.745957612991333
200,0.5562719106674194,0.3554851710796356,0.5762090682983398,0.3982221484184265,0.6262294054031372,0.44113677740097046,0.5063689947128296,0.40332552790641785,0.4781515300273895,0.4603966176509857,0.6419453620910645,0.4222962260246277,0.44494688510894775,0.46104896068573,0.5617693662643433,0.5174639225006104,0.5153548717498779,0.5186625719070435,0.5667445659637451,0.6386374235153198,0.49977073073387146,0.638669490814209,0.5529884696006775,0.7433189749717712,0.4866860508918762,0.7462971210479736
201,0.5697649717330933,0.3500155210494995,0.5917844772338867,0.398878276348114,0.6212280988693237,0.4492548704147339,0.5237699747085571,0.39423638582229614,0.5020803213119507,0.4671388864517212,0.6416489481925964,0.4560759663581848,0.45458561182022095,0.49368488788604736,0.5805292129516602,0.5259637236595154,0.5302855372428894,0.5216357111930847,0.5732197165489197,0.6335542798042297,0.5414689779281616,0.6416109800338745,0.5648408532142639,0.7380530834197998,0.5436582565307617,0.7495428323745728
202,0.576781690120697,0.34994158148765564,0.582794189453125,0.39212846755981445,0.6046449542045593,0.4478415846824646,0.5401486158370972,0.38944894075393677,0.5231726169586182,0.4538910388946533,0.6489964723587036,0.4586716294288635,0.4916270673274994,0.5102385878562927,0.576712965965271,0.5273886919021606,0.5452932119369507,0.5257498025894165,0.5785132050514221,0.6445610523223877,0.5721293091773987,0.648872435092926,0.5754203200340271,0.7394489645957947,0.5727670192718506,0.7419754862785339
203,0.5824646353721619,0.347421258687973,0.593827486038208,0.3960305452346802,0.6150192022323608,0.4493579864501953,0.539706826210022,0.38715657591819763,0.5261894464492798,0.4576120376586914,0.6531215906143188,0.4626242518424988,0.5088738799095154,0.512321949005127,0.5871245265007019,0.5306954383850098,0.5501412153244019,0.5284394025802612,0.5856797099113464,0.6493593454360962,0.582558810710907,0.6488202810287476,0.5535339117050171,0.7473461031913757,0.5956392288208008,0.7580198049545288
204,0.5832229852676392,0.34638798236846924,0.5959925651550293,0.40037545561790466,0.6024042367935181,0.457531213760376,0.5413764715194702,0.3867037296295166,0.5295290946960449,0.45675384998321533,0.6505252718925476,0.4619407057762146,0.4961698055267334,0.5160835981369019,0.585434079170227,0.5308569669723511,0.5526111125946045,0.5289705991744995,0.587591290473938,0.6464630365371704,0.58050137758255,0.6488617658615112,0.5777286291122437,0.7506452798843384,0.5821754932403564,0.7507725954055786
205,0.591820478439331,0.3482004404067993,0.595107913017273,0.3983096778392792,0.6137237548828125,0.4598010778427124,0.5398367643356323,0.3822934329509735,0.5298447012901306,0.4614660143852234,0.6624170541763306,0.4698157012462616,0.501695454120636,0.5401371717453003,0.5844472646713257,0.5294888019561768,0.5546526312828064,0.527754545211792,0.5860545039176941,0.6455652713775635,0.5999794602394104,0.6481860876083374,0.5444722175598145,0.7460543513298035,0.6451123952865601,0.7616183757781982
206,0.5989516377449036,0.3506126403808594,0.6000187397003174,0.3971191346645355,0.6060616970062256,0.4594707190990448,0.5449763536453247,0.39103424549102783,0.5341049432754517,0.4614056944847107,0.6671766638755798,0.4756220281124115,0.506199061870575,0.5425798892974854,0.5858924388885498,0.5383009910583496,0.5643183588981628,0.5375166535377502,0.5897600650787354,0.6428848505020142,0.6060957312583923,0.6369001865386963,0.5457373261451721,0.7470760345458984,0.6671755313873291,0.7679075002670288
207,0.6000858545303345,0.34666335582733154,0.616875946521759,0.39546987414360046,0.6277756690979004,0.45437002182006836,0.551184892654419,0.3900213837623596,0.5426138639450073,0.4606245160102844,0.6776213645935059,0.4737982749938965,0.520061194896698,0.541732668876648,0.5941051244735718,0.5277443528175354,0.5631694793701172,0.5268419981002808,0.5965991020202637,0.6366247534751892,0.6083363890647888,0.6304866075515747,0.5478492975234985,0.7469601631164551,0.6737284660339355,0.7604497671127319
208,0.6230940818786621,0.3422301411628723,0.6432045698165894,0.3973533511161804,0.6572811603546143,0.45333826541900635,0.5690474510192871,0.38202184438705444,0.5472344160079956,0.45744431018829346,0.70496666431427,0.47656017541885376,0.5245227813720703,0.5397092700004578,0.6185162663459778,0.5324301719665527,0.5781520009040833,0.5312971472740173,0.6088522672653198,0.6410160064697266,0.627228856086731,0.640637993812561,0.5475867390632629,0.7411879301071167,0.688484787940979,0.7671288251876831
209,0.6452277302742004,0.335451602935791,0.6556383371353149,0.3864942789077759,0.6736509799957275,0.4473465383052826,0.5744363069534302,0.37291276454925537,0.5501638650894165,0.46292412281036377,0.7245875597000122,0.4733228087425232,0.5344177484512329,0.5433700084686279,0.6297522783279419,0.5350340604782104,0.5868476629257202,0.5352777242660522,0.617219090461731,0.6448521018028259,0.6509387493133545,0.6435997486114502,0.5469654202461243,0.7412704229354858,0.7017009258270264,0.7730075716972351
210,0.6692342162132263,0.3179057836532593,0.69124436378479,0.3796004056930542,0.7092143297195435,0.4435666501522064,0.5960203409194946,0.3562753200531006,0.5723324418067932,0.4444355368614197,0.7922426462173462,0.47050246596336365,0.5588853359222412,0.5354533195495605,0.6581531763076782,0.5220974087715149,0.6115344762802124,0.5213250517845154,0.6364893317222595,0.647899329662323,0.6681990027427673,0.6488059163093567,0.564592182636261,0.7414807677268982,0.7079259753227234,0.7703740000724792
211,0.6958318948745728,0.3069213330745697,0.7013566493988037,0.3721791207790375,0.7248833179473877,0.4400516450405121,0.6122811436653137,0.3397332429885864,0.5816458463668823,0.42973586916923523,0.7993934154510498,0.46832990646362305,0.5697298049926758,0.5091275572776794,0.6707271933555603,0.5056968927383423,0.6207615733146667,0.5034745931625366,0.6542136669158936,0.6503312587738037,0.6760852336883545,0.6547603011131287,0.5733257532119751,0.7350615859031677,0.7066119909286499,0.7780553698539734
212,0.7058753371238708,0.29838451743125916,0.717498779296875,0.3692147433757782,0.733470618724823,0.4412267804145813,0.6227831840515137,0.3337624669075012,0.5866130590438843,0.42251038551330566,0.8134762048721313,0.47094103693962097,0.5754852294921875,0.5056610107421875,0.6841880083084106,0.5089032053947449,0.6256445050239563,0.5048638582229614,0.6636043787002563,0.6465803980827332,0.6739518642425537,0.6572760343551636,0.5835387706756592,0.7228811979293823,0.7082134485244751,0.7781428098678589
213,0.7106096744537354,0.29543113708496094,0.7247618436813354,0.3765844702720642,0.7498640418052673,0.4427039623260498,0.6239811778068542,0.33156007528305054,0.5870901346206665,0.4250549077987671,0.8268781900405884,0.47257500886917114,0.5786967277526855,0.5096956491470337,0.6826891303062439,0.5149627923965454,0.6220434308052063,0.508215606212616,0.6676990389823914,0.6481119394302368,0.6805583238601685,0.6560260057449341,0.6003278493881226,0.7223165035247803,0.6929778456687927,0.7672867178916931
214,0.7135434150695801,0.2959754765033722,0.7289735674858093,0.3685304820537567,0.7557510137557983,0.4390208423137665,0.6267856955528259,0.33375513553619385,0.5913176536560059,0.42638808488845825,0.8356050848960876,0.46944913268089294,0.5829226970672607,0.5022294521331787,0.6887129545211792,0.5120911598205566,0.6316032409667969,0.5068026781082153,0.6617724895477295,0.6646596193313599,0.6808804273605347,0.6723103523254395,0.618729829788208,0.7366299629211426,0.6825804710388184,0.7677375674247742
215,0.7206889986991882,0.2855995297431946,0.7357356548309326,0.37301814556121826,0.767647385597229,0.44236359000205994,0.6342267990112305,0.3323178291320801,0.5956970453262329,0.4253956973552704,0.8541003465652466,0.4725911319255829,0.5856987833976746,0.5034241080284119,0.6863812804222107,0.5138636827468872,0.6308113932609558,0.5082269906997681,0.6640095710754395,0.6598756313323975,0.6822728514671326,0.6655083298683167,0.6286817789077759,0.7237918376922607,0.6838773488998413,0.7620790004730225
216,0.7374393939971924,0.2849960923194885,0.7388532161712646,0.36396896839141846,0.7857365608215332,0.4342232942581177,0.6458731293678284,0.3249591588973999,0.5996323823928833,0.41305801272392273,0.8640038371086121,0.46445387601852417,0.5853354930877686,0.49842369556427,0.688681960105896,0.5081509351730347,0.63344407081604,0.5027085542678833,0.6825391054153442,0.6561996340751648,0.694058895111084,0.6563608646392822,0.6224318742752075,0.7176649570465088,0.6807205080986023,0.7589364051818848
217,0.75301194190979,0.28071677684783936,0.7493724822998047,0.36620911955833435,0.793719470500946,0.4332368075847626,0.6583852767944336,0.3148984909057617,0.6130715608596802,0.404865026473999,0.8634949922561646,0.4609048366546631,0.5971782207489014,0.46827298402786255,0.6882990598678589,0.5096653699874878,0.6353150010108948,0.5044252872467041,0.6820840835571289,0.6560519337654114,0.6859614253044128,0.6575280427932739,0.6722463369369507,0.7520122528076172,0.6819073557853699,0.7600789070129395
218,0.7640206217765808,0.2807486653327942,0.755731463432312,0.3604830205440521,0.8061270713806152,0.43518778681755066,0.6587463617324829,0.31350773572921753,0.6114129424095154,0.4071738123893738,0.8678939342498779,0.46165329217910767,0.5871808528900146,0.49553537368774414,0.6879241466522217,0.5105890035629272,0.638263463973999,0.5052920579910278,0.6823766231536865,0.6622321009635925,0.6796820163726807,0.6652010679244995,0.6558148860931396,0.745787501335144,0.676803708076477,0.7608485221862793
219,0.7731000185012817,0.27567583322525024,0.7623107433319092,0.36060529947280884,0.8105599880218506,0.4370846152305603,0.667838454246521,0.3043072819709778,0.616304874420166,0.4054396152496338,0.8674886226654053,0.4592474102973938,0.5914585590362549,0.48980361223220825,0.6805675029754639,0.5036386251449585,0.6335113644599915,0.4953755736351013,0.6776480674743652,0.6616739630699158,0.6808252334594727,0.660123348236084,0.6565097570419312,0.7384750247001648,0.6542971134185791,0.7111555933952332
220,0.776436448097229,0.27710723876953125,0.7611583471298218,0.35980093479156494,0.813687264919281,0.4433945417404175,0.6702536940574646,0.30361825227737427,0.6181597709655762,0.40375933051109314,0.8673877716064453,0.46158552169799805,0.5997953414916992,0.48355841636657715,0.6807693839073181,0.5145576000213623,0.6364485621452332,0.5063856840133667,0.6765228509902954,0.6713029742240906,0.6789078712463379,0.6736130118370056,0.6607068181037903,0.7458901405334473,0.6704280376434326,0.7544155120849609
221,0.7870404124259949,0.26748034358024597,0.7650153636932373,0.3551173210144043,0.8196780681610107,0.44320017099380493,0.670863151550293,0.2960125803947449,0.6212144494056702,0.3974173665046692,0.8661961555480957,0.4617026448249817,0.6074713468551636,0.46834689378738403,0.6831146478652954,0.5070378184318542,0.6384431719779968,0.4998803734779358,0.6806433200836182,0.6730910539627075,0.6752949953079224,0.6736263632774353,0.6732192039489746,0.7494591474533081,0.678923487663269,0.7547447085380554
222,0.7761394381523132,0.27458593249320984,0.7694734930992126,0.3505302369594574,0.8040956854820251,0.44681137800216675,0.6708676218986511,0.2936961054801941,0.6197414398193359,0.3995327949523926,0.8655173182487488,0.4646006226539612,0.6029466390609741,0.4920324981212616,0.6897561550140381,0.508756697177887,0.6380417943000793,0.5009455680847168,0.6843969225883484,0.6759478449821472,0.6810082197189331,0.671047568321228,0.6641345024108887,0.7124937772750854,0.6592029929161072,0.7089645862579346
223,0.785285234451294,0.26515883207321167,0.777036190032959,0.3556169271469116,0.8055126070976257,0.45060187578201294,0.6774215698242188,0.2895755171775818,0.6222923398017883,0.38949573040008545,0.8636603355407715,0.4710578918457031,0.6122244596481323,0.46166008710861206,0.6784015893936157,0.5121688842773438,0.6342733502388,0.49938350915908813,0.6776072382926941,0.6800411939620972,0.673895001411438,0.643988847732544,0.6828657388687134,0.7552264928817749,0.6611437797546387,0.705913245677948
224,0.7887502908706665,0.2685054540634155,0.7773066759109497,0.3534747064113617,0.8006315231323242,0.45572221279144287,0.6793613433837891,0.3015871047973633,0.6240807771682739,0.3878270387649536,0.8628636598587036,0.4781705141067505,0.6174852848052979,0.45521634817123413,0.6916047930717468,0.510118305683136,0.6408597230911255,0.5014680624008179,0.6900109648704529,0.6786141395568848,0.6714413166046143,0.6777297854423523,0.6930484771728516,0.7548989057540894,0.6888084411621094,0.7586588263511658
225,0.7891456484794617,0.2688319981098175,0.778908908367157,0.35390743613243103,0.799569308757782,0.4621236026287079,0.6768640875816345,0.29465144872665405,0.6242305040359497,0.3877581059932709,0.859473705291748,0.4829462170600891,0.6159659028053284,0.4490853548049927,0.6877500414848328,0.5105704069137573,0.6384013891220093,0.5017743110656738,0.6905339956283569,0.6915191411972046,0.6789214611053467,0.6909246444702148,0.7016865015029907,0.7528805732727051,0.68858402967453,0.7221094369888306
226,0.7877564430236816,0.2675193250179291,0.7785272002220154,0.3558940887451172,0.7968153357505798,0.46614909172058105,0.6750289797782898,0.2931234538555145,0.6259374618530273,0.391672819852829,0.8477275371551514,0.48025351762771606,0.619861364364624,0.4468097686767578,0.6928562521934509,0.5090849995613098,0.6385304927825928,0.5015770196914673,0.6954367160797119,0.686569333076477,0.6846973896026611,0.6770337820053101,0.7016798257827759,0.7498990893363953,0.6898888349533081,0.7310900092124939
227,0.790897011756897,0.26544374227523804,0.776633620262146,0.353975385427475,0.7911150455474854,0.4632689654827118,0.6765360832214355,0.29394087195396423,0.6245433688163757,0.39392775297164917,0.8419555425643921,0.48541492223739624,0.622982382774353,0.44672691822052,0.6987297534942627,0.5088639855384827,0.6393026113510132,0.5009737014770508,0.7051839828491211,0.6862503290176392,0.6787998676300049,0.634434700012207,0.7039927244186401,0.7515453696250916,0.6961841583251953,0.757621705532074
228,0.7866168022155762,0.2605043947696686,0.7739009857177734,0.33914801478385925,0.7802734375,0.45269840955734253,0.677606999874115,0.29852956533432007,0.634240448474884,0.40712422132492065,0.8122684955596924,0.5003443956375122,0.621562123298645,0.4899270534515381,0.7209979891777039,0.5025162696838379,0.6604928374290466,0.4954926669597626,0.7442002296447754,0.665195882320404,0.7118622064590454,0.6666300296783447,0.7072480916976929,0.769709587097168,0.7033994197845459,0.7700577974319458
