FrameNo,head_x,head_y,left_shoulder_x,left_shoulder_y,left_elbow_x,left_elbow_y,right_shoulder_x,right_shoulder_y,right_elbow_x,right_elbow_y,left_hand_x,left_hand_y,right_hand_x,right_hand_y,left_hip_x,left_hip_y,right_hip_x,right_hip_y,left_knee_x,left_knee_y,right_knee_x,right_knee_y,left_foot_x,left_foot_y,right_foot_x,right_foot_y
0,0.5908675193786621,0.35855382680892944,0.6212177872657776,0.412588894367218,0.632758617401123,0.46822601556777954,0.5543462634086609,0.4124411344528198,0.5478287935256958,0.4725809693336487,0.6367626190185547,0.5358476042747498,0.5395519733428955,0.5301564931869507,0.6002851724624634,0.5369827151298523,0.5562351942062378,0.5355685949325562,0.6196470260620117,0.6435474157333374,0.5610193014144897,0.6449190974235535,0.6169605851173401,0.7431321144104004,0.5508767366409302,0.74538254737854
1,0.5911620259284973,0.3586992621421814,0.6202648878097534,0.4127661883831024,0.6329807043075562,0.4691925644874573,0.5544391870498657,0.41167205572128296,0.5479648113250732,0.4714010953903198,0.6359515190124512,0.5354434251785278,0.5407842397689819,0.5299980640411377,0.5990797281265259,0.536853551864624,0.5554512143135071,0.5351928472518921,0.6196950674057007,0.6434549689292908,0.558632493019104,0.6446051001548767,0.6219995021820068,0.7427736520767212,0.5497676730155945,0.7457184195518494
2,0.589197039604187,0.3582784831523895,0.6195916533470154,0.41272398829460144,0.6318177580833435,0.46953853964805603,0.5534650087356567,0.4121720492839813,0.5472142100334167,0.4712188243865967,0.6356326341629028,0.5353378057479858,0.5402715802192688,0.530568540096283,0.5994678735733032,0.5374329686164856,0.5551741123199463,0.5359825491905212,0.6190631985664368,0.6444872617721558,0.5575639009475708,0.64521723985672,0.62209153175354,0.743198573589325,0.548919141292572,0.7451341152191162
3,0.5895774364471436,0.35820436477661133,0.6197632551193237,0.41211313009262085,0.6338552832603455,0.4685839116573334,0.5541978478431702,0.4129125475883484,0.5478895902633667,0.47296151518821716,0.636171817779541,0.5353796482086182,0.5406566858291626,0.5309164524078369,0.5995824337005615,0.5372248888015747,0.5554919242858887,0.5359237790107727,0.6193038821220398,0.6437744498252869,0.5573436617851257,0.6455121040344238,0.6214051842689514,0.7432658076286316,0.5491903424263,0.745471179485321
4,0.5898008942604065,0.35848701000213623,0.6201093792915344,0.4126625657081604,0.6320056915283203,0.4689513146877289,0.5542356967926025,0.4127514362335205,0.548506498336792,0.47285065054893494,0.6357595324516296,0.5359894037246704,0.5406376123428345,0.5318582057952881,0.6008515954017639,0.5375523567199707,0.556702733039856,0.5358355045318604,0.6193322539329529,0.6445043087005615,0.5587501525878906,0.6458361744880676,0.6219218373298645,0.7436820268630981,0.5494604110717773,0.7456249594688416
5,0.5898870229721069,0.35853832960128784,0.6185014247894287,0.41240817308425903,0.631668746471405,0.4689924418926239,0.5539846420288086,0.4121570587158203,0.5479684472084045,0.47170767188072205,0.6351054906845093,0.5357506275177002,0.539925217628479,0.5320268869400024,0.6005985140800476,0.5357211828231812,0.5565692186355591,0.5339094400405884,0.619113564491272,0.6431667804718018,0.5583402514457703,0.644855797290802,0.6168431043624878,0.743325412273407,0.5493990778923035,0.7461298704147339
6,0.5910294651985168,0.35857364535331726,0.6189029216766357,0.4123995900154114,0.6320022344589233,0.46987447142601013,0.5544334650039673,0.4128535985946655,0.5486068725585938,0.4724896550178528,0.6350164413452148,0.5365869402885437,0.5400387048721313,0.5331361293792725,0.6014417409896851,0.5365353226661682,0.5573550462722778,0.5346311330795288,0.619228184223175,0.643006443977356,0.5595377087593079,0.6451111435890198,0.6165290474891663,0.7433314323425293,0.5497974157333374,0.7464820742607117
7,0.590192973613739,0.3586288392543793,0.618641197681427,0.41231974959373474,0.6321879625320435,0.4699975252151489,0.5539966821670532,0.41210389137268066,0.5482363104820251,0.4715545177459717,0.6346063017845154,0.537196159362793,0.5397258400917053,0.5332080721855164,0.6011489629745483,0.5355203151702881,0.5570565462112427,0.5337281823158264,0.6190888285636902,0.6421270370483398,0.5599368810653687,0.6442043781280518,0.6168397665023804,0.7432321310043335,0.5494245290756226,0.7465328574180603
8,0.5901200175285339,0.3585650622844696,0.6192666888237,0.4126536548137665,0.6328598260879517,0.47032320499420166,0.5541863441467285,0.41238757967948914,0.5480603575706482,0.47195613384246826,0.6344496011734009,0.5370421409606934,0.5395193099975586,0.5332252383232117,0.6010409593582153,0.5354201793670654,0.5569480657577515,0.5335667133331299,0.6191500425338745,0.6417344212532043,0.559402346611023,0.6441289782524109,0.6162655353546143,0.7434639930725098,0.5492062568664551,0.7464509010314941
9,0.5900121927261353,0.35854798555374146,0.6192312240600586,0.4123075008392334,0.6325296759605408,0.4697152376174927,0.5541181564331055,0.4121243953704834,0.5478900671005249,0.4715855121612549,0.6344994902610779,0.5368085503578186,0.5396723747253418,0.5331854224205017,0.6009450554847717,0.5349324345588684,0.5567376613616943,0.5333014726638794,0.6190657615661621,0.6416991949081421,0.5597785711288452,0.6440622806549072,0.6218501925468445,0.7433366179466248,0.5493119955062866,0.7464988231658936
10,0.5893474221229553,0.35860154032707214,0.6188451051712036,0.4121363162994385,0.6325608491897583,0.46942806243896484,0.5536958575248718,0.4124007225036621,0.5482823252677917,0.47217485308647156,0.6344125270843506,0.5363987684249878,0.5395225286483765,0.5333294868469238,0.6015084981918335,0.5350492596626282,0.5569243431091309,0.533399760723114,0.6198652982711792,0.6421843767166138,0.5594682693481445,0.6444990634918213,0.6222790479660034,0.7434983253479004,0.5495209693908691,0.7463688850402832
11,0.588640570640564,0.3584631085395813,0.6183710098266602,0.41201645135879517,0.6331550478935242,0.46905848383903503,0.5532941818237305,0.4124276041984558,0.5482354760169983,0.4717561602592468,0.6342642903327942,0.5358245968818665,0.5391041040420532,0.5332697629928589,0.6016539335250854,0.5353056192398071,0.5568903684616089,0.5335622429847717,0.6201170682907104,0.6421599984169006,0.5591155290603638,0.6443735361099243,0.6225231885910034,0.7435258626937866,0.5494682788848877,0.7464828491210938
12,0.5890640020370483,0.3589000105857849,0.6184609532356262,0.41273555159568787,0.6332225203514099,0.47151264548301697,0.5536280274391174,0.4126807153224945,0.5480107069015503,0.473212331533432,0.6337874531745911,0.5367148518562317,0.5406813621520996,0.5326610803604126,0.6034494638442993,0.5355657935142517,0.5583930015563965,0.533765971660614,0.6229256391525269,0.640808641910553,0.5635820627212524,0.6444435715675354,0.6270216703414917,0.744773268699646,0.5513070225715637,0.7462595701217651
13,0.5877460241317749,0.35903701186180115,0.623269259929657,0.41278859972953796,0.632010281085968,0.47176453471183777,0.5533082485198975,0.41331541538238525,0.547483503818512,0.47357410192489624,0.6338297128677368,0.5364792346954346,0.5402560234069824,0.5329428911209106,0.6028327345848083,0.5369898676872253,0.5580685138702393,0.5354331731796265,0.6216545104980469,0.6422245502471924,0.562190055847168,0.645890474319458,0.6267808675765991,0.7445005178451538,0.5514383912086487,0.7463259696960449
14,0.5868538618087769,0.35873669385910034,0.6230173110961914,0.41165632009506226,0.6323389410972595,0.47087106108665466,0.553315281867981,0.4123406410217285,0.5458818674087524,0.47265124320983887,0.6336252689361572,0.5359674692153931,0.5409879684448242,0.5322318077087402,0.6033004522323608,0.5362920761108398,0.5586767792701721,0.5345463156700134,0.6219089031219482,0.6413294076919556,0.5631312131881714,0.6448907852172852,0.6267013549804688,0.7448205351829529,0.5518245697021484,0.7465177774429321
15,0.5862292647361755,0.35877227783203125,0.622763454914093,0.4114530086517334,0.6317782402038574,0.47044795751571655,0.5537317991256714,0.412315309047699,0.5463118553161621,0.47270363569259644,0.6334057450294495,0.5357829928398132,0.5411689281463623,0.5321435928344727,0.6031798124313354,0.5363330245018005,0.559045135974884,0.5345190167427063,0.6217010021209717,0.6413382887840271,0.563494861125946,0.6450141668319702,0.6267009377479553,0.7447477579116821,0.5518310070037842,0.7463463544845581
16,0.5856750011444092,0.3590891361236572,0.6227024793624878,0.41202569007873535,0.6316747069358826,0.47103434801101685,0.5531474351882935,0.4131166934967041,0.5463429689407349,0.47313714027404785,0.6336789131164551,0.5361058115959167,0.5410178899765015,0.5317575931549072,0.6034762263298035,0.537729024887085,0.5592126846313477,0.5360250473022461,0.6213783621788025,0.6422824859619141,0.5601357221603394,0.6410870552062988,0.6268299221992493,0.74471515417099,0.5518829226493835,0.7460760474205017
17,0.5858194828033447,0.35945388674736023,0.6232743263244629,0.41298162937164307,0.6316720843315125,0.4716411232948303,0.5528364181518555,0.41316959261894226,0.5459610819816589,0.4732872247695923,0.6341995596885681,0.5367995500564575,0.5410619378089905,0.5314096212387085,0.603458046913147,0.5380547046661377,0.558660089969635,0.5364587306976318,0.6213425397872925,0.6426851153373718,0.5594021081924438,0.641287624835968,0.626610279083252,0.7448285818099976,0.5518850088119507,0.7462995052337646
18,0.5863412618637085,0.359295129776001,0.6236953139305115,0.4132109582424164,0.6313609480857849,0.4714295268058777,0.5532851219177246,0.41360220313072205,0.5467528700828552,0.47340235114097595,0.6348234415054321,0.5368947982788086,0.5406396389007568,0.5313212871551514,0.6032353639602661,0.5386202335357666,0.5586756467819214,0.536962628364563,0.6211675405502319,0.6432947516441345,0.5593376159667969,0.6419124007225037,0.6261481046676636,0.7448119521141052,0.5495549440383911,0.7433187961578369
19,0.58603835105896,0.3587256073951721,0.6233718991279602,0.4128279387950897,0.6314769983291626,0.4698250889778137,0.5538157224655151,0.41327032446861267,0.5468389391899109,0.4724748134613037,0.634847104549408,0.5373724102973938,0.5408176779747009,0.5300813913345337,0.6026374101638794,0.5384100079536438,0.5584230422973633,0.5368913412094116,0.6204633116722107,0.6432303190231323,0.5603369474411011,0.6463145613670349,0.6250333786010742,0.7443749904632568,0.5505982637405396,0.7458920478820801
20,0.5868743062019348,0.3588798940181732,0.6239785552024841,0.41324836015701294,0.6319641470909119,0.46974965929985046,0.5540403723716736,0.4135373830795288,0.5470818877220154,0.47241562604904175,0.635887622833252,0.5371286273002625,0.5469600558280945,0.5346043109893799,0.6035147905349731,0.5388576984405518,0.5590624213218689,0.5372074842453003,0.6212425827980042,0.642946720123291,0.5589632391929626,0.6410865783691406,0.62520432472229,0.744550347328186,0.5513672828674316,0.7458376288414001
21,0.5862265825271606,0.35905274748802185,0.6196185350418091,0.41287022829055786,0.6338440179824829,0.46704310178756714,0.5539122819900513,0.41281208395957947,0.5475669503211975,0.47236010432243347,0.6364883184432983,0.5368236303329468,0.540190577507019,0.5298484563827515,0.6031241416931152,0.53780198097229,0.5587433576583862,0.5368251800537109,0.621131181716919,0.643328070640564,0.5594949722290039,0.6412927508354187,0.624582052230835,0.7446779608726501,0.5513328313827515,0.7460283041000366
22,0.5876237750053406,0.3587140738964081,0.6195685863494873,0.4119330644607544,0.6312363147735596,0.4713868498802185,0.5537499785423279,0.4132785201072693,0.545951247215271,0.4729480445384979,0.6395248770713806,0.5389769673347473,0.5419515371322632,0.5303226709365845,0.6037808060646057,0.5384967923164368,0.5591564178466797,0.5371429920196533,0.6212052702903748,0.6437880396842957,0.56168133020401,0.6422795057296753,0.625262975692749,0.7452327609062195,0.5497838854789734,0.7432229518890381
23,0.5871437788009644,0.3586570918560028,0.6237509250640869,0.4118030071258545,0.6302458047866821,0.4695703685283661,0.5526148676872253,0.41363245248794556,0.5478817820549011,0.4721869230270386,0.6401339173316956,0.5372800827026367,0.5465065240859985,0.5344955921173096,0.6037571430206299,0.5404193997383118,0.5587606430053711,0.5388625264167786,0.6212657690048218,0.6441158056259155,0.5628342628479004,0.6435256004333496,0.625240683555603,0.744968056678772,0.5504984259605408,0.7437087297439575
24,0.5868593454360962,0.35774359107017517,0.6227936148643494,0.4130811095237732,0.635558009147644,0.46763932704925537,0.5529230833053589,0.4143974483013153,0.5479904413223267,0.4713532328605652,0.645855724811554,0.53767991065979,0.5455621480941772,0.5347965955734253,0.6064368486404419,0.5398223400115967,0.5594722628593445,0.5391100645065308,0.6217424273490906,0.6441112756729126,0.5625042915344238,0.6422727704048157,0.6241006255149841,0.7450904250144958,0.5502052903175354,0.7441270351409912
25,0.5868785381317139,0.35755157470703125,0.6239597201347351,0.4132924973964691,0.636162281036377,0.4671708345413208,0.552180826663971,0.4152839183807373,0.5474956631660461,0.47140106558799744,0.64837646484375,0.5384234189987183,0.5400456190109253,0.5328019857406616,0.6081364154815674,0.5425302386283875,0.5588898062705994,0.5413501262664795,0.6233171224594116,0.6453865766525269,0.5608527660369873,0.643898606300354,0.6238555908203125,0.7453523874282837,0.5510760545730591,0.7449370622634888
26,0.586817741394043,0.3582645356655121,0.6250379085540771,0.4139467477798462,0.6341022253036499,0.47430211305618286,0.5546576976776123,0.41424787044525146,0.549221396446228,0.47329431772232056,0.6454352736473083,0.5387858748435974,0.538886308670044,0.5318506360054016,0.6076796054840088,0.5421767830848694,0.559047520160675,0.5408626794815063,0.622932493686676,0.6450669765472412,0.5612342357635498,0.6431246399879456,0.6171308755874634,0.7407867908477783,0.550794243812561,0.7438411712646484
27,0.587452232837677,0.35739636421203613,0.620722234249115,0.4089260995388031,0.6373514533042908,0.46033620834350586,0.5541374683380127,0.4137547016143799,0.5420949459075928,0.4668288826942444,0.6589453220367432,0.513913094997406,0.519805371761322,0.5244833827018738,0.6060906052589417,0.5343161821365356,0.558234453201294,0.5338472127914429,0.6229159832000732,0.6339730024337769,0.5658193826675415,0.6382328867912292,0.6250804662704468,0.7430702447891235,0.5543354749679565,0.7449042797088623
28,0.5886473655700684,0.3594454526901245,0.6240496635437012,0.40648353099823,0.6324995160102844,0.4607354402542114,0.5562712550163269,0.4111841320991516,0.5436974763870239,0.461067795753479,0.6483768224716187,0.48921287059783936,0.5233268141746521,0.5010942220687866,0.6025213003158569,0.53175950050354,0.5584834814071655,0.5318960547447205,0.6208412647247314,0.6281487941741943,0.56685471534729,0.633152186870575,0.6253765821456909,0.7413427829742432,0.551778256893158,0.7455267310142517
29,0.5882060527801514,0.3589369058609009,0.6247239708900452,0.4049428403377533,0.6529222726821899,0.4527158737182617,0.5523830652236938,0.4078547954559326,0.5275237560272217,0.4599151015281677,0.6751078963279724,0.48259255290031433,0.48368728160858154,0.4966011643409729,0.609937310218811,0.5280548334121704,0.5557706356048584,0.5269290804862976,0.622517466545105,0.6303575038909912,0.5601859092712402,0.6344782114028931,0.6211915612220764,0.7400294542312622,0.5497845411300659,0.7423272132873535
30,0.5865061283111572,0.3585284948348999,0.6251100897789001,0.40609830617904663,0.662697970867157,0.4520573616027832,0.5525822639465332,0.410405695438385,0.5197357535362244,0.4588112533092499,0.6837230920791626,0.4735707640647888,0.4656611680984497,0.48851844668388367,0.60978764295578,0.5287168025970459,0.5601198673248291,0.5268765687942505,0.6213332414627075,0.6315100193023682,0.5594093203544617,0.6350793242454529,0.6200394034385681,0.7400943040847778,0.5496471524238586,0.7413889765739441
31,0.5850317478179932,0.357004851102829,0.6198753118515015,0.4033990800380707,0.6606444716453552,0.44851452112197876,0.5544682741165161,0.4082019031047821,0.5270048379898071,0.4505953788757324,0.6808552742004395,0.46252351999282837,0.4644642770290375,0.4722137451171875,0.6078033447265625,0.5273334383964539,0.5566456317901611,0.5261344909667969,0.6209263205528259,0.6314382553100586,0.5593143701553345,0.6341854929924011,0.6204136610031128,0.7399897575378418,0.5483473539352417,0.7415339350700378
32,0.584312915802002,0.35792964696884155,0.6266036033630371,0.40466925501823425,0.6522167921066284,0.4496316611766815,0.5563687086105347,0.4085042178630829,0.5255496501922607,0.4490007758140564,0.6872382164001465,0.45451784133911133,0.4678005874156952,0.4624623656272888,0.6054257154464722,0.529967188835144,0.5569533109664917,0.5287256836891174,0.6197674870491028,0.6318811178207397,0.556959867477417,0.6347925662994385,0.6203961372375488,0.7399680614471436,0.5476940870285034,0.7420810461044312
33,0.585446298122406,0.3561292886734009,0.6188957691192627,0.39800843596458435,0.6663698554039001,0.426744282245636,0.5601754188537598,0.41103076934814453,0.5263850688934326,0.4448246359825134,0.7065011858940125,0.43236279487609863,0.4774075448513031,0.4398804306983948,0.6052179336547852,0.528611421585083,0.5564383268356323,0.5283547043800354,0.6168017387390137,0.6344378590583801,0.5530970096588135,0.6365641355514526,0.6250380277633667,0.7444634437561035,0.547520637512207,0.7419394850730896
34,0.5863767266273499,0.35638055205345154,0.6266403198242188,0.39955592155456543,0.6639600992202759,0.41697174310684204,0.5626821517944336,0.4117773175239563,0.5220879316329956,0.43597692251205444,0.7039451599121094,0.4088019132614136,0.490953654050827,0.4153907299041748,0.6022261381149292,0.5238995552062988,0.5567025542259216,0.524804949760437,0.6163215637207031,0.6352254152297974,0.5541456937789917,0.6355746984481812,0.6239699125289917,0.7433313131332397,0.547511875629425,0.7426149845123291
35,0.5866676568984985,0.35614103078842163,0.6234954595565796,0.40646135807037354,0.6586562395095825,0.4117015302181244,0.5577036142349243,0.41066884994506836,0.5097111463546753,0.41662687063217163,0.7026895880699158,0.39114928245544434,0.4893948435783386,0.39606818556785583,0.5991265773773193,0.5246090888977051,0.5599413514137268,0.5251270532608032,0.6152260899543762,0.6377109885215759,0.5559482574462891,0.6388461589813232,0.6249152421951294,0.7446131110191345,0.5492181777954102,0.7446151971817017
36,0.5836167931556702,0.3571286201477051,0.622086226940155,0.40369755029678345,0.6651345491409302,0.40434515476226807,0.5471237301826477,0.40936025977134705,0.49651193618774414,0.40027377009391785,0.7029037475585938,0.3792952001094818,0.4767457842826843,0.36968666315078735,0.5982327461242676,0.5144088864326477,0.5560222864151001,0.5166823863983154,0.6112362146377563,0.6370531916618347,0.5551865696907043,0.63666832447052,0.6235371828079224,0.744858980178833,0.5481321811676025,0.7414177656173706
37,0.5857536196708679,0.35725387930870056,0.6216005086898804,0.40380045771598816,0.6767899394035339,0.39800843596458435,0.5516844391822815,0.4066692292690277,0.5006235837936401,0.3977735638618469,0.7090815305709839,0.36038124561309814,0.4739258885383606,0.3500623404979706,0.5954134464263916,0.5214470028877258,0.5570163726806641,0.5218906402587891,0.606620728969574,0.6406377553939819,0.5512183904647827,0.641460657119751,0.6218900680541992,0.7444139719009399,0.5463510751724243,0.742222249507904
38,0.5871286392211914,0.3594820499420166,0.623060405254364,0.4021146893501282,0.6802077293395996,0.3932926058769226,0.5528364181518555,0.4045902490615845,0.5009216070175171,0.39710313081741333,0.7053972482681274,0.35245513916015625,0.4801182150840759,0.3409040570259094,0.6019697785377502,0.5197890996932983,0.5573431253433228,0.5162793397903442,0.6023690104484558,0.6370699405670166,0.551519513130188,0.6381517648696899,0.6214771270751953,0.7435089945793152,0.5455467700958252,0.7412991523742676
39,0.587071418762207,0.3594188392162323,0.6237925291061401,0.39795011281967163,0.6801756620407104,0.38339266180992126,0.5522792339324951,0.4015800952911377,0.5055603384971619,0.3861238360404968,0.706676185131073,0.33303627371788025,0.48156851530075073,0.3290916681289673,0.6010277271270752,0.5159675478935242,0.5576244592666626,0.512748122215271,0.5989619493484497,0.6369009017944336,0.5497468709945679,0.6370857357978821,0.6204241514205933,0.7435462474822998,0.5442959070205688,0.7408451437950134
40,0.5849432945251465,0.35990938544273376,0.6221945285797119,0.39965367317199707,0.6752253770828247,0.38653725385665894,0.5496975183486938,0.40019041299819946,0.5044352412223816,0.38262221217155457,0.7091917991638184,0.32416069507598877,0.4828730523586273,0.32883524894714355,0.601438045501709,0.5178977251052856,0.5561507940292358,0.5141339302062988,0.6016815900802612,0.6295683979988098,0.5504640340805054,0.6308798789978027,0.6203455924987793,0.741499125957489,0.54173344373703,0.7419285178184509
41,0.5828096866607666,0.3600413501262665,0.6220284700393677,0.39542269706726074,0.6713719367980957,0.3767765760421753,0.5483956336975098,0.3907373547554016,0.5066783428192139,0.3704724907875061,0.7052454352378845,0.30258339643478394,0.48671913146972656,0.30654942989349365,0.6042342185974121,0.5117621421813965,0.5573753118515015,0.509140133857727,0.6033329367637634,0.6327022910118103,0.5453594923019409,0.6306959390640259,0.6203626394271851,0.7417131662368774,0.5415986180305481,0.7407030463218689
42,0.5800119042396545,0.3580712676048279,0.6178618669509888,0.3910026252269745,0.6677848696708679,0.3754975497722626,0.5456142425537109,0.39095374941825867,0.501761257648468,0.3607219457626343,0.7035300731658936,0.29173481464385986,0.4883776605129242,0.2986341118812561,0.5939735174179077,0.5063822269439697,0.557751476764679,0.5081273913383484,0.6013655662536621,0.6340437531471252,0.5452852249145508,0.6326897144317627,0.6195328235626221,0.7433747053146362,0.5430156588554382,0.7410935163497925
43,0.5806419849395752,0.3563905358314514,0.6176288723945618,0.3921406865119934,0.6650021076202393,0.3763068616390228,0.5452698469161987,0.38880234956741333,0.5018585920333862,0.3600395619869232,0.6990417242050171,0.2871512472629547,0.4913044571876526,0.29356861114501953,0.595902144908905,0.505955159664154,0.5592576265335083,0.5079605579376221,0.6036315560340881,0.6329503059387207,0.5459586381912231,0.6304433941841125,0.6206691861152649,0.743140697479248,0.5429359078407288,0.7407481670379639
44,0.5788120031356812,0.35805362462997437,0.6179100275039673,0.3895513713359833,0.6600457429885864,0.36742228269577026,0.5459910035133362,0.3915948271751404,0.5086736679077148,0.36294445395469666,0.6942262649536133,0.2853237986564636,0.49364393949508667,0.28782418370246887,0.6035058498382568,0.5145635604858398,0.5564958453178406,0.5124485492706299,0.602441668510437,0.6359369158744812,0.545866072177887,0.634446918964386,0.6204462051391602,0.7442580461502075,0.5434585809707642,0.7412109375
45,0.5775434374809265,0.3581075668334961,0.6186716556549072,0.38818690180778503,0.6612951159477234,0.36349985003471375,0.5422528982162476,0.39092594385147095,0.5046921372413635,0.3595736026763916,0.687262237071991,0.2859681248664856,0.4932306408882141,0.2806793451309204,0.6040046215057373,0.5163792371749878,0.5557544827461243,0.514175295829773,0.6028791666030884,0.6378739476203918,0.5459186434745789,0.6363459229469299,0.620374321937561,0.7446926832199097,0.5432708859443665,0.7418565154075623
46,0.5772500038146973,0.35752683877944946,0.6173608303070068,0.38430410623550415,0.6586644053459167,0.3645551800727844,0.5439866781234741,0.3879326283931732,0.5129183530807495,0.35220587253570557,0.6846230030059814,0.28408196568489075,0.4961773157119751,0.2797608971595764,0.6040451526641846,0.5132296681404114,0.5558528900146484,0.5114341974258423,0.6030566096305847,0.635331928730011,0.545921802520752,0.634795606136322,0.6203421354293823,0.7448654174804688,0.5430799722671509,0.7450457811355591
47,0.5749202966690063,0.3589189946651459,0.6133451461791992,0.3862106204032898,0.6556295156478882,0.36679360270500183,0.5421404838562012,0.39102935791015625,0.513638436794281,0.35189077258110046,0.6841040849685669,0.2801832854747772,0.4995875954627991,0.2715498208999634,0.6022812724113464,0.5178115963935852,0.5555281043052673,0.5156469345092773,0.5990383625030518,0.6385379433631897,0.543942928314209,0.6378247737884521,0.6186220049858093,0.744105339050293,0.5432083606719971,0.7455757856369019
48,0.5783061981201172,0.3587579131126404,0.6162669658660889,0.38357990980148315,0.6575170159339905,0.36439642310142517,0.5389130115509033,0.3873779773712158,0.5132765769958496,0.3458157479763031,0.6825028657913208,0.2624613642692566,0.5008499026298523,0.2646005153656006,0.5977917909622192,0.5172131061553955,0.5546047687530518,0.5175378322601318,0.6185771226882935,0.6361732482910156,0.5479303598403931,0.6342540383338928,0.6257823705673218,0.7449354529380798,0.5463730692863464,0.7452170848846436
49,0.5770134329795837,0.3587082624435425,0.6235724091529846,0.3885115385055542,0.6567030549049377,0.36317548155784607,0.5348150730133057,0.3909822106361389,0.5153851509094238,0.34587129950523376,0.6797022819519043,0.26135650277137756,0.499805212020874,0.26466554403305054,0.5976821184158325,0.522727370262146,0.5517703294754028,0.520565390586853,0.6117653250694275,0.6381235718727112,0.5506319403648376,0.6377124190330505,0.6253101825714111,0.7461336851119995,0.5464518070220947,0.7425888776779175
50,0.5772388577461243,0.3559090495109558,0.623131513595581,0.38577818870544434,0.6535799503326416,0.36258742213249207,0.536243200302124,0.3902934789657593,0.5228530168533325,0.33744344115257263,0.6730780601501465,0.2617965042591095,0.500867486000061,0.26372504234313965,0.5975967049598694,0.5209887027740479,0.5521985292434692,0.5190361142158508,0.6122580766677856,0.635305643081665,0.5509697198867798,0.636817216873169,0.6265715956687927,0.7456044554710388,0.548210859298706,0.7444419264793396
51,0.5779114961624146,0.35552310943603516,0.6240983605384827,0.3842206597328186,0.6530200839042664,0.35887646675109863,0.5396777987480164,0.3926389813423157,0.5180531740188599,0.3322259187698364,0.6745171546936035,0.25353217124938965,0.5021061301231384,0.25245577096939087,0.5986338257789612,0.5203791856765747,0.5532208681106567,0.5184216499328613,0.6136672496795654,0.6354050040245056,0.550141453742981,0.6373039484024048,0.6263806819915771,0.7462479472160339,0.5488602519035339,0.7433642148971558
52,0.5779666304588318,0.3575083911418915,0.6238584518432617,0.3852006196975708,0.648413896560669,0.3586537539958954,0.5419206023216248,0.3907172679901123,0.5186136960983276,0.32450026273727417,0.6693806648254395,0.25910529494285583,0.5055917501449585,0.25625163316726685,0.5991201400756836,0.5198554992675781,0.5538159608840942,0.5186760425567627,0.6150137782096863,0.6350716352462769,0.5493710041046143,0.6384366750717163,0.6274282336235046,0.7444984912872314,0.5463277697563171,0.7421218752861023
53,0.5787274241447449,0.3540804088115692,0.6260886192321777,0.38572192192077637,0.6532821655273438,0.3435816168785095,0.5422322750091553,0.3907012343406677,0.5176167488098145,0.32569849491119385,0.6692386865615845,0.253278523683548,0.5054746866226196,0.25581395626068115,0.5997790098190308,0.519972026348114,0.5534461736679077,0.518154501914978,0.6156688928604126,0.6344947814941406,0.5517876744270325,0.6377278566360474,0.6274287104606628,0.7452723383903503,0.54738450050354,0.7430121302604675
54,0.5809237360954285,0.35398945212364197,0.6252028346061707,0.38455483317375183,0.6484745740890503,0.3451610803604126,0.5445247292518616,0.3882308006286621,0.5315310955047607,0.3222111761569977,0.6665410399436951,0.2582319378852844,0.5074013471603394,0.2556329071521759,0.600087583065033,0.5190675854682922,0.5548175573348999,0.5168811678886414,0.6186200380325317,0.6333388090133667,0.5530359148979187,0.636603593826294,0.6283910870552063,0.746068000793457,0.5505536794662476,0.7444568872451782
55,0.5787118673324585,0.35809189081192017,0.6240581274032593,0.3867296576499939,0.6500654816627502,0.33871111273765564,0.5452754497528076,0.39295661449432373,0.5210878849029541,0.3295651972293854,0.6645660400390625,0.25602975487709045,0.5101988315582275,0.2635422945022583,0.6003490686416626,0.5184717178344727,0.5548102259635925,0.5175510048866272,0.6192918419837952,0.6310765147209167,0.5521280169487,0.6345880031585693,0.6291095614433289,0.7433521151542664,0.5482779741287231,0.7429935932159424
56,0.5830222368240356,0.35505813360214233,0.6253423094749451,0.3848564326763153,0.6481870412826538,0.32789281010627747,0.5466606020927429,0.38950639963150024,0.5325686931610107,0.32301172614097595,0.6598730683326721,0.25333693623542786,0.5169758200645447,0.26479244232177734,0.5998609066009521,0.517002522945404,0.5561628937721252,0.5157227516174316,0.6194155812263489,0.6294838786125183,0.5523779392242432,0.6324153542518616,0.6284863948822021,0.7431086897850037,0.5480106472969055,0.743340253829956
57,0.579974889755249,0.3556602895259857,0.6253870129585266,0.3851184844970703,0.645645260810852,0.3378235995769501,0.5449830889701843,0.3893263339996338,0.5327539443969727,0.32609015703201294,0.6607471704483032,0.25719332695007324,0.5168190002441406,0.27188992500305176,0.6014065742492676,0.5171597599983215,0.5570375919342041,0.5160003304481506,0.6191976070404053,0.6306830644607544,0.553046703338623,0.632799506187439,0.6287617683410645,0.7438431978225708,0.5486825704574585,0.7436538934707642
58,0.5789170265197754,0.35491809248924255,0.6242344379425049,0.3834662437438965,0.6490007042884827,0.33587318658828735,0.5464593172073364,0.38897085189819336,0.5296774506568909,0.32504743337631226,0.6607265472412109,0.2560587525367737,0.5160329341888428,0.2724945545196533,0.6029095649719238,0.5182197093963623,0.5578007102012634,0.5167646408081055,0.6199648380279541,0.6309343576431274,0.5521664023399353,0.6331833600997925,0.6298732161521912,0.7437423467636108,0.5497884750366211,0.7434183955192566
59,0.5806686878204346,0.35602879524230957,0.6266120672225952,0.38493919372558594,0.6498817205429077,0.3362657427787781,0.5480835437774658,0.3885895907878876,0.5354259014129639,0.33122479915618896,0.6587752103805542,0.2606421709060669,0.5159494280815125,0.2739531695842743,0.6042170524597168,0.5197738409042358,0.5571878552436829,0.5180724263191223,0.6209650635719299,0.630569577217102,0.5521624088287354,0.6329016089439392,0.6310408115386963,0.7437005043029785,0.5493220090866089,0.7432639598846436
60,0.5801055431365967,0.3598197400569916,0.6208570599555969,0.3834063708782196,0.6430090665817261,0.3411741852760315,0.5542098879814148,0.38978275656700134,0.5448644757270813,0.33364593982696533,0.6615598201751709,0.2596587538719177,0.521562397480011,0.27164366841316223,0.6028286218643188,0.5173997282981873,0.560388445854187,0.5162779092788696,0.6205898523330688,0.6318213939666748,0.55092453956604,0.6340280771255493,0.6267179250717163,0.7431762218475342,0.546636700630188,0.7419249415397644
61,0.5874282121658325,0.3587014377117157,0.6231943368911743,0.38766583800315857,0.6457729339599609,0.3311132788658142,0.5515954494476318,0.3966153562068939,0.5376664400100708,0.3231316804885864,0.6600967645645142,0.2618691623210907,0.5233858823776245,0.2721405029296875,0.6034435033798218,0.5219963192939758,0.5570619106292725,0.5211834907531738,0.6195605993270874,0.634981632232666,0.5510841608047485,0.6378776431083679,0.6272732019424438,0.7446717619895935,0.5496268272399902,0.7437955737113953
62,0.5868278741836548,0.356869101524353,0.6225794553756714,0.38530534505844116,0.6492908000946045,0.3280354142189026,0.5512188673019409,0.39340054988861084,0.5386406183242798,0.3239072263240814,0.6578464508056641,0.25854530930519104,0.5235669612884521,0.27151960134506226,0.6048403382301331,0.5196359753608704,0.5573041439056396,0.5183591246604919,0.6196799278259277,0.6326653957366943,0.5536100268363953,0.6352804899215698,0.6285752058029175,0.7440037131309509,0.5498772859573364,0.7431086897850037
63,0.5864484906196594,0.35969728231430054,0.6250470876693726,0.3882603645324707,0.6402338743209839,0.33309072256088257,0.5535875558853149,0.39777928590774536,0.5411270260810852,0.3359764516353607,0.6548864841461182,0.2662244439125061,0.5190325379371643,0.27906596660614014,0.6050256490707397,0.5218492150306702,0.5581917762756348,0.5217084884643555,0.6217788457870483,0.6343225240707397,0.5557374358177185,0.6381970047950745,0.6288577318191528,0.7431210875511169,0.550188422203064,0.7439923286437988
64,0.5878547430038452,0.3587016761302948,0.6215121746063232,0.38606271147727966,0.6416568756103516,0.3343007266521454,0.5541208982467651,0.39653652906417847,0.5424528121948242,0.3381056785583496,0.6561596393585205,0.2638958692550659,0.5188121795654297,0.2777818441390991,0.6064590215682983,0.5221616625785828,0.558523952960968,0.5217504501342773,0.6215395927429199,0.634265661239624,0.5561702847480774,0.6381352543830872,0.6290198564529419,0.7429973483085632,0.5507031679153442,0.7437065839767456
65,0.5839060544967651,0.36332327127456665,0.6271898746490479,0.3906101584434509,0.6397680640220642,0.3400646150112152,0.554092288017273,0.4005478024482727,0.5420287847518921,0.3409423232078552,0.655064046382904,0.2674122452735901,0.5184730887413025,0.27824288606643677,0.6061006188392639,0.5241709351539612,0.5584967136383057,0.5238397121429443,0.6216021776199341,0.6363970637321472,0.555796205997467,0.6398882269859314,0.6291421055793762,0.7428898811340332,0.5495098233222961,0.7434200048446655
66,0.584280252456665,0.36369943618774414,0.6264561414718628,0.3918837308883667,0.6401824355125427,0.3384068012237549,0.5537459850311279,0.4018494784832001,0.5419063568115234,0.34137341380119324,0.6555306315422058,0.27101385593414307,0.5182956457138062,0.2739606201648712,0.6057980060577393,0.5255127549171448,0.5587259531021118,0.5251233577728271,0.622149646282196,0.6351677179336548,0.5569244623184204,0.6399993300437927,0.6295900344848633,0.743023157119751,0.5502001643180847,0.7442135810852051
67,0.587342381477356,0.3643284738063812,0.6221173405647278,0.390700101852417,0.6450636386871338,0.33877044916152954,0.55359947681427,0.4029702842235565,0.5408691167831421,0.33954665064811707,0.6550654172897339,0.2682066559791565,0.5188074111938477,0.2789170742034912,0.605978786945343,0.5250579118728638,0.5581325888633728,0.5248514413833618,0.6226963400840759,0.6346384286880493,0.5592893362045288,0.6390389204025269,0.6295598745346069,0.7422201037406921,0.5497220158576965,0.7428696155548096
68,0.587997317314148,0.36262309551239014,0.6220659613609314,0.3894602954387665,0.6426550149917603,0.33652544021606445,0.5532207489013672,0.40125852823257446,0.5435176491737366,0.33743685483932495,0.6546008586883545,0.2661494314670563,0.519906759262085,0.2766541838645935,0.6063966155052185,0.5252715349197388,0.5583920478820801,0.5246627330780029,0.6217638850212097,0.6345352530479431,0.558918833732605,0.6387690901756287,0.6292270421981812,0.7419958114624023,0.5502967834472656,0.7433087825775146
69,0.5870833396911621,0.36518895626068115,0.6283035278320312,0.3931069076061249,0.6447019577026367,0.3435388207435608,0.5526801347732544,0.4023534953594208,0.544576108455658,0.34034356474876404,0.6555231213569641,0.2675701379776001,0.5172203779220581,0.2733154892921448,0.6055482625961304,0.5259023904800415,0.5582287907600403,0.5253967046737671,0.6215112209320068,0.6351737380027771,0.5588507652282715,0.6394091248512268,0.6298705339431763,0.7424466609954834,0.5505509376525879,0.7436621189117432
70,0.5857027769088745,0.3648664355278015,0.6278303265571594,0.392507404088974,0.6441690921783447,0.3456105589866638,0.5527287721633911,0.4016863703727722,0.5451862812042236,0.3408697545528412,0.6554483771324158,0.2672685980796814,0.5171724557876587,0.273546427488327,0.6067633628845215,0.5259160995483398,0.5589267611503601,0.5252540111541748,0.6223735809326172,0.6356932520866394,0.5586716532707214,0.6399263143539429,0.6308369636535645,0.742466151714325,0.5509042739868164,0.744066596031189
71,0.5874485969543457,0.36420726776123047,0.6285534501075745,0.3905605673789978,0.644751787185669,0.34172365069389343,0.5528852939605713,0.4006587862968445,0.5434449911117554,0.33799779415130615,0.6564998626708984,0.2661663889884949,0.5153402090072632,0.2719612121582031,0.6064792275428772,0.5244293212890625,0.5585166215896606,0.5241432189941406,0.6214896440505981,0.634619414806366,0.5577675700187683,0.6389310956001282,0.6299753189086914,0.7421250343322754,0.5506482124328613,0.7432414293289185
72,0.5841777324676514,0.36250996589660645,0.6188341975212097,0.389845073223114,0.6386914253234863,0.3614538609981537,0.5506733655929565,0.3950381875038147,0.5496051907539368,0.3591901957988739,0.6557894945144653,0.2657563388347626,0.5139095187187195,0.2731333374977112,0.6038560271263123,0.5184332132339478,0.559497594833374,0.5180392861366272,0.6227778792381287,0.6305555701255798,0.5428950786590576,0.6327923536300659,0.6291791200637817,0.7398194074630737,0.5471050143241882,0.7431521415710449
73,0.5800904631614685,0.35946667194366455,0.6189756393432617,0.3906899094581604,0.6387506723403931,0.35920462012290955,0.5501421689987183,0.3946056067943573,0.5407823920249939,0.34205150604248047,0.6552311182022095,0.262797474861145,0.514543890953064,0.2731867730617523,0.6045775413513184,0.5175459384918213,0.5625436305999756,0.5178310871124268,0.6244879364967346,0.6300286650657654,0.550398051738739,0.6352256536483765,0.6308165192604065,0.7377609610557556,0.5502023100852966,0.7437194585800171
74,0.5799045562744141,0.3601716160774231,0.6182819604873657,0.38788700103759766,0.6390522718429565,0.3588017225265503,0.5498385429382324,0.3959519863128662,0.5439187288284302,0.33990252017974854,0.6553849577903748,0.2645132839679718,0.5145992040634155,0.27338916063308716,0.6039227843284607,0.5181189775466919,0.561648428440094,0.5174378156661987,0.624146580696106,0.6302120685577393,0.5472263693809509,0.6349256038665771,0.6298836469650269,0.7384695410728455,0.5492274761199951,0.7427952289581299
75,0.5788800716400146,0.3582732081413269,0.6174701452255249,0.39114996790885925,0.6399469971656799,0.358938992023468,0.5497594475746155,0.39438319206237793,0.5441344976425171,0.33977872133255005,0.6554375886917114,0.2625039517879486,0.5156651139259338,0.2731226086616516,0.6054866313934326,0.5190603137016296,0.5615516901016235,0.5182549357414246,0.6244348883628845,0.6308667659759521,0.5502794981002808,0.6357623338699341,0.6295189261436462,0.7394499182701111,0.5506060719490051,0.7440928816795349
76,0.5801697373390198,0.3592395484447479,0.6170738339424133,0.3883068561553955,0.6398910284042358,0.3570343852043152,0.5512778759002686,0.39618489146232605,0.5464997887611389,0.338806688785553,0.6550788283348083,0.2660679519176483,0.5166288018226624,0.27292102575302124,0.6050472855567932,0.5209095478057861,0.5606269836425781,0.5194064974784851,0.6241399049758911,0.6299359798431396,0.5500603318214417,0.6353447437286377,0.6303613185882568,0.7396236658096313,0.5504231452941895,0.7439053058624268
77,0.5803080797195435,0.35823339223861694,0.616910457611084,0.3877352178096771,0.6399416923522949,0.3580513596534729,0.5515807867050171,0.3957546651363373,0.5458321571350098,0.339002788066864,0.655495285987854,0.26499801874160767,0.5169356465339661,0.2738981544971466,0.6045384407043457,0.520387589931488,0.560806930065155,0.519336462020874,0.6242355108261108,0.630094051361084,0.5495913028717041,0.6354203224182129,0.630913257598877,0.7390665411949158,0.5500555038452148,0.7439408302307129
78,0.5790890455245972,0.3584522008895874,0.6163544058799744,0.38705718517303467,0.6429473161697388,0.34938758611679077,0.5499495267868042,0.39550668001174927,0.5450720191001892,0.3379698693752289,0.6562344431877136,0.26359161734580994,0.5167332887649536,0.27396225929260254,0.6040388941764832,0.5198045969009399,0.5604515671730042,0.5196667909622192,0.6243487596511841,0.6305427551269531,0.5493218898773193,0.6362207531929016,0.6313079595565796,0.7387276887893677,0.5497959852218628,0.7440194487571716
79,0.5806825160980225,0.3574979901313782,0.619229793548584,0.3907817304134369,0.645622730255127,0.34414923191070557,0.5492222309112549,0.39283180236816406,0.5406342148780823,0.33315375447273254,0.6550979614257812,0.26520079374313354,0.5152222514152527,0.27191829681396484,0.6048439741134644,0.5190820693969727,0.5598315000534058,0.5187243223190308,0.623995304107666,0.6293140649795532,0.550580620765686,0.6344486474990845,0.6311252117156982,0.7397040724754333,0.5496662855148315,0.7435389757156372
80,0.5818655490875244,0.35815712809562683,0.6199674606323242,0.39058995246887207,0.6421899199485779,0.3445563018321991,0.5508029460906982,0.39380860328674316,0.542853057384491,0.33386266231536865,0.6572619676589966,0.26306992769241333,0.5160204172134399,0.2729141414165497,0.6020210385322571,0.5206677913665771,0.558352530002594,0.5210619568824768,0.6165496110916138,0.6340364813804626,0.5493494868278503,0.6365713477134705,0.6288561820983887,0.7399066686630249,0.5480635166168213,0.74300616979599
81,0.5820348262786865,0.35798388719558716,0.6195460557937622,0.3903104066848755,0.6409725546836853,0.3444170653820038,0.5511183142662048,0.39347970485687256,0.5433441400527954,0.3334505259990692,0.6569742560386658,0.2631511986255646,0.515981137752533,0.27350467443466187,0.6007554531097412,0.5205128788948059,0.5572835206985474,0.5211474299430847,0.6171966791152954,0.6361160278320312,0.5494080781936646,0.6378518342971802,0.6292877793312073,0.739808976650238,0.5494129657745361,0.7432923316955566
82,0.5823807716369629,0.3572375178337097,0.6209208965301514,0.389548122882843,0.6414714455604553,0.3463219404220581,0.5530750751495361,0.3937614858150482,0.5455251336097717,0.3359755873680115,0.6569859981536865,0.2636246681213379,0.5153338313102722,0.27188628911972046,0.6014406681060791,0.5191931128501892,0.5584672689437866,0.5201252698898315,0.6191586256027222,0.6375600695610046,0.5482539534568787,0.638396143913269,0.6294978857040405,0.7395243644714355,0.5497192740440369,0.7429208159446716
83,0.5821787118911743,0.3562847971916199,0.6203193664550781,0.38918155431747437,0.6415625214576721,0.3464010953903198,0.554263710975647,0.39247041940689087,0.545840859413147,0.3386251926422119,0.6565178632736206,0.2637821435928345,0.5144489407539368,0.27276700735092163,0.600951611995697,0.5194272994995117,0.5592094659805298,0.5201765298843384,0.6161057353019714,0.6381904482841492,0.5498547554016113,0.6378694772720337,0.6268176436424255,0.7405170202255249,0.5498563051223755,0.7438267469406128
84,0.5843844413757324,0.35821327567100525,0.6162499189376831,0.38784289360046387,0.6367102861404419,0.35973796248435974,0.552007794380188,0.392711341381073,0.5413872599601746,0.3428804874420166,0.6566702127456665,0.26365360617637634,0.5105549097061157,0.2691280245780945,0.6037280559539795,0.5165488123893738,0.5600860714912415,0.516105592250824,0.6238852739334106,0.6336857080459595,0.5509088039398193,0.6329059600830078,0.6305719017982483,0.7381543517112732,0.55078125,0.7431344985961914
85,0.5803303122520447,0.3535388112068176,0.6175229549407959,0.3888920545578003,0.636669397354126,0.35489994287490845,0.5541442036628723,0.3918781876564026,0.5419594049453735,0.34349334239959717,0.6561590433120728,0.2622435986995697,0.5113857984542847,0.2704882025718689,0.6056749224662781,0.5177432298660278,0.5601054430007935,0.5174036026000977,0.625024676322937,0.6342185735702515,0.5609830617904663,0.6365021467208862,0.6305763721466064,0.7379200458526611,0.5546554923057556,0.7448047399520874
86,0.5798013210296631,0.3526671528816223,0.6170576214790344,0.3884369730949402,0.6378465890884399,0.3579166829586029,0.5537538528442383,0.3953307867050171,0.5403314828872681,0.3420928120613098,0.6568854451179504,0.2618233859539032,0.5114814043045044,0.2695988416671753,0.6049703359603882,0.5163257122039795,0.5596081018447876,0.5158219933509827,0.6245592832565308,0.6329315900802612,0.5594828128814697,0.6356515884399414,0.6301037073135376,0.7378501296043396,0.5541979074478149,0.7444655895233154
87,0.580778956413269,0.3530581593513489,0.6188071966171265,0.3882687985897064,0.6371538639068604,0.355016827583313,0.5531319975852966,0.3909876346588135,0.5402395129203796,0.3397712707519531,0.6543248891830444,0.26435568928718567,0.5155693292617798,0.27342310547828674,0.6067575812339783,0.5167609453201294,0.560102641582489,0.515522301197052,0.6241524815559387,0.6323344111442566,0.5563368201255798,0.6320706009864807,0.6302751302719116,0.7387096285820007,0.5533146262168884,0.7438268661499023
88,0.5768522024154663,0.35277506709098816,0.6144137978553772,0.38931772112846375,0.636256217956543,0.3415454626083374,0.547404944896698,0.391729474067688,0.5358041524887085,0.32694190740585327,0.6535929441452026,0.26312369108200073,0.5135712623596191,0.2735239863395691,0.6028246283531189,0.5198830366134644,0.5593056678771973,0.5190132856369019,0.623014509677887,0.6337915658950806,0.5551427006721497,0.6348632574081421,0.6309476494789124,0.7394339442253113,0.5516955256462097,0.7433693408966064
89,0.5803114175796509,0.35057470202445984,0.6131950616836548,0.38467520475387573,0.6364732980728149,0.33887147903442383,0.5467395186424255,0.3902629315853119,0.5325981974601746,0.3225482106208801,0.6537865996360779,0.2617989182472229,0.5124607086181641,0.2726818323135376,0.6043130159378052,0.5164445638656616,0.5552634000778198,0.517059326171875,0.6225635409355164,0.6317077875137329,0.553471565246582,0.6326711773872375,0.631026566028595,0.7380834817886353,0.5523988604545593,0.742835283279419
90,0.5762432217597961,0.35229358077049255,0.6146368980407715,0.3855111300945282,0.6384260058403015,0.3506186902523041,0.5454297065734863,0.38659197092056274,0.528555154800415,0.32282203435897827,0.6535018682479858,0.2619716227054596,0.5135894417762756,0.27269527316093445,0.6021384000778198,0.516782283782959,0.5576636791229248,0.5168508291244507,0.6205918788909912,0.6321098804473877,0.5515344142913818,0.6321961283683777,0.6289264559745789,0.7405810356140137,0.5497309565544128,0.7419888377189636
91,0.581998348236084,0.3519086539745331,0.6143807172775269,0.38615769147872925,0.6367141008377075,0.3535715937614441,0.5448670387268066,0.390354722738266,0.5292856693267822,0.3235762119293213,0.6524016261100769,0.2641049027442932,0.5138104557991028,0.2745518386363983,0.6016123294830322,0.5175833702087402,0.5571609139442444,0.5176383852958679,0.6200183629989624,0.6324083805084229,0.5548036694526672,0.6340909004211426,0.6305002570152283,0.7417263984680176,0.5515369176864624,0.7429723739624023
92,0.5828344821929932,0.35401198267936707,0.6155614852905273,0.38595497608184814,0.6364847421646118,0.355349063873291,0.5438424348831177,0.3871069848537445,0.5338383913040161,0.3303913176059723,0.6572151780128479,0.26145100593566895,0.51328045129776,0.27420181035995483,0.6027109026908875,0.519399881362915,0.5583008527755737,0.520037055015564,0.622304379940033,0.6332613229751587,0.5542947053909302,0.6364243030548096,0.6320850253105164,0.7422435283660889,0.5510967969894409,0.7430738210678101
93,0.5842756032943726,0.35478290915489197,0.6177166700363159,0.38868698477745056,0.6373046040534973,0.3454250991344452,0.5417276620864868,0.39047932624816895,0.5357421040534973,0.3333115875720978,0.654802680015564,0.2650976777076721,0.5137287974357605,0.2762225568294525,0.6043069362640381,0.5206844806671143,0.5577789545059204,0.5211865901947021,0.6215944290161133,0.6320236325263977,0.558264434337616,0.6368798017501831,0.6348661184310913,0.7401458024978638,0.5531233549118042,0.7435354590415955
94,0.5846356153488159,0.3552718162536621,0.6199142336845398,0.3856388330459595,0.6426272988319397,0.34630975127220154,0.5405579805374146,0.39327213168144226,0.5210261344909668,0.327928364276886,0.6570314764976501,0.26507681608200073,0.5135247111320496,0.27655768394470215,0.6034950017929077,0.5207129120826721,0.5552626252174377,0.5209270119667053,0.6217901706695557,0.630907416343689,0.5553770065307617,0.6377766132354736,0.6340851783752441,0.7418148517608643,0.5516346096992493,0.7440812587738037
95,0.5844328999519348,0.35770732164382935,0.6199653148651123,0.3867139518260956,0.647266149520874,0.34604188799858093,0.5375170707702637,0.3940116763114929,0.5314180254936218,0.3326016664505005,0.6587761044502258,0.2635651230812073,0.510922908782959,0.2776893973350525,0.6009913682937622,0.5209944248199463,0.5554108619689941,0.5210204720497131,0.6213731169700623,0.6324208974838257,0.5538522601127625,0.6389459371566772,0.6305334568023682,0.7416064739227295,0.549217164516449,0.7427207231521606
96,0.580264687538147,0.3590669333934784,0.6133425831794739,0.3840116858482361,0.6398491859436035,0.3613499402999878,0.5395358204841614,0.39002299308776855,0.5339515209197998,0.3369333744049072,0.6569317579269409,0.26417726278305054,0.5063233375549316,0.271762877702713,0.5992247462272644,0.5183281898498535,0.5552539825439453,0.5179058313369751,0.6232704520225525,0.6264918446540833,0.547203004360199,0.6319084167480469,0.6292747855186462,0.7425233721733093,0.5520992279052734,0.7442419528961182
97,0.582658052444458,0.3579842448234558,0.61403489112854,0.38630208373069763,0.6428444385528564,0.3589944839477539,0.5425631999969482,0.3901190757751465,0.5195896625518799,0.33495450019836426,0.6594022512435913,0.26544398069381714,0.5050494074821472,0.2745056748390198,0.6028912663459778,0.5186521410942078,0.5609093308448792,0.5189117193222046,0.621802806854248,0.6306482553482056,0.5483394861221313,0.6369996070861816,0.6320265531539917,0.7424483299255371,0.5546090006828308,0.7444846630096436
98,0.5833208560943604,0.3614262044429779,0.618553102016449,0.38773223757743835,0.6457299590110779,0.364000141620636,0.5415182113647461,0.39262932538986206,0.5190830230712891,0.3385353684425354,0.6611703634262085,0.2675437927246094,0.5037587881088257,0.2739390730857849,0.6011461615562439,0.5212112665176392,0.5567724704742432,0.5198218822479248,0.6248427629470825,0.6325105428695679,0.5455350875854492,0.6394152641296387,0.634537935256958,0.7428030967712402,0.5566719770431519,0.7443172335624695
99,0.5819222331047058,0.36143407225608826,0.617547869682312,0.38624128699302673,0.649604856967926,0.3682880401611328,0.5396285057067871,0.391792893409729,0.5240164399147034,0.33717426657676697,0.6616567373275757,0.273878276348114,0.5020586252212524,0.2790517210960388,0.600801408290863,0.5206380486488342,0.5561128258705139,0.5190705060958862,0.6280984878540039,0.6359617114067078,0.5447252988815308,0.6416794657707214,0.6361129879951477,0.7444949150085449,0.5586047768592834,0.7465142607688904
100,0.5813382863998413,0.36878177523612976,0.6204465627670288,0.39147481322288513,0.643724799156189,0.3694900870323181,0.5406720638275146,0.399891197681427,0.5212181806564331,0.33703601360321045,0.6621263027191162,0.2771875858306885,0.5023252964019775,0.2801018953323364,0.59843909740448,0.5196147561073303,0.5549894571304321,0.5188284516334534,0.6298815608024597,0.6392736434936523,0.5463167428970337,0.6449763774871826,0.6359930038452148,0.7437570095062256,0.5574890375137329,0.7449340224266052
101,0.5769012570381165,0.36452266573905945,0.6181601285934448,0.39011049270629883,0.6475255489349365,0.3717029094696045,0.5363003015518188,0.3972788453102112,0.5190132856369019,0.34283646941185,0.6611299514770508,0.2792455554008484,0.5023249983787537,0.28037500381469727,0.600145697593689,0.5192185640335083,0.5558248162269592,0.5186954736709595,0.6242645382881165,0.6376839876174927,0.540939211845398,0.6425879597663879,0.6333856582641602,0.7447817325592041,0.5545787215232849,0.7458178400993347
102,0.5754226446151733,0.3675122857093811,0.6087968349456787,0.39192497730255127,0.6504014730453491,0.3687048554420471,0.5396921038627625,0.39908647537231445,0.5327275991439819,0.3568974733352661,0.6597408056259155,0.2876875400543213,0.4986489713191986,0.2854812741279602,0.5964446067810059,0.5252383351325989,0.5546087622642517,0.5258379578590393,0.6301509141921997,0.6391076445579529,0.5401407480239868,0.6446732878684998,0.6356185674667358,0.7435396909713745,0.553835928440094,0.7448030710220337
103,0.5726223587989807,0.37005242705345154,0.6081936359405518,0.39143484830856323,0.6462848782539368,0.37423595786094666,0.5384837985038757,0.4006935954093933,0.5164335370063782,0.34662768244743347,0.6605669260025024,0.285763144493103,0.5000748038291931,0.282768189907074,0.5978726148605347,0.525626540184021,0.554932177066803,0.5251468420028687,0.6298933625221252,0.6404668688774109,0.5423080921173096,0.645294189453125,0.6368519067764282,0.7424916625022888,0.5553209185600281,0.7440287470817566
104,0.575753390789032,0.3703908622264862,0.6064195036888123,0.3961412310600281,0.6463326811790466,0.3740690350532532,0.5417253971099854,0.40263351798057556,0.5214672684669495,0.35806071758270264,0.6618233919143677,0.2871876358985901,0.49808359146118164,0.28568121790885925,0.5938107371330261,0.5294263362884521,0.5555576086044312,0.5311368703842163,0.6320924758911133,0.6414938569068909,0.5415018796920776,0.644220232963562,0.637201726436615,0.7437988519668579,0.5532155632972717,0.7449253797531128
105,0.5757821798324585,0.37096184492111206,0.6086359024047852,0.3986809253692627,0.6458305716514587,0.3735400140285492,0.5426502823829651,0.4062518775463104,0.5272399187088013,0.36201030015945435,0.6623585224151611,0.28581708669662476,0.4996657371520996,0.2860561013221741,0.5954282879829407,0.5330822467803955,0.556657612323761,0.5340399146080017,0.6315938234329224,0.6450709700584412,0.5427700877189636,0.6469839811325073,0.6361898183822632,0.7440328001976013,0.5533560514450073,0.7452390193939209
106,0.5767691731452942,0.3714924454689026,0.610228419303894,0.40025049448013306,0.6533416509628296,0.37020933628082275,0.5411217212677002,0.4068555533885956,0.5264273881912231,0.3609951436519623,0.664555013179779,0.28510814905166626,0.4997992217540741,0.28626710176467896,0.5974475741386414,0.5335907340049744,0.556326150894165,0.532934844493866,0.6323816776275635,0.6448123455047607,0.5433719754219055,0.6491675972938538,0.6358768939971924,0.7452466487884521,0.5538527965545654,0.7447159290313721
107,0.5777233242988586,0.3723865747451782,0.6074236631393433,0.39988940954208374,0.6458541750907898,0.37486910820007324,0.5442543029785156,0.40856051445007324,0.5388950705528259,0.37636131048202515,0.6645610928535461,0.29075998067855835,0.4991169571876526,0.28723159432411194,0.5947344899177551,0.5315700769424438,0.5567727088928223,0.5326870083808899,0.6325076818466187,0.6431738138198853,0.5406887531280518,0.6445648074150085,0.6353335380554199,0.7443405389785767,0.5517996549606323,0.7441359758377075
108,0.5761480331420898,0.376174658536911,0.6150944232940674,0.39924654364585876,0.6465860605239868,0.36720550060272217,0.5414327383041382,0.4071957468986511,0.5180025100708008,0.35841307044029236,0.660256564617157,0.2933439314365387,0.5026317834854126,0.2845191955566406,0.5992218255996704,0.5367840528488159,0.5563918948173523,0.536798894405365,0.6310477256774902,0.6494919061660767,0.5440837144851685,0.6544723510742188,0.6341044902801514,0.7470277547836304,0.5520637035369873,0.746501088142395
109,0.5822916030883789,0.38119620084762573,0.621285080909729,0.40657445788383484,0.650457501411438,0.36855483055114746,0.5379713177680969,0.4116472005844116,0.5306820869445801,0.3561077117919922,0.6622154712677002,0.27880698442459106,0.5041528940200806,0.28849518299102783,0.5971605181694031,0.5376392602920532,0.55479496717453,0.5376335382461548,0.6302481889724731,0.6453823447227478,0.5489224791526794,0.6510666608810425,0.6341568231582642,0.7436344027519226,0.5544697642326355,0.7438943386077881
110,0.5754296183586121,0.3834384083747864,0.6070836782455444,0.4077935814857483,0.6530069708824158,0.3656651973724365,0.5391101241111755,0.41666293144226074,0.516994833946228,0.3640032708644867,0.6622495651245117,0.2939438223838806,0.5030548572540283,0.2909141182899475,0.5940757393836975,0.5351835489273071,0.5573155283927917,0.5336966514587402,0.6343616247177124,0.6431372165679932,0.5442143678665161,0.6461150050163269,0.6342092156410217,0.7468087077140808,0.5517466068267822,0.7471380233764648
111,0.5769305229187012,0.38605183362960815,0.6061020493507385,0.413411945104599,0.64692622423172,0.3735000789165497,0.5400738716125488,0.42010974884033203,0.5241079926490784,0.3773755729198456,0.6599910855293274,0.29541295766830444,0.5023786425590515,0.29960280656814575,0.5945230722427368,0.542322039604187,0.5565484762191772,0.5418650507926941,0.6348634362220764,0.6440221071243286,0.5406267642974854,0.6437339186668396,0.6346615552902222,0.7467900514602661,0.5507534742355347,0.7459949851036072
112,0.5778560638427734,0.3850659728050232,0.6077312231063843,0.4156254529953003,0.646658182144165,0.3746689260005951,0.5403948426246643,0.42481666803359985,0.5232589840888977,0.37864989042282104,0.6593577861785889,0.2958042621612549,0.504896879196167,0.303719699382782,0.5951544046401978,0.5497971773147583,0.5568605661392212,0.5517622828483582,0.6355228424072266,0.648425817489624,0.5430055260658264,0.6566492915153503,0.634863018989563,0.7472943663597107,0.5517174601554871,0.7466821074485779
113,0.5754343271255493,0.38741183280944824,0.607245683670044,0.4147377610206604,0.6479088068008423,0.37290650606155396,0.5369125604629517,0.425750732421875,0.5152132511138916,0.3712689280509949,0.6589730978012085,0.29799774289131165,0.5030661225318909,0.3087494969367981,0.5966899394989014,0.5481503009796143,0.5568563938140869,0.5491548180580139,0.6353680491447449,0.6524525880813599,0.5443069934844971,0.6567562818527222,0.6333359479904175,0.7473161220550537,0.551393985748291,0.7432941198348999
114,0.575106680393219,0.3923315405845642,0.6046751141548157,0.4194166362285614,0.6458160281181335,0.37495681643486023,0.539219319820404,0.43049177527427673,0.51384037733078,0.37793171405792236,0.6600481867790222,0.30510687828063965,0.5025159120559692,0.30813056230545044,0.5947362184524536,0.5508643388748169,0.556500256061554,0.5529136061668396,0.6354503035545349,0.6490718722343445,0.5449239015579224,0.6562274098396301,0.6325814723968506,0.7486511468887329,0.5493520498275757,0.7452062368392944
115,0.570523202419281,0.39350301027297974,0.6037828326225281,0.42238327860832214,0.6466244459152222,0.37295717000961304,0.5366539359092712,0.43235838413238525,0.5280497670173645,0.3920447826385498,0.6641852259635925,0.309468150138855,0.5037827491760254,0.31173014640808105,0.5943953990936279,0.5557321906089783,0.5566957592964172,0.5580518841743469,0.635994017124176,0.6505469679832458,0.5435776114463806,0.6545259952545166,0.6339845061302185,0.7470685839653015,0.5478678941726685,0.7440497875213623
116,0.5714396238327026,0.39307212829589844,0.6031948328018188,0.42434680461883545,0.645849883556366,0.37546682357788086,0.5404173135757446,0.4319010376930237,0.5368611812591553,0.39511293172836304,0.6635127663612366,0.3121647834777832,0.5023095607757568,0.3123096823692322,0.5943987369537354,0.554948091506958,0.5578793287277222,0.5565782785415649,0.636345386505127,0.6509667634963989,0.5425514578819275,0.6578057408332825,0.6334738731384277,0.7477714419364929,0.5479350686073303,0.7444984912872314
117,0.5725506544113159,0.39343273639678955,0.6011401414871216,0.4260619878768921,0.6467201709747314,0.38686367869377136,0.5388867259025574,0.43258270621299744,0.52708500623703,0.397066205739975,0.6644225716590881,0.30936846137046814,0.501542329788208,0.31565219163894653,0.605400800704956,0.5559023022651672,0.5576281547546387,0.5554835200309753,0.6376380920410156,0.6489101648330688,0.5423870086669922,0.6552485823631287,0.6348874568939209,0.7467741966247559,0.5490419864654541,0.7453286647796631
118,0.5736079216003418,0.3963966965675354,0.6031937599182129,0.4298551678657532,0.646346926689148,0.38602930307388306,0.5405246019363403,0.43517276644706726,0.5310935974121094,0.3986034393310547,0.662487268447876,0.3090612292289734,0.503463625907898,0.3127101957798004,0.5946816205978394,0.5590295791625977,0.559097945690155,0.5592217445373535,0.6363126635551453,0.6510656476020813,0.543656587600708,0.6552194356918335,0.6339694857597351,0.7475841045379639,0.5499915480613708,0.7451788783073425
119,0.5760228633880615,0.3973044753074646,0.6038963794708252,0.431507408618927,0.6494601368904114,0.38856786489486694,0.5435614585876465,0.4358532130718231,0.5237994194030762,0.399461030960083,0.6640609502792358,0.315977543592453,0.5007259249687195,0.3263384699821472,0.5948930382728577,0.560312807559967,0.5602530241012573,0.559575080871582,0.6388083696365356,0.6519401669502258,0.5432597398757935,0.6545608043670654,0.6357836723327637,0.7451857328414917,0.5498245358467102,0.743658185005188
120,0.5820763111114502,0.399048775434494,0.610343337059021,0.43232855200767517,0.6541538834571838,0.39310264587402344,0.5479568243026733,0.43738898634910583,0.5292655825614929,0.3996688723564148,0.663242518901825,0.32457655668258667,0.497878760099411,0.3296247720718384,0.5972900986671448,0.5644448399543762,0.558515191078186,0.5668686032295227,0.6428398489952087,0.6574927568435669,0.5425520539283752,0.657356321811676,0.6338057518005371,0.75090491771698,0.5518385171890259,0.7518026828765869
121,0.5795302391052246,0.40182849764823914,0.6083012819290161,0.4375404715538025,0.656758189201355,0.3920961320400238,0.5435365438461304,0.4414518475532532,0.5211598873138428,0.39809852838516235,0.6644719243049622,0.3193841278553009,0.4993293285369873,0.3266858160495758,0.5952944755554199,0.5660766363143921,0.5612651109695435,0.5675941109657288,0.640178918838501,0.6512477397918701,0.5426360368728638,0.6534640192985535,0.6342573761940002,0.7505593299865723,0.550472617149353,0.7525449991226196
122,0.5814715623855591,0.40478700399398804,0.6111600399017334,0.44220781326293945,0.6565266251564026,0.3952212929725647,0.5442530512809753,0.4440704584121704,0.5169583559036255,0.39758384227752686,0.6656166911125183,0.3194727897644043,0.49807772040367126,0.3292906582355499,0.5940796136856079,0.564358115196228,0.5613836050033569,0.5664058327674866,0.6397264003753662,0.6499280333518982,0.5441234111785889,0.6491674184799194,0.6339722275733948,0.7487359046936035,0.5492888689041138,0.7494868040084839
123,0.5827767848968506,0.4024018943309784,0.609889030456543,0.44565749168395996,0.6572580337524414,0.40305623412132263,0.5483062267303467,0.44597113132476807,0.5197590589523315,0.4003225266933441,0.6662956476211548,0.33470088243484497,0.4983985126018524,0.3319443166255951,0.5956876277923584,0.5679696798324585,0.5608275532722473,0.5688506960868835,0.6390983462333679,0.6502960920333862,0.5441310405731201,0.6498039364814758,0.6328417062759399,0.7486791610717773,0.5523582696914673,0.7462854385375977
124,0.5876906514167786,0.4050499200820923,0.6102066040039062,0.4520409107208252,0.6551587581634521,0.4033849239349365,0.5486369132995605,0.45058345794677734,0.5195317268371582,0.4018300771713257,0.6685162782669067,0.3351995646953583,0.49717259407043457,0.3321249186992645,0.5939960479736328,0.5736867189407349,0.5612143278121948,0.5736804008483887,0.6356783509254456,0.6464527249336243,0.547116219997406,0.641237199306488,0.6324175596237183,0.7466714382171631,0.552719235420227,0.7454665899276733
125,0.5769858360290527,0.41830310225486755,0.6063101291656494,0.4519193768501282,0.6503073573112488,0.40919286012649536,0.5491534471511841,0.45368319749832153,0.5167415142059326,0.4004572629928589,0.6659379601478577,0.33823221921920776,0.49797794222831726,0.3322371542453766,0.6038037538528442,0.5733247995376587,0.560570478439331,0.5725342631340027,0.6379151940345764,0.6498479843139648,0.545517086982727,0.647193431854248,0.6311303973197937,0.7491990327835083,0.5504969358444214,0.750080943107605
126,0.5808925628662109,0.4265483617782593,0.608065128326416,0.4589895009994507,0.6513581275939941,0.4108402729034424,0.5499486923217773,0.4587116241455078,0.5179793834686279,0.4124763607978821,0.6659495830535889,0.3372151255607605,0.4946953058242798,0.3336929976940155,0.6016143560409546,0.5802206993103027,0.5617591142654419,0.5796275734901428,0.6376498937606812,0.6530989408493042,0.5518651008605957,0.6564595699310303,0.632319986820221,0.7497057914733887,0.5549761652946472,0.7501513361930847
127,0.5797851085662842,0.44379979372024536,0.6092063784599304,0.4727362096309662,0.6528562903404236,0.4270925521850586,0.545590877532959,0.4715729355812073,0.5047438740730286,0.4101581573486328,0.6620752811431885,0.352047324180603,0.49501511454582214,0.3495779037475586,0.5999079942703247,0.581954300403595,0.5607993602752686,0.5838971138000488,0.6376736164093018,0.6516101360321045,0.5586009621620178,0.6507351994514465,0.632085919380188,0.7492143511772156,0.5550669431686401,0.7486133575439453
128,0.5844976902008057,0.44547438621520996,0.603714108467102,0.4723862111568451,0.6478561162948608,0.4471895694732666,0.5472103357315063,0.4776565432548523,0.5156083106994629,0.44691306352615356,0.6587464809417725,0.36201047897338867,0.49593982100486755,0.36022472381591797,0.6018657684326172,0.5910201072692871,0.5646138787269592,0.5914880037307739,0.6352664232254028,0.649255096912384,0.56376051902771,0.6462341547012329,0.6331455707550049,0.7469062805175781,0.5568987727165222,0.747177243232727
129,0.5794280171394348,0.45151659846305847,0.6029459238052368,0.4755536913871765,0.6410409808158875,0.4508086144924164,0.5482518672943115,0.4793262481689453,0.5099174976348877,0.4358617067337036,0.6603864431381226,0.36311668157577515,0.49385547637939453,0.36905884742736816,0.6029615998268127,0.5888274908065796,0.5649468302726746,0.5890706181526184,0.633949875831604,0.645622968673706,0.5663614869117737,0.64723801612854,0.6324417591094971,0.7464580535888672,0.5571906566619873,0.7461602091789246
130,0.5799967646598816,0.4537617862224579,0.6069340705871582,0.4772440195083618,0.6434838771820068,0.4529077708721161,0.5500275492668152,0.4783727526664734,0.5066468119621277,0.442645788192749,0.664592981338501,0.36949867010116577,0.4944680333137512,0.37249571084976196,0.595978319644928,0.5908217430114746,0.5629996061325073,0.5929932594299316,0.6372603178024292,0.6521793603897095,0.5666121244430542,0.6501795053482056,0.6330797672271729,0.7491741180419922,0.558761715888977,0.7501336932182312
131,0.5810573101043701,0.4524151086807251,0.6103416681289673,0.4836186170578003,0.6417111158370972,0.4564194083213806,0.5525950193405151,0.48414599895477295,0.5093311071395874,0.45232951641082764,0.6477474570274353,0.4019983410835266,0.49510008096694946,0.37519848346710205,0.5979070067405701,0.5944127440452576,0.5632362365722656,0.5950121879577637,0.636652410030365,0.6558524966239929,0.5636829733848572,0.6526151299476624,0.6313065886497498,0.749072253704071,0.5574510097503662,0.7488865852355957
132,0.5795354843139648,0.45534855127334595,0.6105369329452515,0.4865073561668396,0.639240562915802,0.4541332721710205,0.5534075498580933,0.4878174662590027,0.5209558606147766,0.45229291915893555,0.6690253019332886,0.3723427951335907,0.4944855570793152,0.37422651052474976,0.5978720188140869,0.6005336046218872,0.5628857612609863,0.6015270352363586,0.6365508437156677,0.6665051579475403,0.5609768629074097,0.6550289392471313,0.6320563554763794,0.7509552240371704,0.5563727617263794,0.7576792240142822
133,0.5797098875045776,0.45634835958480835,0.60882169008255,0.48435744643211365,0.6388976573944092,0.45478877425193787,0.5520216226577759,0.48653125762939453,0.5202250480651855,0.4551112651824951,0.668413519859314,0.3758816421031952,0.49995386600494385,0.37713414430618286,0.5950090885162354,0.5966399908065796,0.5610660314559937,0.5985798835754395,0.6353743076324463,0.6616523265838623,0.5588945150375366,0.655409038066864,0.6330021619796753,0.7482749223709106,0.5570474863052368,0.7571961283683777
134,0.5806045532226562,0.46034932136535645,0.6106812953948975,0.4871634244918823,0.6461673974990845,0.46422088146209717,0.5530335903167725,0.48884767293930054,0.5200872421264648,0.46738773584365845,0.6685407161712646,0.37711483240127563,0.4976295828819275,0.3794633150100708,0.6062443852424622,0.6020492315292358,0.5626569986343384,0.6015121936798096,0.6348034739494324,0.6658070087432861,0.5598092079162598,0.6614850759506226,0.6320303678512573,0.7485610246658325,0.5575548410415649,0.7581135034561157
135,0.5806043148040771,0.4637848734855652,0.6085575819015503,0.48787209391593933,0.6491368412971497,0.4676045775413513,0.5509036779403687,0.49163752794265747,0.5171856880187988,0.4727737605571747,0.6673351526260376,0.3791412115097046,0.49369654059410095,0.37045466899871826,0.6059739589691162,0.5950125455856323,0.5601309537887573,0.5974477529525757,0.6343995332717896,0.6607975959777832,0.560024082660675,0.6581098437309265,0.6338104009628296,0.747046172618866,0.5575624704360962,0.7575947046279907
136,0.5793837308883667,0.4664047658443451,0.6130794286727905,0.4951459765434265,0.6499321460723877,0.45766931772232056,0.5513808727264404,0.4993186593055725,0.5085548162460327,0.4671541452407837,0.6684955358505249,0.3778403699398041,0.4921948313713074,0.3723633289337158,0.598274827003479,0.6068830490112305,0.5620204210281372,0.6089939475059509,0.6299793124198914,0.6591484546661377,0.5641818046569824,0.6516878008842468,0.630666971206665,0.7470200061798096,0.5568023920059204,0.7509739398956299
137,0.5844196081161499,0.4690875709056854,0.6093491315841675,0.4979017674922943,0.6488009095191956,0.4736350178718567,0.5537691116333008,0.5015189051628113,0.5184751749038696,0.4913438558578491,0.6604287028312683,0.39530718326568604,0.49233973026275635,0.3774748742580414,0.5947283506393433,0.6052827835083008,0.5629642605781555,0.607748806476593,0.6313223838806152,0.6657459735870361,0.5591000318527222,0.662993311882019,0.62972092628479,0.7475864887237549,0.5597712993621826,0.7538449168205261
138,0.5784834623336792,0.4707234501838684,0.6071650981903076,0.49501606822013855,0.6408863067626953,0.47159263491630554,0.5544987916946411,0.5000497698783875,0.5205356478691101,0.48756080865859985,0.666069746017456,0.38044285774230957,0.49364811182022095,0.3784028887748718,0.5946574211120605,0.6103634834289551,0.5628483891487122,0.6133543848991394,0.6350105404853821,0.6655889749526978,0.5600023865699768,0.6684495210647583,0.6296684741973877,0.7492629289627075,0.5588412880897522,0.754210889339447
139,0.5763037800788879,0.4738979935646057,0.6023359298706055,0.49636751413345337,0.6350727677345276,0.4720655083656311,0.5515925884246826,0.5031962394714355,0.5110967755317688,0.4759213924407959,0.6628310680389404,0.38189899921417236,0.49698400497436523,0.3852502107620239,0.6013308763504028,0.6092450022697449,0.5625393986701965,0.612581729888916,0.6313387155532837,0.6659373044967651,0.5569131374359131,0.6666783094406128,0.6311249732971191,0.7466232180595398,0.5601966381072998,0.7542304396629333
140,0.575385570526123,0.47760677337646484,0.6023697853088379,0.5046360492706299,0.6347737908363342,0.4759731888771057,0.5498946905136108,0.5095347166061401,0.5083825588226318,0.47713929414749146,0.6636295914649963,0.3855474889278412,0.4972516894340515,0.38594087958335876,0.60185706615448,0.6155245304107666,0.5624983310699463,0.6171532869338989,0.6301204562187195,0.6628240346908569,0.5590230226516724,0.6675097346305847,0.6292872428894043,0.7478722929954529,0.5577772855758667,0.7531629800796509
141,0.5789762139320374,0.48311012983322144,0.6069185137748718,0.5099764466285706,0.635405421257019,0.49208301305770874,0.552234411239624,0.5137064456939697,0.5105928778648376,0.48902231454849243,0.6658831834793091,0.39411020278930664,0.4996355473995209,0.39032286405563354,0.6003021001815796,0.6194222569465637,0.5629781484603882,0.6234005093574524,0.6225051879882812,0.6613730192184448,0.557181179523468,0.6644370555877686,0.6219573020935059,0.7437280416488647,0.555745542049408,0.7557034492492676
142,0.5800915956497192,0.48407384753227234,0.6125995516777039,0.5144331455230713,0.6368529200553894,0.4952464699745178,0.5550786852836609,0.5153331756591797,0.5084676742553711,0.4902815818786621,0.6680878400802612,0.39193594455718994,0.49756157398223877,0.3985661268234253,0.5972362160682678,0.6234807968139648,0.5625589489936829,0.6264427304267883,0.6291816830635071,0.6665246486663818,0.5587756633758545,0.6699904799461365,0.6234039068222046,0.7446762919425964,0.555830717086792,0.753777265548706
143,0.5803020000457764,0.4864470958709717,0.6095974445343018,0.5154581069946289,0.6357381343841553,0.4956464171409607,0.5536836385726929,0.5192564725875854,0.5024828910827637,0.48634403944015503,0.6653400659561157,0.393926739692688,0.4985826909542084,0.39858072996139526,0.5957858562469482,0.6224037408828735,0.5630785226821899,0.6258183717727661,0.6284130215644836,0.6609417796134949,0.558219850063324,0.6672298908233643,0.6248866319656372,0.7433172464370728,0.5567314624786377,0.7519976496696472
144,0.5841752290725708,0.4854182004928589,0.6142265796661377,0.51570725440979,0.6436002254486084,0.4884917140007019,0.5532840490341187,0.5199885368347168,0.5092108845710754,0.4905770421028137,0.6681166887283325,0.39678558707237244,0.49679550528526306,0.4042670726776123,0.5929977297782898,0.6339297890663147,0.5607284307479858,0.6372536420822144,0.6323492527008057,0.6669800281524658,0.5629773139953613,0.6658632755279541,0.6256901025772095,0.7498950958251953,0.558120846748352,0.7526226043701172
145,0.5805315971374512,0.492064893245697,0.6114425659179688,0.515561580657959,0.6454620361328125,0.48884424567222595,0.5531603693962097,0.5223202705383301,0.506025493144989,0.49274200201034546,0.6671689748764038,0.3988841474056244,0.49465855956077576,0.40563830733299255,0.5956517457962036,0.6324102878570557,0.5644615292549133,0.6359131932258606,0.6320240497589111,0.6635973453521729,0.5633163452148438,0.662000834941864,0.6250553727149963,0.7457684278488159,0.5584818124771118,0.7507745027542114
146,0.5794349312782288,0.4902648329734802,0.6092615723609924,0.5138610601425171,0.6430097222328186,0.4910760819911957,0.5505713820457458,0.5184845328330994,0.5059590339660645,0.4931468367576599,0.6652246117591858,0.40498262643814087,0.4957472085952759,0.4102095067501068,0.5945581793785095,0.6318590641021729,0.5638465881347656,0.6359614133834839,0.6312810182571411,0.665225088596344,0.5618765950202942,0.6683654189109802,0.6228501200675964,0.7477023601531982,0.5618833303451538,0.7552523016929626
147,0.583411693572998,0.48949453234672546,0.612824559211731,0.5199617743492126,0.6512494087219238,0.4972887635231018,0.5535365343093872,0.5201354026794434,0.5068663358688354,0.49619418382644653,0.6711050868034363,0.4041472375392914,0.4952719807624817,0.4126850366592407,0.5962351560592651,0.6349315643310547,0.5648263096809387,0.6374748349189758,0.6322247982025146,0.6675659418106079,0.5600781440734863,0.6700085401535034,0.6279166340827942,0.7483043074607849,0.5601617693901062,0.7544009685516357
148,0.5765420794487,0.49575066566467285,0.6113739013671875,0.5198301076889038,0.6434350609779358,0.509918749332428,0.5527142286300659,0.5232498645782471,0.505975604057312,0.5042126178741455,0.6683117747306824,0.4161805510520935,0.48801159858703613,0.42023658752441406,0.5961217880249023,0.6343556046485901,0.5660535097122192,0.6362793445587158,0.6317200660705566,0.6675019264221191,0.5612658262252808,0.6730411052703857,0.6219912767410278,0.7424383163452148,0.5620177984237671,0.7500643730163574
149,0.5790870189666748,0.49900496006011963,0.614421546459198,0.5254334211349487,0.6493747234344482,0.5107197165489197,0.5539520382881165,0.5267802476882935,0.5064418315887451,0.5066546201705933,0.6682528257369995,0.42083272337913513,0.49161872267723083,0.41689082980155945,0.5965118408203125,0.6357074975967407,0.5687482357025146,0.6376112699508667,0.6322842836380005,0.6655163764953613,0.5631067752838135,0.671666145324707,0.6267474293708801,0.7421426177024841,0.5624043941497803,0.7512619495391846
150,0.5727226734161377,0.5008653402328491,0.6046115756034851,0.5267554521560669,0.6483011841773987,0.5001356601715088,0.5423929691314697,0.5339779257774353,0.5033580660820007,0.5094852447509766,0.6645691990852356,0.4186232089996338,0.49138885736465454,0.4231431484222412,0.5998161435127258,0.6391816139221191,0.5615880489349365,0.6411715745925903,0.6265707015991211,0.6693279147148132,0.5631753206253052,0.6763283014297485,0.625422477722168,0.7467081546783447,0.5615888237953186,0.7514532804489136
151,0.5746210217475891,0.5018907785415649,0.6086218357086182,0.5260950326919556,0.6447524428367615,0.5065774917602539,0.5477025508880615,0.5310831069946289,0.5028097629547119,0.5087097883224487,0.6649364233016968,0.4215831458568573,0.4904983937740326,0.41938209533691406,0.5955904722213745,0.636847972869873,0.567923903465271,0.6394935846328735,0.6246391534805298,0.6726845502853394,0.5666022300720215,0.6763588786125183,0.6162706017494202,0.7403789758682251,0.5648685693740845,0.7484354972839355
152,0.5787599086761475,0.5066723227500916,0.6078769564628601,0.5273561477661133,0.6482326984405518,0.49714040756225586,0.5470480918884277,0.5353533625602722,0.5017712116241455,0.5118447542190552,0.6674391627311707,0.4229516386985779,0.4908329248428345,0.41790837049484253,0.595073938369751,0.6352250576019287,0.5668814778327942,0.6384552121162415,0.6216539740562439,0.6702353954315186,0.5635794401168823,0.6737356185913086,0.6267106533050537,0.7414859533309937,0.5628330707550049,0.7473115921020508
153,0.5782902240753174,0.5071702003479004,0.6154378652572632,0.5297685861587524,0.6521642208099365,0.502040684223175,0.5487481355667114,0.5384847521781921,0.5021218061447144,0.5147916078567505,0.6688963770866394,0.42222923040390015,0.48827192187309265,0.4234839379787445,0.5983066558837891,0.637580394744873,0.5671326518058777,0.6401954293251038,0.6238147020339966,0.6662351489067078,0.5641120076179504,0.6648690700531006,0.6239941120147705,0.7397324442863464,0.5615991950035095,0.7435531616210938
154,0.5834523439407349,0.5091310739517212,0.6125556230545044,0.5341420769691467,0.6536238193511963,0.4946642816066742,0.55003422498703,0.5418038368225098,0.5007236003875732,0.5139750242233276,0.6664243936538696,0.42412063479423523,0.4906042218208313,0.42294883728027344,0.5953693985939026,0.6419460773468018,0.565563976764679,0.6446549892425537,0.6264169216156006,0.670177161693573,0.5627455711364746,0.6746115684509277,0.6248494386672974,0.7437800168991089,0.5628056526184082,0.748295783996582
155,0.5771358013153076,0.515739917755127,0.60865318775177,0.5358930826187134,0.6443445086479187,0.5129281282424927,0.5426464080810547,0.5347236394882202,0.5032152533531189,0.5131158232688904,0.6577730774879456,0.4372670352458954,0.48936957120895386,0.4248220920562744,0.5983644723892212,0.6452139616012573,0.5658341646194458,0.6475869417190552,0.6254883408546448,0.6735607981681824,0.5629907846450806,0.6762921810150146,0.6266136765480042,0.7461639642715454,0.5620028376579285,0.7485593557357788
156,0.5791895985603333,0.5155943632125854,0.6167777180671692,0.536457896232605,0.6541584134101868,0.4957149624824524,0.5399603247642517,0.5391057133674622,0.4975588321685791,0.5080810785293579,0.6663649082183838,0.4214290976524353,0.4800036549568176,0.4331061840057373,0.5999628901481628,0.6552314758300781,0.5631153583526611,0.6584234237670898,0.6285303831100464,0.6692925691604614,0.563078761100769,0.6685654520988464,0.6249896883964539,0.7444848418235779,0.5600102543830872,0.7501600980758667
157,0.574874758720398,0.5190454125404358,0.6099644303321838,0.538688063621521,0.6508057117462158,0.5101850032806396,0.543994128704071,0.5416848659515381,0.5023276805877686,0.5099788904190063,0.6628628969192505,0.42556652426719666,0.48236989974975586,0.4338497519493103,0.5992692708969116,0.6520911455154419,0.564439594745636,0.6539782285690308,0.6290216445922852,0.666808009147644,0.5609736442565918,0.6682998538017273,0.6240692138671875,0.7412302494049072,0.562994122505188,0.742207407951355
158,0.5761840343475342,0.5182369947433472,0.6103900074958801,0.5359909534454346,0.6485652923583984,0.5166484713554382,0.5427737832069397,0.5405941009521484,0.5020315647125244,0.5104976892471313,0.6600474119186401,0.4382198750972748,0.4805935025215149,0.4429998993873596,0.5979104042053223,0.6470268368721008,0.5632095336914062,0.6502493619918823,0.6286730170249939,0.6620961427688599,0.5632777214050293,0.6647653579711914,0.6274130940437317,0.7404698133468628,0.5600522756576538,0.7467873096466064
159,0.5758534669876099,0.5171176195144653,0.614016056060791,0.5387514233589172,0.6521762609481812,0.517892599105835,0.5424253940582275,0.5395651459693909,0.49877727031707764,0.5103647708892822,0.6664118766784668,0.43665146827697754,0.47576186060905457,0.45110568404197693,0.5979753136634827,0.6475251913070679,0.5623130798339844,0.6503989696502686,0.6333266496658325,0.6646279692649841,0.5616918802261353,0.6667057275772095,0.6292582750320435,0.7420451641082764,0.5593053102493286,0.7499372959136963
160,0.5757330656051636,0.5179312229156494,0.6073349118232727,0.5390611886978149,0.6507881879806519,0.5204908847808838,0.5420387983322144,0.5432405471801758,0.4967077672481537,0.5084493160247803,0.6615835428237915,0.43917274475097656,0.4780089855194092,0.4508218765258789,0.5948144793510437,0.6503602266311646,0.5634281635284424,0.6525008082389832,0.631709635257721,0.6673951148986816,0.563224196434021,0.6696082949638367,0.6281718611717224,0.7430643439292908,0.5596559047698975,0.7500492930412292
161,0.5758123993873596,0.5212307572364807,0.6070700287818909,0.5416606068611145,0.6511691212654114,0.5334311723709106,0.5432560443878174,0.5425686836242676,0.4988161325454712,0.5089368224143982,0.6581252813339233,0.4620212912559509,0.4768112897872925,0.4494357705116272,0.5962814092636108,0.6484362483024597,0.564091682434082,0.6501752138137817,0.6285573840141296,0.6648019552230835,0.5635361075401306,0.6663129329681396,0.6277437210083008,0.741848886013031,0.5605478882789612,0.7468024492263794
162,0.5727906823158264,0.5236307382583618,0.6061443090438843,0.5454515218734741,0.650143027305603,0.5348016023635864,0.5396538972854614,0.5455513000488281,0.500307023525238,0.5105240345001221,0.6591856479644775,0.45883429050445557,0.47845458984375,0.4499092698097229,0.596443235874176,0.6518235802650452,0.5614063143730164,0.6536791324615479,0.6236279010772705,0.6651995182037354,0.5622228980064392,0.6677121520042419,0.6258087158203125,0.743750810623169,0.5567463636398315,0.7491804361343384
163,0.5726824998855591,0.5235182046890259,0.6058059334754944,0.5445802211761475,0.6492279767990112,0.5370036363601685,0.5383885502815247,0.5459210872650146,0.501753568649292,0.5130488276481628,0.661209225654602,0.458510160446167,0.4800015091896057,0.45053285360336304,0.5963064432144165,0.6482248306274414,0.5631544589996338,0.6506067514419556,0.6233717799186707,0.6615574359893799,0.5618852376937866,0.6632806062698364,0.6257277727127075,0.7427579760551453,0.5593463182449341,0.7420210838317871
164,0.5763263702392578,0.5241918563842773,0.6042520999908447,0.5437302589416504,0.6477386951446533,0.5403635501861572,0.5389313697814941,0.5448616743087769,0.5005223155021667,0.5114110708236694,0.6553715467453003,0.48888057470321655,0.4773878753185272,0.4518474340438843,0.5975629687309265,0.647403359413147,0.5631880760192871,0.6486880779266357,0.6251348257064819,0.6637177467346191,0.5611326694488525,0.6646307110786438,0.6264698505401611,0.7451536655426025,0.5574121475219727,0.7497979402542114
165,0.5760530233383179,0.5251296758651733,0.6026221513748169,0.545265793800354,0.6458054780960083,0.5424439311027527,0.5374919772148132,0.5456994771957397,0.5049455761909485,0.5253205299377441,0.6582393050193787,0.4924033582210541,0.47367557883262634,0.4492245614528656,0.595962643623352,0.6502069234848022,0.564330518245697,0.6512084603309631,0.6264312267303467,0.6668152809143066,0.5622912049293518,0.6687039136886597,0.6286191344261169,0.7469956874847412,0.5593293905258179,0.7487747073173523
166,0.5767253041267395,0.5254218578338623,0.6025774478912354,0.5448130369186401,0.6459537148475647,0.5426912903785706,0.5383735299110413,0.5445844531059265,0.5047547221183777,0.5250265002250671,0.6472187042236328,0.5137581825256348,0.4739243686199188,0.45093318819999695,0.5952871441841125,0.6490893363952637,0.5642232894897461,0.6504330039024353,0.6295138597488403,0.666509747505188,0.562408447265625,0.6692010760307312,0.628446102142334,0.745463490486145,0.5603070259094238,0.7484473586082458
167,0.574915885925293,0.5259531736373901,0.6013696193695068,0.545872688293457,0.6463501453399658,0.5422543287277222,0.5376501679420471,0.5455913543701172,0.5052315592765808,0.5241107940673828,0.6595100164413452,0.4962805211544037,0.474996417760849,0.4481709897518158,0.5942438840866089,0.6480088829994202,0.5627365708351135,0.6491713523864746,0.6245900392532349,0.6666052341461182,0.5617890357971191,0.6673860549926758,0.625999927520752,0.7448329925537109,0.5582137107849121,0.75018709897995
168,0.5781378746032715,0.5303043127059937,0.6119126081466675,0.547451913356781,0.65302574634552,0.5339308977127075,0.535586953163147,0.5453128218650818,0.49706658720970154,0.49956458806991577,0.6668075323104858,0.4544641375541687,0.47500452399253845,0.4471275508403778,0.6034083366394043,0.6417131423950195,0.5591133832931519,0.6538490056991577,0.6207394003868103,0.6662334203720093,0.5521199703216553,0.6675490736961365,0.6223964691162109,0.7462260127067566,0.554773211479187,0.7511512041091919
169,0.5758254528045654,0.5273723602294922,0.6024098992347717,0.548599123954773,0.6457472443580627,0.5375495553016663,0.5383310317993164,0.5445899367332458,0.49901342391967773,0.5068404078483582,0.6603354215621948,0.47133705019950867,0.4745525121688843,0.45020148158073425,0.595866858959198,0.6387937068939209,0.5603581666946411,0.6480223536491394,0.6169094443321228,0.6651899814605713,0.5552931427955627,0.6627154350280762,0.6203446984291077,0.7437788248062134,0.5538539290428162,0.7465832233428955
170,0.5742001533508301,0.5263861417770386,0.6021332740783691,0.547981858253479,0.6449376940727234,0.5346288084983826,0.5384076237678528,0.5446422100067139,0.5004813075065613,0.5063766241073608,0.6582109332084656,0.4670064151287079,0.4770069718360901,0.4465121924877167,0.5977565050125122,0.6381843090057373,0.5613185167312622,0.6477580666542053,0.6162209510803223,0.6653826236724854,0.553524911403656,0.663016676902771,0.6196848154067993,0.7442634105682373,0.5525125861167908,0.7473665475845337
171,0.5733800530433655,0.5213582515716553,0.6041090488433838,0.5443166494369507,0.6454220414161682,0.5312843322753906,0.5345977544784546,0.5417525172233582,0.5031837821006775,0.5061941146850586,0.6621198654174805,0.45217975974082947,0.477766752243042,0.4472278952598572,0.5990655422210693,0.6355043649673462,0.5616035461425781,0.6385244131088257,0.617466151714325,0.6643027663230896,0.5537036657333374,0.6627969741821289,0.619300127029419,0.7438154220581055,0.5528512001037598,0.7469846606254578
172,0.5737469792366028,0.521725594997406,0.6046019792556763,0.5443778038024902,0.6452118158340454,0.5246524810791016,0.5354068279266357,0.54301917552948,0.5037384629249573,0.5058414936065674,0.6670482158660889,0.44576284289360046,0.4762049615383148,0.44231176376342773,0.6002671122550964,0.6343686580657959,0.5614840984344482,0.637976884841919,0.6203041076660156,0.6640452742576599,0.5549217462539673,0.6644100546836853,0.6189015507698059,0.7434307336807251,0.5554972887039185,0.7454897165298462
173,0.5733179450035095,0.5231661796569824,0.6060230731964111,0.5452638864517212,0.6488946080207825,0.5182881355285645,0.5384042859077454,0.545475959777832,0.5023132562637329,0.5064221024513245,0.6693063974380493,0.44483840465545654,0.47529393434524536,0.4418855309486389,0.601191520690918,0.6375617384910583,0.5605852007865906,0.6415135264396667,0.6201876997947693,0.667622983455658,0.5546831488609314,0.6681396961212158,0.6204140186309814,0.7448617815971375,0.5557464361190796,0.7471717596054077
174,0.5750982165336609,0.5238543748855591,0.6037747263908386,0.5438823699951172,0.6458162069320679,0.5214409232139587,0.5356000065803528,0.5433448553085327,0.502724289894104,0.5058773756027222,0.6598279476165771,0.44659656286239624,0.4785812497138977,0.4405152201652527,0.5993856191635132,0.6400249600410461,0.5618184804916382,0.6505231857299805,0.6191649436950684,0.6698735952377319,0.5558699369430542,0.6719748973846436,0.6117278337478638,0.7465436458587646,0.5566439628601074,0.7501465678215027
175,0.5729942321777344,0.5178627967834473,0.6044889688491821,0.540185272693634,0.65130615234375,0.5195556282997131,0.5371057987213135,0.5414056181907654,0.49396228790283203,0.5085529088973999,0.6693408489227295,0.4444461464881897,0.4747416377067566,0.44154292345046997,0.5988221168518066,0.6532450914382935,0.5632226467132568,0.6555923223495483,0.6278615593910217,0.671306848526001,0.5618836879730225,0.6747905015945435,0.6236801147460938,0.7493985891342163,0.5601037740707397,0.7487665414810181
176,0.5758761763572693,0.5176692605018616,0.6038199067115784,0.5414820909500122,0.6477940082550049,0.5232685804367065,0.5386942028999329,0.5411091446876526,0.49455511569976807,0.5096793174743652,0.6577291488647461,0.459574818611145,0.47510215640068054,0.44226425886154175,0.5967138409614563,0.653378427028656,0.5613375306129456,0.6554508805274963,0.6247198581695557,0.671848475933075,0.560646653175354,0.6739164590835571,0.6235541701316833,0.7450194358825684,0.5601174831390381,0.7483310699462891
177,0.5749161839485168,0.5151411294937134,0.6039772033691406,0.5384575128555298,0.648384690284729,0.5201864242553711,0.5395988821983337,0.5397478938102722,0.4965016543865204,0.5117173194885254,0.6631883978843689,0.43790650367736816,0.47678351402282715,0.4408692717552185,0.5935275554656982,0.6504538655281067,0.5609593987464905,0.6532140970230103,0.6224218010902405,0.6700190901756287,0.5633829236030579,0.6728774309158325,0.6231591701507568,0.7461013197898865,0.5604559779167175,0.7461140155792236
178,0.5739946365356445,0.507827639579773,0.6078181266784668,0.5336761474609375,0.6529276371002197,0.5073918104171753,0.5408728122711182,0.5352445840835571,0.4990670680999756,0.5125364661216736,0.6675136089324951,0.4174860715866089,0.4777817130088806,0.44020816683769226,0.5960580110549927,0.644399881362915,0.5617963075637817,0.6512306332588196,0.6231025457382202,0.664989173412323,0.5587894916534424,0.6682958602905273,0.6172497272491455,0.7424620389938354,0.5617997646331787,0.7476109266281128
179,0.5737462043762207,0.5058737993240356,0.6064515113830566,0.5296795964241028,0.6488391160964966,0.5033819079399109,0.5439512133598328,0.5389976501464844,0.5012817978858948,0.516730546951294,0.6649537086486816,0.4218323230743408,0.4785723388195038,0.4345170855522156,0.5948126316070557,0.6385245323181152,0.5621000528335571,0.6427625417709351,0.6216422319412231,0.6651671528816223,0.5615133047103882,0.6713342070579529,0.6164562702178955,0.7420293688774109,0.5603030323982239,0.7500563859939575
180,0.5782530903816223,0.4911037087440491,0.6104080080986023,0.5169589519500732,0.6471045017242432,0.4902019500732422,0.5447068214416504,0.5231639742851257,0.5030486583709717,0.5010207891464233,0.6637821793556213,0.404272198677063,0.4803210496902466,0.42468762397766113,0.5957232713699341,0.6403374075889587,0.55949866771698,0.644571840763092,0.6313004493713379,0.6693905591964722,0.560712993144989,0.671238899230957,0.6227472424507141,0.7514936327934265,0.5597959756851196,0.7574783563613892
181,0.5755755305290222,0.4819886386394501,0.6086640954017639,0.5121277570724487,0.6479142904281616,0.48997995257377625,0.5462357401847839,0.5197170972824097,0.5019670724868774,0.49623191356658936,0.667041003704071,0.40451186895370483,0.4842897057533264,0.41270682215690613,0.5947214365005493,0.6287258267402649,0.5604326725006104,0.6314579248428345,0.6239963173866272,0.6678040027618408,0.5609773397445679,0.6675083637237549,0.6278572678565979,0.7450799345970154,0.554521918296814,0.7558159232139587
182,0.5743591785430908,0.477070689201355,0.6062346696853638,0.5052768588066101,0.6475628018379211,0.47519558668136597,0.5488390922546387,0.5105313062667847,0.49982210993766785,0.491574764251709,0.6668307185173035,0.38544702529907227,0.48699891567230225,0.39948973059654236,0.5951128602027893,0.6205252408981323,0.561029314994812,0.6223759651184082,0.6246094703674316,0.6653445959091187,0.5610072612762451,0.659014105796814,0.6266430020332336,0.747748076915741,0.5569705367088318,0.7516385912895203
183,0.5775222778320312,0.47217488288879395,0.6051630973815918,0.49801918864250183,0.6395276784896851,0.47263216972351074,0.5499093532562256,0.5015140175819397,0.5035940408706665,0.4823029935359955,0.6630351543426514,0.3850812613964081,0.48126786947250366,0.3979451656341553,0.6028154492378235,0.6174580454826355,0.5596034526824951,0.618726372718811,0.6274538040161133,0.6581913232803345,0.5646082162857056,0.6533893942832947,0.6276077032089233,0.7445554733276367,0.5586934685707092,0.7520643472671509
184,0.5797180533409119,0.4633673429489136,0.610694169998169,0.4960729479789734,0.644569993019104,0.46717700362205505,0.5549318194389343,0.5011819005012512,0.5072607398033142,0.47945159673690796,0.6682500839233398,0.37957239151000977,0.48450562357902527,0.3904655873775482,0.6010291576385498,0.6087689399719238,0.5651795864105225,0.6103107333183289,0.6312711238861084,0.6624708771705627,0.5647866129875183,0.6601065397262573,0.6322968006134033,0.7450634837150574,0.5603960752487183,0.7551600933074951
185,0.5783168077468872,0.4602587819099426,0.6075443029403687,0.48984289169311523,0.6484834551811218,0.4625885486602783,0.5530189871788025,0.49464911222457886,0.5089951157569885,0.46193909645080566,0.6619956493377686,0.3756446838378906,0.48677700757980347,0.3834241032600403,0.597999632358551,0.6039333343505859,0.5647802352905273,0.6055248975753784,0.6315413117408752,0.6604277491569519,0.5603245496749878,0.6620240211486816,0.6325997114181519,0.7430839538574219,0.5608593821525574,0.7535539865493774
186,0.5782954692840576,0.45785534381866455,0.6062794327735901,0.48606055974960327,0.6478828191757202,0.44604796171188354,0.5508677959442139,0.49054965376853943,0.5081910490989685,0.4556475281715393,0.6651674509048462,0.366714209318161,0.48663192987442017,0.38055479526519775,0.5984553098678589,0.5989186763763428,0.5639736652374268,0.6008869409561157,0.6324703693389893,0.6576861143112183,0.5644258856773376,0.6563987731933594,0.6325551271438599,0.7422049045562744,0.5585917830467224,0.750991702079773
187,0.5796390175819397,0.4514293074607849,0.6070282459259033,0.4797780215740204,0.6469615697860718,0.4495078921318054,0.5490231513977051,0.48280248045921326,0.512704610824585,0.45287570357322693,0.664965033531189,0.36440759897232056,0.48958227038383484,0.38436412811279297,0.6006714701652527,0.5964834690093994,0.5617837905883789,0.5978379845619202,0.6334139704704285,0.6557129621505737,0.5630477666854858,0.6543991565704346,0.6321009397506714,0.7439979910850525,0.5552866458892822,0.7505937814712524
188,0.582100510597229,0.4476349353790283,0.616390585899353,0.47805488109588623,0.6543806791305542,0.42765164375305176,0.5513691306114197,0.4765615165233612,0.5109102725982666,0.4543845057487488,0.6666911840438843,0.3589036464691162,0.48773953318595886,0.37840065360069275,0.6032117605209351,0.5907220840454102,0.564471960067749,0.5926573276519775,0.6345060467720032,0.6574770212173462,0.5651711225509644,0.6549216508865356,0.6334428787231445,0.7468644976615906,0.5550332069396973,0.7503727674484253
189,0.5798625946044922,0.44421881437301636,0.6172533631324768,0.4749293029308319,0.6545071601867676,0.42374318838119507,0.5503387451171875,0.4763278663158417,0.5129483938217163,0.43898865580558777,0.6657794713973999,0.3550586700439453,0.49097323417663574,0.37466931343078613,0.6034437417984009,0.5891683101654053,0.5627321600914001,0.590751051902771,0.6356682777404785,0.6582703590393066,0.5609256625175476,0.6539325714111328,0.6319375038146973,0.7508372664451599,0.5530272722244263,0.7506424784660339
190,0.5803629159927368,0.4393618702888489,0.6171309947967529,0.4708930253982544,0.658189058303833,0.41855019330978394,0.5513976812362671,0.4713428020477295,0.507606565952301,0.42728301882743835,0.6647278666496277,0.3472837209701538,0.4883856177330017,0.37137922644615173,0.5998503565788269,0.5836286544799805,0.5631603002548218,0.5847345590591431,0.6365134119987488,0.6568833589553833,0.5588988065719604,0.6503822207450867,0.6296451687812805,0.7474381923675537,0.5540719032287598,0.7490565776824951
191,0.5789619088172913,0.43771180510520935,0.6134383082389832,0.4658217430114746,0.6579949855804443,0.4165087938308716,0.5492674112319946,0.4646756649017334,0.5076121687889099,0.42615240812301636,0.6635093092918396,0.3540571928024292,0.4887644946575165,0.363302081823349,0.5961446762084961,0.5822016000747681,0.5579306483268738,0.5835054516792297,0.6358640789985657,0.6578356027603149,0.5522907972335815,0.6571060419082642,0.6321606636047363,0.7516906261444092,0.5508072376251221,0.7567766904830933
192,0.5784374475479126,0.43062514066696167,0.6152257323265076,0.4604879319667816,0.654790461063385,0.405210018157959,0.5501016974449158,0.46109944581985474,0.5135608315467834,0.40709275007247925,0.6707918047904968,0.33092814683914185,0.4887194335460663,0.35074037313461304,0.5988191366195679,0.5805959105491638,0.5614595413208008,0.5823389291763306,0.638949453830719,0.6524467468261719,0.5522394180297852,0.6534363031387329,0.631980836391449,0.7499982118606567,0.550709068775177,0.7562574744224548
193,0.5806772708892822,0.41676148772239685,0.6147128343582153,0.4485017955303192,0.6551871299743652,0.3901992440223694,0.5410494208335876,0.45140761137008667,0.5104201436042786,0.40494972467422485,0.6631383895874023,0.3311876356601715,0.4898892343044281,0.3424186408519745,0.6019295454025269,0.5732195377349854,0.5596356987953186,0.5765384435653687,0.6386777758598328,0.6515008211135864,0.5498299598693848,0.6497712731361389,0.6305528283119202,0.7509989142417908,0.5496365427970886,0.7551168203353882
194,0.5761494636535645,0.4085472822189331,0.6109179258346558,0.4445851445198059,0.6519451141357422,0.392914742231369,0.5428521633148193,0.45075127482414246,0.5121819972991943,0.4028540551662445,0.6627247333526611,0.32758185267448425,0.49074941873550415,0.33714234828948975,0.5996112823486328,0.5681251287460327,0.5578873157501221,0.5703513622283936,0.6395816206932068,0.6499941945075989,0.5507007837295532,0.6512742042541504,0.6329472064971924,0.7503685355186462,0.5490953922271729,0.7535794973373413
195,0.5774181485176086,0.4102805554866791,0.6115553379058838,0.4461904466152191,0.6546357274055481,0.386139452457428,0.5466387271881104,0.448916494846344,0.5100815296173096,0.39977508783340454,0.6654292345046997,0.3198006749153137,0.49523627758026123,0.33775413036346436,0.597295343875885,0.570862352848053,0.5612629055976868,0.5740829706192017,0.6388732194900513,0.6520004272460938,0.5487122535705566,0.6550161838531494,0.6340993642807007,0.7511150240898132,0.5485813021659851,0.7557424306869507
196,0.575510561466217,0.40652722120285034,0.6070423126220703,0.4355914294719696,0.6540412902832031,0.3857230544090271,0.5444385409355164,0.44305408000946045,0.5118568539619446,0.3999585807323456,0.6646709442138672,0.3183336555957794,0.4961070418357849,0.33262062072753906,0.5962307453155518,0.5658471584320068,0.5590522289276123,0.5687041282653809,0.6387995481491089,0.6537884473800659,0.5458933115005493,0.6591448783874512,0.634369432926178,0.7512117624282837,0.5485023260116577,0.7561601996421814
197,0.5797586441040039,0.3997511863708496,0.6084164381027222,0.4298402965068817,0.6472887396812439,0.38360652327537537,0.5406457185745239,0.4374614655971527,0.5113323926925659,0.3979138731956482,0.66510009765625,0.31473714113235474,0.4940396547317505,0.3338000476360321,0.598954439163208,0.5627474784851074,0.5580044984817505,0.5653970837593079,0.6399628520011902,0.6566404104232788,0.5448877811431885,0.6590877771377563,0.6330692768096924,0.7530789375305176,0.5492216348648071,0.7553521990776062
198,0.5734568238258362,0.38869568705558777,0.6101455092430115,0.4206826686859131,0.6536142230033875,0.373904824256897,0.5380004644393921,0.42944225668907166,0.5135084390640259,0.3884654641151428,0.6675757765769958,0.3055175244808197,0.49446117877960205,0.3284222483634949,0.5997241735458374,0.5579149723052979,0.5572289228439331,0.558229923248291,0.6389611959457397,0.6562087535858154,0.5426790714263916,0.6580522060394287,0.630598783493042,0.7529687285423279,0.5471091270446777,0.7529035806655884
199,0.5784825682640076,0.3908563554286957,0.6169601678848267,0.41992485523223877,0.6525624990463257,0.37707948684692383,0.5453351140022278,0.4315600097179413,0.5200585722923279,0.3872549533843994,0.6671110391616821,0.3057616055011749,0.4963855445384979,0.3271159529685974,0.6015299558639526,0.5591639876365662,0.5590381622314453,0.5601773858070374,0.636358380317688,0.6567337512969971,0.5437610745429993,0.6581078767776489,0.630663275718689,0.7497581243515015,0.5492141842842102,0.7493350505828857
200,0.5766301155090332,0.38991767168045044,0.6110502481460571,0.41454967856407166,0.654650092124939,0.37173789739608765,0.5395691394805908,0.4270276427268982,0.5107347965240479,0.38095948100090027,0.6654353737831116,0.30335667729377747,0.49028146266937256,0.32140225172042847,0.5984494686126709,0.5522431135177612,0.5583915114402771,0.5552465319633484,0.6371235251426697,0.6522668600082397,0.5451764464378357,0.6580412983894348,0.6310521364212036,0.7505175471305847,0.5480254888534546,0.7511461973190308
201,0.5754706263542175,0.3893158435821533,0.6090290546417236,0.41552770137786865,0.6558462977409363,0.3713935613632202,0.5366994142532349,0.4259354770183563,0.5104047060012817,0.37875896692276,0.6617268323898315,0.30444931983947754,0.49198609590530396,0.3177815079689026,0.5976877212524414,0.5477808713912964,0.5572329759597778,0.552568793296814,0.6364516019821167,0.6539735198020935,0.5502891540527344,0.6562843322753906,0.6333886384963989,0.7481390237808228,0.5522173047065735,0.7490825653076172
202,0.5739423632621765,0.38419991731643677,0.6069457530975342,0.41284042596817017,0.6554775834083557,0.370358943939209,0.5358986854553223,0.4225906729698181,0.5101159811019897,0.38345837593078613,0.6655616760253906,0.29199454188346863,0.4892730712890625,0.32115820050239563,0.5983238220214844,0.5442423820495605,0.559990644454956,0.5472539663314819,0.6359729766845703,0.6495107412338257,0.5486243367195129,0.6468043923377991,0.6336672306060791,0.7466158866882324,0.5540130734443665,0.7478885650634766
203,0.5811139345169067,0.38174745440483093,0.6089327335357666,0.40854179859161377,0.6544848680496216,0.36978697776794434,0.5386252403259277,0.41551709175109863,0.5128650069236755,0.3859034478664398,0.6662779450416565,0.2881004512310028,0.48840102553367615,0.3203302025794983,0.5971840620040894,0.5419384837150574,0.5588135123252869,0.5432673692703247,0.6340805292129517,0.6481307744979858,0.5480188727378845,0.6438503861427307,0.6327172517776489,0.7466642260551453,0.5515726804733276,0.7473143935203552
204,0.5777533054351807,0.3778744339942932,0.617575466632843,0.39864394068717957,0.6501425504684448,0.36986976861953735,0.5391609072685242,0.40865930914878845,0.5137779712677002,0.36892828345298767,0.6647180914878845,0.28513333201408386,0.49173781275749207,0.29995986819267273,0.6010526418685913,0.5390185117721558,0.559103786945343,0.5395240783691406,0.6288003921508789,0.6479581594467163,0.5481950044631958,0.644510805606842,0.6325808763504028,0.7452616095542908,0.5494946241378784,0.7436386942863464
205,0.5799435377120972,0.3770577907562256,0.6141618490219116,0.40607213973999023,0.645427405834198,0.37508291006088257,0.5424528121948242,0.4119510054588318,0.5157281160354614,0.37109559774398804,0.6665734052658081,0.2783154845237732,0.49286389350891113,0.2933558225631714,0.5990660190582275,0.5340343713760376,0.5608055591583252,0.5318747758865356,0.6291341185569763,0.6363478302955627,0.5445741415023804,0.6343261003494263,0.6322671175003052,0.7423677444458008,0.551264762878418,0.7426597476005554
206,0.5761338472366333,0.3719533383846283,0.6075437068939209,0.4017755687236786,0.65025395154953,0.3718258738517761,0.5372176170349121,0.40613818168640137,0.5105477571487427,0.3677403926849365,0.6658744812011719,0.28461432456970215,0.48593661189079285,0.2989586889743805,0.5961390733718872,0.5278947949409485,0.5577267408370972,0.5271536111831665,0.6262058019638062,0.6334310173988342,0.5539740324020386,0.6279088258743286,0.6285715103149414,0.7410447001457214,0.5485982894897461,0.7419153451919556
207,0.5728601813316345,0.36161789298057556,0.6095942258834839,0.3920972943305969,0.6517795920372009,0.36515817046165466,0.5347370505332947,0.39551663398742676,0.5133654475212097,0.3601280152797699,0.6650468707084656,0.282137393951416,0.4868721663951874,0.29310864210128784,0.6012507677078247,0.5211683511734009,0.5601113438606262,0.5183899402618408,0.6230363249778748,0.628821074962616,0.557090699672699,0.6226261854171753,0.6281431317329407,0.7416693568229675,0.5521343350410461,0.7409712076187134
208,0.5720248818397522,0.36030372977256775,0.6071492433547974,0.3931675851345062,0.6511417627334595,0.3690074384212494,0.5358141660690308,0.3968683183193207,0.5116482377052307,0.3641175627708435,0.6643728017807007,0.27993717789649963,0.4857521653175354,0.29418444633483887,0.5984833240509033,0.5209047794342041,0.5595414638519287,0.5205544233322144,0.6233393549919128,0.6251345276832581,0.5598808526992798,0.61833655834198,0.6281405687332153,0.7392371892929077,0.5492188930511475,0.7406960725784302
209,0.5710077881813049,0.3627663850784302,0.6070393919944763,0.3907158076763153,0.6496185064315796,0.3650067448616028,0.5344383716583252,0.3966381251811981,0.5124409198760986,0.36183351278305054,0.6641014218330383,0.2784019112586975,0.48808690905570984,0.29414618015289307,0.5995922088623047,0.5217215418815613,0.5584365129470825,0.5225015878677368,0.6237704753875732,0.6346365809440613,0.5551431179046631,0.631079912185669,0.6288429498672485,0.7402560710906982,0.549823522567749,0.7413966059684753
210,0.5744346380233765,0.3590967059135437,0.607685387134552,0.3866998851299286,0.6517804861068726,0.36548250913619995,0.538079559803009,0.3902583122253418,0.5128359794616699,0.3643192648887634,0.6647525429725647,0.28616175055503845,0.4874690771102905,0.2950012683868408,0.5999671220779419,0.5171818733215332,0.555789589881897,0.5178322792053223,0.622931718826294,0.6282124519348145,0.5571478605270386,0.623345136642456,0.6286910772323608,0.7383963465690613,0.5507807731628418,0.7406762838363647
211,0.5706322193145752,0.3569912314414978,0.6077297925949097,0.38416630029678345,0.6506271362304688,0.35884594917297363,0.5364281535148621,0.38967713713645935,0.5085813403129578,0.36138761043548584,0.6631637811660767,0.2724584937095642,0.4857149124145508,0.2884071469306946,0.601789116859436,0.5196066498756409,0.5554653406143188,0.5203417539596558,0.6220850348472595,0.6356863975524902,0.5522047281265259,0.6337602138519287,0.6265883445739746,0.7414504885673523,0.5520716905593872,0.7421360015869141
212,0.5710048675537109,0.3551684021949768,0.6078183650970459,0.384572833776474,0.6509645581245422,0.35865518450737,0.5377380847930908,0.38915878534317017,0.5087863206863403,0.35905522108078003,0.6646113991737366,0.26655685901641846,0.48717960715293884,0.2881022095680237,0.6049252152442932,0.5225128531455994,0.5574227571487427,0.5230808258056641,0.6230097413063049,0.6373845338821411,0.5596317648887634,0.6355170011520386,0.6280849575996399,0.7415346503257751,0.5537147521972656,0.7437852621078491
213,0.5708135366439819,0.3576664626598358,0.6069936752319336,0.3867796063423157,0.648759126663208,0.3589339852333069,0.5377422571182251,0.39179667830467224,0.5103473663330078,0.34988173842430115,0.6640557646751404,0.26725316047668457,0.48827236890792847,0.2886475622653961,0.6020668148994446,0.5256187319755554,0.5557408332824707,0.5273139476776123,0.6210870742797852,0.6432296633720398,0.5621351003646851,0.6422591209411621,0.62727290391922,0.7447781562805176,0.552603542804718,0.7461303472518921
214,0.5699188709259033,0.3567344844341278,0.6061705946922302,0.38682204484939575,0.6471384167671204,0.36060842871665955,0.5369284749031067,0.39281412959098816,0.5090185403823853,0.3580325245857239,0.6640551090240479,0.2676013112068176,0.4865994453430176,0.2883746027946472,0.599760890007019,0.5221229791641235,0.5550128817558289,0.5229120850563049,0.6160634160041809,0.6387677192687988,0.563544511795044,0.6404675841331482,0.6252244710922241,0.7425863742828369,0.5540159940719604,0.7454854249954224
215,0.5731201767921448,0.3583976626396179,0.6088746786117554,0.38393434882164,0.6471145749092102,0.34724995493888855,0.5388123989105225,0.38988423347473145,0.5095641016960144,0.34674593806266785,0.6651022434234619,0.2615438997745514,0.4876039922237396,0.2871209979057312,0.5994703769683838,0.5268615484237671,0.5590815544128418,0.526943564414978,0.6132164001464844,0.6460915803909302,0.5596351623535156,0.6459463238716125,0.6225954294204712,0.744726836681366,0.5501736402511597,0.7467914819717407
216,0.5702205300331116,0.35845476388931274,0.606401801109314,0.3831446170806885,0.6452844738960266,0.3591504991054535,0.5336614847183228,0.39001280069351196,0.5074138641357422,0.3424203395843506,0.6631115674972534,0.2730470895767212,0.4899747371673584,0.27971699833869934,0.5941572189331055,0.5196986794471741,0.5537663102149963,0.5199638605117798,0.6128535270690918,0.6338121294975281,0.5490249395370483,0.6353031396865845,0.6200112104415894,0.7399879693984985,0.544653594493866,0.7410720586776733
217,0.5749952793121338,0.35802972316741943,0.6080472469329834,0.3853611350059509,0.6466091275215149,0.35172271728515625,0.5368590950965881,0.39093947410583496,0.5116713047027588,0.34367799758911133,0.6648997068405151,0.27070552110671997,0.49102842807769775,0.27783000469207764,0.598382830619812,0.5216596126556396,0.5569773316383362,0.5218201875686646,0.6189050078392029,0.6326960921287537,0.5557000637054443,0.6367887258529663,0.6248443722724915,0.740130603313446,0.5530443787574768,0.7431437373161316
218,0.5757306218147278,0.35633736848831177,0.6105422973632812,0.38289675116539,0.6479562520980835,0.3480207324028015,0.5367304086685181,0.3887616991996765,0.5120348930358887,0.33840450644493103,0.6647932529449463,0.2639216184616089,0.4915066659450531,0.26893359422683716,0.5987037420272827,0.5206713080406189,0.5551563501358032,0.519656777381897,0.6123673915863037,0.632075309753418,0.5492851734161377,0.6320473551750183,0.6223781108856201,0.74065101146698,0.5497021675109863,0.7422763109207153
219,0.579835057258606,0.35158753395080566,0.611514687538147,0.3826509416103363,0.6501926183700562,0.3358372151851654,0.5367610454559326,0.38756343722343445,0.5123222470283508,0.3356773257255554,0.6666833758354187,0.25668126344680786,0.49652382731437683,0.27081742882728577,0.6031643748283386,0.5201257467269897,0.5532893538475037,0.5161476135253906,0.5975670218467712,0.6332331895828247,0.5463975667953491,0.6296664476394653,0.619314968585968,0.7432615756988525,0.5488210916519165,0.7459525465965271
220,0.5801186561584473,0.3506835103034973,0.6109994053840637,0.3825382590293884,0.6510514616966248,0.32909083366394043,0.5386358499526978,0.3912857174873352,0.5164504051208496,0.3242155611515045,0.663801372051239,0.2521069645881653,0.4955468773841858,0.266968309879303,0.6023755073547363,0.5218121409416199,0.550606369972229,0.5175741910934448,0.5977492332458496,0.6372723579406738,0.5463242530822754,0.6361660361289978,0.6166722774505615,0.7435387969017029,0.5483313798904419,0.7463631629943848
221,0.580650806427002,0.35143333673477173,0.6163185238838196,0.38659578561782837,0.6534518003463745,0.3301770091056824,0.5382723808288574,0.3903455436229706,0.5098785161972046,0.33696049451828003,0.6657218337059021,0.2506096661090851,0.49271246790885925,0.26492413878440857,0.603195309638977,0.5210890173912048,0.5540072917938232,0.5171775817871094,0.6027498841285706,0.6327833533287048,0.5525943040847778,0.6318686008453369,0.6183276772499084,0.7436953783035278,0.5524628758430481,0.7431482672691345
222,0.5802695751190186,0.34973692893981934,0.6104633808135986,0.38429707288742065,0.6521543264389038,0.32979968190193176,0.5356656312942505,0.3883330523967743,0.514522910118103,0.32477331161499023,0.6652877330780029,0.2488096058368683,0.4942518174648285,0.2643741965293884,0.5911394953727722,0.5218902826309204,0.5507683157920837,0.5197405815124512,0.6022123694419861,0.6362309455871582,0.5479358434677124,0.6353319883346558,0.6193798184394836,0.7441248297691345,0.547593355178833,0.7448525428771973
223,0.5803049206733704,0.3512982726097107,0.6103119850158691,0.3849702775478363,0.6528692245483398,0.32935380935668945,0.5371007919311523,0.3888342082500458,0.515772819519043,0.3244512677192688,0.6644344925880432,0.2496303766965866,0.49569499492645264,0.26521897315979004,0.592106819152832,0.5216213464736938,0.5519540309906006,0.5198803544044495,0.6036185026168823,0.6372859477996826,0.5506793260574341,0.6379051208496094,0.6207714080810547,0.7454565763473511,0.5492314696311951,0.7462832927703857
224,0.5788580775260925,0.353863000869751,0.6089946031570435,0.3831598460674286,0.654899537563324,0.3274267911911011,0.5375730991363525,0.38790473341941833,0.5090423822402954,0.3357818126678467,0.6676828265190125,0.2548830509185791,0.4916805624961853,0.26679638028144836,0.6049314141273499,0.5197864770889282,0.5559514760971069,0.5174856185913086,0.6039933562278748,0.6343691945075989,0.5541414022445679,0.634765088558197,0.6218311786651611,0.7453147172927856,0.5523689389228821,0.7457489371299744
225,0.579685628414154,0.3529818654060364,0.6096802949905396,0.38490769267082214,0.6545166969299316,0.32558900117874146,0.5373215079307556,0.38913363218307495,0.5126265287399292,0.32435211539268494,0.6673253774642944,0.2541229724884033,0.49238646030426025,0.2656523585319519,0.5939875245094299,0.5211417078971863,0.5526511669158936,0.5193908214569092,0.6035261750221252,0.6375205516815186,0.5529736280441284,0.6369574666023254,0.619376003742218,0.7457717657089233,0.5500306487083435,0.746098518371582
226,0.5788668394088745,0.3536686301231384,0.6097456812858582,0.3844221532344818,0.6546670198440552,0.32725992798805237,0.5370879173278809,0.38851532340049744,0.5139866471290588,0.32510238885879517,0.6671308279037476,0.25426825881004333,0.49135538935661316,0.2678844630718231,0.594419002532959,0.5207544565200806,0.5530853867530823,0.5185666680335999,0.6042711734771729,0.637460470199585,0.5531419515609741,0.637087345123291,0.6191243529319763,0.7476201057434082,0.5503723621368408,0.7483669519424438
227,0.5791680216789246,0.35409659147262573,0.6095297336578369,0.3846125602722168,0.6530447006225586,0.3333504796028137,0.5362468361854553,0.38840553164482117,0.5094804167747498,0.3372749090194702,0.6652801036834717,0.2535856366157532,0.4889722466468811,0.2703090310096741,0.5947424173355103,0.5197033882141113,0.5548815727233887,0.5177151560783386,0.6053175330162048,0.6377578973770142,0.5563690662384033,0.6384319067001343,0.6208853721618652,0.7493385076522827,0.5516215562820435,0.7496403455734253
228,0.5691000819206238,0.3550933599472046,0.6038885116577148,0.38260945677757263,0.647196352481842,0.33924075961112976,0.5414842367172241,0.38982826471328735,0.5080872178077698,0.34149789810180664,0.6604636907577515,0.26120907068252563,0.49184033274650574,0.26884377002716064,0.6046444177627563,0.5171756744384766,0.5550522804260254,0.5166974067687988,0.6087528467178345,0.6331046223640442,0.5431432723999023,0.6319628953933716,0.6158100366592407,0.7417682409286499,0.5447657108306885,0.7439460158348083
229,0.5717138051986694,0.351980984210968,0.6054031848907471,0.3835887908935547,0.6478495597839355,0.3340836763381958,0.5353813171386719,0.3866531252861023,0.5105412006378174,0.337779700756073,0.661186695098877,0.25754454731941223,0.49354156851768494,0.2665809988975525,0.6033601760864258,0.5171715021133423,0.5543087124824524,0.5153571963310242,0.602206826210022,0.6329084634780884,0.5460328459739685,0.6320133805274963,0.6112294793128967,0.7456290125846863,0.5466628074645996,0.7455796599388123
230,0.5702898502349854,0.3528340756893158,0.6051079034805298,0.38108953833580017,0.6483356952667236,0.33890530467033386,0.5352128148078918,0.38544952869415283,0.5098599791526794,0.34162434935569763,0.660832941532135,0.2572982609272003,0.4900239109992981,0.2705756723880768,0.6047505140304565,0.5181825160980225,0.5555984973907471,0.5165042877197266,0.6033738851547241,0.6342592239379883,0.5449869632720947,0.6326636075973511,0.611681342124939,0.7438642978668213,0.5450575351715088,0.7447853088378906
231,0.5721932649612427,0.35186415910720825,0.6060962677001953,0.3806423544883728,0.6498397588729858,0.3407869040966034,0.5354659557342529,0.3844606876373291,0.5072084665298462,0.34115394949913025,0.6609987616539001,0.25704529881477356,0.48932668566703796,0.27101385593414307,0.6038811206817627,0.5188098549842834,0.5558049082756042,0.5165801644325256,0.603461742401123,0.6341077089309692,0.5476086735725403,0.6317617297172546,0.6118898987770081,0.7447776794433594,0.5476948022842407,0.7433396577835083
232,0.5701602101325989,0.35172295570373535,0.6054901480674744,0.38081759214401245,0.6522842645645142,0.3370969295501709,0.5356727242469788,0.3894662857055664,0.5039103031158447,0.33957457542419434,0.6649739146232605,0.2569119930267334,0.48805534839630127,0.2687700390815735,0.6003367900848389,0.5168534517288208,0.5541156530380249,0.5148738622665405,0.5965124368667603,0.6339551210403442,0.5467214584350586,0.6312950849533081,0.606803297996521,0.7446767687797546,0.547364354133606,0.7419730424880981
233,0.5718824863433838,0.35074910521507263,0.6062361001968384,0.3799712657928467,0.6544231176376343,0.3344401717185974,0.5337804555892944,0.3869583010673523,0.49795493483543396,0.339534729719162,0.6665929555892944,0.25478672981262207,0.4854111075401306,0.26434236764907837,0.6023064851760864,0.5153944492340088,0.5545613169670105,0.5127337574958801,0.5980492830276489,0.6298778057098389,0.5532121658325195,0.6243734359741211,0.6083060503005981,0.7453933954238892,0.5483729839324951,0.7413609027862549
234,0.5723848938941956,0.35080644488334656,0.6063718795776367,0.3801719546318054,0.6539148092269897,0.340320885181427,0.5409430265426636,0.3896509110927582,0.4956234097480774,0.34007832407951355,0.6651051044464111,0.258157342672348,0.48206740617752075,0.27215951681137085,0.6026469469070435,0.5169097781181335,0.5542522668838501,0.5147414803504944,0.5980018377304077,0.6362942457199097,0.5504105091094971,0.6337158679962158,0.6088101267814636,0.7454835772514343,0.5483856201171875,0.7429219484329224
235,0.5725475549697876,0.3510916233062744,0.606836199760437,0.37919139862060547,0.6509392857551575,0.34438610076904297,0.5406352281570435,0.38820764422416687,0.4965183138847351,0.3424944579601288,0.6632782220840454,0.26163768768310547,0.48465126752853394,0.27329021692276,0.6036607623100281,0.5169363021850586,0.5546214580535889,0.5152394771575928,0.6007412075996399,0.6350311040878296,0.5507640838623047,0.6330737471580505,0.6110467314720154,0.7432229518890381,0.5477030873298645,0.7411850690841675
236,0.5706701278686523,0.35554084181785583,0.6054295301437378,0.3840793967247009,0.6497794389724731,0.3445870578289032,0.5385950207710266,0.3908846080303192,0.4985355734825134,0.34096357226371765,0.6627326011657715,0.26320403814315796,0.4852607846260071,0.2751539349555969,0.602218508720398,0.523857593536377,0.5526260137557983,0.5216156244277954,0.6019982099533081,0.6387161016464233,0.555389404296875,0.6409453749656677,0.6124112606048584,0.744697093963623,0.5480715036392212,0.7447110414505005
237,0.571784496307373,0.35429608821868896,0.6057400107383728,0.38356178998947144,0.651098906993866,0.3426620364189148,0.5373377203941345,0.3907099664211273,0.4980524182319641,0.34215354919433594,0.6635539531707764,0.26206135749816895,0.4862527847290039,0.2766133248806,0.5951719284057617,0.5202111601829529,0.5534094572067261,0.519256591796875,0.6078866720199585,0.6356057524681091,0.5556326508522034,0.6360877752304077,0.6160422563552856,0.7429995536804199,0.5515788793563843,0.7410600185394287
238,0.5710141062736511,0.3559386730194092,0.6039455533027649,0.38307541608810425,0.6509079933166504,0.3472486734390259,0.5397955775260925,0.39285609126091003,0.5013688802719116,0.36221811175346375,0.6638549566268921,0.27057164907455444,0.4839399456977844,0.28932666778564453,0.5951718688011169,0.5199112892150879,0.5515934824943542,0.5196806192398071,0.6109912395477295,0.6278127431869507,0.5550123453140259,0.628289520740509,0.6148321628570557,0.7410103678703308,0.5496214628219604,0.7397255301475525
239,0.5730183124542236,0.35355445742607117,0.6044119000434875,0.38650354743003845,0.652355432510376,0.3474462628364563,0.5413030385971069,0.39426660537719727,0.5003464221954346,0.36665019392967224,0.6646685600280762,0.2717183232307434,0.4831758141517639,0.2998749017715454,0.6010996103286743,0.5179852843284607,0.5509861707687378,0.5157575607299805,0.6191818714141846,0.6247583627700806,0.5513631105422974,0.625930905342102,0.6246861219406128,0.740909993648529,0.5482284426689148,0.742152214050293
240,0.5722349286079407,0.3564438223838806,0.6043354272842407,0.3855498731136322,0.6589099168777466,0.3616158664226532,0.5356714725494385,0.3933853507041931,0.4897725582122803,0.3594975173473358,0.6636166572570801,0.2827696204185486,0.4816488027572632,0.2968598008155823,0.6014077663421631,0.5192768573760986,0.551182210445404,0.5171031951904297,0.6174460649490356,0.632463812828064,0.5555171370506287,0.6344801187515259,0.6261523962020874,0.7439267635345459,0.5486688613891602,0.7428259253501892
241,0.5674594044685364,0.3581385016441345,0.6100410223007202,0.3920784890651703,0.6593717336654663,0.36239731311798096,0.5301536321640015,0.3972820043563843,0.48227497935295105,0.35703393816947937,0.6637105345726013,0.29608646035194397,0.4816335141658783,0.2999834716320038,0.5965906381607056,0.5203814506530762,0.5501840114593506,0.5207235217094421,0.6134947538375854,0.6414375901222229,0.5583806037902832,0.644834041595459,0.6258538961410522,0.7464823722839355,0.5548189878463745,0.7445296049118042
242,0.5700574517250061,0.3520105481147766,0.6004971265792847,0.38516366481781006,0.664429247379303,0.37190544605255127,0.5282310247421265,0.39176154136657715,0.47758206725120544,0.3603729009628296,0.6634186506271362,0.29843175411224365,0.48782646656036377,0.29861050844192505,0.5962299704551697,0.5168591737747192,0.5488231778144836,0.5152646899223328,0.6162101030349731,0.6350902915000916,0.5642966032028198,0.6401997804641724,0.6286443471908569,0.7445470094680786,0.557104766368866,0.7452353239059448
243,0.5695343613624573,0.3516429662704468,0.6022677421569824,0.38347041606903076,0.6698567271232605,0.36553072929382324,0.5288496613502502,0.39341115951538086,0.47617262601852417,0.37335333228111267,0.6653585433959961,0.2917584180831909,0.4891636371612549,0.3013906180858612,0.5984150767326355,0.515487790107727,0.548520028591156,0.5162192583084106,0.6154055595397949,0.6370937824249268,0.5598781108856201,0.6417487859725952,0.6268366575241089,0.7461292147636414,0.5532870888710022,0.7440778017044067
244,0.570958137512207,0.35016483068466187,0.6028999090194702,0.3869822025299072,0.6706082224845886,0.3705892264842987,0.523036003112793,0.3919345736503601,0.47126245498657227,0.37604767084121704,0.6655428409576416,0.30085140466690063,0.4873732328414917,0.3106757402420044,0.5965993404388428,0.510773777961731,0.5464794635772705,0.5112502574920654,0.6164441108703613,0.6350094676017761,0.5646517276763916,0.6374574899673462,0.6279119253158569,0.7458507418632507,0.5568653345108032,0.744488000869751
245,0.5695523023605347,0.3505741357803345,0.5977342128753662,0.38767677545547485,0.6747240424156189,0.37627869844436646,0.52695232629776,0.3925395607948303,0.4719512462615967,0.38231170177459717,0.667498767375946,0.31906598806381226,0.48357924818992615,0.32860076427459717,0.5939079523086548,0.5065864324569702,0.545939564704895,0.5060144662857056,0.6158535480499268,0.6326556205749512,0.5615643858909607,0.6370521783828735,0.6264393329620361,0.7430853843688965,0.5567776560783386,0.7442820072174072
246,0.5716738700866699,0.3469935655593872,0.5970665216445923,0.3879813551902771,0.6733194589614868,0.3817594051361084,0.5235702395439148,0.3926522433757782,0.4723972976207733,0.39667803049087524,0.6673778891563416,0.3253309726715088,0.48516330122947693,0.33105236291885376,0.5944919586181641,0.5041361451148987,0.5453191995620728,0.5041918754577637,0.61625075340271,0.6219053864479065,0.5564121007919312,0.6341496109962463,0.6314172148704529,0.7409922480583191,0.5560816526412964,0.7422657012939453
247,0.5719097256660461,0.3504090905189514,0.6005032062530518,0.39118796586990356,0.6710163354873657,0.38848385214805603,0.526161789894104,0.398818701505661,0.4678388833999634,0.4208638072013855,0.6753228902816772,0.338152140378952,0.47142550349235535,0.37021201848983765,0.5975890159606934,0.503575325012207,0.5455751419067383,0.5029375553131104,0.6150660514831543,0.6208905577659607,0.563779354095459,0.6232292056083679,0.6294138431549072,0.7411496639251709,0.5556765198707581,0.7420422434806824
248,0.5707798004150391,0.35016173124313354,0.5994951128959656,0.38867685198783875,0.6680010557174683,0.38919901847839355,0.5268901586532593,0.3995864987373352,0.4768299460411072,0.42792004346847534,0.6766151189804077,0.332079142332077,0.467271625995636,0.4051680564880371,0.5994688868522644,0.5069247484207153,0.5450804829597473,0.5069690942764282,0.6189773678779602,0.6238041520118713,0.5641007423400879,0.628089427947998,0.6378484964370728,0.7412759065628052,0.5572960376739502,0.7421571612358093
249,0.5763986110687256,0.3489104211330414,0.5991231799125671,0.38786694407463074,0.6647365093231201,0.3979495167732239,0.5312448740005493,0.3957543969154358,0.47825831174850464,0.43069154024124146,0.6907804012298584,0.3613601624965668,0.45389920473098755,0.4432128667831421,0.598334014415741,0.5085193514823914,0.5463480353355408,0.5078431367874146,0.6243537664413452,0.6250872015953064,0.5561020970344543,0.6344742774963379,0.6403711438179016,0.7385052442550659,0.5561863780021667,0.7417010068893433
250,0.5757662057876587,0.3485245704650879,0.6049270629882812,0.38983386754989624,0.6667180061340332,0.4139709174633026,0.5347933769226074,0.39539510011672974,0.48985621333122253,0.42582762241363525,0.6901106238365173,0.3661705255508423,0.45434296131134033,0.46616145968437195,0.5971603989601135,0.5061705708503723,0.5427654981613159,0.5044342875480652,0.6233432292938232,0.6238765716552734,0.5478994250297546,0.6256462931632996,0.6416306495666504,0.7350503206253052,0.5539112091064453,0.7386364340782166
251,0.5796729326248169,0.3469322621822357,0.6085635423660278,0.38843345642089844,0.6646519303321838,0.4198240637779236,0.5355006456375122,0.3941061496734619,0.4949565529823303,0.4317735433578491,0.6878758668899536,0.385741651058197,0.46038711071014404,0.47330567240715027,0.5990265607833862,0.5166620016098022,0.5411955118179321,0.5162375569343567,0.6281899213790894,0.6323984861373901,0.5476112961769104,0.6369812488555908,0.6527993083000183,0.7440111041069031,0.55262291431427,0.741161048412323
252,0.5907008647918701,0.3438120484352112,0.6192874908447266,0.3943520188331604,0.6699311137199402,0.43893665075302124,0.5442567467689514,0.394599050283432,0.5121688842773438,0.44405871629714966,0.7073320746421814,0.40115803480148315,0.4805428683757782,0.4639541506767273,0.6043369770050049,0.5138029456138611,0.5493806600570679,0.512283444404602,0.6344202756881714,0.6238759756088257,0.560585618019104,0.6314177513122559,0.6677145957946777,0.7440280318260193,0.5496265888214111,0.7388491630554199
253,0.5906046032905579,0.3410815894603729,0.6206788420677185,0.3938533067703247,0.6843611001968384,0.44146180152893066,0.5413265824317932,0.39552855491638184,0.5296704173088074,0.442989706993103,0.7109687328338623,0.40547966957092285,0.48690491914749146,0.4769812524318695,0.6071784496307373,0.5143898725509644,0.5535255670547485,0.519808292388916,0.6389765739440918,0.6294383406639099,0.5594393014907837,0.6377343535423279,0.6705851554870605,0.7464844584465027,0.550546407699585,0.7440822124481201
254,0.599107563495636,0.34269028902053833,0.6266846656799316,0.3952206075191498,0.683849036693573,0.44468748569488525,0.5494704246520996,0.39290767908096313,0.5368838906288147,0.4485679864883423,0.7121726870536804,0.4172537922859192,0.4947046637535095,0.48464250564575195,0.6074895858764648,0.5160846710205078,0.5547513365745544,0.5192484855651855,0.6425586342811584,0.6312887668609619,0.5522094368934631,0.6332979202270508,0.6785309314727783,0.750258207321167,0.5465811491012573,0.7407437562942505
255,0.6029332280158997,0.34374362230300903,0.6292955279350281,0.39083927869796753,0.678131103515625,0.440535306930542,0.5528897047042847,0.3857526481151581,0.5421943664550781,0.4391493499279022,0.7119802832603455,0.4251954257488251,0.5102587938308716,0.4852466583251953,0.6107334494590759,0.5181710720062256,0.558805525302887,0.5180715322494507,0.649997353553772,0.6262192726135254,0.5724993944168091,0.6279646158218384,0.6848418116569519,0.754967451095581,0.5522878170013428,0.7459195852279663
256,0.6110475063323975,0.34307536482810974,0.6325904726982117,0.3967946469783783,0.6795028448104858,0.4462474584579468,0.5577242374420166,0.3906627297401428,0.5457824468612671,0.44985485076904297,0.7208288908004761,0.4286035895347595,0.5152482390403748,0.49240386486053467,0.6201536059379578,0.5205481052398682,0.5617599487304688,0.5182892084121704,0.655048668384552,0.6340810060501099,0.5655015110969543,0.6399393081665039,0.6881572604179382,0.7563907504081726,0.5507776737213135,0.7445582747459412
257,0.6120153665542603,0.3406458795070648,0.6403952836990356,0.3924369812011719,0.6906883716583252,0.4426630735397339,0.5570380091667175,0.384522020816803,0.5498389005661011,0.444690078496933,0.7285369634628296,0.43096208572387695,0.519345760345459,0.49338024854660034,0.6169803142547607,0.5168889164924622,0.5617077946662903,0.5193114280700684,0.6566020250320435,0.6363097429275513,0.5571445822715759,0.6412055492401123,0.6886927485466003,0.7560069561004639,0.5487260818481445,0.7422992587089539
258,0.6219136118888855,0.3391527533531189,0.6497378349304199,0.39144429564476013,0.7036004066467285,0.44314393401145935,0.5635600090026855,0.38101035356521606,0.550095796585083,0.4389389157295227,0.7415786981582642,0.42365574836730957,0.5244808197021484,0.4980287551879883,0.6285513043403625,0.5169799327850342,0.5726062059402466,0.5149025321006775,0.6618858575820923,0.6393863558769226,0.5598140358924866,0.6354444026947021,0.6925190687179565,0.7580990195274353,0.5529812574386597,0.7458202242851257
259,0.6262221336364746,0.3370739817619324,0.6610885858535767,0.3922177255153656,0.7054164409637451,0.44275030493736267,0.567463755607605,0.3802963197231293,0.5526008605957031,0.438220351934433,0.7594540119171143,0.4285122752189636,0.5317108631134033,0.49516329169273376,0.6350148916244507,0.5189575552940369,0.5745819807052612,0.515972912311554,0.6672629714012146,0.6381317377090454,0.5580126047134399,0.6419146656990051,0.6923971176147461,0.7571973204612732,0.5514500141143799,0.7448896765708923
260,0.6353349685668945,0.33466601371765137,0.6686899662017822,0.38859376311302185,0.7190350294113159,0.43935906887054443,0.5778377056121826,0.37793684005737305,0.5553172826766968,0.43902701139450073,0.7784849405288696,0.4305282235145569,0.5346716642379761,0.5148294568061829,0.6408315896987915,0.5187746286392212,0.5815713405609131,0.5187061429023743,0.6698424816131592,0.6406452655792236,0.5598570108413696,0.6403090357780457,0.6916251182556152,0.7615857124328613,0.5503721237182617,0.747748851776123
261,0.6476736068725586,0.33356189727783203,0.6823511123657227,0.3804541826248169,0.7170771360397339,0.43328261375427246,0.5819870829582214,0.37467503547668457,0.5619121789932251,0.43514060974121094,0.7928591966629028,0.43402713537216187,0.5500901341438293,0.5131637454032898,0.641984224319458,0.514920175075531,0.5840656161308289,0.5129687190055847,0.675468921661377,0.6392443180084229,0.5684375762939453,0.6356213092803955,0.6933562755584717,0.7612649202346802,0.5522032380104065,0.7453347444534302
262,0.6498152613639832,0.32442790269851685,0.683698832988739,0.37811776995658875,0.7359974384307861,0.4335675835609436,0.589218258857727,0.3666248917579651,0.5674831867218018,0.4320058226585388,0.8052069544792175,0.4349081218242645,0.5523858070373535,0.5080703496932983,0.646909236907959,0.5083766579627991,0.5886578559875488,0.5037512183189392,0.6774927377700806,0.639721691608429,0.572148323059082,0.6357985734939575,0.6938265562057495,0.7631472945213318,0.5523975491523743,0.7454681396484375
263,0.6688728332519531,0.32468751072883606,0.6935398578643799,0.3824058473110199,0.7365469932556152,0.4299393594264984,0.5988203287124634,0.3624514043331146,0.574134111404419,0.4321407973766327,0.8210998773574829,0.4376400113105774,0.551974892616272,0.4995090961456299,0.6495068073272705,0.5119868516921997,0.5912210941314697,0.5074906945228577,0.6823925375938416,0.6450912952423096,0.5747858881950378,0.637523889541626,0.6971153020858765,0.7610714435577393,0.5508258938789368,0.7485383749008179
264,0.6695975065231323,0.3223402202129364,0.7026048898696899,0.3779049813747406,0.7421298027038574,0.42545565962791443,0.6044743061065674,0.3644722104072571,0.5842447280883789,0.42634543776512146,0.8372682929039001,0.4354565143585205,0.5585985779762268,0.5092247724533081,0.6585342884063721,0.5115565657615662,0.6019079089164734,0.5084404349327087,0.6822668313980103,0.6438113451004028,0.5779756307601929,0.6372431516647339,0.6953929662704468,0.7626720666885376,0.5539262294769287,0.744080662727356
265,0.6864690184593201,0.3215107321739197,0.7115968465805054,0.3794572353363037,0.7582117915153503,0.4327053427696228,0.6116153597831726,0.35885441303253174,0.5878561735153198,0.43496906757354736,0.8571977019309998,0.45051246881484985,0.5686242580413818,0.5049508810043335,0.6667593717575073,0.5108209848403931,0.6037561297416687,0.5053401589393616,0.6856157183647156,0.6311694979667664,0.5791926383972168,0.6322065591812134,0.6946907043457031,0.7608925104141235,0.559468150138855,0.7429192066192627
266,0.6983451843261719,0.31276214122772217,0.7172597646713257,0.379891037940979,0.772228479385376,0.4335697889328003,0.6213161945343018,0.35250410437583923,0.5954433679580688,0.4379037320613861,0.8766511678695679,0.4492228031158447,0.5692481994628906,0.5055129528045654,0.6681180000305176,0.5086110830307007,0.6069498062133789,0.502149224281311,0.6868237257003784,0.6360788345336914,0.5803910493850708,0.6327009201049805,0.6949979066848755,0.7604433298110962,0.5606458783149719,0.7444979548454285
267,0.696647047996521,0.311596542596817,0.7270490527153015,0.3779858350753784,0.7806186079978943,0.4325035810470581,0.6270053386688232,0.35234057903289795,0.5950174331665039,0.4401228427886963,0.8732251524925232,0.44801172614097595,0.5712432861328125,0.5021318793296814,0.6750591993331909,0.5129463076591492,0.6118495464324951,0.5053439736366272,0.6863224506378174,0.6379109621047974,0.5824559330940247,0.6301463842391968,0.6952155828475952,0.7618433833122253,0.5661673545837402,0.7328248023986816
268,0.7182459831237793,0.31659990549087524,0.7345728874206543,0.37693238258361816,0.7819346785545349,0.4258723855018616,0.6314641833305359,0.3522144556045532,0.6010208129882812,0.43475472927093506,0.867297887802124,0.45154890418052673,0.5684763193130493,0.50444495677948,0.6764904856681824,0.5103374719619751,0.6131591200828552,0.5047325491905212,0.6899471282958984,0.6409667730331421,0.5888674259185791,0.6276885867118835,0.695388913154602,0.760820746421814,0.5711627006530762,0.7313217520713806
269,0.715774655342102,0.3155674636363983,0.7411289215087891,0.37547844648361206,0.7865855097770691,0.4239007234573364,0.6335538625717163,0.3512030243873596,0.6061206459999084,0.44185304641723633,0.8714895248413086,0.4522024095058441,0.5702535510063171,0.5011357665061951,0.6763912439346313,0.50742107629776,0.6140604019165039,0.4998827874660492,0.6907399892807007,0.6329357624053955,0.5955738425254822,0.6151695251464844,0.6919295787811279,0.7617155313491821,0.5733036994934082,0.7297686338424683
270,0.725306510925293,0.3135607838630676,0.7402092218399048,0.37287840247154236,0.7939855456352234,0.4261638820171356,0.6319341659545898,0.34663209319114685,0.60355544090271,0.4379273056983948,0.8833827972412109,0.4532686173915863,0.5806795954704285,0.49624282121658325,0.6780135631561279,0.5090632438659668,0.6142936944961548,0.5018476843833923,0.691091775894165,0.6332617402076721,0.5887081623077393,0.625982403755188,0.6934247016906738,0.7620184421539307,0.572539746761322,0.7304319739341736
271,0.7210698127746582,0.31402528285980225,0.7483541369438171,0.36990052461624146,0.8048034906387329,0.4272966980934143,0.6400995254516602,0.34222766757011414,0.6085308194160461,0.4245400130748749,0.8871378898620605,0.45149096846580505,0.5843313932418823,0.48862361907958984,0.6782500147819519,0.5079376697540283,0.6172106266021729,0.49862203001976013,0.6835724711418152,0.6331697702407837,0.5963606834411621,0.6226617097854614,0.6895174384117126,0.7599524259567261,0.5712488889694214,0.7248343229293823
272,0.7428269386291504,0.3110627233982086,0.755898654460907,0.37107205390930176,0.8142902851104736,0.428939551115036,0.6443322896957397,0.3411650061607361,0.6072426438331604,0.42567795515060425,0.8846756815910339,0.45614558458328247,0.5776042342185974,0.49704480171203613,0.6815927028656006,0.5122519731521606,0.6182622313499451,0.5033094882965088,0.6913520693778992,0.6460319757461548,0.5961984395980835,0.6280725598335266,0.6940271854400635,0.7570914626121521,0.5738893747329712,0.7276872396469116
273,0.7460696697235107,0.31226491928100586,0.7589094638824463,0.369549959897995,0.8180570006370544,0.42919787764549255,0.6487242579460144,0.3412225842475891,0.612525224685669,0.42359620332717896,0.8829554915428162,0.45794135332107544,0.5883509516716003,0.4949836730957031,0.6853644847869873,0.5144230723381042,0.620106041431427,0.504826545715332,0.6922698020935059,0.6407822370529175,0.5951411724090576,0.6372805833816528,0.6942888498306274,0.7573594450950623,0.5753815770149231,0.7247323393821716
274,0.7382636070251465,0.3071592152118683,0.7628173828125,0.37352901697158813,0.8226609230041504,0.4313218593597412,0.6528592109680176,0.34012681245803833,0.6127160787582397,0.4234147071838379,0.886121928691864,0.45756441354751587,0.5861852765083313,0.48767220973968506,0.6836729049682617,0.5149404406547546,0.6206083297729492,0.5065213441848755,0.6911718845367432,0.6485468745231628,0.5944211483001709,0.6427624821662903,0.6936778426170349,0.7577661871910095,0.5720781683921814,0.7300660610198975
275,0.7407175302505493,0.3042467534542084,0.767204999923706,0.3728525638580322,0.8245145678520203,0.43562620878219604,0.6548428535461426,0.3400135040283203,0.6146655082702637,0.4226831793785095,0.898164689540863,0.45862290263175964,0.585271418094635,0.49051007628440857,0.685168445110321,0.5144166350364685,0.6217244863510132,0.503605842590332,0.6880193948745728,0.6514335870742798,0.5947144627571106,0.646939754486084,0.6913394331932068,0.7637574672698975,0.5701196789741516,0.7405900955200195
276,0.7505121231079102,0.3066786527633667,0.7655436396598816,0.3695230185985565,0.8189452886581421,0.4270888566970825,0.6602176427841187,0.33549410104751587,0.6180939674377441,0.41811603307724,0.8810915946960449,0.4623499810695648,0.5851749181747437,0.49030888080596924,0.6849197745323181,0.5045751929283142,0.6275321841239929,0.4956296384334564,0.6938683390617371,0.6272217035293579,0.5993243455886841,0.6163140535354614,0.6959254145622253,0.7623720169067383,0.5763084292411804,0.7354385852813721
277,0.754785418510437,0.30122920870780945,0.764579713344574,0.3720966577529907,0.8218387961387634,0.433358758687973,0.6615251302719116,0.33833712339401245,0.6180093884468079,0.42126554250717163,0.8807517886161804,0.46082204580307007,0.5789550542831421,0.4881090521812439,0.6905609965324402,0.512632429599762,0.6302418112754822,0.50113445520401,0.6943742036819458,0.6297231912612915,0.5994294881820679,0.6201935410499573,0.6952477693557739,0.7539491057395935,0.5753176212310791,0.7258667945861816
278,0.7520138025283813,0.3016454875469208,0.7695310115814209,0.3734872043132782,0.8241226077079773,0.43796035647392273,0.6607569456100464,0.33614230155944824,0.6172642707824707,0.42034003138542175,0.8815830945968628,0.46105486154556274,0.5808265209197998,0.48826438188552856,0.6892589926719666,0.5140865445137024,0.6285692453384399,0.5028152465820312,0.6930124759674072,0.6297132968902588,0.5997132062911987,0.6184548139572144,0.695398211479187,0.749502420425415,0.5748006701469421,0.7237052321434021
279,0.7562341690063477,0.30469346046447754,0.7714555263519287,0.3742900788784027,0.8217913508415222,0.43836551904678345,0.6613907814025879,0.3387729823589325,0.6171423196792603,0.42046722769737244,0.8816710710525513,0.4598286747932434,0.5788833498954773,0.4860459566116333,0.6899586915969849,0.5141708850860596,0.6312886476516724,0.5053461790084839,0.6883827447891235,0.6324670910835266,0.6019808650016785,0.6149550676345825,0.6942101716995239,0.75025475025177,0.5777325630187988,0.7243541479110718
280,0.7494106292724609,0.30109289288520813,0.7741236090660095,0.376109778881073,0.8230205774307251,0.44247910380363464,0.663320779800415,0.33908820152282715,0.6186420321464539,0.4256446361541748,0.8829772472381592,0.4606143832206726,0.5868499279022217,0.4898691177368164,0.691903829574585,0.5153998732566833,0.632145881652832,0.5053355097770691,0.6838939189910889,0.638067364692688,0.6005169153213501,0.6178653836250305,0.6919739246368408,0.7562171220779419,0.5768009424209595,0.7272080779075623
281,0.7493346929550171,0.2991204261779785,0.7749068140983582,0.37528496980667114,0.8220769762992859,0.4419187009334564,0.6649377942085266,0.33652448654174805,0.6200144290924072,0.41675257682800293,0.8843367099761963,0.4603097438812256,0.5884289741516113,0.487509548664093,0.6894800066947937,0.5132692456245422,0.6333770751953125,0.5033562779426575,0.6845037341117859,0.6378140449523926,0.6005744338035583,0.6181850433349609,0.6913053393363953,0.7565704584121704,0.5768343210220337,0.7263871431350708
282,0.752511203289032,0.2989867329597473,0.774116039276123,0.37300071120262146,0.8198400735855103,0.44061288237571716,0.6660898327827454,0.33721065521240234,0.6194103956222534,0.42246800661087036,0.8793656826019287,0.4602895975112915,0.5814558267593384,0.4893428683280945,0.69712895154953,0.5183609127998352,0.636478066444397,0.509514331817627,0.6965088248252869,0.6400146484375,0.5999394655227661,0.6224154233932495,0.6942030787467957,0.7571898698806763,0.5794687271118164,0.7269366979598999
283,0.7542070150375366,0.3001866340637207,0.7745552062988281,0.3695923089981079,0.8196991682052612,0.43812888860702515,0.6669141054153442,0.3358021676540375,0.6201292276382446,0.42057597637176514,0.8798205852508545,0.46061456203460693,0.5836271047592163,0.4891383647918701,0.6988588571548462,0.5166913866996765,0.6374775171279907,0.5079749226570129,0.6981109976768494,0.636401355266571,0.6010555624961853,0.6205495595932007,0.6951870918273926,0.7545101046562195,0.5786717534065247,0.7303913831710815
284,0.7584340572357178,0.29966476559638977,0.7771822810173035,0.36789560317993164,0.8219238519668579,0.4382832944393158,0.6680780649185181,0.3339792490005493,0.6189665198326111,0.4200471043586731,0.8864626288414001,0.4631105661392212,0.5893062353134155,0.48890361189842224,0.6974107623100281,0.511911928653717,0.6369506120681763,0.5004138946533203,0.6918307542800903,0.6341227293014526,0.6006675362586975,0.6163761615753174,0.6925076842308044,0.7541723251342773,0.5776817202568054,0.7291011214256287
285,0.7632927298545837,0.2982419729232788,0.779742956161499,0.3682994544506073,0.8231862783432007,0.4374636113643646,0.6699211001396179,0.33361804485321045,0.6228207945823669,0.4166247546672821,0.8839733600616455,0.46322163939476013,0.5890264511108398,0.48761582374572754,0.7009398937225342,0.5127965807914734,0.6397882103919983,0.5006832480430603,0.6951901316642761,0.6330556869506836,0.6026144027709961,0.6179101467132568,0.6928820013999939,0.7561373710632324,0.5790162086486816,0.7311184406280518
286,0.7630123496055603,0.2976900637149811,0.780171811580658,0.36876124143600464,0.8257439136505127,0.43719327449798584,0.669975996017456,0.3337632119655609,0.6202877759933472,0.4174480140209198,0.8814446926116943,0.4590492844581604,0.5893427729606628,0.4869239330291748,0.6990344524383545,0.5113895535469055,0.639362096786499,0.49964243173599243,0.6903061866760254,0.6356755495071411,0.600622832775116,0.6199530363082886,0.6931838393211365,0.7569687366485596,0.5775105357170105,0.7300500273704529
287,0.7658905386924744,0.2997243404388428,0.7796468138694763,0.36888372898101807,0.8247501254081726,0.435361385345459,0.6700674891471863,0.3349548578262329,0.6206653118133545,0.416843056678772,0.8786605596542358,0.458832323551178,0.5890723466873169,0.48636043071746826,0.6982032656669617,0.5111081600189209,0.639674186706543,0.49979710578918457,0.6893525123596191,0.6368788480758667,0.6020146608352661,0.621794581413269,0.6925387382507324,0.7585462927818298,0.5774935483932495,0.7358882427215576
288,0.765570342540741,0.2982737123966217,0.7758296728134155,0.3696818947792053,0.8248915672302246,0.42972832918167114,0.6741716861724854,0.3363322913646698,0.6203325986862183,0.41560590267181396,0.8815879225730896,0.457189679145813,0.5875135660171509,0.4862140417098999,0.6939579844474792,0.5000334978103638,0.6352871060371399,0.48952627182006836,0.698840320110321,0.6309247016906738,0.6038503646850586,0.6088281869888306,0.6947500109672546,0.7652446627616882,0.5769673585891724,0.7260383367538452
