FrameNo,head_x,head_y,left_shoulder_x,left_shoulder_y,left_elbow_x,left_elbow_y,right_shoulder_x,right_shoulder_y,right_elbow_x,right_elbow_y,left_hand_x,left_hand_y,right_hand_x,right_hand_y,left_hip_x,left_hip_y,right_hip_x,right_hip_y,left_knee_x,left_knee_y,right_knee_x,right_knee_y,left_foot_x,left_foot_y,right_foot_x,right_foot_y
0,0.5709724426269531,0.35838040709495544,0.6070651412010193,0.41008278727531433,0.6214622855186462,0.46429309248924255,0.5411089658737183,0.41640743613243103,0.5379062294960022,0.4668351113796234,0.631934404373169,0.5346729755401611,0.5365015864372253,0.5325964093208313,0.605135977268219,0.5415807366371155,0.5564236044883728,0.5391689538955688,0.6130915880203247,0.6526283621788025,0.5511574745178223,0.6453524827957153,0.6134630441665649,0.7451366782188416,0.5429350137710571,0.7448391318321228
1,0.5719467401504517,0.35918566584587097,0.6072673797607422,0.4136527478694916,0.6220036149024963,0.4678475856781006,0.5397576689720154,0.4169059693813324,0.5378153324127197,0.47069668769836426,0.6323835253715515,0.5346767902374268,0.5359154939651489,0.530543863773346,0.6048097014427185,0.542197048664093,0.5563584566116333,0.5399914383888245,0.6125487089157104,0.652381420135498,0.5526726245880127,0.6449783444404602,0.6141942143440247,0.7440208792686462,0.5429206490516663,0.742576003074646
2,0.5722255706787109,0.35970601439476013,0.6074498891830444,0.4136784076690674,0.6207634210586548,0.46616482734680176,0.5407728552818298,0.4168721139431,0.5379248261451721,0.468996524810791,0.6328849196434021,0.5346552729606628,0.5353777408599854,0.5333075523376465,0.604892909526825,0.5413795113563538,0.5563472509384155,0.5389798283576965,0.612224280834198,0.6525313854217529,0.5524149537086487,0.6446670889854431,0.6135154962539673,0.7443174719810486,0.5429985523223877,0.7504899501800537
3,0.5713108777999878,0.36046504974365234,0.6074936389923096,0.41379138827323914,0.6232974529266357,0.4661785960197449,0.5467497110366821,0.4165545701980591,0.537985622882843,0.4682554006576538,0.6326307654380798,0.5343964099884033,0.5351924300193787,0.5311439633369446,0.6045172810554504,0.541795551776886,0.5560812950134277,0.5393320322036743,0.6119964718818665,0.652506947517395,0.550369143486023,0.6450864672660828,0.6129261255264282,0.7448630332946777,0.5432320237159729,0.7502638697624207
4,0.5712604522705078,0.36011236906051636,0.6076195240020752,0.41295862197875977,0.6233705282211304,0.4631929099559784,0.5419002771377563,0.41739174723625183,0.5383288860321045,0.4669990539550781,0.6327697038650513,0.5330280661582947,0.5369310975074768,0.5298640727996826,0.6037185192108154,0.540841281414032,0.5558973550796509,0.5388832092285156,0.6115565299987793,0.6519882678985596,0.5523920655250549,0.6445905566215515,0.6132712364196777,0.7444303035736084,0.5438464879989624,0.7503244280815125
5,0.5704819560050964,0.36001572012901306,0.606687068939209,0.4118177890777588,0.6226851344108582,0.46339234709739685,0.5455060005187988,0.41402706503868103,0.5362622737884521,0.47069883346557617,0.6362037658691406,0.5321240425109863,0.5330954194068909,0.5303551554679871,0.6016116738319397,0.5366356372833252,0.552963376045227,0.5352394580841064,0.611476719379425,0.6507031321525574,0.5488426089286804,0.643849790096283,0.6127383708953857,0.7448896169662476,0.54237961769104,0.7491166591644287
6,0.569957435131073,0.3609546422958374,0.6091386079788208,0.41260451078414917,0.6258574724197388,0.46172034740448,0.5411673784255981,0.4168085753917694,0.5337264537811279,0.46951836347579956,0.6407285332679749,0.5384361743927002,0.5230762958526611,0.5297908782958984,0.6021562218666077,0.5372241735458374,0.5538842678070068,0.5345500707626343,0.610992431640625,0.6503725051879883,0.5514657497406006,0.6435325145721436,0.6117117404937744,0.7451209425926208,0.5411276817321777,0.7423213720321655
7,0.5692832469940186,0.36087149381637573,0.6072304844856262,0.411501944065094,0.6291142702102661,0.45737236738204956,0.5378900170326233,0.414884090423584,0.5276433229446411,0.46886563301086426,0.6439571976661682,0.5330582857131958,0.5091568231582642,0.5210092067718506,0.5999810695648193,0.5361389517784119,0.550632119178772,0.5336103439331055,0.6083874702453613,0.6468644142150879,0.5507303476333618,0.6407800316810608,0.6117366552352905,0.7444202899932861,0.5420926809310913,0.7487738132476807
8,0.5692784190177917,0.36124059557914734,0.6055124998092651,0.41347047686576843,0.6303955316543579,0.4576757848262787,0.5415778160095215,0.4161301255226135,0.5202686190605164,0.46548378467559814,0.6593513488769531,0.5238338708877563,0.47974857687950134,0.512904703617096,0.5946332216262817,0.5236523151397705,0.5460162162780762,0.5213184356689453,0.6035647988319397,0.6371312141418457,0.5500628352165222,0.6331910490989685,0.6088576316833496,0.7426334619522095,0.5392438173294067,0.7474653124809265
9,0.5684243440628052,0.3604210317134857,0.6026434898376465,0.4086354374885559,0.6366997957229614,0.45328447222709656,0.5359845161437988,0.4118821322917938,0.5220581293106079,0.46072524785995483,0.6604184508323669,0.49868911504745483,0.47470271587371826,0.50142502784729,0.5929259061813354,0.5214511752128601,0.5466182231903076,0.5187689065933228,0.6019039154052734,0.633580207824707,0.5488303899765015,0.6313215494155884,0.6097737550735474,0.7418652772903442,0.5396373867988586,0.7472493052482605
10,0.5691153407096863,0.3617921769618988,0.6025092601776123,0.40447360277175903,0.6390156745910645,0.4492834806442261,0.5366219878196716,0.4101963937282562,0.5144532918930054,0.4578690528869629,0.6629504561424255,0.48017680644989014,0.46521323919296265,0.48683902621269226,0.5949124097824097,0.5201960802078247,0.5473620295524597,0.5209977030754089,0.6045578122138977,0.6321935057640076,0.5481483936309814,0.6308040618896484,0.6119137406349182,0.7416161298751831,0.5395705103874207,0.7465841770172119
11,0.5690310597419739,0.35871168971061707,0.5949833393096924,0.400454580783844,0.6315702199935913,0.43864643573760986,0.540919303894043,0.406637042760849,0.5101414918899536,0.4461798071861267,0.6849369406700134,0.44116532802581787,0.4647390842437744,0.45241445302963257,0.5955179929733276,0.5207145810127258,0.5488765835762024,0.5189388990402222,0.6062494516372681,0.6285380721092224,0.542333722114563,0.6302030086517334,0.6136267781257629,0.7398309111595154,0.5367105603218079,0.7453381419181824
12,0.5734184384346008,0.35846763849258423,0.6007496118545532,0.40148448944091797,0.6618677377700806,0.4157995581626892,0.538314163684845,0.4087216258049011,0.4855010211467743,0.4248385429382324,0.6969294548034668,0.40213918685913086,0.4736506938934326,0.4093700051307678,0.5952023863792419,0.5175656080245972,0.5495863556861877,0.5168710350990295,0.6057611703872681,0.6328431367874146,0.5429142117500305,0.6323860883712769,0.6113119125366211,0.7409884333610535,0.5385665893554688,0.7480599284172058
13,0.5728096961975098,0.35776227712631226,0.6028631925582886,0.4033019542694092,0.6648439168930054,0.4053013324737549,0.5366001129150391,0.40955018997192383,0.47860854864120483,0.4179682433605194,0.6978995203971863,0.3711554706096649,0.47350847721099854,0.3699221611022949,0.5970488786697388,0.5141169428825378,0.5515875816345215,0.5133876204490662,0.6061294078826904,0.6331638693809509,0.5475462675094604,0.6312025785446167,0.6123201847076416,0.7416510581970215,0.539985179901123,0.7470910549163818
14,0.5726128220558167,0.3631705045700073,0.6018566489219666,0.4050374925136566,0.670062780380249,0.3926483392715454,0.540118396282196,0.409402459859848,0.48475155234336853,0.3988775908946991,0.7026638984680176,0.3333786725997925,0.4715457856655121,0.3511377274990082,0.5930402278900146,0.5132642388343811,0.5484068393707275,0.5119256377220154,0.6074840426445007,0.6327000856399536,0.5445879697799683,0.632271409034729,0.613136887550354,0.7424885630607605,0.5404919981956482,0.7466722726821899
15,0.5719558000564575,0.362976998090744,0.5984554290771484,0.3980253338813782,0.6656007766723633,0.3801613450050354,0.5371518135070801,0.40387648344039917,0.49177178740501404,0.3860474228858948,0.696854829788208,0.3215771019458771,0.47503358125686646,0.3276277184486389,0.5930888652801514,0.5124764442443848,0.5482937097549438,0.5105760097503662,0.6083749532699585,0.6314615607261658,0.549496054649353,0.6312256455421448,0.612886369228363,0.74350905418396,0.5395309925079346,0.7467755675315857
16,0.5724205374717712,0.3615245819091797,0.5996952056884766,0.396049439907074,0.6660820245742798,0.3765501379966736,0.5359089374542236,0.40105366706848145,0.48702216148376465,0.3783290386199951,0.6979105472564697,0.30775243043899536,0.4812164008617401,0.321426123380661,0.592089056968689,0.5138689279556274,0.5478219985961914,0.5119967460632324,0.6062095165252686,0.6338388323783875,0.5496322512626648,0.634061336517334,0.6117467284202576,0.7431342601776123,0.5389281511306763,0.7463362216949463
17,0.5729990601539612,0.3610672652721405,0.6020739078521729,0.39281028509140015,0.6643573045730591,0.37537357211112976,0.5345051884651184,0.39825439453125,0.48958277702331543,0.37009474635124207,0.6880737543106079,0.30188190937042236,0.4791566729545593,0.3069329857826233,0.5940790176391602,0.5163642764091492,0.548706591129303,0.5149038434028625,0.6059688329696655,0.634324848651886,0.549419641494751,0.6349919438362122,0.6126893758773804,0.7421889305114746,0.5388306975364685,0.7459026575088501
18,0.5705483555793762,0.3643110394477844,0.6008642911911011,0.3941934108734131,0.6637272834777832,0.3753853738307953,0.5337213277816772,0.39822205901145935,0.49318230152130127,0.3719650208950043,0.6814558506011963,0.29556432366371155,0.4808480441570282,0.3016397953033447,0.5924867987632751,0.5178326368331909,0.5469276905059814,0.5170180797576904,0.6098435521125793,0.633492648601532,0.5497788190841675,0.6350902318954468,0.6142474412918091,0.7411629557609558,0.5392329692840576,0.7462790012359619
19,0.5703912377357483,0.3620709776878357,0.6030613780021667,0.391345739364624,0.6613044738769531,0.37329480051994324,0.5349371433258057,0.3963739573955536,0.48913511633872986,0.3765978217124939,0.6785862445831299,0.28606823086738586,0.4844127297401428,0.3036509156227112,0.593222439289093,0.5188181400299072,0.547179102897644,0.5182313919067383,0.6129240393638611,0.6347209215164185,0.5505119562149048,0.6365894079208374,0.6151054501533508,0.7419184446334839,0.5401166081428528,0.7462217211723328
20,0.5677435994148254,0.3616141080856323,0.6016958355903625,0.39284080266952515,0.6593281030654907,0.3699950873851776,0.5339722633361816,0.3978736400604248,0.48767992854118347,0.3753194808959961,0.679113507270813,0.2817152142524719,0.4852229952812195,0.2994697093963623,0.5916900634765625,0.5178014039993286,0.5466905832290649,0.5169720649719238,0.6091658473014832,0.6352992057800293,0.5493459701538086,0.6379803419113159,0.6129202842712402,0.7426468133926392,0.5395282506942749,0.7459568977355957
21,0.5675077438354492,0.3633018434047699,0.6045000553131104,0.3896319568157196,0.6540805697441101,0.36360597610473633,0.5297062397003174,0.393979549407959,0.48708638548851013,0.3610193729400635,0.6661391854286194,0.2816281318664551,0.48589450120925903,0.2989093065261841,0.5912829041481018,0.5192471742630005,0.544628918170929,0.5184003710746765,0.6085900664329529,0.6340373754501343,0.5485420227050781,0.6363221406936646,0.6137001514434814,0.741839587688446,0.5393940806388855,0.7470406889915466
22,0.5640656352043152,0.3613007664680481,0.6050143241882324,0.3889584541320801,0.655052125453949,0.3550410866737366,0.5270403623580933,0.3936646580696106,0.48898351192474365,0.35506361722946167,0.6640349626541138,0.2742394208908081,0.4854140877723694,0.2842154800891876,0.5932390689849854,0.5192438960075378,0.5443880558013916,0.5184420347213745,0.6079303026199341,0.6343191266059875,0.5481271743774414,0.6360529065132141,0.6136356592178345,0.7417483329772949,0.5399424433708191,0.7477421760559082
23,0.5625591278076172,0.3619934320449829,0.6042178869247437,0.38812780380249023,0.6528125405311584,0.3589708209037781,0.5289202332496643,0.39287063479423523,0.4892171025276184,0.3574131429195404,0.659176230430603,0.2791205942630768,0.48687803745269775,0.28639131784439087,0.5949154496192932,0.5193057060241699,0.5465688109397888,0.5187451839447021,0.610032320022583,0.6343835592269897,0.5484600067138672,0.6366784572601318,0.6146426200866699,0.7417187690734863,0.5403841733932495,0.7478502988815308
24,0.5672749280929565,0.358690470457077,0.6086734533309937,0.39004260301589966,0.645200252532959,0.34880778193473816,0.528113842010498,0.39779412746429443,0.49787673354148865,0.33766382932662964,0.6601239442825317,0.2754821181297302,0.4896322190761566,0.2677866816520691,0.5913596153259277,0.5235056281089783,0.5401145815849304,0.5224093198776245,0.603565514087677,0.6353088021278381,0.5458207130432129,0.6326706409454346,0.615371823310852,0.7410904765129089,0.5391280055046082,0.7476608753204346
25,0.5752600431442261,0.35930585861206055,0.6117870211601257,0.38758084177970886,0.6431229114532471,0.35082393884658813,0.5316883325576782,0.395965039730072,0.5057313442230225,0.34040331840515137,0.6563439965248108,0.2604263722896576,0.4968557357788086,0.2698664367198944,0.5931984186172485,0.5234819054603577,0.5420254468917847,0.5214531421661377,0.6038438677787781,0.6341069936752319,0.5491942167282104,0.6328825950622559,0.6151213645935059,0.7410621047019958,0.5404531955718994,0.747718095779419
26,0.5752359628677368,0.35902783274650574,0.6108872890472412,0.3863522708415985,0.6410749554634094,0.3521382212638855,0.5317871570587158,0.39523622393608093,0.5061743855476379,0.3422568440437317,0.6527093648910522,0.2680656313896179,0.49898624420166016,0.279082328081131,0.5931577682495117,0.5225967168807983,0.5430389642715454,0.5206007361412048,0.6036832928657532,0.6327352523803711,0.5498689413070679,0.6322274208068848,0.6157975792884827,0.7401751279830933,0.5408990979194641,0.7474576830863953
27,0.5708738565444946,0.35900866985321045,0.6078602075576782,0.3863658308982849,0.6361387968063354,0.3443846106529236,0.5349664688110352,0.39317581057548523,0.5111843943595886,0.3402969241142273,0.646994948387146,0.2684486508369446,0.4958645701408386,0.264973908662796,0.5938152074813843,0.5220857262611389,0.5455023050308228,0.5201693177223206,0.606528639793396,0.6330376863479614,0.5469353795051575,0.6309626698493958,0.6185487508773804,0.7395569682121277,0.543889582157135,0.749363124370575
28,0.5706008672714233,0.36132609844207764,0.607197642326355,0.38553115725517273,0.6379169821739197,0.3391192555427551,0.5329983234405518,0.393738329410553,0.5082689523696899,0.33399999141693115,0.6445280313491821,0.2618289887905121,0.4937141537666321,0.27152666449546814,0.5899908542633057,0.5213468074798584,0.5421279668807983,0.5199280977249146,0.6069563031196594,0.6321107149124146,0.5491726398468018,0.6296706199645996,0.6185992956161499,0.7393405437469482,0.5416773557662964,0.7486538290977478
29,0.5697652101516724,0.3544884920120239,0.6092718839645386,0.3831212520599365,0.6406267881393433,0.32982221245765686,0.530989408493042,0.3901904821395874,0.5032660961151123,0.32733777165412903,0.6416522860527039,0.25939974188804626,0.4949563443660736,0.2625010013580322,0.5964395999908447,0.5231022238731384,0.5443652868270874,0.5206847190856934,0.609245240688324,0.6328252553939819,0.550708532333374,0.629874587059021,0.6184951663017273,0.7392503619194031,0.5440326929092407,0.7486450672149658
30,0.5724265575408936,0.3515127897262573,0.6099127531051636,0.38026127219200134,0.640104353427887,0.32150256633758545,0.5311081409454346,0.3888702988624573,0.5044900178909302,0.3314626216888428,0.6432768106460571,0.25801771879196167,0.49854135513305664,0.2614603638648987,0.5952290892601013,0.5173097848892212,0.5460262298583984,0.5169067978858948,0.6074486970901489,0.6301851272583008,0.5542858839035034,0.623204231262207,0.6166014671325684,0.7387586832046509,0.5442591309547424,0.7481125593185425
31,0.57511305809021,0.3621402382850647,0.6088287234306335,0.38599714636802673,0.6404516696929932,0.324385404586792,0.5324325561523438,0.39427560567855835,0.5069351196289062,0.33423230051994324,0.643997073173523,0.2606208622455597,0.5015787482261658,0.2694583535194397,0.5935092568397522,0.5230897665023804,0.5438690185546875,0.5214971303939819,0.6093012690544128,0.6320487260818481,0.5503246188163757,0.629035234451294,0.6182419061660767,0.7389008402824402,0.5420859456062317,0.7480431795120239
32,0.5685924291610718,0.35675880312919617,0.6064105033874512,0.3856179714202881,0.6371127367019653,0.3280019760131836,0.532640814781189,0.39119988679885864,0.5082151889801025,0.3278999924659729,0.6408147215843201,0.26817214488983154,0.5014574527740479,0.26931214332580566,0.5906011462211609,0.5230367183685303,0.5423234701156616,0.5219639539718628,0.6076937913894653,0.6321642398834229,0.5478121042251587,0.6310035586357117,0.6180341243743896,0.7398823499679565,0.5412545800209045,0.7488369941711426
33,0.5685580968856812,0.3558431565761566,0.6053334474563599,0.38426679372787476,0.6374930739402771,0.3256286382675171,0.5305203199386597,0.39223283529281616,0.5063515305519104,0.325143039226532,0.6412869095802307,0.268801212310791,0.503831148147583,0.2671717405319214,0.5909293293952942,0.5221129655838013,0.5426274538040161,0.5214982032775879,0.6082509160041809,0.6324052810668945,0.5484400391578674,0.6315056085586548,0.6175020933151245,0.7400481104850769,0.5416287183761597,0.74884033203125
34,0.5697895288467407,0.35277295112609863,0.6075574159622192,0.3835219144821167,0.6365245580673218,0.32783299684524536,0.5287734866142273,0.39032846689224243,0.5068895816802979,0.32262545824050903,0.6434812545776367,0.27061474323272705,0.5077720880508423,0.2690073847770691,0.593226432800293,0.5180518627166748,0.5430055260658264,0.5172351598739624,0.6075284481048584,0.6311436295509338,0.5485082268714905,0.6296195983886719,0.6165912747383118,0.7401776313781738,0.5417157411575317,0.748404860496521
35,0.5700265169143677,0.35328614711761475,0.6070944666862488,0.38384029269218445,0.6354615688323975,0.3268728256225586,0.5296794176101685,0.3915630280971527,0.5070919394493103,0.3203052580356598,0.6432090997695923,0.2731303870677948,0.5074435472488403,0.268100380897522,0.5924650430679321,0.5167545676231384,0.5428232550621033,0.5164172053337097,0.6070595979690552,0.6304486989974976,0.5481711626052856,0.6288060545921326,0.6172409653663635,0.7400156259536743,0.5416934490203857,0.748475968837738
36,0.5676681995391846,0.3550802171230316,0.6041342616081238,0.38286644220352173,0.6353452801704407,0.32193654775619507,0.5309158563613892,0.3919972777366638,0.5107378363609314,0.32070302963256836,0.640762209892273,0.2646019458770752,0.5092363953590393,0.2629743218421936,0.5933348536491394,0.5215843915939331,0.5438990592956543,0.5201476812362671,0.6062803864479065,0.6333563923835754,0.5487419366836548,0.6321296691894531,0.618912398815155,0.7430689334869385,0.5416176915168762,0.7479965686798096
37,0.5684502720832825,0.35429248213768005,0.604365348815918,0.38203364610671997,0.6358808279037476,0.32310396432876587,0.5331211090087891,0.39210939407348633,0.5108808875083923,0.3187309801578522,0.6423685550689697,0.2671169340610504,0.5103802680969238,0.26269274950027466,0.5916522741317749,0.523208737373352,0.5427868366241455,0.5224745273590088,0.6066838502883911,0.6347207427024841,0.5498384237289429,0.6354050636291504,0.6193686723709106,0.7407113313674927,0.5408998727798462,0.7489283084869385
38,0.5703723430633545,0.354801744222641,0.6050235033035278,0.38397416472435,0.6389003396034241,0.3208391070365906,0.5335941314697266,0.392855703830719,0.5097302794456482,0.3152172863483429,0.6421762704849243,0.26582634449005127,0.5115368962287903,0.2609458267688751,0.5947222709655762,0.5255904197692871,0.5431990623474121,0.5237574577331543,0.6059082746505737,0.6350034475326538,0.5506793260574341,0.6371492147445679,0.6202617883682251,0.7432500123977661,0.541930079460144,0.7501532435417175
39,0.5724180340766907,0.3569525480270386,0.60663902759552,0.38492247462272644,0.6368913054466248,0.3195894956588745,0.5343002676963806,0.3947167992591858,0.5093022584915161,0.3132569491863251,0.6424932479858398,0.26397162675857544,0.5136682391166687,0.2600931227207184,0.5967786312103271,0.5243614912033081,0.5440863370895386,0.522567629814148,0.6063084602355957,0.6346979141235352,0.5453174114227295,0.6335092186927795,0.6204965114593506,0.7424968481063843,0.5420839786529541,0.7492203116416931
40,0.5733442306518555,0.35644346475601196,0.6081851124763489,0.38450872898101807,0.637050986289978,0.32216736674308777,0.5330938696861267,0.39450162649154663,0.5109435319900513,0.3153572082519531,0.6403712630271912,0.2634677290916443,0.5146306753158569,0.2603989839553833,0.596717119216919,0.5225232839584351,0.5453581213951111,0.5207578539848328,0.6057879328727722,0.6339111924171448,0.5456805229187012,0.6324103474617004,0.6198846101760864,0.7413045167922974,0.542534351348877,0.7471239566802979
41,0.5725110769271851,0.3483881652355194,0.6061969995498657,0.3795841932296753,0.6340261697769165,0.3189469873905182,0.5349372625350952,0.3921821117401123,0.5093271732330322,0.30830472707748413,0.6386236548423767,0.2574009895324707,0.5179805755615234,0.2562783360481262,0.6009982824325562,0.5228896141052246,0.5477403402328491,0.5202786922454834,0.6068620681762695,0.6344069838523865,0.5489984750747681,0.6321253180503845,0.6191827058792114,0.74148029088974,0.5455708503723145,0.7409579157829285
42,0.5735275745391846,0.3501150608062744,0.6065328121185303,0.3799935579299927,0.6331409811973572,0.3195074200630188,0.5357822775840759,0.39334994554519653,0.5113054513931274,0.3100986182689667,0.6379162669181824,0.25578004121780396,0.5186042785644531,0.2561585605144501,0.6003119945526123,0.5236061811447144,0.5472898483276367,0.5215297937393188,0.6074753999710083,0.6347485780715942,0.5477892160415649,0.6322430372238159,0.6195059418678284,0.7420994639396667,0.5460296273231506,0.7404066920280457
43,0.5707862377166748,0.3520120084285736,0.6056139469146729,0.37999042868614197,0.6376559138298035,0.3204295337200165,0.5360434055328369,0.3928612172603607,0.5121862292289734,0.3131254017353058,0.6380616426467896,0.2578069269657135,0.5186311602592468,0.2602001130580902,0.601570188999176,0.5229138135910034,0.5479984283447266,0.5196914672851562,0.608424186706543,0.6351974606513977,0.5481196045875549,0.6326826810836792,0.6176356673240662,0.7407420873641968,0.5435804724693298,0.7468690872192383
44,0.5686619281768799,0.35312697291374207,0.6046589612960815,0.3790993392467499,0.6362574100494385,0.32125431299209595,0.5378060340881348,0.3915722370147705,0.5130059719085693,0.31573355197906494,0.6377371549606323,0.2553867697715759,0.5165712237358093,0.2600472569465637,0.6003251671791077,0.5210425853729248,0.5475596189498901,0.5178452730178833,0.6059638857841492,0.6345709562301636,0.5453020334243774,0.6320115327835083,0.6164846420288086,0.7415907382965088,0.5434896945953369,0.7471586465835571
45,0.5695996880531311,0.3571551442146301,0.6047418713569641,0.3806980550289154,0.6345530152320862,0.32456767559051514,0.5377038717269897,0.39231735467910767,0.5138638019561768,0.3168489634990692,0.6377343535423279,0.25590449571609497,0.5179131627082825,0.2610638737678528,0.5982906818389893,0.5207895040512085,0.5470176935195923,0.5171769857406616,0.6051454544067383,0.6346794962882996,0.5453687310218811,0.6320645213127136,0.6181652545928955,0.7436410188674927,0.5432729721069336,0.748903214931488
46,0.5665644407272339,0.35688552260398865,0.6029971837997437,0.3816286325454712,0.6350528001785278,0.32309991121292114,0.5370296239852905,0.3922949433326721,0.51408851146698,0.31788522005081177,0.6389298439025879,0.2562558948993683,0.5155569911003113,0.26369577646255493,0.5983695983886719,0.5214608311653137,0.5461670756340027,0.518021821975708,0.6056429147720337,0.6369695663452148,0.5488866567611694,0.6354019045829773,0.6141432523727417,0.7413880228996277,0.5433704853057861,0.7494401931762695
47,0.56867516040802,0.353709876537323,0.6038040518760681,0.3816285729408264,0.6330997943878174,0.32708194851875305,0.5369117259979248,0.39200541377067566,0.5174522995948792,0.31914347410202026,0.6383045315742493,0.2574763298034668,0.515709638595581,0.2605324387550354,0.5953117609024048,0.5192511081695557,0.5450921654701233,0.5178454518318176,0.6060512661933899,0.6347030997276306,0.5474910736083984,0.6321572065353394,0.6131850481033325,0.7429773807525635,0.5439425110816956,0.7499215006828308
48,0.5682364106178284,0.35551053285598755,0.6042333841323853,0.38206323981285095,0.6330962777137756,0.3306441307067871,0.5379794239997864,0.39015382528305054,0.5161943435668945,0.3227728009223938,0.6385583281517029,0.2583560645580292,0.5137168169021606,0.26074498891830444,0.59413743019104,0.519222617149353,0.5456860661506653,0.5178051590919495,0.6068538427352905,0.6336761713027954,0.5443530082702637,0.629635214805603,0.6152299642562866,0.7429167628288269,0.5424116253852844,0.7488564848899841
49,0.5714647769927979,0.3552844226360321,0.6046982407569885,0.3845667839050293,0.6339594721794128,0.33298367261886597,0.5389933586120605,0.393757700920105,0.517260730266571,0.3252823054790497,0.6397848129272461,0.25730887055397034,0.5132359266281128,0.26267555356025696,0.5963721871376038,0.517597496509552,0.5469803810119629,0.5157757997512817,0.6059484481811523,0.6321922540664673,0.5464196801185608,0.6276812553405762,0.6142633557319641,0.7416016459465027,0.5429584383964539,0.7495795488357544
50,0.5735328197479248,0.354718416929245,0.6064117550849915,0.38462087512016296,0.6341151595115662,0.3380358815193176,0.5356124639511108,0.3890839219093323,0.520900309085846,0.32671380043029785,0.6408995389938354,0.259311318397522,0.5137763023376465,0.2653590142726898,0.5972111225128174,0.5162016749382019,0.5485078692436218,0.5140210390090942,0.6067659854888916,0.6319419145584106,0.5484344363212585,0.6276035904884338,0.6145918369293213,0.7414705157279968,0.5434345602989197,0.7495192885398865
51,0.5737128853797913,0.3529939353466034,0.6073228120803833,0.3832646310329437,0.6344908475875854,0.33843499422073364,0.5403202772140503,0.39141449332237244,0.518877387046814,0.3261104226112366,0.6412820219993591,0.2580382823944092,0.514085054397583,0.2647740840911865,0.5989190936088562,0.5161083936691284,0.5492382049560547,0.5138995051383972,0.608848512172699,0.6331349611282349,0.5451200008392334,0.6297630071640015,0.6157314777374268,0.7405588030815125,0.5443470478057861,0.7491732835769653
52,0.5724719762802124,0.3531284034252167,0.6069232821464539,0.3839486241340637,0.6334148645401001,0.3403296172618866,0.5411643385887146,0.3907175064086914,0.530063807964325,0.320389062166214,0.6400307416915894,0.2609213888645172,0.5165245532989502,0.26312723755836487,0.5976905822753906,0.5184007883071899,0.5484923124313354,0.5159361958503723,0.608012318611145,0.6342746019363403,0.5493789911270142,0.6311036348342896,0.6165440082550049,0.7407185435295105,0.5446633100509644,0.7498310804367065
53,0.5718415379524231,0.35362035036087036,0.6065638065338135,0.3847169280052185,0.6347289681434631,0.3401510417461395,0.5392162203788757,0.39111328125,0.5177996158599854,0.32097136974334717,0.6406829357147217,0.26137295365333557,0.5162339806556702,0.26306653022766113,0.5970652103424072,0.5198342204093933,0.5474438071250916,0.5174159407615662,0.6077077388763428,0.6341626644134521,0.5487553477287292,0.631321370601654,0.6173227429389954,0.7403404116630554,0.5446419715881348,0.7497323751449585
54,0.5751814246177673,0.3507854640483856,0.6066524982452393,0.383665531873703,0.6331546306610107,0.34138256311416626,0.5418181419372559,0.39026007056236267,0.5285779237747192,0.32003745436668396,0.6406928896903992,0.2630385756492615,0.5162777900695801,0.26624882221221924,0.5967050790786743,0.5162131786346436,0.5491958260536194,0.5142855048179626,0.6074803471565247,0.6329545378684998,0.545972466468811,0.6309869289398193,0.6169798374176025,0.7415854334831238,0.5447491407394409,0.7499089241027832
55,0.573782742023468,0.3498753309249878,0.6071151494979858,0.38335710763931274,0.6331946849822998,0.34074968099594116,0.5412577390670776,0.3908931016921997,0.5285121202468872,0.3196362257003784,0.6412508487701416,0.26186054944992065,0.5154439210891724,0.2688196301460266,0.5976158380508423,0.5162678956985474,0.5497560501098633,0.5143019556999207,0.6077275276184082,0.633967399597168,0.5462729930877686,0.6326647996902466,0.6162968873977661,0.741713285446167,0.544697642326355,0.75003981590271
56,0.5730536580085754,0.34727489948272705,0.607137143611908,0.3828682601451874,0.6335728168487549,0.3352794051170349,0.5406913161277771,0.3911972939968109,0.5182886123657227,0.31789645552635193,0.641036868095398,0.2604413628578186,0.5165119171142578,0.2631732225418091,0.5989062786102295,0.5160941481590271,0.5502073168754578,0.5138795971870422,0.6074113845825195,0.6325290203094482,0.5467640161514282,0.6318075060844421,0.6154815554618835,0.7422046661376953,0.5433926582336426,0.7494551539421082
57,0.5727214217185974,0.35169661045074463,0.6063413023948669,0.3835165500640869,0.6332728862762451,0.33682936429977417,0.5405078530311584,0.39306017756462097,0.5169230699539185,0.3193202614784241,0.6415894031524658,0.2616240978240967,0.5159873962402344,0.2684958279132843,0.5986441373825073,0.5169976949691772,0.5501615405082703,0.5145349502563477,0.6097962260246277,0.6330595016479492,0.5465694665908813,0.6320405006408691,0.6149369478225708,0.7425446510314941,0.5430848002433777,0.7492198944091797
58,0.5735416412353516,0.35687315464019775,0.6061894297599792,0.3840349614620209,0.6328905820846558,0.3354707360267639,0.539229154586792,0.39460453391075134,0.5160219073295593,0.3183595538139343,0.6411144137382507,0.26159265637397766,0.5138075351715088,0.26452189683914185,0.5956919193267822,0.516760528087616,0.5484181642532349,0.5154668092727661,0.6103760004043579,0.6338315606117249,0.5505081415176392,0.6367655992507935,0.6157854199409485,0.7422611117362976,0.5425181984901428,0.7485716342926025
59,0.5746365189552307,0.3537094295024872,0.6067569851875305,0.3813839554786682,0.6322335600852966,0.334656298160553,0.538585901260376,0.3911781311035156,0.5164336562156677,0.3153325915336609,0.6407763361930847,0.26127463579177856,0.5145498514175415,0.26708173751831055,0.5940978527069092,0.5156476497650146,0.5461029410362244,0.5142292380332947,0.6078684329986572,0.6319495439529419,0.5491506457328796,0.6298428773880005,0.6149117946624756,0.7420504093170166,0.5403765439987183,0.7459959387779236
60,0.5702301263809204,0.35196077823638916,0.6039372086524963,0.37697896361351013,0.6300350427627563,0.3311053216457367,0.5365386009216309,0.3865160644054413,0.510603666305542,0.3160759508609772,0.6428979635238647,0.26073163747787476,0.5094813704490662,0.2644040584564209,0.5928754806518555,0.5116335153579712,0.5447201728820801,0.5116394758224487,0.604448676109314,0.6255486011505127,0.5480525493621826,0.6221317648887634,0.6149423718452454,0.7443899512290955,0.5398461818695068,0.7442874312400818
61,0.5786967277526855,0.35714221000671387,0.6065820455551147,0.3806498944759369,0.6324967741966248,0.3340078592300415,0.5372695922851562,0.3880600333213806,0.5128881931304932,0.3169703483581543,0.6467260122299194,0.26030242443084717,0.5126767754554749,0.26418355107307434,0.5935178995132446,0.5120401382446289,0.5464317798614502,0.5104935765266418,0.6087287664413452,0.6243095397949219,0.5479885339736938,0.6172673106193542,0.6158744096755981,0.7427725195884705,0.5408023595809937,0.7446121573448181
62,0.5721296072006226,0.35724708437919617,0.6060470342636108,0.37955889105796814,0.6345729231834412,0.3340686559677124,0.5373066663742065,0.3915407359600067,0.5125155448913574,0.3192930221557617,0.6453968286514282,0.2594829797744751,0.5122567415237427,0.2630782723426819,0.5982511043548584,0.5163907408714294,0.549301266670227,0.5142596364021301,0.6120651960372925,0.632498025894165,0.5471322536468506,0.6283054947853088,0.6152356863021851,0.744420051574707,0.5416653752326965,0.7474908828735352
63,0.568845808506012,0.3522760272026062,0.6049980521202087,0.38068920373916626,0.6356496810913086,0.3300475776195526,0.5380536317825317,0.39082619547843933,0.5109754204750061,0.3153798580169678,0.6458736658096313,0.25708234310150146,0.511694073677063,0.2618500590324402,0.5974882245063782,0.5174683332443237,0.5474996566772461,0.514687716960907,0.6102792024612427,0.6321787238121033,0.5501261949539185,0.6259419918060303,0.6138678193092346,0.7445778846740723,0.540630042552948,0.7471923232078552
64,0.576744556427002,0.35887330770492554,0.6069236993789673,0.3852899670600891,0.6351247429847717,0.3321254253387451,0.5407818555831909,0.39721354842185974,0.5159786939620972,0.3168506920337677,0.6461217403411865,0.25938835740089417,0.5121389627456665,0.26812708377838135,0.5993820428848267,0.5200557708740234,0.5491961240768433,0.5171022415161133,0.6094455122947693,0.6333968639373779,0.5521915555000305,0.6304798126220703,0.6148884296417236,0.7416642904281616,0.5417208075523376,0.7474702596664429
65,0.5731179118156433,0.3568236231803894,0.6078306436538696,0.38423094153404236,0.6361515522003174,0.3384133279323578,0.5367599725723267,0.3930184543132782,0.5195229053497314,0.31954240798950195,0.6440476775169373,0.2628214359283447,0.5165027379989624,0.2669694721698761,0.5970610976219177,0.521167516708374,0.5463322997093201,0.5166046023368835,0.6042853593826294,0.6255322098731995,0.5448510050773621,0.6208345890045166,0.6159889101982117,0.7406024932861328,0.5367397665977478,0.7428370714187622
66,0.5731011629104614,0.3581373393535614,0.608720064163208,0.38603633642196655,0.6383114457130432,0.34054166078567505,0.5325215458869934,0.39483320713043213,0.5179756879806519,0.3262558579444885,0.6492189764976501,0.26142942905426025,0.5153088569641113,0.2711629569530487,0.6012445688247681,0.5219790935516357,0.5478960275650024,0.519775927066803,0.6122938990592957,0.632994532585144,0.5395402312278748,0.6330302953720093,0.6184055805206299,0.7420181632041931,0.5392923355102539,0.7477242946624756
67,0.5720906853675842,0.3577016294002533,0.6059736013412476,0.3844275176525116,0.6356493234634399,0.3421221971511841,0.5357785224914551,0.39242681860923767,0.5228473544120789,0.32799217104911804,0.6507934331893921,0.2614777982234955,0.5110408067703247,0.27862054109573364,0.5996139049530029,0.5208499431610107,0.5472949743270874,0.517678439617157,0.6112293004989624,0.6333727836608887,0.539332389831543,0.6343230605125427,0.6179769039154053,0.7430566549301147,0.5382155776023865,0.7489620447158813
68,0.5705000162124634,0.3582763075828552,0.607918918132782,0.3854202628135681,0.6376066207885742,0.34318238496780396,0.537400484085083,0.3966458737850189,0.5206759572029114,0.3281310200691223,0.6483696699142456,0.26442521810531616,0.51116544008255,0.2772069573402405,0.6023626327514648,0.5217083692550659,0.5498716831207275,0.5179275870323181,0.6086296439170837,0.6291359066963196,0.5366916656494141,0.6290186047554016,0.6148785352706909,0.7425553202629089,0.5394419431686401,0.747313380241394
69,0.5677865147590637,0.3620082139968872,0.6049485206604004,0.3901110887527466,0.6397646069526672,0.35344213247299194,0.5409188270568848,0.4007643163204193,0.5224835276603699,0.33543679118156433,0.6441354751586914,0.2706869840621948,0.5077869296073914,0.27453118562698364,0.5992365479469299,0.5251693725585938,0.5470770001411438,0.5212066173553467,0.6119605302810669,0.6351170539855957,0.5328570008277893,0.632213830947876,0.6144446134567261,0.7414576411247253,0.535500705242157,0.7455201148986816
70,0.5670481324195862,0.361334890127182,0.6060323715209961,0.3909320831298828,0.6381182074546814,0.3538017272949219,0.5373618006706238,0.40188607573509216,0.5197190046310425,0.33077380061149597,0.6451679468154907,0.26809948682785034,0.5090458393096924,0.27406343817710876,0.5982824563980103,0.5263599157333374,0.5469910502433777,0.5220214128494263,0.6085298657417297,0.6343293786048889,0.5330702662467957,0.6313173174858093,0.6153852939605713,0.7422806024551392,0.539628267288208,0.746405839920044
71,0.5685610175132751,0.356512188911438,0.605088472366333,0.3905675411224365,0.6400841474533081,0.34768733382225037,0.5372322797775269,0.39869362115859985,0.532599151134491,0.33126455545425415,0.6481587886810303,0.2674172818660736,0.5083276033401489,0.2723741829395294,0.5988028049468994,0.5306782722473145,0.5452165007591248,0.5258664488792419,0.6121028661727905,0.6378425359725952,0.5307003259658813,0.634871244430542,0.6178888082504272,0.7431989908218384,0.5384750366210938,0.7478892803192139
72,0.5709929466247559,0.37592050433158875,0.6127029657363892,0.3978288173675537,0.6390413641929626,0.3599019944667816,0.5418466329574585,0.4094294011592865,0.5202546715736389,0.33507227897644043,0.6490444540977478,0.26857301592826843,0.5072448253631592,0.2743593454360962,0.5978765487670898,0.5399236083030701,0.5470905900001526,0.5358989238739014,0.6178156137466431,0.6515275239944458,0.5318309664726257,0.6404013633728027,0.6157018542289734,0.7442901134490967,0.5388832092285156,0.746999979019165
73,0.5692752003669739,0.3671029210090637,0.6094226837158203,0.39691436290740967,0.6430697441101074,0.3475903272628784,0.5396179556846619,0.40941673517227173,0.5168999433517456,0.33025380969047546,0.6489032506942749,0.26886290311813354,0.5074104070663452,0.2744392156600952,0.5980015993118286,0.5408192873001099,0.5466444492340088,0.5369333028793335,0.6180455088615417,0.6487990617752075,0.5307576060295105,0.6425874829292297,0.6164757013320923,0.744682252407074,0.5404102802276611,0.7478488683700562
74,0.5681912302970886,0.3800104558467865,0.609067440032959,0.40113377571105957,0.6416445970535278,0.35845038294792175,0.5368473529815674,0.41148707270622253,0.5185195207595825,0.33756023645401,0.6462851762771606,0.2804638147354126,0.5101402401924133,0.28357166051864624,0.5940616130828857,0.5408034920692444,0.544734001159668,0.5374270081520081,0.6183929443359375,0.6484110355377197,0.5289757251739502,0.6397512555122375,0.6154407262802124,0.7441171407699585,0.5397500991821289,0.7467560768127441
75,0.5708775520324707,0.3753490447998047,0.6089200973510742,0.40002188086509705,0.6405174732208252,0.36520227789878845,0.5370068550109863,0.40966641902923584,0.5133803486824036,0.3483126759529114,0.6475025415420532,0.28466564416885376,0.5098482370376587,0.28703853487968445,0.5955289006233215,0.5396720170974731,0.5458396673202515,0.5356237292289734,0.6195061206817627,0.6505723595619202,0.529248833656311,0.6416211128234863,0.6159273386001587,0.7440792918205261,0.5402379035949707,0.7467584609985352
76,0.5691729784011841,0.37473437190055847,0.6061359643936157,0.4042479395866394,0.6391315460205078,0.3669072389602661,0.5317227840423584,0.4104979634284973,0.5114975571632385,0.3485109210014343,0.6505957841873169,0.2795129418373108,0.5098249912261963,0.2879752516746521,0.5960066318511963,0.5386255383491516,0.5460664629936218,0.5353155136108398,0.617044985294342,0.6476396918296814,0.5303227305412292,0.6399759650230408,0.6169565320014954,0.7429676055908203,0.5387179851531982,0.7455334663391113
77,0.5693362951278687,0.37851497530937195,0.6052663326263428,0.4048938453197479,0.6412680745124817,0.3683508038520813,0.5348921418190002,0.4106602072715759,0.5103106498718262,0.3512633740901947,0.6504917144775391,0.28278428316116333,0.5068410634994507,0.2861260771751404,0.596907913684845,0.5435479879379272,0.546732485294342,0.540640652179718,0.6195502281188965,0.6504744291305542,0.5313401222229004,0.6433231234550476,0.6168986558914185,0.7432993650436401,0.5388402938842773,0.7475241422653198
78,0.5677477717399597,0.38406285643577576,0.602602481842041,0.40646979212760925,0.6401016712188721,0.3701198995113373,0.5339196920394897,0.4124543368816376,0.5096803903579712,0.3557555079460144,0.6501877307891846,0.2838593125343323,0.5049246549606323,0.2882865071296692,0.5921577215194702,0.5444850921630859,0.544419527053833,0.5430554151535034,0.6199598908424377,0.6498433947563171,0.5313078165054321,0.6440873742103577,0.6186367273330688,0.7405915260314941,0.5390362739562988,0.7473100423812866
79,0.5686700344085693,0.3865548372268677,0.6014822721481323,0.41930681467056274,0.6397861242294312,0.37656599283218384,0.535205066204071,0.42369532585144043,0.5095781683921814,0.367689847946167,0.6495310068130493,0.30206358432769775,0.5023831129074097,0.29631784558296204,0.5926698446273804,0.5493192672729492,0.5439823865890503,0.5471398830413818,0.6193766593933105,0.6442756652832031,0.5308753252029419,0.6401832103729248,0.6192609667778015,0.739185094833374,0.5387247800827026,0.7464668154716492
80,0.5675922632217407,0.39353621006011963,0.5989035367965698,0.426660418510437,0.6402356624603271,0.3774397373199463,0.5354584455490112,0.4273495674133301,0.5058600902557373,0.3716052770614624,0.6537496447563171,0.3130194842815399,0.4965255856513977,0.30516812205314636,0.5879837870597839,0.5471746921539307,0.5419779419898987,0.5462591648101807,0.6200264692306519,0.6458427309989929,0.5317173004150391,0.6444241404533386,0.6197655200958252,0.7409676313400269,0.537733256816864,0.7507734298706055
81,0.5655425786972046,0.39808008074760437,0.6024388074874878,0.428324431180954,0.6399770379066467,0.3798364996910095,0.536939799785614,0.4305328130722046,0.5093711018562317,0.37203383445739746,0.650495707988739,0.3108709156513214,0.4978024363517761,0.3083927035331726,0.589896559715271,0.5496124029159546,0.5425262451171875,0.548511803150177,0.6200919151306152,0.6463056206703186,0.5333296060562134,0.6461869478225708,0.619625449180603,0.741084098815918,0.5378276109695435,0.7491962313652039
82,0.5675113797187805,0.3905474543571472,0.6066678762435913,0.4260718524456024,0.6411967277526855,0.37793537974357605,0.538317859172821,0.4294149577617645,0.5111160278320312,0.3656143844127655,0.6509338617324829,0.3141686022281647,0.5034672021865845,0.30789467692375183,0.5912570953369141,0.5494961738586426,0.5435733795166016,0.5480860471725464,0.6189836859703064,0.6478811502456665,0.532749354839325,0.6472135782241821,0.6194573640823364,0.739447832107544,0.5396248698234558,0.7477844953536987
83,0.5653403997421265,0.39917463064193726,0.5996602773666382,0.43177467584609985,0.6401271224021912,0.3840048909187317,0.5378762483596802,0.43776702880859375,0.5079941749572754,0.3796101212501526,0.6493934392929077,0.3188929855823517,0.5015153884887695,0.31536537408828735,0.5920329689979553,0.5593162775039673,0.5471401810646057,0.5597063899040222,0.624114453792572,0.6499954462051392,0.5350625514984131,0.6495850086212158,0.6214950680732727,0.7404038906097412,0.5354810953140259,0.750396192073822
84,0.5665882229804993,0.4026873707771301,0.601740300655365,0.42752549052238464,0.6404721736907959,0.385342001914978,0.5382248163223267,0.4362642765045166,0.5156779289245605,0.381631076335907,0.651171863079071,0.31814175844192505,0.5017714500427246,0.31663978099823,0.5931402444839478,0.5606290102005005,0.5474569201469421,0.5588530898094177,0.6227753758430481,0.6538271903991699,0.53192538022995,0.6444206237792969,0.6166960000991821,0.7437070608139038,0.5380407571792603,0.7460319399833679
85,0.5667881965637207,0.40022823214530945,0.6089143753051758,0.4309104084968567,0.6408956050872803,0.38909122347831726,0.5392253398895264,0.43641144037246704,0.5153643488883972,0.3957441449165344,0.6523526310920715,0.3222405016422272,0.5010309815406799,0.3195086717605591,0.5914528369903564,0.5588645935058594,0.5462143421173096,0.5578723549842834,0.6244989633560181,0.6492552757263184,0.5345739722251892,0.6420142650604248,0.6212581992149353,0.742301344871521,0.5386487245559692,0.748360812664032
86,0.5642963647842407,0.4024122655391693,0.6032652258872986,0.4285944402217865,0.6417145133018494,0.3903312385082245,0.5381217002868652,0.438259482383728,0.5099654197692871,0.3915194869041443,0.6510689854621887,0.32607680559158325,0.49868500232696533,0.3253661096096039,0.5921858549118042,0.5598159432411194,0.5469046235084534,0.5603464841842651,0.6229966282844543,0.6530808210372925,0.5346230864524841,0.6463006734848022,0.6181002259254456,0.7444961071014404,0.5379446148872375,0.7481009364128113
87,0.5657734870910645,0.40238258242607117,0.6038123369216919,0.42981094121932983,0.6432842016220093,0.3880663514137268,0.5394219160079956,0.44093501567840576,0.509650468826294,0.3907042145729065,0.6501100063323975,0.3250884413719177,0.5023455619812012,0.32152029871940613,0.5922045707702637,0.5595221519470215,0.5478407144546509,0.5594731569290161,0.6227783560752869,0.648718535900116,0.5361968874931335,0.6442416906356812,0.6189448237419128,0.7417382597923279,0.5383946895599365,0.7478305101394653
88,0.5703778862953186,0.40899819135665894,0.6043823957443237,0.4328322112560272,0.6423060894012451,0.3925479054450989,0.5393704175949097,0.44252169132232666,0.5111676454544067,0.3912688195705414,0.6523715257644653,0.33520767092704773,0.5008511543273926,0.325484037399292,0.5919936895370483,0.5601957440376282,0.5497856140136719,0.5606083869934082,0.6231792569160461,0.650464653968811,0.5376758575439453,0.6448245048522949,0.6199151277542114,0.7428951263427734,0.5373675227165222,0.7483882308006287
89,0.5707043409347534,0.4142715632915497,0.6010624170303345,0.4380836486816406,0.6422581672668457,0.39607688784599304,0.5349199175834656,0.44067925214767456,0.5073774456977844,0.3952067494392395,0.6542280316352844,0.34067821502685547,0.5003673434257507,0.32693609595298767,0.5910359621047974,0.5596702098846436,0.5482115745544434,0.5614443421363831,0.6240196824073792,0.6506480574607849,0.5396671295166016,0.6458977460861206,0.619389533996582,0.7443303465843201,0.5371870398521423,0.7498344779014587
90,0.5739091634750366,0.41946208477020264,0.6032617092132568,0.44386088848114014,0.6433890461921692,0.4044215679168701,0.5414437055587769,0.4474220871925354,0.505878210067749,0.39377838373184204,0.6526072025299072,0.3415249288082123,0.49934467673301697,0.3306208550930023,0.5919476747512817,0.5632701516151428,0.5512001514434814,0.5635879039764404,0.6231595873832703,0.6465075016021729,0.5401018857955933,0.6410064697265625,0.6205540895462036,0.7433186769485474,0.5363565683364868,0.7502595782279968
91,0.5762963891029358,0.42157167196273804,0.6016334295272827,0.4495810866355896,0.6457142233848572,0.3951408267021179,0.5371533632278442,0.45322462916374207,0.5037950277328491,0.39490383863449097,0.654524028301239,0.3303038477897644,0.49827927350997925,0.33176112174987793,0.5940755605697632,0.5687108039855957,0.5554052591323853,0.5680251121520996,0.6226609945297241,0.64640212059021,0.5409417152404785,0.6395748257637024,0.6199855208396912,0.7407487630844116,0.5355975031852722,0.7494401335716248
92,0.575950026512146,0.42679035663604736,0.6013336181640625,0.45415639877319336,0.6458726525306702,0.40500742197036743,0.5381627082824707,0.4523847997188568,0.5033077001571655,0.3981896638870239,0.6521155834197998,0.3402583599090576,0.4977867305278778,0.33433231711387634,0.5918744802474976,0.5733370780944824,0.5525767803192139,0.5718966722488403,0.6239744424819946,0.6522225141525269,0.5405117273330688,0.6496943235397339,0.6195387244224548,0.7437910437583923,0.5359284281730652,0.750173032283783
93,0.5770303606987,0.4406437873840332,0.5998383164405823,0.46436071395874023,0.6440067291259766,0.412004679441452,0.5375484228134155,0.46571263670921326,0.5025759339332581,0.40024513006210327,0.6587401032447815,0.3420083522796631,0.49889427423477173,0.3334166407585144,0.5882070064544678,0.5802152156829834,0.5520319938659668,0.5821597576141357,0.6207540035247803,0.646813154220581,0.5452398657798767,0.6450563669204712,0.6181804537773132,0.7414838671684265,0.5396745204925537,0.7483959197998047
94,0.5766425132751465,0.44396135210990906,0.5999463200569153,0.46645388007164,0.642458438873291,0.4099613130092621,0.5371189713478088,0.4654160737991333,0.5033043622970581,0.3967549502849579,0.6585390567779541,0.34243762493133545,0.4993155896663666,0.33303695917129517,0.5855531692504883,0.5775680541992188,0.5501137375831604,0.5791353583335876,0.6133525371551514,0.6423628330230713,0.5483531355857849,0.6379703283309937,0.6184869408607483,0.7388443350791931,0.5407346487045288,0.7488231062889099
95,0.5738467574119568,0.446077436208725,0.6027085185050964,0.4721275269985199,0.6383191347122192,0.4176560640335083,0.5360856056213379,0.47494515776634216,0.5084210634231567,0.4013049304485321,0.6528804302215576,0.3583996295928955,0.499918669462204,0.33752840757369995,0.5886500477790833,0.5882803797721863,0.5505037903785706,0.5914061665534973,0.6121591925621033,0.645017147064209,0.5477986931800842,0.6421300172805786,0.6168568134307861,0.7414746284484863,0.5403185486793518,0.7473759055137634
96,0.5755476951599121,0.4521496295928955,0.6019757986068726,0.4718172252178192,0.6373674869537354,0.4128924608230591,0.5391096472740173,0.4739294648170471,0.5153232216835022,0.41440555453300476,0.6543974876403809,0.3495088219642639,0.499035120010376,0.3475341796875,0.593751847743988,0.5911812782287598,0.5541626214981079,0.5904484987258911,0.6149848103523254,0.6496182084083557,0.5437831282615662,0.6399760246276855,0.6172629594802856,0.7430691123008728,0.537714958190918,0.7492355108261108
97,0.5758703947067261,0.4538952708244324,0.600563108921051,0.4792664647102356,0.634723424911499,0.4418988823890686,0.537909746170044,0.4761370122432709,0.5122546553611755,0.4343518018722534,0.652450680732727,0.36294662952423096,0.49707263708114624,0.3615504205226898,0.5923789739608765,0.5898838043212891,0.553075909614563,0.5909373164176941,0.6195874810218811,0.6480379104614258,0.5433568358421326,0.648274302482605,0.6190069317817688,0.744088888168335,0.5372337102890015,0.7509531378746033
98,0.5800818204879761,0.46091628074645996,0.6038932800292969,0.4871538281440735,0.6369732022285461,0.44611895084381104,0.5451421737670898,0.48582708835601807,0.5132327079772949,0.4576491713523865,0.6557256579399109,0.36797207593917847,0.4951697289943695,0.3740971088409424,0.5940083265304565,0.5957409739494324,0.5557162761688232,0.5970356464385986,0.6180607676506042,0.6528711318969727,0.5451346635818481,0.6502052545547485,0.617146909236908,0.7426472902297974,0.5398631691932678,0.7509198188781738
99,0.5808436870574951,0.4643269181251526,0.6042227745056152,0.48844265937805176,0.6381539702415466,0.4325505197048187,0.540931224822998,0.4894835650920868,0.5105103254318237,0.4662216901779175,0.6521563529968262,0.36653071641921997,0.49597010016441345,0.3752018213272095,0.5916301012039185,0.6062374114990234,0.553457498550415,0.611822247505188,0.6090755462646484,0.6459222435951233,0.5481398105621338,0.6425865888595581,0.6144989728927612,0.7443166971206665,0.5404209494590759,0.7491704225540161
100,0.5782402157783508,0.46704089641571045,0.5995357036590576,0.490445613861084,0.6349209547042847,0.4524437189102173,0.5402494072914124,0.4941262900829315,0.5111579895019531,0.4690885543823242,0.6496154069900513,0.3780056834220886,0.49717289209365845,0.3698080778121948,0.5891849994659424,0.6041127443313599,0.5529327988624573,0.6100015640258789,0.6131091713905334,0.6535205841064453,0.5475592017173767,0.651404857635498,0.6146640777587891,0.7453184127807617,0.5406863689422607,0.7535712122917175
101,0.5764098167419434,0.4722900092601776,0.6021511554718018,0.49983155727386475,0.6357249021530151,0.4708298444747925,0.5435648560523987,0.49376317858695984,0.5139412879943848,0.4772491157054901,0.6507689952850342,0.3776092529296875,0.5008783340454102,0.37465113401412964,0.5920404195785522,0.6124770045280457,0.5550169348716736,0.6138260364532471,0.6141725778579712,0.6566923260688782,0.5497082471847534,0.6533182859420776,0.6164950728416443,0.7442798614501953,0.5424091815948486,0.7548937797546387
102,0.5765670537948608,0.4762367904186249,0.597872257232666,0.5024572610855103,0.6319997906684875,0.4690614938735962,0.5433688759803772,0.5035852789878845,0.5110409259796143,0.4757692515850067,0.6504019498825073,0.37494415044784546,0.4985305964946747,0.3745241165161133,0.5856184363365173,0.6165151596069336,0.552639365196228,0.6186079978942871,0.6105878353118896,0.6526553630828857,0.5534995794296265,0.6492183208465576,0.6145344972610474,0.7454134225845337,0.5429874062538147,0.7542416453361511
103,0.5764476656913757,0.47453567385673523,0.6038861870765686,0.5036912560462952,0.6323197484016418,0.4739990234375,0.5426498651504517,0.5041273832321167,0.5082142949104309,0.4753212332725525,0.6495994925498962,0.3802400231361389,0.4986940026283264,0.3785247802734375,0.5874179601669312,0.6147040724754333,0.5523685812950134,0.6166797876358032,0.6120419502258301,0.659204363822937,0.5491414070129395,0.657319188117981,0.6140966415405273,0.7453197836875916,0.5434321761131287,0.7544362545013428
104,0.5772967338562012,0.47648847103118896,0.6038625836372375,0.5027968883514404,0.6337339282035828,0.4682620167732239,0.5428494811058044,0.5077927708625793,0.5064306855201721,0.47526729106903076,0.649347722530365,0.3798789978027344,0.4979945123195648,0.38130295276641846,0.5857161283493042,0.6198005080223083,0.5518382787704468,0.6239463090896606,0.6105709075927734,0.6583592295646667,0.553131639957428,0.6565057039260864,0.6137658953666687,0.7453665137290955,0.5426610112190247,0.7544533014297485
105,0.5800248980522156,0.47658687829971313,0.6001065373420715,0.5047014355659485,0.6326295733451843,0.47781702876091003,0.5458651781082153,0.5076814889907837,0.5048126578330994,0.4758126139640808,0.6490350365638733,0.38383740186691284,0.4982237219810486,0.3839009702205658,0.5880393385887146,0.6173148155212402,0.5541965961456299,0.6190780997276306,0.610174834728241,0.6551930904388428,0.5465143322944641,0.6487429738044739,0.6136863827705383,0.7446404695510864,0.5401407480239868,0.7525297403335571
106,0.5784803628921509,0.4850655794143677,0.6052554845809937,0.5118372440338135,0.6364001035690308,0.4868410527706146,0.544056236743927,0.5143405199050903,0.506542444229126,0.4720270037651062,0.6451525688171387,0.3949642777442932,0.49875175952911377,0.3924570679664612,0.5885034203529358,0.6376924514770508,0.5495215058326721,0.6423377990722656,0.6103764176368713,0.6620504260063171,0.5425774455070496,0.6634794473648071,0.6120200753211975,0.747907280921936,0.5396432280540466,0.7543324828147888
107,0.5736536979675293,0.4871770739555359,0.6044564247131348,0.5114165544509888,0.6352345943450928,0.4896222949028015,0.5405374765396118,0.511544406414032,0.5047416687011719,0.4688950479030609,0.643660306930542,0.4011467397212982,0.49595221877098083,0.39374732971191406,0.5855511426925659,0.6438621282577515,0.5471615791320801,0.6475443243980408,0.6088091731071472,0.6692582368850708,0.5438323020935059,0.6703395247459412,0.6105018854141235,0.7512543201446533,0.5389682054519653,0.753909707069397
108,0.5701208710670471,0.4838108420372009,0.6055604219436646,0.5188376307487488,0.6389965415000916,0.4872361123561859,0.5456031560897827,0.5222129225730896,0.506706178188324,0.4837747812271118,0.6500517725944519,0.3977755010128021,0.49866563081741333,0.3937769830226898,0.5951416492462158,0.639370322227478,0.5581538081169128,0.6422978639602661,0.612019419670105,0.6735759973526001,0.53952556848526,0.6704498529434204,0.6126841306686401,0.7518800497055054,0.5427517890930176,0.7545963525772095
109,0.570854127407074,0.48622071743011475,0.6030755043029785,0.5174371004104614,0.6400008797645569,0.49192115664482117,0.543967604637146,0.5208325982093811,0.5082143545150757,0.49032294750213623,0.6541344523429871,0.40701064467430115,0.5017282962799072,0.4054175019264221,0.5897825956344604,0.6333903074264526,0.5561478137969971,0.6359475255012512,0.6137017011642456,0.6699850559234619,0.538128137588501,0.6655845046043396,0.6134548187255859,0.7506901621818542,0.5417863130569458,0.7511677742004395
110,0.5704022645950317,0.4852418601512909,0.6020033359527588,0.5159808993339539,0.6352207064628601,0.4958120584487915,0.5465611219406128,0.5204353332519531,0.506026029586792,0.4909365177154541,0.6549862027168274,0.4052131175994873,0.5005468726158142,0.40569227933883667,0.5884693264961243,0.6336215734481812,0.5570287704467773,0.6361399292945862,0.6127285957336426,0.6717840433120728,0.5387788414955139,0.6666935682296753,0.612653374671936,0.7509004473686218,0.5439991354942322,0.7501870393753052
111,0.5721089243888855,0.49344056844711304,0.6008797883987427,0.5213173031806946,0.6367321014404297,0.5079139471054077,0.5433236956596375,0.5270045399665833,0.5026979446411133,0.5050755739212036,0.6505492925643921,0.4253053069114685,0.496698796749115,0.4074889123439789,0.5889009237289429,0.6409285068511963,0.5546993613243103,0.6436777114868164,0.6132118701934814,0.6719561815261841,0.5422449111938477,0.6701933145523071,0.6125066876411438,0.7497207522392273,0.542427122592926,0.7504733800888062
112,0.5697855949401855,0.49105820059776306,0.6009200811386108,0.5190290808677673,0.6385990381240845,0.5070258378982544,0.5436938405036926,0.5241535305976868,0.5050041675567627,0.5049614906311035,0.6520252823829651,0.41834646463394165,0.4941710829734802,0.4064211845397949,0.5885058641433716,0.6399129629135132,0.5546971559524536,0.6422271728515625,0.6146661639213562,0.6719155311584473,0.542378306388855,0.6724412441253662,0.6128997802734375,0.7482165098190308,0.5456583499908447,0.7487872838973999
113,0.566642165184021,0.49720463156700134,0.6000910401344299,0.5222885608673096,0.6413962841033936,0.509252667427063,0.5403383374214172,0.5274015665054321,0.5038919448852539,0.5038391351699829,0.6546837687492371,0.4237620234489441,0.4952600598335266,0.41472288966178894,0.5903149843215942,0.639649510383606,0.5553096532821655,0.6424771547317505,0.6166403293609619,0.6696720123291016,0.5412537455558777,0.6693874597549438,0.6139485836029053,0.7497803568840027,0.5443458557128906,0.7487630844116211
114,0.5713568925857544,0.4965420365333557,0.6020898818969727,0.5231447219848633,0.6422032713890076,0.5088673233985901,0.5428334474563599,0.5291956067085266,0.5017223954200745,0.5005975365638733,0.6554867029190063,0.42236822843551636,0.492223858833313,0.413851261138916,0.591402530670166,0.6404150724411011,0.556925356388092,0.6440931558609009,0.6150435209274292,0.6716050505638123,0.5435034036636353,0.6725627779960632,0.6132248640060425,0.7487243413925171,0.5469477772712708,0.7506210207939148
115,0.5684034824371338,0.499943345785141,0.6007118225097656,0.5263383388519287,0.6420108675956726,0.5084101557731628,0.5426347851753235,0.5340728759765625,0.5006442666053772,0.502672553062439,0.6563301086425781,0.42325323820114136,0.49107152223587036,0.41693994402885437,0.5879268050193787,0.6432170867919922,0.5555317401885986,0.6475604176521301,0.6151953935623169,0.6713544130325317,0.5428807139396667,0.6700355410575867,0.6129080057144165,0.749501645565033,0.5508506298065186,0.750228762626648
116,0.5660852789878845,0.506229043006897,0.60000079870224,0.5309675931930542,0.6421653032302856,0.5086203813552856,0.5373128056526184,0.5313819646835327,0.5028640627861023,0.5081581473350525,0.6537725925445557,0.41931581497192383,0.49331456422805786,0.4197193384170532,0.5902618169784546,0.6467771530151367,0.5578000545501709,0.6487497091293335,0.617213249206543,0.674787163734436,0.5461896657943726,0.6740728616714478,0.6112848520278931,0.7507237792015076,0.5508592128753662,0.7488757967948914
117,0.5643123388290405,0.5070488452911377,0.6033567786216736,0.5358384847640991,0.640007734298706,0.5136763453483582,0.5423996448516846,0.5338696837425232,0.49877601861953735,0.508551836013794,0.6519145965576172,0.4239763915538788,0.492753803730011,0.4159677028656006,0.5867900848388672,0.6519431471824646,0.5550055503845215,0.6539267301559448,0.6155105829238892,0.671067476272583,0.5497792959213257,0.674057126045227,0.6122794151306152,0.747756838798523,0.5487710237503052,0.7484246492385864
118,0.5708945393562317,0.5111123323440552,0.6010553240776062,0.5331788063049316,0.6387653946876526,0.5291095972061157,0.5370002388954163,0.5334964990615845,0.49741753935813904,0.5084099769592285,0.6514785289764404,0.42527496814727783,0.4882504642009735,0.42898839712142944,0.592400312423706,0.6499015092849731,0.5592992305755615,0.6520811915397644,0.6163553595542908,0.6679757833480835,0.548659086227417,0.6710320711135864,0.6153250932693481,0.7457265257835388,0.5483006834983826,0.7466256022453308
119,0.5671180486679077,0.507518470287323,0.6019982099533081,0.5289982557296753,0.6369673609733582,0.5145795345306396,0.5381879806518555,0.5340471863746643,0.5035726428031921,0.5139058828353882,0.6504696607589722,0.42743155360221863,0.4844251871109009,0.43267330527305603,0.5924793481826782,0.642252504825592,0.5597348213195801,0.6476925015449524,0.6051191091537476,0.655776858329773,0.5425738096237183,0.6604737043380737,0.611486554145813,0.7422215342521667,0.5546830296516418,0.7471225261688232
120,0.5682597756385803,0.5149105787277222,0.6002341508865356,0.5418611168861389,0.6413069367408752,0.517024040222168,0.5418362617492676,0.5476672053337097,0.5023696422576904,0.5122352838516235,0.6462986469268799,0.44026970863342285,0.48955389857292175,0.4278995990753174,0.5900256037712097,0.6536135673522949,0.5564174652099609,0.6578612327575684,0.5941184759140015,0.6553493738174438,0.5446141958236694,0.6624304056167603,0.6064573526382446,0.746444821357727,0.5548474788665771,0.744901180267334
121,0.5668516159057617,0.5142091512680054,0.5991839170455933,0.5376377105712891,0.6388019919395447,0.5230410695075989,0.5416513085365295,0.5485998392105103,0.5057202577590942,0.5306201577186584,0.6513316035270691,0.4485187530517578,0.4785587191581726,0.45112717151641846,0.5909591317176819,0.6526288390159607,0.5544264316558838,0.6568393111228943,0.6039015054702759,0.658278226852417,0.5425094366073608,0.6625502109527588,0.6136201620101929,0.7432669401168823,0.5478086471557617,0.7498494386672974
122,0.5687106847763062,0.5139164924621582,0.5998249053955078,0.5406349897384644,0.6340031623840332,0.5394437909126282,0.5346837043762207,0.545434296131134,0.5029686093330383,0.5338914394378662,0.648838996887207,0.47444626688957214,0.4748672842979431,0.4534679055213928,0.5911641120910645,0.6495216488838196,0.5577101707458496,0.653661847114563,0.5986714363098145,0.6547757983207703,0.5434412956237793,0.6592956781387329,0.613934338092804,0.7427542209625244,0.5462413430213928,0.7461771368980408
123,0.5649462938308716,0.5166082382202148,0.5997996926307678,0.5383163094520569,0.6339702606201172,0.5370227098464966,0.5419911742210388,0.5470578670501709,0.5029996037483215,0.5305114388465881,0.6507951021194458,0.45155927538871765,0.4708893895149231,0.45362532138824463,0.5928337574005127,0.6504620909690857,0.5571051836013794,0.6555940508842468,0.5966393947601318,0.6562474966049194,0.5409766435623169,0.66306471824646,0.6111442446708679,0.7439072132110596,0.5484254956245422,0.7515531778335571
124,0.5695507526397705,0.5208960771560669,0.6005359888076782,0.5451977849006653,0.6406562328338623,0.5363869071006775,0.5388492941856384,0.5505393743515015,0.4993305206298828,0.5304484367370605,0.6488454937934875,0.44844502210617065,0.47480863332748413,0.45138293504714966,0.5882760286331177,0.6529502272605896,0.550688624382019,0.6564701795578003,0.6035536527633667,0.6566875576972961,0.5413621664047241,0.6596639156341553,0.6154165863990784,0.7436099052429199,0.545630156993866,0.751893937587738
125,0.5693142414093018,0.5208034515380859,0.5996237993240356,0.5466774106025696,0.6388298273086548,0.5371769070625305,0.5395208597183228,0.5517513751983643,0.5058062076568604,0.5344260931015015,0.6470531225204468,0.4498741626739502,0.47349223494529724,0.4560691714286804,0.5886029005050659,0.6524606943130493,0.5501937866210938,0.6566837430000305,0.6024248600006104,0.6555954217910767,0.541070818901062,0.6612335443496704,0.6150069236755371,0.743553102016449,0.5449763536453247,0.7521716356277466
126,0.5695871114730835,0.5213392376899719,0.5998103618621826,0.5460748076438904,0.6386719346046448,0.5392056107521057,0.5381808876991272,0.5504065752029419,0.5027598738670349,0.5309151411056519,0.6450583934783936,0.4706936478614807,0.47669917345046997,0.44487452507019043,0.5879592895507812,0.6531100273132324,0.5494588017463684,0.6572542786598206,0.6034337282180786,0.6558713912963867,0.541617751121521,0.664731502532959,0.6146227121353149,0.7443668246269226,0.5451974868774414,0.7525583505630493
127,0.5677292943000793,0.5224080085754395,0.6048613786697388,0.5480321049690247,0.6399832367897034,0.5385785102844238,0.5355413556098938,0.5507365465164185,0.4954124093055725,0.5286440849304199,0.6475181579589844,0.47028958797454834,0.4716065526008606,0.449695348739624,0.5870408415794373,0.653258204460144,0.5483286380767822,0.6580197215080261,0.6032299399375916,0.656184196472168,0.5439317226409912,0.6670622229576111,0.6150016188621521,0.7443885803222656,0.5451551675796509,0.7533252239227295
128,0.5678509473800659,0.5218325257301331,0.6048743724822998,0.5469666719436646,0.6390788555145264,0.5373110175132751,0.5373438596725464,0.5506511330604553,0.4948667883872986,0.5142152309417725,0.6461920142173767,0.4696863293647766,0.4756641983985901,0.4428789019584656,0.588042676448822,0.6534452438354492,0.5496727824211121,0.6584891080856323,0.601995587348938,0.6568764448165894,0.5433122515678406,0.6674091219902039,0.6144932508468628,0.7449417114257812,0.5453921556472778,0.7544972896575928
129,0.5672463178634644,0.5219277143478394,0.6041946411132812,0.5463544130325317,0.6403669118881226,0.5362638235092163,0.5363975167274475,0.5501295924186707,0.49393412470817566,0.514090895652771,0.6464908123016357,0.4509584903717041,0.4762522876262665,0.4414266347885132,0.5871267914772034,0.6530811786651611,0.5487117767333984,0.6578282713890076,0.6018960475921631,0.6561288237571716,0.5422950983047485,0.6656209826469421,0.6146289110183716,0.7454662322998047,0.5444320440292358,0.7541594505310059
130,0.5655426383018494,0.5225982069969177,0.6033265590667725,0.5457792282104492,0.6423048973083496,0.5334442257881165,0.5343723297119141,0.5497156381607056,0.4938655495643616,0.5103285908699036,0.6479358077049255,0.4464894235134125,0.4772222936153412,0.441959023475647,0.587150514125824,0.6523229479789734,0.5485246181488037,0.6578044891357422,0.6023926138877869,0.6576694250106812,0.5428080558776855,0.6688797473907471,0.6142372488975525,0.7462396621704102,0.5465523600578308,0.754853367805481
131,0.5643779635429382,0.5235037803649902,0.6026713848114014,0.5479196906089783,0.6416406631469727,0.5343716740608215,0.5331578254699707,0.5517016649246216,0.49339887499809265,0.5097503662109375,0.6474145650863647,0.44717085361480713,0.4790756106376648,0.4403972029685974,0.5879316329956055,0.6552386283874512,0.5483654141426086,0.6610164642333984,0.6037923097610474,0.6593526601791382,0.5419067144393921,0.6767442226409912,0.6151975393295288,0.7468365430831909,0.5478203892707825,0.7556098699569702
132,0.5648606419563293,0.5266627073287964,0.6036406755447388,0.5508455634117126,0.6407016515731812,0.5350537300109863,0.5282157063484192,0.5554085969924927,0.4939800202846527,0.5159826874732971,0.6514143347740173,0.4600129723548889,0.47553130984306335,0.44773024320602417,0.5932996273040771,0.6575560569763184,0.5462501049041748,0.6632651090621948,0.5720610618591309,0.6509977579116821,0.540920615196228,0.660342276096344,0.6068955659866333,0.750426173210144,0.5519973039627075,0.7490721940994263
133,0.5635331869125366,0.5235462784767151,0.6006528735160828,0.5520880222320557,0.6391124129295349,0.5386003255844116,0.5295214653015137,0.5541360378265381,0.4933633506298065,0.5148646235466003,0.6509808301925659,0.45372673869132996,0.4744088649749756,0.4475526511669159,0.5904836654663086,0.6613345146179199,0.5438237190246582,0.669657826423645,0.5873347520828247,0.6522554159164429,0.5399065017700195,0.6629385948181152,0.6101359128952026,0.7496454119682312,0.5456117987632751,0.7523435354232788
134,0.5633644461631775,0.5217221975326538,0.5999889373779297,0.55093914270401,0.6375535130500793,0.539535403251648,0.5301471948623657,0.553040087223053,0.4933267831802368,0.5149885416030884,0.650981068611145,0.45440471172332764,0.47559911012649536,0.44603991508483887,0.5875255465507507,0.6616770029067993,0.5443564057350159,0.6690894961357117,0.6020663976669312,0.6580736637115479,0.5399409532546997,0.6681658029556274,0.6085104942321777,0.7485039234161377,0.544923722743988,0.7541123628616333
135,0.5642151832580566,0.5201214551925659,0.6007688641548157,0.5459387302398682,0.6365655660629272,0.5386364459991455,0.5307508707046509,0.5477747321128845,0.495642751455307,0.5152269601821899,0.6512537002563477,0.45256930589675903,0.4759889245033264,0.4428062438964844,0.5891255140304565,0.6587004065513611,0.5450947284698486,0.6637648344039917,0.5975898504257202,0.65696120262146,0.5411418080329895,0.6647544503211975,0.6101093292236328,0.7495279312133789,0.5463686585426331,0.7531747817993164
136,0.5649560689926147,0.5187063217163086,0.6012693643569946,0.5433366298675537,0.637365996837616,0.5358806252479553,0.5312960147857666,0.5472415089607239,0.49622470140457153,0.516468346118927,0.6510714292526245,0.45416563749313354,0.4752904176712036,0.4440637528896332,0.588939905166626,0.6567437648773193,0.5479742884635925,0.6623724699020386,0.5936059355735779,0.6511386632919312,0.5504026412963867,0.6612353324890137,0.6091840267181396,0.7492145895957947,0.5487657785415649,0.7524077892303467
137,0.5627295970916748,0.5185333490371704,0.5998535752296448,0.5435734987258911,0.6388399600982666,0.5341973304748535,0.5316495895385742,0.5489804148674011,0.4960022568702698,0.517581045627594,0.6512413024902344,0.45005619525909424,0.47683584690093994,0.4428256154060364,0.5923789143562317,0.6585447788238525,0.5506237745285034,0.6665517091751099,0.5929031372070312,0.6537867188453674,0.5435962080955505,0.662680983543396,0.6093746423721313,0.7505841255187988,0.5466717481613159,0.7551876902580261
138,0.5645363926887512,0.5133636593818665,0.6011390686035156,0.5406433343887329,0.6328737139701843,0.5376519560813904,0.5345956087112427,0.5480243563652039,0.5044693946838379,0.5352106094360352,0.6503071784973145,0.4524545669555664,0.47491830587387085,0.4558163583278656,0.5915015935897827,0.6517078280448914,0.5531704425811768,0.6557490825653076,0.5984809398651123,0.6569393277168274,0.5407509803771973,0.6574311852455139,0.6104580760002136,0.7462608814239502,0.5483084917068481,0.746959388256073
139,0.5631440281867981,0.5159845352172852,0.5982285737991333,0.5388562679290771,0.6327366828918457,0.5382097959518433,0.5375857353210449,0.548673152923584,0.5050801038742065,0.5348562002182007,0.6495918035507202,0.4528234601020813,0.47625988721847534,0.453902930021286,0.5912023782730103,0.648003101348877,0.5555136799812317,0.6530487537384033,0.5999752283096313,0.6541925668716431,0.541152834892273,0.6599760055541992,0.6143343448638916,0.7423819899559021,0.5453013777732849,0.747539758682251
140,0.564212441444397,0.5130670070648193,0.5992216467857361,0.5389540195465088,0.6362361907958984,0.5344921946525574,0.5401129126548767,0.5490485429763794,0.5036562085151672,0.5318598747253418,0.6489536762237549,0.44391149282455444,0.4764425456523895,0.45137715339660645,0.5919417142868042,0.6496520042419434,0.556332528591156,0.6525844931602478,0.6120216846466064,0.6619005799293518,0.5415300726890564,0.6627959609031677,0.6161248087882996,0.7446110248565674,0.543851375579834,0.7449139356613159
141,0.5638867616653442,0.5092554092407227,0.6008197069168091,0.5368279814720154,0.6376569867134094,0.531754732131958,0.5397638082504272,0.5448992848396301,0.5044161677360535,0.5290882587432861,0.6482927799224854,0.43373918533325195,0.4786545932292938,0.44790980219841003,0.5914953351020813,0.6455481052398682,0.5556926727294922,0.6488875150680542,0.6127724051475525,0.6621799468994141,0.5429993271827698,0.6637121438980103,0.6148231625556946,0.7443259954452515,0.5501087307929993,0.7449395060539246
142,0.5648369193077087,0.5074851512908936,0.601341724395752,0.5322912931442261,0.6470317840576172,0.5151956081390381,0.5400249361991882,0.5394351482391357,0.49923408031463623,0.5257076025009155,0.651520848274231,0.42701205611228943,0.4810701608657837,0.43092572689056396,0.5931284427642822,0.6441931128501892,0.557637095451355,0.6501736640930176,0.6072269082069397,0.6633279919624329,0.5431787371635437,0.6623454689979553,0.6143239736557007,0.7439373731613159,0.5532857179641724,0.7461874485015869
143,0.5654181241989136,0.507629930973053,0.5995833873748779,0.5338071584701538,0.6448741555213928,0.5158811807632446,0.5320224761962891,0.5365068912506104,0.4989573359489441,0.511378824710846,0.6504024267196655,0.42805105447769165,0.487689346075058,0.4201694130897522,0.5954108238220215,0.6431199312210083,0.559617280960083,0.6478426456451416,0.6150851249694824,0.6665114164352417,0.5483040809631348,0.6653891205787659,0.6148351430892944,0.7454941272735596,0.5528528094291687,0.7448848485946655
144,0.5706200003623962,0.49240273237228394,0.6033917665481567,0.5230987071990967,0.6452398896217346,0.4959715008735657,0.5391749143600464,0.5277308225631714,0.5029329061508179,0.4891963601112366,0.6580950021743774,0.41851818561553955,0.49363774061203003,0.4124016761779785,0.5899267792701721,0.652515172958374,0.5520373582839966,0.6551095247268677,0.6090070605278015,0.6672236323356628,0.5444765686988831,0.6698390245437622,0.6140702962875366,0.7503982782363892,0.5381996035575867,0.7534701228141785
145,0.5700821876525879,0.4871714115142822,0.6053817868232727,0.5128157138824463,0.6451548933982849,0.4925048053264618,0.5349770784378052,0.5169057846069336,0.5001201033592224,0.49371132254600525,0.6624059081077576,0.40863800048828125,0.4902530610561371,0.40925538539886475,0.5887545943260193,0.6390455961227417,0.5510382652282715,0.6424612998962402,0.6118389964103699,0.6682342886924744,0.5451562404632568,0.6622533798217773,0.6147300601005554,0.7487871646881104,0.5403237342834473,0.7543150782585144
146,0.5689793825149536,0.4828074872493744,0.6051603555679321,0.5101175904273987,0.6473275423049927,0.4926994740962982,0.540360152721405,0.5187923908233643,0.5034411549568176,0.49052879214286804,0.66036057472229,0.4021998643875122,0.4912206828594208,0.4067751169204712,0.5906946063041687,0.6370169520378113,0.550628662109375,0.6402121186256409,0.6112378835678101,0.670925498008728,0.5471403002738953,0.6703329086303711,0.6138160824775696,0.7512571811676025,0.541515588760376,0.7550249099731445
147,0.5684685707092285,0.4801790118217468,0.6055007576942444,0.5062812566757202,0.6471505165100098,0.4881260395050049,0.5395585894584656,0.5145834684371948,0.5009163022041321,0.48912906646728516,0.6612951755523682,0.406058132648468,0.49230751395225525,0.4007830023765564,0.5893464088439941,0.63132643699646,0.5512058138847351,0.6341797113418579,0.6102938055992126,0.665520191192627,0.5435947179794312,0.6574738025665283,0.6138584613800049,0.7473499178886414,0.539915919303894,0.7531754374504089
148,0.5760849714279175,0.4724653363227844,0.6012105941772461,0.5035836696624756,0.6455687284469604,0.46992015838623047,0.5396498441696167,0.5107506513595581,0.5001075267791748,0.47239312529563904,0.6561605930328369,0.3875851333141327,0.49101364612579346,0.39115649461746216,0.5896325707435608,0.6302623152732849,0.5514436960220337,0.6319296956062317,0.611271858215332,0.6569721102714539,0.5498148202896118,0.6524679064750671,0.6116268038749695,0.7495514154434204,0.5415218472480774,0.7522567510604858
149,0.5758615732192993,0.4712925851345062,0.6050455570220947,0.4978249967098236,0.6493675112724304,0.4665174186229706,0.5407310128211975,0.5069402456283569,0.4995602071285248,0.47331488132476807,0.655363917350769,0.38210248947143555,0.48893117904663086,0.38644301891326904,0.5952490568161011,0.6307909488677979,0.5567392110824585,0.6321983337402344,0.6102209091186523,0.6547008156776428,0.5497502684593201,0.6469975709915161,0.6132174134254456,0.747759997844696,0.543035626411438,0.7525119781494141
150,0.5778142213821411,0.462931752204895,0.6057716012001038,0.49472475051879883,0.6475183963775635,0.46360331773757935,0.5396467447280884,0.49091848731040955,0.49910444021224976,0.4686628580093384,0.6566299200057983,0.3758102357387543,0.4910147190093994,0.37724006175994873,0.5985960960388184,0.6165601015090942,0.5582826733589172,0.6165216565132141,0.6163250207901001,0.6547489762306213,0.5548573136329651,0.6461670398712158,0.6132545471191406,0.7482117414474487,0.5415321588516235,0.7521448135375977
151,0.5708448886871338,0.45468688011169434,0.6018480062484741,0.4818227291107178,0.649209201335907,0.4391108751296997,0.5374271273612976,0.48761624097824097,0.5052996873855591,0.44451552629470825,0.6564775109291077,0.37245023250579834,0.4965006709098816,0.37271398305892944,0.600284218788147,0.6029953956604004,0.556674599647522,0.6039519309997559,0.6147579550743103,0.659076452255249,0.5465354323387146,0.6493666172027588,0.6127266883850098,0.7490506172180176,0.542332112789154,0.7509136199951172
152,0.5739743113517761,0.4489346146583557,0.6071889400482178,0.47204071283340454,0.6519088745117188,0.4219398498535156,0.5393798351287842,0.47743353247642517,0.5006731152534485,0.42517197132110596,0.6571347117424011,0.36466652154922485,0.4919777512550354,0.36312729120254517,0.5979467034339905,0.5948559045791626,0.5549466609954834,0.5942241549491882,0.6153361201286316,0.6528334617614746,0.5484872460365295,0.6455893516540527,0.6136319637298584,0.745879054069519,0.5412771701812744,0.7492114305496216
153,0.5767855644226074,0.4463123679161072,0.6081785559654236,0.46639347076416016,0.6480847597122192,0.41332218050956726,0.5377112627029419,0.46769803762435913,0.501122236251831,0.4092322587966919,0.6562907695770264,0.3544791340827942,0.4966086745262146,0.3500106930732727,0.5961698293685913,0.5857768654823303,0.5526735782623291,0.5849010944366455,0.6151278018951416,0.6489588022232056,0.5461241006851196,0.6372296810150146,0.6140354871749878,0.7456104755401611,0.5391404032707214,0.7467429041862488
154,0.5759744644165039,0.4403817355632782,0.6059293746948242,0.46307188272476196,0.6482014656066895,0.4128064811229706,0.5325945615768433,0.4641403555870056,0.5023446083068848,0.41038745641708374,0.6591125130653381,0.34902462363243103,0.49402791261672974,0.3454269766807556,0.5964558720588684,0.5860213041305542,0.5526372194290161,0.5856825113296509,0.6204223036766052,0.6529813408851624,0.5456616878509521,0.6419203877449036,0.6151766777038574,0.7470623850822449,0.5400919318199158,0.7477371096611023
155,0.5758640766143799,0.43702027201652527,0.6048079133033752,0.45988959074020386,0.6506912708282471,0.41883596777915955,0.5325149297714233,0.4607048034667969,0.5004951357841492,0.41231411695480347,0.6604253649711609,0.34580764174461365,0.4922294318675995,0.3410724997520447,0.5945713520050049,0.5819351077079773,0.5532903671264648,0.5804448127746582,0.6223340034484863,0.6555967330932617,0.545403003692627,0.645140528678894,0.6163510084152222,0.7455065250396729,0.5416392087936401,0.7485538721084595
156,0.5752795934677124,0.42830774188041687,0.6010408401489258,0.4604939818382263,0.6480468511581421,0.41609472036361694,0.5394078493118286,0.45891067385673523,0.4993824362754822,0.4004976749420166,0.6542006731033325,0.3447664678096771,0.4921357035636902,0.33795464038848877,0.5893930792808533,0.5772945880889893,0.5485628843307495,0.5758969783782959,0.6269384026527405,0.646615207195282,0.539207935333252,0.6413334608078003,0.6193934082984924,0.7435464859008789,0.5349564552307129,0.7503313422203064
157,0.5676264762878418,0.4157867431640625,0.6010692715644836,0.4396665692329407,0.6460586786270142,0.407156765460968,0.534003496170044,0.4439549148082733,0.49875399470329285,0.39924198389053345,0.6564671397209167,0.3367050290107727,0.4951220452785492,0.33059161901474,0.5911864042282104,0.5664672255516052,0.5498190522193909,0.566434919834137,0.62444669008255,0.6535252332687378,0.5385894775390625,0.6430742144584656,0.6163270473480225,0.7440246343612671,0.5372834205627441,0.7476908564567566
158,0.5663904547691345,0.40882474184036255,0.6062180399894714,0.4345765709877014,0.6460397243499756,0.39582377672195435,0.5332847833633423,0.44006383419036865,0.4983021020889282,0.3961237370967865,0.6563796401023865,0.3413381576538086,0.49561405181884766,0.334389865398407,0.5920913219451904,0.5640124678611755,0.5476443767547607,0.5659424066543579,0.6210595369338989,0.6564338207244873,0.5398883819580078,0.6515313386917114,0.6155796051025391,0.7442259192466736,0.5384296178817749,0.7482297420501709
159,0.5652908086776733,0.4060237407684326,0.6047284603118896,0.4325217008590698,0.6473093032836914,0.394954651594162,0.5309438705444336,0.43668803572654724,0.496857613325119,0.3986152112483978,0.6581103205680847,0.333651602268219,0.4933423399925232,0.3338502049446106,0.5880411863327026,0.5589534044265747,0.5448536276817322,0.5594886541366577,0.6197431683540344,0.6548928618431091,0.5412634015083313,0.6518188118934631,0.615662693977356,0.7437682151794434,0.5389022827148438,0.7480418682098389
160,0.5642457008361816,0.39555495977401733,0.6057724952697754,0.4266589879989624,0.6446424722671509,0.3907085359096527,0.5389949679374695,0.4319983720779419,0.5081324577331543,0.39963412284851074,0.6574515104293823,0.31615206599235535,0.49339422583580017,0.32859721779823303,0.589242696762085,0.5483115911483765,0.5474824905395508,0.547867476940155,0.6212489604949951,0.6470168232917786,0.5357829332351685,0.6423982381820679,0.6185911893844604,0.7421543598175049,0.5373791456222534,0.7479292750358582
161,0.5653601884841919,0.3907117545604706,0.6087085604667664,0.4197702407836914,0.6433708667755127,0.3866044282913208,0.5343329906463623,0.42316657304763794,0.5009862184524536,0.38173943758010864,0.6572923064231873,0.311379075050354,0.4913511276245117,0.3199678063392639,0.5897622108459473,0.5452002286911011,0.5453612804412842,0.544029712677002,0.6185483932495117,0.6513498425483704,0.537697970867157,0.6439658999443054,0.6166303157806396,0.7434252500534058,0.5380654335021973,0.7455993890762329
162,0.56600421667099,0.3891471326351166,0.605501651763916,0.41783642768859863,0.6437653303146362,0.37907522916793823,0.5317634344100952,0.42166420817375183,0.5022822618484497,0.3810470998287201,0.6594138741493225,0.3089381456375122,0.49123090505599976,0.31863242387771606,0.5884969830513,0.5436553955078125,0.5452262759208679,0.5429458618164062,0.6180256605148315,0.6496212482452393,0.5344124436378479,0.6421725749969482,0.6167924404144287,0.7427889704704285,0.5364116430282593,0.7428374290466309
163,0.567373514175415,0.3872108459472656,0.6020172238349915,0.41253119707107544,0.6473144292831421,0.3784125745296478,0.5255704522132874,0.4184306561946869,0.49566030502319336,0.37576013803482056,0.657232403755188,0.29629790782928467,0.4897916316986084,0.3065006732940674,0.5873165726661682,0.5404003858566284,0.539559006690979,0.5387842655181885,0.6172703504562378,0.6507072448730469,0.5363982915878296,0.6423721313476562,0.6141637563705444,0.7459362745285034,0.5368415117263794,0.7453696727752686
164,0.5657896995544434,0.3790302872657776,0.6004361510276794,0.40721818804740906,0.6464650630950928,0.3762434422969818,0.5315850973129272,0.41091012954711914,0.4942961633205414,0.376147985458374,0.6586276888847351,0.28948694467544556,0.4893692135810852,0.300744891166687,0.5877470374107361,0.5358651876449585,0.5407708883285522,0.5350921154022217,0.6178421378135681,0.6420654058456421,0.536491870880127,0.6336798071861267,0.6183826327323914,0.7446191310882568,0.538607120513916,0.7476187944412231
165,0.5648862719535828,0.38066455721855164,0.6037707924842834,0.40520429611206055,0.6466926336288452,0.3779218792915344,0.5335577130317688,0.41149160265922546,0.4965920150279999,0.36474665999412537,0.6613406538963318,0.293198823928833,0.4907568693161011,0.2984159588813782,0.5886358618736267,0.5314511656761169,0.541493833065033,0.5288219451904297,0.6180155277252197,0.6357231140136719,0.5392930507659912,0.629629373550415,0.6196383237838745,0.7442185878753662,0.5400429964065552,0.7463319301605225
166,0.5636720657348633,0.3755820691585541,0.6072298884391785,0.4014420211315155,0.6432368159294128,0.3754013776779175,0.5312122106552124,0.4070396423339844,0.4988996982574463,0.3622969090938568,0.659981906414032,0.29471734166145325,0.48996883630752563,0.29655686020851135,0.5919944047927856,0.5281847715377808,0.5445539355278015,0.527052640914917,0.6126619577407837,0.6484651565551758,0.5425055027008057,0.6400643587112427,0.6139606833457947,0.7447842359542847,0.5380946397781372,0.747818112373352
167,0.56790691614151,0.36922240257263184,0.6054445505142212,0.3991163969039917,0.643051266670227,0.3774992823600769,0.5342757701873779,0.4023478627204895,0.49340659379959106,0.3646881580352783,0.6594945192337036,0.2960042953491211,0.48874711990356445,0.296390563249588,0.5891547799110413,0.5259406566619873,0.5437617897987366,0.5249999165534973,0.6115400791168213,0.6481668949127197,0.5444768667221069,0.638858437538147,0.6139969825744629,0.7426947355270386,0.5384327173233032,0.7468163371086121
168,0.5640029907226562,0.3622209429740906,0.6058579683303833,0.39665496349334717,0.644199788570404,0.35828277468681335,0.533440113067627,0.400098979473114,0.5003687143325806,0.356387734413147,0.6593487858772278,0.27568668127059937,0.4929843544960022,0.28715938329696655,0.594680905342102,0.5191842317581177,0.5466323494911194,0.5164989829063416,0.6095590591430664,0.635195255279541,0.5477838516235352,0.6287527084350586,0.6158555746078491,0.7403697371482849,0.5418596863746643,0.73927903175354
169,0.5660091042518616,0.3642851710319519,0.6042606830596924,0.39019274711608887,0.6418936848640442,0.3615550994873047,0.5316066741943359,0.3964703679084778,0.5026563405990601,0.35446834564208984,0.6572132110595703,0.26992473006248474,0.4932837188243866,0.2839023768901825,0.5939541459083557,0.5240470767021179,0.5448760986328125,0.5210422277450562,0.6002324819564819,0.6350191831588745,0.5509192943572998,0.6405069828033447,0.6152124404907227,0.743339478969574,0.5432231426239014,0.7468019723892212
170,0.5669351816177368,0.36360669136047363,0.6042803525924683,0.3879740834236145,0.6429483890533447,0.36057576537132263,0.5340186953544617,0.3932435214519501,0.5021422505378723,0.35208791494369507,0.6576073169708252,0.27200305461883545,0.49343788623809814,0.2846109867095947,0.5943971276283264,0.5232411026954651,0.5463560819625854,0.5204406976699829,0.5999730825424194,0.6376312971115112,0.5527138113975525,0.6406104564666748,0.6152938604354858,0.7431744337081909,0.5447173118591309,0.7467601299285889
171,0.5687075853347778,0.3637494444847107,0.604438304901123,0.38903602957725525,0.6415831446647644,0.3621719479560852,0.5335723757743835,0.3943708837032318,0.5034525990486145,0.355577290058136,0.6567993760108948,0.27337750792503357,0.4931688904762268,0.2853284478187561,0.5933622121810913,0.5227246284484863,0.5453078746795654,0.5199003219604492,0.5989713072776794,0.63726407289505,0.5503088235855103,0.6394878625869751,0.614311695098877,0.7428805828094482,0.541812539100647,0.7467631697654724
172,0.5694907903671265,0.36339133977890015,0.6057685613632202,0.3870790898799896,0.6408164501190186,0.36257994174957275,0.533143162727356,0.3928039073944092,0.505041241645813,0.35857948660850525,0.6562676429748535,0.2713410556316376,0.49391818046569824,0.2872384786605835,0.5961141586303711,0.5244282484054565,0.54520583152771,0.5211129188537598,0.6003451347351074,0.6383503079414368,0.5468417406082153,0.6383795142173767,0.6142897009849548,0.7434138655662537,0.5399397611618042,0.7479955554008484
173,0.5657568573951721,0.3607253432273865,0.6043334007263184,0.38717377185821533,0.6405484080314636,0.361824095249176,0.531438946723938,0.3911164700984955,0.5055491328239441,0.35663315653800964,0.6566677093505859,0.2672077417373657,0.49645325541496277,0.28314849734306335,0.5968742370605469,0.5244961977005005,0.5464308261871338,0.5216671824455261,0.6011930108070374,0.6387314200401306,0.5481200218200684,0.639460027217865,0.6140724420547485,0.743516206741333,0.5422683954238892,0.7495192289352417
174,0.5665444135665894,0.36194539070129395,0.6034455895423889,0.38743719458580017,0.6396867036819458,0.36151883006095886,0.5329062342643738,0.39174947142601013,0.5048395991325378,0.3574388027191162,0.6557797193527222,0.267464280128479,0.4950113892555237,0.28174889087677,0.5960453748703003,0.5235024094581604,0.5471071004867554,0.5211034417152405,0.6012189388275146,0.6383472084999084,0.5494042038917542,0.6400115489959717,0.6146249771118164,0.7429392337799072,0.5430252552032471,0.7496501207351685
175,0.5663987994194031,0.3601610064506531,0.6040747165679932,0.38662075996398926,0.6403535604476929,0.35989972949028015,0.5345967411994934,0.39211055636405945,0.506147563457489,0.3566844165325165,0.6556501984596252,0.26547718048095703,0.49559450149536133,0.2787265479564667,0.5954283475875854,0.5253037214279175,0.5477222204208374,0.5225251913070679,0.5959311127662659,0.6407372951507568,0.5476349592208862,0.6424124836921692,0.60948646068573,0.7456147074699402,0.5414667129516602,0.7482887506484985
176,0.5669054985046387,0.3591044843196869,0.6036943793296814,0.3865199089050293,0.642693281173706,0.3591197729110718,0.5352750420570374,0.3925589323043823,0.503145158290863,0.3580380082130432,0.6568811535835266,0.26565292477607727,0.49350255727767944,0.28459423780441284,0.5957895517349243,0.525014340877533,0.5476035475730896,0.522596001625061,0.5996093153953552,0.6400615572929382,0.5481622219085693,0.6424780488014221,0.6109117865562439,0.7450025081634521,0.5412713885307312,0.7480947971343994
177,0.566310465335846,0.35875940322875977,0.6037328839302063,0.3858523964881897,0.6430929899215698,0.35903531312942505,0.5347959995269775,0.3919183015823364,0.5039487481117249,0.35786890983581543,0.6562209129333496,0.269142210483551,0.4924876391887665,0.2863413393497467,0.5978925228118896,0.5257101655006409,0.5474042296409607,0.5234927535057068,0.604681134223938,0.6393030881881714,0.5487966537475586,0.6420135498046875,0.6141430139541626,0.7435383796691895,0.5416890978813171,0.7484613656997681
178,0.5677435994148254,0.35863563418388367,0.6037999391555786,0.3852957487106323,0.6434264779090881,0.35779982805252075,0.5378375053405762,0.391377329826355,0.5040822625160217,0.35945653915405273,0.6562934517860413,0.26783326268196106,0.4929223954677582,0.2844674289226532,0.5975245237350464,0.5246869921684265,0.548500657081604,0.5222887396812439,0.6020821332931519,0.6411194205284119,0.5492598414421082,0.6416258811950684,0.6112899780273438,0.7446558475494385,0.5406844615936279,0.747484564781189
179,0.567130446434021,0.35860103368759155,0.6037238836288452,0.3879947066307068,0.6435805559158325,0.35775089263916016,0.5372098684310913,0.3906964957714081,0.5042734146118164,0.3597533702850342,0.6575757265090942,0.27034905552864075,0.49259746074676514,0.28621944785118103,0.5977503061294556,0.5237902402877808,0.5479006171226501,0.5215650796890259,0.6037876009941101,0.6415102481842041,0.5489068627357483,0.6429304480552673,0.6143006086349487,0.7437587976455688,0.5418772101402283,0.7484619617462158
180,0.5652953386306763,0.3555464446544647,0.6066765785217285,0.3894406259059906,0.6466389894485474,0.34879589080810547,0.5334444046020508,0.39034032821655273,0.496995210647583,0.33825480937957764,0.6619817018508911,0.27186453342437744,0.4909047782421112,0.279911071062088,0.59726881980896,0.5182292461395264,0.5477032661437988,0.5166143774986267,0.6023284792900085,0.6314164400100708,0.5478124022483826,0.6333264112472534,0.6109209656715393,0.74188631772995,0.5407971143722534,0.7480400800704956
181,0.5658184885978699,0.3561186194419861,0.6047885417938232,0.38496336340904236,0.6456222534179688,0.3532346189022064,0.5372990369796753,0.3917996287345886,0.5003119707107544,0.35629305243492126,0.6616241931915283,0.2700496315956116,0.4911429286003113,0.2809913754463196,0.5992982387542725,0.5218896865844727,0.5508739948272705,0.5197803378105164,0.5988203287124634,0.6344655752182007,0.5411494970321655,0.634552538394928,0.6110291481018066,0.7409071326255798,0.5399351716041565,0.7487384676933289
182,0.5659033060073853,0.35602349042892456,0.6059433221817017,0.3911902606487274,0.6459420323371887,0.3522859811782837,0.537229061126709,0.39143067598342896,0.5036706328392029,0.3422916531562805,0.6614237427711487,0.2687318027019501,0.49238917231559753,0.28009119629859924,0.5965719223022461,0.5191092491149902,0.550013542175293,0.5177571177482605,0.5957399010658264,0.6354528069496155,0.5486568212509155,0.6363910436630249,0.6101857423782349,0.7395099997520447,0.5384966731071472,0.7466709017753601
183,0.5658241510391235,0.35607248544692993,0.6052662134170532,0.39101022481918335,0.6436628699302673,0.3543337285518646,0.5379379987716675,0.3908272683620453,0.5036484599113464,0.3421677350997925,0.6604427099227905,0.27309319376945496,0.4925706386566162,0.2802301049232483,0.5955256819725037,0.5180571675300598,0.5495515465736389,0.5164029598236084,0.5927447080612183,0.6358428001403809,0.5455746054649353,0.6361581087112427,0.6073140501976013,0.7392334938049316,0.535222053527832,0.7460411787033081
184,0.5659143328666687,0.35626041889190674,0.6051086187362671,0.3922300338745117,0.6425005197525024,0.35651224851608276,0.5388308763504028,0.3913910984992981,0.5047354698181152,0.3427148759365082,0.659404456615448,0.2647654414176941,0.49369049072265625,0.2819449305534363,0.5951003432273865,0.5183037519454956,0.5501272678375244,0.5164487361907959,0.5931602716445923,0.6345815062522888,0.546561062335968,0.6343964338302612,0.6065294742584229,0.7392072677612305,0.5354017019271851,0.7450703978538513
185,0.5665525794029236,0.3568739593029022,0.6031789779663086,0.3862209916114807,0.6431554555892944,0.35360777378082275,0.5390185117721558,0.3916758894920349,0.5053648352622986,0.34232065081596375,0.6593825221061707,0.27425074577331543,0.49392372369766235,0.2796265482902527,0.5954737663269043,0.5175628662109375,0.5505993962287903,0.5156810283660889,0.5930147767066956,0.6350400447845459,0.547042965888977,0.6347648501396179,0.6075989007949829,0.7397795915603638,0.5359249711036682,0.7459931373596191
186,0.5672873258590698,0.35679906606674194,0.6034066081047058,0.38636311888694763,0.6428731679916382,0.34724676609039307,0.5392566323280334,0.39173465967178345,0.5061541199684143,0.3420022428035736,0.6594563126564026,0.2734081745147705,0.49461960792541504,0.278991162776947,0.5963010191917419,0.5176659822463989,0.5515378713607788,0.5154550671577454,0.5924798250198364,0.6350981593132019,0.547406017780304,0.6342362761497498,0.6065168380737305,0.7396875619888306,0.5362133979797363,0.7457427978515625
187,0.5679365396499634,0.35726356506347656,0.6043428182601929,0.3877575993537903,0.6425081491470337,0.3581683337688446,0.5411955118179321,0.392776221036911,0.5074784159660339,0.34417563676834106,0.6597792506217957,0.2764745354652405,0.49437546730041504,0.28001803159713745,0.596462607383728,0.5201363563537598,0.5524839162826538,0.5180386304855347,0.5925818681716919,0.6369976997375488,0.5482034683227539,0.6364353895187378,0.6080007553100586,0.7406392097473145,0.5373460054397583,0.746878981590271
188,0.567634105682373,0.3561776876449585,0.6039854288101196,0.3874172568321228,0.6429025530815125,0.35747092962265015,0.5419533848762512,0.39280450344085693,0.5078064203262329,0.34413620829582214,0.6607850790023804,0.27679353952407837,0.4939834773540497,0.28305870294570923,0.596509575843811,0.5192344784736633,0.5524151921272278,0.517456591129303,0.5941426753997803,0.6346574425697327,0.54885333776474,0.6353119611740112,0.6087523102760315,0.740103006362915,0.5384827852249146,0.7458757162094116
189,0.567801833152771,0.3561798930168152,0.60385662317276,0.38679739832878113,0.6432327628135681,0.3576864004135132,0.5410610437393188,0.39210712909698486,0.5040799379348755,0.35915955901145935,0.6598788499832153,0.2682614028453827,0.49255287647247314,0.28448057174682617,0.5965925455093384,0.5189290046691895,0.55158931016922,0.5170671939849854,0.594380795955658,0.6342135667800903,0.5487825870513916,0.6352267861366272,0.6095929741859436,0.7398695349693298,0.5383527874946594,0.7451461553573608
190,0.5670865774154663,0.35688960552215576,0.6057963967323303,0.3862681984901428,0.6443744897842407,0.3484495282173157,0.5381894111633301,0.3930369019508362,0.5032888650894165,0.3584696054458618,0.661309540271759,0.2725960314273834,0.4913400113582611,0.2799804210662842,0.5981357097625732,0.5196295976638794,0.5510748028755188,0.5178062915802002,0.597751796245575,0.6351581811904907,0.5485775470733643,0.635145902633667,0.6128309369087219,0.7410866022109985,0.5396357774734497,0.7465324401855469
191,0.5670152306556702,0.35715538263320923,0.6014633774757385,0.38674503564834595,0.6444759964942932,0.34903037548065186,0.5379740595817566,0.39236730337142944,0.5042104721069336,0.34517189860343933,0.6608484387397766,0.2715776562690735,0.49110621213912964,0.2806434631347656,0.5978958010673523,0.5192960500717163,0.5507088303565979,0.5171533226966858,0.5957155227661133,0.6348490715026855,0.5481802225112915,0.6347525119781494,0.6107065677642822,0.740585207939148,0.5393335223197937,0.7460824251174927
192,0.5661788582801819,0.3579575717449188,0.6031036972999573,0.3877234160900116,0.6442468762397766,0.3618171811103821,0.5348304510116577,0.39207062125205994,0.4987214505672455,0.35795456171035767,0.661609411239624,0.2650628387928009,0.4899916648864746,0.2857775092124939,0.595582127571106,0.5164539813995361,0.5466285943984985,0.5152902007102966,0.603810727596283,0.6316400766372681,0.5444083213806152,0.6314534544944763,0.6141492128372192,0.7408639788627625,0.5410531759262085,0.7441877722740173
193,0.5752978324890137,0.3567661643028259,0.6070637702941895,0.3849378526210785,0.6450042724609375,0.3492705821990967,0.5330777168273926,0.389274001121521,0.5020344853401184,0.3431684374809265,0.6611384153366089,0.26531773805618286,0.492073118686676,0.2754642367362976,0.5969491004943848,0.5208036303520203,0.5484848022460938,0.5187183022499084,0.5964818596839905,0.64070725440979,0.5474532842636108,0.639075756072998,0.6102690100669861,0.742888867855072,0.5414909720420837,0.7486667633056641
194,0.5695170164108276,0.35451626777648926,0.6054954528808594,0.38325655460357666,0.6486208438873291,0.3451981246471405,0.5332085490226746,0.3889586925506592,0.4973483979701996,0.3457607924938202,0.6617341041564941,0.2653704881668091,0.4902035593986511,0.2751324474811554,0.5968598127365112,0.5170192718505859,0.5472750067710876,0.5163343548774719,0.6025760173797607,0.6391144394874573,0.5500882267951965,0.641827404499054,0.6147801876068115,0.7416512370109558,0.5437295436859131,0.750868558883667
195,0.5716280937194824,0.3565845489501953,0.6052515506744385,0.38668662309646606,0.6503808498382568,0.3572736382484436,0.5351629257202148,0.3927030563354492,0.4937196373939514,0.36293840408325195,0.661636233329773,0.26801344752311707,0.4903057813644409,0.28573447465896606,0.5940102934837341,0.5170457363128662,0.5454759001731873,0.5158182382583618,0.5999142527580261,0.6405633091926575,0.550366997718811,0.6421266794204712,0.6142337322235107,0.7413979768753052,0.5413747429847717,0.7501299381256104
196,0.5650204420089722,0.3573119342327118,0.6067625284194946,0.38860487937927246,0.6523810625076294,0.363595575094223,0.5298197269439697,0.3913581967353821,0.48767825961112976,0.35729771852493286,0.659196138381958,0.2752389907836914,0.48760277032852173,0.28539329767227173,0.5926085114479065,0.5201932191848755,0.5451350212097168,0.5187293887138367,0.5986494421958923,0.639061450958252,0.5506410002708435,0.6432217955589294,0.6132776737213135,0.7412334680557251,0.5397728681564331,0.7489182353019714
197,0.5671346187591553,0.3556898534297943,0.6033803820610046,0.3890959918498993,0.6560354232788086,0.36623460054397583,0.5317478179931641,0.39046144485473633,0.4809190630912781,0.3558838963508606,0.6608549952507019,0.30134695768356323,0.4874189496040344,0.2919117212295532,0.590056300163269,0.5166774392127991,0.5458184480667114,0.5159914493560791,0.6044954061508179,0.638447642326355,0.5521460771560669,0.6424050331115723,0.6094435453414917,0.7418143153190613,0.5393271446228027,0.7487227320671082
198,0.5678128004074097,0.34942591190338135,0.5973958969116211,0.3893701732158661,0.666778564453125,0.37290555238723755,0.5264648199081421,0.3891807794570923,0.47348830103874207,0.3715619742870331,0.6507300138473511,0.2924184203147888,0.4902462661266327,0.3014337420463562,0.5911146998405457,0.5161070823669434,0.541387677192688,0.5164934992790222,0.6056737899780273,0.6402654051780701,0.5480547547340393,0.6395652890205383,0.6130445599555969,0.7420617938041687,0.5417687296867371,0.7481558322906494
199,0.5684584975242615,0.3504992127418518,0.5982842445373535,0.38761210441589355,0.6695796251296997,0.3754659593105316,0.5242470502853394,0.38827842473983765,0.47126686573028564,0.3749743103981018,0.6594584584236145,0.3151170611381531,0.48648056387901306,0.3128269910812378,0.5853499174118042,0.5133517384529114,0.5360484719276428,0.5146483182907104,0.5996531844139099,0.6362769603729248,0.5473893880844116,0.6368451118469238,0.6140286922454834,0.7418705821037292,0.5388155579566956,0.7481021881103516
200,0.5671275854110718,0.3500560224056244,0.6080484390258789,0.3903355598449707,0.6691111922264099,0.37597379088401794,0.5245615243911743,0.3926440179347992,0.470990389585495,0.3830474317073822,0.6533190011978149,0.3104645609855652,0.4807032346725464,0.3337721824645996,0.5869677066802979,0.5066601037979126,0.5375369787216187,0.5063028931617737,0.6009575128555298,0.6358733177185059,0.5468142032623291,0.6351529359817505,0.6162176728248596,0.7413686513900757,0.5405653119087219,0.7487292289733887
201,0.5694609880447388,0.35120534896850586,0.5985325574874878,0.3929795026779175,0.6676950454711914,0.3829096555709839,0.5244977474212646,0.3957231938838959,0.4669634997844696,0.39129936695098877,0.6585862040519714,0.3273862898349762,0.48672014474868774,0.3338848054409027,0.5884431004524231,0.5089037418365479,0.539954662322998,0.5088606476783752,0.6055394411087036,0.633704662322998,0.550303041934967,0.6350102424621582,0.6192567944526672,0.7398419380187988,0.5417274832725525,0.745480477809906
202,0.5651616454124451,0.3519173562526703,0.5941214561462402,0.38981303572654724,0.6667396426200867,0.39445194602012634,0.5245306491851807,0.3963572382926941,0.4670308232307434,0.4145815372467041,0.6550009250640869,0.3373805284500122,0.4750898778438568,0.36542266607284546,0.5855228900909424,0.5099442005157471,0.5368295311927795,0.5103516578674316,0.6002547144889832,0.6354200839996338,0.5463893413543701,0.6358436346054077,0.6175183653831482,0.7412012815475464,0.5382453203201294,0.7446315288543701
203,0.5654876232147217,0.3551766574382782,0.6019989848136902,0.39846813678741455,0.6547222137451172,0.42120784521102905,0.5199037194252014,0.39796575903892517,0.4770668148994446,0.43549594283103943,0.6648820638656616,0.38291558623313904,0.4668061137199402,0.42519983649253845,0.5876924395561218,0.5145556330680847,0.5391147136688232,0.5126739740371704,0.6023213267326355,0.6329483985900879,0.542568564414978,0.6366881132125854,0.6159234046936035,0.736922025680542,0.5395765900611877,0.7426697611808777
204,0.5705839395523071,0.34793350100517273,0.5970905423164368,0.3948698043823242,0.6516698002815247,0.4273855686187744,0.5257522463798523,0.39371904730796814,0.4892116189002991,0.42486572265625,0.6633158922195435,0.3921307325363159,0.46676692366600037,0.4319882094860077,0.5843743681907654,0.5136136412620544,0.5359204411506653,0.5161970853805542,0.6016589403152466,0.6262355446815491,0.5393638014793396,0.6310071349143982,0.6169866919517517,0.7370121479034424,0.5387373566627502,0.745112419128418
205,0.569757342338562,0.3474283218383789,0.5960369110107422,0.3945862948894501,0.6427269577980042,0.42871782183647156,0.5267104506492615,0.3949734568595886,0.4925766885280609,0.4283202290534973,0.6641905307769775,0.40612292289733887,0.472265362739563,0.4417944550514221,0.5870001316070557,0.5168289542198181,0.5381010174751282,0.5180637836456299,0.6021862030029297,0.6251700520515442,0.5427654981613159,0.6337974071502686,0.6193739771842957,0.7398380637168884,0.5379164218902588,0.7440491914749146
206,0.570357084274292,0.34840381145477295,0.5976212620735168,0.39321082830429077,0.6422680616378784,0.4364132285118103,0.5224636197090149,0.39554542303085327,0.49709898233413696,0.43862950801849365,0.6648719310760498,0.4156896471977234,0.4712560772895813,0.4639393985271454,0.584911584854126,0.5160256624221802,0.5313869118690491,0.5164351463317871,0.6071903705596924,0.6292049288749695,0.5433114767074585,0.6343031525611877,0.6189736723899841,0.7389483451843262,0.5397133827209473,0.742630124092102
207,0.5708644390106201,0.34530648589134216,0.5961369276046753,0.39524203538894653,0.6393079161643982,0.44295650720596313,0.5290628671646118,0.39372169971466064,0.5076634883880615,0.44436419010162354,0.6700844764709473,0.42390677332878113,0.470882773399353,0.47160863876342773,0.5873923301696777,0.5241519808769226,0.5356050133705139,0.5229101181030273,0.6135532855987549,0.6316531300544739,0.542506217956543,0.6383422613143921,0.6331138014793396,0.7401027083396912,0.5388317108154297,0.7444757223129272
208,0.5730718970298767,0.34318917989730835,0.5976486206054688,0.39163753390312195,0.6355547308921814,0.4422679543495178,0.5310373902320862,0.3930560052394867,0.5040987730026245,0.4497224986553192,0.6685115694999695,0.43851083517074585,0.47471746802330017,0.48329564929008484,0.5915319919586182,0.5216587781906128,0.5368278622627258,0.5204973220825195,0.6201068758964539,0.633955717086792,0.5431422591209412,0.6402430534362793,0.6341776847839355,0.7448935508728027,0.5364373922348022,0.7467314600944519
209,0.5790888071060181,0.3436903655529022,0.6057627201080322,0.3936498165130615,0.6340230703353882,0.4448091387748718,0.5367903113365173,0.38888758420944214,0.5249205231666565,0.44098061323165894,0.6644419431686401,0.46388310194015503,0.48588597774505615,0.4947570264339447,0.5940215587615967,0.5194130539894104,0.5381821393966675,0.5170104503631592,0.628104567527771,0.6311701536178589,0.5427192449569702,0.6390740275382996,0.6598228216171265,0.7484711408615112,0.5390284657478333,0.7472423911094666
210,0.5925609469413757,0.3460526168346405,0.6177165508270264,0.39677590131759644,0.6402658224105835,0.451802134513855,0.5336515307426453,0.3868841826915741,0.5298835635185242,0.4476800560951233,0.6751189231872559,0.4611032009124756,0.5100167393684387,0.4970182180404663,0.6012943983078003,0.5212498307228088,0.5531038045883179,0.5205550193786621,0.6403968930244446,0.6353869438171387,0.5661361217498779,0.6328266263008118,0.6747169494628906,0.7501994371414185,0.546209454536438,0.7395810484886169
211,0.601610541343689,0.34350717067718506,0.6209859848022461,0.39517080783843994,0.6451821327209473,0.44888728857040405,0.5390029549598694,0.3879639804363251,0.5423330664634705,0.45209336280822754,0.6924754977226257,0.46017569303512573,0.5214501619338989,0.5023666024208069,0.6063507795333862,0.517964243888855,0.556835412979126,0.5172140598297119,0.6414260864257812,0.6283468008041382,0.5608060956001282,0.6305890083312988,0.6796411275863647,0.7484487295150757,0.5468178391456604,0.7376430034637451
212,0.6099498867988586,0.34282445907592773,0.6300967335700989,0.393714964389801,0.6495180726051331,0.44724640250205994,0.5493862628936768,0.38248929381370544,0.5419410467147827,0.4379432201385498,0.7025286555290222,0.4638446271419525,0.51923668384552,0.5056369304656982,0.6109672784805298,0.52183997631073,0.5598767399787903,0.5196667909622192,0.649518609046936,0.638557493686676,0.5481199622154236,0.6342151761054993,0.6831227540969849,0.7574149370193481,0.5456582307815552,0.739902138710022
213,0.6194337010383606,0.3408302962779999,0.6438395977020264,0.3899080455303192,0.6771074533462524,0.43927499651908875,0.5565390586853027,0.3782432973384857,0.5391355752944946,0.4349619746208191,0.7185641527175903,0.4548451602458954,0.5140063762664795,0.5019801259040833,0.622489869594574,0.5196061134338379,0.5626311302185059,0.5152526497840881,0.653510332107544,0.6399434804916382,0.5517742037773132,0.6357231140136719,0.6846992373466492,0.7616526484489441,0.5445805788040161,0.7424616813659668
214,0.6272368431091309,0.3371994197368622,0.6518601179122925,0.38961607217788696,0.6884765625,0.4413987994194031,0.561362624168396,0.37419450283050537,0.5440789461135864,0.42942294478416443,0.752952516078949,0.45435190200805664,0.5111561417579651,0.4988170564174652,0.6209033131599426,0.5147702693939209,0.5638426542282104,0.5111770629882812,0.6600977778434753,0.6451637148857117,0.5542927980422974,0.6376966238021851,0.6849594116210938,0.7624396085739136,0.5422012209892273,0.7454181909561157
215,0.6315678358078003,0.33383047580718994,0.663407027721405,0.38851892948150635,0.7039289474487305,0.44116508960723877,0.5751365423202515,0.3726903200149536,0.5502908825874329,0.4268309772014618,0.778700590133667,0.452104389667511,0.5286371111869812,0.4767717719078064,0.6239232420921326,0.5120426416397095,0.5699117183685303,0.5060925483703613,0.660464882850647,0.6401323080062866,0.5567992925643921,0.6250585913658142,0.6903907060623169,0.7658495306968689,0.5458471775054932,0.7420535087585449
216,0.6486930251121521,0.33415350317955017,0.6682683825492859,0.3865097761154175,0.7118203639984131,0.440887451171875,0.5803316831588745,0.3693201541900635,0.5608386993408203,0.4273343086242676,0.794477105140686,0.45582520961761475,0.5543097853660583,0.4932645559310913,0.6311951875686646,0.5122911334037781,0.5812156200408936,0.5121705532073975,0.6697424650192261,0.6390978097915649,0.5581510066986084,0.6227218508720398,0.6927520632743835,0.7626768946647644,0.5384331345558167,0.7460793852806091
217,0.6570852994918823,0.33003467321395874,0.6835455894470215,0.385846346616745,0.7173645496368408,0.4404390752315521,0.58644700050354,0.36913156509399414,0.5678757429122925,0.44060465693473816,0.8015017509460449,0.46567219495773315,0.5452985763549805,0.5173221826553345,0.6391319632530212,0.5167389512062073,0.5832148790359497,0.5140389204025269,0.6737180948257446,0.6375513076782227,0.5594683885574341,0.6217936277389526,0.6926652193069458,0.7658772468566895,0.5441892147064209,0.7423096895217896
218,0.6926110982894897,0.3224707841873169,0.7122076749801636,0.3781234622001648,0.7502175569534302,0.44337376952171326,0.6106382012367249,0.35318633913993835,0.5842872858047485,0.440721333026886,0.8342881202697754,0.46893617510795593,0.5633582472801208,0.5017019510269165,0.6537628173828125,0.5122170448303223,0.5929116010665894,0.5053017139434814,0.6749595403671265,0.6469730138778687,0.5747975707054138,0.6226872205734253,0.6964350938796997,0.7638823986053467,0.544766902923584,0.743513822555542
219,0.6978486776351929,0.3190532922744751,0.719001293182373,0.3847676217556,0.7525546550750732,0.44469666481018066,0.6155049800872803,0.35093408823013306,0.5824458599090576,0.4397454857826233,0.8347029685974121,0.4716418385505676,0.563246488571167,0.5001364946365356,0.6543067693710327,0.5077981948852539,0.5958127975463867,0.49797534942626953,0.6726322174072266,0.6352361440658569,0.5754498243331909,0.6232646107673645,0.6939190626144409,0.7626020908355713,0.5443335175514221,0.7410858869552612
220,0.7073822021484375,0.31910717487335205,0.7155575752258301,0.37914082407951355,0.7553555369377136,0.4418192505836487,0.61799156665802,0.35217687487602234,0.5826614499092102,0.4430879056453705,0.8372200727462769,0.4660532474517822,0.5632692575454712,0.5038152933120728,0.6572546362876892,0.5140653848648071,0.596488356590271,0.5078060030937195,0.6766386032104492,0.6484928131103516,0.5772794485092163,0.637763261795044,0.6899582743644714,0.7630741000175476,0.5507802963256836,0.736411988735199
221,0.7175464630126953,0.3204987943172455,0.7224778532981873,0.37529194355010986,0.7580869197845459,0.44178569316864014,0.6244112253189087,0.3502107560634613,0.5877439379692078,0.4316563010215759,0.8377857208251953,0.4665828347206116,0.5631530284881592,0.5035734176635742,0.6632911562919617,0.5123646855354309,0.5993918776512146,0.5043517351150513,0.6771835088729858,0.647551417350769,0.5784063339233398,0.6330114603042603,0.692182183265686,0.7641807794570923,0.5517823100090027,0.7399945259094238
222,0.7304526567459106,0.3157252073287964,0.7340323328971863,0.37632378935813904,0.7689608335494995,0.4421820044517517,0.6319384574890137,0.34388500452041626,0.5926445126533508,0.4271136224269867,0.8450841903686523,0.47020667791366577,0.5743386745452881,0.48932141065597534,0.664309561252594,0.510503888130188,0.6027368903160095,0.5004578232765198,0.6822792887687683,0.654452383518219,0.5765867233276367,0.636694610118866,0.6886288523674011,0.7637685537338257,0.5488908290863037,0.7296628355979919
223,0.7272402048110962,0.3112283945083618,0.7381898760795593,0.3750932812690735,0.7772437334060669,0.4419114291667938,0.6331068277359009,0.3384813070297241,0.5948301553726196,0.42826494574546814,0.8507168292999268,0.4733152985572815,0.5755633115768433,0.4999586045742035,0.6671862602233887,0.5078713893890381,0.6035308241844177,0.4983658492565155,0.6807631850242615,0.6483818292617798,0.5788121223449707,0.6307186484336853,0.6873461604118347,0.7613441944122314,0.5560626983642578,0.7303317785263062
224,0.7326894998550415,0.3182526230812073,0.7419931292533875,0.3739780783653259,0.7792078256607056,0.44015806913375854,0.6377561688423157,0.33887991309165955,0.5982850193977356,0.4217516779899597,0.8574344515800476,0.47257500886917114,0.5767931342124939,0.4979560375213623,0.6661301851272583,0.509283185005188,0.6033481955528259,0.4984931945800781,0.6800335645675659,0.650231122970581,0.5818624496459961,0.6268153786659241,0.6862477660179138,0.7613798975944519,0.5574710965156555,0.7266415357589722
225,0.7410926222801208,0.3162026107311249,0.7444443702697754,0.3701295554637909,0.7863838076591492,0.44004592299461365,0.6405900716781616,0.3382376432418823,0.6046702861785889,0.42494916915893555,0.8632127642631531,0.4728477895259857,0.5775076746940613,0.5000201463699341,0.6661995053291321,0.5098305344581604,0.6039230227470398,0.4993586242198944,0.6796941757202148,0.6498992443084717,0.5811330080032349,0.6396597623825073,0.6856879591941833,0.7612743377685547,0.5578209161758423,0.7263727188110352
226,0.7467378377914429,0.31226593255996704,0.7463767528533936,0.3665458858013153,0.792353093624115,0.4356459081172943,0.6455443501472473,0.3327428102493286,0.6045650243759155,0.4180401563644409,0.8673332929611206,0.4694533944129944,0.5830450057983398,0.49522289633750916,0.6659277677536011,0.5059432983398438,0.606684684753418,0.49630019068717957,0.6822227239608765,0.6477406024932861,0.5834851264953613,0.6263868808746338,0.6917403936386108,0.7569672465324402,0.5676649808883667,0.7204563617706299
227,0.7409057021141052,0.3049578070640564,0.7551397085189819,0.370599627494812,0.8071912527084351,0.44057655334472656,0.6539793014526367,0.33087992668151855,0.6110659241676331,0.40882033109664917,0.8720775842666626,0.4708966612815857,0.5958448648452759,0.4665805995464325,0.6708368062973022,0.5063486695289612,0.6094633340835571,0.4942227602005005,0.6780346632003784,0.6398965120315552,0.5913939476013184,0.6246141195297241,0.6866309642791748,0.7564080953598022,0.5672382712364197,0.7230121493339539
228,0.7483534216880798,0.30299803614616394,0.7563125491142273,0.37014591693878174,0.810286283493042,0.4345470070838928,0.6570404767990112,0.33032020926475525,0.6140156388282776,0.4124070107936859,0.8807187080383301,0.4589587450027466,0.585753321647644,0.4843933582305908,0.6778051257133484,0.5052969455718994,0.6162415742874146,0.4954398274421692,0.6932156085968018,0.6451354026794434,0.5947679281234741,0.6198569536209106,0.6981476545333862,0.7607182860374451,0.573170006275177,0.7179423570632935
229,0.754694402217865,0.3051565885543823,0.7652847170829773,0.3700878322124481,0.8154008388519287,0.4404699206352234,0.6588131189346313,0.3296583592891693,0.6164004802703857,0.4104849696159363,0.8655472993850708,0.46254968643188477,0.6009135842323303,0.4696911573410034,0.6830257177352905,0.5084894895553589,0.6202871799468994,0.497773140668869,0.6809796094894409,0.633195161819458,0.5994682312011719,0.6056712865829468,0.6926920413970947,0.7600991725921631,0.5754615664482117,0.697736918926239
230,0.7578301429748535,0.2968994975090027,0.7632327079772949,0.3717513978481293,0.8207441568374634,0.4446224570274353,0.6590277552604675,0.33175021409988403,0.6151063442230225,0.41488680243492126,0.857740581035614,0.4607524275779724,0.5832680463790894,0.48653674125671387,0.6830121278762817,0.5117236971855164,0.6228829622268677,0.5033031702041626,0.689877986907959,0.6562161445617676,0.5934309959411621,0.6296210289001465,0.6933022737503052,0.7713730335235596,0.5759619474411011,0.7109346389770508
231,0.7674888372421265,0.29402920603752136,0.7665244936943054,0.3683122992515564,0.8106948137283325,0.44319280982017517,0.6631392240524292,0.33111804723739624,0.6153453588485718,0.4121936559677124,0.881222128868103,0.46864354610443115,0.5833195447921753,0.48438677191734314,0.6868246793746948,0.5067093968391418,0.6280986666679382,0.49732500314712524,0.6867031455039978,0.6481896042823792,0.5964484810829163,0.6185320019721985,0.6901484727859497,0.770159125328064,0.5761606693267822,0.7145571112632751
232,0.7696740627288818,0.2920903265476227,0.7725704908370972,0.3665120601654053,0.8050364255905151,0.4468601644039154,0.6629034876823425,0.33076611161231995,0.616070032119751,0.4149661660194397,0.8722602725028992,0.47273242473602295,0.5917919874191284,0.4831724166870117,0.6892265677452087,0.5084042549133301,0.6279926300048828,0.4972885549068451,0.6836596727371216,0.6476256847381592,0.5964838862419128,0.6135937571525574,0.690038800239563,0.7691640853881836,0.5774683952331543,0.7134619951248169
233,0.7665228247642517,0.2887307107448578,0.7732473611831665,0.37119442224502563,0.8051623106002808,0.4489957094192505,0.6617063283920288,0.3280368745326996,0.6169314384460449,0.4119374752044678,0.875820517539978,0.47691982984542847,0.5879291296005249,0.48367899656295776,0.6881817579269409,0.5120507478713989,0.6259704232215881,0.5019930005073547,0.6820318698883057,0.6383712291717529,0.6026413440704346,0.6102283000946045,0.6878852248191833,0.7688513994216919,0.5786969065666199,0.7113940715789795
234,0.7656145095825195,0.2876014709472656,0.770612359046936,0.3710134029388428,0.8004776835441589,0.44786131381988525,0.6616926193237305,0.32785454392433167,0.6176936030387878,0.4089537262916565,0.861743688583374,0.477413535118103,0.5963261127471924,0.4832836389541626,0.6857299208641052,0.5115314722061157,0.6244327425956726,0.5010526776313782,0.6891466379165649,0.6437940001487732,0.5982948541641235,0.6111745834350586,0.687969446182251,0.7688108682632446,0.5781004428863525,0.709237277507782
235,0.7601783275604248,0.29020363092422485,0.7686978578567505,0.3717254400253296,0.7905666828155518,0.4498228430747986,0.6592742204666138,0.3291034400463104,0.6174775958061218,0.4098889231681824,0.8489028811454773,0.4863940477371216,0.5980849266052246,0.4787765443325043,0.6853067874908447,0.5128752589225769,0.6234624981880188,0.50441974401474,0.6829282641410828,0.6505369544029236,0.5990664958953857,0.6159838438034058,0.6894955635070801,0.7701071500778198,0.5777623653411865,0.7118815779685974
236,0.7619894742965698,0.2878778874874115,0.7680734395980835,0.3575524091720581,0.7768375277519226,0.4434051513671875,0.6625664234161377,0.32578176259994507,0.6211069226264954,0.4054397940635681,0.8146134614944458,0.49588677287101746,0.6028407216072083,0.4644715487957001,0.6918091773986816,0.5080306529998779,0.6293984651565552,0.49898216128349304,0.687777042388916,0.6657629013061523,0.6021493673324585,0.6128582954406738,0.6967663764953613,0.7675418257713318,0.5834033489227295,0.7103710174560547
