FrameNo,head_x,head_y,left_shoulder_x,left_shoulder_y,left_elbow_x,left_elbow_y,right_shoulder_x,right_shoulder_y,right_elbow_x,right_elbow_y,left_hand_x,left_hand_y,right_hand_x,right_hand_y,left_hip_x,left_hip_y,right_hip_x,right_hip_y,left_knee_x,left_knee_y,right_knee_x,right_knee_y,left_foot_x,left_foot_y,right_foot_x,right_foot_y
0,0.5251754522323608,0.3629276752471924,0.5662776827812195,0.4129735827445984,0.5812256336212158,0.4774191975593567,0.497433066368103,0.4188280999660492,0.4837978780269623,0.4827563464641571,0.5838154554367065,0.5399525165557861,0.47059518098831177,0.528388261795044,0.5555691719055176,0.5383015871047974,0.5033860802650452,0.5382047891616821,0.5653474926948547,0.6366126537322998,0.49680718779563904,0.6377808451652527,0.5736603736877441,0.7388701438903809,0.48382505774497986,0.7446572780609131
1,0.5257608890533447,0.3621935248374939,0.5674878358840942,0.4166163206100464,0.5819908380508423,0.47001880407333374,0.4953218698501587,0.416597455739975,0.4827609956264496,0.4797459840774536,0.5838534235954285,0.5379918813705444,0.46838468313217163,0.5278164744377136,0.5535128116607666,0.5355445742607117,0.502470076084137,0.5364481806755066,0.5648009777069092,0.6344046592712402,0.4960584342479706,0.6362431645393372,0.5730634927749634,0.738571047782898,0.48416221141815186,0.744962215423584
2,0.5253437757492065,0.36318439245224,0.5631883144378662,0.41131114959716797,0.580791711807251,0.47197970747947693,0.4954596757888794,0.4171804189682007,0.4837414026260376,0.48059213161468506,0.5832401514053345,0.5381386876106262,0.46838265657424927,0.5274631977081299,0.5526590347290039,0.5349255204200745,0.5023927688598633,0.5355616807937622,0.5634649991989136,0.632020115852356,0.4962348937988281,0.6340590715408325,0.5721143484115601,0.7379001975059509,0.483711838722229,0.7441785335540771
3,0.5254017114639282,0.3625001609325409,0.5634238719940186,0.4116210341453552,0.5807865262031555,0.47195005416870117,0.4954471290111542,0.4158177375793457,0.4846476912498474,0.4781331419944763,0.5833939909934998,0.5378684997558594,0.4598519802093506,0.5218690633773804,0.552005410194397,0.534878134727478,0.5017054677009583,0.5354178547859192,0.56365966796875,0.633399248123169,0.4960732161998749,0.6333771347999573,0.5718033909797668,0.7386185526847839,0.48354166746139526,0.7443455457687378
4,0.5262892246246338,0.36346274614334106,0.5643252730369568,0.41145914793014526,0.5823841094970703,0.4712730050086975,0.495152086019516,0.4174668788909912,0.4806510806083679,0.4808816611766815,0.5827510356903076,0.5379340648651123,0.4644783139228821,0.5234149098396301,0.5513355731964111,0.5347373485565186,0.5009211897850037,0.5352729558944702,0.5618792176246643,0.6333948969841003,0.4959368407726288,0.6334223747253418,0.5707873106002808,0.7381114959716797,0.4827077388763428,0.7437206506729126
5,0.5269261598587036,0.3632861077785492,0.563835620880127,0.4122023582458496,0.5808000564575195,0.4751700758934021,0.49569034576416016,0.4166284501552582,0.4810359477996826,0.4807780385017395,0.5813369154930115,0.5367777347564697,0.4653927683830261,0.5256149172782898,0.5494067668914795,0.5350255966186523,0.4999161660671234,0.535211443901062,0.5608056783676147,0.6329939365386963,0.4956556260585785,0.6336885690689087,0.5698261260986328,0.7383667230606079,0.48215657472610474,0.7435470819473267
6,0.5296804904937744,0.36415228247642517,0.5652908086776733,0.41200417280197144,0.5828039646148682,0.4694750905036926,0.49583715200424194,0.416004478931427,0.482002854347229,0.4746190905570984,0.5835450887680054,0.5395777821540833,0.45877283811569214,0.5215849876403809,0.5508994460105896,0.5337687730789185,0.500607967376709,0.5339368581771851,0.5644801259040833,0.6330603361129761,0.49528276920318604,0.6334768533706665,0.5720657706260681,0.7377175092697144,0.48256927728652954,0.7432359457015991
7,0.5311809778213501,0.3631358742713928,0.5660158395767212,0.41160547733306885,0.5853882431983948,0.47001397609710693,0.4951191544532776,0.4151739478111267,0.47960764169692993,0.4742172956466675,0.5909676551818848,0.5410204529762268,0.4496169984340668,0.5183030962944031,0.5518544912338257,0.5363680720329285,0.5010212659835815,0.5354816317558289,0.5657696723937988,0.6340110898017883,0.49532586336135864,0.6344119906425476,0.571982741355896,0.739012598991394,0.4834281802177429,0.7434965372085571
8,0.5332676768302917,0.36448344588279724,0.569415271282196,0.41658568382263184,0.5854972004890442,0.47131139039993286,0.4970904588699341,0.41555604338645935,0.4824972152709961,0.4745841920375824,0.5969039797782898,0.5403313636779785,0.4574633240699768,0.525011420249939,0.5563911199569702,0.5358569025993347,0.504874587059021,0.5332343578338623,0.570243239402771,0.6338502168655396,0.4959903359413147,0.6364429593086243,0.5730987787246704,0.7377545237541199,0.4859914481639862,0.7437247037887573
9,0.5315493941307068,0.3648265302181244,0.5707135200500488,0.4164685904979706,0.5873968601226807,0.4695877432823181,0.49686169624328613,0.41609126329421997,0.4830192029476166,0.4747653901576996,0.60273277759552,0.5374698638916016,0.45047301054000854,0.5217415690422058,0.5549936294555664,0.5300605297088623,0.5036417841911316,0.527800440788269,0.5683252811431885,0.6344417333602905,0.4958789348602295,0.6326435804367065,0.5727152228355408,0.7385507822036743,0.483487069606781,0.7432143688201904
10,0.5317716598510742,0.3657066226005554,0.5704154968261719,0.41220593452453613,0.5885219573974609,0.4671177268028259,0.49628204107284546,0.4144859313964844,0.47730642557144165,0.4706575274467468,0.6089577674865723,0.5438356399536133,0.4461120367050171,0.5176669359207153,0.5536953210830688,0.530463695526123,0.5023083686828613,0.5278679132461548,0.5661857724189758,0.6307494640350342,0.4944860339164734,0.6321406364440918,0.5721105337142944,0.7377914786338806,0.4822877049446106,0.7439078688621521
11,0.5312176942825317,0.3658157289028168,0.569337785243988,0.41508278250694275,0.5912248492240906,0.4630894362926483,0.494989275932312,0.41364437341690063,0.47351932525634766,0.46786975860595703,0.6002973318099976,0.5255758762359619,0.4330511689186096,0.503495454788208,0.5565839409828186,0.5245519876480103,0.5036740303039551,0.5216962099075317,0.5667293071746826,0.6240741014480591,0.4949517250061035,0.622179388999939,0.5724154114723206,0.7362006902694702,0.4815530776977539,0.7436504364013672
12,0.5259860754013062,0.36868196725845337,0.5693598985671997,0.4159397482872009,0.5964900255203247,0.4675780236721039,0.5008060932159424,0.41579222679138184,0.46856221556663513,0.4617057740688324,0.6029504537582397,0.5189013481140137,0.43135493993759155,0.4991559684276581,0.5562256574630737,0.5234612226486206,0.5010209083557129,0.5170142650604248,0.5600401163101196,0.6232941150665283,0.4948210120201111,0.6229485869407654,0.5713777542114258,0.7288093566894531,0.4837239384651184,0.7411917448043823
13,0.5261495113372803,0.36784952878952026,0.5700631141662598,0.41679638624191284,0.5966642498970032,0.46573472023010254,0.500213086605072,0.4152083396911621,0.46496137976646423,0.45792269706726074,0.5995244979858398,0.5163733959197998,0.4293477237224579,0.49351364374160767,0.5526501536369324,0.5199355483055115,0.4999854564666748,0.5189085602760315,0.5590120553970337,0.6277248859405518,0.494157075881958,0.6244495511054993,0.5694284439086914,0.7306338548660278,0.4817661941051483,0.7419776916503906
14,0.5266342163085938,0.36467549204826355,0.5660364627838135,0.40808236598968506,0.5993530750274658,0.453652024269104,0.4998786449432373,0.4100589156150818,0.4711233079433441,0.45136207342147827,0.6052799820899963,0.4614858329296112,0.4219622313976288,0.48254096508026123,0.5538391470909119,0.5170453786849976,0.5017484426498413,0.5145606994628906,0.5566014647483826,0.6296049356460571,0.4957025647163391,0.6217166185379028,0.5664560794830322,0.7326826453208923,0.4811065196990967,0.7414938807487488
15,0.5264555215835571,0.3662724196910858,0.5612978935241699,0.40716084837913513,0.5967670679092407,0.4471089243888855,0.5002834796905518,0.41128918528556824,0.46708810329437256,0.4481287896633148,0.6090440154075623,0.4415554702281952,0.4161697030067444,0.45843076705932617,0.5484256744384766,0.5166317224502563,0.5004203915596008,0.5157058238983154,0.5535455942153931,0.6287187337875366,0.49587664008140564,0.6221132874488831,0.5656477212905884,0.7330493330955505,0.48191189765930176,0.7405022382736206
16,0.5258468985557556,0.3665723204612732,0.560706377029419,0.4088634252548218,0.5965594053268433,0.4459380805492401,0.5026172399520874,0.41351157426834106,0.460092157125473,0.44582709670066833,0.6268430948257446,0.4301939010620117,0.4210383892059326,0.4343223571777344,0.548316240310669,0.5176023840904236,0.5017669200897217,0.5180540084838867,0.5589599013328552,0.633297860622406,0.4958053529262543,0.6291224956512451,0.5685882568359375,0.7357296347618103,0.4830796420574188,0.7407890558242798
17,0.5278326272964478,0.36548149585723877,0.5657448172569275,0.4066084325313568,0.6235350370407104,0.4121261537075043,0.5020734071731567,0.41143998503685,0.4555475115776062,0.42045244574546814,0.6466348171234131,0.3909706771373749,0.41977375745773315,0.41154929995536804,0.5532206296920776,0.5177849531173706,0.5041235685348511,0.5183131098747253,0.5638847947120667,0.6380693912506104,0.4948136508464813,0.6374948620796204,0.5698868036270142,0.739088773727417,0.4845660626888275,0.7427244186401367
18,0.5311274528503418,0.3616306781768799,0.575559139251709,0.41042158007621765,0.6232177019119263,0.4070124328136444,0.5022645592689514,0.40721771121025085,0.44952428340911865,0.4026256799697876,0.6445202827453613,0.3761409521102905,0.4146561324596405,0.3864155411720276,0.554584264755249,0.5174727439880371,0.5037522315979004,0.5158730149269104,0.5654181838035583,0.6384035348892212,0.4959539771080017,0.6363705396652222,0.5699785351753235,0.7393896579742432,0.48644185066223145,0.7425476908683777
19,0.5366910696029663,0.3619624376296997,0.5814098119735718,0.40321922302246094,0.6338468790054321,0.38651400804519653,0.5034387111663818,0.3995165228843689,0.44622012972831726,0.3893628716468811,0.6426969766616821,0.34671077132225037,0.42337411642074585,0.3569437861442566,0.5579044818878174,0.5153970718383789,0.504529595375061,0.5104526877403259,0.5644620060920715,0.6370388269424438,0.4957572817802429,0.6341753602027893,0.5694506168365479,0.7383333444595337,0.4856671988964081,0.7411175966262817
20,0.5385802984237671,0.3627932667732239,0.5834102630615234,0.4061325490474701,0.6306337118148804,0.38589680194854736,0.5006883144378662,0.4024500548839569,0.4421573877334595,0.38042575120925903,0.6500426530838013,0.3442411422729492,0.4131910800933838,0.3405899703502655,0.5563713908195496,0.5175800919532776,0.5029011964797974,0.5139444470405579,0.562487006187439,0.6364052891731262,0.49507173895835876,0.6344722509384155,0.5681698322296143,0.739314079284668,0.4850592017173767,0.7419010400772095
21,0.5385319590568542,0.36072880029678345,0.5775308012962341,0.3953699767589569,0.6254354119300842,0.37631842494010925,0.5000112056732178,0.39431867003440857,0.44503867626190186,0.3630337715148926,0.6450638771057129,0.3206004202365875,0.41623350977897644,0.3094949722290039,0.5568944811820984,0.5185748338699341,0.5045431852340698,0.5164027810096741,0.5602219104766846,0.6357429623603821,0.4940217435359955,0.6346533298492432,0.566379964351654,0.739770770072937,0.4845484495162964,0.7430824041366577
22,0.5365067720413208,0.363480806350708,0.5721831321716309,0.39454811811447144,0.6257458329200745,0.3544132113456726,0.5012373924255371,0.3966667354106903,0.45882487297058105,0.3736714720726013,0.6318405270576477,0.29972660541534424,0.42113181948661804,0.30418872833251953,0.5549887418746948,0.5185667276382446,0.5040901899337769,0.5169907808303833,0.55763840675354,0.6345102190971375,0.49334263801574707,0.6344348788261414,0.5662084817886353,0.7377892732620239,0.4842414855957031,0.7429568767547607
23,0.5354073643684387,0.3637787699699402,0.5740979909896851,0.39578020572662354,0.6252022385597229,0.356040894985199,0.5015966296195984,0.39766913652420044,0.4618072211742401,0.37205931544303894,0.6296108961105347,0.2919436991214752,0.42497509717941284,0.2885698080062866,0.5540136098861694,0.5175514221191406,0.5043016672134399,0.5171912908554077,0.5596123337745667,0.635805070400238,0.49292346835136414,0.635604977607727,0.5650540590286255,0.7402771711349487,0.48447471857070923,0.7438170909881592
24,0.5333915948867798,0.36439943313598633,0.5714799165725708,0.3951852023601532,0.6204301118850708,0.3604829013347626,0.5016225576400757,0.3949885964393616,0.4679994285106659,0.34905776381492615,0.6270102262496948,0.2901012897491455,0.4341021478176117,0.2843858003616333,0.5541101694107056,0.5176481008529663,0.5054906606674194,0.5179426670074463,0.5581716299057007,0.6326590776443481,0.49461814761161804,0.6316132545471191,0.5673294067382812,0.7339290976524353,0.4862034320831299,0.7434184551239014
25,0.532547116279602,0.36383748054504395,0.5695825815200806,0.3946705460548401,0.6201185584068298,0.34887564182281494,0.4972259998321533,0.39093050360679626,0.4684602916240692,0.3344380259513855,0.619523286819458,0.2791052460670471,0.4368899464607239,0.26883822679519653,0.5506304502487183,0.5192580223083496,0.5020568370819092,0.5181618928909302,0.5558098554611206,0.6355844140052795,0.49039381742477417,0.6338762640953064,0.5625402927398682,0.7377794981002808,0.48434585332870483,0.7461337447166443
26,0.5318449139595032,0.3628029227256775,0.5697427988052368,0.39388471841812134,0.6181773543357849,0.34199440479278564,0.4971068799495697,0.39100009202957153,0.4699556529521942,0.3341611325740814,0.623390257358551,0.2776948809623718,0.4448685348033905,0.2691785991191864,0.5515663027763367,0.5182955265045166,0.5023044347763062,0.5178201794624329,0.5579975843429565,0.6359572410583496,0.48903128504753113,0.6340271830558777,0.5633768439292908,0.7366173267364502,0.4840191602706909,0.7455862760543823
27,0.5313355326652527,0.3658275008201599,0.5708266496658325,0.39060670137405396,0.6141281127929688,0.3358171582221985,0.49612027406692505,0.39024361968040466,0.4756125807762146,0.3336922526359558,0.6162864565849304,0.2673477828502655,0.45185941457748413,0.2686547040939331,0.549708902835846,0.5172052979469299,0.5006114840507507,0.5178321599960327,0.5574975609779358,0.6356128454208374,0.48963436484336853,0.6342557668685913,0.5637523531913757,0.7388707399368286,0.4837992787361145,0.7470167875289917
28,0.5322812795639038,0.36198198795318604,0.5705804228782654,0.38705381751060486,0.6133143901824951,0.3314238488674164,0.4949692189693451,0.3872053623199463,0.4782331883907318,0.33237332105636597,0.6155461668968201,0.26417046785354614,0.45433807373046875,0.26456519961357117,0.5511873960494995,0.5200917720794678,0.5001927614212036,0.5174841284751892,0.5571056008338928,0.6360125541687012,0.4903126657009125,0.6330761313438416,0.563666045665741,0.7395968437194824,0.48373591899871826,0.7465702295303345
29,0.5322663187980652,0.3613048791885376,0.5735539197921753,0.3918285369873047,0.613951563835144,0.3216918408870697,0.49388718605041504,0.38969430327415466,0.47676882147789,0.32365936040878296,0.612743616104126,0.26402753591537476,0.4580289125442505,0.2577016353607178,0.5481042861938477,0.519353449344635,0.4980280101299286,0.5193896293640137,0.553558349609375,0.636438250541687,0.4883936047554016,0.632990837097168,0.5623958706855774,0.7404297590255737,0.4830509424209595,0.746372640132904
30,0.5312976241111755,0.3597892224788666,0.5720028281211853,0.3900563418865204,0.606404185295105,0.3198384642601013,0.49321895837783813,0.3890625238418579,0.47941648960113525,0.3188532888889313,0.6147689819335938,0.2604145109653473,0.4629235863685608,0.25738775730133057,0.5472808480262756,0.5178186893463135,0.4976564049720764,0.5176452398300171,0.553044319152832,0.6348590850830078,0.48788177967071533,0.6317912936210632,0.562872052192688,0.7391026020050049,0.48392006754875183,0.7457840442657471
31,0.5286794900894165,0.3582947254180908,0.5733954310417175,0.38715168833732605,0.6032781600952148,0.3187446594238281,0.5006628632545471,0.3908421993255615,0.47869035601615906,0.3213740587234497,0.6122045516967773,0.25533527135849,0.46026599407196045,0.2544683814048767,0.5510855913162231,0.5200944542884827,0.49761900305747986,0.5162091255187988,0.555971622467041,0.6331523656845093,0.48848411440849304,0.6280887126922607,0.5659047961235046,0.7361506223678589,0.4811432361602783,0.7431713342666626
32,0.5286372900009155,0.3591392934322357,0.5739685893058777,0.3882863223552704,0.6011773943901062,0.3212774395942688,0.49437010288238525,0.38818448781967163,0.47952353954315186,0.32200610637664795,0.6096006631851196,0.25862860679626465,0.4549204111099243,0.2551354467868805,0.5493223667144775,0.5192328691482544,0.499012291431427,0.518426775932312,0.5542066097259521,0.6338542103767395,0.48920977115631104,0.6298475861549377,0.5638730525970459,0.7370263934135437,0.48202070593833923,0.7433385252952576
33,0.529059648513794,0.3574157953262329,0.5723958015441895,0.3881729245185852,0.6005291938781738,0.3188137412071228,0.4960351586341858,0.38935333490371704,0.4819881319999695,0.3208831250667572,0.6100413799285889,0.2576211094856262,0.4610951542854309,0.25499361753463745,0.5482849478721619,0.5201714634895325,0.49880534410476685,0.5200557112693787,0.5543335676193237,0.6338595747947693,0.4886489510536194,0.6300846338272095,0.5637587904930115,0.7380537986755371,0.48163914680480957,0.7436414957046509
34,0.5321825742721558,0.36202487349510193,0.5650838613510132,0.38552045822143555,0.5962390303611755,0.32708483934402466,0.5006294250488281,0.3912549614906311,0.48329734802246094,0.319879412651062,0.605536937713623,0.259143590927124,0.46830421686172485,0.2625342905521393,0.5482489466667175,0.5176178216934204,0.5008295178413391,0.5166054368019104,0.5558303594589233,0.6341233253479004,0.4917296767234802,0.6328718662261963,0.5649973154067993,0.738372266292572,0.4839244782924652,0.7453352808952332
35,0.5322352647781372,0.3590797781944275,0.5658857226371765,0.38468798995018005,0.5984277725219727,0.31887564063072205,0.5012034773826599,0.38928091526031494,0.4824657440185547,0.311640202999115,0.6028833389282227,0.2607876658439636,0.4692644774913788,0.26248952746391296,0.5486072301864624,0.5174822807312012,0.5012681484222412,0.519425630569458,0.5574163794517517,0.6351327896118164,0.4918360114097595,0.6328654289245605,0.5658079981803894,0.7397216558456421,0.48452863097190857,0.7454242706298828
36,0.5360972881317139,0.3585902154445648,0.5715630650520325,0.385326623916626,0.5973889231681824,0.3182147443294525,0.5038471221923828,0.38825786113739014,0.4961826503276825,0.321370005607605,0.6020617485046387,0.2558283507823944,0.4790361523628235,0.2667235732078552,0.552611231803894,0.5176011323928833,0.5037038326263428,0.5190286636352539,0.5609984993934631,0.6326308846473694,0.49609360098838806,0.6273699998855591,0.5685188174247742,0.7394284605979919,0.4846397638320923,0.7437434196472168
37,0.5364335775375366,0.35748931765556335,0.57306307554245,0.386684387922287,0.5970453023910522,0.3163706362247467,0.5048631429672241,0.38999447226524353,0.4958530366420746,0.3187059760093689,0.6006355285644531,0.257098525762558,0.47579729557037354,0.2650504410266876,0.5494443774223328,0.517890989780426,0.5022989511489868,0.5164402723312378,0.554519772529602,0.6344922780990601,0.4950506389141083,0.6278671026229858,0.5637869834899902,0.7410978078842163,0.481084406375885,0.7410551309585571
38,0.5350764393806458,0.3583928346633911,0.569008469581604,0.3834396004676819,0.5960805416107178,0.31616079807281494,0.5053622722625732,0.3912903964519501,0.49494069814682007,0.3190055787563324,0.5979281067848206,0.260010302066803,0.47477003931999207,0.2663675546646118,0.5491209030151367,0.5194910764694214,0.5024417638778687,0.5179746747016907,0.5544701814651489,0.6344891786575317,0.49492785334587097,0.6285909414291382,0.5644699335098267,0.7411139011383057,0.48163673281669617,0.7450394034385681
39,0.5344061851501465,0.3571625351905823,0.5746247172355652,0.3868887424468994,0.5985640287399292,0.3164811432361603,0.5055557489395142,0.3903723657131195,0.49531468749046326,0.3173930048942566,0.598653256893158,0.25921422243118286,0.477897971868515,0.268830806016922,0.5502766370773315,0.5208345651626587,0.5025809407234192,0.5189898014068604,0.554032564163208,0.6358323097229004,0.4948927164077759,0.6295354962348938,0.5641210079193115,0.7416797876358032,0.4811607599258423,0.7429107427597046
40,0.5323328971862793,0.3558988571166992,0.5749734044075012,0.3844721019268036,0.5991002321243286,0.3138771653175354,0.5023645162582397,0.3890054225921631,0.49284112453460693,0.3123721480369568,0.5939746499061584,0.2540494501590729,0.47835344076156616,0.2656787633895874,0.5515075922012329,0.5185245275497437,0.5025126338005066,0.5169618129730225,0.5565537214279175,0.6346532702445984,0.49489158391952515,0.6269548535346985,0.5647681355476379,0.7409201860427856,0.4821133315563202,0.7437007427215576
41,0.531347393989563,0.35419631004333496,0.5739845633506775,0.38398659229278564,0.5998297929763794,0.31274229288101196,0.5006811618804932,0.388393759727478,0.4938449263572693,0.31090718507766724,0.5930572152137756,0.25223594903945923,0.4780064523220062,0.26452475786209106,0.5516918897628784,0.5182335376739502,0.5020084381103516,0.5163863897323608,0.555053174495697,0.633918046951294,0.4949280619621277,0.6263103485107422,0.563388466835022,0.7415363788604736,0.48104768991470337,0.7422015070915222
42,0.5313987135887146,0.3555228114128113,0.5734929442405701,0.383337140083313,0.6010501384735107,0.3170379102230072,0.5000871419906616,0.3868611752986908,0.48931822180747986,0.31665146350860596,0.5968238711357117,0.25736722350120544,0.47624605894088745,0.2715853452682495,0.5531526803970337,0.5203379988670349,0.5028331279754639,0.5171006321907043,0.5570709705352783,0.6334158778190613,0.495248407125473,0.6247124075889587,0.5639625787734985,0.7412320375442505,0.4816719889640808,0.7430071830749512
43,0.5322453379631042,0.3573295772075653,0.573179304599762,0.38471078872680664,0.601404070854187,0.3184196650981903,0.5011998414993286,0.38828223943710327,0.49139535427093506,0.3197935223579407,0.598490834236145,0.25912564992904663,0.4765917658805847,0.2739929258823395,0.5516051054000854,0.5178597569465637,0.5025864839553833,0.5183595418930054,0.5565319061279297,0.6345576047897339,0.4951264560222626,0.6259868741035461,0.564603865146637,0.7417563199996948,0.4815548360347748,0.7432761192321777
44,0.532590925693512,0.35749077796936035,0.5713522434234619,0.3841101825237274,0.6005312204360962,0.318088173866272,0.5011522769927979,0.38762935996055603,0.49149078130722046,0.32086414098739624,0.5983332395553589,0.2577887773513794,0.4763050675392151,0.2727140188217163,0.551802396774292,0.5195236802101135,0.5026206970214844,0.5160656571388245,0.5568707585334778,0.6337712407112122,0.4948262870311737,0.6261565685272217,0.5636576414108276,0.7423791289329529,0.48272430896759033,0.7436003684997559
45,0.5322505831718445,0.35799628496170044,0.5697687864303589,0.38441312313079834,0.600253701210022,0.3199487328529358,0.5008664131164551,0.3872916102409363,0.49120455980300903,0.3197596073150635,0.6004387140274048,0.25939029455184937,0.4766729772090912,0.2744707465171814,0.5502480268478394,0.5196447968482971,0.5016419291496277,0.5163997411727905,0.5550129413604736,0.6339226365089417,0.49521154165267944,0.6261374354362488,0.5630314946174622,0.7425600290298462,0.48241662979125977,0.7437088489532471
46,0.5302691459655762,0.35899507999420166,0.5707950592041016,0.38566073775291443,0.5998010635375977,0.320516973733902,0.49933692812919617,0.3877291679382324,0.49070805311203003,0.31938740611076355,0.5989982485771179,0.25887802243232727,0.47494742274284363,0.27452418208122253,0.5484684705734253,0.5174083709716797,0.5001879334449768,0.5180638432502747,0.5523410439491272,0.634837806224823,0.494267076253891,0.6267457604408264,0.5626450777053833,0.74302077293396,0.48065611720085144,0.7423909902572632
47,0.5289276242256165,0.3598090410232544,0.5705381631851196,0.385476291179657,0.5995460748672485,0.3215051591396332,0.4985361695289612,0.3872375190258026,0.4904283881187439,0.3218136131763458,0.5986223816871643,0.2611604630947113,0.47321784496307373,0.2734992802143097,0.5480464696884155,0.5172280669212341,0.49943459033966064,0.5179246068000793,0.5532234311103821,0.6350424289703369,0.494223415851593,0.626462459564209,0.5627446174621582,0.7430021166801453,0.4816381633281708,0.7436410188674927
48,0.5313143134117126,0.35961031913757324,0.5677976012229919,0.38697367906570435,0.6024388074874878,0.32201141119003296,0.4982829988002777,0.38767778873443604,0.4851185977458954,0.3189934492111206,0.6018500328063965,0.26288163661956787,0.47667643427848816,0.2768881916999817,0.5478684902191162,0.5175580978393555,0.5011686682701111,0.5185593366622925,0.5539969205856323,0.6332598328590393,0.4938966631889343,0.6290040612220764,0.5629972815513611,0.7389141917228699,0.4821668565273285,0.744269073009491
49,0.5322107076644897,0.3597550392150879,0.5697064995765686,0.38686978816986084,0.6021819710731506,0.32335010170936584,0.4977610111236572,0.3881147503852844,0.4834396541118622,0.32149508595466614,0.6016552448272705,0.2640725374221802,0.46949177980422974,0.28197360038757324,0.5455458164215088,0.5175029635429382,0.49931639432907104,0.5186938643455505,0.5521822571754456,0.6353403329849243,0.49394911527633667,0.6309537887573242,0.5630103945732117,0.7428485751152039,0.4806006848812103,0.7435238361358643
50,0.532333254814148,0.3599257469177246,0.5682860612869263,0.3834848999977112,0.6024833917617798,0.31960347294807434,0.4975045621395111,0.3890594244003296,0.48692405223846436,0.3206815719604492,0.6013433933258057,0.26151901483535767,0.47220510244369507,0.2814289927482605,0.5461020469665527,0.5179569721221924,0.4988846480846405,0.5190298557281494,0.5559638738632202,0.6380228400230408,0.4930011034011841,0.6339865326881409,0.5645800828933716,0.7431997060775757,0.4813213348388672,0.7456655502319336
51,0.5336529016494751,0.3604911267757416,0.5691673159599304,0.38253021240234375,0.6030845642089844,0.31853175163269043,0.4983604848384857,0.3879501521587372,0.48703086376190186,0.3215811848640442,0.6020512580871582,0.2619871497154236,0.4714373052120209,0.2817327082157135,0.5459202527999878,0.5155558586120605,0.4985247552394867,0.5163318514823914,0.5549526214599609,0.6376602649688721,0.4922012686729431,0.6337535381317139,0.564989447593689,0.7431008219718933,0.48051124811172485,0.746112585067749
52,0.5329974889755249,0.3608509302139282,0.5706855654716492,0.3841450810432434,0.6029287576675415,0.31636565923690796,0.4964361786842346,0.3880751132965088,0.48860782384872437,0.32014450430870056,0.5998419523239136,0.2585715353488922,0.47509509325027466,0.27857881784439087,0.5463548898696899,0.5161557197570801,0.49833640456199646,0.516956627368927,0.5543668270111084,0.6366912722587585,0.49221980571746826,0.6321855783462524,0.5641617774963379,0.7440272569656372,0.47998863458633423,0.7460556030273438
53,0.5318961143493652,0.36190375685691833,0.5702382922172546,0.383551687002182,0.6027318835258484,0.3170658349990845,0.49634331464767456,0.38765713572502136,0.4883422255516052,0.31960347294807434,0.6002270579338074,0.2595036029815674,0.4739348888397217,0.27850449085235596,0.5460596680641174,0.5159124135971069,0.4983232617378235,0.5168027281761169,0.5542975664138794,0.637129545211792,0.4923943877220154,0.6321157217025757,0.5647474527359009,0.7432337999343872,0.4805738627910614,0.7456103563308716
54,0.5318844318389893,0.3612854480743408,0.5719382166862488,0.3823893070220947,0.6037715673446655,0.3175387978553772,0.4967305064201355,0.3863813281059265,0.4848788380622864,0.3216463625431061,0.6000516414642334,0.2601900100708008,0.47156864404678345,0.2794603705406189,0.5492879152297974,0.5191525816917419,0.49958014488220215,0.5161353945732117,0.5545889735221863,0.6363494396209717,0.4928910434246063,0.6310551762580872,0.5645343065261841,0.7425336837768555,0.480719655752182,0.7452217936515808
55,0.5328667163848877,0.3614230751991272,0.572727620601654,0.38357603549957275,0.6042366027832031,0.31814417243003845,0.4981291890144348,0.3871130347251892,0.4858725666999817,0.3232372999191284,0.6013693809509277,0.2581433355808258,0.47021031379699707,0.28151583671569824,0.5486013293266296,0.5185784101486206,0.4997484087944031,0.5154356956481934,0.5531748533248901,0.6362056136131287,0.49364814162254333,0.6304553747177124,0.5630236864089966,0.742938756942749,0.48084771633148193,0.7450265884399414
56,0.5325932502746582,0.36129629611968994,0.5728690028190613,0.38338255882263184,0.6036221385002136,0.3181581497192383,0.49833399057388306,0.3869173526763916,0.48522061109542847,0.32236915826797485,0.6014627814292908,0.25853145122528076,0.4700250029563904,0.2814635634422302,0.5486725568771362,0.5186282396316528,0.49986085295677185,0.5154361724853516,0.5523294806480408,0.6356614828109741,0.493751585483551,0.630294680595398,0.5624467730522156,0.7431470155715942,0.4808999300003052,0.7454713582992554
57,0.5325546264648438,0.36119842529296875,0.5743082761764526,0.3834901452064514,0.6049376726150513,0.3184471130371094,0.4987662732601166,0.38600215315818787,0.48512762784957886,0.3232405185699463,0.6022920608520508,0.257718026638031,0.46927064657211304,0.28013235330581665,0.5498900413513184,0.5189260244369507,0.5001007318496704,0.5154550671577454,0.5534101724624634,0.6361821889877319,0.49379199743270874,0.6305236220359802,0.5630221366882324,0.7426613569259644,0.48119646310806274,0.7456779479980469
58,0.5309373140335083,0.36076581478118896,0.5735996961593628,0.38387736678123474,0.6036607027053833,0.31819871068000793,0.49907761812210083,0.3872964382171631,0.48622745275497437,0.3235347867012024,0.605403482913971,0.259507417678833,0.46854767203330994,0.28237852454185486,0.5495394468307495,0.5181284546852112,0.5004379749298096,0.5146765112876892,0.5527935028076172,0.6354042291641235,0.4930015504360199,0.629374623298645,0.5628516674041748,0.7421814799308777,0.4798945188522339,0.7447904348373413
59,0.5311416387557983,0.3613707423210144,0.5735137462615967,0.38389477133750916,0.6033525466918945,0.31710362434387207,0.49858230352401733,0.3869710862636566,0.4864044785499573,0.32315874099731445,0.6000942587852478,0.2615929841995239,0.4692629277706146,0.28227150440216064,0.5489519834518433,0.5182771682739258,0.4995378851890564,0.514735221862793,0.5530769228935242,0.6350014209747314,0.49258852005004883,0.6287599802017212,0.5642088651657104,0.7412464022636414,0.47963425517082214,0.744285523891449
60,0.5310106873512268,0.3595401644706726,0.5750644207000732,0.38465094566345215,0.6029211282730103,0.3161916136741638,0.49838489294052124,0.38589972257614136,0.48533305525779724,0.3226794898509979,0.6027332544326782,0.2613496780395508,0.47210487723350525,0.28301742672920227,0.5504002571105957,0.5176683664321899,0.5011002421379089,0.5146507620811462,0.5554958581924438,0.6359145045280457,0.4925501048564911,0.6316148638725281,0.5665873885154724,0.7399076819419861,0.48212167620658875,0.7427242994308472
61,0.5294172763824463,0.36179453134536743,0.5703729391098022,0.3831630349159241,0.602269172668457,0.31867146492004395,0.4985232353210449,0.38802096247673035,0.48464640974998474,0.3246528208255768,0.6024941802024841,0.26430878043174744,0.46796461939811707,0.2838120460510254,0.5499964952468872,0.5203837156295776,0.5015186071395874,0.5170206427574158,0.5560666918754578,0.6362542510032654,0.4937150180339813,0.6300458908081055,0.565157949924469,0.7387101054191589,0.48125025629997253,0.7416502237319946
62,0.5305057764053345,0.36185187101364136,0.5709718465805054,0.3837851881980896,0.6022661924362183,0.3169555962085724,0.4992908239364624,0.3878204822540283,0.4865778088569641,0.32466626167297363,0.6024006605148315,0.26186543703079224,0.46810075640678406,0.2838594913482666,0.5493730306625366,0.5198535323143005,0.5012859106063843,0.5163456797599792,0.5564224720001221,0.6364624500274658,0.4939386248588562,0.6301766037940979,0.5651203989982605,0.7383079528808594,0.48205897212028503,0.7419992685317993
63,0.5316833257675171,0.36224931478500366,0.572843074798584,0.38366442918777466,0.6025375127792358,0.31929874420166016,0.5002148747444153,0.388534277677536,0.48606497049331665,0.32532036304473877,0.6032636165618896,0.2646627724170685,0.4700004756450653,0.2838152348995209,0.5511338710784912,0.5183496475219727,0.5020585656166077,0.5153323411941528,0.5590280890464783,0.6380668878555298,0.4940452575683594,0.6330953240394592,0.5665099024772644,0.7399697303771973,0.48197150230407715,0.7440071105957031
64,0.5304670929908752,0.36196786165237427,0.5728176832199097,0.38401302695274353,0.6020633578300476,0.31852227449417114,0.5000967979431152,0.38867875933647156,0.48684459924697876,0.3251553177833557,0.6012922525405884,0.26274147629737854,0.47073298692703247,0.2832157015800476,0.5513562560081482,0.5185983777046204,0.50235915184021,0.5153660774230957,0.5586302280426025,0.638186514377594,0.49367308616638184,0.6331931352615356,0.5662226676940918,0.7398172616958618,0.4824037551879883,0.7440221309661865
65,0.5314838290214539,0.35859423875808716,0.5771150588989258,0.38717755675315857,0.602776288986206,0.3149590492248535,0.5009721517562866,0.38816314935684204,0.48782771825790405,0.32329678535461426,0.6021419763565063,0.25987938046455383,0.4717956483364105,0.283377081155777,0.552545428276062,0.5168023109436035,0.5037122964859009,0.5135003328323364,0.5577119588851929,0.6353316903114319,0.49345505237579346,0.6268090605735779,0.5652815699577332,0.7389161586761475,0.48144614696502686,0.7429966330528259
66,0.5305103659629822,0.3603283166885376,0.5716557502746582,0.3848109841346741,0.6030527949333191,0.31707388162612915,0.5010621547698975,0.3897593021392822,0.48711448907852173,0.32459768652915955,0.6007136702537537,0.2610580027103424,0.47127005457878113,0.28302741050720215,0.5528759360313416,0.5187752842903137,0.5036394000053406,0.515600860118866,0.5577647686004639,0.6378225088119507,0.4929902255535126,0.6320834159851074,0.5630924701690674,0.7400895953178406,0.484382688999176,0.7453932762145996
67,0.5310149788856506,0.3614378571510315,0.5718138217926025,0.3846445083618164,0.6015864610671997,0.31981393694877625,0.5021597146987915,0.38923513889312744,0.4871966242790222,0.32500308752059937,0.6040307283401489,0.2608622908592224,0.47042781114578247,0.2835240960121155,0.5526883006095886,0.519816517829895,0.5037991404533386,0.5168843269348145,0.5571913719177246,0.6355230212211609,0.4942081868648529,0.631752073764801,0.5636192560195923,0.7388520240783691,0.4845542311668396,0.7448717951774597
68,0.5321961045265198,0.3611527383327484,0.5721879601478577,0.3863978087902069,0.6029333472251892,0.3181955814361572,0.4997943341732025,0.3910946547985077,0.4903019070625305,0.32362237572669983,0.6035249829292297,0.2599543631076813,0.47120678424835205,0.2819698452949524,0.5525814294815063,0.5169166922569275,0.5031077861785889,0.5160903334617615,0.5610411763191223,0.6392471790313721,0.4952206611633301,0.6363604068756104,0.5658324956893921,0.7398031949996948,0.48596787452697754,0.7471160292625427
69,0.5330019593238831,0.3634454905986786,0.5724620223045349,0.38653144240379333,0.6037431359291077,0.32293474674224854,0.5017861127853394,0.39218634366989136,0.4911906123161316,0.32676032185554504,0.6050662994384766,0.2595457434654236,0.46940240263938904,0.2794155180454254,0.5535010099411011,0.5174744129180908,0.5045641660690308,0.5169764757156372,0.5601434111595154,0.6398332118988037,0.49623724818229675,0.6374613046646118,0.5653094053268433,0.7410116195678711,0.4864223897457123,0.747102677822113
70,0.5345160365104675,0.36376869678497314,0.5732626914978027,0.3882018029689789,0.6028627753257751,0.32555586099624634,0.5040507316589355,0.39283573627471924,0.48813021183013916,0.3266632556915283,0.6060115098953247,0.26386308670043945,0.4690546989440918,0.27945172786712646,0.5523175001144409,0.5186601877212524,0.5046197175979614,0.5181998014450073,0.5610854029655457,0.641527533531189,0.4998525381088257,0.6397671103477478,0.5658748149871826,0.7399088144302368,0.4865400791168213,0.7470967173576355
71,0.5342491865158081,0.3636946380138397,0.574321448802948,0.39024877548217773,0.6046404838562012,0.32712221145629883,0.5025246143341064,0.39257586002349854,0.48438334465026855,0.3297710418701172,0.6077481508255005,0.2648453414440155,0.46883782744407654,0.2792862355709076,0.5514936447143555,0.5210365056991577,0.5034360289573669,0.520463228225708,0.561251699924469,0.6401107311248779,0.4987179636955261,0.6383574604988098,0.5659412741661072,0.7394925951957703,0.4855698049068451,0.7460035085678101
72,0.5338976383209229,0.3668832778930664,0.5719544887542725,0.3901088237762451,0.5971162915229797,0.32917672395706177,0.5040878653526306,0.39310893416404724,0.49252671003341675,0.33260470628738403,0.6050270795822144,0.26705870032310486,0.47332763671875,0.27946174144744873,0.5545724034309387,0.5193213224411011,0.5054153800010681,0.5179892182350159,0.5670964121818542,0.6368017196655273,0.49297797679901123,0.6337275505065918,0.564826250076294,0.7423393726348877,0.4856230914592743,0.7478169202804565
73,0.5310407876968384,0.3695228099822998,0.5716347694396973,0.3940078020095825,0.5943419933319092,0.33783742785453796,0.5051616430282593,0.3976857364177704,0.49515315890312195,0.3364022672176361,0.6049488186836243,0.27402788400650024,0.47374892234802246,0.2806437611579895,0.5516111850738525,0.5268598794937134,0.504655122756958,0.5257682800292969,0.5646224021911621,0.644047200679779,0.49045121669769287,0.6403403282165527,0.5651857256889343,0.7455238699913025,0.4851352870464325,0.7493869662284851
74,0.5361411571502686,0.36551445722579956,0.5763881206512451,0.39597463607788086,0.597483217716217,0.34144914150238037,0.507153332233429,0.39786919951438904,0.4950307309627533,0.33802860975265503,0.6062014102935791,0.27651387453079224,0.47583135962486267,0.2834169268608093,0.5504945516586304,0.524593710899353,0.5041323900222778,0.5222108364105225,0.5648266077041626,0.6400339603424072,0.49085602164268494,0.6369770765304565,0.5633522868156433,0.7418447732925415,0.4845934510231018,0.7481728792190552
75,0.530927836894989,0.3705095946788788,0.5712563991546631,0.3959561288356781,0.594474196434021,0.3415992259979248,0.5086191892623901,0.40072643756866455,0.49146100878715515,0.3461335599422455,0.6049051284790039,0.27674686908721924,0.47295424342155457,0.28386813402175903,0.5537567138671875,0.5258236527442932,0.5084511637687683,0.5245316624641418,0.5672107338905334,0.6417149901390076,0.494804322719574,0.6387946009635925,0.5649314522743225,0.7439659833908081,0.48609837889671326,0.748043417930603
76,0.5317819118499756,0.37252986431121826,0.5725264549255371,0.4009205996990204,0.5998826622962952,0.35119032859802246,0.507232129573822,0.40434926748275757,0.4967195987701416,0.34530776739120483,0.6054122447967529,0.2814159393310547,0.4743973910808563,0.2843787670135498,0.5496943593025208,0.5290526747703552,0.5063449144363403,0.5274389386177063,0.5658586621284485,0.6436619758605957,0.4918369948863983,0.6410351991653442,0.564130961894989,0.7434698343276978,0.485259473323822,0.7487751841545105
77,0.5328693389892578,0.37476426362991333,0.5715013742446899,0.4017956852912903,0.5984864234924316,0.3533000648021698,0.5071069002151489,0.40556102991104126,0.49634501338005066,0.35024261474609375,0.6047623753547668,0.2832971215248108,0.4743242859840393,0.287617027759552,0.5492749810218811,0.5316318869590759,0.5058459043502808,0.5302541851997375,0.5629856586456299,0.6470637321472168,0.4916316866874695,0.6418153643608093,0.5667729377746582,0.7454911470413208,0.48513931035995483,0.7486617565155029
78,0.5317654013633728,0.3817916810512543,0.5656318664550781,0.40280771255493164,0.5996208190917969,0.35655462741851807,0.5037378072738647,0.410441517829895,0.4958444833755493,0.3577778935432434,0.6038013696670532,0.28684407472610474,0.4748079776763916,0.29167139530181885,0.5507451295852661,0.5361832976341248,0.5071908831596375,0.535875678062439,0.5713105201721191,0.649328887462616,0.49083349108695984,0.643688440322876,0.568896472454071,0.7435640692710876,0.4865038990974426,0.7496250867843628
79,0.5357229113578796,0.38284847140312195,0.5650201439857483,0.40486401319503784,0.5996730327606201,0.3615933060646057,0.5059966444969177,0.40988263487815857,0.4937608242034912,0.3608156442642212,0.6052223443984985,0.29044634103775024,0.4764443337917328,0.29252856969833374,0.5488461852073669,0.5331664085388184,0.505405604839325,0.5340089201927185,0.5735204815864563,0.6433025002479553,0.49105092883110046,0.6432757377624512,0.570000410079956,0.739980936050415,0.4860137104988098,0.7497656345367432
80,0.5321081280708313,0.3904188871383667,0.5679419040679932,0.4181766211986542,0.5995123386383057,0.35450929403305054,0.5026872158050537,0.42400431632995605,0.49590152502059937,0.35552820563316345,0.6058609485626221,0.2894432544708252,0.47058436274528503,0.2938445806503296,0.5485632419586182,0.5334200263023376,0.5072203278541565,0.5332382917404175,0.5731268525123596,0.6518393754959106,0.49097681045532227,0.650612473487854,0.569243311882019,0.7393698692321777,0.48751842975616455,0.7489173412322998
81,0.5318210124969482,0.3913901448249817,0.5634630918502808,0.4179465174674988,0.594743549823761,0.3597864508628845,0.502507746219635,0.4233792722225189,0.49973249435424805,0.3603457808494568,0.6071258783340454,0.2885133624076843,0.47507667541503906,0.29195037484169006,0.548082709312439,0.5419433116912842,0.5051952600479126,0.5416073203086853,0.5747426152229309,0.6504068374633789,0.4928518235683441,0.649840235710144,0.5690315961837769,0.7427513003349304,0.4870101809501648,0.7512112855911255
82,0.5322597622871399,0.39202961325645447,0.5708075165748596,0.4223569333553314,0.6008836030960083,0.3554766774177551,0.4998674988746643,0.42411547899246216,0.498030424118042,0.3544318377971649,0.6088829040527344,0.2882709801197052,0.47000378370285034,0.2920375168323517,0.5474938750267029,0.545769453048706,0.5032156705856323,0.543952226638794,0.5764684677124023,0.6490315198898315,0.49216532707214355,0.6487678289413452,0.5690932273864746,0.7426823377609253,0.4870498776435852,0.7504131197929382
83,0.5328173637390137,0.391743540763855,0.5685518383979797,0.41924306750297546,0.5977281332015991,0.36090201139450073,0.49940890073776245,0.4234309792518616,0.4930482804775238,0.3582080006599426,0.6078054904937744,0.2862921357154846,0.46948203444480896,0.2905051112174988,0.5478761196136475,0.5441186428070068,0.5035049319267273,0.5428602695465088,0.5761885643005371,0.6521263718605042,0.4918704926967621,0.6525858640670776,0.5692262053489685,0.7438914775848389,0.4863154888153076,0.752903163433075
84,0.5330755710601807,0.3881688714027405,0.5648958683013916,0.4209171533584595,0.5991460680961609,0.36655864119529724,0.4974983334541321,0.4234812259674072,0.49061986804008484,0.35398489236831665,0.6048541069030762,0.29524046182632446,0.4758005142211914,0.29198595881462097,0.5490614771842957,0.5496970415115356,0.5027550458908081,0.5493307709693909,0.5800667405128479,0.6511412262916565,0.49045324325561523,0.6493762731552124,0.5705453753471375,0.7439448833465576,0.48775559663772583,0.7515782117843628
85,0.5354607701301575,0.39481088519096375,0.5675776600837708,0.4296572804450989,0.599944531917572,0.37504059076309204,0.4965741038322449,0.43111807107925415,0.4943966269493103,0.36394596099853516,0.6028502583503723,0.301554411649704,0.4743530750274658,0.3000749945640564,0.550294041633606,0.5539777278900146,0.5032706260681152,0.5533506870269775,0.5770511627197266,0.649022102355957,0.4917733073234558,0.649116039276123,0.570062518119812,0.7407913208007812,0.4890969395637512,0.7498160600662231
86,0.5344710350036621,0.3942563235759735,0.5654725432395935,0.4258035123348236,0.5974564552307129,0.3767997622489929,0.49670276045799255,0.4322366416454315,0.4939769208431244,0.3625994920730591,0.6006056070327759,0.30330824851989746,0.47375261783599854,0.3038422465324402,0.5495757460594177,0.5545449256896973,0.5020766258239746,0.5536940693855286,0.5750331878662109,0.6493029594421387,0.4913617968559265,0.6515903472900391,0.5689990520477295,0.7431201934814453,0.488353967666626,0.7505444884300232
87,0.5365989208221436,0.3981081247329712,0.565497875213623,0.42934486269950867,0.5990862250328064,0.3815779685974121,0.49440979957580566,0.429565966129303,0.4890534579753876,0.3662261962890625,0.6075353622436523,0.31046634912490845,0.4705798625946045,0.309001624584198,0.5491899251937866,0.5561118721961975,0.5011892318725586,0.5569686889648438,0.5764077305793762,0.651667594909668,0.4912244975566864,0.6536798477172852,0.5713939070701599,0.7429658770561218,0.4881744384765625,0.7529463768005371
88,0.5361269116401672,0.401005357503891,0.5643918514251709,0.43113335967063904,0.5974014401435852,0.38917478919029236,0.4948691129684448,0.4305710792541504,0.4913751482963562,0.3765367269515991,0.6050532460212708,0.3100377917289734,0.46780502796173096,0.3149102032184601,0.548335075378418,0.5567991137504578,0.5007660388946533,0.5575445294380188,0.574689507484436,0.6521836519241333,0.49176082015037537,0.6557741761207581,0.5700685977935791,0.7422391176223755,0.4875640869140625,0.7538091540336609
89,0.5355015397071838,0.40339982509613037,0.5642886757850647,0.43346351385116577,0.596733808517456,0.3783190846443176,0.49586033821105957,0.4349913001060486,0.49163341522216797,0.37499484419822693,0.6051521897315979,0.31173717975616455,0.46532565355300903,0.3117864429950714,0.5499115586280823,0.5567989349365234,0.5017807483673096,0.5569275617599487,0.5754103064537048,0.6506468653678894,0.49115419387817383,0.6537734270095825,0.5700333714485168,0.7403988838195801,0.4872923493385315,0.7514334917068481
90,0.536254346370697,0.4041444659233093,0.5630530714988708,0.43304961919784546,0.5981850624084473,0.38822972774505615,0.4945119321346283,0.4344439208507538,0.49561986327171326,0.3773561120033264,0.6042131185531616,0.3205176889896393,0.4676116406917572,0.3184796869754791,0.5448058247566223,0.5564601421356201,0.4991992115974426,0.557324230670929,0.5757094621658325,0.6506345272064209,0.490110844373703,0.6555430889129639,0.5710458755493164,0.7395405769348145,0.4876425266265869,0.7518729567527771
91,0.5348343849182129,0.4057489335536957,0.5635640025138855,0.43336647748947144,0.600257933139801,0.386301726102829,0.4944893717765808,0.43352410197257996,0.4939471185207367,0.38286420702934265,0.6024892330169678,0.32408416271209717,0.4633883237838745,0.3175278902053833,0.5458909869194031,0.5590541362762451,0.49982088804244995,0.5611872673034668,0.5775600671768188,0.6500236392021179,0.489402174949646,0.6556673645973206,0.5716246366500854,0.7414615154266357,0.4867677688598633,0.7520958185195923
92,0.5399218201637268,0.4067305028438568,0.5657767653465271,0.4357411861419678,0.5974600315093994,0.38383424282073975,0.4985072612762451,0.4367390275001526,0.4991849362850189,0.3765660226345062,0.6034982204437256,0.32257312536239624,0.4649087190628052,0.322726309299469,0.5447969436645508,0.5583993792533875,0.5013302564620972,0.558448076248169,0.5750168561935425,0.6526246070861816,0.4903576970100403,0.6560916900634766,0.569281816482544,0.7400233149528503,0.487738698720932,0.7502161264419556
93,0.5360568165779114,0.412936270236969,0.5621618032455444,0.4428771138191223,0.5952308177947998,0.3890593647956848,0.49743783473968506,0.4444032907485962,0.4955732226371765,0.37452277541160583,0.5986652374267578,0.3277040719985962,0.4689713716506958,0.32227304577827454,0.5445616245269775,0.558125913143158,0.5009037256240845,0.5602477788925171,0.5751869082450867,0.6525567173957825,0.4909011125564575,0.6546998023986816,0.5699313879013062,0.742716908454895,0.48602327704429626,0.7521072626113892
94,0.5367123484611511,0.4134387671947479,0.5667884349822998,0.4443792700767517,0.5964556932449341,0.3967735171318054,0.49729061126708984,0.44239121675491333,0.4965026080608368,0.37853872776031494,0.6025650501251221,0.33492180705070496,0.46825599670410156,0.3283543586730957,0.5443074703216553,0.5622431039810181,0.5001269578933716,0.5631055235862732,0.5741504430770874,0.6527896523475647,0.4900931715965271,0.6550117135047913,0.5694600343704224,0.7425100207328796,0.4853225648403168,0.7526995539665222
95,0.5386622548103333,0.41887617111206055,0.5657894611358643,0.45189937949180603,0.600292980670929,0.3958142399787903,0.4975658655166626,0.448557585477829,0.48799535632133484,0.38017234206199646,0.6031893491744995,0.33741793036460876,0.46897774934768677,0.32904884219169617,0.5447593927383423,0.5692810416221619,0.503427267074585,0.5695881843566895,0.573001503944397,0.6541345119476318,0.4922601878643036,0.6546370983123779,0.5682410597801208,0.7419440746307373,0.48546063899993896,0.7515139579772949
96,0.5392616987228394,0.43055832386016846,0.566581666469574,0.46134406328201294,0.5970737934112549,0.39995917677879333,0.49997836351394653,0.4576956629753113,0.4959726333618164,0.3815067708492279,0.6036114692687988,0.33404541015625,0.4701068103313446,0.33125418424606323,0.5426669716835022,0.5793194770812988,0.5011540651321411,0.5778979659080505,0.5755383968353271,0.6509258151054382,0.4940377175807953,0.6538561582565308,0.5723346471786499,0.7411505579948425,0.4852176308631897,0.7544715404510498
97,0.5406909584999084,0.4509824514389038,0.5661038756370544,0.4701198935508728,0.6020095348358154,0.40746602416038513,0.49876153469085693,0.4696003794670105,0.48825693130493164,0.40136945247650146,0.6070764064788818,0.34910160303115845,0.46364516019821167,0.34359997510910034,0.5429815053939819,0.5945748090744019,0.5014390349388123,0.593731701374054,0.5747227668762207,0.6638784408569336,0.4924345016479492,0.6636528968811035,0.5732183456420898,0.7418853044509888,0.4873347878456116,0.7528126239776611
98,0.5358288884162903,0.4523177742958069,0.5629973411560059,0.47497937083244324,0.6018450260162354,0.41916951537132263,0.5000877380371094,0.47617730498313904,0.48839128017425537,0.40734177827835083,0.6103177070617676,0.3545082211494446,0.46053990721702576,0.3447129726409912,0.5383203029632568,0.5977885127067566,0.5015691518783569,0.596401572227478,0.5707301497459412,0.6600739359855652,0.4941961467266083,0.6623740792274475,0.5715179443359375,0.744093120098114,0.4863443970680237,0.7538471221923828
99,0.5348449945449829,0.4532669186592102,0.5607062578201294,0.4761168658733368,0.5998331904411316,0.4236096143722534,0.5015314817428589,0.47373151779174805,0.4877164363861084,0.402997225522995,0.6147560477256775,0.36070185899734497,0.45988523960113525,0.3476962745189667,0.536274790763855,0.5955814123153687,0.5019540786743164,0.5939680933952332,0.571587324142456,0.6537925004959106,0.49523669481277466,0.6550420522689819,0.5708016753196716,0.7413339018821716,0.4875105321407318,0.7511147856712341
100,0.5344008207321167,0.45919474959373474,0.5600745677947998,0.47672757506370544,0.5995523929595947,0.4237770438194275,0.4987313747406006,0.47718560695648193,0.48705917596817017,0.41148167848587036,0.613194465637207,0.36405807733535767,0.4606442451477051,0.35435163974761963,0.5395801067352295,0.6041903495788574,0.5036500692367554,0.6032573580741882,0.5737272500991821,0.6657936573028564,0.4914954900741577,0.6657942533493042,0.5733863711357117,0.746097981929779,0.48711419105529785,0.7573949098587036
101,0.5354123115539551,0.4709903597831726,0.5592423677444458,0.4864649772644043,0.6013555526733398,0.44160526990890503,0.49825364351272583,0.48301005363464355,0.4912446439266205,0.43145641684532166,0.6041073203086853,0.37214791774749756,0.4628340005874634,0.35754668712615967,0.5397055149078369,0.6092802286148071,0.5028794407844543,0.6102589964866638,0.5728441476821899,0.6680592894554138,0.4916890561580658,0.6639370918273926,0.5739052295684814,0.744692325592041,0.4874715507030487,0.757638692855835
102,0.5347304940223694,0.4725187420845032,0.5592933297157288,0.4927137792110443,0.5992116928100586,0.44888341426849365,0.5032815933227539,0.4917311370372772,0.48673197627067566,0.45165202021598816,0.6117351651191711,0.3821340799331665,0.462881863117218,0.3699459433555603,0.5366076231002808,0.6117130517959595,0.49977490305900574,0.6117759346961975,0.5763840079307556,0.6615483164787292,0.4918367266654968,0.6561587452888489,0.5731654167175293,0.7444202303886414,0.48692962527275085,0.7543483972549438
103,0.5336207747459412,0.4747099280357361,0.5567973256111145,0.4952084422111511,0.5972636938095093,0.451080322265625,0.5028843283653259,0.4987928569316864,0.4857672154903412,0.4537247121334076,0.6118700504302979,0.39011669158935547,0.4623757302761078,0.36987537145614624,0.5374290943145752,0.6174499988555908,0.5005568265914917,0.616195797920227,0.5771574974060059,0.6657090187072754,0.49348485469818115,0.6618702411651611,0.5717795491218567,0.7471210360527039,0.486661434173584,0.7548414468765259
104,0.5350754857063293,0.4763239026069641,0.5624927282333374,0.5059056878089905,0.6008830070495605,0.45638149976730347,0.5008615255355835,0.5015414953231812,0.4806767404079437,0.4553450345993042,0.6102654337882996,0.3852112293243408,0.4620438814163208,0.36948153376579285,0.5409352779388428,0.6194753050804138,0.49928420782089233,0.6164843440055847,0.5730336904525757,0.6591342091560364,0.49566102027893066,0.6528759002685547,0.571574866771698,0.7454744577407837,0.4882848858833313,0.752629280090332
105,0.5390552282333374,0.48176640272140503,0.5613707304000854,0.5037512183189392,0.5991172790527344,0.4658091962337494,0.5015549659729004,0.5023986101150513,0.4795334041118622,0.46251189708709717,0.6086376905441284,0.3932897448539734,0.4635634422302246,0.37453341484069824,0.5382763743400574,0.6203022599220276,0.5034197568893433,0.6204303503036499,0.5723868608474731,0.6614904999732971,0.49336013197898865,0.654979407787323,0.5716533064842224,0.7467367649078369,0.4877355992794037,0.7557019591331482
106,0.534892201423645,0.4786543846130371,0.5593197345733643,0.5043081045150757,0.5982626676559448,0.46332189440727234,0.5035103559494019,0.5063851475715637,0.47470778226852417,0.4647466540336609,0.6067299842834473,0.38902294635772705,0.46189194917678833,0.3799285888671875,0.5388911366462708,0.6273322105407715,0.5020541548728943,0.629429817199707,0.5681279897689819,0.6601166725158691,0.49362418055534363,0.6499121785163879,0.5734211206436157,0.7437347173690796,0.4886046051979065,0.7549933791160583
107,0.5377459526062012,0.4908602237701416,0.5616008043289185,0.5164031982421875,0.5990668535232544,0.4728512167930603,0.5021669864654541,0.5167675018310547,0.4757700562477112,0.4714563488960266,0.6098138093948364,0.4025927782058716,0.46166297793388367,0.39736151695251465,0.5442384481430054,0.6393979787826538,0.5040937662124634,0.6407028436660767,0.5721094012260437,0.6697916984558105,0.4968072175979614,0.6680991053581238,0.5711169242858887,0.7476803064346313,0.4831886887550354,0.7590848803520203
108,0.5417353510856628,0.4883366823196411,0.5704936981201172,0.5217176675796509,0.6036195158958435,0.46851587295532227,0.5041555166244507,0.5150728821754456,0.4714871048927307,0.4646868407726288,0.6103789210319519,0.3993571698665619,0.4610551595687866,0.41425400972366333,0.5502798557281494,0.6494759321212769,0.5050624012947083,0.6461645364761353,0.574710488319397,0.6632393002510071,0.49633440375328064,0.657340407371521,0.5769457817077637,0.7485916614532471,0.48930811882019043,0.7586243152618408
109,0.5366441011428833,0.5000438690185547,0.5642122030258179,0.5316030383110046,0.605038046836853,0.48787710070610046,0.49725937843322754,0.5261542201042175,0.4676154851913452,0.47998714447021484,0.609487771987915,0.40996402502059937,0.4630610942840576,0.42160987854003906,0.5497398376464844,0.6512163877487183,0.503281831741333,0.6501865386962891,0.5734483599662781,0.6700093150138855,0.49373289942741394,0.6649011373519897,0.5764164924621582,0.747748851776123,0.4869250953197479,0.7565342783927917
110,0.5384385585784912,0.5011194944381714,0.5648833513259888,0.5342561602592468,0.6038640737533569,0.48645198345184326,0.49931901693344116,0.5295482277870178,0.4679999351501465,0.4789527654647827,0.6087710857391357,0.4133329391479492,0.463072270154953,0.42220044136047363,0.5487197637557983,0.6497439742088318,0.503511905670166,0.649409294128418,0.5754843950271606,0.6666086912155151,0.4955296218395233,0.6610904932022095,0.5769469738006592,0.7443429827690125,0.48749035596847534,0.7533473372459412
111,0.5337305068969727,0.5054030418395996,0.562524139881134,0.5395647883415222,0.6016068458557129,0.49177679419517517,0.5042775869369507,0.5386549830436707,0.4711373746395111,0.49022066593170166,0.6134049892425537,0.4178246259689331,0.4580013155937195,0.4232392907142639,0.5433496236801147,0.6605804562568665,0.5032583475112915,0.6598609685897827,0.5676695108413696,0.6728340983390808,0.4906580448150635,0.6668437719345093,0.5711902379989624,0.7448715567588806,0.48092886805534363,0.7559562921524048
112,0.5327999591827393,0.5110010504722595,0.5580940246582031,0.543788731098175,0.6009702086448669,0.49577248096466064,0.49423789978027344,0.5360977053642273,0.47029614448547363,0.49387437105178833,0.6140912175178528,0.41889095306396484,0.4569433629512787,0.41801613569259644,0.5457561016082764,0.6649465560913086,0.5046372413635254,0.6641525626182556,0.5706744194030762,0.6719819903373718,0.49372196197509766,0.6670522689819336,0.5756083726882935,0.7446419596672058,0.48345673084259033,0.7563933730125427
113,0.5334740877151489,0.5128227472305298,0.5607324242591858,0.5472456812858582,0.6024066805839539,0.5072801113128662,0.5041819214820862,0.5437467098236084,0.4681551158428192,0.4967816472053528,0.6145651340484619,0.4173692464828491,0.4547954499721527,0.4195629060268402,0.5477951169013977,0.6711782813072205,0.5057388544082642,0.6710755825042725,0.5767959952354431,0.6799718141555786,0.4922787845134735,0.6728407740592957,0.5752421617507935,0.743752121925354,0.4845932722091675,0.7558950185775757
114,0.5331994891166687,0.5128830671310425,0.5595352649688721,0.5449223518371582,0.6012134552001953,0.5064011812210083,0.4956681430339813,0.5381811857223511,0.4691751003265381,0.4949410557746887,0.6113818287849426,0.4135054349899292,0.4538564682006836,0.4243088662624359,0.5474716424942017,0.665856122970581,0.5080839395523071,0.6661133766174316,0.5778771638870239,0.6790149211883545,0.49428972601890564,0.6744179129600525,0.5760343074798584,0.7441186308860779,0.4829874038696289,0.7553454637527466
115,0.5275478363037109,0.5218119025230408,0.5589132905006409,0.5486215949058533,0.6007612943649292,0.5099490880966187,0.4979850649833679,0.5422067642211914,0.4671023488044739,0.49579450488090515,0.6117923855781555,0.4172991216182709,0.4511915147304535,0.43302422761917114,0.5443264245986938,0.663208544254303,0.5046670436859131,0.6627424955368042,0.5710896253585815,0.675229549407959,0.4969080686569214,0.6725142002105713,0.5744949579238892,0.7465513944625854,0.4842014014720917,0.7564598917961121
116,0.5318008065223694,0.5204241275787354,0.5605776309967041,0.547638475894928,0.6030967831611633,0.5099146366119385,0.5023027062416077,0.5442951321601868,0.47303521633148193,0.49766480922698975,0.6084522604942322,0.41887396574020386,0.453804612159729,0.4366682767868042,0.5494474172592163,0.6689440608024597,0.5080854296684265,0.6678075194358826,0.5782999992370605,0.6829866766929626,0.4954143464565277,0.6769464015960693,0.5748683214187622,0.751504123210907,0.4832814931869507,0.7580592036247253
117,0.5260684490203857,0.5275933146476746,0.5628050565719604,0.5488697290420532,0.5998963713645935,0.49772340059280396,0.4965251684188843,0.5444568395614624,0.47426193952560425,0.4975270628929138,0.6103938817977905,0.4193645119667053,0.4506962299346924,0.4450058341026306,0.5493270754814148,0.6707140207290649,0.5059775114059448,0.6710599660873413,0.5687750577926636,0.6863969564437866,0.4947222173213959,0.6802303194999695,0.5702016949653625,0.7523454427719116,0.48340532183647156,0.7574059367179871
118,0.524193525314331,0.5324996709823608,0.5671014785766602,0.5570411682128906,0.6051051020622253,0.5100061893463135,0.4883708953857422,0.5461664795875549,0.468585342168808,0.499874472618103,0.6068776249885559,0.426613450050354,0.44891712069511414,0.4452066123485565,0.5491744875907898,0.6766173839569092,0.5001129508018494,0.6809965968132019,0.5733583569526672,0.687435507774353,0.48942750692367554,0.6777245402336121,0.5736967325210571,0.7461637258529663,0.48725196719169617,0.7507033348083496
119,0.5246753692626953,0.5346256494522095,0.5668437480926514,0.55650794506073,0.6026503443717957,0.5083471536636353,0.48816704750061035,0.5444741249084473,0.4668967127799988,0.5009845495223999,0.6109371781349182,0.4249313771724701,0.44969016313552856,0.44125646352767944,0.5456395745277405,0.6737091541290283,0.497805118560791,0.6723068952560425,0.5644798278808594,0.6804113388061523,0.4930134415626526,0.6760486960411072,0.5674156546592712,0.7497048377990723,0.4855651557445526,0.7509028911590576
120,0.5247241854667664,0.5373938083648682,0.5603825449943542,0.5645343065261841,0.5999341607093811,0.5150130987167358,0.48871657252311707,0.5569115877151489,0.4645894169807434,0.5021759867668152,0.6116798520088196,0.43894898891448975,0.45055896043777466,0.44887566566467285,0.5443721413612366,0.6699761152267456,0.5031880140304565,0.6708314418792725,0.556460976600647,0.6594768166542053,0.4994068741798401,0.6557760834693909,0.5678567290306091,0.7541857957839966,0.494727224111557,0.7484893202781677
121,0.5264331698417664,0.536552369594574,0.5588974952697754,0.5626059770584106,0.5985506772994995,0.5155009627342224,0.4950392246246338,0.5505171418190002,0.469321072101593,0.502571702003479,0.6051746606826782,0.43535587191581726,0.4509505033493042,0.44889920949935913,0.5464508533477783,0.6787320971488953,0.5041483044624329,0.6680271625518799,0.5640861988067627,0.674350380897522,0.4976779818534851,0.6709309816360474,0.5686336755752563,0.7539123892784119,0.48674893379211426,0.7565100193023682
122,0.5273194313049316,0.5384151935577393,0.5584695339202881,0.5644387602806091,0.5968364477157593,0.5168009400367737,0.4953719973564148,0.5505715608596802,0.47221827507019043,0.5036131739616394,0.6059334874153137,0.437188982963562,0.44966059923171997,0.4507083296775818,0.5431812405586243,0.6696974635124207,0.5036025047302246,0.6663483381271362,0.5629011392593384,0.6678222417831421,0.5009855628013611,0.6563369035720825,0.5695886611938477,0.7489441633224487,0.4895002841949463,0.7557872533798218
123,0.5283610820770264,0.5385815501213074,0.5592765212059021,0.5644522905349731,0.5971008539199829,0.5169171094894409,0.49364539980888367,0.5510560870170593,0.4650067090988159,0.5037349462509155,0.6065719723701477,0.43517327308654785,0.44953104853630066,0.4512428939342499,0.5425378084182739,0.6701566576957703,0.5020270943641663,0.6673645377159119,0.5617705583572388,0.6668810844421387,0.5009523034095764,0.6535607576370239,0.5693332552909851,0.7495766878128052,0.4886762797832489,0.7495726943016052
124,0.5285031795501709,0.540578305721283,0.5600555539131165,0.5640360116958618,0.599750816822052,0.5167728662490845,0.49209126830101013,0.5500755310058594,0.46384915709495544,0.5031641125679016,0.6092348694801331,0.4404950737953186,0.4436815679073334,0.45047056674957275,0.5428779125213623,0.6692845821380615,0.5022338628768921,0.6671048998832703,0.5611719489097595,0.664289116859436,0.5024229884147644,0.649599552154541,0.5739097595214844,0.741271436214447,0.4909902811050415,0.7483465671539307
125,0.528079092502594,0.5395660400390625,0.5593181848526001,0.5618405342102051,0.5998202562332153,0.516720175743103,0.4946671426296234,0.5481257438659668,0.4647793173789978,0.5025368928909302,0.6112785339355469,0.44332456588745117,0.4434897303581238,0.4520201086997986,0.5431100130081177,0.6664892435073853,0.5035588145256042,0.6646203994750977,0.5587511658668518,0.6642823219299316,0.5021467208862305,0.6495214104652405,0.5696418285369873,0.7482591867446899,0.491912841796875,0.7559160590171814
126,0.5259585976600647,0.5374457836151123,0.5579138994216919,0.5630452632904053,0.6011705994606018,0.5164390802383423,0.4944837689399719,0.5496195554733276,0.46729791164398193,0.5031569004058838,0.6095052361488342,0.4420167803764343,0.44453567266464233,0.45450133085250854,0.5440717935562134,0.6692914366722107,0.5042995810508728,0.6664674282073975,0.5605050921440125,0.6715893149375916,0.4961337745189667,0.6619090437889099,0.5701271295547485,0.7525209784507751,0.4901188313961029,0.7575604915618896
127,0.5255956649780273,0.5365890264511108,0.558630108833313,0.5625298619270325,0.601087212562561,0.5167884826660156,0.4944973886013031,0.5501397848129272,0.46815261244773865,0.5039955973625183,0.6092314720153809,0.4427962899208069,0.44541651010513306,0.4558452069759369,0.5450159311294556,0.66994708776474,0.5048890113830566,0.6671175360679626,0.5613043308258057,0.6722226142883301,0.4949415624141693,0.6637158393859863,0.5690945386886597,0.7538649439811707,0.4858958125114441,0.7529324293136597
128,0.5241557359695435,0.5359644889831543,0.5581732392311096,0.5619256496429443,0.5987390279769897,0.5208395719528198,0.49444878101348877,0.5495726466178894,0.4678035378456116,0.5055655837059021,0.6098992228507996,0.4439985454082489,0.44639116525650024,0.45759308338165283,0.5449026823043823,0.6689097285270691,0.5051620006561279,0.6656248569488525,0.5626862049102783,0.6722797155380249,0.49539420008659363,0.6641503572463989,0.5701847076416016,0.7539047598838806,0.4861745536327362,0.753656268119812
129,0.5244698524475098,0.5357367992401123,0.558803379535675,0.5614645481109619,0.5986316204071045,0.5211813449859619,0.49411770701408386,0.5500601530075073,0.46710026264190674,0.5086066126823425,0.6085413098335266,0.44230741262435913,0.44671517610549927,0.45754504203796387,0.544751763343811,0.6696590185165405,0.5049246549606323,0.6664864420890808,0.5624826550483704,0.6719025373458862,0.49646925926208496,0.663701057434082,0.569553017616272,0.7546180486679077,0.48651111125946045,0.7543874979019165
130,0.5245019197463989,0.5362519025802612,0.5594744682312012,0.5639874339103699,0.5984722375869751,0.523040235042572,0.4938848912715912,0.5497087240219116,0.4576987624168396,0.5195725560188293,0.606798529624939,0.44190773367881775,0.4483085572719574,0.45813509821891785,0.5465035438537598,0.6806005239486694,0.5026774406433105,0.677855372428894,0.5653544068336487,0.6745087504386902,0.49601155519485474,0.6658614873886108,0.5701100826263428,0.7532247304916382,0.4881300628185272,0.7526932954788208
131,0.5251742005348206,0.5362920165061951,0.560247004032135,0.5640643239021301,0.5990954041481018,0.5222262740135193,0.4942830502986908,0.5488183498382568,0.4575270116329193,0.5189992189407349,0.6064711809158325,0.43902871012687683,0.44857215881347656,0.45788776874542236,0.546265184879303,0.672400951385498,0.5044841170310974,0.6679460406303406,0.5649715662002563,0.676151692867279,0.4952504336833954,0.665132999420166,0.5702966451644897,0.7534169554710388,0.48737820982933044,0.7530125379562378
132,0.5273653268814087,0.5439848899841309,0.5627604126930237,0.5721285343170166,0.6029864549636841,0.5264277458190918,0.4883279502391815,0.5569639801979065,0.46070414781570435,0.5116618871688843,0.6053332686424255,0.4453793466091156,0.4497841000556946,0.45974457263946533,0.5480490326881409,0.6668020486831665,0.5054627656936646,0.6611030697822571,0.569137692451477,0.6834067702293396,0.49591320753097534,0.6564682126045227,0.5724318027496338,0.7547881603240967,0.4939863085746765,0.7512996196746826
133,0.5254800319671631,0.5404056310653687,0.5608837008476257,0.5700294971466064,0.6024453639984131,0.5299429893493652,0.49036717414855957,0.5494738817214966,0.45730453729629517,0.5117868185043335,0.6041402816772461,0.44385993480682373,0.4471317529678345,0.45871835947036743,0.5498343706130981,0.6729793548583984,0.5063790082931519,0.665488064289093,0.5679157972335815,0.6832108497619629,0.4933502674102783,0.6693971157073975,0.5740135312080383,0.7523815035820007,0.48872920870780945,0.7542396783828735
134,0.5251083970069885,0.5419686436653137,0.5613911151885986,0.5708277821540833,0.6032919883728027,0.5299862027168274,0.4910993278026581,0.5542128682136536,0.45628365874290466,0.5119690895080566,0.6048789024353027,0.4442030191421509,0.4470868706703186,0.4590984582901001,0.549461841583252,0.6732975840568542,0.5052516460418701,0.6655286550521851,0.569261372089386,0.6870685815811157,0.4927433729171753,0.6727942824363708,0.5740153789520264,0.7528551816940308,0.48880553245544434,0.7547743320465088
135,0.525307297706604,0.5413784384727478,0.5616161823272705,0.5707696676254272,0.6048265695571899,0.532273530960083,0.4906178116798401,0.5541439056396484,0.4561363160610199,0.5134246349334717,0.6049470901489258,0.44405311346054077,0.4470524787902832,0.4588885009288788,0.5508295297622681,0.6874071955680847,0.5044006109237671,0.669925332069397,0.5736989974975586,0.6965967416763306,0.49388062953948975,0.6736531257629395,0.5733821392059326,0.7543356418609619,0.48838651180267334,0.7556393146514893
136,0.524949848651886,0.5374335050582886,0.5600038766860962,0.570001482963562,0.6058029532432556,0.5276947617530823,0.4891451299190521,0.5516567230224609,0.4503117501735687,0.5182618498802185,0.6031105518341064,0.4436079263687134,0.44772517681121826,0.45821377635002136,0.5497341156005859,0.6861581206321716,0.5040010213851929,0.68001389503479,0.5739244818687439,0.6962029337882996,0.49213457107543945,0.6748117208480835,0.5759928822517395,0.7515225410461426,0.48799794912338257,0.7534768581390381
137,0.5249546766281128,0.5383339524269104,0.561447262763977,0.5697304010391235,0.6060808300971985,0.5288311243057251,0.4893781840801239,0.5512397289276123,0.45487648248672485,0.5135900974273682,0.6040669083595276,0.44316214323043823,0.4473365545272827,0.45851144194602966,0.5495933890342712,0.6876296401023865,0.5037015676498413,0.6817353963851929,0.5749036073684692,0.6989854574203491,0.4917416572570801,0.6771406531333923,0.5742007493972778,0.753101110458374,0.4882467985153198,0.7537633776664734
138,0.5258932113647461,0.5391170382499695,0.5637882351875305,0.5695295929908752,0.6055300831794739,0.5254831910133362,0.48890554904937744,0.5511645078659058,0.45148783922195435,0.5174732208251953,0.6047421097755432,0.44427311420440674,0.4468522071838379,0.45818984508514404,0.547970712184906,0.6777083873748779,0.5033276081085205,0.6707307696342468,0.5729105472564697,0.6991820335388184,0.491617888212204,0.6767042875289917,0.5705699920654297,0.75760817527771,0.4903891086578369,0.7524791955947876
139,0.5259396433830261,0.5388706922531128,0.5611593127250671,0.5700558423995972,0.605430543422699,0.5290765762329102,0.48965999484062195,0.5544998645782471,0.4546099305152893,0.5193233489990234,0.6049759984016418,0.44262421131134033,0.4474031329154968,0.45912230014801025,0.5495280623435974,0.6859095096588135,0.5039454698562622,0.6704277396202087,0.5649051666259766,0.6821092963218689,0.49407562613487244,0.6698793172836304,0.570347249507904,0.7550712823867798,0.490699827671051,0.7498459815979004
140,0.5260844230651855,0.5407155752182007,0.5647863745689392,0.5622599124908447,0.604339599609375,0.5277522802352905,0.4869084060192108,0.5459540486335754,0.46066850423812866,0.5109629034996033,0.6046334505081177,0.4418428838253021,0.44764244556427,0.45839112997055054,0.5497373342514038,0.6732248067855835,0.5034563541412354,0.6687769293785095,0.567607045173645,0.67853182554245,0.498783677816391,0.6708157062530518,0.5719284415245056,0.7567172050476074,0.49278077483177185,0.7570521831512451
141,0.5245110988616943,0.5377770662307739,0.5692274570465088,0.5588613748550415,0.607574999332428,0.512159526348114,0.48754093050956726,0.5443897843360901,0.4590465724468231,0.5076606273651123,0.6092545986175537,0.4388975501060486,0.44709548354148865,0.4541167914867401,0.5482098460197449,0.6752996444702148,0.5010758638381958,0.6809768676757812,0.572138249874115,0.7002102732658386,0.49149295687675476,0.6932206153869629,0.5737676620483398,0.7559730410575867,0.4894275665283203,0.755027711391449
142,0.5245010852813721,0.5297919511795044,0.5656170845031738,0.5561872720718384,0.6067987680435181,0.5181417465209961,0.49137556552886963,0.5429389476776123,0.45310327410697937,0.5109179019927979,0.6068068742752075,0.43995875120162964,0.44567519426345825,0.45375534892082214,0.549343466758728,0.6704485416412354,0.5047951936721802,0.6672086119651794,0.5761600136756897,0.6941158175468445,0.49194738268852234,0.6920108199119568,0.5748996734619141,0.7548209428787231,0.48818087577819824,0.7580916285514832
143,0.5305113792419434,0.5201410055160522,0.5646836757659912,0.5463559627532959,0.6056317687034607,0.5111261606216431,0.49878057837486267,0.5383652448654175,0.4661194086074829,0.4993656277656555,0.6085381507873535,0.4314427077770233,0.44894111156463623,0.4312780797481537,0.5453770160675049,0.6706146001815796,0.5041212439537048,0.669546365737915,0.5778266191482544,0.6894509196281433,0.4929858148097992,0.6887404918670654,0.5726957321166992,0.7476028203964233,0.488496869802475,0.7546018362045288
144,0.5357315540313721,0.4919988512992859,0.5687187910079956,0.5192214250564575,0.5984678864479065,0.46983569860458374,0.5038213133811951,0.5151093006134033,0.4663885831832886,0.47141385078430176,0.6164401173591614,0.4047587513923645,0.4602784514427185,0.41359567642211914,0.548427939414978,0.648207426071167,0.5057222843170166,0.6459347605705261,0.5727497339248657,0.6704069972038269,0.4955390393733978,0.6636791825294495,0.575722336769104,0.7465560436248779,0.48536747694015503,0.756051778793335
145,0.5335683822631836,0.486460417509079,0.5666069388389587,0.5183014273643494,0.6016156077384949,0.46654337644577026,0.5019198060035706,0.513659656047821,0.4628572463989258,0.46796250343322754,0.6154251098632812,0.4046008586883545,0.4547657370567322,0.40567660331726074,0.5460561513900757,0.6432070136070251,0.5027493238449097,0.6427469253540039,0.5718806385993958,0.6668409109115601,0.5036075711250305,0.6573730707168579,0.5770891904830933,0.7426478862762451,0.48525795340538025,0.7530794143676758
146,0.5352249145507812,0.4758235812187195,0.5584699511528015,0.502433180809021,0.603956937789917,0.4622982144355774,0.5027008056640625,0.5011343955993652,0.4716631770133972,0.45614001154899597,0.6089192032814026,0.3962213397026062,0.4552265405654907,0.3881532847881317,0.5376666784286499,0.6255874037742615,0.5012285113334656,0.6249707341194153,0.5759018659591675,0.6723278760910034,0.495380163192749,0.6636742353439331,0.576560378074646,0.7411364912986755,0.48750168085098267,0.7507647275924683
147,0.5354829430580139,0.46858304738998413,0.5589319467544556,0.49309247732162476,0.6032721996307373,0.4440745711326599,0.5004806518554688,0.49447762966156006,0.47383660078048706,0.4507029056549072,0.6068838834762573,0.38056716322898865,0.4548964500427246,0.3759002387523651,0.5343897938728333,0.6167593598365784,0.498163104057312,0.6176172494888306,0.5756134986877441,0.670409619808197,0.4949265718460083,0.6667129397392273,0.5770202279090881,0.7413712739944458,0.48779094219207764,0.7560099959373474
148,0.538643479347229,0.4642344117164612,0.5589033365249634,0.48886287212371826,0.6042450666427612,0.43987128138542175,0.501451313495636,0.4898492693901062,0.482980340719223,0.4233289361000061,0.6129026412963867,0.3861238658428192,0.4569493532180786,0.3767184019088745,0.542727530002594,0.6084904670715332,0.49918311834335327,0.6075221300125122,0.571850597858429,0.6647260189056396,0.4924545884132385,0.6617018580436707,0.5736994743347168,0.7403237819671631,0.4860718846321106,0.7540955543518066
149,0.5341479182243347,0.45371317863464355,0.5644153952598572,0.4742055833339691,0.6029752492904663,0.42107051610946655,0.49592918157577515,0.4748036861419678,0.48068758845329285,0.40853437781333923,0.6115815043449402,0.36458539962768555,0.45552965998649597,0.36161524057388306,0.5397705435752869,0.6037555932998657,0.5016744136810303,0.6031796336174011,0.5743361711502075,0.6645633578300476,0.4953976571559906,0.6636682152748108,0.5732738971710205,0.7387856841087341,0.4865214228630066,0.751067042350769
150,0.5383265614509583,0.44943922758102417,0.5689145922660828,0.47490018606185913,0.605812668800354,0.4114425778388977,0.49781662225723267,0.4723482131958008,0.47960561513900757,0.4015900492668152,0.6050163507461548,0.3490021228790283,0.45666787028312683,0.3463028371334076,0.5390357971191406,0.5958846807479858,0.5023697018623352,0.5961854457855225,0.573271632194519,0.6560571193695068,0.49989053606987,0.6545062065124512,0.5751259326934814,0.73790442943573,0.4867783486843109,0.7499866485595703
151,0.5351455211639404,0.4512523412704468,0.5641794204711914,0.47355562448501587,0.6050882339477539,0.4124540090560913,0.4945635497570038,0.46928495168685913,0.4790412187576294,0.40302425622940063,0.608588695526123,0.3492450416088104,0.4569082260131836,0.3418452739715576,0.5364988446235657,0.5926647186279297,0.5003693699836731,0.5936554670333862,0.5732262134552002,0.6552424430847168,0.49911731481552124,0.6585813760757446,0.5732957720756531,0.7391814589500427,0.4864668846130371,0.7515068054199219
152,0.5331998467445374,0.42779624462127686,0.5601487159729004,0.4571787714958191,0.6058573126792908,0.4108249843120575,0.4966297745704651,0.4568638801574707,0.47313737869262695,0.4016626477241516,0.606282114982605,0.3384999930858612,0.4575715959072113,0.3406963050365448,0.5375022888183594,0.5797594785690308,0.5004374980926514,0.5816211104393005,0.5749508142471313,0.6504368185997009,0.4923399090766907,0.6536643505096436,0.5740869045257568,0.7387050986289978,0.4841080605983734,0.7497372031211853
153,0.5335484743118286,0.42056533694267273,0.5609710812568665,0.4523635506629944,0.6043397188186646,0.3988574147224426,0.4887334108352661,0.4444892108440399,0.47126394510269165,0.3817692697048187,0.6037535667419434,0.3373778760433197,0.4579080045223236,0.33479881286621094,0.5370297431945801,0.5721331238746643,0.49900341033935547,0.5749770998954773,0.5755110383033752,0.650680661201477,0.49097150564193726,0.6547069549560547,0.5745583772659302,0.7402705550193787,0.4845689535140991,0.7513109445571899
154,0.5336084365844727,0.41132423281669617,0.5621824264526367,0.44604623317718506,0.6036699414253235,0.3988329768180847,0.4970274567604065,0.4381253719329834,0.4739477038383484,0.3833201825618744,0.6090912222862244,0.3341023921966553,0.45928359031677246,0.3303380608558655,0.5402615666389465,0.5656492114067078,0.5006860494613647,0.5681993961334229,0.5751790404319763,0.6532748937606812,0.4882110059261322,0.6593456268310547,0.5736626386642456,0.7390130758285522,0.48500341176986694,0.7500081062316895
155,0.5310584306716919,0.4044320285320282,0.5601288080215454,0.4377533793449402,0.603084921836853,0.38930127024650574,0.49050647020339966,0.4330800473690033,0.4732270836830139,0.3906554877758026,0.6061359643936157,0.31870466470718384,0.46020644903182983,0.321230411529541,0.5434325933456421,0.5599551796913147,0.4954901337623596,0.5630437135696411,0.5776900053024292,0.6473419666290283,0.4895354211330414,0.6544631719589233,0.5733282566070557,0.7398636341094971,0.4857974946498871,0.7522072792053223
156,0.5311248898506165,0.3925734758377075,0.5652804970741272,0.43040773272514343,0.5999239683151245,0.3736727237701416,0.49702292680740356,0.4320695996284485,0.4851541221141815,0.36107075214385986,0.6024799942970276,0.3001457154750824,0.4594297409057617,0.29728853702545166,0.5448712110519409,0.5517539978027344,0.4981165826320648,0.5527869462966919,0.5772454142570496,0.6538043022155762,0.4924926161766052,0.6589983701705933,0.5712510347366333,0.7403591871261597,0.4892033338546753,0.7505019903182983
157,0.5307760238647461,0.390433132648468,0.568041205406189,0.4255814254283905,0.6007187366485596,0.3717188835144043,0.4939810037612915,0.42773985862731934,0.4776434600353241,0.3639945983886719,0.6041762828826904,0.2918108105659485,0.4587586522102356,0.2998822033405304,0.547491729259491,0.5562028884887695,0.4976828992366791,0.5570031404495239,0.5733345150947571,0.6493715643882751,0.49329376220703125,0.6565114855766296,0.5682421922683716,0.7386497855186462,0.48701757192611694,0.7477263808250427
158,0.5303921699523926,0.38593873381614685,0.5667374730110168,0.41551733016967773,0.5984678268432617,0.3675081431865692,0.4995039105415344,0.42001211643218994,0.48519575595855713,0.3649176359176636,0.6057957410812378,0.2825218141078949,0.4582006335258484,0.29791826009750366,0.5478065013885498,0.5516374111175537,0.4992848038673401,0.5524883270263672,0.5712080001831055,0.6490418314933777,0.4919469952583313,0.6576478481292725,0.567387580871582,0.7418695688247681,0.48701605200767517,0.7494334578514099
159,0.5260158777236938,0.37778669595718384,0.5637481212615967,0.40757083892822266,0.597937822341919,0.36248016357421875,0.4995114505290985,0.41040289402008057,0.4885055720806122,0.3584521412849426,0.6042429208755493,0.2865588963031769,0.45697614550590515,0.2874302566051483,0.5469059944152832,0.5394188165664673,0.501632034778595,0.5406328439712524,0.5734673142433167,0.6472487449645996,0.49289485812187195,0.6506307125091553,0.5695117712020874,0.7425179481506348,0.48778587579727173,0.7502912878990173
160,0.5296186208724976,0.3770139813423157,0.5650240182876587,0.4046201705932617,0.5977463126182556,0.3598964810371399,0.4954013526439667,0.40529173612594604,0.4938187599182129,0.3559490442276001,0.6032127141952515,0.2841096520423889,0.4586096405982971,0.2855609059333801,0.5473309755325317,0.5344768166542053,0.5031460523605347,0.5356343984603882,0.571678638458252,0.6430568695068359,0.49280187487602234,0.6462240219116211,0.5703220367431641,0.742671012878418,0.4882621169090271,0.7491256594657898
161,0.5291849374771118,0.3731018304824829,0.5702870488166809,0.4060823619365692,0.6007517576217651,0.3528323769569397,0.4990994334220886,0.4069547653198242,0.49140915274620056,0.3480072021484375,0.6079151630401611,0.278011679649353,0.45804792642593384,0.27824467420578003,0.5474984049797058,0.5330957174301147,0.5011116862297058,0.5334789752960205,0.5642309188842773,0.6445509195327759,0.4940728545188904,0.6525147557258606,0.5662832260131836,0.7439438700675964,0.486859530210495,0.7513603568077087
162,0.5297964811325073,0.3723474144935608,0.5687700510025024,0.39960572123527527,0.6002018451690674,0.35183021426200867,0.5014313459396362,0.4007997512817383,0.4905320107936859,0.34104347229003906,0.6087818145751953,0.27396291494369507,0.4578006863594055,0.27731844782829285,0.5486330986022949,0.5275304317474365,0.5033052563667297,0.5275273323059082,0.5643070340156555,0.6388998627662659,0.4934447407722473,0.6415913105010986,0.5645102858543396,0.742766797542572,0.4855765104293823,0.7473151683807373
163,0.5251650214195251,0.36655908823013306,0.5737740397453308,0.3933963477611542,0.6005849242210388,0.34530889987945557,0.49686846137046814,0.39438891410827637,0.48943206667900085,0.3390377461910248,0.6087644100189209,0.26949411630630493,0.45885905623435974,0.28281667828559875,0.5515048503875732,0.5214245319366455,0.5035873651504517,0.5201044678688049,0.5632924437522888,0.6318182349205017,0.4936911463737488,0.6327109336853027,0.5675170421600342,0.7361511588096619,0.48627352714538574,0.7444980144500732
164,0.5286312103271484,0.3699687123298645,0.5690873861312866,0.3932497203350067,0.6015771627426147,0.34378382563591003,0.5019047260284424,0.39722582697868347,0.4894700050354004,0.3383028209209442,0.6085770130157471,0.26959460973739624,0.4586089253425598,0.28077906370162964,0.5500450134277344,0.520750880241394,0.5051448941230774,0.5215261578559875,0.5604233741760254,0.6313683986663818,0.4949008822441101,0.6333558559417725,0.568903923034668,0.7371434569358826,0.48730847239494324,0.7461392879486084
165,0.5275453329086304,0.3687150180339813,0.5686019062995911,0.39303040504455566,0.6022436618804932,0.3428032100200653,0.4977724552154541,0.3967323899269104,0.4835362434387207,0.33340418338775635,0.6075153350830078,0.2708752155303955,0.4598163068294525,0.2777889668941498,0.5466910600662231,0.5216655731201172,0.5014640092849731,0.5225034952163696,0.5627392530441284,0.6341372728347778,0.4935232400894165,0.636491060256958,0.5676842927932739,0.7385040521621704,0.4867328405380249,0.7461644411087036
166,0.5277299284934998,0.36729416251182556,0.5701643228530884,0.3914545476436615,0.6040602922439575,0.3348439335823059,0.500561535358429,0.39509379863739014,0.48770958185195923,0.3302958607673645,0.6111649870872498,0.2657565474510193,0.4613969922065735,0.2847302556037903,0.5470669865608215,0.5214375257492065,0.5015313625335693,0.5221276879310608,0.5624917149543762,0.636573314666748,0.4955710768699646,0.6364994049072266,0.5659560561180115,0.7385247945785522,0.4858127236366272,0.7449697256088257
167,0.5277377367019653,0.36623096466064453,0.5720076560974121,0.38966771960258484,0.6025846004486084,0.3340832591056824,0.4996775984764099,0.3925616443157196,0.48729920387268066,0.32887202501296997,0.6102204918861389,0.2639230489730835,0.46273359656333923,0.2841063141822815,0.5496722459793091,0.5207571983337402,0.5023801922798157,0.5202203989028931,0.5622194409370422,0.6390333771705627,0.4947964549064636,0.6357523202896118,0.5652174949645996,0.7386907339096069,0.48586010932922363,0.7444372177124023
168,0.5260055065155029,0.3593534827232361,0.5701753497123718,0.38185593485832214,0.6025597453117371,0.3238871395587921,0.4980278015136719,0.383675217628479,0.48482343554496765,0.3226306438446045,0.6127327680587769,0.260215163230896,0.4583892822265625,0.2607001066207886,0.5502695441246033,0.5199618339538574,0.5009757280349731,0.5168591737747192,0.5643666982650757,0.6317673921585083,0.4906192421913147,0.6346684694290161,0.5683114528656006,0.7372581362724304,0.48800644278526306,0.7454128265380859
169,0.5276474952697754,0.36000296473503113,0.5712094902992249,0.38151079416275024,0.6036598682403564,0.32431015372276306,0.4998849332332611,0.3849140405654907,0.48489031195640564,0.3222312331199646,0.6130514144897461,0.2611224055290222,0.4606502056121826,0.2642688453197479,0.5475228428840637,0.5168595314025879,0.500629186630249,0.5179774165153503,0.5557171702384949,0.6338337063789368,0.49333322048187256,0.6325129270553589,0.5650595426559448,0.7381582260131836,0.48657214641571045,0.745071530342102
170,0.5256378650665283,0.360628604888916,0.575072169303894,0.3856163024902344,0.6031080484390259,0.3245266377925873,0.5011186003684998,0.38587498664855957,0.48600494861602783,0.3215198516845703,0.6122562885284424,0.26149672269821167,0.45871371030807495,0.2629391849040985,0.5485693216323853,0.5166101455688477,0.5012657642364502,0.5173327922821045,0.5574085116386414,0.6339199542999268,0.49336183071136475,0.6327521800994873,0.5665333867073059,0.7368404865264893,0.4863462448120117,0.7443605661392212
171,0.5257482528686523,0.36156004667282104,0.5713083744049072,0.3831038475036621,0.6032100915908813,0.32763224840164185,0.4991912841796875,0.3867447078227997,0.48811548948287964,0.3209397792816162,0.6129291653633118,0.2632119953632355,0.4631578326225281,0.2719999849796295,0.5481476187705994,0.52043616771698,0.5007790327072144,0.5180463194847107,0.5564489364624023,0.6375373005867004,0.49267277121543884,0.6359933614730835,0.5660951137542725,0.7382514476776123,0.48667436838150024,0.7459360957145691
172,0.5248672962188721,0.3613567054271698,0.5742950439453125,0.3839641809463501,0.6028945446014404,0.32779645919799805,0.4990091919898987,0.3859395384788513,0.48998576402664185,0.3234342932701111,0.6142505407333374,0.2636459171772003,0.46290335059165955,0.27423107624053955,0.5485768914222717,0.5219017267227173,0.500106930732727,0.5181308388710022,0.5568323135375977,0.6393903493881226,0.49066123366355896,0.6369503736495972,0.5674527883529663,0.7391848564147949,0.482948362827301,0.7447659969329834
173,0.5254158973693848,0.36177584528923035,0.5722614526748657,0.38414832949638367,0.6024467945098877,0.32781416177749634,0.5002397894859314,0.3880004584789276,0.4886152148246765,0.3234458565711975,0.6164122819900513,0.26213541626930237,0.463473379611969,0.27541816234588623,0.5484665632247925,0.5179869532585144,0.5008861422538757,0.5178138613700867,0.5571723580360413,0.6353627443313599,0.489815354347229,0.6331160068511963,0.5682167410850525,0.7378842830657959,0.4838724732398987,0.7456075549125671
174,0.5277329683303833,0.36190325021743774,0.5717830657958984,0.3837931156158447,0.6028331518173218,0.3261491060256958,0.5001659393310547,0.38762807846069336,0.48585033416748047,0.3238821029663086,0.616919994354248,0.2595665156841278,0.46106764674186707,0.2715738117694855,0.5483640432357788,0.5196671485900879,0.5003064274787903,0.5156552791595459,0.5568009614944458,0.6356726884841919,0.4909927546977997,0.6341333985328674,0.5669737458229065,0.7387582063674927,0.484942764043808,0.7476970553398132
175,0.5263353586196899,0.36187610030174255,0.5711768865585327,0.38333696126937866,0.6027341485023499,0.32399290800094604,0.49887189269065857,0.3870076835155487,0.4856519103050232,0.32316160202026367,0.613308310508728,0.2610616683959961,0.45969969034194946,0.2704280614852905,0.5470651388168335,0.5160762071609497,0.4997231364250183,0.5171177387237549,0.555914044380188,0.6358263492584229,0.4907495677471161,0.634232759475708,0.5669822692871094,0.7390532493591309,0.48567068576812744,0.7474388480186462
176,0.5256282091140747,0.3604889512062073,0.5731630921363831,0.3861512839794159,0.6018986701965332,0.3220950961112976,0.49907371401786804,0.38629889488220215,0.4837634265422821,0.3230932354927063,0.6143063902854919,0.26075026392936707,0.45798906683921814,0.26895391941070557,0.5482062697410583,0.5180366635322571,0.5004097819328308,0.5148524641990662,0.5564420819282532,0.6357143521308899,0.4907829761505127,0.6346823573112488,0.567500650882721,0.739806592464447,0.48585039377212524,0.7479404807090759
177,0.528930127620697,0.3625372350215912,0.5723336935043335,0.38473814725875854,0.6028299927711487,0.3203519582748413,0.498958557844162,0.38713884353637695,0.4804375171661377,0.32155871391296387,0.6134968996047974,0.26251888275146484,0.45711490511894226,0.2679958939552307,0.5484886169433594,0.5185583829879761,0.5009366273880005,0.5164749622344971,0.5589805841445923,0.6354639530181885,0.4893839955329895,0.634015679359436,0.5686386227607727,0.7382208704948425,0.4859078824520111,0.7467701435089111
178,0.5297595262527466,0.3626786470413208,0.5717524290084839,0.3838185667991638,0.6045239567756653,0.3215140700340271,0.4994050860404968,0.3864313066005707,0.4784921109676361,0.3205333352088928,0.6147609949111938,0.26527464389801025,0.4572313725948334,0.26590174436569214,0.5502973794937134,0.5181573033332825,0.501971423625946,0.5163430571556091,0.5611344575881958,0.6352343559265137,0.4891216456890106,0.6341380476951599,0.5681312084197998,0.7390921115875244,0.485398530960083,0.7470409274101257
179,0.5308253765106201,0.3612299859523773,0.5717811584472656,0.38381171226501465,0.6047694683074951,0.3193240165710449,0.4986017644405365,0.3862144351005554,0.476685106754303,0.31848961114883423,0.6117923259735107,0.26115766167640686,0.4555787444114685,0.26202771067619324,0.5504888296127319,0.519274115562439,0.501949667930603,0.5170374512672424,0.5608598589897156,0.6353794932365417,0.4885135591030121,0.6336658000946045,0.5671173334121704,0.7395238876342773,0.4848085343837738,0.7462987899780273
180,0.5343000292778015,0.3611253499984741,0.5737800002098083,0.3855838477611542,0.6031321287155151,0.3255213499069214,0.5013912916183472,0.3859439492225647,0.4849640727043152,0.32215648889541626,0.6099758744239807,0.2636840045452118,0.45643994212150574,0.25986337661743164,0.5526427030563354,0.5204729437828064,0.5048980712890625,0.5177041292190552,0.5642670392990112,0.6323606967926025,0.4927160143852234,0.631584882736206,0.5677180886268616,0.7371525168418884,0.4849002957344055,0.7444984912872314
181,0.5348321199417114,0.35936853289604187,0.5777424573898315,0.3881773352622986,0.6155117750167847,0.3207440972328186,0.5024385452270508,0.38847339153289795,0.4812923073768616,0.32203859090805054,0.615198016166687,0.2571019232273102,0.4557732045650482,0.2590976357460022,0.5508189797401428,0.51822429895401,0.5004463791847229,0.51581209897995,0.5609390139579773,0.6340562105178833,0.4936405420303345,0.6316062211990356,0.563624918460846,0.7374646663665771,0.4858736991882324,0.745376706123352
182,0.5318607091903687,0.3621061444282532,0.5716266632080078,0.38395410776138306,0.6190634965896606,0.32366251945495605,0.5039515495300293,0.38722801208496094,0.47963806986808777,0.3351210057735443,0.6165679097175598,0.2657409906387329,0.4584875702857971,0.26237964630126953,0.5518026351928711,0.5155768394470215,0.5043689608573914,0.5133122205734253,0.5608879327774048,0.6386824250221252,0.49317285418510437,0.6338531970977783,0.5673187971115112,0.7374740839004517,0.48445677757263184,0.7465090155601501
183,0.5399950742721558,0.3598366677761078,0.5785350203514099,0.38947105407714844,0.6275627613067627,0.3393701910972595,0.5024904608726501,0.3884921669960022,0.4695512652397156,0.34063977003097534,0.6214237809181213,0.2740035057067871,0.4476935863494873,0.2709229290485382,0.5529243350028992,0.5089741349220276,0.503660261631012,0.5069812536239624,0.5608299970626831,0.6375597715377808,0.49223968386650085,0.6298558115959167,0.5684762001037598,0.7362483739852905,0.48245319724082947,0.7431813478469849
184,0.5433496236801147,0.35302191972732544,0.5813877582550049,0.3920440375804901,0.6440043449401855,0.37138015031814575,0.501657247543335,0.38945215940475464,0.4521932005882263,0.35503828525543213,0.6297081112861633,0.298157274723053,0.4642038941383362,0.2804156541824341,0.555088222026825,0.5173199772834778,0.5039259195327759,0.5152080059051514,0.5615055561065674,0.6408421993255615,0.49107789993286133,0.640055775642395,0.5643644332885742,0.7422525882720947,0.4834938049316406,0.7457637190818787
185,0.5508958101272583,0.35129499435424805,0.5792413949966431,0.389804482460022,0.6485943794250488,0.3756621778011322,0.49921202659606934,0.38817691802978516,0.44478529691696167,0.3769032657146454,0.6324886679649353,0.3004826009273529,0.4634595811367035,0.2925860583782196,0.5603817701339722,0.5154558420181274,0.5060721635818481,0.5125432014465332,0.5631060004234314,0.6388412117958069,0.49355220794677734,0.6394736766815186,0.5664618015289307,0.741776168346405,0.48908084630966187,0.7466748952865601
186,0.5562601089477539,0.3595924377441406,0.5810368061065674,0.3913026750087738,0.6525050401687622,0.39232921600341797,0.5057681202888489,0.39355695247650146,0.45308029651641846,0.39320725202560425,0.6334436535835266,0.32853949069976807,0.47890806198120117,0.32688719034194946,0.5626645088195801,0.512091338634491,0.5148293972015381,0.5113532543182373,0.5698419809341431,0.6403665542602539,0.49862444400787354,0.638798177242279,0.5695921182632446,0.7430388927459717,0.4878300428390503,0.7449078559875488
187,0.559252917766571,0.35604435205459595,0.585909366607666,0.3983193635940552,0.650485634803772,0.41048556566238403,0.5106053352355957,0.39315855503082275,0.4556910991668701,0.41522324085235596,0.6403744220733643,0.3748966455459595,0.45947402715682983,0.3860270380973816,0.5631011128425598,0.5147480368614197,0.5131374001502991,0.5153311491012573,0.5718870162963867,0.6420658826828003,0.4977073073387146,0.6384569406509399,0.5706506967544556,0.7421339750289917,0.4864521026611328,0.7469984889030457
188,0.5616274476051331,0.3560135066509247,0.5975522398948669,0.39812880754470825,0.6423683762550354,0.43819981813430786,0.5144869089126587,0.39008045196533203,0.47642600536346436,0.4241253137588501,0.6435248255729675,0.39263612031936646,0.4534320831298828,0.4475367069244385,0.5679452419281006,0.5160949230194092,0.5169011950492859,0.5120755434036255,0.5732280015945435,0.639231264591217,0.4979286789894104,0.6386058330535889,0.5669493079185486,0.7411640882492065,0.48732516169548035,0.7408431768417358
189,0.568417489528656,0.35296282172203064,0.5949114561080933,0.3963741958141327,0.6351987719535828,0.43791860342025757,0.5239070653915405,0.3919835090637207,0.48924773931503296,0.442228764295578,0.6558738350868225,0.43320077657699585,0.45960983633995056,0.47030097246170044,0.583766520023346,0.5213545560836792,0.52702796459198,0.5172022581100464,0.5863602161407471,0.6375148296356201,0.5275489091873169,0.6336227655410767,0.5738815665245056,0.7434127330780029,0.49718642234802246,0.7416092753410339
190,0.5750091075897217,0.3500187397003174,0.6012647747993469,0.3973199725151062,0.6233475208282471,0.44565528631210327,0.5312190055847168,0.394631028175354,0.5020619034767151,0.45461857318878174,0.6413853168487549,0.4630189538002014,0.4664578139781952,0.4935404658317566,0.5825383067131042,0.5234050154685974,0.5344780683517456,0.5183514952659607,0.5857313871383667,0.6336567401885986,0.5311468839645386,0.6392500400543213,0.5772913098335266,0.7397424578666687,0.5159921646118164,0.7460176944732666
191,0.5745653510093689,0.3502845764160156,0.5956763029098511,0.3975422978401184,0.6287672519683838,0.4507617652416229,0.533692479133606,0.3952556550502777,0.5118931531906128,0.45001205801963806,0.6485785841941833,0.44954270124435425,0.4666697382926941,0.5003259181976318,0.5854756236076355,0.5273884534835815,0.5349350571632385,0.5232195854187012,0.5857633352279663,0.6398413181304932,0.5367857813835144,0.6423711180686951,0.5822129845619202,0.739109218120575,0.5288810729980469,0.7448409795761108
192,0.5925434827804565,0.34557244181632996,0.60126131772995,0.3956111669540405,0.6258231997489929,0.45489513874053955,0.5450563430786133,0.38883310556411743,0.5403023958206177,0.45777183771133423,0.6448678970336914,0.478491872549057,0.5577585101127625,0.4839569330215454,0.5981285572052002,0.5310298800468445,0.5530438423156738,0.5261940956115723,0.5923197269439697,0.6422470211982727,0.5677094459533691,0.6453608274459839,0.5748940706253052,0.744806706905365,0.5718614459037781,0.749255895614624
193,0.6001555323600769,0.3475284278392792,0.6107500195503235,0.39585357904434204,0.6232515573501587,0.4711228013038635,0.5493330955505371,0.3848910331726074,0.5483931303024292,0.4616779685020447,0.645704448223114,0.4996122717857361,0.5974370241165161,0.4941706657409668,0.6025700569152832,0.5362730622291565,0.5580994486808777,0.5326254367828369,0.5868797302246094,0.6548837423324585,0.5787323713302612,0.660251259803772,0.583023190498352,0.7375097274780273,0.5897521376609802,0.7458330392837524
194,0.6227794885635376,0.3427663743495941,0.6153612732887268,0.4001612365245819,0.6108377575874329,0.46492332220077515,0.572242021560669,0.3912430703639984,0.5551164150238037,0.4629252552986145,0.6476686596870422,0.5059778690338135,0.5444107055664062,0.5398790836334229,0.5981351733207703,0.5333387851715088,0.5736592411994934,0.531714916229248,0.6029947996139526,0.6387361288070679,0.6086475849151611,0.637988805770874,0.5958417057991028,0.7494494318962097,0.6376864910125732,0.7501819133758545
195,0.6200029850006104,0.34039005637168884,0.6434472799301147,0.39618760347366333,0.6528556942939758,0.4570237994194031,0.5644670724868774,0.3830295205116272,0.541934072971344,0.45522376894950867,0.6730713844299316,0.5078712701797485,0.5348958969116211,0.5308268070220947,0.6206648349761963,0.5290123224258423,0.5726413130760193,0.5251559019088745,0.6174094676971436,0.6340547204017639,0.6139446496963501,0.6358102560043335,0.5702270865440369,0.7138757705688477,0.6652678847312927,0.7576961517333984
196,0.6332894563674927,0.33197247982025146,0.649482011795044,0.38399410247802734,0.6585806608200073,0.45912086963653564,0.5652097463607788,0.3716587722301483,0.549309492111206,0.4586814045906067,0.6818252801895142,0.5047217607498169,0.5404398441314697,0.5395435094833374,0.6286512017250061,0.5270049571990967,0.5803587436676025,0.5250247120857239,0.6200810670852661,0.6415356397628784,0.6323055028915405,0.6468510627746582,0.565532386302948,0.7332037687301636,0.660058856010437,0.7657957077026367
197,0.6449867486953735,0.3232003450393677,0.6628554463386536,0.3768920302391052,0.6769490242004395,0.4450922906398773,0.5745849013328552,0.36201053857803345,0.5555256009101868,0.4587442874908447,0.698223352432251,0.5033679604530334,0.54378342628479,0.5399447679519653,0.648161768913269,0.5169974565505981,0.5944889783859253,0.5180113911628723,0.6334647536277771,0.649437427520752,0.6369744539260864,0.6547496318817139,0.573574423789978,0.7381443977355957,0.6521214246749878,0.7645272016525269
198,0.6854874491691589,0.2912425994873047,0.7008413672447205,0.3589510917663574,0.7202190160751343,0.4442254900932312,0.6022946834564209,0.3378516435623169,0.5782490968704224,0.4260352551937103,0.7741398811340332,0.47540372610092163,0.5722107887268066,0.4775359034538269,0.6904466152191162,0.49829933047294617,0.6227274537086487,0.4973182678222656,0.720975399017334,0.6365469098091125,0.6497349739074707,0.6516031622886658,0.6850302219390869,0.7508460879325867,0.6686573028564453,0.7698901891708374
199,0.7004336714744568,0.2852172255516052,0.7077431678771973,0.35511624813079834,0.7343975305557251,0.43861886858940125,0.6092159152030945,0.33081483840942383,0.5823991894721985,0.4203670024871826,0.7879552245140076,0.46924325823783875,0.5870309472084045,0.4584006667137146,0.688537061214447,0.49566537141799927,0.6251394152641296,0.49892279505729675,0.7446415424346924,0.6358991861343384,0.643821120262146,0.6575106382369995,0.729949951171875,0.7705973982810974,0.6767095923423767,0.7791571617126465
200,0.7020444869995117,0.2828325927257538,0.7242161631584167,0.35627481341362,0.7374631762504578,0.4422195553779602,0.6164578795433044,0.3325272798538208,0.5837720632553101,0.42059046030044556,0.8002339601516724,0.4687524437904358,0.5939302444458008,0.4625469148159027,0.6913272142410278,0.4913083016872406,0.6279276013374329,0.4950011968612671,0.7516522407531738,0.6390260457992554,0.6465232372283936,0.6561643481254578,0.7483872771263123,0.76716148853302,0.6805553436279297,0.7779306173324585
201,0.7067682147026062,0.28102535009384155,0.719577431678772,0.35679227113723755,0.7537254691123962,0.4384886920452118,0.6191266775131226,0.32658109068870544,0.5849399566650391,0.4074874818325043,0.8171808123588562,0.4700623154640198,0.593061089515686,0.4557006359100342,0.7006059885025024,0.49159640073776245,0.634628415107727,0.49215614795684814,0.7532693147659302,0.6383522748947144,0.6474574208259583,0.6576313972473145,0.7575163245201111,0.7656270265579224,0.6799442172050476,0.7770214080810547
202,0.7212724685668945,0.26454898715019226,0.7408684492111206,0.3543207049369812,0.7747489809989929,0.4298238456249237,0.6338435411453247,0.3246460556983948,0.5912958383560181,0.4099453389644623,0.8424469232559204,0.4644715487957001,0.6060510873794556,0.44749557971954346,0.705021858215332,0.4832315444946289,0.6421802043914795,0.4862779974937439,0.7672876119613647,0.6547455191612244,0.648663341999054,0.6679269671440125,0.7739376425743103,0.7733043432235718,0.6776062250137329,0.7762728929519653
203,0.7221884727478027,0.26805582642555237,0.7371537685394287,0.348995178937912,0.7827255129814148,0.4219304323196411,0.6372733116149902,0.32286781072616577,0.598097026348114,0.413550466299057,0.844467043876648,0.46007832884788513,0.6066509485244751,0.4490140378475189,0.7163772583007812,0.4742480218410492,0.6501045227050781,0.4742562472820282,0.7675052881240845,0.6440166234970093,0.6471607089042664,0.6588070392608643,0.7692915201187134,0.7721065282821655,0.6773626208305359,0.7749416828155518
204,0.7265450358390808,0.26663869619369507,0.7465039491653442,0.34486624598503113,0.787552535533905,0.4189952313899994,0.6419497728347778,0.318986177444458,0.6098655462265015,0.41197022795677185,0.861690878868103,0.45811018347740173,0.6205722093582153,0.4656350016593933,0.7192199230194092,0.4777664542198181,0.6543335914611816,0.4777916371822357,0.7735713720321655,0.6483861207962036,0.6558419466018677,0.6609405279159546,0.7750763297080994,0.7704018950462341,0.6743558645248413,0.7788674235343933
205,0.7426238059997559,0.2640615701675415,0.7621809840202332,0.3325687646865845,0.7974730730056763,0.4210336208343506,0.6453129053115845,0.3155364692211151,0.6160471439361572,0.4190751314163208,0.8580695986747742,0.4533146023750305,0.6229207515716553,0.46331918239593506,0.7289513349533081,0.4905514121055603,0.6608550548553467,0.49397051334381104,0.7684917449951172,0.6629822254180908,0.6609615683555603,0.6696120500564575,0.7699378728866577,0.774476170539856,0.6854515075683594,0.7800993919372559
206,0.7626625299453735,0.2659464180469513,0.7629110217094421,0.33217933773994446,0.8087590932846069,0.40752336382865906,0.6595815420150757,0.31197667121887207,0.6303783059120178,0.41333407163619995,0.8501819372177124,0.45387542247772217,0.6225926876068115,0.4878319203853607,0.7369033098220825,0.4842807650566101,0.6684460043907166,0.48333391547203064,0.7691363096237183,0.6491151452064514,0.675224781036377,0.6611310839653015,0.7708777189254761,0.7738086581230164,0.6900671720504761,0.7772244811058044
207,0.7810749411582947,0.26122474670410156,0.77861088514328,0.32875150442123413,0.8167910575866699,0.4104926586151123,0.6643078327178955,0.3040134310722351,0.6334930658340454,0.4088215231895447,0.8807300925254822,0.45258232951164246,0.6218006014823914,0.48077818751335144,0.743267297744751,0.4857724905014038,0.6729134917259216,0.48515284061431885,0.776795506477356,0.6581342220306396,0.6714773178100586,0.6765126585960388,0.7718395590782166,0.7769617438316345,0.6841843128204346,0.7796322703361511
208,0.7912755012512207,0.2604362666606903,0.7801094055175781,0.32639768719673157,0.820184588432312,0.41309845447540283,0.6733647584915161,0.3064294457435608,0.6386491656303406,0.41086578369140625,0.8828109502792358,0.4502825438976288,0.6261913180351257,0.48958906531333923,0.747469425201416,0.49363237619400024,0.6779279112815857,0.4901464581489563,0.7754499912261963,0.6525927186012268,0.685443639755249,0.6613872051239014,0.7726508975028992,0.7690441608428955,0.682464599609375,0.7691637277603149
209,0.7913834452629089,0.2578212320804596,0.7856470942497253,0.32545173168182373,0.8233091831207275,0.41479572653770447,0.6740056872367859,0.30712413787841797,0.6449441313743591,0.41145193576812744,0.8843564987182617,0.45052480697631836,0.6280425786972046,0.4966602325439453,0.7555086612701416,0.5010272264480591,0.6831191778182983,0.49701663851737976,0.7731510996818542,0.6744955778121948,0.6847464442253113,0.6833213567733765,0.7677090167999268,0.7712873816490173,0.689353346824646,0.7726638317108154
210,0.7912864089012146,0.25457343459129333,0.7955070734024048,0.3214777112007141,0.8234491348266602,0.4115523099899292,0.6764489412307739,0.30388563871383667,0.6471979022026062,0.40974295139312744,0.854590892791748,0.45335185527801514,0.6318913698196411,0.48131924867630005,0.757327675819397,0.49558961391448975,0.6842531561851501,0.48972487449645996,0.7700419425964355,0.6640288829803467,0.6907467246055603,0.6620305180549622,0.7626840472221375,0.7705218195915222,0.6913061141967773,0.7725328803062439
211,0.791914165019989,0.25426986813545227,0.7957098484039307,0.3210373520851135,0.8253414630889893,0.4102381467819214,0.6773854494094849,0.3018079996109009,0.6485643982887268,0.41296249628067017,0.8508409261703491,0.4577760398387909,0.6362395286560059,0.4904676377773285,0.7602894306182861,0.4957370460033417,0.6872609853744507,0.4896964430809021,0.7678982615470886,0.6638602018356323,0.683897852897644,0.6550678610801697,0.7646560668945312,0.772902250289917,0.6900367736816406,0.7725169062614441
212,0.7924724817276001,0.254302054643631,0.7945468425750732,0.31960248947143555,0.8218022584915161,0.40937504172325134,0.6773577928543091,0.30020517110824585,0.6482934951782227,0.41049766540527344,0.8485044836997986,0.4637104868888855,0.6350115537643433,0.4891778230667114,0.7602078914642334,0.4998413324356079,0.6870938539505005,0.49287721514701843,0.7661269903182983,0.6674145460128784,0.6846390962600708,0.6608102917671204,0.7552081942558289,0.7717756032943726,0.6904251575469971,0.7702635526657104
213,0.7936103343963623,0.25463587045669556,0.7999826669692993,0.32885414361953735,0.8123708963394165,0.4247707724571228,0.677166223526001,0.30334901809692383,0.6511686444282532,0.4139268398284912,0.8588253855705261,0.4739674925804138,0.6379019021987915,0.48911118507385254,0.7579177618026733,0.49883171916007996,0.686025857925415,0.49387606978416443,0.7693126201629639,0.6640364527702332,0.6797025203704834,0.654675304889679,0.7595471143722534,0.7712775468826294,0.6851083636283875,0.7702702283859253
214,0.7925406694412231,0.25245732069015503,0.8001896142959595,0.32902294397354126,0.8128533363342285,0.43001723289489746,0.6759920120239258,0.30239465832710266,0.648151695728302,0.4133986234664917,0.8481571078300476,0.48858195543289185,0.634982705116272,0.48544710874557495,0.7574785947799683,0.49858903884887695,0.6836950778961182,0.49438974261283875,0.7724542021751404,0.6700279712677002,0.6817581653594971,0.6628736257553101,0.7666143178939819,0.770484447479248,0.689010739326477,0.7705438137054443
215,0.7957258224487305,0.2526487708091736,0.8001346588134766,0.327836811542511,0.812010645866394,0.4297504127025604,0.6759970188140869,0.30288267135620117,0.6496472358703613,0.41369256377220154,0.8422218561172485,0.5010339617729187,0.6375400424003601,0.48902618885040283,0.7534984350204468,0.5044097900390625,0.6825475692749023,0.49901625514030457,0.7695287466049194,0.6749322414398193,0.6785296201705933,0.6651923656463623,0.7646585702896118,0.7730907797813416,0.6898577213287354,0.7734178304672241
