FrameNo,head_x,head_y,left_shoulder_x,left_shoulder_y,left_elbow_x,left_elbow_y,right_shoulder_x,right_shoulder_y,right_elbow_x,right_elbow_y,left_hand_x,left_hand_y,right_hand_x,right_hand_y,left_hip_x,left_hip_y,right_hip_x,right_hip_y,left_knee_x,left_knee_y,right_knee_x,right_knee_y,left_foot_x,left_foot_y,right_foot_x,right_foot_y
0,0.4953126311302185,0.37774521112442017,0.5389915108680725,0.4189237058162689,0.5518184900283813,0.4764544665813446,0.46564435958862305,0.41494810581207275,0.44711369276046753,0.4760020673274994,0.5463062524795532,0.5387306213378906,0.45152753591537476,0.5410377979278564,0.5132863521575928,0.5314753651618958,0.4671786427497864,0.53199303150177,0.535165548324585,0.6274269223213196,0.4507446885108948,0.6335622668266296,0.5530328750610352,0.7374318838119507,0.4311765432357788,0.7392300963401794
1,0.4957313537597656,0.3781515955924988,0.5379499197006226,0.42007988691329956,0.5514423847198486,0.47941118478775024,0.46587657928466797,0.41556450724601746,0.44694754481315613,0.4777204394340515,0.5458309650421143,0.5401387214660645,0.45068520307540894,0.5406891107559204,0.5107389688491821,0.5337156057357788,0.46580421924591064,0.5339463949203491,0.5337674617767334,0.6292284727096558,0.44782528281211853,0.6351321935653687,0.5513309836387634,0.7384527921676636,0.4318254590034485,0.7379071116447449
2,0.495310515165329,0.37863045930862427,0.5370403528213501,0.4197276830673218,0.5503551959991455,0.4789344072341919,0.46640855073928833,0.41612643003463745,0.44691142439842224,0.47912687063217163,0.5453482270240784,0.539819598197937,0.4513483941555023,0.540712833404541,0.5099195241928101,0.532403826713562,0.4661317467689514,0.5337007641792297,0.5349104404449463,0.6299667358398438,0.4476192891597748,0.6369402408599854,0.5538581609725952,0.7369956970214844,0.431620329618454,0.7390584945678711
3,0.4960782527923584,0.378823846578598,0.5376349091529846,0.4211696982383728,0.5507231950759888,0.48111793398857117,0.46590566635131836,0.4167978763580322,0.44746506214141846,0.47871124744415283,0.5446310043334961,0.5400514602661133,0.4512062966823578,0.5409148931503296,0.51048743724823,0.5352384448051453,0.46618974208831787,0.5354599952697754,0.5333981513977051,0.6297600269317627,0.44969379901885986,0.637100338935852,0.5515648722648621,0.7361055612564087,0.43139469623565674,0.7393708229064941
4,0.4960857331752777,0.37904179096221924,0.5375653505325317,0.420777291059494,0.5513051152229309,0.4811992347240448,0.4665594696998596,0.4171693027019501,0.4471207559108734,0.4795524775981903,0.5448445677757263,0.5401241183280945,0.4506445825099945,0.5416004657745361,0.5112775564193726,0.5353730916976929,0.4668111205101013,0.5360612869262695,0.5343186259269714,0.630757749080658,0.44973182678222656,0.6370759010314941,0.5528177618980408,0.7358834743499756,0.4315606355667114,0.738172173500061
5,0.49583208560943604,0.37824568152427673,0.5378586053848267,0.41938555240631104,0.5515103340148926,0.47939127683639526,0.46649986505508423,0.41604089736938477,0.4468701481819153,0.47851690649986267,0.5456186532974243,0.5395312905311584,0.4504537284374237,0.5409970283508301,0.5112351179122925,0.533524215221405,0.4666155278682709,0.5348436832427979,0.5345170497894287,0.6299950480461121,0.4501201808452606,0.6355326771736145,0.5526190996170044,0.7361434698104858,0.4312238097190857,0.7383511066436768
6,0.49567627906799316,0.3785189986228943,0.5373289585113525,0.42043253779411316,0.5511216521263123,0.48053300380706787,0.4666708707809448,0.4174121618270874,0.447056382894516,0.47960859537124634,0.5452191829681396,0.5400213599205017,0.4505783021450043,0.541266679763794,0.5104975700378418,0.5351894497871399,0.46648094058036804,0.5361051559448242,0.5339615941047668,0.6305876970291138,0.4490903317928314,0.6370220184326172,0.5521204471588135,0.7362610697746277,0.4312790334224701,0.7386114597320557
7,0.4958457350730896,0.37842056155204773,0.5374388694763184,0.4203769564628601,0.5510677099227905,0.4807271957397461,0.4667021632194519,0.41708099842071533,0.44684523344039917,0.479797899723053,0.5451864004135132,0.5399570465087891,0.45054012537002563,0.541164755821228,0.5103853344917297,0.534855306148529,0.4662783145904541,0.5358014106750488,0.5335912108421326,0.6308771371841431,0.44916361570358276,0.6376855969429016,0.5517064332962036,0.7362364530563354,0.4313147962093353,0.7386326193809509
8,0.49546951055526733,0.37857040762901306,0.5373013019561768,0.42021259665489197,0.5506622195243835,0.4806388318538666,0.4661775231361389,0.4167517423629761,0.4468841552734375,0.4797397553920746,0.5448932647705078,0.5397810935974121,0.4505593180656433,0.5410517454147339,0.5103260278701782,0.5341495871543884,0.46615105867385864,0.5354137420654297,0.5338356494903564,0.6299420595169067,0.4497525095939636,0.6363710761070251,0.5518891215324402,0.7361057996749878,0.4313323497772217,0.7383537292480469
9,0.4955069422721863,0.37863194942474365,0.537286639213562,0.42048153281211853,0.5504976511001587,0.48114633560180664,0.46587786078453064,0.416800856590271,0.4467643201351166,0.47967037558555603,0.5447582006454468,0.5399284958839417,0.4504093825817108,0.5412131547927856,0.510151207447052,0.534977912902832,0.4659630060195923,0.5358827114105225,0.533776044845581,0.630675733089447,0.4496070146560669,0.6372272968292236,0.5519487261772156,0.7363240122795105,0.4313885569572449,0.7386013269424438
10,0.49572616815567017,0.3786528706550598,0.5374842882156372,0.4202112853527069,0.5506033301353455,0.481181800365448,0.4662899672985077,0.4166225790977478,0.44691091775894165,0.4795696437358856,0.5446741580963135,0.5401042699813843,0.45061513781547546,0.5411626696586609,0.5102747082710266,0.5347437858581543,0.46610599756240845,0.5356654524803162,0.5337182283401489,0.6307423710823059,0.44956299662590027,0.6370793581008911,0.5519723892211914,0.7364455461502075,0.4314630627632141,0.7385390996932983
11,0.49556195735931396,0.3788681626319885,0.5370274782180786,0.4203703999519348,0.5507322549819946,0.48199909925460815,0.4661378562450409,0.4170127511024475,0.44660791754722595,0.48064061999320984,0.5444029569625854,0.5403964519500732,0.4504179358482361,0.5413762927055359,0.5100060105323792,0.5343808531761169,0.465902179479599,0.5354416370391846,0.5336567163467407,0.63068687915802,0.449562132358551,0.6367677450180054,0.5518487691879272,0.736524224281311,0.43145447969436646,0.7383672595024109
12,0.49630850553512573,0.37750130891799927,0.532426655292511,0.42103129625320435,0.5505157709121704,0.4807550311088562,0.46720820665359497,0.417300283908844,0.4476251006126404,0.4813201129436493,0.5461941957473755,0.5419319868087769,0.45308107137680054,0.5438377857208252,0.5109448432922363,0.5363718271255493,0.46585115790367126,0.53672856092453,0.5344867706298828,0.6350584626197815,0.44382429122924805,0.6420980095863342,0.5536613464355469,0.739421010017395,0.4307639002799988,0.7445172667503357
13,0.4962112605571747,0.37752410769462585,0.5321155786514282,0.42138463258743286,0.5501847863197327,0.48107537627220154,0.46645230054855347,0.41703706979751587,0.4474698305130005,0.4800530672073364,0.546117901802063,0.5411942005157471,0.45333418250083923,0.5429159998893738,0.510401725769043,0.5374565124511719,0.46516942977905273,0.5371707677841187,0.5345191955566406,0.6350176334381104,0.44336092472076416,0.6421916484832764,0.5536134243011475,0.7384310960769653,0.4306938052177429,0.7444709539413452
14,0.49575644731521606,0.37779098749160767,0.5383686423301697,0.4214894771575928,0.549694836139679,0.4807795286178589,0.46651506423950195,0.41753584146499634,0.44701963663101196,0.480596125125885,0.5460054278373718,0.5411458611488342,0.4527205228805542,0.5431228876113892,0.5099214911460876,0.5375508069992065,0.46550655364990234,0.5372074246406555,0.5344403982162476,0.6346259117126465,0.4434322118759155,0.641970694065094,0.5535973906517029,0.7388099431991577,0.43103596568107605,0.7439207434654236
15,0.49548691511154175,0.3777230679988861,0.5381099581718445,0.42213305830955505,0.5500617027282715,0.4820052981376648,0.4661204218864441,0.41810256242752075,0.447099894285202,0.48159509897232056,0.5461519956588745,0.5417866706848145,0.45286595821380615,0.5432053804397583,0.5098025798797607,0.538780152797699,0.465257465839386,0.5381399393081665,0.5343676805496216,0.6361391544342041,0.44258272647857666,0.6431660652160645,0.5534840822219849,0.7395048141479492,0.43082889914512634,0.7441157698631287
16,0.4957925081253052,0.37739524245262146,0.5319873094558716,0.4222097396850586,0.5502567291259766,0.48165175318717957,0.466605007648468,0.4175988435745239,0.447054922580719,0.48147857189178467,0.5460137724876404,0.5420039892196655,0.45244866609573364,0.5433107614517212,0.5098536014556885,0.5380678176879883,0.4651862382888794,0.5374071002006531,0.5342285633087158,0.6364691853523254,0.44255372881889343,0.6435536742210388,0.5533199310302734,0.7397489547729492,0.43090200424194336,0.7442466616630554
17,0.4959072470664978,0.37734729051589966,0.5318715572357178,0.4221798777580261,0.5503094792366028,0.48123788833618164,0.46669694781303406,0.41742634773254395,0.4472258985042572,0.4806177318096161,0.5461410880088806,0.5416882038116455,0.4524267911911011,0.5433057546615601,0.5099122524261475,0.5374693870544434,0.46534809470176697,0.5370609760284424,0.5344403386116028,0.6357941627502441,0.44308674335479736,0.642723798751831,0.5533011555671692,0.7392947673797607,0.43091413378715515,0.7438699007034302
18,0.49564796686172485,0.3773581385612488,0.5318034887313843,0.4222857654094696,0.5504888296127319,0.48178383708000183,0.4660554826259613,0.41724711656570435,0.4467894732952118,0.4808823764324188,0.5460060834884644,0.5419997572898865,0.4522121846675873,0.5436570644378662,0.509777307510376,0.5374131202697754,0.46531614661216736,0.5371390581130981,0.5342326760292053,0.6357139348983765,0.44317179918289185,0.6426641941070557,0.5531454086303711,0.7392935752868652,0.43097540736198425,0.743865966796875
19,0.495908260345459,0.3774253726005554,0.5320130586624146,0.422085165977478,0.550662100315094,0.48138779401779175,0.4662393033504486,0.41723722219467163,0.44703608751296997,0.4809645414352417,0.5462393164634705,0.5418449640274048,0.4523071050643921,0.5436972975730896,0.5100153684616089,0.5366913080215454,0.46534642577171326,0.536867618560791,0.534318208694458,0.6357377767562866,0.44337010383605957,0.6427662372589111,0.5530546307563782,0.7394087314605713,0.4311674237251282,0.7437494993209839
20,0.4958166778087616,0.37753957509994507,0.5319379568099976,0.42239710688591003,0.5506852269172668,0.4815364480018616,0.4661881625652313,0.4174458384513855,0.44705474376678467,0.48078426718711853,0.5462874174118042,0.542056143283844,0.4518689513206482,0.5438487529754639,0.5100067257881165,0.5364682674407959,0.46538805961608887,0.5366801619529724,0.5344809293746948,0.6353476643562317,0.4439295530319214,0.6423720121383667,0.552988588809967,0.739058256149292,0.4314660429954529,0.7433754801750183
21,0.49563246965408325,0.37772470712661743,0.5319724082946777,0.4221747815608978,0.5507504343986511,0.4815731942653656,0.4662126302719116,0.41741883754730225,0.44694456458091736,0.4805055558681488,0.5460922718048096,0.542020320892334,0.4517829120159149,0.5437235832214355,0.5102225542068481,0.5364279747009277,0.4654657542705536,0.5365296602249146,0.5342516899108887,0.6348400115966797,0.4432515799999237,0.6420774459838867,0.5528392791748047,0.7389501333236694,0.43175047636032104,0.7428380250930786
22,0.49564099311828613,0.37728044390678406,0.5385406017303467,0.42135089635849,0.5507313013076782,0.48131173849105835,0.46659204363822937,0.41723597049713135,0.44698044657707214,0.4806815981864929,0.5461068749427795,0.5418351888656616,0.45207637548446655,0.543584406375885,0.5098298192024231,0.5357025861740112,0.4654998183250427,0.5360078811645508,0.5339585542678833,0.6341426372528076,0.4429329037666321,0.6418184041976929,0.5526233911514282,0.7387391924858093,0.4316762685775757,0.742841899394989
23,0.49563372135162354,0.37740564346313477,0.5320190191268921,0.4221380650997162,0.550871729850769,0.4813663363456726,0.46655023097991943,0.41713082790374756,0.4468704164028168,0.4804002046585083,0.5460987687110901,0.5415819883346558,0.4520455300807953,0.5431731343269348,0.5103186964988708,0.5356447100639343,0.4655386209487915,0.5357572436332703,0.5343044996261597,0.6339772939682007,0.44319137930870056,0.6413264274597168,0.5528539419174194,0.7387668490409851,0.43170174956321716,0.7427434325218201
24,0.49558889865875244,0.37905654311180115,0.5374609231948853,0.4220740795135498,0.5494667291641235,0.48294734954833984,0.46653711795806885,0.4187732934951782,0.44754311442375183,0.4832167327404022,0.5440917015075684,0.5416436791419983,0.4521445035934448,0.543468713760376,0.5105035305023193,0.5383692383766174,0.46682605147361755,0.5379807353019714,0.5345318913459778,0.6337524056434631,0.44418710470199585,0.640673041343689,0.5539572238922119,0.7385432124137878,0.4316748380661011,0.7411889433860779
25,0.4955054223537445,0.37839198112487793,0.5375438332557678,0.4212903678417206,0.5493714809417725,0.4815130829811096,0.4657018780708313,0.4171520471572876,0.4470110535621643,0.4802849292755127,0.5449117422103882,0.5401535034179688,0.45181989669799805,0.5415408611297607,0.5090401768684387,0.5368910431861877,0.4656082093715668,0.5362294912338257,0.5341833829879761,0.6308334469795227,0.4436795711517334,0.6388636827468872,0.5530332326889038,0.7372123599052429,0.4317300021648407,0.7406153082847595
26,0.4951014518737793,0.3786906898021698,0.5369789004325867,0.4216650128364563,0.5485837459564209,0.4819464683532715,0.4653733968734741,0.4173945188522339,0.44698676466941833,0.48044905066490173,0.5447473526000977,0.5401498079299927,0.4522303342819214,0.541689932346344,0.5088494420051575,0.5370650291442871,0.4657827317714691,0.5363572835922241,0.5342996120452881,0.6304354667663574,0.44424793124198914,0.6383156180381775,0.5539084672927856,0.7372028827667236,0.4316953420639038,0.7405545711517334
27,0.4952983558177948,0.3785380721092224,0.5374264717102051,0.4214073419570923,0.549217700958252,0.4817495048046112,0.46603044867515564,0.4173821806907654,0.44721755385398865,0.4809024930000305,0.5447707176208496,0.5402225852012634,0.45213013887405396,0.5414657592773438,0.5092672109603882,0.537412166595459,0.4660421311855316,0.5367237329483032,0.5342243909835815,0.6307258605957031,0.4440065622329712,0.6384173035621643,0.553799033164978,0.7374095320701599,0.4319941997528076,0.7403038740158081
28,0.4953962564468384,0.37846967577934265,0.5377552509307861,0.421517938375473,0.5493648052215576,0.48190373182296753,0.46662652492523193,0.4176207184791565,0.4476100206375122,0.4813811480998993,0.5449259281158447,0.5406204462051392,0.45207175612449646,0.541814923286438,0.5100356936454773,0.5384382009506226,0.4665481746196747,0.5372697710990906,0.5344365835189819,0.6318140029907227,0.4446249008178711,0.6387551426887512,0.5540155172348022,0.7376906871795654,0.4319877624511719,0.7406157851219177
29,0.4954831302165985,0.37830543518066406,0.5378077626228333,0.42153605818748474,0.5494415760040283,0.4815979599952698,0.4665471017360687,0.41745126247406006,0.4475538432598114,0.480674684047699,0.5450171232223511,0.5405030250549316,0.45189130306243896,0.5417196750640869,0.5099496841430664,0.5381501913070679,0.46634435653686523,0.5370386838912964,0.5344315767288208,0.6315896511077881,0.444494366645813,0.6386927366256714,0.5537224411964417,0.7375237941741943,0.4318689703941345,0.740530252456665
30,0.4955386817455292,0.37834465503692627,0.5378651022911072,0.42165565490722656,0.5495833158493042,0.48172566294670105,0.4664263427257538,0.41756671667099,0.4475827217102051,0.4808199107646942,0.5449521541595459,0.5404866337776184,0.45187878608703613,0.5418061017990112,0.5100976228713989,0.5381119251251221,0.4664000868797302,0.5370009541511536,0.5346289873123169,0.6313908100128174,0.444859117269516,0.638750433921814,0.553815484046936,0.73749840259552,0.4318660497665405,0.740763783454895
31,0.4953077733516693,0.3780530095100403,0.5379869341850281,0.4211233854293823,0.5497212409973145,0.4818527102470398,0.46635228395462036,0.4173271656036377,0.44759732484817505,0.4812812805175781,0.5450674295425415,0.5407695770263672,0.45194339752197266,0.542242169380188,0.5102300643920898,0.5382219552993774,0.4664374589920044,0.5372468829154968,0.534610390663147,0.6318491697311401,0.44463083148002625,0.6391709446907043,0.5537950992584229,0.7374855279922485,0.43172094225883484,0.7409839630126953
32,0.49510741233825684,0.37837183475494385,0.5374930500984192,0.4208236336708069,0.5490396022796631,0.4813412129878998,0.4660804867744446,0.41645607352256775,0.44751879572868347,0.47917112708091736,0.5443964600563049,0.5404354929924011,0.45252400636672974,0.5416532158851624,0.5093305110931396,0.5363945960998535,0.46599912643432617,0.5360804796218872,0.533983051776886,0.6303051710128784,0.4439058005809784,0.6384881734848022,0.553351879119873,0.7368592619895935,0.43189737200737,0.7406414747238159
33,0.49876344203948975,0.3787756860256195,0.537444531917572,0.42260026931762695,0.5492528080940247,0.48278915882110596,0.46564728021621704,0.41792330145835876,0.4475347697734833,0.48009252548217773,0.5445610880851746,0.5407396554946899,0.4522637724876404,0.5416761636734009,0.5091309547424316,0.5369926691055298,0.4658140540122986,0.5364336371421814,0.5339876413345337,0.6299474835395813,0.44833382964134216,0.6394028663635254,0.553176999092102,0.7365351915359497,0.4317566752433777,0.7403311133384705
34,0.4988444447517395,0.37904947996139526,0.537686288356781,0.42164427042007446,0.5491793751716614,0.48209208250045776,0.4660571813583374,0.4170609414577484,0.44763052463531494,0.47880467772483826,0.5442449450492859,0.5403466820716858,0.45225584506988525,0.5418639779090881,0.5087928771972656,0.5356460213661194,0.4659131169319153,0.5355027318000793,0.5337929129600525,0.6290847063064575,0.44846224784851074,0.6389538049697876,0.5529658794403076,0.736485481262207,0.43171268701553345,0.7402874231338501
35,0.49582016468048096,0.3781343102455139,0.5375237464904785,0.42053982615470886,0.5491962432861328,0.48120516538619995,0.46627533435821533,0.4157949388027191,0.44837117195129395,0.47844621539115906,0.545208215713501,0.5399000644683838,0.4527384042739868,0.5418057441711426,0.5083614587783813,0.5352654457092285,0.46617016196250916,0.5352478623390198,0.5340359210968018,0.6294331550598145,0.4492209851741791,0.6393411159515381,0.5528441667556763,0.7365435361862183,0.4318462312221527,0.7403508424758911
36,0.49584072828292847,0.37845492362976074,0.5369876027107239,0.42155253887176514,0.5491921305656433,0.4804314374923706,0.46559152007102966,0.4174436926841736,0.4472023844718933,0.4783932566642761,0.5430430173873901,0.5400485396385193,0.4520553946495056,0.5420506000518799,0.5082556009292603,0.533247709274292,0.46649420261383057,0.5339094400405884,0.5324292182922363,0.6290602684020996,0.44995102286338806,0.6382348537445068,0.5514602661132812,0.7364770174026489,0.43212205171585083,0.7391034364700317
37,0.49559828639030457,0.37916213274002075,0.5361454486846924,0.4228103756904602,0.5489792823791504,0.48118525743484497,0.4640405774116516,0.41841381788253784,0.4469456374645233,0.4800121784210205,0.5431482791900635,0.5402802228927612,0.45206761360168457,0.5427152514457703,0.5079786777496338,0.5352854132652283,0.46589934825897217,0.5357741117477417,0.5325192809104919,0.6300123333930969,0.449354350566864,0.6400977373123169,0.5517665147781372,0.7368433475494385,0.43208929896354675,0.7398256063461304
38,0.4987790286540985,0.37795576453208923,0.5359137654304504,0.4216277599334717,0.549278199672699,0.48181578516960144,0.46389925479888916,0.41800758242607117,0.44659146666526794,0.4811755418777466,0.542675793170929,0.5408614277839661,0.4526177644729614,0.543254017829895,0.5174463987350464,0.5350847840309143,0.4656693637371063,0.5349801778793335,0.5313858985900879,0.6297632455825806,0.4485645294189453,0.6397402286529541,0.5510001182556152,0.7365361452102661,0.4320433735847473,0.7396107912063599
39,0.49882715940475464,0.3766939640045166,0.5359228849411011,0.42027002573013306,0.5486985445022583,0.48194748163223267,0.4638189971446991,0.41643595695495605,0.446482390165329,0.48174649477005005,0.5418451428413391,0.541307806968689,0.45238813757896423,0.5438981056213379,0.5170546770095825,0.5339874029159546,0.4656413495540619,0.5343176126480103,0.5308490991592407,0.6295669674873352,0.4491000175476074,0.6393057107925415,0.5505582094192505,0.7363334894180298,0.4320896863937378,0.7394988536834717
40,0.49881061911582947,0.3767502009868622,0.5358560681343079,0.42023932933807373,0.5488917827606201,0.48285770416259766,0.46332329511642456,0.4162813127040863,0.446327805519104,0.4827117919921875,0.54173743724823,0.5418601632118225,0.4523351192474365,0.5443460941314697,0.5168271064758301,0.5344007015228271,0.46497413516044617,0.5346522927284241,0.5308423042297363,0.6297109127044678,0.4477902352809906,0.6403247117996216,0.5508385896682739,0.7367157936096191,0.4320501685142517,0.7399371862411499
41,0.49671465158462524,0.3755658268928528,0.5357168912887573,0.4192049503326416,0.5486526489257812,0.48249563574790955,0.4634862542152405,0.41489335894584656,0.4469022750854492,0.4822328984737396,0.5416479110717773,0.5418155193328857,0.45268768072128296,0.5446075201034546,0.5164353847503662,0.532974898815155,0.4651033580303192,0.5335537195205688,0.5311746597290039,0.6284993886947632,0.4480230510234833,0.6390127539634705,0.5509926080703735,0.7362987399101257,0.43202805519104004,0.7398340106010437
42,0.4951012134552002,0.37659138441085815,0.5361625552177429,0.41955649852752686,0.5485374927520752,0.4812794625759125,0.46431025862693787,0.41520118713378906,0.44716188311576843,0.48079007863998413,0.5422366857528687,0.5411030650138855,0.4527379870414734,0.543807864189148,0.5172950625419617,0.534259557723999,0.46543437242507935,0.5344713926315308,0.5315748453140259,0.6294763088226318,0.4486869275569916,0.6401402950286865,0.5513051748275757,0.7369842529296875,0.4320402145385742,0.7405871748924255
43,0.4965907335281372,0.37528741359710693,0.5355749726295471,0.41858649253845215,0.548267126083374,0.48047587275505066,0.4634409546852112,0.4144279360771179,0.4471709728240967,0.47974205017089844,0.5421719551086426,0.5410727858543396,0.4526391923427582,0.5434999465942383,0.5163350701332092,0.5333629250526428,0.4650765061378479,0.5339354276657104,0.5315287709236145,0.6278573870658875,0.44785767793655396,0.6384391784667969,0.5508402585983276,0.7361857891082764,0.43187230825424194,0.7400153875350952
44,0.4955628514289856,0.3760490119457245,0.5366231799125671,0.41795819997787476,0.5489453673362732,0.47868067026138306,0.4652710556983948,0.41470882296562195,0.44761794805526733,0.4793839454650879,0.5430471897125244,0.5403293371200562,0.45183810591697693,0.5434744358062744,0.5092689990997314,0.5323063135147095,0.4673893451690674,0.5341124534606934,0.5333110094070435,0.6273471117019653,0.4495910406112671,0.6364004015922546,0.5519487857818604,0.7359719276428223,0.43209367990493774,0.7392791509628296
45,0.4965619742870331,0.3759799003601074,0.5371986031532288,0.41786831617355347,0.549571692943573,0.47827112674713135,0.46646615862846375,0.41450488567352295,0.4482994079589844,0.4792444407939911,0.543972909450531,0.5407328009605408,0.4530620276927948,0.5437152981758118,0.5100274085998535,0.5321174263954163,0.46784645318984985,0.5337157249450684,0.5343949794769287,0.6287438869476318,0.45061933994293213,0.6371536254882812,0.553088903427124,0.7365293502807617,0.43202635645866394,0.7394863367080688
46,0.4966207444667816,0.3739111125469208,0.5379589796066284,0.41734179854393005,0.550034761428833,0.47673100233078003,0.4668561816215515,0.4138586223125458,0.4478164315223694,0.4780597388744354,0.5450360774993896,0.5399634838104248,0.4526976943016052,0.5425231456756592,0.5121649503707886,0.5304509401321411,0.468627393245697,0.5324395895004272,0.5357476472854614,0.6276886463165283,0.45059463381767273,0.6360372304916382,0.5541434288024902,0.7360798120498657,0.43191012740135193,0.7389764785766602
47,0.4967772364616394,0.37673574686050415,0.5376415252685547,0.4182482361793518,0.5497859120368958,0.4787713289260864,0.4661508798599243,0.4146023392677307,0.447419136762619,0.47986048460006714,0.5443565845489502,0.5410758256912231,0.45286160707473755,0.5429673790931702,0.5103902816772461,0.5307608842849731,0.4669452905654907,0.5328006148338318,0.535091757774353,0.6284825801849365,0.44981449842453003,0.6368284225463867,0.5533640384674072,0.7362293601036072,0.4317912459373474,0.7389154434204102
48,0.4964331388473511,0.37621864676475525,0.5357233285903931,0.41972073912620544,0.5471463799476624,0.47697290778160095,0.46577930450439453,0.41540026664733887,0.44821321964263916,0.4752922058105469,0.5447437763214111,0.5406033992767334,0.4486048221588135,0.5355430245399475,0.515605092048645,0.5333096385002136,0.466356098651886,0.5330366492271423,0.5318416357040405,0.6277532577514648,0.4500388503074646,0.637435257434845,0.5517181754112244,0.7380120158195496,0.4318784475326538,0.7394261360168457
49,0.4960142970085144,0.3769909739494324,0.5368062257766724,0.42077550292015076,0.5489045977592468,0.4766225516796112,0.4653223752975464,0.4163716435432434,0.4468625783920288,0.47204869985580444,0.5466874241828918,0.5392621755599976,0.44628557562828064,0.5329945683479309,0.5091861486434937,0.5315676331520081,0.46707460284233093,0.5321284532546997,0.5334632396697998,0.625558614730835,0.4509105384349823,0.6347543597221375,0.5536044239997864,0.7366950511932373,0.43279919028282166,0.7373719215393066
50,0.4976876676082611,0.37854039669036865,0.5380440950393677,0.42210957407951355,0.5503878593444824,0.47756850719451904,0.46699199080467224,0.41796642541885376,0.4474608898162842,0.4721547067165375,0.5478911399841309,0.5370189547538757,0.4472230076789856,0.5301996469497681,0.5110734105110168,0.5294532179832458,0.46968767046928406,0.5302487015724182,0.5346976518630981,0.624699592590332,0.45211273431777954,0.6283565759658813,0.5533496141433716,0.7348551154136658,0.4313759207725525,0.7369248867034912
51,0.49768227338790894,0.37759506702423096,0.538086473941803,0.42102691531181335,0.551116406917572,0.4794549345970154,0.46700796484947205,0.41685521602630615,0.44790181517601013,0.4708220660686493,0.5524479746818542,0.5326709747314453,0.44595372676849365,0.5283181667327881,0.51031094789505,0.5277960300445557,0.4692365527153015,0.5280036330223083,0.533007025718689,0.6243938207626343,0.4513464570045471,0.6270745396614075,0.5514721870422363,0.7352207899093628,0.4317668080329895,0.7376047372817993
52,0.49773430824279785,0.3770222067832947,0.5381343364715576,0.420570433139801,0.5527151226997375,0.4805881381034851,0.46613046526908875,0.41600191593170166,0.4459784924983978,0.4710932970046997,0.5535559058189392,0.5337662100791931,0.4373708963394165,0.5252776145935059,0.5090942978858948,0.526301383972168,0.4652561843395233,0.5279799699783325,0.5336644053459167,0.6217567324638367,0.4500942826271057,0.6266235709190369,0.5534182786941528,0.734309196472168,0.43269872665405273,0.7365225553512573
53,0.4979702830314636,0.37647005915641785,0.5384588241577148,0.4211651682853699,0.5520279407501221,0.4780181348323822,0.46610504388809204,0.41702234745025635,0.4459225833415985,0.4712875485420227,0.5586614608764648,0.5322827100753784,0.43342074751853943,0.5201693773269653,0.5094473361968994,0.5279136896133423,0.4640212655067444,0.5288166999816895,0.5349377393722534,0.6197737455368042,0.4471433162689209,0.6293355226516724,0.5532004833221436,0.7351428866386414,0.4336066246032715,0.737331748008728
54,0.4977555274963379,0.37796056270599365,0.5382487177848816,0.4256002604961395,0.5528765320777893,0.4813809394836426,0.4658961296081543,0.419428288936615,0.4440295100212097,0.47372883558273315,0.5610222220420837,0.5312314033508301,0.42802780866622925,0.5303305983543396,0.5087523460388184,0.5346919298171997,0.46429234743118286,0.5335499048233032,0.5331380367279053,0.6313181519508362,0.44129931926727295,0.6392183303833008,0.5522699952125549,0.7371968626976013,0.43183740973472595,0.7400445342063904
55,0.49787431955337524,0.3789719343185425,0.5374034643173218,0.4277052879333496,0.5536121726036072,0.4792824685573578,0.46566149592399597,0.4228256642818451,0.440640389919281,0.47847771644592285,0.567417323589325,0.5359929203987122,0.42259031534194946,0.5199004411697388,0.5173782110214233,0.5378350019454956,0.4633948504924774,0.5329528450965881,0.5330338478088379,0.6338669657707214,0.44007354974746704,0.6376014947891235,0.5490362644195557,0.7407686710357666,0.4302264153957367,0.73865807056427
56,0.4966554641723633,0.3814863860607147,0.5365464687347412,0.42876577377319336,0.5567880868911743,0.4815651774406433,0.4644901156425476,0.4246649444103241,0.43817949295043945,0.47846025228500366,0.5668957233428955,0.5377550721168518,0.4158610999584198,0.5176116228103638,0.5130524635314941,0.53566575050354,0.4609867334365845,0.5314496159553528,0.5252629518508911,0.6302886009216309,0.4379498362541199,0.6338498592376709,0.5492233037948608,0.7390041351318359,0.42626094818115234,0.7391058206558228
57,0.49542945623397827,0.3794587254524231,0.5339092016220093,0.424227774143219,0.5554404854774475,0.47607430815696716,0.4631199836730957,0.4214199483394623,0.43015503883361816,0.476551353931427,0.5832629203796387,0.528288722038269,0.4129565358161926,0.5139580368995667,0.511246383190155,0.5303505659103394,0.4611687660217285,0.5277870893478394,0.5251562595367432,0.6257021427154541,0.4402729868888855,0.6289854645729065,0.552352786064148,0.7383385896682739,0.4249810576438904,0.7392462491989136
58,0.4958547055721283,0.37847161293029785,0.5356379747390747,0.42032986879348755,0.5717324018478394,0.4634726643562317,0.46679753065109253,0.4187818169593811,0.42107945680618286,0.46162864565849304,0.5939135551452637,0.5007121562957764,0.39989519119262695,0.4760434627532959,0.5205960273742676,0.5292245745658875,0.4702218472957611,0.5263108015060425,0.5323306322097778,0.6244930624961853,0.4479316473007202,0.6283774375915527,0.552185595035553,0.7345223426818848,0.4287313222885132,0.7379519939422607
59,0.49414515495300293,0.37510383129119873,0.5313926339149475,0.4146958291530609,0.5758062601089478,0.45209142565727234,0.4665926694869995,0.4156269431114197,0.4156113266944885,0.4506242275238037,0.5961518883705139,0.4818475842475891,0.4010190963745117,0.4608744978904724,0.518290638923645,0.5270049571990967,0.468575119972229,0.5245645642280579,0.5311623811721802,0.6218211650848389,0.44695764780044556,0.626167893409729,0.5506424903869629,0.7327300906181335,0.4297507405281067,0.7292501926422119
60,0.4946315288543701,0.37414026260375977,0.5354565382003784,0.4181438386440277,0.5911821722984314,0.44581300020217896,0.4684792459011078,0.4188455045223236,0.4184076189994812,0.441858172416687,0.5871670246124268,0.4538230895996094,0.4097636640071869,0.436032772064209,0.513062596321106,0.5262288451194763,0.4680505394935608,0.5275918245315552,0.5351479053497314,0.6283917427062988,0.44406360387802124,0.6242282390594482,0.550028920173645,0.7332812547683716,0.4322953224182129,0.7266122102737427
61,0.49488717317581177,0.3736003637313843,0.5301656723022461,0.4161849617958069,0.5680335760116577,0.43463191390037537,0.46662092208862305,0.41638994216918945,0.41996777057647705,0.43019384145736694,0.5995838642120361,0.43717753887176514,0.3949677646160126,0.41678234934806824,0.5165277123451233,0.525123119354248,0.46607303619384766,0.5250896215438843,0.5281580686569214,0.6190794706344604,0.45562875270843506,0.6159101724624634,0.5492452383041382,0.7234691381454468,0.430161714553833,0.7251514196395874
62,0.4930475950241089,0.374362051486969,0.5286267995834351,0.4166809320449829,0.5685417056083679,0.428017258644104,0.47049710154533386,0.41602155566215515,0.42311614751815796,0.4117549657821655,0.5934337973594666,0.4140881896018982,0.3844538927078247,0.3948485553264618,0.5177474021911621,0.528442919254303,0.4691455066204071,0.5268161296844482,0.5308330655097961,0.6228007674217224,0.4581964612007141,0.6181497573852539,0.5508987903594971,0.7311009168624878,0.4311348795890808,0.7294143438339233
63,0.4981057643890381,0.37153464555740356,0.5349997878074646,0.41685938835144043,0.5605841875076294,0.42393478751182556,0.4769456088542938,0.41412341594696045,0.4265659749507904,0.4054751396179199,0.5927748680114746,0.39455243945121765,0.389176607131958,0.3768690228462219,0.5192931294441223,0.5285009741783142,0.47289928793907166,0.5267746448516846,0.5275457501411438,0.6257009506225586,0.4608551859855652,0.6189727187156677,0.5483599901199341,0.7266048192977905,0.42871326208114624,0.732191801071167
64,0.4986024796962738,0.37719592452049255,0.5368367433547974,0.42463263869285583,0.5720162987709045,0.4124152362346649,0.47276946902275085,0.41900384426116943,0.4280012249946594,0.402044415473938,0.5998730063438416,0.3714609742164612,0.3889129161834717,0.35866737365722656,0.5194154977798462,0.534271240234375,0.4684585928916931,0.5321584343910217,0.5320615172386169,0.6286464929580688,0.45013996958732605,0.6252238750457764,0.5481489896774292,0.7286211848258972,0.42872855067253113,0.7337386012077332
65,0.49927788972854614,0.3798215985298157,0.5395667552947998,0.42261049151420593,0.5742335319519043,0.40555307269096375,0.47336456179618835,0.41179579496383667,0.42538660764694214,0.39396005868911743,0.6038920879364014,0.35783708095550537,0.38670584559440613,0.3531617820262909,0.5140938758850098,0.5300072431564331,0.4731392562389374,0.5311223268508911,0.5354543924331665,0.6329404711723328,0.4525335431098938,0.6291326284408569,0.5501486659049988,0.7305018305778503,0.42881691455841064,0.734920859336853
66,0.4955404996871948,0.3790704905986786,0.5361611247062683,0.4223501682281494,0.5799477100372314,0.38543158769607544,0.4713154435157776,0.4115450084209442,0.4139685332775116,0.384554386138916,0.5969635844230652,0.3401270806789398,0.39446231722831726,0.33694013953208923,0.5121600031852722,0.5305827260017395,0.4702357053756714,0.5308794379234314,0.534542977809906,0.6286301016807556,0.4566992521286011,0.6240463256835938,0.5495822429656982,0.7261025905609131,0.42993971705436707,0.7318134307861328
67,0.4953070878982544,0.3780554533004761,0.5369821190834045,0.4184262156486511,0.5817681550979614,0.37056419253349304,0.4761914610862732,0.417946994304657,0.41471654176712036,0.38089269399642944,0.6061166524887085,0.31665074825286865,0.3957255482673645,0.31885242462158203,0.5136276483535767,0.5310416221618652,0.47242653369903564,0.5308276414871216,0.5355043411254883,0.6287965178489685,0.4510568082332611,0.6259068846702576,0.5520261526107788,0.7285043001174927,0.4312410354614258,0.7322061061859131
68,0.4964558780193329,0.37714883685112,0.5355802774429321,0.4155331254005432,0.5780394673347473,0.36405596137046814,0.47430846095085144,0.41468387842178345,0.4249425530433655,0.3759711980819702,0.5939732789993286,0.2974342703819275,0.3997049927711487,0.30324214696884155,0.5121207237243652,0.5311755537986755,0.4737264811992645,0.5308892726898193,0.5367962121963501,0.6356738805770874,0.4564608931541443,0.6321164965629578,0.5514974594116211,0.7342369556427002,0.43165910243988037,0.7380862236022949
69,0.494983047246933,0.37463653087615967,0.5367475748062134,0.4125712513923645,0.5715448260307312,0.37184494733810425,0.47134214639663696,0.4093681275844574,0.43908119201660156,0.3708454370498657,0.5856444239616394,0.2975059449672699,0.4074583649635315,0.29768410325050354,0.5157428979873657,0.5299383997917175,0.476467102766037,0.5298171043395996,0.5395784378051758,0.6383582949638367,0.4638497829437256,0.634986162185669,0.5503756999969482,0.741413950920105,0.43310636281967163,0.743264377117157
70,0.5015674829483032,0.36600297689437866,0.5293370485305786,0.41423413157463074,0.5681027173995972,0.3732709288597107,0.48048126697540283,0.40767142176628113,0.45250219106674194,0.38171106576919556,0.5739824175834656,0.3064204156398773,0.422950804233551,0.3126126527786255,0.5163553953170776,0.5245580077171326,0.48551273345947266,0.5238981246948242,0.5375819206237793,0.639115571975708,0.47669586539268494,0.6364885568618774,0.5489450693130493,0.7421907782554626,0.4316437840461731,0.7338141798973083
71,0.5073598623275757,0.36616820096969604,0.5258933305740356,0.4169418215751648,0.5529361963272095,0.3718222975730896,0.4987034201622009,0.4135130047798157,0.4886780381202698,0.37584957480430603,0.5737801790237427,0.284448504447937,0.4409058094024658,0.2904120087623596,0.5171757936477661,0.5213565230369568,0.49705764651298523,0.5213103294372559,0.5377647876739502,0.6361308097839355,0.49846217036247253,0.6317899227142334,0.54896080493927,0.7389516830444336,0.4374149739742279,0.7239426970481873
72,0.4958765208721161,0.37470704317092896,0.5398475527763367,0.40425345301628113,0.5624410510063171,0.3544050455093384,0.47406136989593506,0.4092613458633423,0.45617711544036865,0.3612057864665985,0.5689631104469299,0.2738499045372009,0.4336007535457611,0.2812398076057434,0.5145882368087769,0.5199881196022034,0.4735131859779358,0.5217117667198181,0.5348016023635864,0.6240559816360474,0.46551626920700073,0.6257114410400391,0.5555541515350342,0.7398068308830261,0.4332307279109955,0.7414039969444275
73,0.4982645511627197,0.3712761104106903,0.5398992300033569,0.40603935718536377,0.5628618001937866,0.35912179946899414,0.47402700781822205,0.4098431468009949,0.4609299302101135,0.35484540462493896,0.5690498352050781,0.2730921506881714,0.4446951150894165,0.287899374961853,0.5189678072929382,0.5232483148574829,0.4803059995174408,0.5260270833969116,0.542739987373352,0.6338270902633667,0.4638279378414154,0.633706271648407,0.5519163608551025,0.7421595454216003,0.4333115816116333,0.7385772466659546
74,0.4992426633834839,0.3653729557991028,0.5338695049285889,0.402360200881958,0.560105562210083,0.3625809848308563,0.47803840041160583,0.40861639380455017,0.46151310205459595,0.35866817831993103,0.5687839388847351,0.271768718957901,0.44532760977745056,0.2894422709941864,0.5167937874794006,0.5194097757339478,0.4837058484554291,0.5215649604797363,0.541583776473999,0.6347230672836304,0.47486382722854614,0.6323390007019043,0.5509587526321411,0.7454745769500732,0.4293304681777954,0.7417861819267273
75,0.49934715032577515,0.37123483419418335,0.5378342270851135,0.39978963136672974,0.556614339351654,0.36283135414123535,0.4720858335494995,0.40419647097587585,0.46497246623039246,0.35450443625450134,0.5653694868087769,0.2731809914112091,0.44620847702026367,0.2849855422973633,0.5176082253456116,0.52295982837677,0.4807719588279724,0.5254801511764526,0.5398096442222595,0.6310499310493469,0.46456438302993774,0.6359010934829712,0.5530286431312561,0.7445330619812012,0.43044668436050415,0.7434158325195312
76,0.4980699419975281,0.3684542179107666,0.5390710234642029,0.40347200632095337,0.5552234649658203,0.3631797432899475,0.4760509729385376,0.4093087613582611,0.4684227705001831,0.35253071784973145,0.5666532516479492,0.268650621175766,0.4448842704296112,0.27366411685943604,0.5175070762634277,0.527956485748291,0.48254239559173584,0.5307266712188721,0.540656566619873,0.6348596811294556,0.4615412950515747,0.6488234996795654,0.5536136031150818,0.7487594485282898,0.4340353012084961,0.7453565001487732
77,0.5015041828155518,0.3682042062282562,0.5360530614852905,0.40361449122428894,0.5521199107170105,0.3681032657623291,0.4715779721736908,0.40749630331993103,0.4639403522014618,0.3573191165924072,0.5661842226982117,0.2728625535964966,0.44360655546188354,0.2789986729621887,0.5175095796585083,0.5235621929168701,0.48430725932121277,0.5266638398170471,0.5400190949440002,0.6367621421813965,0.4859374463558197,0.6384570002555847,0.5528600215911865,0.7466118335723877,0.4374902844429016,0.7376656532287598
78,0.49605807662010193,0.36678630113601685,0.5368520021438599,0.40364930033683777,0.5578924417495728,0.3690996766090393,0.4724365472793579,0.40889859199523926,0.45941635966300964,0.3585595488548279,0.5687594413757324,0.2800322473049164,0.4362979829311371,0.28666186332702637,0.5172497630119324,0.5276840925216675,0.4792029559612274,0.5282236337661743,0.5405940413475037,0.6453211903572083,0.4839409589767456,0.6377867460250854,0.5494109988212585,0.7475842237472534,0.4289402663707733,0.734707236289978
79,0.5003026723861694,0.3721688687801361,0.5235151052474976,0.40838178992271423,0.5535068511962891,0.36861222982406616,0.4978594481945038,0.414233535528183,0.5035866498947144,0.37501856684684753,0.5658168792724609,0.2711637616157532,0.46728751063346863,0.3361430764198303,0.5103141665458679,0.5110495686531067,0.49540919065475464,0.5134142637252808,0.529692530632019,0.5971399545669556,0.4863184690475464,0.5905032157897949,0.538650393486023,0.6643050909042358,0.4702271819114685,0.6426847577095032
80,0.49964964389801025,0.37326905131340027,0.5391689538955688,0.40639007091522217,0.5583864450454712,0.37894904613494873,0.47575539350509644,0.40595337748527527,0.45449039340019226,0.3721249997615814,0.5667898654937744,0.2789963483810425,0.4436838626861572,0.30303245782852173,0.5176653265953064,0.5203736424446106,0.48003095388412476,0.5156700611114502,0.5452313423156738,0.6274216175079346,0.460843563079834,0.6340367794036865,0.5516619682312012,0.7308074831962585,0.4376467168331146,0.7214640974998474
81,0.4966472089290619,0.37705957889556885,0.5354544520378113,0.40900975465774536,0.5554575324058533,0.3738536536693573,0.47337958216667175,0.4082719683647156,0.4524337947368622,0.36878734827041626,0.5652986764907837,0.2756327986717224,0.4289117455482483,0.297111451625824,0.5118622183799744,0.525056779384613,0.47938284277915955,0.5257526636123657,0.53950035572052,0.6312518119812012,0.4641851782798767,0.6390745639801025,0.550898015499115,0.7279941439628601,0.4324131906032562,0.7330488562583923
82,0.4988340139389038,0.37851381301879883,0.5373990535736084,0.41163262724876404,0.5601962804794312,0.38461625576019287,0.47400909662246704,0.4106440544128418,0.45928895473480225,0.3823227286338806,0.5550500750541687,0.3135777413845062,0.4335188865661621,0.30853790044784546,0.5197048783302307,0.5208463668823242,0.48495012521743774,0.5228256583213806,0.5476915836334229,0.6225343346595764,0.4600483775138855,0.6293476819992065,0.5571166276931763,0.7207906246185303,0.44146108627319336,0.7128335237503052
83,0.49941426515579224,0.38198554515838623,0.5262159109115601,0.41485387086868286,0.5601422786712646,0.38238704204559326,0.48153793811798096,0.42045605182647705,0.4598255157470703,0.38035082817077637,0.5635064244270325,0.28502357006073,0.4453934133052826,0.32189247012138367,0.5212729573249817,0.525999903678894,0.49221980571746826,0.5267066955566406,0.549515426158905,0.640473484992981,0.49789726734161377,0.635572075843811,0.553595781326294,0.7415342330932617,0.49950870871543884,0.7390191555023193
84,0.5024732947349548,0.3726222515106201,0.5387845039367676,0.40803262591362,0.5538631677627563,0.3746548593044281,0.47027072310447693,0.4030577838420868,0.4609791934490204,0.35981184244155884,0.5626603364944458,0.27296334505081177,0.4432734251022339,0.2904961109161377,0.5122737288475037,0.5234169960021973,0.4753018021583557,0.5245579481124878,0.5491796731948853,0.6192368268966675,0.44856783747673035,0.6326560378074646,0.5602016448974609,0.7279877066612244,0.42663535475730896,0.7401039600372314
85,0.49926328659057617,0.3851284682750702,0.5408223271369934,0.4289575219154358,0.5591788291931152,0.3808779716491699,0.46921059489250183,0.42148882150650024,0.45617029070854187,0.3724827170372009,0.5641345381736755,0.2870674729347229,0.4332068860530853,0.29631856083869934,0.5175848007202148,0.54216468334198,0.4725348651409149,0.5439636707305908,0.5548958778381348,0.6280579566955566,0.436696857213974,0.6348065137863159,0.5599892139434814,0.737281322479248,0.4257145822048187,0.7412517070770264
86,0.4982491135597229,0.39111441373825073,0.540442705154419,0.4307711720466614,0.5626377463340759,0.38320088386535645,0.47408589720726013,0.4278262257575989,0.4527490735054016,0.37172895669937134,0.5659253001213074,0.29749152064323425,0.44287562370300293,0.3157363831996918,0.5239399075508118,0.5400693416595459,0.48140066862106323,0.5436394214630127,0.5556164979934692,0.630964994430542,0.4433734118938446,0.6397942304611206,0.5659307241439819,0.7400799989700317,0.42587655782699585,0.7391763925552368
87,0.4950345456600189,0.39871925115585327,0.5367727279663086,0.43849775195121765,0.5641835331916809,0.383462518453598,0.46663567423820496,0.43647894263267517,0.4549592435359955,0.3769088387489319,0.5669900178909302,0.30293262004852295,0.43395647406578064,0.3091060519218445,0.5193852782249451,0.5490350127220154,0.4740443825721741,0.5491263270378113,0.5491361618041992,0.624582052230835,0.4358137547969818,0.6319584250450134,0.557155430316925,0.7392747402191162,0.4228224456310272,0.7405142188072205
88,0.4981217086315155,0.4089010953903198,0.5379087924957275,0.44658514857292175,0.565061628818512,0.3892338275909424,0.4628647565841675,0.44147226214408875,0.4474957585334778,0.3777194619178772,0.5670536756515503,0.2979901432991028,0.43003568053245544,0.3098682463169098,0.5139833092689514,0.550326943397522,0.47183579206466675,0.5505555868148804,0.5515137314796448,0.6301036477088928,0.4328339099884033,0.6330264210700989,0.5562767386436462,0.7392047643661499,0.42081624269485474,0.7411968111991882
89,0.49212905764579773,0.4159180521965027,0.5370088815689087,0.4528582990169525,0.5652145147323608,0.3894956707954407,0.4644868075847626,0.45088058710098267,0.44946083426475525,0.3866479992866516,0.5656896829605103,0.30030718445777893,0.43333908915519714,0.3127823770046234,0.5139845609664917,0.5546145439147949,0.47535642981529236,0.5544847249984741,0.5518844723701477,0.6384338140487671,0.4350771903991699,0.6319088339805603,0.5537380576133728,0.7413138747215271,0.4205310344696045,0.7379074096679688
90,0.5001175403594971,0.4205470085144043,0.5361983776092529,0.4586944282054901,0.5669174194335938,0.38851600885391235,0.4679788053035736,0.45821577310562134,0.4508781433105469,0.3908528983592987,0.5660896301269531,0.3005388677120209,0.43417975306510925,0.3097127079963684,0.5152373313903809,0.5632849931716919,0.4776187837123871,0.5635837316513062,0.55092453956604,0.6328604817390442,0.4301294982433319,0.6329490542411804,0.555061399936676,0.7387182712554932,0.42079004645347595,0.7346835136413574
91,0.501567006111145,0.4236014783382416,0.5332457423210144,0.4581345319747925,0.5667486786842346,0.3939301669597626,0.4666854739189148,0.4594237804412842,0.4467330574989319,0.4039691388607025,0.5685358047485352,0.32041025161743164,0.4306318759918213,0.3281286954879761,0.514644205570221,0.5605194568634033,0.476682186126709,0.5624142289161682,0.5502946376800537,0.6301957368850708,0.43223056197166443,0.6338028907775879,0.5578391551971436,0.7381994724273682,0.4213017225265503,0.7361489534378052
92,0.49661242961883545,0.43654555082321167,0.5339288115501404,0.47305113077163696,0.5629964470863342,0.4100753664970398,0.4724704921245575,0.47274360060691833,0.49500951170921326,0.4102719724178314,0.5646353960037231,0.32821887731552124,0.4476829469203949,0.3359193801879883,0.513704776763916,0.5715069770812988,0.47616100311279297,0.5740981101989746,0.5512903332710266,0.6339733004570007,0.44102299213409424,0.6322289705276489,0.5571455955505371,0.7378899455070496,0.42381975054740906,0.7312763929367065
93,0.492340624332428,0.43705976009368896,0.5286397933959961,0.4739656150341034,0.5633745789527893,0.4067358374595642,0.467273473739624,0.47569143772125244,0.4915667176246643,0.4266752004623413,0.5641999244689941,0.3263080418109894,0.44329187273979187,0.36519598960876465,0.5187486410140991,0.5760553479194641,0.4740365445613861,0.5764721632003784,0.5454802513122559,0.6353352069854736,0.43635305762290955,0.6359229683876038,0.5553719401359558,0.7383584976196289,0.42404302954673767,0.73105788230896
94,0.4995574355125427,0.44422778487205505,0.5277643799781799,0.47575634717941284,0.5681979060173035,0.42191678285598755,0.4688214957714081,0.4808693826198578,0.49047034978866577,0.428442120552063,0.5638761520385742,0.3439566493034363,0.44630226492881775,0.36838123202323914,0.519257664680481,0.579338550567627,0.47459375858306885,0.5794137716293335,0.5478541254997253,0.6354009509086609,0.4300382137298584,0.6407153606414795,0.5576278567314148,0.7402176856994629,0.42335253953933716,0.7297629714012146
95,0.497663676738739,0.4450368285179138,0.5300936698913574,0.48761746287345886,0.5663804411888123,0.43678492307662964,0.4730561673641205,0.4849587082862854,0.4849300980567932,0.44967278838157654,0.5646822452545166,0.359716534614563,0.4349876046180725,0.3712189793586731,0.5212510228157043,0.5855755805969238,0.47584018111228943,0.5865625143051147,0.5480575561523438,0.6395286321640015,0.43259677290916443,0.6440742015838623,0.5526621341705322,0.73475182056427,0.42059028148651123,0.7390462160110474
96,0.5021353960037231,0.445234477519989,0.531457245349884,0.4833420217037201,0.567334771156311,0.4355514943599701,0.4679521918296814,0.4806956946849823,0.4458000063896179,0.420843243598938,0.5606974363327026,0.362467497587204,0.4389048218727112,0.37432920932769775,0.5174224376678467,0.5918788909912109,0.46961066126823425,0.5919003486633301,0.5460988283157349,0.6474418640136719,0.42704176902770996,0.6504685282707214,0.550537109375,0.7439707517623901,0.42102158069610596,0.735439658164978
97,0.50368332862854,0.4625055193901062,0.5387589335441589,0.49342650175094604,0.5643513798713684,0.46539306640625,0.47536060214042664,0.48723337054252625,0.4502309560775757,0.4638384282588959,0.5637694597244263,0.38324031233787537,0.43676328659057617,0.3937680423259735,0.5196998119354248,0.5900944471359253,0.4724801778793335,0.5875844955444336,0.5520538091659546,0.6396803259849548,0.4326547086238861,0.638867974281311,0.5538187623023987,0.7404503226280212,0.4204707145690918,0.7334195971488953
98,0.5014163255691528,0.4700062870979309,0.5387547612190247,0.5089166164398193,0.5676430463790894,0.46774351596832275,0.4724902808666229,0.5025523900985718,0.4490620791912079,0.4736440181732178,0.5627650022506714,0.3858562409877777,0.4338166117668152,0.39498648047447205,0.5172548890113831,0.6077666878700256,0.473612904548645,0.6089969873428345,0.5551658868789673,0.6507390141487122,0.43396246433258057,0.648810863494873,0.5613943934440613,0.7437655329704285,0.42155250906944275,0.7366459369659424
99,0.5045293569564819,0.4731231927871704,0.5403398275375366,0.5150799751281738,0.5671172142028809,0.4700140357017517,0.47470948100090027,0.5112707614898682,0.4483705759048462,0.4812963902950287,0.563199520111084,0.39169108867645264,0.4327194094657898,0.3906867504119873,0.5207712650299072,0.6164724826812744,0.473999947309494,0.6180766224861145,0.5552630424499512,0.6493351459503174,0.4342197775840759,0.650590717792511,0.5613443851470947,0.746711015701294,0.4210847318172455,0.7375586032867432
100,0.4976494312286377,0.4854297339916229,0.5379277467727661,0.5295439958572388,0.5729393362998962,0.4805337190628052,0.4738430380821228,0.5234035849571228,0.44464001059532166,0.4843462407588959,0.563275158405304,0.3979606330394745,0.43845027685165405,0.39906609058380127,0.5229458808898926,0.6265944242477417,0.47407209873199463,0.625072717666626,0.5510198473930359,0.6499385833740234,0.43397629261016846,0.6525270342826843,0.5549921989440918,0.7451175451278687,0.4218002259731293,0.7423382997512817
101,0.5027240514755249,0.48782670497894287,0.5338573455810547,0.5295654535293579,0.5604240894317627,0.49366891384124756,0.4731118083000183,0.5254977941513062,0.4405306279659271,0.4911646246910095,0.5670353174209595,0.40428245067596436,0.43654024600982666,0.40007099509239197,0.5181297063827515,0.627525806427002,0.4730055332183838,0.6312049627304077,0.5524177551269531,0.6544697284698486,0.4327191114425659,0.6627237200737,0.5567967891693115,0.7454132437705994,0.4224940240383148,0.7466885447502136
102,0.4982042908668518,0.49019694328308105,0.5301526188850403,0.528262734413147,0.5611060857772827,0.49687910079956055,0.4852750897407532,0.5293945670127869,0.47709327936172485,0.5057318210601807,0.5667697191238403,0.4151141047477722,0.435118168592453,0.4173789620399475,0.5175530910491943,0.6299492716789246,0.48103103041648865,0.6304035186767578,0.5476374626159668,0.6521162986755371,0.4348120093345642,0.6582368016242981,0.5514935255050659,0.7323107719421387,0.4230884313583374,0.7381934523582458
103,0.4936893582344055,0.5021563768386841,0.5324745178222656,0.5368201732635498,0.5594073534011841,0.507300853729248,0.4758998155593872,0.5354543328285217,0.44569048285484314,0.49909186363220215,0.5646711587905884,0.42319053411483765,0.4301607310771942,0.42043131589889526,0.5155167579650879,0.6320147514343262,0.47347721457481384,0.634738564491272,0.5480703711509705,0.6553894281387329,0.43692100048065186,0.6519089937210083,0.5542409420013428,0.7339827418327332,0.42165622115135193,0.7384958267211914
104,0.4939870536327362,0.507658839225769,0.5273822546005249,0.5461679100990295,0.5626693964004517,0.5126030445098877,0.4621264338493347,0.540763258934021,0.4450293183326721,0.5059381723403931,0.5646122097969055,0.43100351095199585,0.4367307126522064,0.44174158573150635,0.5170839428901672,0.6451324820518494,0.4719206690788269,0.6421113610267639,0.5550398826599121,0.6594129204750061,0.43500885367393494,0.652634859085083,0.5542935132980347,0.7364363074302673,0.42461296916007996,0.7386684417724609
105,0.4892645478248596,0.5130967497825623,0.5215492844581604,0.5600286722183228,0.5634568929672241,0.5193400382995605,0.45498400926589966,0.5536338090896606,0.4470175504684448,0.5237737894058228,0.5689527988433838,0.42651480436325073,0.43865880370140076,0.4536072611808777,0.5108707547187805,0.6488885879516602,0.4694518446922302,0.650779664516449,0.5527786016464233,0.6609493494033813,0.43429455161094666,0.6568322777748108,0.5538560152053833,0.7379040718078613,0.4232568144798279,0.7386259436607361
106,0.485901802778244,0.5090552568435669,0.5106325745582581,0.5560709834098816,0.5646957159042358,0.5164161920547485,0.4746999144554138,0.5515438318252563,0.49861836433410645,0.5233018398284912,0.5690737962722778,0.43500468134880066,0.4409273862838745,0.45365089178085327,0.5140496492385864,0.6468961238861084,0.4901359975337982,0.6489865779876709,0.5527476072311401,0.6575733423233032,0.4879615008831024,0.650444507598877,0.5554743409156799,0.7407090067863464,0.4273359477519989,0.7444818019866943
107,0.47887134552001953,0.5119408965110779,0.49931105971336365,0.5558711290359497,0.568122923374176,0.5248282551765442,0.49368566274642944,0.5582847595214844,0.5550326704978943,0.5252029299736023,0.5746324062347412,0.46143147349357605,0.45121774077415466,0.4742068648338318,0.5160468816757202,0.6459312438964844,0.5038458704948425,0.63978111743927,0.5505728721618652,0.6640368700027466,0.4331156015396118,0.6676560640335083,0.5580122470855713,0.7391732931137085,0.4263618588447571,0.7459465265274048
108,0.4876880645751953,0.5203508138656616,0.5226688385009766,0.559093713760376,0.5692826509475708,0.5402578115463257,0.4453514516353607,0.5514194965362549,0.4337143301963806,0.5187914967536926,0.5707310438156128,0.449468195438385,0.4382098913192749,0.4577191472053528,0.513613224029541,0.6345579624176025,0.4715164303779602,0.6350998878479004,0.5551514625549316,0.6641589403152466,0.4687594175338745,0.6632157564163208,0.5554400682449341,0.7518925666809082,0.42817994952201843,0.7451011538505554
109,0.49065136909484863,0.5295506119728088,0.5204648971557617,0.5698976516723633,0.5661975145339966,0.5407623052597046,0.45152413845062256,0.5702799558639526,0.44395750761032104,0.5423167943954468,0.5680803060531616,0.47100383043289185,0.42762547731399536,0.4655021131038666,0.5068646669387817,0.6593910455703735,0.46334534883499146,0.6618640422821045,0.5465768575668335,0.6686700582504272,0.4591277837753296,0.6684226989746094,0.5500253438949585,0.7505117654800415,0.4284590482711792,0.7468940615653992
110,0.4895056486129761,0.5405392646789551,0.5205895900726318,0.5753558874130249,0.5635734796524048,0.5474327206611633,0.45705533027648926,0.5763944387435913,0.45145589113235474,0.5674287676811218,0.5752156376838684,0.49248385429382324,0.4321576952934265,0.46643388271331787,0.5041759610176086,0.6678718328475952,0.46543237566947937,0.6685903072357178,0.5415536761283875,0.6666927337646484,0.46285927295684814,0.6635544300079346,0.5485680103302002,0.7471612691879272,0.4318452477455139,0.7417978048324585
111,0.4924749732017517,0.5461734533309937,0.5220293402671814,0.587146520614624,0.5621298551559448,0.5463494658470154,0.45328208804130554,0.5876916646957397,0.42984455823898315,0.5509333610534668,0.5687234997749329,0.4802761673927307,0.42977580428123474,0.471302330493927,0.505922257900238,0.6607610583305359,0.4590054452419281,0.6641603708267212,0.5417728424072266,0.6702844500541687,0.4580984115600586,0.6679519414901733,0.5467970967292786,0.7444047331809998,0.4301524758338928,0.7445073127746582
112,0.4945005774497986,0.5543445944786072,0.528240442276001,0.5967683792114258,0.5707022547721863,0.5506042242050171,0.4514167308807373,0.5924651026725769,0.4286346435546875,0.5584250092506409,0.5677987337112427,0.49003714323043823,0.4314919114112854,0.4881892204284668,0.5056962370872498,0.6814810633659363,0.45433253049850464,0.6790984869003296,0.5415875315666199,0.6828492879867554,0.43865543603897095,0.6797817945480347,0.5564224720001221,0.7434518337249756,0.4312005639076233,0.7474385499954224
113,0.490522563457489,0.5554959774017334,0.5276510715484619,0.5951451063156128,0.5725512504577637,0.5493824481964111,0.4515424966812134,0.5922017097473145,0.4267421364784241,0.5615494251251221,0.5666403770446777,0.4905393719673157,0.425395131111145,0.4895274341106415,0.5054200887680054,0.6822646856307983,0.4558678865432739,0.6805214285850525,0.53513503074646,0.6797206401824951,0.4404164254665375,0.663944661617279,0.5534055233001709,0.7251831293106079,0.4349638819694519,0.7143802642822266
114,0.4877554774284363,0.5567626953125,0.5269169807434082,0.5984224081039429,0.5732613801956177,0.5481680631637573,0.45051658153533936,0.6020185947418213,0.4231088161468506,0.5605028867721558,0.5663328766822815,0.4958459734916687,0.43144842982292175,0.49290597438812256,0.508522093296051,0.7042231559753418,0.45518189668655396,0.7008415460586548,0.5344146490097046,0.6903822422027588,0.4389934241771698,0.6685411334037781,0.5464352369308472,0.7389200925827026,0.4296213984489441,0.7445648908615112
115,0.4909095764160156,0.5611730813980103,0.5316044688224792,0.6122084259986877,0.5734928250312805,0.5524989366531372,0.44837403297424316,0.607447624206543,0.4167975187301636,0.5728640556335449,0.5653798580169678,0.5061361789703369,0.43305617570877075,0.5145350694656372,0.5130760669708252,0.7313306331634521,0.45516011118888855,0.7376958131790161,0.5340920686721802,0.7195373773574829,0.4360169768333435,0.7102329134941101,0.15329641103744507,0.7569361925125122,0.42429113388061523,0.7510181665420532
116,0.4907846450805664,0.5597347617149353,0.5314083695411682,0.6074503660202026,0.5749030113220215,0.5518776178359985,0.45219656825065613,0.60708087682724,0.4179108738899231,0.5766962170600891,0.567474901676178,0.5044994354248047,0.43061158061027527,0.5251734852790833,0.5160822868347168,0.7144902944564819,0.45774269104003906,0.7111878395080566,0.5379132032394409,0.7181980013847351,0.43548068404197693,0.708510160446167,0.5049797892570496,0.7566949129104614,0.4240381121635437,0.7520634531974792
117,0.49067431688308716,0.5584268569946289,0.5339316129684448,0.6088386178016663,0.5754624605178833,0.551861047744751,0.45041823387145996,0.6059231758117676,0.418032705783844,0.5647571086883545,0.5683270692825317,0.5027364492416382,0.4370045065879822,0.4941210150718689,0.5158442258834839,0.7141830325126648,0.456696480512619,0.7101747989654541,0.5377946496009827,0.7186593413352966,0.43574267625808716,0.7076336741447449,0.1547636240720749,0.7554346323013306,0.42504116892814636,0.7508364915847778
118,0.49066242575645447,0.5607876777648926,0.5350701808929443,0.6147421002388,0.5739738941192627,0.5511192083358765,0.44947564601898193,0.611434817314148,0.41992950439453125,0.5611156821250916,0.5674436092376709,0.4948377311229706,0.4228736162185669,0.48545724153518677,0.5135722756385803,0.7164267897605896,0.45474833250045776,0.7123119235038757,0.540705680847168,0.7169127464294434,0.43514353036880493,0.7075053453445435,0.15555652976036072,0.7559124231338501,0.4276239275932312,0.7483834624290466
119,0.4871470332145691,0.5561594367027283,0.5285776853561401,0.5981743335723877,0.5663963556289673,0.5494616031646729,0.44846877455711365,0.602391242980957,0.424087256193161,0.5554547905921936,0.5687440633773804,0.49243152141571045,0.4212312400341034,0.4883355498313904,0.5069791674613953,0.6903764605522156,0.45152175426483154,0.688286542892456,0.5387133955955505,0.6926664710044861,0.4359935224056244,0.6828185319900513,0.5458956956863403,0.735191285610199,0.4264886975288391,0.7434505820274353
120,0.49053940176963806,0.5537763237953186,0.5242285132408142,0.5869035124778748,0.5785136222839355,0.5451819896697998,0.4577149748802185,0.5888620615005493,0.41753673553466797,0.5583356022834778,0.5747354626655579,0.48288196325302124,0.4221441447734833,0.4718603789806366,0.5070707201957703,0.6473600268363953,0.4526537358760834,0.6600247025489807,0.5324608087539673,0.6653122901916504,0.41923269629478455,0.663951575756073,0.14840218424797058,0.766715407371521,0.40939605236053467,0.7212750911712646
121,0.4904588460922241,0.5455517768859863,0.523349404335022,0.5860852003097534,0.573562502861023,0.5528051853179932,0.4468831717967987,0.5839713215827942,0.42182135581970215,0.5618698596954346,0.5760909914970398,0.48491060733795166,0.4165463149547577,0.4821252226829529,0.5058457851409912,0.6577310562133789,0.4585842788219452,0.6597023010253906,0.5353413224220276,0.6682382822036743,0.4563342034816742,0.6651989221572876,0.5438360571861267,0.7501710653305054,0.42949506640434265,0.7306980490684509
122,0.48767703771591187,0.5415860414505005,0.5241183638572693,0.5765011310577393,0.5740228891372681,0.549980878829956,0.4444379508495331,0.577583372592926,0.4225262999534607,0.5529698133468628,0.5773133635520935,0.4778617322444916,0.41985195875167847,0.48508498072624207,0.5073390603065491,0.658509373664856,0.46408748626708984,0.6626014709472656,0.5400513410568237,0.6758849620819092,0.458446204662323,0.6813575625419617,0.5439293384552002,0.7402726411819458,0.43427711725234985,0.7436726093292236
123,0.49109694361686707,0.543492317199707,0.5244084596633911,0.5755230188369751,0.5723837614059448,0.5510780811309814,0.45267340540885925,0.5789718627929688,0.4269488751888275,0.5636001229286194,0.5744129419326782,0.4798211455345154,0.43433600664138794,0.49449285864830017,0.511862576007843,0.6608246564865112,0.4684005379676819,0.6701304912567139,0.5427970290184021,0.677144467830658,0.4626721143722534,0.6803183555603027,0.546993613243103,0.7485833168029785,0.4329877495765686,0.7468479871749878
124,0.4902678430080414,0.5288933515548706,0.5230743885040283,0.5670750737190247,0.5729317665100098,0.5325049161911011,0.46442171931266785,0.5682912468910217,0.48508021235466003,0.5587726831436157,0.5743446946144104,0.45852574706077576,0.4375978112220764,0.4780815541744232,0.5143200755119324,0.6539385914802551,0.47797346115112305,0.6562670469284058,0.539045512676239,0.6806107759475708,0.45598435401916504,0.6778249740600586,0.5476687550544739,0.7488950490951538,0.4283085763454437,0.748067319393158
125,0.49190816283226013,0.5239428281784058,0.5262791514396667,0.5609385967254639,0.5736890435218811,0.5312922596931458,0.45261988043785095,0.5642991662025452,0.44487112760543823,0.5613301992416382,0.5778608322143555,0.45578378438949585,0.43839001655578613,0.4783528447151184,0.5126093029975891,0.656707763671875,0.47380226850509644,0.6594717502593994,0.5436705946922302,0.6699747443199158,0.4581104516983032,0.6557921767234802,0.5505284667015076,0.7436720728874207,0.43266934156417847,0.7453380823135376
126,0.4914747178554535,0.5195894837379456,0.5276560187339783,0.5569455027580261,0.5733654499053955,0.5288426876068115,0.4527442157268524,0.5548797845840454,0.4437578618526459,0.5514779090881348,0.5766359567642212,0.44993001222610474,0.4368082284927368,0.4709756374359131,0.5101956129074097,0.6518257856369019,0.4693361222743988,0.6530587673187256,0.5506704449653625,0.6699039340019226,0.45163387060165405,0.6584102511405945,0.5529825687408447,0.7462558746337891,0.4298153817653656,0.7468127012252808
127,0.48650580644607544,0.5215156078338623,0.5257465243339539,0.5565171241760254,0.5674997568130493,0.5247992873191833,0.44793039560317993,0.5577878952026367,0.44181305170059204,0.5361844301223755,0.569551944732666,0.447441428899765,0.43932586908340454,0.4653540551662445,0.5131595134735107,0.6502442955970764,0.4714393615722656,0.6520721912384033,0.5521914958953857,0.6607022285461426,0.4450250267982483,0.6578003168106079,0.5527503490447998,0.7400946617126465,0.42721205949783325,0.7473840117454529
128,0.4886959195137024,0.5129779577255249,0.5308263301849365,0.5533511638641357,0.5679162740707397,0.5227633714675903,0.45095452666282654,0.5549819469451904,0.4394960105419159,0.5175314545631409,0.5720307230949402,0.44275546073913574,0.43322211503982544,0.454581618309021,0.5184085965156555,0.6509608626365662,0.47269174456596375,0.6537097692489624,0.5537294745445251,0.6572080850601196,0.4459497630596161,0.6532874703407288,0.5532572865486145,0.7450371980667114,0.42621171474456787,0.7474356889724731
129,0.4939979016780853,0.5063542723655701,0.527722954750061,0.5417003631591797,0.571780800819397,0.5094635486602783,0.4520125389099121,0.5372328758239746,0.434029757976532,0.5089665055274963,0.5709583163261414,0.43234583735466003,0.42693841457366943,0.4287070631980896,0.5116589069366455,0.6421264410018921,0.4681994318962097,0.6451488733291626,0.5532698631286621,0.6609914302825928,0.4386797547340393,0.656044602394104,0.5552129149436951,0.7433524131774902,0.4263458847999573,0.7454375624656677
130,0.49505555629730225,0.49626052379608154,0.5317756533622742,0.5394068956375122,0.5647425651550293,0.507989764213562,0.4606624245643616,0.5348870754241943,0.4354124665260315,0.5087841749191284,0.5687907934188843,0.4306221604347229,0.4285375773906708,0.4266139268875122,0.5170283913612366,0.6368445158004761,0.4735133647918701,0.641469419002533,0.548539400100708,0.6531259417533875,0.4383258819580078,0.6535859107971191,0.5568110942840576,0.732429027557373,0.4260912537574768,0.744046688079834
131,0.4976290464401245,0.4903722405433655,0.5338650941848755,0.5299404263496399,0.5694783926010132,0.5000541806221008,0.46458327770233154,0.5236870050430298,0.4426388740539551,0.4970518946647644,0.5716268420219421,0.42163193225860596,0.4344556927680969,0.41754698753356934,0.5183285474777222,0.6271728277206421,0.4736599922180176,0.6327144503593445,0.5489757061004639,0.6484540104866028,0.43704116344451904,0.6521979570388794,0.5541581511497498,0.7362527251243591,0.4245177209377289,0.7485668659210205
132,0.49943679571151733,0.48851558566093445,0.5366411209106445,0.5245344638824463,0.5740993618965149,0.4859432876110077,0.4673324227333069,0.5180323719978333,0.4343518614768982,0.48702484369277954,0.5731906294822693,0.4122891426086426,0.43445974588394165,0.41190990805625916,0.5170303583145142,0.6204503774642944,0.4736260175704956,0.6235010027885437,0.5544637441635132,0.6555266976356506,0.4357226490974426,0.6553908586502075,0.555466890335083,0.7528080344200134,0.4191433787345886,0.7348088026046753
133,0.4961736798286438,0.4800548553466797,0.536224365234375,0.5183204412460327,0.5723773241043091,0.47302448749542236,0.4674144685268402,0.5165101289749146,0.43768951296806335,0.47762593626976013,0.5728022456169128,0.4041893482208252,0.43914875388145447,0.3995901048183441,0.5173908472061157,0.6097332239151001,0.47356709837913513,0.6151384711265564,0.5589293837547302,0.667265772819519,0.4324672222137451,0.6661843061447144,0.5595876574516296,0.7516720294952393,0.42311638593673706,0.7451033592224121
134,0.4984392523765564,0.46954673528671265,0.5374732613563538,0.506411075592041,0.5795209407806396,0.4629110097885132,0.46501415967941284,0.5061199069023132,0.4401206374168396,0.47280770540237427,0.5750264525413513,0.399566113948822,0.43920955061912537,0.3957028090953827,0.5167880058288574,0.6084303855895996,0.4710860848426819,0.6137653589248657,0.5579259991645813,0.6638325452804565,0.4346725642681122,0.6640017032623291,0.56321781873703,0.7514469623565674,0.4232284426689148,0.7460977435112
135,0.501725971698761,0.46648168563842773,0.5361750721931458,0.5030393004417419,0.5703480839729309,0.46210283041000366,0.4648217558860779,0.5016326308250427,0.43799838423728943,0.47033464908599854,0.5766023397445679,0.3880773186683655,0.4326127767562866,0.38950344920158386,0.5174760818481445,0.6116247177124023,0.4717956781387329,0.6143819093704224,0.5531671643257141,0.6627402305603027,0.43348485231399536,0.6645025014877319,0.5583251118659973,0.7504189014434814,0.42297372221946716,0.7455715537071228
136,0.4967905879020691,0.46038100123405457,0.5343121290206909,0.5012809634208679,0.5731257796287537,0.44967538118362427,0.46403297781944275,0.49267303943634033,0.4426807165145874,0.45890963077545166,0.5725054144859314,0.383802592754364,0.44456833600997925,0.392159104347229,0.5181725025177002,0.6111366748809814,0.4712948203086853,0.6135311126708984,0.5491752028465271,0.6572638750076294,0.43458521366119385,0.6618387699127197,0.5583493709564209,0.7482562065124512,0.4243468642234802,0.7473751306533813
137,0.4972494840621948,0.45732805132865906,0.5355212688446045,0.4914422631263733,0.5718472003936768,0.4493595361709595,0.4648744761943817,0.49212753772735596,0.4422290027141571,0.45136070251464844,0.5731521844863892,0.378427118062973,0.43503186106681824,0.3822094202041626,0.5207270383834839,0.6020857691764832,0.46943724155426025,0.6026127338409424,0.5513430833816528,0.6532448530197144,0.4296528697013855,0.653150737285614,0.5571936368942261,0.7491201758384705,0.4242052733898163,0.7463025450706482
138,0.4987803101539612,0.45006507635116577,0.5276105403900146,0.4819079339504242,0.5674183964729309,0.4245004653930664,0.45949363708496094,0.48463889956474304,0.43986615538597107,0.44391584396362305,0.5696853399276733,0.366742342710495,0.4309701919555664,0.3775632977485657,0.520178496837616,0.5942078828811646,0.4710255265235901,0.5947558879852295,0.5488146543502808,0.6511388421058655,0.427664577960968,0.653756320476532,0.5554226636886597,0.7457329034805298,0.4244222342967987,0.7413875460624695
139,0.4972062110900879,0.4408472180366516,0.5368674993515015,0.4786510169506073,0.5726155042648315,0.41644179821014404,0.47215279936790466,0.47722575068473816,0.4540938138961792,0.418789803981781,0.572412371635437,0.35790225863456726,0.4433113932609558,0.3744676113128662,0.5181715488433838,0.5861489772796631,0.4768737554550171,0.5858314037322998,0.5515865683555603,0.6397467851638794,0.4292140603065491,0.6446105241775513,0.5550638437271118,0.7424070835113525,0.4215167164802551,0.7391657829284668
140,0.49547553062438965,0.43650656938552856,0.5346866250038147,0.47594258189201355,0.5662902593612671,0.4153134822845459,0.46378833055496216,0.4717152714729309,0.4462226629257202,0.4198262095451355,0.5680556297302246,0.35446858406066895,0.4287084937095642,0.35256218910217285,0.5146238207817078,0.5804517269134521,0.4747311770915985,0.5796257257461548,0.548984169960022,0.6369588375091553,0.4258776903152466,0.6422379016876221,0.554236650466919,0.7437340617179871,0.4211440086364746,0.737233579158783
141,0.49934178590774536,0.4307747483253479,0.53261798620224,0.46709439158439636,0.5633202195167542,0.41190004348754883,0.46459612250328064,0.46251243352890015,0.44219979643821716,0.40716060996055603,0.566932201385498,0.34369024634361267,0.424289345741272,0.33936941623687744,0.513570249080658,0.5758494138717651,0.4763511121273041,0.5735150575637817,0.5503810048103333,0.6379773616790771,0.43128418922424316,0.635337769985199,0.554288923740387,0.7422059774398804,0.4214097857475281,0.7289406657218933
142,0.5006436109542847,0.42215996980667114,0.53096604347229,0.4577672481536865,0.5690868496894836,0.39988458156585693,0.4634859263896942,0.4555910527706146,0.4420156478881836,0.40213483572006226,0.5679246187210083,0.3307560682296753,0.42270326614379883,0.3359186351299286,0.5115742683410645,0.5638371109962463,0.4745161235332489,0.5633593797683716,0.5518673658370972,0.6264324188232422,0.43127214908599854,0.6241649389266968,0.5519353151321411,0.7403771877288818,0.419405072927475,0.71956467628479
143,0.4919895529747009,0.41379019618034363,0.5363290309906006,0.45171886682510376,0.5715779066085815,0.39831992983818054,0.466048002243042,0.44816911220550537,0.44359177350997925,0.39163005352020264,0.5686267614364624,0.3302338123321533,0.429972380399704,0.3374701738357544,0.5130616426467896,0.5591521263122559,0.47163593769073486,0.5617404580116272,0.5502206683158875,0.6204578280448914,0.4306842088699341,0.6202577352523804,0.5549485683441162,0.7324280142784119,0.42251449823379517,0.7131621837615967
144,0.4925437569618225,0.40975579619407654,0.5303977727890015,0.4423990845680237,0.571999728679657,0.37350696325302124,0.456548810005188,0.44207197427749634,0.43257802724838257,0.3795333802700043,0.5645366311073303,0.31453168392181396,0.4245679974555969,0.304953396320343,0.5135750770568848,0.5592567920684814,0.4649243950843811,0.5617210865020752,0.5519409775733948,0.6377314329147339,0.42909714579582214,0.6328809857368469,0.554659366607666,0.7396182417869568,0.4205189645290375,0.7346776723861694
145,0.49961814284324646,0.4039134979248047,0.5336782932281494,0.4431900680065155,0.5673303008079529,0.3731752336025238,0.46643269062042236,0.4385872483253479,0.4398985505104065,0.3701246380805969,0.5642973780632019,0.3119361996650696,0.4286719560623169,0.304928183555603,0.5205604434013367,0.5599058866500854,0.4680078625679016,0.5585101246833801,0.5516588687896729,0.6360940337181091,0.42638128995895386,0.6372625827789307,0.553141713142395,0.7405691146850586,0.42086490988731384,0.734458327293396
146,0.49977582693099976,0.39788195490837097,0.5251367092132568,0.43498265743255615,0.5636294484138489,0.3772598206996918,0.46349379420280457,0.4346512258052826,0.4407290816307068,0.37221968173980713,0.5651227831840515,0.30327290296554565,0.42787572741508484,0.3055538535118103,0.5167579650878906,0.5485632419586182,0.4647819399833679,0.5490691065788269,0.5477055311203003,0.6213151216506958,0.426257461309433,0.6325965523719788,0.5557544231414795,0.734906792640686,0.42067641019821167,0.735487699508667
147,0.493543803691864,0.39668697118759155,0.5310900807380676,0.43121635913848877,0.5655750036239624,0.3768428564071655,0.46640297770500183,0.4287976622581482,0.43808645009994507,0.3747326135635376,0.5636653304100037,0.3057261109352112,0.4278138279914856,0.3024521470069885,0.5103962421417236,0.5424535274505615,0.46675723791122437,0.5424731969833374,0.5457649827003479,0.619966983795166,0.43659961223602295,0.6165666580200195,0.5552362203598022,0.7222549915313721,0.4232776165008545,0.7271904945373535
148,0.49711352586746216,0.39338812232017517,0.5249398350715637,0.4229223430156708,0.5653575658798218,0.3707016706466675,0.4658122956752777,0.4213131368160248,0.43652331829071045,0.3728196322917938,0.5635972023010254,0.30293428897857666,0.4291873872280121,0.2950378656387329,0.517524003982544,0.5415021181106567,0.46650514006614685,0.5375288724899292,0.543175220489502,0.6121523380279541,0.43612420558929443,0.6141975522041321,0.5537246465682983,0.71016526222229,0.4246295690536499,0.7119318246841431
149,0.49601030349731445,0.38816413283348083,0.5292122960090637,0.4213247001171112,0.5644036531448364,0.37400752305984497,0.47135287523269653,0.4218076467514038,0.4450812339782715,0.36564892530441284,0.565377414226532,0.2905834913253784,0.43479233980178833,0.2930801212787628,0.521748423576355,0.5358899831771851,0.4735381305217743,0.5319867730140686,0.5456616282463074,0.6147754788398743,0.44397544860839844,0.6052356362342834,0.5547256469726562,0.7145054340362549,0.42168164253234863,0.7058268785476685
150,0.49691933393478394,0.3857792615890503,0.5321455001831055,0.4210316836833954,0.564400851726532,0.37746596336364746,0.47093862295150757,0.41928577423095703,0.4463881254196167,0.3621416687965393,0.5664883852005005,0.2914188802242279,0.43893104791641235,0.29694217443466187,0.5221285223960876,0.541044294834137,0.4713514447212219,0.5359347462654114,0.5456573963165283,0.6210112571716309,0.44190680980682373,0.6093490719795227,0.555692195892334,0.7247097492218018,0.42408570647239685,0.7125343084335327
151,0.49550026655197144,0.38056641817092896,0.5323032140731812,0.4106803834438324,0.5637655854225159,0.3751724362373352,0.46990132331848145,0.41683492064476013,0.4450528621673584,0.3592625856399536,0.5672972798347473,0.293855756521225,0.4317479729652405,0.2874278426170349,0.5210369229316711,0.5385183691978455,0.4697915017604828,0.5352575182914734,0.542803168296814,0.6275741457939148,0.4399322271347046,0.6182038187980652,0.5526757836341858,0.7224386930465698,0.42359811067581177,0.7168179750442505
152,0.49531614780426025,0.3797341287136078,0.534353494644165,0.41397759318351746,0.5662498474121094,0.3697739243507385,0.4687463045120239,0.41629132628440857,0.4488081634044647,0.36128589510917664,0.5698582530021667,0.287245512008667,0.4317318797111511,0.27983492612838745,0.5122931003570557,0.5400627255439758,0.46946364641189575,0.5381854772567749,0.5416076183319092,0.6297869086265564,0.44579121470451355,0.6215591430664062,0.5524227023124695,0.7284796237945557,0.4255802035331726,0.7207261323928833
153,0.4980536103248596,0.37965962290763855,0.5362341403961182,0.4102315902709961,0.5630608797073364,0.36579570174217224,0.4718112647533417,0.4204051196575165,0.45763999223709106,0.3658296763896942,0.5683438777923584,0.28145653009414673,0.44247719645500183,0.28572583198547363,0.5206564664840698,0.5385416150093079,0.4708632230758667,0.5346025228500366,0.5358835458755493,0.6364651322364807,0.44406840205192566,0.6335561871528625,0.5520452857017517,0.7304031848907471,0.42596256732940674,0.734290361404419
154,0.49979326128959656,0.3696748614311218,0.5379301905632019,0.4075390696525574,0.5615417957305908,0.36266741156578064,0.4720049500465393,0.41378116607666016,0.4566500186920166,0.3528045117855072,0.5647685527801514,0.2817230820655823,0.43295615911483765,0.2836681008338928,0.5152406096458435,0.5397531390190125,0.47250422835350037,0.5360027551651001,0.5378439426422119,0.6530371308326721,0.45293769240379333,0.6464613676071167,0.5516015291213989,0.7343007326126099,0.42463991045951843,0.7298378944396973
155,0.4950130879878998,0.37325918674468994,0.5327523946762085,0.4043019413948059,0.5584398508071899,0.36495834589004517,0.47007066011428833,0.41030365228652954,0.4557523727416992,0.362051784992218,0.5624405145645142,0.2897249460220337,0.4401357173919678,0.2936789095401764,0.5197117924690247,0.5325098633766174,0.47045204043388367,0.5307595133781433,0.5379523634910583,0.6337236762046814,0.4543861150741577,0.6381999254226685,0.5556297302246094,0.7235767245292664,0.4279550313949585,0.7308292388916016
156,0.49891287088394165,0.37120139598846436,0.5354024171829224,0.40106648206710815,0.5595433712005615,0.34662359952926636,0.4713171422481537,0.40524959564208984,0.4523645341396332,0.34628817439079285,0.5665802955627441,0.270618200302124,0.4427451491355896,0.27302253246307373,0.511255145072937,0.5190162658691406,0.4693976640701294,0.5190262794494629,0.5352847576141357,0.6267052292823792,0.4534560441970825,0.6254422664642334,0.5549629926681519,0.7289223670959473,0.4308459758758545,0.7327753305435181
157,0.5009591579437256,0.37031906843185425,0.5347704291343689,0.4047980308532715,0.560104250907898,0.3548296391963959,0.4718702435493469,0.40565770864486694,0.4543115794658661,0.3440569043159485,0.5657864212989807,0.2741083800792694,0.4447426497936249,0.2725467383861542,0.5098496079444885,0.5225769281387329,0.47070392966270447,0.5236108899116516,0.5382932424545288,0.6248131990432739,0.4585774838924408,0.6297210454940796,0.5545828342437744,0.7352803945541382,0.4353707432746887,0.736297070980072
158,0.4989684820175171,0.37248408794403076,0.529327392578125,0.40443357825279236,0.5615243911743164,0.3551379144191742,0.47088879346847534,0.4066404104232788,0.44764548540115356,0.33989399671554565,0.5671595335006714,0.2756161689758301,0.43864357471466064,0.26878154277801514,0.5180867910385132,0.5219516754150391,0.4696061611175537,0.52241051197052,0.5357020497322083,0.6203922033309937,0.46129733324050903,0.6285555362701416,0.5531129240989685,0.7345412969589233,0.4357093274593353,0.7366146445274353
159,0.49796152114868164,0.37264299392700195,0.5275493860244751,0.40444040298461914,0.5624943375587463,0.35232973098754883,0.46974921226501465,0.406904399394989,0.4474141299724579,0.3365834355354309,0.5675101280212402,0.2745358645915985,0.4381375312805176,0.2676679790019989,0.5149708986282349,0.5238819122314453,0.4663933217525482,0.5239048004150391,0.5327593684196472,0.6237079501152039,0.4539640545845032,0.6300655603408813,0.551541805267334,0.7367429733276367,0.4317913055419922,0.7375037670135498
160,0.4962010085582733,0.3737604022026062,0.5329153537750244,0.40696221590042114,0.5629567503929138,0.35567447543144226,0.47285914421081543,0.4099402129650116,0.4550628364086151,0.34745359420776367,0.5684295296669006,0.27674418687820435,0.4439971148967743,0.27496930956840515,0.5141822695732117,0.5247817635536194,0.4666723608970642,0.5247384905815125,0.532657265663147,0.6286156177520752,0.45326054096221924,0.6330872774124146,0.5509913563728333,0.7373708486557007,0.42986783385276794,0.7423251867294312
161,0.4964466094970703,0.3765927255153656,0.5348572731018066,0.4113816022872925,0.5639132261276245,0.3565088212490082,0.4743865430355072,0.41408607363700867,0.45094090700149536,0.3463745713233948,0.5692460536956787,0.275709867477417,0.43970057368278503,0.272030234336853,0.5160151720046997,0.5284969210624695,0.46725696325302124,0.527268648147583,0.5344538688659668,0.6344540119171143,0.4514731168746948,0.6349779367446899,0.5476272702217102,0.7393299341201782,0.42773064970970154,0.7399045825004578
162,0.5000536441802979,0.373920738697052,0.536795973777771,0.408758282661438,0.562045156955719,0.3623172640800476,0.47944962978363037,0.4086654782295227,0.4527117908000946,0.35230451822280884,0.5692094564437866,0.2812234163284302,0.44226837158203125,0.2752179801464081,0.5166049003601074,0.5265616178512573,0.47031041979789734,0.5249305963516235,0.5354137420654297,0.6339406967163086,0.45210620760917664,0.6341245770454407,0.5486860275268555,0.7413682341575623,0.42438435554504395,0.751153826713562
163,0.4998832941055298,0.377097487449646,0.5373551249504089,0.4097709059715271,0.5619685649871826,0.36087700724601746,0.4792637825012207,0.4100290536880493,0.45702922344207764,0.3495686650276184,0.568900465965271,0.2777521312236786,0.4425773024559021,0.27262407541275024,0.5151138305664062,0.5259130001068115,0.4689022898674011,0.5238145589828491,0.5348320007324219,0.6336071491241455,0.44919919967651367,0.6332101821899414,0.5482228398323059,0.7404889464378357,0.42359471321105957,0.7506223917007446
164,0.497311532497406,0.37629765272140503,0.5375648736953735,0.4090445935726166,0.5626984238624573,0.3570771813392639,0.47614404559135437,0.40975087881088257,0.45438215136528015,0.3468772768974304,0.5685245394706726,0.2729949355125427,0.44188159704208374,0.27040040493011475,0.5150755643844604,0.5253323912620544,0.46834659576416016,0.5230599045753479,0.5342304110527039,0.6336978673934937,0.4498620927333832,0.6319612264633179,0.5481606721878052,0.739132285118103,0.423526406288147,0.7497836351394653
165,0.4978771209716797,0.37604913115501404,0.5383116006851196,0.4113418459892273,0.5619080662727356,0.3589249849319458,0.47544723749160767,0.41039976477622986,0.4525434374809265,0.343741774559021,0.5687494277954102,0.27539050579071045,0.441131591796875,0.2694700360298157,0.5157228708267212,0.5252230763435364,0.4687332510948181,0.5228594541549683,0.5359189510345459,0.6363057494163513,0.4491109251976013,0.6347470879554749,0.547994077205658,0.7419652342796326,0.4237291216850281,0.7520104646682739
166,0.49760329723358154,0.37700924277305603,0.5387510657310486,0.4129307270050049,0.5610287189483643,0.36250990629196167,0.47592824697494507,0.41336414217948914,0.45372480154037476,0.3464619517326355,0.5693730115890503,0.2775956690311432,0.4399349093437195,0.2716599702835083,0.5201256275177002,0.5317528247833252,0.47116419672966003,0.5284593105316162,0.5374829769134521,0.6441594362258911,0.45374107360839844,0.6425932049751282,0.5481184720993042,0.7465825080871582,0.42290645837783813,0.7544733285903931
167,0.4979225993156433,0.37828242778778076,0.5386569499969482,0.40958866477012634,0.5613254904747009,0.3639700412750244,0.47593021392822266,0.41418612003326416,0.4566975235939026,0.3508504629135132,0.56891930103302,0.28075066208839417,0.4427971839904785,0.27364563941955566,0.5096696019172668,0.5296433568000793,0.4721706509590149,0.5284652709960938,0.5357034802436829,0.6444363594055176,0.45787233114242554,0.6380419731140137,0.5477448105812073,0.7473452091217041,0.42358073592185974,0.7443949580192566
168,0.4951879382133484,0.3736546039581299,0.5371737480163574,0.4052095115184784,0.5641865134239197,0.35004565119743347,0.4712607264518738,0.41072818636894226,0.45591720938682556,0.3448311686515808,0.5685757994651794,0.27217423915863037,0.4466947019100189,0.2762792110443115,0.5131345987319946,0.5220997333526611,0.47361037135124207,0.5243773460388184,0.5343707799911499,0.6299753189086914,0.4603779911994934,0.631880521774292,0.5525357127189636,0.7379147410392761,0.43477511405944824,0.734325647354126
169,0.49580055475234985,0.37542200088500977,0.539045512676239,0.4059745669364929,0.565470814704895,0.3498767018318176,0.47378915548324585,0.4091835021972656,0.4520334005355835,0.3472864329814911,0.569963812828064,0.2735357880592346,0.43386852741241455,0.27182289958000183,0.5134097933769226,0.522811770439148,0.4753720760345459,0.5243031978607178,0.5336239337921143,0.6330704689025879,0.4645082950592041,0.632191002368927,0.5506823658943176,0.7409584522247314,0.435678094625473,0.7367370128631592
170,0.49706441164016724,0.3745804727077484,0.5394262671470642,0.4061644673347473,0.5652170777320862,0.35151439905166626,0.47280675172805786,0.4081084430217743,0.4523555040359497,0.3447530269622803,0.5702399015426636,0.2751530110836029,0.434849351644516,0.27342739701271057,0.5123184323310852,0.5233235359191895,0.4739714562892914,0.5238869786262512,0.5343079566955566,0.6342170238494873,0.4638948142528534,0.6326926946640015,0.5511346459388733,0.7415477633476257,0.4370843172073364,0.7372681498527527
171,0.49675267934799194,0.3777523934841156,0.5395401120185852,0.4078759551048279,0.565179169178009,0.35180383920669556,0.47474879026412964,0.41227006912231445,0.4571946859359741,0.34925299882888794,0.5700091123580933,0.2752895951271057,0.44149458408355713,0.275443434715271,0.5133144855499268,0.5233643054962158,0.47550949454307556,0.5240103602409363,0.5334329009056091,0.6325336694717407,0.4670604169368744,0.6321591138839722,0.5508838891983032,0.7383692264556885,0.4361412227153778,0.733170211315155
172,0.49900540709495544,0.3773120045661926,0.5400696992874146,0.4083951413631439,0.5642659664154053,0.3525349497795105,0.4774973392486572,0.41264158487319946,0.45911240577697754,0.3509620130062103,0.5694582462310791,0.2750200033187866,0.4453539550304413,0.27643588185310364,0.5138676166534424,0.5223883986473083,0.4760856628417969,0.5235443115234375,0.5329832434654236,0.6326411366462708,0.46805238723754883,0.6319187879562378,0.5501458048820496,0.7385188937187195,0.4370919167995453,0.733269453048706
173,0.49874910712242126,0.3761295974254608,0.5401418209075928,0.40821608901023865,0.564545750617981,0.3510367274284363,0.4778771996498108,0.4113917052745819,0.45612213015556335,0.3433183431625366,0.5701037645339966,0.2740411162376404,0.4449906349182129,0.2766326069831848,0.5160582065582275,0.5231199264526367,0.4770081639289856,0.5237699747085571,0.5336989164352417,0.6363812685012817,0.4683842062950134,0.633585512638092,0.5500258207321167,0.7405941486358643,0.4341079890727997,0.7341093420982361
174,0.499450147151947,0.3756276071071625,0.5398014783859253,0.40866148471832275,0.5647130012512207,0.35409390926361084,0.478678822517395,0.4118225574493408,0.4568129777908325,0.3443160653114319,0.5700310468673706,0.27665770053863525,0.4449843168258667,0.2827184796333313,0.5155860781669617,0.5231912732124329,0.4784528911113739,0.5237628221511841,0.533282995223999,0.6353951096534729,0.4694864749908447,0.6329585909843445,0.5500999689102173,0.740426778793335,0.43401479721069336,0.7352508306503296
175,0.4966787099838257,0.3777347505092621,0.5386781692504883,0.4080854058265686,0.5646133422851562,0.3546655774116516,0.4755554795265198,0.4127548635005951,0.45681342482566833,0.3492403030395508,0.5703933238983154,0.2763873040676117,0.43996819853782654,0.27675575017929077,0.5135385394096375,0.5228488445281982,0.47569602727890015,0.5239100456237793,0.5333845615386963,0.6284672021865845,0.4673282504081726,0.6305909156799316,0.5510276556015015,0.7357966899871826,0.42912018299102783,0.7332799434661865
176,0.4988724887371063,0.3757169842720032,0.5367074608802795,0.41117995977401733,0.5646712183952332,0.35201579332351685,0.480278342962265,0.4125063419342041,0.4581967294216156,0.34044918417930603,0.5701810717582703,0.27400439977645874,0.4427926242351532,0.2729693353176117,0.5162604451179504,0.5239437222480774,0.47889864444732666,0.5220469236373901,0.532748818397522,0.6345328688621521,0.4694347083568573,0.6320138573646545,0.5492356419563293,0.7388803958892822,0.42793941497802734,0.733606219291687
177,0.4991149306297302,0.3751629590988159,0.5352419018745422,0.4122905731201172,0.5647160410881042,0.35306382179260254,0.4823966920375824,0.41361433267593384,0.4582047462463379,0.34222209453582764,0.5703004002571106,0.2760706841945648,0.44166237115859985,0.2740669250488281,0.5164424180984497,0.5248426198959351,0.481126993894577,0.5229662656784058,0.5332067608833313,0.6328960657119751,0.47164449095726013,0.6315019130706787,0.5506265163421631,0.7402331233024597,0.42799705266952515,0.7342504858970642
178,0.5025738477706909,0.37239012122154236,0.5380982160568237,0.4103318452835083,0.5654693245887756,0.35740917921066284,0.483968585729599,0.4126327633857727,0.46249136328697205,0.3503817021846771,0.5708726644515991,0.2789101302623749,0.44423675537109375,0.2765970826148987,0.5154517292976379,0.5233393311500549,0.47803086042404175,0.5219355821609497,0.5342666506767273,0.6297481060028076,0.471347451210022,0.6305339336395264,0.551753580570221,0.7396706342697144,0.4286775290966034,0.7343310117721558
179,0.4983517527580261,0.37698543071746826,0.5386261940002441,0.40733301639556885,0.5653637647628784,0.3599725663661957,0.4763035178184509,0.41304251551628113,0.4604300856590271,0.35402506589889526,0.5716350078582764,0.2823530435562134,0.4421440362930298,0.2827600836753845,0.5132803916931152,0.5212804675102234,0.4753916263580322,0.5225702524185181,0.5348231792449951,0.6223188638687134,0.4680734872817993,0.6276613473892212,0.5534777641296387,0.7348928451538086,0.43483418226242065,0.7306498289108276
180,0.4966765344142914,0.37703704833984375,0.5385805368423462,0.40372347831726074,0.5618950128555298,0.360006183385849,0.4729851484298706,0.41082072257995605,0.4608583152294159,0.3580552041530609,0.5668284893035889,0.2818082571029663,0.44390588998794556,0.2824592590332031,0.5122525095939636,0.5202232003211975,0.47177526354789734,0.5211232900619507,0.534941554069519,0.6217417120933533,0.46119606494903564,0.6284286975860596,0.5550591945648193,0.7353188395500183,0.43545401096343994,0.7285487055778503
181,0.495219349861145,0.37849459052085876,0.5372111797332764,0.4056556820869446,0.5628242492675781,0.35968300700187683,0.4717019200325012,0.41067489981651306,0.4527429938316345,0.35730287432670593,0.5719259977340698,0.28495725989341736,0.4290589690208435,0.2875359356403351,0.5212827920913696,0.5221667289733887,0.4696454703807831,0.5218538045883179,0.5346479415893555,0.6171888113021851,0.4576336145401001,0.6231945753097534,0.5520623326301575,0.7309552431106567,0.4369882345199585,0.7240120768547058
182,0.492292582988739,0.38103383779525757,0.5353003740310669,0.4075809121131897,0.5640898942947388,0.3578798472881317,0.4687701165676117,0.41282331943511963,0.4496888518333435,0.35490882396698,0.5712536573410034,0.2831956744194031,0.4290604591369629,0.28784698247909546,0.5205258131027222,0.5223619341850281,0.468761146068573,0.5218329429626465,0.5341949462890625,0.6177036762237549,0.45682984590530396,0.6234437227249146,0.5533358454704285,0.7292904853820801,0.43580254912376404,0.7219017744064331
183,0.49775171279907227,0.3805166482925415,0.5348516702651978,0.4078991413116455,0.564578652381897,0.3567538261413574,0.4687318801879883,0.4128621518611908,0.4511164426803589,0.35199201107025146,0.5715628862380981,0.2788885831832886,0.43097758293151855,0.28484413027763367,0.5203697085380554,0.5238799452781677,0.46753963828086853,0.5227833390235901,0.5344562530517578,0.6198064088821411,0.45727643370628357,0.624566376209259,0.5518779754638672,0.7307422161102295,0.4366808831691742,0.7229804396629333
184,0.4934363067150116,0.3774261474609375,0.5358431339263916,0.40556082129478455,0.5642044544219971,0.3574395775794983,0.47173643112182617,0.41040897369384766,0.4527396559715271,0.3474162518978119,0.5732991099357605,0.2799486517906189,0.431265652179718,0.28430816531181335,0.5211399793624878,0.5246580839157104,0.46882957220077515,0.5232965350151062,0.5350825786590576,0.6222184300422668,0.4603911340236664,0.6270618438720703,0.5525969862937927,0.7353439331054688,0.4382018446922302,0.7259622812271118
185,0.49389132857322693,0.3768068253993988,0.5363917350769043,0.4054030179977417,0.5644502639770508,0.3566189408302307,0.4723825454711914,0.4098672568798065,0.4530410170555115,0.34382057189941406,0.5725828409194946,0.2781914174556732,0.4303444027900696,0.28333067893981934,0.5211268663406372,0.525741696357727,0.4689316153526306,0.523940920829773,0.5345820188522339,0.6233700513839722,0.46011167764663696,0.6278373003005981,0.551575779914856,0.7357122302055359,0.4389382004737854,0.7271746397018433
186,0.49255675077438354,0.3766598403453827,0.5353513956069946,0.4058225154876709,0.564307689666748,0.35712000727653503,0.47098788619041443,0.4102817177772522,0.45470130443573,0.3508251905441284,0.5735830068588257,0.28052183985710144,0.42894062399864197,0.2828044295310974,0.5203130841255188,0.5254111289978027,0.4684548079967499,0.5241531133651733,0.5343655943870544,0.6220225095748901,0.4604502320289612,0.6271775960922241,0.5518906116485596,0.7349898815155029,0.4386511743068695,0.7271455526351929
187,0.4968116879463196,0.38060659170150757,0.5345031023025513,0.4083079993724823,0.5642396211624146,0.3575756251811981,0.4677419364452362,0.4152643382549286,0.4551266133785248,0.3566203713417053,0.5681750178337097,0.2833016514778137,0.42914271354675293,0.28652462363243103,0.5204384922981262,0.5261399149894714,0.4680368900299072,0.5249714851379395,0.5338384509086609,0.6235482692718506,0.4590511918067932,0.6262192726135254,0.551717221736908,0.7347480654716492,0.4354875981807709,0.7244760990142822
188,0.4968806207180023,0.3814225196838379,0.5343509912490845,0.4083288609981537,0.5646836757659912,0.35896509885787964,0.46859821677207947,0.41585880517959595,0.4592663645744324,0.35910385847091675,0.567025899887085,0.28544381260871887,0.4294620454311371,0.291652649641037,0.5205859541893005,0.5261645317077637,0.4684099555015564,0.5251191854476929,0.5342754125595093,0.6239331960678101,0.45967400074005127,0.6262181997299194,0.552584707736969,0.7331497073173523,0.4356853663921356,0.7235592603683472
189,0.497366726398468,0.38190147280693054,0.5341247320175171,0.4085763692855835,0.5637333393096924,0.3599854111671448,0.4682948589324951,0.41564422845840454,0.4579814076423645,0.359641432762146,0.5664986371994019,0.2869080603122711,0.42969033122062683,0.2935829162597656,0.5197964310646057,0.5265470743179321,0.4674093723297119,0.5254095196723938,0.5339345932006836,0.6241834163665771,0.4577651917934418,0.6269667148590088,0.5520460605621338,0.7333545088768005,0.43500208854675293,0.7256318926811218
190,0.49769699573516846,0.38084763288497925,0.5341528058052063,0.4087064266204834,0.5632182359695435,0.3600787818431854,0.46851882338523865,0.4156099557876587,0.45942723751068115,0.36048370599746704,0.5642575025558472,0.28757715225219727,0.42870745062828064,0.2926292419433594,0.5199053287506104,0.5270687341690063,0.46721863746643066,0.5259395241737366,0.5351291298866272,0.6244093179702759,0.4570431709289551,0.6267632842063904,0.5523080825805664,0.7342824935913086,0.4348396956920624,0.7264546155929565
191,0.4980049133300781,0.38072818517684937,0.5348562598228455,0.4095298647880554,0.5642672777175903,0.35996246337890625,0.46898719668388367,0.4172205328941345,0.4581986367702484,0.3608638048171997,0.5650337338447571,0.2884407639503479,0.4276772737503052,0.2930644154548645,0.5206496119499207,0.5274537801742554,0.46794432401657104,0.5264015197753906,0.5356354713439941,0.6232568621635437,0.45616230368614197,0.6258949041366577,0.5533925890922546,0.7324343919754028,0.43419381976127625,0.7258025407791138
192,0.49993419647216797,0.37855762243270874,0.535607099533081,0.4085195064544678,0.5632339715957642,0.3565410077571869,0.46797308325767517,0.4184058904647827,0.4638749063014984,0.3624833822250366,0.5631855130195618,0.2808154225349426,0.44693848490715027,0.28512051701545715,0.5112406015396118,0.525665819644928,0.4689670205116272,0.5267096161842346,0.537747323513031,0.6311265230178833,0.45671379566192627,0.6327962279319763,0.5538329482078552,0.7379128932952881,0.43160033226013184,0.7341142892837524
193,0.49907565116882324,0.37941667437553406,0.5339469909667969,0.4103820323944092,0.5647389888763428,0.35859251022338867,0.46986204385757446,0.4184696674346924,0.4658985137939453,0.3621320426464081,0.5634473562240601,0.2852057218551636,0.4485868215560913,0.292205274105072,0.5117559432983398,0.5264877676963806,0.46998655796051025,0.5280308127403259,0.5362257957458496,0.6307613253593445,0.4599013030529022,0.6302624940872192,0.5521573424339294,0.7372063994407654,0.4323338270187378,0.7326173186302185
194,0.49904507398605347,0.37929898500442505,0.5336300134658813,0.4112611413002014,0.5650131702423096,0.35807570815086365,0.46896785497665405,0.4148047864437103,0.46637487411499023,0.362532377243042,0.5635623931884766,0.28550273180007935,0.4488900303840637,0.29404276609420776,0.5110523700714111,0.5275222063064575,0.47047656774520874,0.5290935039520264,0.5354057550430298,0.6326805949211121,0.46065276861190796,0.6313514709472656,0.5520327091217041,0.7376751899719238,0.42985963821411133,0.7316821813583374
195,0.4985923171043396,0.3791465163230896,0.533746063709259,0.41153156757354736,0.5643071532249451,0.3583446741104126,0.4681102931499481,0.41478902101516724,0.46674978733062744,0.37416669726371765,0.5638293623924255,0.2858710289001465,0.44567784667015076,0.2983889579772949,0.5110546350479126,0.5274813771247864,0.4698711037635803,0.5287957191467285,0.535491943359375,0.632148027420044,0.46017223596572876,0.6313228607177734,0.5518905520439148,0.7377567291259766,0.42967021465301514,0.7320868968963623
196,0.4989565312862396,0.3785669207572937,0.533358097076416,0.41061708331108093,0.5640943646430969,0.35861968994140625,0.4686470627784729,0.41367754340171814,0.46672067046165466,0.3644704520702362,0.562954843044281,0.2859481871128082,0.44859978556632996,0.2981100082397461,0.5216456055641174,0.5304978489875793,0.46968600153923035,0.5295019149780273,0.5353041887283325,0.6340412497520447,0.45913445949554443,0.6334575414657593,0.5506078600883484,0.7387115955352783,0.42981475591659546,0.7366982698440552
197,0.4988488554954529,0.37823617458343506,0.5338078141212463,0.4103411138057709,0.5645636916160583,0.3586936891078949,0.4689098596572876,0.4137730002403259,0.46733900904655457,0.37573787569999695,0.5631237626075745,0.2873374819755554,0.448239266872406,0.29488158226013184,0.5107807517051697,0.5287907123565674,0.46994349360466003,0.5300166606903076,0.5354430675506592,0.6341148018836975,0.4595882296562195,0.6336671113967896,0.55059814453125,0.7384535074234009,0.4303770959377289,0.735238254070282
198,0.4984200596809387,0.3787047564983368,0.5340430736541748,0.41018831729888916,0.564633846282959,0.3582007884979248,0.46937379240989685,0.41374146938323975,0.46654582023620605,0.37660059332847595,0.5635141730308533,0.28511011600494385,0.4461541771888733,0.29478156566619873,0.5108914375305176,0.5291502475738525,0.4704996943473816,0.530568540096283,0.536706268787384,0.6343551874160767,0.45895788073539734,0.6342493295669556,0.5517045259475708,0.7386857271194458,0.43175792694091797,0.7369887232780457
199,0.49875354766845703,0.37868234515190125,0.5338057279586792,0.4102555513381958,0.5642619132995605,0.35855695605278015,0.4691619277000427,0.41381627321243286,0.46757540106773376,0.36564016342163086,0.5633478164672852,0.2851965129375458,0.4493272006511688,0.29478156566619873,0.5221601724624634,0.5320909023284912,0.46986350417137146,0.5311609506607056,0.5365854501724243,0.6336430907249451,0.4584711790084839,0.6337524652481079,0.5519856214523315,0.7381645441055298,0.4315151572227478,0.7368875741958618
200,0.49286746978759766,0.37855514883995056,0.5339245200157166,0.4087963104248047,0.5637208819389343,0.3556658923625946,0.47126373648643494,0.4168480336666107,0.4670407772064209,0.3641473650932312,0.5636223554611206,0.2826964557170868,0.4489704370498657,0.28948235511779785,0.5212366580963135,0.5310609340667725,0.4687715470790863,0.5303122997283936,0.5357966423034668,0.6336746215820312,0.45701953768730164,0.633836030960083,0.5514288544654846,0.7382092475891113,0.43103644251823425,0.7366895079612732
201,0.49868935346603394,0.37975209951400757,0.5332140326499939,0.4100096821784973,0.5639888048171997,0.35607123374938965,0.47017568349838257,0.4168735146522522,0.46307313442230225,0.3618103861808777,0.5638823509216309,0.28364717960357666,0.4485502243041992,0.2858048379421234,0.5209482908248901,0.5316565036773682,0.4681133031845093,0.5308924913406372,0.5357370972633362,0.6332759857177734,0.4565295875072479,0.6364551782608032,0.5518835783004761,0.7381321787834167,0.4321857690811157,0.7360712289810181
202,0.4987172484397888,0.3795415163040161,0.5328972339630127,0.40843233466148376,0.5625227689743042,0.3581211268901825,0.4709681272506714,0.41524016857147217,0.46322178840637207,0.36213117837905884,0.5639302134513855,0.2825411558151245,0.44885334372520447,0.2842198610305786,0.5203619599342346,0.5305183529853821,0.4686973989009857,0.529798150062561,0.5349349975585938,0.6322245597839355,0.45805227756500244,0.6333621144294739,0.5514774918556213,0.7379836440086365,0.4327554404735565,0.7362939715385437
203,0.4985005259513855,0.3793877363204956,0.5329646468162537,0.40773898363113403,0.5625335574150085,0.3576143980026245,0.4714186191558838,0.4141892194747925,0.46246394515037537,0.359711617231369,0.5634875297546387,0.27981239557266235,0.4472811222076416,0.2784065306186676,0.5201087594032288,0.5308285355567932,0.4689345061779022,0.530018150806427,0.5347716212272644,0.6337898969650269,0.45799824595451355,0.6339574456214905,0.5516977906227112,0.7377938628196716,0.43333232402801514,0.7359187602996826
204,0.4980776011943817,0.3820907771587372,0.5312960147857666,0.41002070903778076,0.5634874105453491,0.35717055201530457,0.46920931339263916,0.4181450605392456,0.4556405544281006,0.3566797375679016,0.5637850761413574,0.2835175395011902,0.44069740176200867,0.2810150980949402,0.5184736251831055,0.5249928832054138,0.4673173129558563,0.5250356793403625,0.5350246429443359,0.6249808073043823,0.4528060555458069,0.631280779838562,0.5534125566482544,0.7350258231163025,0.43267425894737244,0.7346016764640808
205,0.49912938475608826,0.38054215908050537,0.5319175720214844,0.4104975461959839,0.565394401550293,0.3579559028148651,0.46945440769195557,0.4146662950515747,0.4518243074417114,0.3436530828475952,0.5626124143600464,0.2854377031326294,0.4343217611312866,0.2783391773700714,0.518691897392273,0.5270029306411743,0.4674350619316101,0.526375949382782,0.5340701341629028,0.6226963400840759,0.4528608024120331,0.628801703453064,0.5511324405670166,0.7327392101287842,0.4371979832649231,0.7345200777053833
206,0.49836087226867676,0.38115963339805603,0.5326573848724365,0.4101184010505676,0.5656691789627075,0.3564337193965912,0.46905481815338135,0.41492176055908203,0.45074689388275146,0.34378695487976074,0.5627831220626831,0.2846871316432953,0.43635696172714233,0.2760809659957886,0.5192925930023193,0.5263964533805847,0.46824145317077637,0.525431215763092,0.5342250466346741,0.6246684193611145,0.4537705183029175,0.6288089156150818,0.5515071153640747,0.7348893880844116,0.4362584948539734,0.7347844839096069
207,0.4988011121749878,0.3810398280620575,0.532440185546875,0.41032886505126953,0.5657100081443787,0.35650479793548584,0.46967813372612,0.41526931524276733,0.4506985545158386,0.3431689441204071,0.5625680685043335,0.28357720375061035,0.4368876814842224,0.27509254217147827,0.5181543827056885,0.5273555517196655,0.4679339826107025,0.5267568230628967,0.5330875515937805,0.62525475025177,0.4538257122039795,0.630340576171875,0.5505602359771729,0.7340068817138672,0.43392205238342285,0.7352702021598816
208,0.4992348849773407,0.3800507187843323,0.5322918891906738,0.4105944037437439,0.5656901597976685,0.3582671582698822,0.47099024057388306,0.41477760672569275,0.45366641879081726,0.3442732095718384,0.5629552602767944,0.285678505897522,0.4409467875957489,0.2752135396003723,0.5166252851486206,0.528825044631958,0.46702831983566284,0.5280206203460693,0.5336230397224426,0.6285148859024048,0.4517136812210083,0.6322498321533203,0.5507701635360718,0.735649824142456,0.43388891220092773,0.7403988838195801
209,0.4995191693305969,0.3804587125778198,0.5338573455810547,0.4101775884628296,0.5677118301391602,0.3568795323371887,0.47158992290496826,0.4164525270462036,0.45236799120903015,0.34311628341674805,0.5627102851867676,0.28219372034072876,0.43726009130477905,0.2750217318534851,0.5176404714584351,0.5297315120697021,0.46780210733413696,0.5288935303688049,0.5345810651779175,0.6288783550262451,0.4518725275993347,0.632277250289917,0.551063060760498,0.7360488176345825,0.4341987371444702,0.7408060431480408
210,0.4992644786834717,0.37980157136917114,0.5332332849502563,0.4107511639595032,0.5656847953796387,0.3570474088191986,0.47155627608299255,0.4170854985713959,0.45665550231933594,0.353685587644577,0.5628007054328918,0.2808225154876709,0.4383063316345215,0.27332451939582825,0.517554521560669,0.5305795669555664,0.46768853068351746,0.5297772884368896,0.5343940258026123,0.6319751143455505,0.45121675729751587,0.6337459087371826,0.5497113466262817,0.7374789714813232,0.43421608209609985,0.7436913251876831
211,0.4982972741127014,0.38070034980773926,0.5327836275100708,0.4111485481262207,0.565849781036377,0.35839971899986267,0.47200626134872437,0.4179327189922333,0.457745760679245,0.35537320375442505,0.562923789024353,0.2822868824005127,0.438159316778183,0.2739979028701782,0.5177297592163086,0.5310037732124329,0.46861621737480164,0.5303347110748291,0.5344752073287964,0.6305856704711914,0.4515884518623352,0.6334705948829651,0.5496578216552734,0.7358675003051758,0.4344469904899597,0.7430137991905212
212,0.4981316328048706,0.3803558945655823,0.5321289300918579,0.40992388129234314,0.5648735761642456,0.35794538259506226,0.4717504680156708,0.41651904582977295,0.4576847553253174,0.35444068908691406,0.5623847246170044,0.28111207485198975,0.44006818532943726,0.27493032813072205,0.5159240961074829,0.5305207967758179,0.46730202436447144,0.5298882722854614,0.5333791971206665,0.6293854713439941,0.4526529014110565,0.6347675919532776,0.5484721660614014,0.735772967338562,0.43389949202537537,0.7431387305259705
213,0.49340713024139404,0.3788631856441498,0.5326086282730103,0.409895122051239,0.5646276473999023,0.35542696714401245,0.47046348452568054,0.4159265160560608,0.4532265067100525,0.3406943678855896,0.563116192817688,0.27869531512260437,0.44068989157676697,0.2756049335002899,0.5163054466247559,0.529662549495697,0.4668371081352234,0.528749942779541,0.5337742567062378,0.6323363184928894,0.4528385102748871,0.6364336013793945,0.5490354299545288,0.738205075263977,0.43325865268707275,0.7451883554458618
214,0.49916693568229675,0.37893664836883545,0.5322173833847046,0.41000720858573914,0.5648906230926514,0.3560347259044647,0.4704369008541107,0.4162611663341522,0.4567415714263916,0.3531752824783325,0.5628992319107056,0.2803055942058563,0.43967628479003906,0.2794196605682373,0.5166236162185669,0.5297713279724121,0.4669923484325409,0.5290618538856506,0.5336753726005554,0.6311901807785034,0.45058557391166687,0.6334864497184753,0.5483987927436829,0.7373580932617188,0.4330636262893677,0.7435581684112549
215,0.4985879361629486,0.3790527284145355,0.532318651676178,0.40934428572654724,0.5637284517288208,0.3562248945236206,0.4712863862514496,0.4171113967895508,0.4584598243236542,0.3535749614238739,0.5629236102104187,0.2808242440223694,0.4410891532897949,0.28294867277145386,0.5160070657730103,0.5297393202781677,0.46706199645996094,0.5291948914527893,0.5330075621604919,0.632077157497406,0.4507386386394501,0.6335139274597168,0.547611653804779,0.7375493049621582,0.4332495629787445,0.7436112761497498
216,0.4991719424724579,0.3791455030441284,0.5344840288162231,0.40689536929130554,0.562000036239624,0.35897910594940186,0.4694896936416626,0.41978663206100464,0.4593249559402466,0.3587828576564789,0.5627121925354004,0.2829473316669464,0.448639839887619,0.2903367578983307,0.5106925964355469,0.5246685743331909,0.46861016750335693,0.5270939469337463,0.5372515916824341,0.628854513168335,0.45176371932029724,0.6315727233886719,0.5530118346214294,0.7380547523498535,0.4331812858581543,0.7368592023849487
217,0.4990670084953308,0.3794836401939392,0.5330568552017212,0.40737470984458923,0.5590946674346924,0.36199796199798584,0.4717472195625305,0.41703248023986816,0.4611714780330658,0.36431846022605896,0.5604619979858398,0.28845757246017456,0.44133734703063965,0.29345422983169556,0.5184569954872131,0.5271348357200623,0.46787577867507935,0.5266023874282837,0.5360244512557983,0.6235209107398987,0.4547900855541229,0.6269171237945557,0.5514394044876099,0.7337409257888794,0.4322846829891205,0.7333806753158569
218,0.4932522773742676,0.3786071538925171,0.5342056155204773,0.4051967263221741,0.560337483882904,0.3602096736431122,0.4730973243713379,0.41515815258026123,0.45979198813438416,0.36364102363586426,0.5617795586585999,0.2852582335472107,0.44152483344078064,0.29322168231010437,0.5198743939399719,0.5254830121994019,0.4685567021369934,0.524994432926178,0.5358035564422607,0.6234652996063232,0.45186036825180054,0.6263405084609985,0.5504329800605774,0.733385443687439,0.4323427677154541,0.7326101660728455
219,0.4926691949367523,0.37907156348228455,0.5333659648895264,0.40631091594696045,0.5597681403160095,0.3617119789123535,0.47336477041244507,0.4151894450187683,0.4628946781158447,0.3645259737968445,0.5605613589286804,0.28694581985473633,0.44119346141815186,0.2917889952659607,0.5196486115455627,0.5278558135032654,0.46979254484176636,0.5271153450012207,0.5335134863853455,0.6303997039794922,0.4543183445930481,0.6312257051467896,0.5476633310317993,0.7381648421287537,0.4303102493286133,0.7382769584655762
220,0.49305376410484314,0.3784562349319458,0.534570574760437,0.406160831451416,0.5594639778137207,0.36176297068595886,0.471929132938385,0.41345667839050293,0.4587622880935669,0.3622153401374817,0.5599995255470276,0.2877623438835144,0.44065403938293457,0.2870221734046936,0.5199008584022522,0.5260598063468933,0.4691818654537201,0.525317907333374,0.5338014960289001,0.626693844795227,0.4539893567562103,0.6293810606002808,0.5490891933441162,0.7362252473831177,0.4328199625015259,0.7326597571372986
221,0.49332815408706665,0.3785964846611023,0.5352530479431152,0.40436220169067383,0.5604286193847656,0.3611818253993988,0.4719467759132385,0.41351649165153503,0.4590407609939575,0.3635150194168091,0.5613863468170166,0.28804460167884827,0.44109082221984863,0.2911037504673004,0.5209277868270874,0.526127278804779,0.4691012501716614,0.5257231593132019,0.5342589616775513,0.6280210018157959,0.4519506096839905,0.6301653981208801,0.5493067502975464,0.7366390228271484,0.429635614156723,0.7313271760940552
222,0.4934539496898651,0.37810295820236206,0.5362735986709595,0.40381377935409546,0.5610309839248657,0.3614177405834198,0.47179847955703735,0.41278767585754395,0.46283626556396484,0.3665013313293457,0.5616229772567749,0.2886592745780945,0.4444394111633301,0.29310935735702515,0.5112216472625732,0.5247659683227539,0.47009605169296265,0.5264986753463745,0.5351150631904602,0.6281512975692749,0.45253539085388184,0.6286135315895081,0.5504401326179504,0.7376552820205688,0.43059754371643066,0.7327415347099304
223,0.4991973340511322,0.3785288333892822,0.5359265208244324,0.40409570932388306,0.5606231689453125,0.3608935475349426,0.4708274006843567,0.41398918628692627,0.46242555975914,0.3665168285369873,0.561846911907196,0.28695642948150635,0.443856805562973,0.2936933636665344,0.5112146139144897,0.5249353051185608,0.469687819480896,0.526633620262146,0.5350839495658875,0.6301623582839966,0.4514172673225403,0.6297825574874878,0.549197793006897,0.739332914352417,0.43027329444885254,0.7346488833427429
224,0.49376142024993896,0.3775486350059509,0.5360512733459473,0.403082937002182,0.5603135824203491,0.36124110221862793,0.47227632999420166,0.412344753742218,0.4649009704589844,0.3675839304924011,0.5613235831260681,0.28684061765670776,0.4450180232524872,0.29462236166000366,0.5115780234336853,0.5232776403427124,0.4708596169948578,0.5249690413475037,0.5348989367485046,0.6280612945556641,0.4553121030330658,0.6287170052528381,0.5494508743286133,0.737548291683197,0.4307997226715088,0.7316306829452515
225,0.49669480323791504,0.37962138652801514,0.5313810110092163,0.40316706895828247,0.560210645198822,0.36113661527633667,0.47027432918548584,0.4124112129211426,0.46549996733665466,0.36310362815856934,0.5613046884536743,0.28746676445007324,0.4434601962566376,0.2908563017845154,0.5200123190879822,0.5240676403045654,0.4679407477378845,0.5221927762031555,0.5339052677154541,0.6251516938209534,0.4493910074234009,0.6254913806915283,0.5478440523147583,0.7337889075279236,0.4316607117652893,0.7287093997001648
226,0.4978201389312744,0.37902411818504333,0.532943606376648,0.40242254734039307,0.5614240765571594,0.3606064021587372,0.4714369773864746,0.40938955545425415,0.46041178703308105,0.36068984866142273,0.5606544613838196,0.2881833612918854,0.43629664182662964,0.28679829835891724,0.5111151337623596,0.5226014852523804,0.4697261452674866,0.5221316814422607,0.5340965986251831,0.6259623765945435,0.45008572936058044,0.6258993148803711,0.5474766492843628,0.7335641384124756,0.4302327036857605,0.7280847430229187
227,0.4958149194717407,0.3785747289657593,0.5308655500411987,0.40207070112228394,0.5611661076545715,0.3614135980606079,0.4697842001914978,0.41024765372276306,0.46180039644241333,0.36198699474334717,0.5606492757797241,0.2884782552719116,0.43890535831451416,0.28629645705223083,0.5200564861297607,0.5245558023452759,0.46986111998558044,0.5226065516471863,0.5345300436019897,0.6281185150146484,0.45415574312210083,0.6283864378929138,0.5479317307472229,0.7360119223594666,0.4328661561012268,0.7306606769561768
228,0.49193045496940613,0.3808998763561249,0.5260834693908691,0.4037700593471527,0.5619254112243652,0.35699862241744995,0.4672081172466278,0.4113928973674774,0.45725715160369873,0.3455960154533386,0.5626735091209412,0.2830599546432495,0.44043514132499695,0.2791285216808319,0.5164088606834412,0.5267164707183838,0.4697304666042328,0.5260356068611145,0.5327475070953369,0.6275794506072998,0.45167434215545654,0.62764573097229,0.5474078059196472,0.7301163673400879,0.43289196491241455,0.7262436151504517
229,0.4926604628562927,0.37926220893859863,0.5263582468032837,0.4016735553741455,0.5632906556129456,0.3582102656364441,0.46668362617492676,0.40746843814849854,0.45729753375053406,0.3446176052093506,0.5613811016082764,0.28354811668395996,0.44508934020996094,0.2739807963371277,0.5151851773262024,0.5248105525970459,0.46755820512771606,0.5239907503128052,0.5311275720596313,0.6257928609848022,0.45071858167648315,0.6250203847885132,0.5445387363433838,0.7245453596115112,0.4327943027019501,0.725582480430603
230,0.4910767078399658,0.3766150176525116,0.5239245891571045,0.3996524214744568,0.5629777312278748,0.35847029089927673,0.46564769744873047,0.4051739573478699,0.4583892524242401,0.3437420129776001,0.5612308979034424,0.2834278345108032,0.4456414580345154,0.27591025829315186,0.5149210691452026,0.5245859026908875,0.46819210052490234,0.523972749710083,0.5314391255378723,0.6298413872718811,0.45376119017601013,0.6288290619850159,0.5450038909912109,0.7330434322357178,0.43278419971466064,0.7281215190887451
231,0.49252554774284363,0.3774433732032776,0.5246346592903137,0.4020099639892578,0.5618726015090942,0.35992559790611267,0.4675978422164917,0.40712055563926697,0.4607542157173157,0.34446558356285095,0.5610500574111938,0.28356125950813293,0.44853973388671875,0.2776039242744446,0.5132560729980469,0.5255866050720215,0.46719759702682495,0.5248663425445557,0.5309990644454956,0.6272807121276855,0.4544139802455902,0.6279017329216003,0.5446698665618896,0.7303761839866638,0.43156668543815613,0.7281198501586914
232,0.4951241612434387,0.377746045589447,0.5263277292251587,0.4023709297180176,0.5611296892166138,0.3609306812286377,0.46773645281791687,0.40595918893814087,0.4586758315563202,0.3428763747215271,0.5596595406532288,0.2846953272819519,0.44904351234436035,0.275599867105484,0.5160082578659058,0.5289182066917419,0.467673659324646,0.5277869701385498,0.5308972597122192,0.6288824081420898,0.45165690779685974,0.6285786628723145,0.5441545248031616,0.7340608835220337,0.43342775106430054,0.7311906814575195
233,0.49634498357772827,0.37771186232566833,0.5288717150688171,0.4030658006668091,0.5624428391456604,0.3598160147666931,0.4701138436794281,0.406935453414917,0.4529109001159668,0.3392842710018158,0.5604265332221985,0.28511738777160645,0.4445187747478485,0.27211445569992065,0.5178433060646057,0.5300626754760742,0.4687754809856415,0.5288653373718262,0.5311582684516907,0.6319078207015991,0.4517018496990204,0.6305660009384155,0.5464236736297607,0.7321454286575317,0.434523344039917,0.7326012849807739
234,0.491831511259079,0.3765285611152649,0.5304659605026245,0.40065500140190125,0.5658017992973328,0.35274195671081543,0.4698745608329773,0.40284010767936707,0.4458875358104706,0.33596861362457275,0.5638395547866821,0.2824767231941223,0.43893349170684814,0.2726856768131256,0.5178700685501099,0.5301908254623413,0.46759217977523804,0.5294346809387207,0.532341718673706,0.635826826095581,0.4527415931224823,0.633651852607727,0.548510730266571,0.7376922369003296,0.4345233142375946,0.7334422469139099
235,0.49676984548568726,0.3774195611476898,0.5288153886795044,0.40223634243011475,0.5654039978981018,0.35624974966049194,0.4669114947319031,0.4030081033706665,0.44057005643844604,0.33674687147140503,0.5621771812438965,0.2924407124519348,0.43720027804374695,0.2763672471046448,0.5184367895126343,0.5316085815429688,0.46745818853378296,0.530404806137085,0.5335112810134888,0.63437420129776,0.4531518220901489,0.6330419778823853,0.5449443459510803,0.736859917640686,0.4334309995174408,0.7329089045524597
236,0.4948802888393402,0.3760043978691101,0.5275890827178955,0.39931806921958923,0.5652202367782593,0.3572079837322235,0.466387003660202,0.40115413069725037,0.4404657483100891,0.33573514223098755,0.5612702369689941,0.2877831757068634,0.44308269023895264,0.2810703217983246,0.5164371728897095,0.5290976166725159,0.46847569942474365,0.527219831943512,0.5317634344100952,0.6311259269714355,0.4515243172645569,0.6318795084953308,0.5449259281158447,0.7350136637687683,0.43349748849868774,0.7337212562561035
237,0.49620458483695984,0.3738729655742645,0.5297908782958984,0.3986169099807739,0.573148250579834,0.3558383584022522,0.4613010585308075,0.395912230014801,0.4355512261390686,0.33472806215286255,0.5573134422302246,0.281417578458786,0.4431276321411133,0.27608054876327515,0.5171902179718018,0.528212308883667,0.4655803143978119,0.5246526002883911,0.531164288520813,0.6322119235992432,0.45463332533836365,0.6376767158508301,0.5453485250473022,0.7355197668075562,0.43630123138427734,0.7340189814567566
238,0.4957141578197479,0.3755227029323578,0.527332603931427,0.39987608790397644,0.5739091634750366,0.3590167462825775,0.4586223363876343,0.39470288157463074,0.4370734691619873,0.3458104729652405,0.557471752166748,0.28486865758895874,0.4434378147125244,0.2816171944141388,0.5169000625610352,0.5291221141815186,0.4641665816307068,0.5250836610794067,0.5282171368598938,0.6330808997154236,0.4500133693218231,0.6393207907676697,0.5452544689178467,0.7318471670150757,0.44065696001052856,0.7214288115501404
239,0.49995192885398865,0.37854063510894775,0.5313643217086792,0.4020334482192993,0.5760124921798706,0.36338716745376587,0.45993465185165405,0.39662453532218933,0.4278390407562256,0.35227248072624207,0.5585360527038574,0.28933361172676086,0.4426676630973816,0.28606081008911133,0.5166823863983154,0.532183051109314,0.4663926959037781,0.5278943181037903,0.5288210511207581,0.6370960474014282,0.4472324550151825,0.6412708759307861,0.5427107810974121,0.732719361782074,0.43918412923812866,0.7208864092826843
240,0.4899747967720032,0.3805273473262787,0.5252684354782104,0.40341734886169434,0.5792836546897888,0.3675287663936615,0.4604743421077728,0.4035170078277588,0.43623512983322144,0.37110579013824463,0.5627671480178833,0.3115292489528656,0.45138031244277954,0.30969974398612976,0.5092411041259766,0.5241140127182007,0.4673055112361908,0.5249627232551575,0.5339752435684204,0.6271268129348755,0.4455285966396332,0.6324659585952759,0.5492379069328308,0.7308141589164734,0.43427547812461853,0.7349038124084473
241,0.49277088046073914,0.36831220984458923,0.5327343940734863,0.4036332368850708,0.585872232913971,0.37007471919059753,0.4524623155593872,0.40023910999298096,0.4109668433666229,0.3736088275909424,0.5548537373542786,0.3111134171485901,0.43430769443511963,0.31427448987960815,0.5175076723098755,0.5286350846290588,0.46471744775772095,0.5275196433067322,0.533873438835144,0.634310245513916,0.45125359296798706,0.6403654217720032,0.5496898889541626,0.7338781356811523,0.43390434980392456,0.7423797845840454
242,0.5005016326904297,0.3637610077857971,0.5398780107498169,0.409667432308197,0.5898529291152954,0.394183486700058,0.4653113782405853,0.4151110351085663,0.39898619055747986,0.3976036012172699,0.5594462752342224,0.34608232975006104,0.42949581146240234,0.3630254864692688,0.5129707455635071,0.52660071849823,0.4707079827785492,0.530455470085144,0.535545825958252,0.6353546380996704,0.45541343092918396,0.639173150062561,0.5518783330917358,0.7381433248519897,0.4325260519981384,0.7445241212844849
243,0.4941481053829193,0.3706311881542206,0.5261623859405518,0.4071432948112488,0.5900413393974304,0.4044226408004761,0.4561944603919983,0.41712355613708496,0.3977127969264984,0.41403231024742126,0.562082052230835,0.3566133975982666,0.40862900018692017,0.38222166895866394,0.5121462941169739,0.5197345614433289,0.47037991881370544,0.5265153050422668,0.5381912589073181,0.6333072185516357,0.4490210711956024,0.6370142698287964,0.5521000027656555,0.739732027053833,0.43209108710289,0.7451338768005371
244,0.49524128437042236,0.36744898557662964,0.5309690237045288,0.4079005718231201,0.5900934934616089,0.41708609461784363,0.4543488025665283,0.41387760639190674,0.4048261046409607,0.43535733222961426,0.5725947022438049,0.3850906789302826,0.4149371087551117,0.4011989235877991,0.513116180896759,0.5155790448188782,0.46944475173950195,0.5225143432617188,0.5347480773925781,0.633699893951416,0.4551607370376587,0.6351345777511597,0.5494041442871094,0.7401987314224243,0.43414074182510376,0.7429468035697937
245,0.48493704199790955,0.36317774653434753,0.5229660272598267,0.40868276357650757,0.5917057991027832,0.4346426725387573,0.4571802020072937,0.4146534204483032,0.4073796272277832,0.44767433404922485,0.5630504488945007,0.3883749842643738,0.4115980565547943,0.40554922819137573,0.517635703086853,0.5195885896682739,0.46172580122947693,0.5189921259880066,0.5332328677177429,0.633278489112854,0.45242345333099365,0.6371532082557678,0.5491818785667419,0.7406932711601257,0.43274879455566406,0.7431687116622925
246,0.49295780062675476,0.37601029872894287,0.5251168012619019,0.41809365153312683,0.5799219608306885,0.45229122042655945,0.4516490399837494,0.41272127628326416,0.4171970784664154,0.4586220979690552,0.5556063652038574,0.4082271456718445,0.4047071635723114,0.41000306606292725,0.5218567848205566,0.5256443619728088,0.46936339139938354,0.5256385803222656,0.5351815223693848,0.632615327835083,0.45365142822265625,0.6341695189476013,0.551070511341095,0.7384850382804871,0.4323619604110718,0.7335160970687866
247,0.4959615170955658,0.37554502487182617,0.5319082736968994,0.4154512584209442,0.5793471336364746,0.45924413204193115,0.4562619626522064,0.415134072303772,0.420920193195343,0.4641069769859314,0.5754172801971436,0.43908852338790894,0.4018033444881439,0.43356797099113464,0.517662525177002,0.5274691581726074,0.4713402986526489,0.5277851223945618,0.5357075929641724,0.6340690851211548,0.45567259192466736,0.6339161992073059,0.5516420006752014,0.7383643388748169,0.4300537109375,0.7333872318267822
248,0.49367982149124146,0.3781496286392212,0.5246501564979553,0.41008448600769043,0.5739749073982239,0.46254080533981323,0.454468309879303,0.41201886534690857,0.4195845127105713,0.4627522826194763,0.5815542936325073,0.46948671340942383,0.4049069881439209,0.4510236382484436,0.5242539644241333,0.5248941779136658,0.4694247841835022,0.522686243057251,0.5358672142028809,0.6259116530418396,0.451863169670105,0.6268021464347839,0.5499934554100037,0.7335469722747803,0.4267662763595581,0.7285334467887878
249,0.4929148554801941,0.3783383071422577,0.5250201225280762,0.4112699031829834,0.5596180558204651,0.4669305682182312,0.4586802124977112,0.4156436622142792,0.4312894940376282,0.47337329387664795,0.5747731328010559,0.4902178943157196,0.40837132930755615,0.48787015676498413,0.5246573686599731,0.5242123007774353,0.4726783037185669,0.5225581526756287,0.5317038893699646,0.6203483939170837,0.450150728225708,0.6205058693885803,0.5487570762634277,0.7264701724052429,0.4290415644645691,0.7221511602401733
250,0.4932330548763275,0.3807525336742401,0.5271830558776855,0.4182015657424927,0.5530310273170471,0.475025475025177,0.45800885558128357,0.4179184138774872,0.4326275587081909,0.4745750427246094,0.5765725374221802,0.5237463712692261,0.41209501028060913,0.5218088030815125,0.5179558396339417,0.519837498664856,0.467118501663208,0.5188376903533936,0.5296218395233154,0.6211245059967041,0.4460253417491913,0.6250017881393433,0.5483354926109314,0.7342607975006104,0.42742571234703064,0.7310630083084106
251,0.4945962131023407,0.38075336813926697,0.5272230505943298,0.4171247184276581,0.5492025017738342,0.47102540731430054,0.46145114302635193,0.4184991717338562,0.43930837512016296,0.46995219588279724,0.5634429454803467,0.5311782956123352,0.41840729117393494,0.5258598327636719,0.5133588314056396,0.5202615261077881,0.4638476073741913,0.5200562477111816,0.5258385539054871,0.62671959400177,0.44709843397140503,0.6289728879928589,0.5445622205734253,0.7383339405059814,0.4270123839378357,0.7361364364624023
252,0.4933369755744934,0.3829861581325531,0.5282277464866638,0.4266345500946045,0.5481693148612976,0.4751446843147278,0.4580783545970917,0.42454850673675537,0.438588947057724,0.4761674106121063,0.5585693717002869,0.5354109406471252,0.431010365486145,0.5344570875167847,0.5173342823982239,0.5360272526741028,0.46517932415008545,0.5353255271911621,0.5327646732330322,0.6366753578186035,0.45318275690078735,0.6382017135620117,0.5480738282203674,0.7406026124954224,0.4316180944442749,0.7335271835327148
253,0.49097463488578796,0.38235506415367126,0.5247597098350525,0.4254370927810669,0.5491236448287964,0.4767286479473114,0.45691773295402527,0.42316827178001404,0.44260308146476746,0.47638389468193054,0.5477154850959778,0.5297642946243286,0.44384562969207764,0.5320701003074646,0.5175071954727173,0.5321263074874878,0.46702203154563904,0.5330011248588562,0.5305466651916504,0.6336981058120728,0.4586220681667328,0.6323383450508118,0.5465638637542725,0.7340563535690308,0.4325750768184662,0.7318245768547058
254,0.4914730191230774,0.38068637251853943,0.5251258611679077,0.42267757654190063,0.5474317073822021,0.47504138946533203,0.45815277099609375,0.41999000310897827,0.4420092701911926,0.4742712378501892,0.5444716215133667,0.535134494304657,0.4470876455307007,0.5283024907112122,0.5187888145446777,0.5340306758880615,0.4708150625228882,0.534138023853302,0.5294772386550903,0.6353030204772949,0.45443975925445557,0.6376808285713196,0.5474026203155518,0.7377015948295593,0.43504780530929565,0.7354142665863037
255,0.49053335189819336,0.38038215041160583,0.5247399806976318,0.42159947752952576,0.5445390939712524,0.4723285138607025,0.4603482186794281,0.4201699197292328,0.4450621008872986,0.4759567975997925,0.5459574460983276,0.5335073471069336,0.4476023316383362,0.5304715633392334,0.5178341865539551,0.5341478586196899,0.47044283151626587,0.5345696210861206,0.5289239883422852,0.6354352235794067,0.46009528636932373,0.6398135423660278,0.5488804578781128,0.7387701272964478,0.4339580535888672,0.7385005950927734
256,0.4909127652645111,0.37959179282188416,0.5268101096153259,0.4227933883666992,0.5453914403915405,0.4744477868080139,0.45718011260032654,0.4194852113723755,0.4412345886230469,0.47619837522506714,0.5462163686752319,0.5341095924377441,0.44574832916259766,0.5305221676826477,0.5154937505722046,0.5329205989837646,0.46540960669517517,0.5340678095817566,0.5285679697990417,0.639679491519928,0.4581407904624939,0.6443528532981873,0.5480392575263977,0.7394303679466248,0.43416258692741394,0.7432904243469238
257,0.49412044882774353,0.38085007667541504,0.5264415740966797,0.4226691424846649,0.5480448603630066,0.4725688099861145,0.4578953981399536,0.4191743731498718,0.43648988008499146,0.47463953495025635,0.5496383905410767,0.5285598039627075,0.4435170590877533,0.5229056477546692,0.5169652700424194,0.5329267382621765,0.46658942103385925,0.5335882902145386,0.5257649421691895,0.6358071565628052,0.4559970498085022,0.6412121653556824,0.5468894243240356,0.7374247312545776,0.43292689323425293,0.7439705729484558
258,0.49506875872612,0.38197311758995056,0.5267356634140015,0.4227706789970398,0.5504695177078247,0.4713379740715027,0.4587632417678833,0.4213453233242035,0.4344225525856018,0.4746400713920593,0.5500991940498352,0.5275124311447144,0.4440454840660095,0.5278234481811523,0.5136755704879761,0.5351788997650146,0.46333810687065125,0.5350605845451355,0.5190890431404114,0.6416600346565247,0.45133382081985474,0.6488399505615234,0.5461791753768921,0.7412066459655762,0.4316060245037079,0.7449997663497925
259,0.49362584948539734,0.3808203339576721,0.5260443687438965,0.4195987582206726,0.5470170974731445,0.46614742279052734,0.4581596255302429,0.41612061858177185,0.4330509901046753,0.4706607460975647,0.5487464666366577,0.5254319906234741,0.440673291683197,0.5190222859382629,0.5128482580184937,0.5341733694076538,0.4629666805267334,0.533986508846283,0.5193170309066772,0.639839231967926,0.44937294721603394,0.6457952260971069,0.5471338629722595,0.7406992316246033,0.4302595853805542,0.7441513538360596
260,0.4931955337524414,0.38137754797935486,0.5255835056304932,0.4171878695487976,0.5491329431533813,0.46740755438804626,0.457401841878891,0.41397613286972046,0.43548697233200073,0.47303974628448486,0.5473591089248657,0.5212100744247437,0.4365982711315155,0.5115101337432861,0.5158042907714844,0.5310975313186646,0.4667432904243469,0.5303293466567993,0.5201436281204224,0.633573055267334,0.4505680501461029,0.6386738419532776,0.5449281334877014,0.7378937602043152,0.4309440851211548,0.7395445108413696
261,0.49286124110221863,0.3802414536476135,0.5273267030715942,0.4165608286857605,0.5532541275024414,0.46973246335983276,0.45731502771377563,0.4154435396194458,0.43835732340812683,0.47286564111709595,0.5532870888710022,0.5133606195449829,0.4295954704284668,0.5103325843811035,0.5185343027114868,0.5334976315498352,0.4676787555217743,0.5322364568710327,0.5216627717018127,0.6337740421295166,0.4503094553947449,0.6392467021942139,0.5445740222930908,0.7379695177078247,0.43171727657318115,0.7387408018112183
262,0.49216461181640625,0.37996578216552734,0.5278127193450928,0.41462546586990356,0.5552536249160767,0.46897658705711365,0.45668619871139526,0.414105623960495,0.436577171087265,0.47240719199180603,0.5512635707855225,0.5220195651054382,0.42592331767082214,0.504967212677002,0.5196611881256104,0.534015953540802,0.4673444926738739,0.5321328639984131,0.5240371227264404,0.6351048946380615,0.45209836959838867,0.6383629441261292,0.5444561839103699,0.7386895418167114,0.4312007427215576,0.7359157800674438
263,0.49225884675979614,0.37969011068344116,0.5269427299499512,0.413320392370224,0.5552477836608887,0.46678802371025085,0.45780080556869507,0.4141864478588104,0.43704602122306824,0.4707901179790497,0.5553374886512756,0.5167520642280579,0.42423397302627563,0.5098256468772888,0.5208038091659546,0.5313718318939209,0.46969157457351685,0.5300377011299133,0.5254330635070801,0.6327109336853027,0.457263708114624,0.6341029405593872,0.5449303388595581,0.7376015186309814,0.43255770206451416,0.7337366938591003
264,0.496159166097641,0.37918519973754883,0.5287840366363525,0.4157635569572449,0.5572792291641235,0.4666156470775604,0.4607548415660858,0.4159666895866394,0.441379189491272,0.470830500125885,0.5541704297065735,0.5110389590263367,0.4204763174057007,0.5037205219268799,0.522466778755188,0.5294549465179443,0.47405874729156494,0.5271016359329224,0.528995156288147,0.6282923221588135,0.45691007375717163,0.6310310363769531,0.5494048595428467,0.7376520037651062,0.43754684925079346,0.7346838712692261
265,0.49199146032333374,0.38128143548965454,0.5275548100471497,0.4127679467201233,0.5588863492012024,0.46323323249816895,0.4583739638328552,0.41568776965141296,0.4376959800720215,0.4709794223308563,0.5588433742523193,0.5081495046615601,0.42218777537345886,0.5015578269958496,0.5205278992652893,0.5282005071640015,0.4719628691673279,0.5256938338279724,0.5264787673950195,0.6284478902816772,0.4525936543941498,0.6313959360122681,0.5475037097930908,0.7368795275688171,0.43382203578948975,0.737346887588501
266,0.4928802251815796,0.38196027278900146,0.5288245677947998,0.4138832986354828,0.5597332715988159,0.4621124863624573,0.45933470129966736,0.4145616292953491,0.43969887495040894,0.46849650144577026,0.5587591528892517,0.5046865940093994,0.42437538504600525,0.4955434203147888,0.5106639266014099,0.5271324515342712,0.47322604060173035,0.5268324017524719,0.5278477668762207,0.6313284635543823,0.45528751611709595,0.6329172849655151,0.5487123727798462,0.7372285723686218,0.4348001480102539,0.7387100458145142
267,0.4939309358596802,0.38147008419036865,0.52894526720047,0.4140993356704712,0.560608446598053,0.4617689847946167,0.45929771661758423,0.4155641496181488,0.43904444575309753,0.46808263659477234,0.5580019950866699,0.5076823830604553,0.42523396015167236,0.49676379561424255,0.5122367143630981,0.5275415182113647,0.4746163487434387,0.5277774930000305,0.529366135597229,0.6292232871055603,0.4581848084926605,0.6307280659675598,0.5491704940795898,0.7358860969543457,0.4361993968486786,0.7363992929458618
268,0.49518150091171265,0.3809801936149597,0.528353214263916,0.4129660129547119,0.559626579284668,0.4579349458217621,0.4595533609390259,0.4149568974971771,0.43936651945114136,0.4682086706161499,0.5596365928649902,0.5049065351486206,0.4233430027961731,0.4959508180618286,0.5119893550872803,0.5277464389801025,0.4743286073207855,0.5280795097351074,0.5289999842643738,0.630797803401947,0.45640143752098083,0.6320233345031738,0.5487444996833801,0.7367872595787048,0.43511420488357544,0.7382904887199402
269,0.49554914236068726,0.3811222016811371,0.5282968878746033,0.4142494797706604,0.5596597194671631,0.46120738983154297,0.4595237672328949,0.41484710574150085,0.44129592180252075,0.46976909041404724,0.5573476552963257,0.5077571868896484,0.4263765513896942,0.494429349899292,0.5112607479095459,0.5280269384384155,0.4735296368598938,0.5282778739929199,0.529040515422821,0.6305451393127441,0.4573264718055725,0.6318869590759277,0.5488663911819458,0.736736536026001,0.4358407258987427,0.7383978366851807
270,0.4951125383377075,0.380792498588562,0.5293359756469727,0.4151177406311035,0.5606054663658142,0.4635328948497772,0.45917829871177673,0.4161839485168457,0.4393865466117859,0.4699980914592743,0.5556176900863647,0.5082956552505493,0.42802366614341736,0.4951866567134857,0.5225685834884644,0.532501220703125,0.4718347489833832,0.5297468900680542,0.5287884473800659,0.6345797181129456,0.4539790153503418,0.6339533925056458,0.5486946105957031,0.7377859950065613,0.43355605006217957,0.7400042414665222
271,0.49390435218811035,0.38043737411499023,0.5290883779525757,0.4150347113609314,0.5607928037643433,0.4635193347930908,0.45912298560142517,0.41589272022247314,0.43752333521842957,0.47050273418426514,0.5596491694450378,0.5020692348480225,0.42642802000045776,0.49805188179016113,0.5216392278671265,0.5318613052368164,0.47205597162246704,0.5287569761276245,0.5282700657844543,0.6337965726852417,0.4535728693008423,0.6334370970726013,0.5483019351959229,0.7377168536186218,0.4337870478630066,0.73881995677948
272,0.4939417243003845,0.3811309337615967,0.5293723940849304,0.416107177734375,0.5608936548233032,0.4639030694961548,0.45889467000961304,0.4174184203147888,0.43782687187194824,0.4703240394592285,0.5567348599433899,0.5068332552909851,0.43125972151756287,0.5009751319885254,0.5108072757720947,0.5300843715667725,0.47264713048934937,0.5298486948013306,0.5294832587242126,0.6308878660202026,0.4562249779701233,0.6318674683570862,0.5483953356742859,0.7369369864463806,0.43497011065483093,0.7362139225006104
273,0.49413353204727173,0.38093799352645874,0.5301077961921692,0.41654497385025024,0.5588075518608093,0.46986955404281616,0.4573078155517578,0.41614028811454773,0.4355512261390686,0.47141551971435547,0.5570086240768433,0.5041584968566895,0.42812713980674744,0.5010370016098022,0.5210199356079102,0.5341882705688477,0.47035109996795654,0.5308595895767212,0.528860867023468,0.6339698433876038,0.4510871171951294,0.6333084106445312,0.5475366711616516,0.7376150488853455,0.43204817175865173,0.7359616756439209
274,0.494076669216156,0.3804444968700409,0.5293161869049072,0.4158019423484802,0.5588812828063965,0.46824130415916443,0.45725321769714355,0.4168585240840912,0.4357411861419678,0.472511351108551,0.5550154447555542,0.5079171657562256,0.43472278118133545,0.5005319714546204,0.520100474357605,0.5343212485313416,0.4691389501094818,0.5313268899917603,0.529720664024353,0.6352571845054626,0.45229601860046387,0.633357048034668,0.5470426082611084,0.7376185655593872,0.43228137493133545,0.7358858585357666
275,0.49459242820739746,0.37969642877578735,0.5290825366973877,0.41619253158569336,0.560410737991333,0.4641333222389221,0.45709463953971863,0.41744810342788696,0.4356968402862549,0.4727601408958435,0.5552646517753601,0.5074591040611267,0.4383275508880615,0.5083075761795044,0.519156277179718,0.534755527973175,0.46871599555015564,0.5318316221237183,0.5297347903251648,0.6375443935394287,0.45200204849243164,0.6338826417922974,0.5472707748413086,0.7388197779655457,0.4320792555809021,0.7376288771629333
276,0.4956021010875702,0.3778972029685974,0.530832052230835,0.41571611166000366,0.5591266751289368,0.46104416251182556,0.46050605177879333,0.4174213111400604,0.44522011280059814,0.4705215394496918,0.5564936399459839,0.5082430839538574,0.44194576144218445,0.5073901414871216,0.5221669673919678,0.5353979468345642,0.47344279289245605,0.5335478782653809,0.5318052768707275,0.6385816931724548,0.4597925543785095,0.6389129757881165,0.5478488206863403,0.7389538288116455,0.4319118857383728,0.7405892610549927
277,0.493795245885849,0.379464715719223,0.531010091304779,0.41483578085899353,0.5595418214797974,0.4640284478664398,0.460050106048584,0.41763579845428467,0.43703755736351013,0.47382938861846924,0.5549666881561279,0.5089365243911743,0.43886134028434753,0.5109861493110657,0.5209534168243408,0.5343261957168579,0.47105562686920166,0.5324155688285828,0.5287659168243408,0.6393537521362305,0.45942848920822144,0.6392379999160767,0.5460329055786133,0.7388107180595398,0.43057581782341003,0.7399312853813171
278,0.4932418465614319,0.3804524540901184,0.5307945609092712,0.4134999215602875,0.5601531267166138,0.468988835811615,0.45928335189819336,0.4161227345466614,0.4367748200893402,0.4730485677719116,0.5510135293006897,0.5148388743400574,0.4383457899093628,0.5137423276901245,0.5187704563140869,0.5307340025901794,0.4688844084739685,0.5281949043273926,0.5279996395111084,0.6398617029190063,0.4566551446914673,0.6383641362190247,0.5458645820617676,0.7401955127716064,0.4286695122718811,0.7407536506652832
279,0.4932442307472229,0.3792501389980316,0.5304442048072815,0.4135375916957855,0.5591591000556946,0.4703083038330078,0.4595005512237549,0.4141790568828583,0.43570372462272644,0.4724840521812439,0.5506157279014587,0.5199224948883057,0.4362984895706177,0.5162520408630371,0.5185628533363342,0.5273350477218628,0.4690800607204437,0.5254213213920593,0.525781512260437,0.6326402425765991,0.4499325156211853,0.6328600645065308,0.5442509651184082,0.7360836863517761,0.42775458097457886,0.7364899516105652
280,0.49228212237358093,0.3800587058067322,0.5296117067337036,0.4130343794822693,0.5598390102386475,0.46881312131881714,0.4596799612045288,0.4137747287750244,0.4360445737838745,0.4737175703048706,0.5532317161560059,0.5174354314804077,0.43766939640045166,0.5093744993209839,0.5209780931472778,0.5287653207778931,0.4705156683921814,0.5257521867752075,0.5258227586746216,0.63088059425354,0.45622503757476807,0.630789577960968,0.5445640683174133,0.7368605136871338,0.4283939301967621,0.7398134469985962
281,0.4919298589229584,0.37968873977661133,0.5278562307357788,0.4117179811000824,0.5590556263923645,0.4686833322048187,0.459497332572937,0.4132833480834961,0.4373093843460083,0.47316592931747437,0.5537595748901367,0.5172576904296875,0.43831461668014526,0.5091842412948608,0.519089937210083,0.5281344652175903,0.46940386295318604,0.5257117748260498,0.5258089900016785,0.6297365427017212,0.45564302802085876,0.6304543018341064,0.5449541807174683,0.7371501922607422,0.42851337790489197,0.7394998073577881
282,0.49198639392852783,0.3786230981349945,0.5296122431755066,0.4116777777671814,0.5604369640350342,0.46276435256004333,0.4563928246498108,0.4130154848098755,0.4364560842514038,0.4734901785850525,0.5538984537124634,0.5181970596313477,0.4391091763973236,0.511523425579071,0.5198383927345276,0.5291916131973267,0.46891939640045166,0.5270885825157166,0.5260441303253174,0.6320589780807495,0.4546341598033905,0.6336628794670105,0.5455340147018433,0.7381777167320251,0.4272655248641968,0.7394590377807617
283,0.4919925332069397,0.38006922602653503,0.529618501663208,0.4118156135082245,0.5606394410133362,0.46173709630966187,0.457459419965744,0.41313105821609497,0.4366653561592102,0.47139772772789,0.5529686212539673,0.5166116952896118,0.4373994767665863,0.5133798122406006,0.5204654335975647,0.5274806022644043,0.46971365809440613,0.525032639503479,0.5246461629867554,0.6307962536811829,0.4549984335899353,0.6321935057640076,0.5449249744415283,0.737325131893158,0.42835110425949097,0.7374598979949951
284,0.4918273389339447,0.3807162940502167,0.5282437801361084,0.4125395715236664,0.5614932775497437,0.46314913034439087,0.4553036689758301,0.4144838750362396,0.4362944960594177,0.4725620150566101,0.5522960424423218,0.5145329236984253,0.4353535771369934,0.5140888094902039,0.5212840437889099,0.5300281643867493,0.4700618386268616,0.5267636775970459,0.5267648696899414,0.632319450378418,0.45245587825775146,0.633135974407196,0.5470973253250122,0.7369110584259033,0.42643970251083374,0.7365680932998657
285,0.49259015917778015,0.3833025395870209,0.5300427675247192,0.4118030071258545,0.5636094808578491,0.45935529470443726,0.4561987519264221,0.41593313217163086,0.4379217326641083,0.4707868695259094,0.5543839335441589,0.511832058429718,0.43587279319763184,0.5066826343536377,0.5110557675361633,0.5271818041801453,0.47138532996177673,0.5278201103210449,0.5272188186645508,0.6324285268783569,0.45528799295425415,0.6340594291687012,0.5476812720298767,0.7367961406707764,0.4300195574760437,0.7378467321395874
286,0.4921329617500305,0.38264283537864685,0.5309220552444458,0.41385647654533386,0.562363862991333,0.46074485778808594,0.45666635036468506,0.41795969009399414,0.439087450504303,0.4720037579536438,0.5537009239196777,0.5123106241226196,0.4413689076900482,0.5125197768211365,0.5115468502044678,0.5292316675186157,0.47237181663513184,0.5295052528381348,0.5277410745620728,0.6322484612464905,0.45710694789886475,0.6341533064842224,0.5483635663986206,0.7373871803283691,0.4307423532009125,0.7381832599639893
287,0.49212536215782166,0.3802300691604614,0.5319620370864868,0.41225194931030273,0.5641634464263916,0.458807110786438,0.4556982219219208,0.41667264699935913,0.4390143156051636,0.4729416072368622,0.557837724685669,0.5089125037193298,0.44461068511009216,0.5070841908454895,0.5129522085189819,0.5304597020149231,0.4722873866558075,0.5313050746917725,0.5296803712844849,0.6339780688285828,0.4583844840526581,0.634114682674408,0.5496459007263184,0.7381507158279419,0.43169113993644714,0.7375521063804626
