FrameNo,head_x,head_y,left_shoulder_x,left_shoulder_y,left_elbow_x,left_elbow_y,right_shoulder_x,right_shoulder_y,right_elbow_x,right_elbow_y,left_hand_x,left_hand_y,right_hand_x,right_hand_y,left_hip_x,left_hip_y,right_hip_x,right_hip_y,left_knee_x,left_knee_y,right_knee_x,right_knee_y,left_foot_x,left_foot_y,right_foot_x,right_foot_y
0,0.5213875770568848,0.3634655177593231,0.5599355697631836,0.4179750084877014,0.5707849264144897,0.470441997051239,0.48050445318222046,0.41768714785575867,0.46462297439575195,0.47597000002861023,0.580060601234436,0.5394615530967712,0.45345038175582886,0.5296043753623962,0.5416276454925537,0.5430630445480347,0.49010783433914185,0.5381261110305786,0.5426552295684814,0.646310567855835,0.48127901554107666,0.6431479454040527,0.546626627445221,0.7447181940078735,0.4704134464263916,0.7491495609283447
1,0.5210227966308594,0.36395949125289917,0.5600185394287109,0.4179189205169678,0.5698265433311462,0.4701193571090698,0.47944876551628113,0.4179575443267822,0.46435755491256714,0.47690415382385254,0.5793658494949341,0.5397130846977234,0.45325011014938354,0.5297161340713501,0.5391396880149841,0.5424631834030151,0.48771220445632935,0.5380440950393677,0.5397278070449829,0.6473168134689331,0.47887787222862244,0.6457313299179077,0.5460336208343506,0.7453770041465759,0.4697290360927582,0.7505365610122681
2,0.5205628871917725,0.3627224564552307,0.5601713061332703,0.41723811626434326,0.5689424276351929,0.4719736576080322,0.478774756193161,0.4176028370857239,0.4618827700614929,0.4781065583229065,0.5797224044799805,0.5394462943077087,0.45176607370376587,0.5307455062866211,0.5373010635375977,0.5413337349891663,0.48671358823776245,0.5392087697982788,0.5368985533714294,0.6469043493270874,0.48141083121299744,0.6442850828170776,0.5445038676261902,0.7448830604553223,0.4678820073604584,0.7499489784240723
3,0.5209537744522095,0.36287006735801697,0.5600335597991943,0.41641825437545776,0.5702246427536011,0.4696790874004364,0.4797222316265106,0.4169600009918213,0.4632158875465393,0.47623229026794434,0.5805270075798035,0.5383607745170593,0.45179933309555054,0.5293588638305664,0.5377376079559326,0.5406323075294495,0.48727554082870483,0.5380688905715942,0.5385769009590149,0.645089328289032,0.4815783202648163,0.6426998376846313,0.5461673140525818,0.7443723082542419,0.46785295009613037,0.748797595500946
4,0.5200170278549194,0.36251991987228394,0.559840738773346,0.41639041900634766,0.5695798397064209,0.47020500898361206,0.47980421781539917,0.41648203134536743,0.4641075134277344,0.4757997989654541,0.5785953998565674,0.5403473973274231,0.45334017276763916,0.5303333401679993,0.5373609662055969,0.5408497452735901,0.4878630042076111,0.5380507707595825,0.5376917123794556,0.6458315849304199,0.48249179124832153,0.6425214409828186,0.5456059575080872,0.7441660165786743,0.46820926666259766,0.7487677931785583
5,0.5195603370666504,0.3629835247993469,0.5589485168457031,0.41645869612693787,0.5680952072143555,0.46992263197898865,0.4798482060432434,0.41668757796287537,0.4642103612422943,0.4758024215698242,0.5772374272346497,0.5399689674377441,0.4535095691680908,0.5298863649368286,0.5360851883888245,0.5402778387069702,0.4870922565460205,0.5375877618789673,0.5373423099517822,0.6452322006225586,0.48219677805900574,0.6425648927688599,0.5454659461975098,0.7445248961448669,0.46813341975212097,0.7492921352386475
6,0.5194891095161438,0.3624386787414551,0.5593454837799072,0.41628843545913696,0.5684216022491455,0.47037526965141296,0.47998327016830444,0.4172322750091553,0.4648783206939697,0.476522296667099,0.5778850317001343,0.5398197174072266,0.4532162845134735,0.530179500579834,0.5372123718261719,0.540349543094635,0.48746415972709656,0.5377288460731506,0.5380457639694214,0.6443467140197754,0.48202264308929443,0.6423042416572571,0.5461610555648804,0.744236171245575,0.468048095703125,0.7492214441299438
7,0.5197492837905884,0.36227846145629883,0.5597200393676758,0.4159163236618042,0.568351686000824,0.47052574157714844,0.4802759885787964,0.4165276885032654,0.4656214416027069,0.4764551818370819,0.5779767036437988,0.5402073860168457,0.4534090459346771,0.530059278011322,0.5374345183372498,0.540761411190033,0.48776668310165405,0.5380526185035706,0.5381144285202026,0.6455322504043579,0.48180755972862244,0.6429288387298584,0.5461068153381348,0.74477219581604,0.4678993821144104,0.7494150400161743
8,0.5202428102493286,0.3624046742916107,0.5599724054336548,0.4152821898460388,0.5690994262695312,0.46883636713027954,0.4800475239753723,0.41676995158195496,0.46557629108428955,0.47641265392303467,0.5787475109100342,0.5388748049736023,0.45294255018234253,0.5297882556915283,0.5382757186889648,0.5403658151626587,0.4882121980190277,0.5377781391143799,0.5385713577270508,0.6459903717041016,0.48231542110443115,0.643241286277771,0.5458333492279053,0.744994044303894,0.46807098388671875,0.7495408058166504
9,0.5199117660522461,0.36224672198295593,0.5598703622817993,0.41553911566734314,0.5679694414138794,0.4696837365627289,0.4793246388435364,0.41669684648513794,0.4653584361076355,0.4772832989692688,0.5782146453857422,0.5389135479927063,0.4531838893890381,0.5308448076248169,0.5384132862091064,0.5394893884658813,0.48826834559440613,0.5373356342315674,0.5390806794166565,0.6460666656494141,0.4824313819408417,0.6436336040496826,0.5460866689682007,0.7445812225341797,0.46836620569229126,0.7494727373123169
10,0.5208269357681274,0.3621453642845154,0.5599421858787537,0.41519999504089355,0.5681511163711548,0.4689098596572876,0.48571035265922546,0.42083248496055603,0.4652146100997925,0.4768389165401459,0.5784962177276611,0.5392004251480103,0.4531975984573364,0.5306186079978943,0.5385482311248779,0.5394753813743591,0.48843032121658325,0.5373169779777527,0.5395240783691406,0.6464706659317017,0.4824170470237732,0.6438391208648682,0.5462856888771057,0.7447859644889832,0.4683857858181,0.7496885061264038
11,0.5204708576202393,0.3617602288722992,0.559910237789154,0.4149341285228729,0.5683678388595581,0.46910560131073,0.4855891168117523,0.4208938777446747,0.4652675986289978,0.4771574139595032,0.5779716372489929,0.5401322841644287,0.45362770557403564,0.5314202308654785,0.5384461879730225,0.5393141508102417,0.48842138051986694,0.5372828245162964,0.5396859049797058,0.6460202932357788,0.48250406980514526,0.643609881401062,0.5462926030158997,0.7447289228439331,0.4684637188911438,0.7494525909423828
12,0.5215961933135986,0.3604537844657898,0.5601758360862732,0.41211435198783875,0.5673056244850159,0.47043144702911377,0.48825109004974365,0.4203360974788666,0.4677864909172058,0.47674888372421265,0.574398398399353,0.5400865077972412,0.4538545310497284,0.5277045369148254,0.5388603210449219,0.5390180349349976,0.4900765120983124,0.5368271470069885,0.5398159027099609,0.6452875137329102,0.48252376914024353,0.6410620212554932,0.5456379652023315,0.7436203360557556,0.46965569257736206,0.7490628957748413
13,0.5216226577758789,0.36057722568511963,0.5592474937438965,0.4161722660064697,0.5677883625030518,0.47135913372039795,0.48805320262908936,0.41928958892822266,0.4656940698623657,0.47693824768066406,0.5745453834533691,0.5406106114387512,0.4545486569404602,0.528978705406189,0.5408471822738647,0.5383704900741577,0.4916115701198578,0.5363489389419556,0.5408344268798828,0.6448382139205933,0.4833110570907593,0.6411555409431458,0.5463945269584656,0.7432147264480591,0.4698370695114136,0.748704195022583
14,0.5223686695098877,0.3606202304363251,0.5592139959335327,0.41587769985198975,0.568250298500061,0.4691501557826996,0.48749101161956787,0.4183780550956726,0.46405982971191406,0.474244087934494,0.5757220983505249,0.5409581661224365,0.44918757677078247,0.53399658203125,0.5399885177612305,0.5385527014732361,0.49089786410331726,0.5361685752868652,0.5408227443695068,0.6451135873794556,0.4831089675426483,0.6414305567741394,0.5467220544815063,0.743438184261322,0.47001680731773376,0.7492384910583496
15,0.5224565863609314,0.3608371913433075,0.5590514540672302,0.4164533019065857,0.568042516708374,0.47096163034439087,0.4874129295349121,0.41847309470176697,0.46372687816619873,0.4747087359428406,0.5746989250183105,0.5408098697662354,0.45311975479125977,0.5264230370521545,0.5403355360031128,0.5387437343597412,0.49132466316223145,0.5364075899124146,0.5416685938835144,0.6446544528007507,0.4831472337245941,0.6411049962043762,0.5472353100776672,0.7430009841918945,0.46980881690979004,0.7489011287689209
16,0.5222396850585938,0.3607274889945984,0.5590455532073975,0.4163651466369629,0.5678785443305969,0.4708116948604584,0.4871845841407776,0.4184054136276245,0.46338188648223877,0.4743824005126953,0.5747256278991699,0.5410337448120117,0.44921231269836426,0.5341062545776367,0.5397896766662598,0.5384640693664551,0.4909542500972748,0.5361087322235107,0.5414172410964966,0.6450381278991699,0.483077734708786,0.6412171125411987,0.5470883846282959,0.7433834075927734,0.469961941242218,0.7491578459739685
17,0.5224329233169556,0.36076289415359497,0.5591214895248413,0.41674888134002686,0.5670769214630127,0.4711887240409851,0.48649609088897705,0.4180445373058319,0.46254950761795044,0.4743826985359192,0.5742297768592834,0.5415024757385254,0.45281752943992615,0.5262705683708191,0.5395538806915283,0.5381693840026855,0.4906516671180725,0.5359489917755127,0.5409509539604187,0.6444984078407288,0.48393821716308594,0.6402586102485657,0.5470556020736694,0.7429105639457703,0.4704975485801697,0.7480663061141968
18,0.5222927331924438,0.360693097114563,0.5592352151870728,0.41665804386138916,0.5672012567520142,0.4710855185985565,0.48604699969291687,0.4177423417568207,0.4620770812034607,0.4741438627243042,0.5731563568115234,0.5420237183570862,0.4530501067638397,0.5265371799468994,0.5397422313690186,0.5376593470573425,0.49043330550193787,0.5354773998260498,0.5411056280136108,0.6434797048568726,0.48435354232788086,0.6398202180862427,0.5471959114074707,0.7422866821289062,0.4706197679042816,0.7475964426994324
19,0.5226327776908875,0.3607017695903778,0.560490071773529,0.4121507406234741,0.5674153566360474,0.4703139662742615,0.48609596490859985,0.417941689491272,0.4623895287513733,0.4745505750179291,0.5741031765937805,0.541019082069397,0.4530227780342102,0.5265054106712341,0.5395488142967224,0.5381776690483093,0.4904657304286957,0.5360260605812073,0.5413160920143127,0.6437317132949829,0.48466575145721436,0.6401798725128174,0.5472508668899536,0.7423779964447021,0.4709070324897766,0.7476792335510254
20,0.522528886795044,0.36041033267974854,0.5607445240020752,0.41246187686920166,0.5682573318481445,0.46977052092552185,0.48634809255599976,0.4180806875228882,0.4625767171382904,0.47480687499046326,0.5747002959251404,0.5415252447128296,0.4533846080303192,0.526431679725647,0.539513111114502,0.5392844080924988,0.4903876483440399,0.5369021892547607,0.5411246418952942,0.6447092294692993,0.48409974575042725,0.6411406993865967,0.5469232797622681,0.7431170344352722,0.4707370698451996,0.7480995655059814
21,0.522167980670929,0.36054548621177673,0.5613488554954529,0.41306185722351074,0.5691804885864258,0.4704896807670593,0.48640701174736023,0.4188471734523773,0.4622357487678528,0.4764699637889862,0.5749185681343079,0.5430344343185425,0.4534348249435425,0.5278738141059875,0.5395473837852478,0.540325403213501,0.48977622389793396,0.5378795266151428,0.541273832321167,0.6450185179710388,0.4838593006134033,0.6416293382644653,0.5470008850097656,0.743256688117981,0.4705073833465576,0.7479607462882996
22,0.5216465592384338,0.36037003993988037,0.5613667964935303,0.4133383631706238,0.5695772767066956,0.4698692560195923,0.4861088693141937,0.4186088740825653,0.46139031648635864,0.476955384016037,0.5764192342758179,0.5422259569168091,0.4527154564857483,0.5276169180870056,0.5399132370948792,0.5408045053482056,0.48957890272140503,0.5384536385536194,0.5410232543945312,0.6453208923339844,0.483866810798645,0.6418759822845459,0.5467926263809204,0.743566632270813,0.470819354057312,0.7482788562774658
23,0.5210210680961609,0.36056801676750183,0.5612102746963501,0.4132373034954071,0.5701762437820435,0.4667693078517914,0.4852367341518402,0.4187901020050049,0.4612065553665161,0.4759323000907898,0.5767700672149658,0.5409757494926453,0.45242977142333984,0.5276410579681396,0.5393668413162231,0.5395910739898682,0.4886082112789154,0.5377343893051147,0.5408512353897095,0.6462725400924683,0.48341941833496094,0.6428192257881165,0.5468060374259949,0.7435481548309326,0.4708719253540039,0.7489833831787109
24,0.5214321613311768,0.3602200150489807,0.56297767162323,0.4128105640411377,0.5724742412567139,0.4659256637096405,0.4881334900856018,0.4183978736400604,0.46557873487472534,0.4768199324607849,0.5774007439613342,0.5405876040458679,0.45173466205596924,0.5291740894317627,0.5401021838188171,0.5399857759475708,0.4892205595970154,0.538217306137085,0.5387385487556458,0.6453331112861633,0.482636421918869,0.6427359580993652,0.5464763641357422,0.7449681162834167,0.46948903799057007,0.74964439868927
25,0.522112250328064,0.36088627576828003,0.5572307705879211,0.4120606780052185,0.5757739543914795,0.4659718871116638,0.4880366921424866,0.4191092848777771,0.4623488187789917,0.4741584062576294,0.577487051486969,0.5383988618850708,0.44812846183776855,0.5303351879119873,0.5399237275123596,0.5409741401672363,0.4882843494415283,0.5383606553077698,0.5377103090286255,0.6476693153381348,0.481891006231308,0.6431036591529846,0.5467186570167542,0.7463449835777283,0.4694943428039551,0.7513085603713989
26,0.5200826525688171,0.36166489124298096,0.5629465579986572,0.4138147830963135,0.5747456550598145,0.46513044834136963,0.4855678677558899,0.41913554072380066,0.4600188136100769,0.4731760621070862,0.5826091766357422,0.539253830909729,0.44198542833328247,0.5172934532165527,0.5404105186462402,0.540468692779541,0.48775213956832886,0.5380297303199768,0.5390419960021973,0.6467291712760925,0.48152869939804077,0.6440589427947998,0.5473798513412476,0.7446710467338562,0.46943968534469604,0.7511143088340759
27,0.5205890536308289,0.3620343804359436,0.5621172189712524,0.41412150859832764,0.5744059085845947,0.46634823083877563,0.485942006111145,0.41993361711502075,0.46251386404037476,0.4753091335296631,0.5822598934173584,0.542261004447937,0.442732036113739,0.5197204351425171,0.5378516912460327,0.5403845906257629,0.4866649806499481,0.5397047400474548,0.5396071076393127,0.6508895754814148,0.4805510640144348,0.6485761404037476,0.5473266243934631,0.7468528151512146,0.4698828458786011,0.7533379793167114
28,0.5182452201843262,0.3609768748283386,0.5600908994674683,0.4167664051055908,0.5720848441123962,0.4724805951118469,0.48559078574180603,0.41889604926109314,0.46218955516815186,0.4735643267631531,0.5819605588912964,0.5415686964988708,0.4452272653579712,0.5164824724197388,0.5410810112953186,0.5362091064453125,0.48873206973075867,0.5343059301376343,0.5421308279037476,0.647192120552063,0.48101791739463806,0.6436939835548401,0.550323486328125,0.7455555200576782,0.46883928775787354,0.752596378326416
29,0.5139425992965698,0.36303961277008057,0.5600473880767822,0.41721591353416443,0.5727609395980835,0.4670071005821228,0.4865449368953705,0.41545218229293823,0.4505650997161865,0.4671546220779419,0.5881081819534302,0.5391206741333008,0.4288131892681122,0.5112730264663696,0.5383460521697998,0.5289561748504639,0.4874526262283325,0.5260739326477051,0.5398603677749634,0.645534336566925,0.4805173873901367,0.6428482532501221,0.5476421117782593,0.7442116737365723,0.4716091752052307,0.7511321306228638
30,0.5139642953872681,0.36355289816856384,0.5606213212013245,0.41840630769729614,0.5803198218345642,0.4665678143501282,0.48502403497695923,0.41456109285354614,0.44693171977996826,0.4638671576976776,0.5881064534187317,0.5338798761367798,0.4193691909313202,0.5043027400970459,0.5394615530967712,0.5297707915306091,0.48587310314178467,0.5271744728088379,0.5395028591156006,0.6457597017288208,0.47791552543640137,0.6423192620277405,0.5475958585739136,0.7458333373069763,0.4702858626842499,0.7515637278556824
31,0.5126761794090271,0.36490458250045776,0.5599968433380127,0.41798603534698486,0.5859820246696472,0.46882614493370056,0.4828413426876068,0.4150307774543762,0.44114693999290466,0.4626750946044922,0.5996481776237488,0.5215426683425903,0.4128761291503906,0.4993553161621094,0.5360056161880493,0.5238040685653687,0.4870561957359314,0.5245884656906128,0.5421625375747681,0.6406025290489197,0.4803919792175293,0.6375455856323242,0.5482151508331299,0.7459769248962402,0.4728116989135742,0.7486705780029297
32,0.5117617249488831,0.3656490445137024,0.557106077671051,0.4141659140586853,0.5905886292457581,0.4653792977333069,0.48339933156967163,0.4135304391384125,0.43500182032585144,0.46226567029953003,0.5964326858520508,0.49583086371421814,0.41381022334098816,0.4970387816429138,0.5371801853179932,0.5229309797286987,0.4891681671142578,0.5213569402694702,0.5324467420578003,0.6371096968650818,0.48050010204315186,0.6358664631843567,0.545548141002655,0.7466223239898682,0.481812447309494,0.7477960586547852
33,0.5088562965393066,0.36482465267181396,0.5581302642822266,0.4120871424674988,0.5944974422454834,0.46205103397369385,0.48284825682640076,0.4102019965648651,0.43067464232444763,0.45391833782196045,0.6001561284065247,0.4794672429561615,0.4151993691921234,0.5008403062820435,0.5374220609664917,0.5189582109451294,0.48934900760650635,0.5199251174926758,0.5360332727432251,0.6385321021080017,0.48260805010795593,0.6384307146072388,0.5471018552780151,0.7463580965995789,0.4805555045604706,0.7474414110183716
34,0.5113779902458191,0.362942636013031,0.5562566518783569,0.4066638946533203,0.5974178314208984,0.44679996371269226,0.480810284614563,0.408269464969635,0.43924206495285034,0.4488604962825775,0.6014993190765381,0.4429328143596649,0.4068243205547333,0.4546147286891937,0.540503203868866,0.5164917707443237,0.4891464114189148,0.5171756148338318,0.5454273223876953,0.6314821839332581,0.4816596210002899,0.6329770088195801,0.5512667298316956,0.7414337992668152,0.4708538055419922,0.7465678453445435
35,0.5125131607055664,0.3597071170806885,0.5544295310974121,0.40594011545181274,0.5999767780303955,0.41781753301620483,0.47843655943870544,0.4105685353279114,0.42856061458587646,0.42623043060302734,0.617286205291748,0.40391141176223755,0.3971891403198242,0.41166484355926514,0.5328116416931152,0.5218629837036133,0.48885422945022583,0.524297833442688,0.5404564142227173,0.6431402564048767,0.4825766980648041,0.6403656005859375,0.5484163761138916,0.7427791357040405,0.47200286388397217,0.7484660148620605
36,0.519659161567688,0.35473865270614624,0.5639022588729858,0.4076082706451416,0.613459587097168,0.38985103368759155,0.4808948040008545,0.40435153245925903,0.4144895076751709,0.3849451243877411,0.6354572772979736,0.3592687249183655,0.38789722323417664,0.35978150367736816,0.5380587577819824,0.5238978862762451,0.4906160831451416,0.5217581987380981,0.5435641407966614,0.6457390785217285,0.4836018681526184,0.6431124806404114,0.5450010299682617,0.7439134120941162,0.47495168447494507,0.7469711303710938
37,0.5189952850341797,0.36200350522994995,0.5634530782699585,0.3960128426551819,0.6141554117202759,0.35458171367645264,0.4831594228744507,0.39585447311401367,0.43145760893821716,0.350835382938385,0.6237688660621643,0.28800612688064575,0.403435081243515,0.29874274134635925,0.5358784198760986,0.5186095833778381,0.4928290843963623,0.5183008313179016,0.5455191135406494,0.6339748501777649,0.47424083948135376,0.6331250071525574,0.547761857509613,0.7414769530296326,0.47079941630363464,0.74428391456604
38,0.5197717547416687,0.36028537154197693,0.5630818605422974,0.39463865756988525,0.6117197871208191,0.3542301058769226,0.4842482805252075,0.39544063806533813,0.43561169505119324,0.3500245213508606,0.6186867356300354,0.29466867446899414,0.41786032915115356,0.29423773288726807,0.5364822149276733,0.517371416091919,0.4937295913696289,0.5180083513259888,0.5441750288009644,0.6345534324645996,0.4844432473182678,0.6361084580421448,0.5483174324035645,0.7409361600875854,0.4720553755760193,0.7443947196006775
39,0.5227187871932983,0.3626994788646698,0.5649145841598511,0.3951350152492523,0.6018158793449402,0.3524797856807709,0.48889288306236267,0.39635393023490906,0.44483456015586853,0.34217649698257446,0.6119974255561829,0.27581146359443665,0.41730985045433044,0.28554925322532654,0.5333724021911621,0.521484375,0.4925815761089325,0.5219200849533081,0.5478895902633667,0.6382712125778198,0.48426899313926697,0.6397175788879395,0.5481652021408081,0.7433992624282837,0.47083061933517456,0.7473026514053345
40,0.5198203325271606,0.3627346158027649,0.5646584033966064,0.39345046877861023,0.6012827157974243,0.3435339629650116,0.4841328263282776,0.39532217383384705,0.44496795535087585,0.34013280272483826,0.6059824228286743,0.26796460151672363,0.42156684398651123,0.2689768075942993,0.5339380502700806,0.5226113200187683,0.4919416904449463,0.5228523015975952,0.5455573797225952,0.6355946063995361,0.48412275314331055,0.6373014450073242,0.5489569902420044,0.7420257925987244,0.4710332155227661,0.7463182210922241
41,0.5184300541877747,0.36189669370651245,0.5665954351425171,0.3904762268066406,0.5985938310623169,0.33595800399780273,0.48365849256515503,0.39239248633384705,0.4472588002681732,0.3305501639842987,0.6013264656066895,0.2595668435096741,0.42589449882507324,0.25985389947891235,0.5333415865898132,0.5249651670455933,0.492052286863327,0.5241277813911438,0.5453314781188965,0.6371424198150635,0.4844217896461487,0.6382610201835632,0.5479569435119629,0.7428950071334839,0.4722633361816406,0.7466298937797546
42,0.5184216499328613,0.35915589332580566,0.5615012645721436,0.3873260021209717,0.5937133431434631,0.3234899640083313,0.4835513234138489,0.3908332288265228,0.4496294856071472,0.32512569427490234,0.5988070368766785,0.2541426420211792,0.4264817237854004,0.26381465792655945,0.5322431325912476,0.5217305421829224,0.4910523295402527,0.5202624797821045,0.5485303401947021,0.6367703676223755,0.483294814825058,0.6374385356903076,0.5472660064697266,0.7433142066001892,0.47296738624572754,0.7474889755249023
43,0.5173051357269287,0.3594810366630554,0.5636574029922485,0.38493096828460693,0.5925507545471191,0.3204132914543152,0.48500391840934753,0.3868825137615204,0.4537104070186615,0.32699054479599,0.5987817049026489,0.251758873462677,0.4306148290634155,0.26430177688598633,0.5347366333007812,0.5180447697639465,0.49358272552490234,0.5191794037818909,0.5455922484397888,0.6329532861709595,0.48253464698791504,0.6339675784111023,0.5486632585525513,0.7418694496154785,0.4697853922843933,0.7452133893966675
44,0.5181020498275757,0.35957467555999756,0.5660463571548462,0.3902399241924286,0.5947449803352356,0.3205658495426178,0.48692286014556885,0.386636346578598,0.4540461003780365,0.32436850666999817,0.5958256125450134,0.255495548248291,0.42803478240966797,0.25945791602134705,0.5361962914466858,0.519892692565918,0.4933277368545532,0.5182206034660339,0.5485954284667969,0.6333444118499756,0.48246335983276367,0.634780764579773,0.5506176948547363,0.7414834499359131,0.46847790479660034,0.7454759478569031
45,0.5190515518188477,0.35928794741630554,0.5634764432907104,0.3855600953102112,0.592559814453125,0.3213716447353363,0.4886783957481384,0.3869863748550415,0.45753952860832214,0.3240174949169159,0.5937676429748535,0.25565582513809204,0.43246984481811523,0.2608814239501953,0.5358478426933289,0.5176821351051331,0.4958133399486542,0.5194559693336487,0.5469648838043213,0.6315625905990601,0.4776206612586975,0.6309744119644165,0.5502891540527344,0.741546630859375,0.468258798122406,0.7448766231536865
46,0.5191216468811035,0.3596983850002289,0.5645330548286438,0.38599759340286255,0.5896693468093872,0.32283928990364075,0.48803937435150146,0.3885512053966522,0.45855236053466797,0.3241441249847412,0.5937996506690979,0.2553069591522217,0.434032142162323,0.2648411691188812,0.5361000895500183,0.5190184116363525,0.4943499267101288,0.5178062319755554,0.5464398264884949,0.6319747567176819,0.4774617850780487,0.6318197846412659,0.5501413345336914,0.7412649393081665,0.46846359968185425,0.7454355955123901
47,0.5189959406852722,0.3596767783164978,0.5659356117248535,0.38972556591033936,0.5953929424285889,0.31902360916137695,0.4870717227458954,0.3884434103965759,0.4589758813381195,0.3246616721153259,0.5928549766540527,0.25671276450157166,0.435057133436203,0.2632666826248169,0.535770058631897,0.5196114778518677,0.4939310550689697,0.5182758569717407,0.5469629168510437,0.633269727230072,0.48251697421073914,0.6346002221107483,0.5493909120559692,0.7420732975006104,0.46815571188926697,0.7452830076217651
48,0.5202521085739136,0.3603568971157074,0.5682101249694824,0.3907841444015503,0.5828283429145813,0.3217337727546692,0.490914523601532,0.39446282386779785,0.47947177290916443,0.3307334780693054,0.586919367313385,0.26143723726272583,0.4501813054084778,0.26430702209472656,0.5367934703826904,0.5237319469451904,0.49380719661712646,0.5228326916694641,0.5459234118461609,0.6358213424682617,0.4848036766052246,0.6376874446868896,0.5487037897109985,0.7416790723800659,0.4700455665588379,0.7471102476119995
49,0.5200572609901428,0.3560400605201721,0.568920373916626,0.3891981840133667,0.5923101902008057,0.32215264439582825,0.4882014989852905,0.3916534185409546,0.4660174250602722,0.332958459854126,0.5883001089096069,0.26093780994415283,0.4462220072746277,0.2695053815841675,0.5349432229995728,0.5238974094390869,0.49259281158447266,0.5253223776817322,0.5413695573806763,0.6380000114440918,0.4876399040222168,0.6415209770202637,0.5498878359794617,0.7421038150787354,0.47346776723861694,0.7495602369308472
50,0.5200495719909668,0.35472986102104187,0.5654411315917969,0.38590651750564575,0.5930983424186707,0.32366836071014404,0.48712801933288574,0.3908219337463379,0.4632740914821625,0.33509987592697144,0.5881574749946594,0.26299548149108887,0.446005642414093,0.2733005881309509,0.5378250479698181,0.5214539766311646,0.49361586570739746,0.5235939025878906,0.5436351895332336,0.6327896118164062,0.48831766843795776,0.6386568546295166,0.554631233215332,0.7417103052139282,0.4730294346809387,0.7485942840576172
51,0.5178854465484619,0.3568328320980072,0.5616043210029602,0.3851265609264374,0.5828560590744019,0.3261253833770752,0.4873703718185425,0.38986390829086304,0.46254608035087585,0.3306719660758972,0.5883411765098572,0.2601753771305084,0.44349321722984314,0.26645395159721375,0.5361064672470093,0.5207595229148865,0.49323540925979614,0.5226161479949951,0.5426551103591919,0.6339117288589478,0.48839449882507324,0.6401283740997314,0.5504523515701294,0.7408444285392761,0.4745104908943176,0.7493420839309692
52,0.5195478796958923,0.3601597547531128,0.5658941268920898,0.38966843485832214,0.5902969837188721,0.3350679278373718,0.4895772635936737,0.3921028971672058,0.4630905091762543,0.33770883083343506,0.5875102281570435,0.2651733458042145,0.44361552596092224,0.2784042954444885,0.5363057255744934,0.5196925401687622,0.49501916766166687,0.521519660949707,0.5426385402679443,0.6343267560005188,0.4822177588939667,0.6370371580123901,0.550229549407959,0.7404717803001404,0.4748360514640808,0.7491507530212402
53,0.5211608409881592,0.3606302738189697,0.5670359134674072,0.39046427607536316,0.5912024974822998,0.33351027965545654,0.4900718629360199,0.39222222566604614,0.4640732705593109,0.3360937535762787,0.587144136428833,0.2669517695903778,0.4436502158641815,0.279581218957901,0.5351790189743042,0.520073652267456,0.49346649646759033,0.5220520496368408,0.5406769514083862,0.6335532069206238,0.4866870641708374,0.6392159461975098,0.5493115186691284,0.7407251596450806,0.472667396068573,0.748625636100769
54,0.5213918685913086,0.36075788736343384,0.5666509866714478,0.39153093099594116,0.590390682220459,0.335129976272583,0.49073415994644165,0.3931436240673065,0.4656676650047302,0.3355926275253296,0.587870717048645,0.26781806349754333,0.4458492398262024,0.285704106092453,0.533250093460083,0.5214571952819824,0.4923701286315918,0.5235127806663513,0.5372220277786255,0.6351617574691772,0.485883891582489,0.6404373645782471,0.548635721206665,0.741503894329071,0.47196704149246216,0.7490760087966919
55,0.5212393999099731,0.3614575266838074,0.5674381256103516,0.39402851462364197,0.5909372568130493,0.33713921904563904,0.49057549238204956,0.3939476013183594,0.4702925682067871,0.33592545986175537,0.5886867046356201,0.2733261287212372,0.44869333505630493,0.2874544560909271,0.5330642461776733,0.5224361419677734,0.4925565719604492,0.5240810513496399,0.5402933359146118,0.6371585130691528,0.4867262542247772,0.6414458155632019,0.5487327575683594,0.7424978613853455,0.4729936122894287,0.7494327425956726
56,0.5247648358345032,0.35736554861068726,0.5608210563659668,0.3892746865749359,0.5916937589645386,0.33617517352104187,0.49066516757011414,0.3934735655784607,0.46537911891937256,0.33468008041381836,0.5871294140815735,0.2701611816883087,0.45038169622421265,0.27822744846343994,0.5344746112823486,0.5209506750106812,0.49248871207237244,0.5228732228279114,0.5394675731658936,0.636046290397644,0.4867188334465027,0.6410786509513855,0.5500746965408325,0.7415953874588013,0.4723961055278778,0.7495281100273132
57,0.5274338126182556,0.3505898118019104,0.5629077553749084,0.3876441419124603,0.5912669897079468,0.32884860038757324,0.48841434717178345,0.3916843831539154,0.4637252688407898,0.333896279335022,0.588166356086731,0.2688087821006775,0.44711512327194214,0.2776452302932739,0.5351160168647766,0.5236105918884277,0.4894751310348511,0.5256651043891907,0.5393356084823608,0.637736976146698,0.4849335551261902,0.6424233317375183,0.5538158416748047,0.7442352771759033,0.4711928069591522,0.750654935836792
58,0.525342583656311,0.35308200120925903,0.562659740447998,0.3881950378417969,0.5916417241096497,0.3297490179538727,0.48745590448379517,0.392231822013855,0.46224528551101685,0.33233579993247986,0.5881528854370117,0.26995354890823364,0.44724950194358826,0.27742800116539,0.535000741481781,0.5227795243263245,0.4901418685913086,0.5252491235733032,0.5405871868133545,0.6379690766334534,0.4850119352340698,0.642605185508728,0.5512795448303223,0.743262767791748,0.4718873202800751,0.7508533000946045
59,0.5259160399436951,0.3517606258392334,0.5608847141265869,0.38860905170440674,0.5903295874595642,0.32982468605041504,0.49170753359794617,0.3917582929134369,0.4627360701560974,0.3338340222835541,0.5867059230804443,0.274665892124176,0.44710907340049744,0.279086709022522,0.5359790325164795,0.5227079391479492,0.49086710810661316,0.525185227394104,0.5405116081237793,0.6379401683807373,0.4845610558986664,0.6422749757766724,0.5505402684211731,0.743300199508667,0.4723092019557953,0.7504229545593262
60,0.5229901671409607,0.35714852809906006,0.5621907114982605,0.38835522532463074,0.5774550437927246,0.3364994525909424,0.49143823981285095,0.3944750726222992,0.47054213285446167,0.3309193253517151,0.5888820886611938,0.26991283893585205,0.4454765021800995,0.2755749821662903,0.5384775400161743,0.5240607261657715,0.49144574999809265,0.5243902206420898,0.5477879047393799,0.6381121873855591,0.48401278257369995,0.6391797661781311,0.549217700958252,0.7427171468734741,0.4699440002441406,0.7485057711601257
61,0.519835889339447,0.360740065574646,0.5668078064918518,0.3916265666484833,0.5787412524223328,0.3431323170661926,0.492625892162323,0.39174994826316833,0.4766058325767517,0.3344169557094574,0.5891682505607605,0.2719152569770813,0.4484575390815735,0.2768246531486511,0.5354224443435669,0.5221953392028809,0.49151474237442017,0.5228059887886047,0.5499079823493958,0.6373871564865112,0.485059916973114,0.6394082307815552,0.5523831844329834,0.7395226359367371,0.4708523750305176,0.7490941286087036
62,0.5203189849853516,0.36174476146698,0.5647773742675781,0.39247047901153564,0.5760313272476196,0.3535735607147217,0.493573397397995,0.3908514380455017,0.4722753167152405,0.33900731801986694,0.5875794887542725,0.2833413779735565,0.4530611038208008,0.28270405530929565,0.5356746912002563,0.5206894874572754,0.49172651767730713,0.5214061737060547,0.5521864891052246,0.6359683275222778,0.48569416999816895,0.6383005380630493,0.5533980131149292,0.7383503913879395,0.4715486168861389,0.7487032413482666
63,0.5199970006942749,0.36118167638778687,0.5651041865348816,0.3912148177623749,0.5771558284759521,0.3508939743041992,0.49329492449760437,0.39111313223838806,0.475107878446579,0.3368768095970154,0.5870189070701599,0.2804032862186432,0.45165252685546875,0.2812788784503937,0.5363263487815857,0.5199446678161621,0.49176058173179626,0.5206871032714844,0.5521302819252014,0.6344153881072998,0.48520585894584656,0.6372007727622986,0.5598244667053223,0.7366887927055359,0.4717491865158081,0.7485332489013672
64,0.5200226902961731,0.35963010787963867,0.562384843826294,0.39082032442092896,0.5778810977935791,0.34931525588035583,0.49315130710601807,0.39043232798576355,0.4729248285293579,0.33532392978668213,0.5864080786705017,0.27910006046295166,0.4508764147758484,0.2808350920677185,0.5354915261268616,0.5187778472900391,0.49404796957969666,0.5196483731269836,0.5526279211044312,0.6329033374786377,0.4831342399120331,0.6340683698654175,0.5603772401809692,0.7372541427612305,0.47371965646743774,0.7494210600852966
65,0.5206559896469116,0.36041831970214844,0.5652139186859131,0.39168328046798706,0.5777702927589417,0.3490127921104431,0.49325308203697205,0.3911944329738617,0.4720439314842224,0.33466655015945435,0.5865803956985474,0.2743670344352722,0.4503346383571625,0.2793180048465729,0.5359012484550476,0.5205315351486206,0.4936600625514984,0.5212253332138062,0.5516874194145203,0.6368646025657654,0.4869444966316223,0.6397050619125366,0.557482898235321,0.7397650480270386,0.47379541397094727,0.7502822875976562
66,0.5208584666252136,0.36067840456962585,0.5649598836898804,0.3907904028892517,0.5783033967018127,0.34481871128082275,0.4943177103996277,0.39081308245658875,0.46680864691734314,0.3356161117553711,0.5873639583587646,0.2704039514064789,0.44915148615837097,0.27534520626068115,0.5367758870124817,0.5207933783531189,0.49331721663475037,0.5206359028816223,0.5520899295806885,0.6335309743881226,0.4859781265258789,0.6353442668914795,0.553777813911438,0.7374574542045593,0.47223591804504395,0.7483792304992676
67,0.5212424397468567,0.3596075177192688,0.5648646950721741,0.39012011885643005,0.5807557106018066,0.34480223059654236,0.49433013796806335,0.3903082311153412,0.46686720848083496,0.3381021022796631,0.5879161357879639,0.272183358669281,0.44943416118621826,0.2830026149749756,0.5377154350280762,0.5193227529525757,0.4940263628959656,0.5188606977462769,0.5529459714889526,0.632117509841919,0.4823566675186157,0.6323941349983215,0.5544909238815308,0.7370011210441589,0.4731377065181732,0.7484848499298096
68,0.5204290151596069,0.36044830083847046,0.5626316070556641,0.3908517360687256,0.5791153907775879,0.3476061224937439,0.493730753660202,0.3908974826335907,0.46572110056877136,0.3359099328517914,0.5874981880187988,0.27315667271614075,0.44768238067626953,0.28343796730041504,0.5353715419769287,0.5194892883300781,0.493346631526947,0.519855797290802,0.5512722730636597,0.6326135993003845,0.4828004240989685,0.6319470405578613,0.5601468086242676,0.7365993857383728,0.4737575948238373,0.7482325434684753
69,0.52061927318573,0.36140918731689453,0.5643101930618286,0.39034897089004517,0.588477373123169,0.33720076084136963,0.49237847328186035,0.39133596420288086,0.465778112411499,0.3361494243144989,0.5877499580383301,0.2720043659210205,0.448422908782959,0.2843165397644043,0.536756157875061,0.5184304714202881,0.4932074248790741,0.5203104019165039,0.5517947673797607,0.6315813660621643,0.48479485511779785,0.6314007043838501,0.5607591867446899,0.7359753847122192,0.4743551015853882,0.7483116388320923
70,0.521905779838562,0.3612135648727417,0.5650373697280884,0.39196497201919556,0.5878960490226746,0.3386724889278412,0.4926398992538452,0.3921968638896942,0.46710771322250366,0.33604443073272705,0.5867008566856384,0.27447864413261414,0.44832906126976013,0.28447309136390686,0.5358659029006958,0.5185682773590088,0.4925857186317444,0.521400511264801,0.5491433143615723,0.6310765743255615,0.4850464463233948,0.632497251033783,0.5603104829788208,0.7348353266716003,0.47506630420684814,0.7481001615524292
71,0.5223615169525146,0.36150097846984863,0.5658940076828003,0.39146143198013306,0.5781634449958801,0.34918221831321716,0.4923184812068939,0.39108824729919434,0.46717414259910583,0.3362445831298828,0.5867947936058044,0.2753883898258209,0.44713935256004333,0.2842664122581482,0.5360041260719299,0.5169206261634827,0.49318045377731323,0.5202435851097107,0.547317624092102,0.6291983127593994,0.48559296131134033,0.6324800848960876,0.5602492690086365,0.7341386675834656,0.47641587257385254,0.7482888102531433
72,0.5220635533332825,0.36147749423980713,0.5681168437004089,0.3905216157436371,0.5888508558273315,0.33465999364852905,0.4918481707572937,0.39179426431655884,0.4707426428794861,0.3347942531108856,0.5885523557662964,0.2710731029510498,0.446016788482666,0.2789194583892822,0.5388470888137817,0.5172128677368164,0.4931347370147705,0.5183553695678711,0.5489262938499451,0.6297740340232849,0.4863705337047577,0.6291366815567017,0.5529965162277222,0.7373182773590088,0.47480329871177673,0.7461022138595581
73,0.5212727785110474,0.36131998896598816,0.5645403265953064,0.38766321539878845,0.5863545536994934,0.3411754071712494,0.49136024713516235,0.38855740427970886,0.4698302745819092,0.34036797285079956,0.5887048840522766,0.2781611680984497,0.44502824544906616,0.27659252285957336,0.5400250554084778,0.5139350891113281,0.4948866069316864,0.5154904127120972,0.5548295974731445,0.6227003335952759,0.4919441342353821,0.6278122663497925,0.5621731877326965,0.7371379733085632,0.478654146194458,0.7472805976867676
74,0.5212371349334717,0.3617950677871704,0.5605593323707581,0.3885394334793091,0.5743969678878784,0.3479468524456024,0.49493488669395447,0.38842567801475525,0.4708041846752167,0.3433229625225067,0.5877474546432495,0.27954596281051636,0.4470885396003723,0.27913957834243774,0.5373678207397461,0.5107439160346985,0.49520450830459595,0.5127159357070923,0.5530186295509338,0.6213489174842834,0.4955553412437439,0.623615562915802,0.5614110231399536,0.736351728439331,0.4791146516799927,0.7469078898429871
75,0.5216219425201416,0.3611406683921814,0.5598092675209045,0.38564932346343994,0.5864311456680298,0.33802685141563416,0.494271457195282,0.38713309168815613,0.47243940830230713,0.3413282632827759,0.5874414443969727,0.27634182572364807,0.449332058429718,0.2796742022037506,0.5412643551826477,0.5150637626647949,0.4951464533805847,0.5169321298599243,0.5497050285339355,0.6315619349479675,0.4894702434539795,0.6322426199913025,0.5572318434715271,0.739318311214447,0.4775170087814331,0.7477740049362183
76,0.5232974290847778,0.36020439863204956,0.5589419603347778,0.38916969299316406,0.5895912647247314,0.3304338753223419,0.4953007102012634,0.3909023702144623,0.4697044789791107,0.3369928300380707,0.5886778235435486,0.2750186026096344,0.44803518056869507,0.27725982666015625,0.5389871597290039,0.5201632976531982,0.49596482515335083,0.5220860242843628,0.5472020506858826,0.6318726539611816,0.4924800395965576,0.6327752470970154,0.5567837953567505,0.7393704652786255,0.47945281863212585,0.748353123664856
77,0.5203987956047058,0.36306363344192505,0.5581042766571045,0.39470571279525757,0.5736777782440186,0.3428325355052948,0.49664270877838135,0.39298301935195923,0.4739961326122284,0.33661431074142456,0.5891136527061462,0.27946868538856506,0.45181185007095337,0.2783317565917969,0.5345910787582397,0.5221291780471802,0.4911954402923584,0.5216856002807617,0.5476923584938049,0.6349815726280212,0.48469278216362,0.6348804235458374,0.550956130027771,0.7384395003318787,0.47979503870010376,0.749495267868042
78,0.5203135013580322,0.3642593324184418,0.5577645301818848,0.39564085006713867,0.5733035802841187,0.3438110053539276,0.49725043773651123,0.3936399221420288,0.4741671085357666,0.33622831106185913,0.588205099105835,0.2780705690383911,0.4525676965713501,0.28017157316207886,0.5315256118774414,0.5229591131210327,0.4935690760612488,0.523284375667572,0.5438510179519653,0.6347360610961914,0.4797306954860687,0.6337149739265442,0.5497061014175415,0.738204836845398,0.47680744528770447,0.7490121126174927
79,0.5198003053665161,0.3667759895324707,0.5577921867370605,0.3952281177043915,0.572925329208374,0.345525324344635,0.49572548270225525,0.39378851652145386,0.473977655172348,0.33586567640304565,0.5881138443946838,0.27877408266067505,0.4524315297603607,0.2814694344997406,0.5320141315460205,0.5226297378540039,0.49340909719467163,0.5231577157974243,0.5461599826812744,0.6372556686401367,0.48347198963165283,0.638421893119812,0.555306077003479,0.7413079738616943,0.4755839705467224,0.7492499351501465
80,0.5194681882858276,0.3691909909248352,0.5601291656494141,0.40072867274284363,0.5853967666625977,0.3407995104789734,0.49184948205947876,0.39826151728630066,0.4680829644203186,0.34064239263534546,0.5880109071731567,0.28050437569618225,0.450908362865448,0.28174299001693726,0.5327324271202087,0.5258159637451172,0.4929635524749756,0.5262409448623657,0.5469286441802979,0.6409054398536682,0.4780929982662201,0.6367920637130737,0.5480536222457886,0.7421377897262573,0.47368520498275757,0.7484982013702393
81,0.5207750797271729,0.3688089847564697,0.5563439130783081,0.40372878313064575,0.5870275497436523,0.3415573835372925,0.48907744884490967,0.4008006453514099,0.4698830544948578,0.3446824550628662,0.5863832235336304,0.2794099450111389,0.45444414019584656,0.2817685008049011,0.5371302366256714,0.5312695503234863,0.4900641441345215,0.5291342735290527,0.546865701675415,0.6404872536659241,0.4794510006904602,0.6374545693397522,0.5490370988845825,0.7408628463745117,0.4750445485115051,0.7488328218460083
82,0.5212882161140442,0.37128978967666626,0.5605016350746155,0.40769433975219727,0.5885400772094727,0.34401726722717285,0.4912000596523285,0.405017614364624,0.46836352348327637,0.3432444930076599,0.5883077383041382,0.28179463744163513,0.4541124701499939,0.2876356840133667,0.5400137901306152,0.5356204509735107,0.4919741749763489,0.5329142212867737,0.5423081517219543,0.6465107202529907,0.4820171594619751,0.6372635364532471,0.5490068197250366,0.7413508892059326,0.47648024559020996,0.7487050294876099
83,0.5194433331489563,0.3734287917613983,0.5585428476333618,0.40886032581329346,0.5888978242874146,0.3515768051147461,0.49087613821029663,0.40592655539512634,0.4776964783668518,0.36764436960220337,0.5895664095878601,0.2913849353790283,0.453060120344162,0.28839111328125,0.5407090187072754,0.5327430367469788,0.49260878562927246,0.5304985642433167,0.5502033829689026,0.6358295679092407,0.48423346877098083,0.6333784461021423,0.5513360500335693,0.7386782169342041,0.47685524821281433,0.747765302658081
84,0.5196912288665771,0.37417349219322205,0.5552294254302979,0.40813398361206055,0.5835109949111938,0.35314130783081055,0.4870697259902954,0.4118373990058899,0.4802308678627014,0.3691498637199402,0.592289388179779,0.28217175602912903,0.4446941316127777,0.28989484906196594,0.5343273282051086,0.5360977053642273,0.49328097701072693,0.5384348034858704,0.5421280264854431,0.6505365967750549,0.4733409583568573,0.6412510275840759,0.5453667640686035,0.745582103729248,0.47549673914909363,0.7488963007926941
85,0.5160629153251648,0.37551939487457275,0.5571187734603882,0.40997254848480225,0.5916935205459595,0.34102684259414673,0.47898346185684204,0.41106343269348145,0.46071454882621765,0.349702924489975,0.590843141078949,0.2814650237560272,0.44247305393218994,0.28926464915275574,0.5373119115829468,0.5447486639022827,0.49060139060020447,0.5437895059585571,0.5364928841590881,0.6539160013198853,0.4707735478878021,0.6526137590408325,0.5456956624984741,0.7459216117858887,0.47611626982688904,0.7507667541503906
86,0.5191605091094971,0.38520336151123047,0.5549808740615845,0.42179328203201294,0.5838925838470459,0.3616381287574768,0.4866445064544678,0.41985541582107544,0.47216856479644775,0.3739173412322998,0.5861653089523315,0.29456576704978943,0.4450991749763489,0.296766459941864,0.5402477383613586,0.546148955821991,0.4909138083457947,0.5452045798301697,0.5465775728225708,0.6482999324798584,0.47263211011886597,0.6479821801185608,0.5493572950363159,0.7430256605148315,0.4776912331581116,0.7532917261123657
87,0.5215513110160828,0.3858455419540405,0.5534310340881348,0.4255242943763733,0.5850231647491455,0.36162567138671875,0.4838477373123169,0.42377492785453796,0.46922653913497925,0.3711342215538025,0.589403510093689,0.29633328318595886,0.44300490617752075,0.30007386207580566,0.5380889177322388,0.5498223900794983,0.48830705881118774,0.5497031211853027,0.5432915091514587,0.6507183909416199,0.47085022926330566,0.6516020894050598,0.547572672367096,0.7442426681518555,0.4752199351787567,0.7556723356246948
88,0.5226248502731323,0.38563114404678345,0.5619142055511475,0.4276643991470337,0.5817525386810303,0.3692101836204529,0.4893972873687744,0.4224981665611267,0.4726000428199768,0.3743550181388855,0.5943117141723633,0.30671507120132446,0.4424329400062561,0.3088831305503845,0.5400670170783997,0.5573890209197998,0.4878542125225067,0.5560777187347412,0.5477193593978882,0.6541044116020203,0.4648788571357727,0.6551883220672607,0.5488872528076172,0.7444762587547302,0.47276005148887634,0.7566927671432495
89,0.5189205408096313,0.3871570825576782,0.5607264637947083,0.43301305174827576,0.5892969369888306,0.3648107647895813,0.48585209250450134,0.4277913272380829,0.4618445634841919,0.3671737611293793,0.5925334095954895,0.31856274604797363,0.4427270293235779,0.3074016273021698,0.5343900322914124,0.5634570121765137,0.48918670415878296,0.5642827749252319,0.54665207862854,0.6536206603050232,0.468092679977417,0.6549316644668579,0.5496958494186401,0.7463092803955078,0.4740157127380371,0.7571160793304443
90,0.5178802013397217,0.3968411386013031,0.5565609335899353,0.4329201877117157,0.5907527804374695,0.369781494140625,0.4827196002006531,0.43148118257522583,0.46198219060897827,0.36963173747062683,0.5901853442192078,0.3182039260864258,0.44471490383148193,0.3142632246017456,0.5378371477127075,0.5624376535415649,0.48702844977378845,0.5614584684371948,0.5449315905570984,0.6529496908187866,0.4681074619293213,0.655781626701355,0.5485954284667969,0.7446994781494141,0.4736221730709076,0.7551445364952087
91,0.5203689932823181,0.39406225085258484,0.5586099624633789,0.4343864321708679,0.5883688926696777,0.36523324251174927,0.4824628233909607,0.43257802724838257,0.45710915327072144,0.3665081262588501,0.5932273864746094,0.3178277015686035,0.4427858293056488,0.3153630197048187,0.5411229133605957,0.5656461715698242,0.4877341389656067,0.5644468665122986,0.547599196434021,0.6514655351638794,0.4700168967247009,0.6554664373397827,0.5492039322853088,0.7438424825668335,0.47319966554641724,0.7560741901397705
92,0.5215131044387817,0.3958944082260132,0.5608780980110168,0.43673408031463623,0.5930405855178833,0.3691200911998749,0.4830195903778076,0.4301688075065613,0.45972657203674316,0.3715488314628601,0.5977970957756042,0.3282506763935089,0.4413617253303528,0.3163411319255829,0.5398797988891602,0.5694410800933838,0.4884929656982422,0.5676208734512329,0.5455336570739746,0.6533097624778748,0.468437135219574,0.6571688652038574,0.547906756401062,0.744525671005249,0.47296369075775146,0.7561886310577393
93,0.5171123743057251,0.39880645275115967,0.5597584247589111,0.43564748764038086,0.5971270203590393,0.369762659072876,0.48105764389038086,0.43154212832450867,0.45745012164115906,0.3724719285964966,0.5970857739448547,0.32446789741516113,0.44044560194015503,0.3167712688446045,0.5396508574485779,0.5706579089164734,0.4877431392669678,0.5690426826477051,0.5437677502632141,0.6546447277069092,0.4690167307853699,0.6577532887458801,0.5472445487976074,0.745765209197998,0.4743109941482544,0.7553991079330444
94,0.5176313519477844,0.39728817343711853,0.5565473437309265,0.4368523359298706,0.5969336032867432,0.38091346621513367,0.4802788197994232,0.4305628538131714,0.45779699087142944,0.3706769347190857,0.595755934715271,0.32995516061782837,0.44019371271133423,0.3189976215362549,0.5381194353103638,0.5693717002868652,0.48729604482650757,0.567426323890686,0.5441653728485107,0.6532098054885864,0.468815416097641,0.6548270583152771,0.5458092093467712,0.746091365814209,0.47414541244506836,0.7541258335113525
95,0.5182812213897705,0.4016422629356384,0.5594559907913208,0.4444454312324524,0.5971348881721497,0.38813599944114685,0.4862181544303894,0.44181904196739197,0.4666966199874878,0.3926919102668762,0.5945916771888733,0.33567893505096436,0.44184648990631104,0.33535897731781006,0.5404161214828491,0.5761869549751282,0.4909615218639374,0.5740271806716919,0.5519843101501465,0.6530046463012695,0.471515953540802,0.6531044840812683,0.5484845638275146,0.7427396178245544,0.47355398535728455,0.7533019781112671
96,0.5175106525421143,0.40359482169151306,0.5599151849746704,0.4453986585140228,0.5970568656921387,0.3938985764980316,0.482534259557724,0.4447215795516968,0.46056389808654785,0.38632628321647644,0.5969818830490112,0.3371773660182953,0.44273167848587036,0.3390352129936218,0.538724422454834,0.5718556046485901,0.49089109897613525,0.571373462677002,0.5602922439575195,0.6553246378898621,0.4661843180656433,0.6557648181915283,0.5481346249580383,0.7415115237236023,0.47334811091423035,0.7505170106887817
97,0.5160287022590637,0.4190896451473236,0.5527265071868896,0.4557671546936035,0.5960646867752075,0.3980083465576172,0.4770195484161377,0.45321258902549744,0.4556291103363037,0.4051745533943176,0.5984594821929932,0.34190961718559265,0.43681758642196655,0.3447124660015106,0.5365411043167114,0.5859647989273071,0.48835939168930054,0.5845338106155396,0.5559458136558533,0.6515784859657288,0.4704729914665222,0.6536868810653687,0.5499483942985535,0.7397509813308716,0.4734418988227844,0.7512957453727722
98,0.5215693712234497,0.42614883184432983,0.556860089302063,0.46846240758895874,0.6036028861999512,0.41172894835472107,0.48047423362731934,0.4649590253829956,0.46095144748687744,0.412367582321167,0.6081984639167786,0.351882666349411,0.4381958842277527,0.3526347577571869,0.5388481616973877,0.5937541127204895,0.4874710738658905,0.5927916765213013,0.556764543056488,0.6586542129516602,0.4718014895915985,0.6593706607818604,0.5505114793777466,0.742661714553833,0.47447332739830017,0.7544927597045898
99,0.5222362279891968,0.439780056476593,0.559286892414093,0.4800713062286377,0.6021122932434082,0.41144198179244995,0.4818686842918396,0.4758426547050476,0.4626539647579193,0.42114171385765076,0.6093519926071167,0.356753945350647,0.433052122592926,0.3565162122249603,0.5376899242401123,0.600839376449585,0.4891265332698822,0.5979132056236267,0.5514184236526489,0.6594388484954834,0.46859583258628845,0.6604581475257874,0.5500227808952332,0.7437383532524109,0.47310754656791687,0.7560714483261108
100,0.5222855806350708,0.44552120566368103,0.5492401123046875,0.4770345687866211,0.6005308628082275,0.4170076549053192,0.48118603229522705,0.47827064990997314,0.45743033289909363,0.4246664047241211,0.6051707863807678,0.3625895380973816,0.43824321031570435,0.36105120182037354,0.5363810062408447,0.6023697257041931,0.48860347270965576,0.5986326932907104,0.5513204336166382,0.6600140333175659,0.4787311553955078,0.6600198149681091,0.5516971945762634,0.743442952632904,0.47369682788848877,0.7533215880393982
101,0.5222575664520264,0.44398075342178345,0.5552811026573181,0.48465514183044434,0.5943330526351929,0.4264863133430481,0.48264771699905396,0.47864478826522827,0.45797568559646606,0.4218571186065674,0.6095446348190308,0.3826766014099121,0.4368831515312195,0.3738569915294647,0.5367847681045532,0.6047070026397705,0.4896880090236664,0.6034464836120605,0.5479987859725952,0.6635771989822388,0.4741237759590149,0.6637922525405884,0.5519381761550903,0.7433565855026245,0.4732268452644348,0.753398597240448
102,0.5208637714385986,0.45176035165786743,0.5494049787521362,0.48322761058807373,0.5952500104904175,0.43239253759384155,0.48267218470573425,0.47858643531799316,0.45272859930992126,0.4316179156303406,0.6071886420249939,0.37871962785720825,0.43281257152557373,0.36862266063690186,0.5334343910217285,0.6031598448753357,0.4888147711753845,0.6012348532676697,0.5490607023239136,0.6635217666625977,0.47456762194633484,0.6657696962356567,0.5507614016532898,0.7448948621749878,0.4752919673919678,0.7519261240959167
103,0.5183831453323364,0.4528518617153168,0.5504894256591797,0.4937152862548828,0.5955520868301392,0.44151246547698975,0.484910786151886,0.48752403259277344,0.4549286961555481,0.4351135492324829,0.6025866866111755,0.38777655363082886,0.43708258867263794,0.37769126892089844,0.5322237610816956,0.6168029308319092,0.48812341690063477,0.6145236492156982,0.5532516837120056,0.674392819404602,0.4785655736923218,0.6759442687034607,0.5519618988037109,0.7432115077972412,0.47661668062210083,0.752022385597229
104,0.5274993181228638,0.47118866443634033,0.5601999759674072,0.5052410364151001,0.5941691994667053,0.45138227939605713,0.4942117929458618,0.49744558334350586,0.45393607020378113,0.4531717300415039,0.609402060508728,0.38910505175590515,0.4410153329372406,0.378776878118515,0.5365356206893921,0.6247321367263794,0.4908805787563324,0.6221369504928589,0.5466116070747375,0.6634292602539062,0.48558956384658813,0.6586645841598511,0.5525133609771729,0.7448064088821411,0.4737623929977417,0.7522536516189575
105,0.5198768377304077,0.47560280561447144,0.5533692836761475,0.5082118511199951,0.5940361618995667,0.45249003171920776,0.488263338804245,0.4976879060268402,0.4526974558830261,0.4555038809776306,0.6054480075836182,0.391578733921051,0.4336526393890381,0.376275897026062,0.5372413396835327,0.6285861134529114,0.4908266067504883,0.6265475749969482,0.5505566596984863,0.6686302423477173,0.48416024446487427,0.6584511399269104,0.5513322949409485,0.7433764934539795,0.4733675718307495,0.7518880367279053
106,0.5190999507904053,0.47650885581970215,0.5574435591697693,0.5139638185501099,0.5957916378974915,0.4527522921562195,0.4904593229293823,0.5044113993644714,0.45035141706466675,0.45836207270622253,0.6071944236755371,0.39293915033340454,0.43616220355033875,0.38505101203918457,0.5398082137107849,0.639610767364502,0.4904029369354248,0.6378755569458008,0.5498111248016357,0.665440559387207,0.4863743782043457,0.6576902866363525,0.5578676462173462,0.7415274977684021,0.47421181201934814,0.7523989677429199
107,0.5133552551269531,0.4849327802658081,0.5520535707473755,0.5179213881492615,0.5915975570678711,0.4708481729030609,0.4844578206539154,0.5130510926246643,0.44466668367385864,0.4774613082408905,0.6061121225357056,0.4037051200866699,0.43174833059310913,0.39847034215927124,0.5380446910858154,0.639764666557312,0.4891142249107361,0.6384367346763611,0.5491216778755188,0.6638542413711548,0.48325401544570923,0.6585136651992798,0.5563678741455078,0.7437583208084106,0.47445258498191833,0.7549372911453247
108,0.5191982984542847,0.48524779081344604,0.5559847950935364,0.5181940793991089,0.6013428568840027,0.458535760641098,0.48957645893096924,0.5164104700088501,0.4464617371559143,0.469884991645813,0.6051768660545349,0.39726632833480835,0.437211811542511,0.4118593633174896,0.535722017288208,0.6431324481964111,0.48836588859558105,0.6416903138160706,0.5552931427955627,0.6670154929161072,0.47554656863212585,0.663851797580719,0.5618209838867188,0.7488705515861511,0.4739346206188202,0.7602900862693787
109,0.5185213685035706,0.4883750379085541,0.5573588609695435,0.5225872993469238,0.597474217414856,0.4700615406036377,0.48877328634262085,0.5173353552818298,0.4438774585723877,0.466444730758667,0.6069610714912415,0.40212446451187134,0.43969106674194336,0.4107299745082855,0.5378426909446716,0.6409544944763184,0.49295473098754883,0.6394362449645996,0.5488921999931335,0.6647241711616516,0.4775889813899994,0.6612539291381836,0.555774450302124,0.747504472732544,0.47372981905937195,0.7547837495803833
110,0.5202682614326477,0.4910014569759369,0.5602294206619263,0.5302533507347107,0.5985514521598816,0.4695292115211487,0.4877018630504608,0.5233397483825684,0.44679969549179077,0.47248002886772156,0.6064562797546387,0.40227609872817993,0.4341481924057007,0.4043320417404175,0.5396838188171387,0.6462796926498413,0.4923163652420044,0.6432323455810547,0.5549476146697998,0.6733733415603638,0.4789837598800659,0.6706401109695435,0.5559308528900146,0.757175087928772,0.4732223153114319,0.7575256824493408
111,0.51750648021698,0.48897701501846313,0.555864691734314,0.5266465544700623,0.5993152856826782,0.4679315984249115,0.4829806983470917,0.5217933654785156,0.4411611557006836,0.47122251987457275,0.6102360486984253,0.40393611788749695,0.42911583185195923,0.4143795371055603,0.5377179384231567,0.6422653794288635,0.4913191497325897,0.6404086351394653,0.5534210205078125,0.6678184270858765,0.4774712324142456,0.6703404188156128,0.5536232590675354,0.7473767995834351,0.47591063380241394,0.7551361918449402
112,0.5201046466827393,0.4929060935974121,0.5608557462692261,0.5295591354370117,0.6014338135719299,0.46897971630096436,0.48710259795188904,0.5241434574127197,0.44885581731796265,0.4752829670906067,0.6053541302680969,0.40654048323631287,0.4321959614753723,0.41415104269981384,0.536472499370575,0.6512090563774109,0.4938161373138428,0.6444597840309143,0.5604244470596313,0.6792828440666199,0.47966140508651733,0.6735942363739014,0.5576740503311157,0.7568880319595337,0.47680771350860596,0.7604941129684448
113,0.5172826051712036,0.4909655451774597,0.5581251382827759,0.5319761633872986,0.5999122858047485,0.47887036204338074,0.48269742727279663,0.5249695777893066,0.4450477957725525,0.4888272285461426,0.6069045066833496,0.41094744205474854,0.42930829524993896,0.4183136224746704,0.5374616980552673,0.6478582620620728,0.4947078227996826,0.6452490091323853,0.5524901151657104,0.6679645776748657,0.4795796871185303,0.6648529767990112,0.5582829713821411,0.7525815367698669,0.4732893407344818,0.7562052011489868
114,0.5181242227554321,0.491067498922348,0.5592615604400635,0.5378642082214355,0.6000770330429077,0.4816130995750427,0.48612016439437866,0.5267925262451172,0.44862326979637146,0.48808616399765015,0.6038269400596619,0.4111058712005615,0.4299173057079315,0.41894716024398804,0.5395426750183105,0.6558846235275269,0.4949865937232971,0.6530151963233948,0.5605116486549377,0.6753371953964233,0.48157310485839844,0.6731368899345398,0.5609675049781799,0.7466917037963867,0.47490519285202026,0.756086528301239
115,0.5122801065444946,0.5053377151489258,0.5525314807891846,0.537022590637207,0.5950299501419067,0.4917881190776825,0.48096781969070435,0.5289910435676575,0.44521886110305786,0.49248072504997253,0.605891764163971,0.41890594363212585,0.4285082221031189,0.43037936091423035,0.5368258357048035,0.6471826434135437,0.4916170835494995,0.6454847455024719,0.5545386075973511,0.6803838014602661,0.477573961019516,0.6820363998413086,0.5546322464942932,0.7484093904495239,0.47339698672294617,0.7555280923843384
116,0.5117103457450867,0.5136165618896484,0.5452417135238647,0.5381675958633423,0.5934958457946777,0.4934312701225281,0.4708064794540405,0.532408595085144,0.4430876672267914,0.4967302680015564,0.6036763787269592,0.4157158136367798,0.42278963327407837,0.42958638072013855,0.5351701974868774,0.6567283272743225,0.48900970816612244,0.6563018560409546,0.5572658777236938,0.690830647945404,0.4780808687210083,0.6996199488639832,0.5536524057388306,0.7498841285705566,0.47640129923820496,0.7574762105941772
117,0.5099040865898132,0.5150525569915771,0.5470688343048096,0.5407976508140564,0.5916178226470947,0.4982970952987671,0.47504934668540955,0.5371077656745911,0.4401514232158661,0.4975341558456421,0.5976406931877136,0.4200569987297058,0.4221707582473755,0.43268120288848877,0.5375112295150757,0.6639988422393799,0.4894568920135498,0.6633329391479492,0.562641441822052,0.6838250160217285,0.4765794277191162,0.6938750147819519,0.5540992617607117,0.7480952739715576,0.47891685366630554,0.7553819417953491
118,0.5069712400436401,0.5176157355308533,0.545293927192688,0.5459645390510559,0.5937896370887756,0.4993942677974701,0.47509321570396423,0.5400933623313904,0.43974146246910095,0.5002086758613586,0.6009131669998169,0.41970404982566833,0.420198917388916,0.433113694190979,0.5379632711410522,0.6626302003860474,0.4894953966140747,0.6620246171951294,0.5621492266654968,0.6881126761436462,0.47897741198539734,0.6956464648246765,0.5525164604187012,0.7534371614456177,0.48037219047546387,0.7549197673797607
119,0.505040168762207,0.5253294110298157,0.545233964920044,0.5474942326545715,0.5937402844429016,0.49754247069358826,0.4741430878639221,0.544863224029541,0.43922433257102966,0.5027181506156921,0.6002960205078125,0.4211164712905884,0.4214940667152405,0.4355933368206024,0.5375058650970459,0.6655822992324829,0.4881596565246582,0.6646047234535217,0.5604404807090759,0.6855718493461609,0.47910672426223755,0.6846559047698975,0.5521125197410583,0.7539337873458862,0.4780239760875702,0.7588372230529785
120,0.5106272101402283,0.5277132987976074,0.5496167540550232,0.5557541847229004,0.5920253396034241,0.5126537084579468,0.47373804450035095,0.54689621925354,0.43624255061149597,0.5005069971084595,0.6047525405883789,0.42578619718551636,0.4218117594718933,0.4503728151321411,0.5286630988121033,0.6612149477005005,0.4893152713775635,0.6606526970863342,0.5508629083633423,0.6711931228637695,0.48283061385154724,0.6650420427322388,0.5581490397453308,0.7466973662376404,0.4765685796737671,0.7548425197601318
121,0.50213623046875,0.5308738946914673,0.5417340993881226,0.5538214445114136,0.5892839431762695,0.5153210163116455,0.4698246121406555,0.5455741286277771,0.4335668683052063,0.5039099454879761,0.5957474708557129,0.43712592124938965,0.422069251537323,0.45484429597854614,0.5330600142478943,0.6560269594192505,0.48789462447166443,0.6549930572509766,0.5548067092895508,0.6813468337059021,0.48029232025146484,0.6846553683280945,0.5545092821121216,0.7508586645126343,0.4748784005641937,0.7571333646774292
122,0.5044005513191223,0.5307101011276245,0.5384793281555176,0.5584452152252197,0.5865832567214966,0.5315433144569397,0.4711401164531708,0.544350266456604,0.4382499158382416,0.5129874348640442,0.5922587513923645,0.4551111161708832,0.4245151877403259,0.45767343044281006,0.5310477614402771,0.6531915068626404,0.48921534419059753,0.6436176896095276,0.5560888051986694,0.6781029105186462,0.4845995306968689,0.6717405319213867,0.5540865659713745,0.747519850730896,0.4746781289577484,0.7520967721939087
123,0.5040602684020996,0.5320950746536255,0.5378265976905823,0.557428240776062,0.5867291688919067,0.5359890460968018,0.4707910716533661,0.5492446422576904,0.43554478883743286,0.5073903799057007,0.5938215255737305,0.4504697024822235,0.42299339175224304,0.45832252502441406,0.5321047306060791,0.654171347618103,0.4889013171195984,0.6536230444908142,0.5540390014648438,0.6713422536849976,0.485878586769104,0.6685808897018433,0.5548872947692871,0.752447247505188,0.47634708881378174,0.7528132200241089
124,0.5038045048713684,0.5313849449157715,0.5393257141113281,0.5566468238830566,0.5861287117004395,0.5294888615608215,0.4698241949081421,0.5513293743133545,0.4359475076198578,0.5051108598709106,0.5966469645500183,0.4496484696865082,0.4216070771217346,0.459712952375412,0.5340040922164917,0.6573495864868164,0.48995041847229004,0.6567813754081726,0.5521124601364136,0.6700858473777771,0.49087175726890564,0.6692072749137878,0.5541437268257141,0.7515437006950378,0.48212313652038574,0.7540544271469116
125,0.5022908449172974,0.5317351818084717,0.5398716926574707,0.5570082664489746,0.5873615741729736,0.5250909924507141,0.46676337718963623,0.5521615147590637,0.43317490816116333,0.5033737421035767,0.5980401635169983,0.4489821791648865,0.42276710271835327,0.45913970470428467,0.5341639518737793,0.6600936651229858,0.4890238046646118,0.6598523855209351,0.5517474412918091,0.6685576438903809,0.49027782678604126,0.6680886149406433,0.5544541478157043,0.7514087557792664,0.48136240243911743,0.7546176910400391
126,0.5035814642906189,0.5320932865142822,0.5412207245826721,0.5590049624443054,0.5883690714836121,0.5258036255836487,0.47023850679397583,0.5517846345901489,0.43597182631492615,0.5020701885223389,0.5976268649101257,0.45425039529800415,0.4218502640724182,0.45352739095687866,0.5350883603096008,0.6587463617324829,0.4904957711696625,0.6581339836120605,0.5519272089004517,0.6674866676330566,0.4908010959625244,0.6666079759597778,0.5535059571266174,0.7512631416320801,0.4804588556289673,0.7547749280929565
127,0.5035268068313599,0.5316516757011414,0.5410317182540894,0.5573260188102722,0.5894371271133423,0.5234003067016602,0.4710785150527954,0.5495898723602295,0.43768224120140076,0.5043221712112427,0.5952544212341309,0.4526400566101074,0.42508551478385925,0.45821723341941833,0.5348234176635742,0.6553990840911865,0.49095529317855835,0.6543859839439392,0.5524575710296631,0.6730302572250366,0.4878275394439697,0.6704046726226807,0.5516687631607056,0.7537151575088501,0.47692546248435974,0.7544550895690918
128,0.504295825958252,0.5311935544013977,0.5427950620651245,0.558927059173584,0.5879424214363098,0.526326060295105,0.47181352972984314,0.5515905022621155,0.44156962633132935,0.5105328559875488,0.599711537361145,0.4533125162124634,0.4262354075908661,0.4577952027320862,0.5359965562820435,0.6561662554740906,0.49104198813438416,0.6547078490257263,0.5529677271842957,0.674740731716156,0.48778006434440613,0.6707736253738403,0.5520273447036743,0.7558419704437256,0.47748249769210815,0.7553085088729858
129,0.5045279860496521,0.5317740440368652,0.540595531463623,0.5587291121482849,0.5882865786552429,0.5277336239814758,0.4714955985546112,0.5504865050315857,0.4392440915107727,0.5094802379608154,0.6002882719039917,0.4560372531414032,0.425815224647522,0.45991235971450806,0.5349969863891602,0.652003288269043,0.4914094805717468,0.6509010791778564,0.5535699129104614,0.671258807182312,0.4895772635936737,0.666892409324646,0.5527825355529785,0.752854585647583,0.4774516224861145,0.7531425952911377
130,0.5035709142684937,0.5311423540115356,0.5391659140586853,0.5545731782913208,0.5876028537750244,0.5241208076477051,0.4685007333755493,0.5488530397415161,0.43237173557281494,0.511894941329956,0.6019234657287598,0.45128774642944336,0.4235855042934418,0.4561302661895752,0.5328888893127441,0.6553411483764648,0.4886881113052368,0.6547834873199463,0.552133321762085,0.6709181666374207,0.4893687963485718,0.6679015159606934,0.5530992150306702,0.7503570318222046,0.4793618321418762,0.7522427439689636
131,0.5039749145507812,0.5311263799667358,0.5396230220794678,0.5552042126655579,0.5879741907119751,0.5230854749679565,0.4690456986427307,0.549560546875,0.43217945098876953,0.511511504650116,0.5928608179092407,0.4590914845466614,0.4244941473007202,0.4559398889541626,0.5333156585693359,0.6575502157211304,0.4885966181755066,0.6567429304122925,0.5519624352455139,0.6765583753585815,0.488216757774353,0.6729813814163208,0.5535027384757996,0.751960277557373,0.47860169410705566,0.7540100812911987
132,0.5091920495033264,0.5331965684890747,0.541579008102417,0.5552079081535339,0.5851837992668152,0.5232571363449097,0.4712010324001312,0.5436031818389893,0.4381830096244812,0.5100915431976318,0.5941990613937378,0.45272380113601685,0.4273551404476166,0.45839592814445496,0.5296787023544312,0.6597774028778076,0.48842447996139526,0.6581617593765259,0.5485861897468567,0.6797734498977661,0.48540136218070984,0.6759164333343506,0.5539523363113403,0.7508161067962646,0.4796742796897888,0.7537421584129333
133,0.5022331476211548,0.5279138088226318,0.5378355383872986,0.5542409420013428,0.588888943195343,0.5158182382583618,0.4779231548309326,0.5488561987876892,0.4378589391708374,0.5062695145606995,0.5928475856781006,0.447417676448822,0.42258355021476746,0.450203537940979,0.536925196647644,0.6587387919425964,0.494093656539917,0.6579768657684326,0.5514900088310242,0.68315589427948,0.4813609719276428,0.6840199828147888,0.5538491010665894,0.7558485269546509,0.4751812815666199,0.7606070041656494
134,0.5063502788543701,0.5281251072883606,0.5388361215591431,0.5569515228271484,0.5888915061950684,0.5196644067764282,0.47182393074035645,0.5505616068840027,0.4354379177093506,0.5056495666503906,0.5987091660499573,0.44402381777763367,0.4155845642089844,0.45096203684806824,0.5347826480865479,0.6605204343795776,0.4950183629989624,0.6593787670135498,0.5549642443656921,0.6827482581138611,0.48541364073753357,0.6813052892684937,0.5558009147644043,0.7545795440673828,0.4747808873653412,0.7587214708328247
135,0.5061197876930237,0.5270151495933533,0.5400749444961548,0.5542476177215576,0.5903806090354919,0.5183530449867249,0.47059497237205505,0.5469764471054077,0.4360261559486389,0.5021401643753052,0.5969563722610474,0.43764734268188477,0.420515239238739,0.4511995315551758,0.5353276133537292,0.6601145267486572,0.4945718050003052,0.6598068475723267,0.5568020939826965,0.6858065128326416,0.4864291846752167,0.6861419677734375,0.558667004108429,0.7521082162857056,0.4756844937801361,0.7607918977737427
136,0.5096276998519897,0.5176109075546265,0.536449670791626,0.550364077091217,0.5939328074455261,0.5108897686004639,0.47940880060195923,0.5419570803642273,0.43508362770080566,0.5022016763687134,0.6013137102127075,0.42732125520706177,0.4200596809387207,0.44623517990112305,0.5320011973381042,0.6586965322494507,0.49027082324028015,0.6578630805015564,0.5548451542854309,0.6787866353988647,0.4823169410228729,0.6794726848602295,0.5543342232704163,0.7509781718254089,0.47501903772354126,0.7566941976547241
137,0.5077742338180542,0.5065118670463562,0.538499116897583,0.5393016338348389,0.5937786102294922,0.49769720435142517,0.47646427154541016,0.5304232239723206,0.4307302236557007,0.49481284618377686,0.6015663146972656,0.42575615644454956,0.4154399335384369,0.428985595703125,0.5313510894775391,0.6472392678260803,0.48701855540275574,0.6540395021438599,0.551276445388794,0.6765924692153931,0.4814293086528778,0.6828211545944214,0.552930474281311,0.7481824159622192,0.47668546438217163,0.7556857466697693
138,0.5087235569953918,0.4978151321411133,0.5442959070205688,0.5403407216072083,0.5945361256599426,0.49572715163230896,0.4777925908565521,0.5289742350578308,0.4321385622024536,0.49756449460983276,0.6023867130279541,0.4205309748649597,0.4175163209438324,0.4233207404613495,0.5314688682556152,0.6442170143127441,0.4860798120498657,0.6450353264808655,0.544954776763916,0.6688272953033447,0.48009902238845825,0.670804500579834,0.5545244216918945,0.7466186285018921,0.4752490222454071,0.7541782259941101
139,0.5064913034439087,0.49327361583709717,0.5447455644607544,0.5268476009368896,0.5952723026275635,0.47946736216545105,0.4758969247341156,0.5198788642883301,0.43242165446281433,0.4900153577327728,0.606436014175415,0.4161505699157715,0.4180404841899872,0.42071932554244995,0.5325239896774292,0.645209550857544,0.48592469096183777,0.6448609232902527,0.549410343170166,0.6775658130645752,0.4807870090007782,0.6697850227355957,0.5519499778747559,0.7537688612937927,0.47391200065612793,0.7587410807609558
140,0.5162435173988342,0.49058520793914795,0.5457666516304016,0.5190677046775818,0.5922434329986572,0.47104355692863464,0.4786275029182434,0.5160729885101318,0.4406883716583252,0.477184534072876,0.6050444841384888,0.4076092839241028,0.41927477717399597,0.4159792363643646,0.5307395458221436,0.6386964321136475,0.4852985143661499,0.6371819972991943,0.5512912273406982,0.677370011806488,0.4837903380393982,0.6708338260650635,0.5549547672271729,0.7519006133079529,0.4710298180580139,0.7558414340019226
141,0.5152575969696045,0.48642998933792114,0.5478147268295288,0.5145045518875122,0.5927093029022217,0.456748366355896,0.48282575607299805,0.5089132189750671,0.43953758478164673,0.47372719645500183,0.6072649359703064,0.40758654475212097,0.421924889087677,0.413194864988327,0.5318688750267029,0.6321080327033997,0.4864576458930969,0.630694568157196,0.5512307286262512,0.6729546785354614,0.4820655286312103,0.6632812023162842,0.556916356086731,0.7472379207611084,0.47120368480682373,0.754802942276001
142,0.5171117186546326,0.46331310272216797,0.5487044453620911,0.5005201697349548,0.5965025424957275,0.43860459327697754,0.48159417510032654,0.49058932065963745,0.4441865086555481,0.44535893201828003,0.6076482534408569,0.3851906657218933,0.4230448603630066,0.37381482124328613,0.5284810066223145,0.6212579011917114,0.48431259393692017,0.617688000202179,0.5530372858047485,0.6807308197021484,0.4775587022304535,0.6743522882461548,0.5518325567245483,0.7456287741661072,0.4731079041957855,0.7516680955886841
143,0.5183826684951782,0.45653313398361206,0.5509627461433411,0.49738794565200806,0.5950096845626831,0.43032822012901306,0.48051249980926514,0.4879722595214844,0.4458206295967102,0.4276270270347595,0.6063330173492432,0.3835565745830536,0.4234803318977356,0.3689563274383545,0.5293759107589722,0.6199805736541748,0.48520249128341675,0.6161755323410034,0.5500110983848572,0.6728977560997009,0.47787460684776306,0.6675953269004822,0.551643431186676,0.750913143157959,0.471829891204834,0.7517398595809937
144,0.5223625898361206,0.4550432562828064,0.5556809902191162,0.4848557114601135,0.6029706001281738,0.41597792506217957,0.47810596227645874,0.4768187701702118,0.45089900493621826,0.4295119643211365,0.6012725830078125,0.3675168752670288,0.4229671359062195,0.3689783215522766,0.5344520807266235,0.6076154708862305,0.4888908863067627,0.6041811108589172,0.5486817359924316,0.6579686403274536,0.4820117950439453,0.65390545129776,0.5516262054443359,0.7418367266654968,0.4732344150543213,0.7509952783584595
145,0.5155969858169556,0.42189329862594604,0.5507685542106628,0.4637632369995117,0.5966556072235107,0.3969777524471283,0.47181713581085205,0.45459693670272827,0.4458269774913788,0.4035523533821106,0.5968096256256104,0.33856815099716187,0.4234665036201477,0.3393113613128662,0.5318706035614014,0.5821730494499207,0.4865114390850067,0.5817334651947021,0.5539703369140625,0.6478111743927002,0.4701785743236542,0.6506426334381104,0.5516844391822815,0.7389159202575684,0.4737563729286194,0.7525872588157654
146,0.5134732127189636,0.42218077182769775,0.549953043460846,0.45950767397880554,0.5990753173828125,0.38705796003341675,0.47425636649131775,0.4545290172100067,0.4416494071483612,0.39844363927841187,0.6039857864379883,0.33890438079833984,0.4202972650527954,0.33708226680755615,0.5316175222396851,0.5826774835586548,0.4842354953289032,0.582841157913208,0.5581006407737732,0.6521672010421753,0.4684620499610901,0.6574415564537048,0.5593013763427734,0.7400318384170532,0.47345003485679626,0.7518277168273926
147,0.5104436874389648,0.4040038287639618,0.5458278656005859,0.4471856951713562,0.5964490175247192,0.38325726985931396,0.47720223665237427,0.44366925954818726,0.4450582265853882,0.3926527202129364,0.6050443649291992,0.32489341497421265,0.42059558629989624,0.33896851539611816,0.5381598472595215,0.5747789144515991,0.48623788356781006,0.575810432434082,0.5527932643890381,0.6457487940788269,0.4699718952178955,0.6501132845878601,0.5501365661621094,0.7416917681694031,0.47346168756484985,0.7532728910446167
148,0.5134540796279907,0.3976920545101166,0.5442396998405457,0.43640780448913574,0.5919926762580872,0.37588703632354736,0.46869224309921265,0.4327780604362488,0.443276971578598,0.37779510021209717,0.5957794189453125,0.3236027956008911,0.4237367510795593,0.3197072148323059,0.5392693281173706,0.5656777620315552,0.4874362349510193,0.5659967660903931,0.5556862950325012,0.6479294300079346,0.47263824939727783,0.6481136083602905,0.5500078797340393,0.7425026297569275,0.4726904332637787,0.7526217699050903
149,0.5104621648788452,0.39450663328170776,0.5427597761154175,0.4324260950088501,0.5938602089881897,0.37080395221710205,0.4762118458747864,0.4309931993484497,0.4428444802761078,0.37610799074172974,0.6021110415458679,0.3243221044540405,0.4259917140007019,0.3122903108596802,0.5394360423088074,0.5623468160629272,0.488398015499115,0.5628788471221924,0.555588960647583,0.647829532623291,0.4704662561416626,0.6502769589424133,0.5497339963912964,0.7418608069419861,0.47340190410614014,0.7519457340240479
150,0.5178650617599487,0.3905198276042938,0.554908037185669,0.43315571546554565,0.5939545035362244,0.3657291829586029,0.4748018682003021,0.431867778301239,0.44127535820007324,0.3689253032207489,0.604068398475647,0.30725163221359253,0.4246898591518402,0.3065881133079529,0.5411046743392944,0.5574837923049927,0.48838722705841064,0.5567686557769775,0.5547268390655518,0.6501949429512024,0.47456830739974976,0.6479860544204712,0.5489957332611084,0.7447153925895691,0.4734989404678345,0.7511093616485596
151,0.520093560218811,0.38457152247428894,0.5532598495483398,0.42844080924987793,0.592402458190918,0.3615543842315674,0.4783892035484314,0.42828771471977234,0.44597622752189636,0.37379491329193115,0.6007797718048096,0.3039138913154602,0.42472368478775024,0.301708459854126,0.5409770607948303,0.5527917742729187,0.4899608790874481,0.5512585639953613,0.5536895990371704,0.6458472609519958,0.4792758822441101,0.6451596617698669,0.5474724769592285,0.7451820373535156,0.4734515845775604,0.7493579387664795
152,0.5133435726165771,0.3757314383983612,0.5560460090637207,0.4079761505126953,0.5928282141685486,0.3555137813091278,0.48157352209091187,0.40772300958633423,0.4481144845485687,0.358640193939209,0.5957801342010498,0.2902149558067322,0.42641550302505493,0.287121057510376,0.5387248992919922,0.5359330177307129,0.4906874895095825,0.5329772233963013,0.5447307825088501,0.6461774110794067,0.4736616313457489,0.6401509642601013,0.5475791096687317,0.7429367899894714,0.47024938464164734,0.7473028898239136
153,0.5152720212936401,0.36646926403045654,0.5551812052726746,0.40010690689086914,0.5952615737915039,0.34501218795776367,0.48289307951927185,0.3987616002559662,0.4481050968170166,0.3492754101753235,0.6004188060760498,0.29244697093963623,0.42045968770980835,0.2892976701259613,0.5380732417106628,0.5285084843635559,0.4906269907951355,0.524552047252655,0.5420821309089661,0.6440033912658691,0.47867974638938904,0.6408536434173584,0.5477350950241089,0.741378664970398,0.47285160422325134,0.7480804324150085
154,0.5129389762878418,0.36831963062286377,0.5539798736572266,0.397472083568573,0.5937218070030212,0.34321361780166626,0.48185867071151733,0.39631780982017517,0.4484431743621826,0.3419766426086426,0.5972675681114197,0.2869336009025574,0.4241926372051239,0.2804805636405945,0.5383222699165344,0.5276675224304199,0.49087417125701904,0.5247008800506592,0.5367277264595032,0.6507415175437927,0.48344093561172485,0.641323447227478,0.5478128790855408,0.7423195242881775,0.47388955950737,0.7479239702224731
155,0.5196470022201538,0.36482107639312744,0.5577735304832458,0.3969076871871948,0.5940886735916138,0.34743160009384155,0.4818750321865082,0.3960689902305603,0.446891725063324,0.3416132628917694,0.5985002517700195,0.28741738200187683,0.4236493706703186,0.28267011046409607,0.5359686017036438,0.5254167914390564,0.48900172114372253,0.522991418838501,0.5367615222930908,0.6404058933258057,0.48257872462272644,0.6391733288764954,0.5464184284210205,0.7407809495925903,0.47404956817626953,0.7478730082511902
156,0.5214813947677612,0.36286577582359314,0.5613893270492554,0.39371025562286377,0.5957431197166443,0.3312886655330658,0.49000415205955505,0.3969646394252777,0.45799267292022705,0.3440542221069336,0.5968977212905884,0.27363651990890503,0.4315823018550873,0.2757503390312195,0.5358164310455322,0.526526689529419,0.49398183822631836,0.5264175534248352,0.5451288223266602,0.6388521194458008,0.48455506563186646,0.6374054551124573,0.5493767261505127,0.7391664981842041,0.4701789617538452,0.7477072477340698
157,0.518470048904419,0.36236995458602905,0.5655348300933838,0.39556390047073364,0.5969038009643555,0.3329022228717804,0.48721569776535034,0.3980174660682678,0.45250651240348816,0.341913104057312,0.5959173440933228,0.26927751302719116,0.4303472638130188,0.28389808535575867,0.5361220836639404,0.5280786752700806,0.49393701553344727,0.5311794877052307,0.5370547771453857,0.6498561501502991,0.4807848632335663,0.6480615139007568,0.5478677749633789,0.7404069900512695,0.47022461891174316,0.7492970824241638
158,0.5202958583831787,0.35970136523246765,0.568366527557373,0.3946288824081421,0.5959067344665527,0.331366628408432,0.4891468286514282,0.3968074321746826,0.45626506209373474,0.3384692668914795,0.5952218174934387,0.2710280418395996,0.4330901801586151,0.28178200125694275,0.5374754071235657,0.5291692018508911,0.4942541718482971,0.5331697463989258,0.5400704145431519,0.6515775322914124,0.48323768377304077,0.6520830392837524,0.5478641390800476,0.7406615614891052,0.4727432131767273,0.7504069209098816
159,0.5202150344848633,0.35984107851982117,0.5685798525810242,0.3959745764732361,0.5970796346664429,0.33036285638809204,0.48912370204925537,0.3978266716003418,0.45362019538879395,0.33957502245903015,0.5989576578140259,0.27395516633987427,0.4305765628814697,0.28157123923301697,0.5357430577278137,0.5297042727470398,0.49366864562034607,0.5334229469299316,0.5391082167625427,0.6523137092590332,0.4811583459377289,0.6517056226730347,0.5469880700111389,0.7414382696151733,0.47051355242729187,0.7509522438049316
160,0.5199133157730103,0.36072003841400146,0.5684870481491089,0.3929155468940735,0.5967587828636169,0.33167392015457153,0.4897063672542572,0.39594483375549316,0.4533834457397461,0.33796295523643494,0.5968747735023499,0.2659056782722473,0.4310932755470276,0.28121960163116455,0.5364466309547424,0.5255773663520813,0.49423307180404663,0.5271424651145935,0.543345034122467,0.642369270324707,0.479646772146225,0.640117883682251,0.5484869480133057,0.7408660650253296,0.4695702791213989,0.7487096190452576
161,0.5186387300491333,0.3606421649456024,0.5668536424636841,0.39042556285858154,0.599399745464325,0.33145424723625183,0.48902785778045654,0.3931724429130554,0.4525705575942993,0.3384324014186859,0.5978928804397583,0.26759469509124756,0.42759913206100464,0.2811185121536255,0.5340069532394409,0.5215607285499573,0.49289947748184204,0.5220929980278015,0.540399432182312,0.6380312442779541,0.48392337560653687,0.6366382241249084,0.5472150444984436,0.7409695386886597,0.46811792254447937,0.7476133108139038
162,0.5189224481582642,0.3599867522716522,0.5662872791290283,0.3897193670272827,0.5972315073013306,0.3384801149368286,0.4913221597671509,0.392616331577301,0.45851945877075195,0.3401868939399719,0.5979452729225159,0.2674406170845032,0.43280765414237976,0.2815532088279724,0.5331102609634399,0.5241233110427856,0.49216651916503906,0.5253650546073914,0.5402905941009521,0.6410749554634094,0.4874745011329651,0.6412226557731628,0.5437777042388916,0.742152214050293,0.47224509716033936,0.7483762502670288
163,0.5183985829353333,0.36004266142845154,0.5665237903594971,0.3899887502193451,0.5976633429527283,0.33682167530059814,0.4911022186279297,0.3928346633911133,0.45631763339042664,0.33990561962127686,0.5974938869476318,0.2659918963909149,0.4321097731590271,0.281517893075943,0.5319954752922058,0.523807942867279,0.49179908633232117,0.5244172811508179,0.5382941365242004,0.6387593746185303,0.4867289960384369,0.6387507915496826,0.5426703095436096,0.7412118315696716,0.4696747660636902,0.7466461062431335
164,0.5192664265632629,0.3591639995574951,0.5667219758033752,0.3907565474510193,0.5976060628890991,0.3354056477546692,0.4914463460445404,0.3939814567565918,0.45942240953445435,0.3388913869857788,0.5954189300537109,0.2660467326641083,0.43344396352767944,0.2815100848674774,0.5323290824890137,0.5253192782402039,0.49213656783103943,0.5260151624679565,0.5392519235610962,0.6372745633125305,0.4861010015010834,0.6379541754722595,0.5453183054924011,0.7411614656448364,0.47067493200302124,0.746712327003479
165,0.5187945365905762,0.35921019315719604,0.5673221349716187,0.39031094312667847,0.5978215336799622,0.3331010639667511,0.49176621437072754,0.39468854665756226,0.4609919488430023,0.3395155370235443,0.5986607670783997,0.26212847232818604,0.43679746985435486,0.28148218989372253,0.5334711670875549,0.5251368284225464,0.4932740330696106,0.5259603261947632,0.542797327041626,0.6335265636444092,0.48476463556289673,0.6359615325927734,0.5464588403701782,0.7416860461235046,0.47002431750297546,0.7463406324386597
166,0.5178643465042114,0.35995036363601685,0.5668425559997559,0.3885435461997986,0.5975784063339233,0.3337944447994232,0.49149006605148315,0.3928709924221039,0.4608064293861389,0.3410739600658417,0.5981037020683289,0.262089341878891,0.4356878399848938,0.28084611892700195,0.534111499786377,0.523871123790741,0.49291715025901794,0.5251046419143677,0.5405893921852112,0.6309924125671387,0.4832533299922943,0.6346969604492188,0.548585057258606,0.7401095628738403,0.4687595069408417,0.7464447021484375
167,0.5180724859237671,0.3599320352077484,0.5608142018318176,0.38612252473831177,0.5958189368247986,0.3382490873336792,0.494157612323761,0.3909396827220917,0.46471571922302246,0.34335610270500183,0.5972925424575806,0.26592591404914856,0.4355478882789612,0.2753770053386688,0.5344499349594116,0.5217888355255127,0.49306631088256836,0.5237457752227783,0.5447857975959778,0.6345689296722412,0.48192450404167175,0.6364634037017822,0.5480584502220154,0.7395280599594116,0.46913230419158936,0.7461697459220886
168,0.5204384326934814,0.3577495813369751,0.5639796853065491,0.3933107852935791,0.5978280305862427,0.3256016969680786,0.48959630727767944,0.39859697222709656,0.4718327522277832,0.3362584710121155,0.5961126089096069,0.26457905769348145,0.438129186630249,0.2713526487350464,0.5322263240814209,0.521797239780426,0.48945027589797974,0.5242500305175781,0.5371514558792114,0.6288667321205139,0.4803421199321747,0.631388783454895,0.5500865578651428,0.7355915904045105,0.4662519097328186,0.7443443536758423
169,0.5219888687133789,0.3602307438850403,0.5668160915374756,0.3911454379558563,0.5970009565353394,0.3286585807800293,0.49332934617996216,0.3972402811050415,0.4651150703430176,0.33701348304748535,0.5950663089752197,0.2662115693092346,0.4339406490325928,0.27377650141716003,0.5384327173233032,0.5239768028259277,0.4901960492134094,0.5242446064949036,0.5415626764297485,0.6362430453300476,0.48260176181793213,0.6375489234924316,0.5494343042373657,0.7386874556541443,0.467784583568573,0.7439100742340088
170,0.5211688280105591,0.36083030700683594,0.5668517351150513,0.3899177014827728,0.5967695713043213,0.32963496446609497,0.493766725063324,0.3963330388069153,0.46570688486099243,0.34063148498535156,0.5951428413391113,0.26738595962524414,0.43405506014823914,0.27276110649108887,0.5327106714248657,0.5203709006309509,0.49005767703056335,0.5226836204528809,0.5373859405517578,0.6343201398849487,0.4803391396999359,0.6377294659614563,0.5490212440490723,0.7388725280761719,0.46607598662376404,0.7453531622886658
171,0.5197378993034363,0.3603835999965668,0.5662842392921448,0.3875601887702942,0.5983756184577942,0.32909849286079407,0.4924609363079071,0.39302822947502136,0.46172115206718445,0.33962103724479675,0.5971285700798035,0.2668992578983307,0.4298282265663147,0.2706044614315033,0.5333914756774902,0.5188456773757935,0.49005675315856934,0.5208656191825867,0.5421977639198303,0.6350193619728088,0.47948798537254333,0.6366517543792725,0.5488862991333008,0.7393192052841187,0.465564489364624,0.7457129955291748
172,0.5197640657424927,0.35946914553642273,0.5663687586784363,0.3891345262527466,0.5989837646484375,0.3281390368938446,0.49190348386764526,0.39523178339004517,0.4595050811767578,0.33732229471206665,0.5955629348754883,0.2651704251766205,0.4316914677619934,0.2727118134498596,0.5349015593528748,0.5190874934196472,0.49034392833709717,0.5220164060592651,0.5418693423271179,0.6316799521446228,0.4812129735946655,0.634871244430542,0.5511044263839722,0.7376278638839722,0.4664582908153534,0.7453482151031494
173,0.5189021825790405,0.3612465560436249,0.5651308298110962,0.3882097899913788,0.5989523530006409,0.32847827672958374,0.4905794858932495,0.39525386691093445,0.458689421415329,0.33755749464035034,0.59548020362854,0.2661823034286499,0.43120133876800537,0.2735656499862671,0.5353113412857056,0.5181729197502136,0.49127334356307983,0.5205689072608948,0.5432041883468628,0.6309659481048584,0.4751824736595154,0.6311239004135132,0.5521761775016785,0.736919641494751,0.46671053767204285,0.7446548342704773
174,0.5209531188011169,0.35933801531791687,0.5627431869506836,0.3861939609050751,0.6009928584098816,0.32963621616363525,0.48933714628219604,0.39467281103134155,0.4522984027862549,0.33540400862693787,0.5968919396400452,0.2670356333255768,0.4313206076622009,0.2739306688308716,0.534787654876709,0.520869791507721,0.4900856912136078,0.5233269929885864,0.542451024055481,0.630353569984436,0.4744947850704193,0.631632387638092,0.5500935912132263,0.7377818822860718,0.46548745036125183,0.7442635297775269
175,0.5205254554748535,0.3583531379699707,0.5627819299697876,0.3877505958080292,0.6009808778762817,0.33399498462677,0.49005669355392456,0.39176154136657715,0.4506443440914154,0.3411876857280731,0.602123498916626,0.275752991437912,0.42691218852996826,0.2743726074695587,0.533488929271698,0.5202223658561707,0.4897826910018921,0.5218636393547058,0.5468733310699463,0.6308989524841309,0.48202916979789734,0.6334599256515503,0.5539829730987549,0.734789252281189,0.4685893654823303,0.7454369068145752
176,0.5162476897239685,0.3576701283454895,0.5615212321281433,0.38667893409729004,0.6050172448158264,0.3359261751174927,0.48516398668289185,0.39090263843536377,0.44170081615448,0.3470984101295471,0.6016144752502441,0.274766206741333,0.42533379793167114,0.2731276750564575,0.5326271653175354,0.5212096571922302,0.48896151781082153,0.5217028856277466,0.5463942289352417,0.6329882144927979,0.4831494987010956,0.63373863697052,0.5530087947845459,0.7359945774078369,0.4705992341041565,0.7436532378196716
177,0.5150884389877319,0.3597744107246399,0.5590965747833252,0.3946036696434021,0.6104848384857178,0.36092302203178406,0.48186659812927246,0.39263588190078735,0.43159064650535583,0.36250627040863037,0.5999306440353394,0.2992345690727234,0.42067408561706543,0.28563663363456726,0.536695659160614,0.5189983248710632,0.486636221408844,0.5172693729400635,0.5400242805480957,0.6315661072731018,0.48139020800590515,0.6323463320732117,0.5492238998413086,0.7374907732009888,0.4722299575805664,0.7439724802970886
178,0.5135901570320129,0.35833239555358887,0.5555520057678223,0.3941473960876465,0.6178953647613525,0.36178988218307495,0.47509512305259705,0.3959875702857971,0.41833800077438354,0.36397692561149597,0.6022114753723145,0.30322593450546265,0.4174717366695404,0.2862131595611572,0.5376074910163879,0.5155872106552124,0.4848973751068115,0.5143495798110962,0.5413773059844971,0.6282941102981567,0.47950953245162964,0.6321526765823364,0.5483535528182983,0.7351571321487427,0.4727965295314789,0.743851363658905
179,0.5169143676757812,0.35794541239738464,0.556946873664856,0.3998294472694397,0.624512255191803,0.37597236037254333,0.474267840385437,0.3994075655937195,0.4164596498012543,0.3732576072216034,0.6004816293716431,0.31837841868400574,0.41477876901626587,0.29546859860420227,0.5376615524291992,0.5152453780174255,0.48368698358535767,0.5137526392936707,0.5421187281608582,0.6344236135482788,0.47894641757011414,0.6342018246650696,0.5472397804260254,0.7395398616790771,0.47220343351364136,0.7464820742607117
180,0.5165659189224243,0.35462212562561035,0.5534242987632751,0.4009115397930145,0.6244410276412964,0.3819872736930847,0.4734954833984375,0.4016224145889282,0.4126429557800293,0.3785790205001831,0.6067955493927002,0.31860700249671936,0.4103473424911499,0.3134508728981018,0.5343024134635925,0.5199497938156128,0.4808840751647949,0.5191102027893066,0.5418837070465088,0.6364181041717529,0.47249847650527954,0.6354982852935791,0.5460962057113647,0.7404569983482361,0.4721888303756714,0.7477268576622009
181,0.5208941698074341,0.35682713985443115,0.566274881362915,0.4000002145767212,0.6233514547348022,0.38886958360671997,0.4743107557296753,0.4033258557319641,0.4135288894176483,0.3820180594921112,0.6083868741989136,0.3303479552268982,0.4158836007118225,0.3206086754798889,0.5327537655830383,0.5197678804397583,0.4806201159954071,0.5191527605056763,0.543649435043335,0.6394093036651611,0.47873231768608093,0.6389265060424805,0.5500545501708984,0.7407561540603638,0.47250649333000183,0.7468111515045166
182,0.5156744718551636,0.3552762269973755,0.5559976696968079,0.4025448262691498,0.6165950894355774,0.40159088373184204,0.47058701515197754,0.4035501182079315,0.40951812267303467,0.4001631438732147,0.612107515335083,0.35785192251205444,0.40656039118766785,0.3502478301525116,0.5301427841186523,0.520158052444458,0.4797174632549286,0.5196581482887268,0.540543794631958,0.640242338180542,0.4810221791267395,0.6417540907859802,0.5460398197174072,0.7418993711471558,0.47701141238212585,0.7498645186424255
183,0.5128898620605469,0.34975025057792664,0.5453659296035767,0.3941143751144409,0.6030277609825134,0.4154759645462036,0.46143147349357605,0.3972143530845642,0.4051249921321869,0.4208885431289673,0.604347288608551,0.36475229263305664,0.40023577213287354,0.3801174759864807,0.5287132263183594,0.5150147676467896,0.475791871547699,0.5167993307113647,0.5375693440437317,0.6336110830307007,0.48398253321647644,0.6379309892654419,0.5474152565002441,0.7404094934463501,0.4799894690513611,0.7480510473251343
184,0.5138916969299316,0.3506743311882019,0.5440981388092041,0.39559686183929443,0.5979467034339905,0.42643630504608154,0.46781110763549805,0.3957776427268982,0.4086916446685791,0.42761218547821045,0.6064111590385437,0.3852471113204956,0.40226107835769653,0.382535457611084,0.52852863073349,0.5118645429611206,0.47634291648864746,0.5124390125274658,0.5351467132568359,0.6301693320274353,0.48129770159721375,0.6340140104293823,0.5451791286468506,0.7391855120658875,0.4750506281852722,0.7456308603286743
185,0.5160502195358276,0.3554365038871765,0.535085916519165,0.40236446261405945,0.5849288702011108,0.4542217254638672,0.4681802988052368,0.3970045745372772,0.4273146986961365,0.454183429479599,0.597531795501709,0.4230495095252991,0.40838342905044556,0.43915027379989624,0.5246051549911499,0.5184961557388306,0.47656571865081787,0.5194129347801208,0.5413585901260376,0.6332589387893677,0.4753917455673218,0.6375612020492554,0.5435705780982971,0.7346160411834717,0.47425568103790283,0.7458536028862
186,0.5212298035621643,0.35202354192733765,0.5466597080230713,0.4072495400905609,0.5834816694259644,0.45872780680656433,0.47301873564720154,0.39429521560668945,0.435951828956604,0.45250529050827026,0.590807318687439,0.4528895318508148,0.4136649966239929,0.4746580123901367,0.5308640003204346,0.5257980823516846,0.4798365533351898,0.5239595770835876,0.546949028968811,0.6332064270973206,0.4788450598716736,0.6400398015975952,0.5499362945556641,0.7366726398468018,0.4782094955444336,0.7474311590194702
187,0.5203760862350464,0.35355913639068604,0.5387344360351562,0.404521644115448,0.5750740170478821,0.4599263668060303,0.4719322621822357,0.39218422770500183,0.45804375410079956,0.45838212966918945,0.5893878936767578,0.45381996035575867,0.42603665590286255,0.4923449158668518,0.5303317904472351,0.525428295135498,0.4819309711456299,0.5233463048934937,0.551569938659668,0.6275005340576172,0.4813269376754761,0.6348996162414551,0.5526040196418762,0.7371014952659607,0.477244108915329,0.7461735010147095
188,0.525047779083252,0.3545909523963928,0.5490572452545166,0.39969998598098755,0.5866581201553345,0.45625412464141846,0.4735894203186035,0.39418870210647583,0.4530118703842163,0.45512911677360535,0.6016308069229126,0.46347105503082275,0.4279480576515198,0.5068471431732178,0.5387454032897949,0.5214574337005615,0.48592421412467957,0.5206558704376221,0.5691066980361938,0.6356435418128967,0.47803664207458496,0.6428406238555908,0.593962550163269,0.7487401962280273,0.4704694449901581,0.7502245903015137
189,0.5352435111999512,0.34695279598236084,0.5567154288291931,0.3998566269874573,0.589488685131073,0.45434051752090454,0.4810810089111328,0.39324697852134705,0.46040067076683044,0.4502370357513428,0.6194840669631958,0.45909520983695984,0.4305828809738159,0.5035999417304993,0.5364031791687012,0.5173141956329346,0.48776137828826904,0.5218333601951599,0.579555869102478,0.6365883350372314,0.47748517990112305,0.63837730884552,0.6169325709342957,0.7484183311462402,0.4707410931587219,0.7520761489868164
190,0.542720377445221,0.3504212498664856,0.552536129951477,0.39595624804496765,0.594558835029602,0.4528285264968872,0.48215848207473755,0.39131319522857666,0.46314680576324463,0.4490319490432739,0.6226470470428467,0.4655803143978119,0.4376225471496582,0.5088062286376953,0.5451215505599976,0.515420138835907,0.4932149052619934,0.5173094272613525,0.5860894322395325,0.6441494822502136,0.4869464039802551,0.6455870866775513,0.6239073872566223,0.750707745552063,0.47305554151535034,0.7528220415115356
191,0.5498138070106506,0.34571677446365356,0.5590863227844238,0.39458054304122925,0.5971871018409729,0.4537493586540222,0.48550498485565186,0.3910101056098938,0.46458470821380615,0.4509289860725403,0.6280890703201294,0.4611227512359619,0.4366339445114136,0.5127823352813721,0.5460454225540161,0.5215020179748535,0.49560755491256714,0.5255190134048462,0.5903834104537964,0.6438264846801758,0.4814234972000122,0.6495822668075562,0.6271184086799622,0.7544310092926025,0.4718032479286194,0.7521260976791382
192,0.5553915500640869,0.3453833758831024,0.5711177587509155,0.39798057079315186,0.6068219542503357,0.4478141963481903,0.49624115228652954,0.3900286555290222,0.47796356678009033,0.44339579343795776,0.633669376373291,0.4559149444103241,0.45073792338371277,0.5049889087677002,0.5494459867477417,0.5247243642807007,0.49603271484375,0.5232725143432617,0.5926320552825928,0.6391701698303223,0.4840033948421478,0.636304497718811,0.6269716620445251,0.7549790143966675,0.47274959087371826,0.7489774227142334
193,0.5643504858016968,0.34782475233078003,0.5814679265022278,0.39630040526390076,0.6133990287780762,0.45073819160461426,0.49571701884269714,0.3880462646484375,0.4792667627334595,0.4491439759731293,0.6530635356903076,0.46266645193099976,0.44756853580474854,0.5064147710800171,0.5553134679794312,0.5253064632415771,0.4975997805595398,0.5235028266906738,0.5946147441864014,0.6398688554763794,0.48933887481689453,0.6336884498596191,0.629841148853302,0.7528057098388672,0.47421717643737793,0.7473103404045105
194,0.571071982383728,0.3432307839393616,0.5847575664520264,0.3990151286125183,0.6141440868377686,0.44447919726371765,0.5083493590354919,0.38297125697135925,0.4904594123363495,0.44024989008903503,0.6555625200271606,0.4563116729259491,0.4636652171611786,0.5110995769500732,0.5552495121955872,0.5234856605529785,0.5047885179519653,0.5229239463806152,0.6000738143920898,0.6444144248962402,0.4919646680355072,0.6375136971473694,0.6342537999153137,0.7537974119186401,0.46844717860221863,0.7503408193588257
195,0.583520770072937,0.3406373858451843,0.5955663919448853,0.3963760733604431,0.6241885423660278,0.44315168261528015,0.5129836797714233,0.3742329776287079,0.4961290955543518,0.43036648631095886,0.687685489654541,0.45667123794555664,0.4700884521007538,0.5119571685791016,0.557685136795044,0.5197063684463501,0.5075494050979614,0.5203620791435242,0.6073005199432373,0.6414338946342468,0.49141666293144226,0.638734757900238,0.6378585696220398,0.7624789476394653,0.4715791642665863,0.7474834322929382
196,0.6005125045776367,0.33692073822021484,0.607818067073822,0.39391034841537476,0.6379048824310303,0.4415641725063324,0.5267393589019775,0.37188321352005005,0.5058988928794861,0.4272676408290863,0.7053419351577759,0.45644694566726685,0.4824279248714447,0.5084660053253174,0.5702956914901733,0.5172128677368164,0.5194455981254578,0.5164212584495544,0.6132969260215759,0.6430453062057495,0.4938071668148041,0.6402491331100464,0.6432138681411743,0.7592379450798035,0.4740180969238281,0.7472834587097168
197,0.6122260093688965,0.33570629358291626,0.6136943101882935,0.38640743494033813,0.6535178422927856,0.4445796012878418,0.5335390567779541,0.3696385324001312,0.5153557062149048,0.43718284368515015,0.7234195470809937,0.45298418402671814,0.5001909136772156,0.5039266347885132,0.5788177847862244,0.5180928707122803,0.5216884613037109,0.5170004963874817,0.6224021911621094,0.6489306688308716,0.4960845410823822,0.6394593119621277,0.6446725130081177,0.7678941488265991,0.4741971492767334,0.7450582385063171
198,0.6576590538024902,0.3253493309020996,0.6641614437103271,0.37832367420196533,0.7094910144805908,0.435614675283432,0.5654262900352478,0.34734660387039185,0.5444545745849609,0.44278523325920105,0.8005027174949646,0.45423346757888794,0.5283492803573608,0.5013903379440308,0.5975040197372437,0.5036566257476807,0.5312031507492065,0.49528276920318604,0.6305046677589417,0.6405390501022339,0.5171923637390137,0.6235147714614868,0.6487969160079956,0.7679773569107056,0.48623770475387573,0.7393728494644165
199,0.6558786630630493,0.31924372911453247,0.6779820919036865,0.3850930333137512,0.7206981182098389,0.439225971698761,0.5715474486351013,0.3437608480453491,0.5443353652954102,0.4391767680644989,0.817757785320282,0.45696040987968445,0.5287244915962219,0.4905258119106293,0.6054970622062683,0.4995041489601135,0.5424090623855591,0.4898843765258789,0.6340010166168213,0.6363358497619629,0.518251359462738,0.6204956769943237,0.650375485420227,0.7626848220825195,0.4913098216056824,0.7285608053207397
200,0.683945894241333,0.30886662006378174,0.6895235776901245,0.3807370364665985,0.73244309425354,0.4407123029232025,0.5853599309921265,0.3391719460487366,0.5511415600776672,0.4376116394996643,0.823337972164154,0.46058088541030884,0.5332349538803101,0.49577173590660095,0.6150419116020203,0.5073754191398621,0.5516106486320496,0.49638426303863525,0.6339505910873413,0.6398341655731201,0.5196589231491089,0.6121962070465088,0.649926483631134,0.7659280300140381,0.4989849030971527,0.7338873147964478
201,0.6816856265068054,0.30431023240089417,0.6941031813621521,0.3803033232688904,0.7470662593841553,0.43836987018585205,0.5913053750991821,0.3370664715766907,0.5620113611221313,0.43603095412254333,0.8355581760406494,0.46388816833496094,0.5351050496101379,0.4897804856300354,0.6242135167121887,0.5054251551628113,0.5599072575569153,0.4943733811378479,0.6385761499404907,0.6440922617912292,0.5308006405830383,0.614014208316803,0.6503928899765015,0.769793689250946,0.5005065202713013,0.7285869121551514
202,0.6919913291931152,0.30308306217193604,0.6950871348381042,0.3789941072463989,0.7463189959526062,0.4375351667404175,0.596577525138855,0.3343273103237152,0.561306357383728,0.42699238657951355,0.8371252417564392,0.4620310068130493,0.5387847423553467,0.4919475018978119,0.6212732791900635,0.4996322989463806,0.5580766201019287,0.4895370602607727,0.6370019912719727,0.6421828269958496,0.536994218826294,0.6124387979507446,0.6504225134849548,0.7691237926483154,0.5051841735839844,0.7278560400009155
203,0.7004649043083191,0.3042212724685669,0.7027745246887207,0.3778782784938812,0.7521256804466248,0.43548986315727234,0.6021841168403625,0.3316890299320221,0.5697939395904541,0.4302540421485901,0.8360304832458496,0.46378815174102783,0.539980947971344,0.49438759684562683,0.6217603087425232,0.5020812153816223,0.5634589195251465,0.49081382155418396,0.6400918960571289,0.6496623754501343,0.5364696979522705,0.6180874109268188,0.6493252515792847,0.7742475271224976,0.5054940581321716,0.7299157977104187
204,0.6952035427093506,0.300759494304657,0.7044230699539185,0.3802412152290344,0.7589990496635437,0.43350064754486084,0.615147590637207,0.33376502990722656,0.5739675760269165,0.41742831468582153,0.8384743928909302,0.4598886966705322,0.5476031303405762,0.49206075072288513,0.6244495511054993,0.49351009726524353,0.5681416988372803,0.48183465003967285,0.6389262676239014,0.6368042826652527,0.5387992262840271,0.6047282814979553,0.6499912738800049,0.7636441588401794,0.5056335926055908,0.7303361296653748
205,0.7077335119247437,0.3039228320121765,0.7111503481864929,0.38528749346733093,0.7588411569595337,0.4371522068977356,0.6171433329582214,0.3352489471435547,0.5761736035346985,0.42594170570373535,0.8538603186607361,0.4679846167564392,0.5465725064277649,0.49652165174484253,0.6265393495559692,0.5013484954833984,0.5678138732910156,0.4898192286491394,0.6404195427894592,0.6346474289894104,0.5362861156463623,0.6168211102485657,0.6499802470207214,0.7728376388549805,0.5103521347045898,0.7283276915550232
206,0.7147760391235352,0.2979901134967804,0.7173938751220703,0.37988847494125366,0.7618467807769775,0.43602368235588074,0.6175000667572021,0.3273758590221405,0.573595404624939,0.41471800208091736,0.8560038805007935,0.4656260013580322,0.5474227666854858,0.4929752051830292,0.6266273856163025,0.4950145483016968,0.567408561706543,0.4830006957054138,0.6397200226783752,0.6190119981765747,0.5450664758682251,0.6013102531433105,0.6497520208358765,0.7662262916564941,0.5153025388717651,0.7218362092971802
207,0.7168288230895996,0.30016645789146423,0.7162750959396362,0.38024795055389404,0.7613286972045898,0.43980687856674194,0.6189274787902832,0.32997047901153564,0.5734723210334778,0.41555750370025635,0.8558357954025269,0.4640108048915863,0.5478345155715942,0.4909746050834656,0.6285690069198608,0.504020094871521,0.5678699612617493,0.490131139755249,0.6395421028137207,0.6344149112701416,0.5407645106315613,0.6164854168891907,0.6470198631286621,0.7681984901428223,0.5163634419441223,0.721240222454071
208,0.7155389189720154,0.30020958185195923,0.722090482711792,0.37959858775138855,0.769982099533081,0.44207438826560974,0.6220828294754028,0.32918989658355713,0.5790914297103882,0.4158554971218109,0.8480037450790405,0.46604490280151367,0.5565847754478455,0.49297162890434265,0.6369150876998901,0.5081383585929871,0.5721846222877502,0.4929056167602539,0.6457391381263733,0.6369081735610962,0.5466492176055908,0.6116159558296204,0.648770272731781,0.7681135535240173,0.520138144493103,0.7184399366378784
209,0.7210965156555176,0.2958461344242096,0.7253014445304871,0.37396854162216187,0.7771794199943542,0.4373874366283417,0.6251567006111145,0.3249860405921936,0.5785152316093445,0.4183836877346039,0.8613247871398926,0.4630001187324524,0.5509541034698486,0.4954119920730591,0.6413323879241943,0.5046259760856628,0.5746787786483765,0.4891395568847656,0.6423161029815674,0.6392505168914795,0.5536795258522034,0.6127625703811646,0.6509181261062622,0.7734276652336121,0.525413990020752,0.7182568311691284
210,0.7381102442741394,0.3019963502883911,0.7397007942199707,0.3745444715023041,0.7856007814407349,0.44303032755851746,0.6288778781890869,0.32515451312065125,0.5773699283599854,0.4151592254638672,0.8648121356964111,0.471961110830307,0.5597866773605347,0.4732901453971863,0.6394049525260925,0.5086995363235474,0.5716572403907776,0.4913021922111511,0.6410355567932129,0.6253190040588379,0.5567449331283569,0.601828396320343,0.6514993906021118,0.7779582738876343,0.528995156288147,0.7028038501739502
211,0.7303595542907715,0.29658401012420654,0.7385269403457642,0.37798774242401123,0.7874545454978943,0.4514239728450775,0.6297580003738403,0.32695379853248596,0.5814127922058105,0.4115818440914154,0.8768810629844666,0.4734587073326111,0.5642659068107605,0.4766695201396942,0.6391416788101196,0.50821453332901,0.5753717422485352,0.4916180968284607,0.6385826468467712,0.6303637027740479,0.5584842562675476,0.6029946804046631,0.6499165296554565,0.773659348487854,0.5281917452812195,0.7052738666534424
212,0.7302449941635132,0.29706835746765137,0.7391115427017212,0.3780507445335388,0.7772914171218872,0.4520420432090759,0.6334600448608398,0.3267078399658203,0.5814383029937744,0.41379988193511963,0.862419068813324,0.4745132625102997,0.5674093961715698,0.4745447039604187,0.64441978931427,0.5047171115875244,0.5806463360786438,0.48927614092826843,0.6445029973983765,0.6416152715682983,0.5565401315689087,0.6112045049667358,0.6495636105537415,0.777373731136322,0.519804835319519,0.7193913459777832
213,0.7293405532836914,0.2961494028568268,0.7400665283203125,0.37575122714042664,0.7704002857208252,0.45721012353897095,0.630115270614624,0.324856162071228,0.58517986536026,0.4126552939414978,0.8560295104980469,0.4792461097240448,0.5668424367904663,0.4715685546398163,0.6468965411186218,0.49729204177856445,0.5835844874382019,0.48191577196121216,0.6495729684829712,0.6165476441383362,0.5682856440544128,0.5797849893569946,0.6512756943702698,0.7780143022537231,0.5317918062210083,0.7017549276351929
214,0.7324959635734558,0.2967822253704071,0.7399539947509766,0.37491244077682495,0.7618372440338135,0.4562194049358368,0.6319518089294434,0.32383185625076294,0.5876181125640869,0.40901845693588257,0.839150071144104,0.4811553657054901,0.5629996657371521,0.47760218381881714,0.6447387933731079,0.4969750642776489,0.5832959413528442,0.4843894839286804,0.6458836197853088,0.625577449798584,0.5679028034210205,0.5992041826248169,0.651777982711792,0.7809364795684814,0.5310510396957397,0.7065030932426453
215,0.732774019241333,0.29678332805633545,0.7412666082382202,0.37301117181777954,0.7565029859542847,0.4644332826137543,0.6350080370903015,0.3260622024536133,0.5873708724975586,0.40865573287010193,0.8268587589263916,0.4940827786922455,0.562489926815033,0.47812768816947937,0.6558490991592407,0.4982755184173584,0.591266393661499,0.48302072286605835,0.6544531583786011,0.6304432153701782,0.5724660158157349,0.584184467792511,0.6466125845909119,0.7766658663749695,0.5352012515068054,0.7084685564041138
216,0.7310199737548828,0.28873828053474426,0.7448894381523132,0.3749867379665375,0.7389108538627625,0.4642122983932495,0.6410549879074097,0.32402801513671875,0.5898597240447998,0.4144764542579651,0.8020064234733582,0.49944719672203064,0.5678509473800659,0.4763278365135193,0.665168285369873,0.4985489845275879,0.5989058017730713,0.4817012548446655,0.6507452726364136,0.6167609691619873,0.5796221494674683,0.579072892665863,0.6485357880592346,0.7787315249443054,0.5377495884895325,0.7079228758811951
217,0.7334284782409668,0.29427123069763184,0.7450259923934937,0.37403661012649536,0.7428285479545593,0.46599528193473816,0.6371768116950989,0.3247312307357788,0.5933291912078857,0.41504544019699097,0.7845413684844971,0.5118262767791748,0.5676846504211426,0.47774383425712585,0.6658986806869507,0.5107855796813965,0.5963907837867737,0.4948200583457947,0.656190037727356,0.6396795511245728,0.5754088163375854,0.6099842190742493,0.6515450477600098,0.7789994478225708,0.5381632447242737,0.7214531302452087
