FrameNo,head_x,head_y,left_shoulder_x,left_shoulder_y,left_elbow_x,left_elbow_y,right_shoulder_x,right_shoulder_y,right_elbow_x,right_elbow_y,left_hand_x,left_hand_y,right_hand_x,right_hand_y,left_hip_x,left_hip_y,right_hip_x,right_hip_y,left_knee_x,left_knee_y,right_knee_x,right_knee_y,left_foot_x,left_foot_y,right_foot_x,right_foot_y
0,0.5089176297187805,0.360593318939209,0.5520167350769043,0.4081586003303528,0.5612874031066895,0.4609367251396179,0.4771147668361664,0.40890035033226013,0.45780616998672485,0.45961377024650574,0.561530351638794,0.5302861332893372,0.45903047919273376,0.527735710144043,0.5335845947265625,0.5302582383155823,0.49030786752700806,0.5296027064323425,0.5512787699699402,0.637616753578186,0.49898895621299744,0.6403986811637878,0.5537365674972534,0.7330995798110962,0.48478350043296814,0.7401384711265564
1,0.5089963674545288,0.3608272969722748,0.5523965358734131,0.40791821479797363,0.5612912774085999,0.4599805474281311,0.47749418020248413,0.4099789261817932,0.46121227741241455,0.4592594504356384,0.5629075765609741,0.5313260555267334,0.458473265171051,0.5266337394714355,0.5345376133918762,0.530711829662323,0.4904734790325165,0.5303163528442383,0.5515736937522888,0.63511061668396,0.4985518157482147,0.6381149291992188,0.5538270473480225,0.7320680618286133,0.4847533106803894,0.7392691969871521
2,0.5096323490142822,0.3613967299461365,0.5518620014190674,0.4081695079803467,0.5606981515884399,0.46039649844169617,0.47794944047927856,0.40992259979248047,0.4581073224544525,0.46044081449508667,0.5618772506713867,0.5308424234390259,0.45891833305358887,0.5266506671905518,0.5342437028884888,0.5308927893638611,0.49046429991722107,0.5303866863250732,0.5515108108520508,0.6353936195373535,0.49911993741989136,0.6385632753372192,0.5546846389770508,0.7337629795074463,0.48515963554382324,0.7392216920852661
3,0.5095919370651245,0.36119577288627625,0.5523151159286499,0.4085608422756195,0.561235249042511,0.4615703821182251,0.4771516025066376,0.4105055332183838,0.4578271508216858,0.4611746072769165,0.561336874961853,0.531802773475647,0.459811270236969,0.5265460014343262,0.5337129831314087,0.5317171812057495,0.48994752764701843,0.5311745405197144,0.5510148406028748,0.6379362344741821,0.498648464679718,0.6395930051803589,0.554182231426239,0.7340081930160522,0.48449644446372986,0.7392408847808838
4,0.5102992057800293,0.36167892813682556,0.5528079271316528,0.409665048122406,0.5608987212181091,0.46242743730545044,0.47744643688201904,0.4110039174556732,0.45821046829223633,0.46199652552604675,0.5628089308738708,0.5322362184524536,0.4596756100654602,0.5263342261314392,0.5334915518760681,0.5319241285324097,0.4901898503303528,0.5315995216369629,0.5515859127044678,0.6375718116760254,0.4998181462287903,0.6390480399131775,0.5550050735473633,0.7344958186149597,0.4857528805732727,0.7395781874656677
5,0.509925901889801,0.360617458820343,0.5529770851135254,0.40837761759757996,0.5619955062866211,0.46137189865112305,0.4769948124885559,0.4102814197540283,0.458221435546875,0.46166521310806274,0.5634068250656128,0.5311226844787598,0.4592861533164978,0.5271221399307251,0.5334137082099915,0.5312213897705078,0.4898994565010071,0.5308098196983337,0.5517303943634033,0.6372261643409729,0.49950453639030457,0.6380940675735474,0.5555286407470703,0.7347790598869324,0.48562392592430115,0.7394781112670898
6,0.5098847150802612,0.36037421226501465,0.5526806116104126,0.40817221999168396,0.5621367692947388,0.46133512258529663,0.477129191160202,0.4102597236633301,0.4583014249801636,0.46146994829177856,0.5636754631996155,0.5311018228530884,0.4593852460384369,0.5272380709648132,0.5337635278701782,0.5313053727149963,0.4902946949005127,0.530972957611084,0.5518015623092651,0.6368091106414795,0.4998853802680969,0.638124942779541,0.555392861366272,0.7342301607131958,0.48573124408721924,0.7395342588424683
7,0.5093643665313721,0.3601323366165161,0.5527260899543762,0.407819926738739,0.5624077916145325,0.46142226457595825,0.4770047068595886,0.4099428057670593,0.4587099552154541,0.4610995054244995,0.5642254948616028,0.5315802097320557,0.45961177349090576,0.528153657913208,0.5334264039993286,0.5311405658721924,0.48999398946762085,0.5309028625488281,0.5517520308494568,0.636780321598053,0.4993700385093689,0.6387145519256592,0.5552276372909546,0.734190821647644,0.48547837138175964,0.7398958206176758
8,0.5099136829376221,0.36039477586746216,0.5527836084365845,0.408128023147583,0.5622404217720032,0.4615195691585541,0.47704920172691345,0.4099005162715912,0.45850440859794617,0.4612196385860443,0.5641229748725891,0.5317579507827759,0.45978301763534546,0.5286623239517212,0.5334216356277466,0.5315060615539551,0.48988795280456543,0.5311387181282043,0.5517275929450989,0.6374318599700928,0.4992881715297699,0.6387463212013245,0.5555872321128845,0.7345333099365234,0.4855538606643677,0.7398645281791687
9,0.5097719430923462,0.3603466749191284,0.5528262257575989,0.4083630442619324,0.5626020431518555,0.46215522289276123,0.4772004783153534,0.4102737307548523,0.4586607813835144,0.46233469247817993,0.5645729303359985,0.5315489172935486,0.45960450172424316,0.528305172920227,0.5333088636398315,0.531692624092102,0.48988234996795654,0.5312873721122742,0.5519124865531921,0.6380151510238647,0.49946126341819763,0.6394543647766113,0.5557835102081299,0.7346233129501343,0.48561498522758484,0.7398406267166138
10,0.5100291967391968,0.36036592721939087,0.5529437065124512,0.4084695279598236,0.5628541111946106,0.4620521664619446,0.47717517614364624,0.41026216745376587,0.45846423506736755,0.4622938632965088,0.5644842982292175,0.5314631462097168,0.45944613218307495,0.528599739074707,0.5334938764572144,0.5318003296852112,0.4900032877922058,0.5314313173294067,0.5519264340400696,0.6379316449165344,0.49947497248649597,0.6393923759460449,0.5556125044822693,0.734566867351532,0.4855993688106537,0.7397684454917908
11,0.5096994042396545,0.3604084253311157,0.5528088212013245,0.4086243808269501,0.5624633431434631,0.46204978227615356,0.47713595628738403,0.41029250621795654,0.4586455225944519,0.4621325433254242,0.5644252300262451,0.53150475025177,0.45984479784965515,0.5280617475509644,0.5334211587905884,0.5315240621566772,0.48998624086380005,0.5310752391815186,0.5519224405288696,0.6379032135009766,0.4994922876358032,0.6392748951911926,0.5555075407028198,0.7344902753829956,0.48565149307250977,0.7398588061332703
12,0.5096961259841919,0.36068615317344666,0.5534099340438843,0.4112648665904999,0.5597550868988037,0.4637073874473572,0.4770274758338928,0.40837180614471436,0.4607493281364441,0.46244901418685913,0.5657155513763428,0.5318387150764465,0.45984524488449097,0.5250632762908936,0.533301055431366,0.5328622460365295,0.49079036712646484,0.532684862613678,0.5489201545715332,0.633370578289032,0.49690183997154236,0.6381481289863586,0.5546990633010864,0.7360270023345947,0.4831153154373169,0.7388169765472412
13,0.5089031457901001,0.3605760931968689,0.5530678033828735,0.41101333498954773,0.5594998598098755,0.46297889947891235,0.47738397121429443,0.4090016782283783,0.4599120020866394,0.46269163489341736,0.5666384100914001,0.5334957242012024,0.4590475261211395,0.5251660346984863,0.5337643027305603,0.5322314500808716,0.4913604259490967,0.5320575833320618,0.5513284206390381,0.6411803364753723,0.49855518341064453,0.6422641277313232,0.5549334287643433,0.7350054979324341,0.48356401920318604,0.7386912107467651
14,0.5094457864761353,0.3616466224193573,0.5518812537193298,0.41261324286460876,0.5556291937828064,0.46270009875297546,0.47683238983154297,0.40860122442245483,0.460991233587265,0.46082136034965515,0.5664945244789124,0.5339057445526123,0.45900511741638184,0.525304913520813,0.5333380699157715,0.5304723978042603,0.49181270599365234,0.5305300354957581,0.5510797500610352,0.6402502059936523,0.4987736940383911,0.641047477722168,0.554256021976471,0.7347830533981323,0.48419368267059326,0.7388566732406616
15,0.5097975730895996,0.3607887029647827,0.5517523288726807,0.41202211380004883,0.5553775429725647,0.46251028776168823,0.47780200839042664,0.408559650182724,0.45850640535354614,0.4609444737434387,0.5658020973205566,0.53424072265625,0.45996636152267456,0.5260537266731262,0.5335922241210938,0.5312777757644653,0.4923543930053711,0.5309309959411621,0.5514878630638123,0.6409199237823486,0.4987678527832031,0.6413904428482056,0.5545279383659363,0.735193133354187,0.4843807816505432,0.7387565970420837
16,0.5093892812728882,0.36031389236450195,0.5517652034759521,0.4119291305541992,0.5551600456237793,0.462835431098938,0.4777956008911133,0.408205509185791,0.4582899212837219,0.4609420895576477,0.5650548934936523,0.5337393283843994,0.46004873514175415,0.5258691310882568,0.5333568453788757,0.5311057567596436,0.4924408197402954,0.530491292476654,0.5516642332077026,0.6396421194076538,0.49869799613952637,0.6405580043792725,0.5546543598175049,0.7345724105834961,0.48411333560943604,0.7386009693145752
17,0.5095638036727905,0.3602001667022705,0.5520625710487366,0.4115237891674042,0.5559343099594116,0.4619830250740051,0.4779690206050873,0.40784305334091187,0.45745640993118286,0.4598695933818817,0.5656697750091553,0.5336607098579407,0.4596496820449829,0.5254729986190796,0.5339228510856628,0.5305562615394592,0.4926031827926636,0.5300744771957397,0.551772952079773,0.6390616297721863,0.49872228503227234,0.640259861946106,0.5544843077659607,0.7344340682029724,0.48409685492515564,0.7389341592788696
18,0.509506106376648,0.3602643609046936,0.5519742369651794,0.41168802976608276,0.5558551549911499,0.46223753690719604,0.4769413471221924,0.40752846002578735,0.4605215787887573,0.45992523431777954,0.5653377771377563,0.5334229469299316,0.45986995100975037,0.525374174118042,0.5336297750473022,0.5303786993026733,0.49212580919265747,0.529898464679718,0.5515251159667969,0.6387695074081421,0.4981127977371216,0.6399189233779907,0.5542675256729126,0.7345137596130371,0.48344695568084717,0.7386044263839722
19,0.51041579246521,0.36126554012298584,0.5522184371948242,0.41187161207199097,0.5565009713172913,0.4623510241508484,0.4769931733608246,0.4078538417816162,0.4571656584739685,0.45984312891960144,0.5651707649230957,0.5330098867416382,0.46037766337394714,0.5255907773971558,0.5335661768913269,0.5302268266677856,0.4917839467525482,0.5298577547073364,0.5514708757400513,0.638592004776001,0.4981730580329895,0.6397352814674377,0.5541398525238037,0.7346577644348145,0.4835975170135498,0.7388100028038025
20,0.5098564624786377,0.3613395690917969,0.5514669418334961,0.41204625368118286,0.5559114217758179,0.4625955820083618,0.47590339183807373,0.4071880280971527,0.4603257179260254,0.45959800481796265,0.5661748647689819,0.53445965051651,0.4602632224559784,0.526192307472229,0.5332122445106506,0.5298101305961609,0.491014689207077,0.5296733379364014,0.5516230463981628,0.6391819715499878,0.4981505572795868,0.6407134532928467,0.5543242692947388,0.7346690893173218,0.4841171205043793,0.7394548654556274
21,0.5098486542701721,0.3615764379501343,0.5514679551124573,0.41264182329177856,0.5557374358177185,0.46301135420799255,0.47571539878845215,0.4076802134513855,0.45970791578292847,0.4601976275444031,0.5666613578796387,0.5357810854911804,0.4596399664878845,0.5266770124435425,0.533358633518219,0.5301770567893982,0.49106740951538086,0.5302183628082275,0.5512336492538452,0.6395865678787231,0.49793919920921326,0.641179084777832,0.5533319115638733,0.7345143556594849,0.4836302697658539,0.7390625476837158
22,0.5098081827163696,0.3615579605102539,0.5515415668487549,0.4126816987991333,0.5558056831359863,0.46338793635368347,0.4754907786846161,0.40751776099205017,0.45964932441711426,0.46018144488334656,0.566994309425354,0.5366804599761963,0.45987555384635925,0.5268120169639587,0.5327978134155273,0.5299087762832642,0.49077126383781433,0.5301105380058289,0.5509037375450134,0.6400461196899414,0.4975834786891937,0.6414562463760376,0.5534102916717529,0.734516978263855,0.4831925332546234,0.7388002872467041
23,0.5094369649887085,0.3613331913948059,0.5515545606613159,0.4124770760536194,0.5563279390335083,0.4632161557674408,0.4754946827888489,0.40715914964675903,0.4594084918498993,0.4599894881248474,0.5676552653312683,0.5377511978149414,0.4598478078842163,0.5269662141799927,0.5332971215248108,0.5299150943756104,0.49106666445732117,0.5299944877624512,0.5510600805282593,0.6399075388908386,0.4976680874824524,0.6416399478912354,0.5534489154815674,0.7343419790267944,0.48330366611480713,0.7389239072799683
24,0.5100911855697632,0.36211544275283813,0.551433265209198,0.41017505526542664,0.5602508187294006,0.46115586161613464,0.4763873815536499,0.40829214453697205,0.4580203890800476,0.45980048179626465,0.5660805702209473,0.5297205448150635,0.4592689871788025,0.5295005440711975,0.5329270362854004,0.5295758843421936,0.4906150698661804,0.5303460359573364,0.5519813895225525,0.6358153223991394,0.49816423654556274,0.6403436660766602,0.5551400780677795,0.7340166568756104,0.48370879888534546,0.7385968565940857
25,0.509082019329071,0.36247849464416504,0.550800085067749,0.41026610136032104,0.5576963424682617,0.4593019485473633,0.47888311743736267,0.4086552560329437,0.4569365382194519,0.4570980668067932,0.5647574663162231,0.5319821834564209,0.46012741327285767,0.5293476581573486,0.533356785774231,0.529609203338623,0.4918195605278015,0.5301774144172668,0.5523005723953247,0.6359533071517944,0.49900397658348083,0.6407202482223511,0.554625391960144,0.7339743971824646,0.4833422303199768,0.7390581369400024
26,0.5094481706619263,0.3623560667037964,0.5509513020515442,0.41021728515625,0.5581494569778442,0.4595727324485779,0.47870010137557983,0.40813326835632324,0.4565642476081848,0.4578765332698822,0.5643947124481201,0.532253623008728,0.4604749083518982,0.5292088389396667,0.5337026715278625,0.5295247435569763,0.4922109842300415,0.5299552083015442,0.5525735020637512,0.636233925819397,0.4993467330932617,0.6409609317779541,0.5548386573791504,0.7343592047691345,0.483634889125824,0.7391601800918579
27,0.5091387033462524,0.3624858856201172,0.5508716106414795,0.4094981551170349,0.5583719611167908,0.45908159017562866,0.473760187625885,0.40570175647735596,0.45722267031669617,0.4581434726715088,0.5644399523735046,0.5325783491134644,0.4593740701675415,0.5290516018867493,0.5339456796646118,0.529454231262207,0.49235495924949646,0.5298510789871216,0.5525119304656982,0.635456383228302,0.4994763135910034,0.6406218409538269,0.5545538663864136,0.733938455581665,0.4839525818824768,0.7391988039016724
28,0.5089799165725708,0.36188381910324097,0.5506712198257446,0.4089656472206116,0.5585522651672363,0.45884940028190613,0.4735623300075531,0.40525421500205994,0.45741623640060425,0.4580850303173065,0.5642903447151184,0.5320192575454712,0.45963096618652344,0.5289591550827026,0.5340636968612671,0.5291913151741028,0.49252578616142273,0.529473066329956,0.5524873733520508,0.6353816390037537,0.49951016902923584,0.6404807567596436,0.5546886920928955,0.7340812683105469,0.4838715195655823,0.7391096353530884
29,0.5096508264541626,0.36279386281967163,0.5511181950569153,0.40935131907463074,0.5583025217056274,0.45892032980918884,0.47450512647628784,0.4051157832145691,0.45725005865097046,0.4572330713272095,0.5649162530899048,0.5319706201553345,0.4600132703781128,0.5294593572616577,0.534185528755188,0.529191255569458,0.49257975816726685,0.5294201374053955,0.5528618097305298,0.6352949142456055,0.4994451403617859,0.6408843994140625,0.5546739101409912,0.7341386079788208,0.4835456609725952,0.7392110228538513
30,0.5097118616104126,0.3628799617290497,0.5512895584106445,0.40954017639160156,0.5581356287002563,0.4592864215373993,0.4750409722328186,0.40537381172180176,0.4575655162334442,0.4578665494918823,0.563940703868866,0.5321241617202759,0.46003076434135437,0.5294554829597473,0.5343598127365112,0.5290569067001343,0.49264609813690186,0.5292232036590576,0.5528213977813721,0.6350003480911255,0.4993460178375244,0.6410378217697144,0.5544648170471191,0.7338744401931763,0.4830731749534607,0.7391635775566101
31,0.5105197429656982,0.3635697364807129,0.5512877106666565,0.4105006158351898,0.5572372078895569,0.46043771505355835,0.4753229320049286,0.40567442774772644,0.4573681056499481,0.4585428833961487,0.563899576663971,0.532565712928772,0.4604318141937256,0.5295873880386353,0.5340923070907593,0.5289654731750488,0.4923418164253235,0.5291365385055542,0.5526529550552368,0.6349163055419922,0.49909162521362305,0.640468955039978,0.554202139377594,0.7338112592697144,0.48334991931915283,0.7390291690826416
32,0.5105302929878235,0.36354225873947144,0.5513523817062378,0.4104772210121155,0.5572901964187622,0.46062183380126953,0.47552117705345154,0.40581977367401123,0.4578720033168793,0.4585105776786804,0.5638656616210938,0.5325515866279602,0.46101832389831543,0.5295937061309814,0.5343716144561768,0.5290957689285278,0.4926207959651947,0.5292183756828308,0.5525904297828674,0.6353307962417603,0.4992445707321167,0.6408705711364746,0.5542600750923157,0.733971118927002,0.4833667278289795,0.7392414808273315
33,0.5106579661369324,0.36357998847961426,0.5513861179351807,0.4105134904384613,0.5573865175247192,0.46032506227493286,0.47551292181015015,0.4056011438369751,0.45801788568496704,0.4579159915447235,0.5637862086296082,0.5326083898544312,0.4616337716579437,0.5306053757667542,0.5342126488685608,0.5287548303604126,0.4926217794418335,0.529053807258606,0.5526548624038696,0.6341959238052368,0.49930161237716675,0.6392941474914551,0.5540399551391602,0.7337934374809265,0.48348110914230347,0.7389158010482788
34,0.5106501579284668,0.3641361892223358,0.5517007112503052,0.41083866357803345,0.5569872856140137,0.46059995889663696,0.47608381509780884,0.406039297580719,0.4585488438606262,0.458305299282074,0.5643628239631653,0.5335763692855835,0.46229034662246704,0.5312076210975647,0.5340920090675354,0.5293805599212646,0.4925045371055603,0.5297856330871582,0.5527446269989014,0.6347410678863525,0.4993283152580261,0.639700174331665,0.5542122721672058,0.7340215444564819,0.483508825302124,0.7388519644737244
35,0.5110008716583252,0.36405810713768005,0.5515719652175903,0.41060277819633484,0.5565707683563232,0.4606069326400757,0.4762214422225952,0.405825138092041,0.4588906168937683,0.45833802223205566,0.5644515752792358,0.5332940220832825,0.4623958468437195,0.5313907861709595,0.5344745516777039,0.5294296741485596,0.4925980269908905,0.529606282711029,0.5529286861419678,0.6342467069625854,0.49941587448120117,0.6394997835159302,0.554379940032959,0.7339237928390503,0.4837353229522705,0.7392033338546753
36,0.5098522901535034,0.3629612624645233,0.551937460899353,0.41023096442222595,0.5602467060089111,0.46135181188583374,0.47765403985977173,0.40898948907852173,0.4561692178249359,0.45973044633865356,0.5667773485183716,0.5299848318099976,0.4562329649925232,0.5264665484428406,0.5338730812072754,0.5289225578308105,0.49213355779647827,0.5296744704246521,0.552169144153595,0.6363615989685059,0.499606192111969,0.64014732837677,0.5544831156730652,0.7349942922592163,0.4858081340789795,0.7395421862602234
37,0.5099514722824097,0.3627052903175354,0.5513659119606018,0.4106318950653076,0.559929609298706,0.46004247665405273,0.4788426160812378,0.4079493284225464,0.45763176679611206,0.4592711925506592,0.5635550022125244,0.5281151533126831,0.4555771052837372,0.5248615145683289,0.5349751114845276,0.5289469957351685,0.49342048168182373,0.5294742584228516,0.553220808506012,0.6354398131370544,0.49974119663238525,0.6400979161262512,0.5557066202163696,0.7354543209075928,0.4870482087135315,0.740163266658783
38,0.5105084776878357,0.36339232325553894,0.551909327507019,0.41116106510162354,0.5600548982620239,0.4608178734779358,0.4786202311515808,0.4084704518318176,0.45691633224487305,0.46028992533683777,0.563828706741333,0.528864860534668,0.45555174350738525,0.5250244140625,0.5349240303039551,0.528943657875061,0.4930824041366577,0.529355525970459,0.5535423755645752,0.6359266042709351,0.49968504905700684,0.6405627131462097,0.556063175201416,0.7358847856521606,0.48701271414756775,0.7402419447898865
39,0.5106730461120605,0.3634718656539917,0.5521559715270996,0.4111524522304535,0.5599154233932495,0.46074533462524414,0.4781724214553833,0.40823519229888916,0.4573904275894165,0.4595324695110321,0.564134418964386,0.529085636138916,0.45715761184692383,0.525629997253418,0.5348871350288391,0.5287806987762451,0.49316102266311646,0.5293772220611572,0.5533709526062012,0.635838508605957,0.49956223368644714,0.6397699117660522,0.5559818744659424,0.7360788583755493,0.48647353053092957,0.7400440573692322
40,0.5104770064353943,0.36356836557388306,0.5521986484527588,0.4109318256378174,0.5604270100593567,0.46034663915634155,0.4781130254268646,0.40866145491600037,0.4575386643409729,0.46001487970352173,0.5642537474632263,0.5292404890060425,0.4566197395324707,0.5255597233772278,0.5350766777992249,0.5297423005104065,0.4931896924972534,0.5301762223243713,0.5533456802368164,0.6361122131347656,0.49980807304382324,0.6400387287139893,0.5561803579330444,0.7359876036643982,0.48629385232925415,0.7399095892906189
41,0.5106751918792725,0.36358755826950073,0.5523523092269897,0.410919725894928,0.5604408979415894,0.46020084619522095,0.47792333364486694,0.408576101064682,0.45701247453689575,0.4602357745170593,0.5644750595092773,0.529477059841156,0.45687782764434814,0.5257600545883179,0.5351643562316895,0.5296701788902283,0.49313926696777344,0.5301936864852905,0.5533173084259033,0.6356378793716431,0.5000654458999634,0.6396684646606445,0.5559223890304565,0.7360190749168396,0.4872700572013855,0.7395458221435547
42,0.5103723406791687,0.3634551167488098,0.5518730878829956,0.4113155007362366,0.5594247579574585,0.4606018662452698,0.47690045833587646,0.4089204668998718,0.45762428641319275,0.46122369170188904,0.564938485622406,0.5301374197006226,0.45898160338401794,0.5265049934387207,0.5338101983070374,0.5305066704750061,0.49223753809928894,0.5316028594970703,0.5528789758682251,0.6372039318084717,0.5000985860824585,0.641094446182251,0.5559591054916382,0.7362321615219116,0.4872499108314514,0.7398803234100342
43,0.5105050802230835,0.363566517829895,0.5521713495254517,0.4118384122848511,0.5593725442886353,0.46174368262290955,0.4772980213165283,0.4100308418273926,0.4579117000102997,0.46290820837020874,0.5652363300323486,0.5302910208702087,0.4609035849571228,0.5273719429969788,0.5340467691421509,0.5316755771636963,0.4921511113643646,0.5324375629425049,0.5536333918571472,0.6379361152648926,0.5003929138183594,0.6423765420913696,0.5562777519226074,0.7363428473472595,0.48762375116348267,0.7401382327079773
44,0.5106422901153564,0.3636731505393982,0.5519275665283203,0.4115782678127289,0.5591928958892822,0.4618016481399536,0.47776851058006287,0.4101514518260956,0.45818695425987244,0.46281373500823975,0.5658555030822754,0.5310575366020203,0.461137592792511,0.5274629592895508,0.5342307090759277,0.5314403772354126,0.4924333989620209,0.5323066711425781,0.5541509389877319,0.6379409432411194,0.5006527900695801,0.6421293020248413,0.5564941167831421,0.7364403009414673,0.4878937005996704,0.7403545379638672
45,0.5110571384429932,0.36379027366638184,0.5521427392959595,0.41191864013671875,0.5600202083587646,0.46253520250320435,0.4783296287059784,0.41077110171318054,0.45835408568382263,0.4631662368774414,0.566997230052948,0.5330368876457214,0.46106958389282227,0.5271930694580078,0.5340449213981628,0.531448245048523,0.4922275245189667,0.5322779417037964,0.5544265508651733,0.6379990577697754,0.500880777835846,0.6419830918312073,0.5566005706787109,0.7362622022628784,0.48802441358566284,0.7404327392578125
46,0.5111755132675171,0.3635522127151489,0.5521875619888306,0.41157621145248413,0.5595657825469971,0.4624846875667572,0.47869837284088135,0.4108506143093109,0.45872098207473755,0.4631713032722473,0.5664011836051941,0.5328032970428467,0.4611099362373352,0.5270224809646606,0.5341957211494446,0.5313681960105896,0.492293119430542,0.5321762561798096,0.5541521310806274,0.6377180814743042,0.5009673833847046,0.641640305519104,0.5558914542198181,0.7357873916625977,0.4877878427505493,0.7404124140739441
47,0.5108945965766907,0.363757461309433,0.5521211624145508,0.41080242395401,0.560696005821228,0.4611145853996277,0.4782363176345825,0.41006630659103394,0.4582863748073578,0.46218761801719666,0.5666948556900024,0.5327759981155396,0.46118658781051636,0.5268368721008301,0.5342395305633545,0.5308763384819031,0.49233683943748474,0.5316329002380371,0.5541372299194336,0.6384361386299133,0.501031756401062,0.6415704488754272,0.5565739274024963,0.7363935708999634,0.4878128170967102,0.7401082515716553
48,0.506710410118103,0.3598862886428833,0.551480770111084,0.4067632555961609,0.5618445873260498,0.45968616008758545,0.47652387619018555,0.40902161598205566,0.4581209123134613,0.46366167068481445,0.5678573846817017,0.5322350263595581,0.462612122297287,0.5301499962806702,0.5335342884063721,0.5310720205307007,0.49003347754478455,0.5320451259613037,0.5510191321372986,0.6398826241493225,0.49528202414512634,0.6391885876655579,0.5540139675140381,0.7305967211723328,0.48406320810317993,0.7407883405685425
49,0.5075504183769226,0.3605799376964569,0.552170991897583,0.4081498086452484,0.5628252625465393,0.46089696884155273,0.47837328910827637,0.4085598587989807,0.45645567774772644,0.46266716718673706,0.5667223334312439,0.5326619148254395,0.45868632197380066,0.5276589393615723,0.5345405340194702,0.529995322227478,0.4913076162338257,0.5306940674781799,0.5520572662353516,0.635464072227478,0.4978526830673218,0.6420625448226929,0.5541037321090698,0.7288798093795776,0.4836091995239258,0.740170419216156
50,0.5083472728729248,0.3625836968421936,0.5524856448173523,0.4097433090209961,0.5630548000335693,0.4619642198085785,0.48001083731651306,0.4103946387767792,0.4567999541759491,0.4611087441444397,0.5668906569480896,0.5330475568771362,0.4598085582256317,0.5273134708404541,0.5348361730575562,0.5301030874252319,0.4918034076690674,0.5306587219238281,0.5518582463264465,0.6357355117797852,0.49803274869918823,0.6419717669487,0.5543981790542603,0.7291920185089111,0.48371392488479614,0.7400294542312622
51,0.5073737502098083,0.36179694533348083,0.5516039133071899,0.409162700176239,0.5616375803947449,0.4616672396659851,0.47930073738098145,0.40982648730278015,0.45734429359436035,0.46260306239128113,0.5667716264724731,0.5334957838058472,0.4591763913631439,0.5280275344848633,0.5345153212547302,0.5300241112709045,0.49156129360198975,0.5307170748710632,0.5523600578308105,0.6363805532455444,0.49817895889282227,0.6423696279525757,0.5547555088996887,0.7288002967834473,0.4843530058860779,0.7401390075683594
52,0.5086924433708191,0.36192378401756287,0.5518256425857544,0.4089101254940033,0.5611610412597656,0.4616015553474426,0.473605215549469,0.4063715934753418,0.4569801688194275,0.46045100688934326,0.5668668746948242,0.5330009460449219,0.46003684401512146,0.5268467664718628,0.5346992015838623,0.5293911695480347,0.4919828772544861,0.5299645662307739,0.5522971153259277,0.6354995965957642,0.4982866644859314,0.6416641473770142,0.5541520714759827,0.7288511991500854,0.48414430022239685,0.7399375438690186
53,0.508720874786377,0.3612922430038452,0.5517428517341614,0.40877312421798706,0.5611122846603394,0.4608461856842041,0.4797229766845703,0.4089222550392151,0.45708489418029785,0.46155643463134766,0.5665881633758545,0.5328259468078613,0.4598477780818939,0.5270118117332458,0.5344913601875305,0.5300441384315491,0.49162691831588745,0.5306105613708496,0.5517924427986145,0.6364282369613647,0.4979318082332611,0.6420892477035522,0.5536006093025208,0.7295608520507812,0.48358556628227234,0.7399737238883972
54,0.5076886415481567,0.3611059784889221,0.5511530637741089,0.40829703211784363,0.560361921787262,0.46086931228637695,0.4792589545249939,0.4088208079338074,0.4563612639904022,0.46025940775871277,0.5666517019271851,0.5325086116790771,0.4586896300315857,0.5275501608848572,0.5343641638755798,0.5296775698661804,0.4919351041316986,0.5308080911636353,0.5523229837417603,0.634473443031311,0.4979367256164551,0.6411854028701782,0.553832471370697,0.7282330989837646,0.4835372567176819,0.7388994097709656
55,0.5081158876419067,0.3612681031227112,0.5512653589248657,0.4086543917655945,0.5606456995010376,0.462257981300354,0.4788616895675659,0.40925464034080505,0.4566934108734131,0.46124351024627686,0.5664355754852295,0.5324931740760803,0.4596237540245056,0.5279979109764099,0.534368634223938,0.5289448499679565,0.4918164908885956,0.5301649570465088,0.5531934499740601,0.634502649307251,0.49838608503341675,0.6408816576004028,0.5547329187393188,0.7292498350143433,0.48395758867263794,0.739302396774292
56,0.5086392164230347,0.3618871867656708,0.5513712167739868,0.407955139875412,0.5605729222297668,0.46128779649734497,0.4790194034576416,0.4098275601863861,0.4571729302406311,0.46156930923461914,0.5652018785476685,0.530610203742981,0.45932111144065857,0.5277751088142395,0.535306990146637,0.5295191407203674,0.4924491345882416,0.5309909582138062,0.5529178380966187,0.6341990232467651,0.49834364652633667,0.641166090965271,0.55479496717453,0.7284616231918335,0.4839475750923157,0.7393138408660889
57,0.5087169408798218,0.3616297245025635,0.5512634515762329,0.4080004394054413,0.5606040954589844,0.4616771340370178,0.47876688838005066,0.40974390506744385,0.4567731022834778,0.4619576632976532,0.5647604465484619,0.5305489897727966,0.458889365196228,0.5280071496963501,0.5353577136993408,0.5295860767364502,0.4923328757286072,0.5309031009674072,0.5531259775161743,0.6351801753044128,0.49833250045776367,0.641547441482544,0.5544350147247314,0.7301232814788818,0.4838671386241913,0.7402836084365845
58,0.509148120880127,0.3618095815181732,0.5512487888336182,0.40826416015625,0.5604077577590942,0.4620590806007385,0.4789513945579529,0.40987440943717957,0.45690977573394775,0.46269461512565613,0.5656484365463257,0.5307852029800415,0.4600023627281189,0.5279102325439453,0.5350832939147949,0.528771162033081,0.4923188090324402,0.5303102731704712,0.5527397394180298,0.6340452432632446,0.49820244312286377,0.6407248973846436,0.5540961027145386,0.729846179485321,0.4834933876991272,0.7398306131362915
59,0.5087016820907593,0.3617303967475891,0.5512540340423584,0.40835511684417725,0.5605521202087402,0.46253353357315063,0.47922563552856445,0.40987488627433777,0.45688897371292114,0.4626067578792572,0.5655252933502197,0.5311658978462219,0.45924192667007446,0.5282430052757263,0.5353527665138245,0.5286171436309814,0.4924437701702118,0.5302067995071411,0.5530033111572266,0.6334848403930664,0.49796611070632935,0.6410928964614868,0.5541722774505615,0.7293258905410767,0.48321861028671265,0.7400817275047302
60,0.5104832649230957,0.3614587187767029,0.5520787239074707,0.40761226415634155,0.5599679350852966,0.46187445521354675,0.4778859317302704,0.4084646701812744,0.45906925201416016,0.4606834650039673,0.5655980110168457,0.5276949405670166,0.4623153805732727,0.5287880897521973,0.5329622030258179,0.5282628536224365,0.49031293392181396,0.5288823246955872,0.5520328283309937,0.6360286474227905,0.49848657846450806,0.6422690153121948,0.5535228252410889,0.729735791683197,0.4837348461151123,0.7401014566421509
61,0.5105639696121216,0.36267727613449097,0.5526134967803955,0.4107667803764343,0.5600355863571167,0.46285948157310486,0.47881555557250977,0.4088382124900818,0.45559975504875183,0.4616736173629761,0.5647416114807129,0.5293463468551636,0.4603937566280365,0.52727210521698,0.5335201621055603,0.5293331146240234,0.4914799928665161,0.5298442840576172,0.5519507527351379,0.6363518834114075,0.49896496534347534,0.6412105560302734,0.5519184470176697,0.7308353185653687,0.4834319055080414,0.7395386099815369
62,0.5094586610794067,0.36251744627952576,0.5520904064178467,0.4103594422340393,0.5575594902038574,0.4624999463558197,0.4790816307067871,0.4094802141189575,0.45614880323410034,0.4631589651107788,0.5634094476699829,0.529966413974762,0.46061384677886963,0.5272759199142456,0.5332697629928589,0.5283550024032593,0.4913977384567261,0.5292651653289795,0.5519012212753296,0.6357381343841553,0.4992552399635315,0.64130699634552,0.5521174669265747,0.7312101125717163,0.48383864760398865,0.739963173866272
63,0.5100337266921997,0.3638620376586914,0.5518862009048462,0.41245245933532715,0.5562982559204102,0.46263810992240906,0.47866377234458923,0.41079968214035034,0.4555618464946747,0.46446070075035095,0.5648651719093323,0.5346413850784302,0.4601858854293823,0.5288859009742737,0.5332578420639038,0.5303113460540771,0.4920996129512787,0.5314605236053467,0.5527072548866272,0.6366415023803711,0.49945205450057983,0.6430871486663818,0.5524110794067383,0.7293681502342224,0.4832581877708435,0.7409295439720154
64,0.5102327466011047,0.36408042907714844,0.5528830289840698,0.4121164083480835,0.5575181245803833,0.4630962312221527,0.48004651069641113,0.4103291928768158,0.4558558464050293,0.46385401487350464,0.5672519207000732,0.5342761874198914,0.4601683020591736,0.5275864601135254,0.5343157052993774,0.5305391550064087,0.49285292625427246,0.5315405130386353,0.5521398186683655,0.6352822184562683,0.4997001886367798,0.6428818702697754,0.5524219274520874,0.7284676432609558,0.48492464423179626,0.7400042414665222
65,0.5109213590621948,0.3649614751338959,0.5525220632553101,0.41127678751945496,0.5555591583251953,0.46250438690185547,0.4805469512939453,0.4111899137496948,0.4591383934020996,0.4619300961494446,0.5732129216194153,0.5347069501876831,0.4585031270980835,0.5250014066696167,0.5355554223060608,0.5304521918296814,0.4944220185279846,0.532416820526123,0.5526587963104248,0.6389840841293335,0.49866268038749695,0.6398791074752808,0.5529696941375732,0.7278081178665161,0.485305517911911,0.741813600063324
66,0.5102550983428955,0.36578649282455444,0.5527944564819336,0.4106146991252899,0.5610071420669556,0.45972740650177,0.4745906591415405,0.40843579173088074,0.4587382972240448,0.4571899175643921,0.5832066535949707,0.5296804904937744,0.45277518033981323,0.522092342376709,0.5386037826538086,0.52815842628479,0.4946785867214203,0.5302442908287048,0.5549684762954712,0.6366099119186401,0.49835583567619324,0.643710732460022,0.5540350675582886,0.7282339930534363,0.4854726195335388,0.7422904372215271
67,0.5107240676879883,0.3638302683830261,0.5534104108810425,0.41117483377456665,0.5647885203361511,0.4622521996498108,0.4732186496257782,0.4076497554779053,0.4555891156196594,0.46021580696105957,0.5871267318725586,0.5276941657066345,0.4469761252403259,0.5209821462631226,0.5412765145301819,0.5299290418624878,0.4940328598022461,0.5325976610183716,0.556526243686676,0.6362785696983337,0.4961436688899994,0.6381670236587524,0.5556560754776001,0.726289689540863,0.48575007915496826,0.7410645484924316
68,0.5101003646850586,0.3654162585735321,0.5519524812698364,0.4104284942150116,0.5735040307044983,0.4585709273815155,0.4757402539253235,0.40854400396347046,0.4518139362335205,0.45533716678619385,0.5893502235412598,0.5193691253662109,0.4547158181667328,0.5209504961967468,0.5373801589012146,0.5269160270690918,0.4946363568305969,0.5316708087921143,0.557135820388794,0.6343458890914917,0.49687033891677856,0.6384328007698059,0.5565609931945801,0.7283940315246582,0.4873459041118622,0.7426656484603882
69,0.5099261999130249,0.3648010194301605,0.5520843267440796,0.40959402918815613,0.5780802369117737,0.4538443684577942,0.47510021924972534,0.4096090793609619,0.4523548483848572,0.4609600305557251,0.5930494666099548,0.4999186396598816,0.43377548456192017,0.5061417818069458,0.5396794080734253,0.5246959924697876,0.49440521001815796,0.5289918184280396,0.5575050711631775,0.6306074857711792,0.4973040223121643,0.6345603466033936,0.557461678981781,0.7276875972747803,0.48760148882865906,0.7414904832839966
70,0.5095775127410889,0.36401069164276123,0.5511609315872192,0.4061398208141327,0.5866625905036926,0.451453298330307,0.4745686650276184,0.40980035066604614,0.45169100165367126,0.4558872878551483,0.5932821035385132,0.4713342785835266,0.4408613443374634,0.4682423770427704,0.5410192608833313,0.5257672071456909,0.4939435124397278,0.5271362066268921,0.5561050176620483,0.6280800700187683,0.495675265789032,0.6359859704971313,0.5550155639648438,0.7267980575561523,0.48370081186294556,0.7394334673881531
71,0.508747398853302,0.3617010712623596,0.549405038356781,0.4056206941604614,0.5888617634773254,0.4452536702156067,0.47536003589630127,0.40981683135032654,0.44664686918258667,0.4473132789134979,0.595608651638031,0.4506080150604248,0.4381559491157532,0.44751614332199097,0.5415142774581909,0.5285572409629822,0.49469321966171265,0.5288858413696289,0.55648273229599,0.6284728050231934,0.49389562010765076,0.6360162496566772,0.5554227828979492,0.7286731600761414,0.4841555953025818,0.7400631904602051
72,0.5081861019134521,0.3599117696285248,0.5375866293907166,0.3994881808757782,0.5878956317901611,0.4167060852050781,0.4800269305706024,0.4079678952693939,0.45513904094696045,0.42887091636657715,0.6020704507827759,0.4004218578338623,0.4338550567626953,0.41720277070999146,0.5346317291259766,0.5237898230552673,0.49317222833633423,0.5285707712173462,0.5533795952796936,0.6325108408927917,0.48999854922294617,0.6365646719932556,0.5535257458686829,0.7328766584396362,0.4790688157081604,0.7400995492935181
73,0.5119304656982422,0.3618389368057251,0.5422837138175964,0.4048224091529846,0.5833437442779541,0.41194677352905273,0.48090600967407227,0.4074866771697998,0.4376545548439026,0.41249915957450867,0.599464476108551,0.3810095191001892,0.442470908164978,0.38889333605766296,0.5393276810646057,0.5276580452919006,0.4954344630241394,0.5325013399124146,0.5584763884544373,0.634966254234314,0.4935057759284973,0.639788031578064,0.5585225224494934,0.7312394380569458,0.48257189989089966,0.7418071627616882
74,0.5009811520576477,0.3655088543891907,0.5355207920074463,0.4078952968120575,0.5830463171005249,0.39296478033065796,0.47913771867752075,0.41386517882347107,0.4529377222061157,0.38988491892814636,0.5955573320388794,0.3559769093990326,0.4513034224510193,0.3639216125011444,0.5401117205619812,0.5300874710083008,0.49352261424064636,0.5350377559661865,0.5593867897987366,0.6365501284599304,0.49021539092063904,0.6422631740570068,0.5558032393455505,0.7355124354362488,0.48133334517478943,0.7431919574737549
75,0.49880778789520264,0.36019182205200195,0.5379062294960022,0.40060219168663025,0.5862863659858704,0.36537718772888184,0.4779229164123535,0.4021412134170532,0.4504583775997162,0.36515292525291443,0.6049492359161377,0.31622517108917236,0.4515199363231659,0.31485357880592346,0.5375571250915527,0.526461124420166,0.49028486013412476,0.5314806699752808,0.5594086647033691,0.6348189115524292,0.4913933277130127,0.6401016712188721,0.560515284538269,0.7331697344779968,0.4838082790374756,0.7438082695007324
76,0.5071356296539307,0.3590443730354309,0.5426506400108337,0.3957250714302063,0.5859287977218628,0.3506995439529419,0.4787456691265106,0.39313599467277527,0.4525752067565918,0.3402271270751953,0.5874286890029907,0.2908315062522888,0.46523404121398926,0.290829598903656,0.5337002277374268,0.5268939137458801,0.49027717113494873,0.531853437423706,0.5588046908378601,0.6328532695770264,0.4939853549003601,0.6398669481277466,0.5628376603126526,0.7328242659568787,0.4822654724121094,0.7451907992362976
77,0.510893702507019,0.35525810718536377,0.5418046712875366,0.38931140303611755,0.5788133144378662,0.34063446521759033,0.4800606369972229,0.385650634765625,0.44975417852401733,0.33502352237701416,0.582602858543396,0.2695477604866028,0.4571568965911865,0.2718536853790283,0.5356452465057373,0.5218398571014404,0.49029654264450073,0.5246073007583618,0.5567441582679749,0.6315720081329346,0.49573832750320435,0.6357268691062927,0.5625751614570618,0.7318309545516968,0.48343151807785034,0.7417270541191101
78,0.5196237564086914,0.34347185492515564,0.5542552471160889,0.3790130317211151,0.579954206943512,0.31797870993614197,0.47505003213882446,0.3782672882080078,0.449312299489975,0.327963650226593,0.5753082036972046,0.2484947293996811,0.4531536102294922,0.2676088213920593,0.5366198420524597,0.5200714468955994,0.4870234727859497,0.5236315727233887,0.5543420314788818,0.6346426010131836,0.49691206216812134,0.6390987634658813,0.5614148378372192,0.7353392839431763,0.4857352375984192,0.742118239402771
79,0.5147047638893127,0.34772786498069763,0.551970362663269,0.38139909505844116,0.5814763307571411,0.3009563982486725,0.4712086319923401,0.38766175508499146,0.44347748160362244,0.29915422201156616,0.5693042278289795,0.22697708010673523,0.4670587182044983,0.23337584733963013,0.5355631113052368,0.5237377882003784,0.4886574149131775,0.5271933078765869,0.5549707412719727,0.6372013688087463,0.49690696597099304,0.6416749358177185,0.5604434013366699,0.7359179854393005,0.48367974162101746,0.7458077669143677
80,0.5203107595443726,0.33969050645828247,0.5535324811935425,0.37533271312713623,0.5812069177627563,0.2955608367919922,0.4761717915534973,0.3778724670410156,0.44930586218833923,0.3034661114215851,0.5685831308364868,0.22744892537593842,0.4671249985694885,0.23948423564434052,0.5359349846839905,0.5218965411186218,0.4890001714229584,0.525951623916626,0.554930567741394,0.6356210708618164,0.4907439649105072,0.6403110027313232,0.56000155210495,0.735491156578064,0.48183152079582214,0.7489123344421387
81,0.5195162892341614,0.330614298582077,0.553917646408081,0.3724510371685028,0.5855008959770203,0.29608848690986633,0.47463876008987427,0.3762240409851074,0.4469660222530365,0.28580939769744873,0.5630764961242676,0.22125302255153656,0.47528156638145447,0.23203586041927338,0.5357837080955505,0.5206981301307678,0.48799678683280945,0.5246045589447021,0.5542006492614746,0.6343940496444702,0.49009621143341064,0.6390084028244019,0.5590789318084717,0.7361618876457214,0.48442932963371277,0.7430295944213867
82,0.517785906791687,0.32018059492111206,0.5574967861175537,0.35884398221969604,0.5829190611839294,0.2922380268573761,0.47618287801742554,0.3644561171531677,0.4450448453426361,0.2859143912792206,0.5577444434165955,0.22425061464309692,0.47227126359939575,0.2308044135570526,0.5372061133384705,0.5185104608535767,0.4868636727333069,0.523059606552124,0.5534690022468567,0.631597638130188,0.4896317422389984,0.6346893906593323,0.5570959448814392,0.7322084903717041,0.4842333495616913,0.7420750856399536
83,0.5182549357414246,0.33095836639404297,0.55147385597229,0.3736690878868103,0.581315815448761,0.29308027029037476,0.473015159368515,0.37397897243499756,0.4541381001472473,0.28872865438461304,0.5651170015335083,0.22959451377391815,0.4692178964614868,0.22424781322479248,0.536873459815979,0.5246188640594482,0.4896138906478882,0.5273290276527405,0.5565564036369324,0.6345460414886475,0.4918583631515503,0.6374362111091614,0.5594900846481323,0.7338904142379761,0.48554015159606934,0.7439817190170288
84,0.5144327282905579,0.32600218057632446,0.5496634244918823,0.37398838996887207,0.5799445509910583,0.2981911897659302,0.47549161314964294,0.3763143718242645,0.44635865092277527,0.2955988347530365,0.5528135895729065,0.22107170522212982,0.46359163522720337,0.2262021005153656,0.5372006893157959,0.5255120992660522,0.48896846175193787,0.5277226567268372,0.5556359887123108,0.6336039304733276,0.490273118019104,0.6385584473609924,0.559660792350769,0.7316822409629822,0.4809568524360657,0.7448312044143677
85,0.5169826745986938,0.31651434302330017,0.549947202205658,0.3599051833152771,0.5803421139717102,0.2849523425102234,0.4748978316783905,0.36165332794189453,0.44741594791412354,0.28905779123306274,0.5546610355377197,0.2206379771232605,0.47592592239379883,0.22736965119838715,0.5368561744689941,0.521548330783844,0.48615047335624695,0.5232285261154175,0.5541349649429321,0.6326056718826294,0.4896676242351532,0.6343724727630615,0.5568039417266846,0.7323777675628662,0.47983431816101074,0.7423343062400818
86,0.5183377861976624,0.32429805397987366,0.5468315482139587,0.3684988021850586,0.5760728120803833,0.28830957412719727,0.47174978256225586,0.3698696792125702,0.4514920115470886,0.2943250238895416,0.5504464507102966,0.2234199345111847,0.47781985998153687,0.22820185124874115,0.5373173356056213,0.5212415456771851,0.48862776160240173,0.5223561525344849,0.5547583103179932,0.6329398155212402,0.4900882840156555,0.6349422931671143,0.556963324546814,0.7314743995666504,0.4807448387145996,0.7404711246490479
87,0.516106128692627,0.33031564950942993,0.5457573533058167,0.3734552264213562,0.5703332424163818,0.2994365096092224,0.47472667694091797,0.3750689923763275,0.4578808546066284,0.2996594309806824,0.5432940721511841,0.22652751207351685,0.47757548093795776,0.23153653740882874,0.5381865501403809,0.5206087827682495,0.4898686110973358,0.5216875076293945,0.5562400817871094,0.6344273090362549,0.4915112257003784,0.6363141536712646,0.5574297904968262,0.7314419746398926,0.4820297658443451,0.7404546141624451
88,0.5173307657241821,0.3255249261856079,0.5446975231170654,0.37007936835289,0.5709279775619507,0.2964174151420593,0.4746062755584717,0.3717483878135681,0.4593677520751953,0.29390424489974976,0.5448347926139832,0.22449511289596558,0.48200422525405884,0.2324790209531784,0.5384432077407837,0.5182292461395264,0.48952779173851013,0.5190634727478027,0.5566530227661133,0.6325647830963135,0.49228978157043457,0.634434163570404,0.5549618601799011,0.7289483547210693,0.48429378867149353,0.7388648986816406
89,0.5154049396514893,0.32341742515563965,0.5451123714447021,0.3685690760612488,0.5715991258621216,0.29266563057899475,0.4723956286907196,0.3699098527431488,0.45617932081222534,0.2899434268474579,0.5413973331451416,0.22181662917137146,0.4770921468734741,0.229745551943779,0.539065420627594,0.5179392099380493,0.4900857210159302,0.519263505935669,0.5564719438552856,0.6334709525108337,0.49300408363342285,0.6354817152023315,0.5545024275779724,0.7270178198814392,0.48471057415008545,0.7388913631439209
90,0.5179611444473267,0.32121554017066956,0.5467116236686707,0.3660919666290283,0.5709044337272644,0.2829784154891968,0.47418007254600525,0.3689168691635132,0.45861849188804626,0.2888540029525757,0.5424256324768066,0.22004227340221405,0.48109766840934753,0.22844140231609344,0.5400584936141968,0.5177160501480103,0.49219077825546265,0.5190256834030151,0.5571783781051636,0.6323898434638977,0.4957197606563568,0.635108232498169,0.5541929006576538,0.7256399393081665,0.4911922216415405,0.7354864478111267
91,0.5189191699028015,0.3187190294265747,0.5513789057731628,0.36630749702453613,0.5702930688858032,0.2926108241081238,0.47294002771377563,0.3671833276748657,0.45894551277160645,0.28518936038017273,0.5477321147918701,0.2236751765012741,0.48170143365859985,0.22848495841026306,0.5407313704490662,0.5176099538803101,0.4915722608566284,0.51918625831604,0.5570753812789917,0.6316615343093872,0.4947202205657959,0.6348260641098022,0.5534542798995972,0.7257928848266602,0.4863491952419281,0.7395647764205933
92,0.5168793201446533,0.31742045283317566,0.550352156162262,0.36653387546539307,0.5702212452888489,0.28402650356292725,0.47929781675338745,0.36799824237823486,0.4571894109249115,0.28537479043006897,0.5407159328460693,0.22197501361370087,0.4773572087287903,0.22654983401298523,0.5401623249053955,0.5182113647460938,0.4908467233181,0.5196275115013123,0.5567405819892883,0.6313461661338806,0.4937770366668701,0.6353049278259277,0.5536471605300903,0.7259389758110046,0.4857866168022156,0.7396509051322937
93,0.5186265707015991,0.3188267946243286,0.5507768392562866,0.36600786447525024,0.5739520788192749,0.284049928188324,0.4725600481033325,0.3677337169647217,0.45764681696891785,0.28842592239379883,0.5495780110359192,0.22599337995052338,0.47889766097068787,0.2287009358406067,0.5399383306503296,0.5176883935928345,0.4912724196910858,0.5189974308013916,0.5569474101066589,0.6325197219848633,0.4921809434890747,0.6362897157669067,0.5535145998001099,0.7261950969696045,0.48553329706192017,0.7395030856132507
94,0.5182980298995972,0.31799137592315674,0.5501657724380493,0.36365193128585815,0.5771926045417786,0.28031688928604126,0.4797919690608978,0.3662051558494568,0.45580777525901794,0.2858821451663971,0.5539324879646301,0.22391527891159058,0.476829469203949,0.22774718701839447,0.5397453308105469,0.5169830322265625,0.4907192587852478,0.5184511542320251,0.557175874710083,0.631493330001831,0.4921761453151703,0.6351650953292847,0.5546649694442749,0.7253591418266296,0.48592567443847656,0.7395517230033875
95,0.5181138515472412,0.32088014483451843,0.550580620765686,0.36510953307151794,0.5774871706962585,0.2844977378845215,0.4731931686401367,0.36703383922576904,0.4583970010280609,0.29035839438438416,0.551962673664093,0.22560128569602966,0.4756724238395691,0.22935333847999573,0.5392475128173828,0.5190396904945374,0.4922652244567871,0.5211058259010315,0.5565594434738159,0.6329365372657776,0.49157047271728516,0.6361619830131531,0.5533784627914429,0.7272335886955261,0.4822697341442108,0.7404093146324158
96,0.5143482089042664,0.3336075246334076,0.5489065051078796,0.3791579604148865,0.5796527862548828,0.2897387444972992,0.4766574501991272,0.383223295211792,0.45917606353759766,0.2910529673099518,0.5536724328994751,0.2241237610578537,0.47433194518089294,0.2244626134634018,0.5380719900131226,0.5233750343322754,0.4928604066371918,0.5256925821304321,0.5570436120033264,0.63544762134552,0.490422785282135,0.6378391981124878,0.557711124420166,0.7266329526901245,0.4850982427597046,0.7383686900138855
97,0.5190638899803162,0.3329541087150574,0.5490710139274597,0.376604288816452,0.5783810615539551,0.2867487668991089,0.47652146220207214,0.38024768233299255,0.4618295133113861,0.2892639636993408,0.5547865033149719,0.22042840719223022,0.4764131009578705,0.22379353642463684,0.5389109253883362,0.521742045879364,0.49336040019989014,0.5226216316223145,0.5559269189834595,0.6335008144378662,0.4936431348323822,0.6352821588516235,0.5541560053825378,0.7268190383911133,0.48308584094047546,0.7384859919548035
98,0.5193363428115845,0.333219975233078,0.5530538558959961,0.37515896558761597,0.5793853998184204,0.28522878885269165,0.47610601782798767,0.37989503145217896,0.4589619040489197,0.29327449202537537,0.5547266602516174,0.22317785024642944,0.47604209184646606,0.2274770587682724,0.5376495718955994,0.5246577262878418,0.4914356470108032,0.5271252393722534,0.5476883053779602,0.6381174921989441,0.48844608664512634,0.6426346898078918,0.5498107671737671,0.7266180515289307,0.47817474603652954,0.7417885065078735
99,0.5184009075164795,0.33394941687583923,0.5505678653717041,0.3780505061149597,0.5778679251670837,0.2992495596408844,0.47770339250564575,0.3803773820400238,0.46156248450279236,0.2976008653640747,0.5592954158782959,0.23285125195980072,0.47662848234176636,0.23003600537776947,0.53641676902771,0.5246400833129883,0.4920017421245575,0.525329053401947,0.5524879097938538,0.6332138776779175,0.49026185274124146,0.6343789100646973,0.5519094467163086,0.7245204448699951,0.4852071702480316,0.7322604656219482
100,0.5193018317222595,0.33884352445602417,0.5500240325927734,0.37873607873916626,0.5767513513565063,0.30592381954193115,0.4823850989341736,0.3831520676612854,0.46493399143218994,0.29518383741378784,0.5637964606285095,0.2350388616323471,0.473897784948349,0.23843184113502502,0.5393404364585876,0.5209811925888062,0.4964714050292969,0.5229326486587524,0.5579813718795776,0.6245918869972229,0.4942178726196289,0.6295808553695679,0.5581784248352051,0.7142922282218933,0.4866753816604614,0.7314078211784363
101,0.516704797744751,0.34157562255859375,0.54893958568573,0.3804740607738495,0.5778870582580566,0.300213485956192,0.4806636571884155,0.38452574610710144,0.45952892303466797,0.2984880805015564,0.5600320100784302,0.22976449131965637,0.46957728266716003,0.23716193437576294,0.5362414121627808,0.5238126516342163,0.4929364323616028,0.5245786905288696,0.5573369860649109,0.6281009912490845,0.48977717757225037,0.6333792209625244,0.5560611486434937,0.7222123146057129,0.48655861616134644,0.7343630790710449
102,0.5181456804275513,0.3428893983364105,0.5535479784011841,0.3810809254646301,0.5794899463653564,0.29647302627563477,0.48005062341690063,0.3858256936073303,0.4605284631252289,0.29861128330230713,0.5581392049789429,0.22159820795059204,0.47595930099487305,0.22880887985229492,0.5403497219085693,0.5240576267242432,0.493283212184906,0.5253028869628906,0.5577093362808228,0.6304910182952881,0.4903557002544403,0.6342883706092834,0.5545724630355835,0.7270359396934509,0.4774206578731537,0.7383899688720703
103,0.5182641744613647,0.3425048291683197,0.555795431137085,0.38327452540397644,0.5810456871986389,0.2990199327468872,0.4780760407447815,0.3860149085521698,0.4638652205467224,0.293121337890625,0.5644943118095398,0.2229316234588623,0.47462427616119385,0.2312093824148178,0.5392919182777405,0.5267565846443176,0.49182552099227905,0.5282214879989624,0.5569425821304321,0.6326011419296265,0.48731887340545654,0.6373546719551086,0.554998517036438,0.7331961989402771,0.47675812244415283,0.746455192565918
104,0.5144587755203247,0.3491820991039276,0.552438497543335,0.38771170377731323,0.5792880654335022,0.30564841628074646,0.48154664039611816,0.3890177011489868,0.46028050780296326,0.30372175574302673,0.5612715482711792,0.2338997721672058,0.46665579080581665,0.2379855364561081,0.5401098728179932,0.5261794328689575,0.49449676275253296,0.5258867740631104,0.5612280368804932,0.6316751837730408,0.4869231879711151,0.6363292932510376,0.5548059940338135,0.7287638187408447,0.4751642942428589,0.7458998560905457
105,0.5183387994766235,0.35514840483665466,0.5530505180358887,0.3892546594142914,0.5774508118629456,0.30417847633361816,0.48124486207962036,0.3907787501811981,0.46012425422668457,0.30343198776245117,0.5633449554443359,0.23007266223430634,0.47025322914123535,0.23785245418548584,0.5399634838104248,0.5289856791496277,0.4944409132003784,0.5272623300552368,0.5614287257194519,0.6342798471450806,0.48791009187698364,0.6400588750839233,0.5600559115409851,0.7377064228057861,0.47411447763442993,0.7453069686889648
106,0.5200338363647461,0.3607339859008789,0.5515695214271545,0.3918783664703369,0.573248028755188,0.3168941140174866,0.48337697982788086,0.3969358801841736,0.45858585834503174,0.31347373127937317,0.5673096179962158,0.24105702340602875,0.46286410093307495,0.24549776315689087,0.5408728122711182,0.5281083583831787,0.4974443316459656,0.5286163091659546,0.5636774897575378,0.6321690082550049,0.48878777027130127,0.6379544734954834,0.5644937753677368,0.7329604625701904,0.4757155179977417,0.7406627535820007
107,0.5170857906341553,0.3636065721511841,0.5470778346061707,0.39180243015289307,0.5749502778053284,0.31970417499542236,0.4803188443183899,0.3974921703338623,0.4605083167552948,0.3134975731372833,0.5680575370788574,0.24207201600074768,0.4604034423828125,0.24368171393871307,0.5383398532867432,0.5282243490219116,0.49760672450065613,0.5270060300827026,0.5629492998123169,0.6285620331764221,0.49034807085990906,0.6356674432754517,0.5658538937568665,0.7315888404846191,0.47870123386383057,0.7382922172546387
108,0.5155651569366455,0.3598198890686035,0.5491448044776917,0.3923662304878235,0.5757880210876465,0.31200146675109863,0.48032522201538086,0.39961665868759155,0.45275574922561646,0.3152507245540619,0.5658960342407227,0.2401033341884613,0.4613039493560791,0.24442455172538757,0.5370903015136719,0.5346766114234924,0.4944324493408203,0.5364567041397095,0.5639208555221558,0.6265319585800171,0.4863513708114624,0.6396212577819824,0.5622999668121338,0.7334255576133728,0.4749586582183838,0.7481770515441895
109,0.518416166305542,0.365688681602478,0.5552142262458801,0.3949985206127167,0.5716755390167236,0.31992679834365845,0.4847509562969208,0.3994424343109131,0.457179993391037,0.32097047567367554,0.5656166076660156,0.24302779138088226,0.4626461863517761,0.2452446073293686,0.5417834520339966,0.5329301357269287,0.4959779381752014,0.534111738204956,0.5638444423675537,0.6318049430847168,0.48831480741500854,0.6383873820304871,0.563024640083313,0.737384557723999,0.47594818472862244,0.7455663084983826
110,0.5162516832351685,0.37263330817222595,0.5580791234970093,0.40088415145874023,0.5761428475379944,0.32156357169151306,0.4835736155509949,0.4039994180202484,0.45687222480773926,0.3268549144268036,0.5675948262214661,0.24240586161613464,0.4639132618904114,0.2517130970954895,0.5432764887809753,0.5404958724975586,0.49623697996139526,0.5379248261451721,0.5676627159118652,0.6373302340507507,0.48855552077293396,0.6398037075996399,0.5649503469467163,0.7367945909500122,0.4777359962463379,0.7460691928863525
111,0.5175818800926208,0.3777105212211609,0.558634340763092,0.41119831800460815,0.5737396478652954,0.3333864212036133,0.4860582947731018,0.40907472372055054,0.4595052897930145,0.3336963653564453,0.566429078578949,0.2490045130252838,0.4652451276779175,0.2580198049545288,0.543854832649231,0.54231196641922,0.4972754716873169,0.5438190698623657,0.5688767433166504,0.6343417763710022,0.4814920425415039,0.6431636810302734,0.5673004984855652,0.7372845411300659,0.4748384952545166,0.748485803604126
112,0.5180885791778564,0.3791036605834961,0.5604270100593567,0.40882378816604614,0.5763142108917236,0.3277503550052643,0.48107513785362244,0.4092051386833191,0.4616093039512634,0.32792308926582336,0.5647426247596741,0.25462228059768677,0.4672645032405853,0.2605213522911072,0.5437725782394409,0.5498784780502319,0.49587398767471313,0.5474420189857483,0.566267728805542,0.6386072635650635,0.4827007055282593,0.6384470462799072,0.5707166194915771,0.7416708469390869,0.47284871339797974,0.7437581419944763
113,0.5180306434631348,0.3839995861053467,0.56049644947052,0.4137471914291382,0.5771095752716064,0.34454625844955444,0.4848511219024658,0.4139218330383301,0.4621022939682007,0.33143919706344604,0.5634100437164307,0.2611886262893677,0.47146862745285034,0.2624225616455078,0.5431405901908875,0.5474824905395508,0.49744123220443726,0.5481502413749695,0.5672760605812073,0.6370620727539062,0.48340266942977905,0.6397611498832703,0.5707961916923523,0.7382322549819946,0.4749986529350281,0.745796799659729
114,0.517849326133728,0.3878089189529419,0.556460440158844,0.4230114221572876,0.576000988483429,0.3504663109779358,0.47541046142578125,0.4235706925392151,0.4540606141090393,0.34494322538375854,0.5583100914955139,0.2649160623550415,0.46605557203292847,0.2628139853477478,0.5388789176940918,0.5502058267593384,0.49437135457992554,0.5525199174880981,0.568037211894989,0.6387738585472107,0.4777756631374359,0.6416149139404297,0.5744310617446899,0.7416657209396362,0.4766535758972168,0.7492643594741821
115,0.5168171525001526,0.39392340183258057,0.5582184791564941,0.42754656076431274,0.5752891898155212,0.355070561170578,0.480646014213562,0.42669135332107544,0.46626412868499756,0.34804579615592957,0.56364905834198,0.2736469805240631,0.470723032951355,0.26920974254608154,0.541096568107605,0.5569861531257629,0.4966638684272766,0.5584947466850281,0.5700554847717285,0.6421342492103577,0.47761911153793335,0.6431729197502136,0.5731177926063538,0.7445327639579773,0.4741598963737488,0.7485146522521973
116,0.5181506872177124,0.39643973112106323,0.558660626411438,0.429784893989563,0.5768324136734009,0.35286223888397217,0.47925612330436707,0.4272589385509491,0.4571755826473236,0.3465363681316376,0.5628908276557922,0.27389800548553467,0.469912052154541,0.2714352011680603,0.5418729782104492,0.5598019361495972,0.49627685546875,0.5614425539970398,0.5679444670677185,0.645870566368103,0.4746289849281311,0.6519641876220703,0.5719701051712036,0.7465465068817139,0.4745981693267822,0.7494274377822876
117,0.5205347537994385,0.4022558629512787,0.5529557466506958,0.43630704283714294,0.5787836313247681,0.35793423652648926,0.47759371995925903,0.4338306188583374,0.4614473283290863,0.35475465655326843,0.5650700330734253,0.2852248549461365,0.4724876880645752,0.2806466817855835,0.5433098077774048,0.5595995187759399,0.49692732095718384,0.5625728964805603,0.5698639750480652,0.6485539674758911,0.47692960500717163,0.6541986465454102,0.5723695755004883,0.7492296695709229,0.4764155149459839,0.7505946159362793
118,0.5193365812301636,0.40300577878952026,0.5574988126754761,0.4363933801651001,0.5792683362960815,0.35778725147247314,0.47996947169303894,0.43216273188591003,0.46245822310447693,0.35963746905326843,0.5659182071685791,0.2866424322128296,0.4691721796989441,0.285405695438385,0.5411059260368347,0.5675211548805237,0.4963342547416687,0.5681632161140442,0.5710009336471558,0.6555742025375366,0.4764114022254944,0.6569427251815796,0.5718621015548706,0.7530805468559265,0.47462713718414307,0.7524186372756958
119,0.5189395546913147,0.418853759765625,0.557827353477478,0.44682663679122925,0.5810415744781494,0.36618614196777344,0.48069167137145996,0.4434376358985901,0.46147340536117554,0.3724009394645691,0.5644787549972534,0.28892460465431213,0.47174832224845886,0.293497771024704,0.5418766140937805,0.572939932346344,0.49698513746261597,0.574425458908081,0.5690824389457703,0.6620937585830688,0.4759334921836853,0.6617714166641235,0.5703335404396057,0.7528200149536133,0.4724906086921692,0.7544424533843994
120,0.5197086930274963,0.41974520683288574,0.5594545602798462,0.4508199691772461,0.5831871032714844,0.382041335105896,0.4803736209869385,0.44322049617767334,0.4608447253704071,0.38373619318008423,0.5669715404510498,0.2964397072792053,0.47039398550987244,0.30661773681640625,0.5385218262672424,0.5740556120872498,0.4958520829677582,0.5781612396240234,0.5708373785018921,0.6523453593254089,0.48004791140556335,0.6563130617141724,0.5726079344749451,0.7509737014770508,0.47377249598503113,0.7550265192985535
121,0.5192090272903442,0.4271657466888428,0.559232771396637,0.4531043767929077,0.5854530334472656,0.38333648443222046,0.47668981552124023,0.4453558623790741,0.4599106013774872,0.3796307444572449,0.5655809640884399,0.3009045720100403,0.47622179985046387,0.2982637882232666,0.5432459115982056,0.5805289149284363,0.49779701232910156,0.5830152034759521,0.5738955736160278,0.6635965704917908,0.4738661050796509,0.6634429693222046,0.5700570344924927,0.7558248043060303,0.47091007232666016,0.7569142580032349
122,0.5191475749015808,0.435491144657135,0.5610100030899048,0.4585047662258148,0.5859097242355347,0.38270360231399536,0.477830708026886,0.4544799029827118,0.4609023928642273,0.38028764724731445,0.5678267478942871,0.3051115572452545,0.47993946075439453,0.2965052127838135,0.5442374348640442,0.5879669785499573,0.495879590511322,0.5897512435913086,0.5761647820472717,0.6614561676979065,0.47458896040916443,0.6680282354354858,0.5712040066719055,0.7524738311767578,0.46916306018829346,0.7601787447929382
123,0.5169640779495239,0.4439666271209717,0.5585976839065552,0.4639397859573364,0.5820358991622925,0.3828868269920349,0.4781796634197235,0.4604605436325073,0.46828144788742065,0.38155633211135864,0.5694550275802612,0.3081250488758087,0.48243236541748047,0.3048439621925354,0.5421810746192932,0.5933771133422852,0.49480924010276794,0.5960680246353149,0.5756095051765442,0.6701974272727966,0.4732496738433838,0.67698734998703,0.5727843642234802,0.7575284838676453,0.4669121503829956,0.7612504363059998
124,0.5166008472442627,0.4447147250175476,0.5599780082702637,0.46541982889175415,0.5854055285453796,0.38868916034698486,0.4761241674423218,0.4591287076473236,0.4601677358150482,0.38314956426620483,0.5690801739692688,0.30725109577178955,0.4789227247238159,0.30429673194885254,0.5427906513214111,0.5934047102928162,0.4966161251068115,0.5959734916687012,0.5739120244979858,0.6745188236236572,0.4743390679359436,0.6769341230392456,0.5768120884895325,0.7591090202331543,0.4679450988769531,0.7613754272460938
125,0.5199580192565918,0.4452248811721802,0.560617208480835,0.47056907415390015,0.5869959592819214,0.38898107409477234,0.47955653071403503,0.4653000235557556,0.4633157253265381,0.37906214594841003,0.5681439638137817,0.3040041923522949,0.48211702704429626,0.3005989193916321,0.5415784120559692,0.5951212644577026,0.498067706823349,0.597261905670166,0.5727388262748718,0.6701967716217041,0.48119568824768066,0.6727805137634277,0.5698321461677551,0.7545757293701172,0.46926626563072205,0.7543816566467285
126,0.5212997794151306,0.44750064611434937,0.5632504224777222,0.47270625829696655,0.586524486541748,0.40031108260154724,0.4810979962348938,0.47074705362319946,0.4668806493282318,0.39311906695365906,0.5729437470436096,0.3262651264667511,0.483830064535141,0.3336248993873596,0.5435951948165894,0.6002261638641357,0.49854230880737305,0.6047054529190063,0.5743985176086426,0.6806478500366211,0.4836716055870056,0.68320631980896,0.5760766267776489,0.7587448358535767,0.4747896194458008,0.7573752403259277
127,0.5176042914390564,0.45317965745925903,0.5639803409576416,0.4727325141429901,0.5849534273147583,0.4041628837585449,0.4788197875022888,0.4699150025844574,0.46294164657592773,0.4024122655391693,0.5727916955947876,0.3395422697067261,0.4795417785644531,0.33153414726257324,0.5473117828369141,0.609901487827301,0.4973144233226776,0.6148316860198975,0.5727636814117432,0.6902989149093628,0.48162806034088135,0.690460205078125,0.576301097869873,0.7602271437644958,0.47583553194999695,0.7623059153556824
128,0.5158973932266235,0.45862293243408203,0.5605172514915466,0.4784812927246094,0.5880957841873169,0.41967231035232544,0.48061084747314453,0.47866660356521606,0.45390039682388306,0.41834756731987,0.5712863206863403,0.34811604022979736,0.47632670402526855,0.35134583711624146,0.5474295616149902,0.6109256744384766,0.5004699230194092,0.6181485652923584,0.5728411674499512,0.6903418302536011,0.4835605025291443,0.6875147223472595,0.5738029479980469,0.7589037418365479,0.4739595055580139,0.755264401435852
129,0.5189709663391113,0.45847445726394653,0.5603992342948914,0.48381245136260986,0.5883408784866333,0.42588597536087036,0.48144111037254333,0.48628008365631104,0.45959731936454773,0.42443352937698364,0.5767324566841125,0.3535383939743042,0.4791468381881714,0.35703667998313904,0.5468016862869263,0.6189262866973877,0.4971124529838562,0.6229606866836548,0.5743899345397949,0.6892968416213989,0.47991785407066345,0.6873835921287537,0.5758810043334961,0.7523216009140015,0.4711744487285614,0.7518343925476074
130,0.5212589502334595,0.470671147108078,0.5630888938903809,0.4862945079803467,0.5918976664543152,0.4317641258239746,0.48508626222610474,0.49061906337738037,0.4599054753780365,0.4245390295982361,0.579007089138031,0.35961365699768066,0.4775310456752777,0.3548247516155243,0.5480191111564636,0.6214966773986816,0.5004440546035767,0.6278414726257324,0.5731349587440491,0.6897742748260498,0.48473700881004333,0.683845043182373,0.5717415809631348,0.7584280371665955,0.4703984260559082,0.7583927512168884
131,0.5219060778617859,0.47200989723205566,0.5616323947906494,0.48873206973075867,0.5890213251113892,0.42392870783805847,0.48255106806755066,0.4954584538936615,0.45613226294517517,0.4284622073173523,0.5759139060974121,0.36136290431022644,0.4771871268749237,0.3540700376033783,0.547453761100769,0.6279040575027466,0.49521201848983765,0.6385143399238586,0.5755742192268372,0.7004016637802124,0.4760383069515228,0.6935722231864929,0.5758221745491028,0.7581509947776794,0.4693686366081238,0.7623478174209595
132,0.5227278470993042,0.470528781414032,0.558476984500885,0.49715134501457214,0.59294593334198,0.4362412393093109,0.48826298117637634,0.5003225803375244,0.46359285712242126,0.44317638874053955,0.5714852809906006,0.35633283853530884,0.4800822138786316,0.3609156310558319,0.5473135709762573,0.6274628639221191,0.49715936183929443,0.6356536149978638,0.5777578353881836,0.7041870951652527,0.47230076789855957,0.6946787238121033,0.5826549530029297,0.7634820938110352,0.4707440733909607,0.7679113745689392
133,0.5214993953704834,0.48152732849121094,0.5593007802963257,0.5098100900650024,0.5935739278793335,0.43967294692993164,0.48976343870162964,0.5153458118438721,0.46397778391838074,0.4452758729457855,0.5732303261756897,0.36471623182296753,0.48001420497894287,0.3661087155342102,0.549150824546814,0.6293591856956482,0.49931591749191284,0.6383978128433228,0.5798094272613525,0.6993483901023865,0.47112947702407837,0.6979737281799316,0.5842781662940979,0.757901668548584,0.4744933545589447,0.7727806568145752
134,0.519047737121582,0.4847351908683777,0.5619663000106812,0.5079281330108643,0.5962816476821899,0.4414944648742676,0.4887969493865967,0.5083610415458679,0.4606493413448334,0.44693753123283386,0.5728137493133545,0.3663385510444641,0.48145434260368347,0.3717784583568573,0.5475107431411743,0.6305428147315979,0.4982380270957947,0.6388639211654663,0.5738915801048279,0.6991624236106873,0.47217246890068054,0.695407509803772,0.583344578742981,0.7565714716911316,0.4764905869960785,0.7707754373550415
135,0.5243144035339355,0.4948127865791321,0.5660214424133301,0.5152825117111206,0.5972524881362915,0.44421595335006714,0.48550158739089966,0.5163652896881104,0.4576805531978607,0.46172863245010376,0.5721663236618042,0.3736165761947632,0.48611003160476685,0.3794795870780945,0.5462032556533813,0.6468542814254761,0.4954380393028259,0.6476784944534302,0.5776827335357666,0.7046914100646973,0.4726215600967407,0.7026633024215698,0.5818994045257568,0.7510821223258972,0.4734961688518524,0.7528612017631531
136,0.5235170722007751,0.5013083815574646,0.5658808350563049,0.5238934755325317,0.5904067754745483,0.44619083404541016,0.48336952924728394,0.5233259201049805,0.4614536762237549,0.4660807251930237,0.5800065398216248,0.3754498362541199,0.48854193091392517,0.3761260211467743,0.5479370355606079,0.6509188413619995,0.49578821659088135,0.6509681344032288,0.578238308429718,0.7037074565887451,0.4714592695236206,0.6973861455917358,0.579060435295105,0.7512246966362,0.47068461775779724,0.7543770670890808
137,0.5240843892097473,0.5011564493179321,0.5591305494308472,0.5325062274932861,0.5979351997375488,0.4582641124725342,0.4934261441230774,0.5313960313796997,0.45859426259994507,0.46774935722351074,0.5827184319496155,0.3761812150478363,0.4878321886062622,0.37486153841018677,0.5453982353210449,0.6625128984451294,0.49464520812034607,0.6631942391395569,0.5802401900291443,0.7071810960769653,0.4703482985496521,0.7053087949752808,0.580319881439209,0.752586841583252,0.47188717126846313,0.7540759444236755
138,0.5247920751571655,0.5041579008102417,0.5621914267539978,0.5386221408843994,0.5997675061225891,0.4619635045528412,0.48582541942596436,0.5366916060447693,0.4637521207332611,0.4599294066429138,0.5813449025154114,0.37782523036003113,0.48152458667755127,0.37302154302597046,0.5495198965072632,0.658294677734375,0.49529320001602173,0.6649371385574341,0.5816618204116821,0.7008819580078125,0.4756487011909485,0.693724513053894,0.5791211128234863,0.7601277232170105,0.46657663583755493,0.7572948336601257
139,0.5245388746261597,0.5148948431015015,0.5626954436302185,0.542126476764679,0.593765914440155,0.46781250834465027,0.491411030292511,0.5415599942207336,0.46312686800956726,0.477187842130661,0.5826463103294373,0.38173410296440125,0.4846200942993164,0.37842342257499695,0.5441358089447021,0.6698498725891113,0.4953221082687378,0.6661097407341003,0.5867923498153687,0.7127842903137207,0.468638151884079,0.7128682136535645,0.5774064660072327,0.7499558329582214,0.4676426351070404,0.7498441934585571
140,0.5231955051422119,0.512241542339325,0.5608329772949219,0.5440614223480225,0.6006380319595337,0.4805701971054077,0.48758718371391296,0.5490752458572388,0.45431801676750183,0.4839712083339691,0.5859185457229614,0.39237484335899353,0.4744790196418762,0.388967365026474,0.5510376691818237,0.6693212985992432,0.4972543716430664,0.6690935492515564,0.5887666940689087,0.7111155986785889,0.4744682013988495,0.7111717462539673,0.5798414945602417,0.7624913454055786,0.468508780002594,0.7630504965782166
141,0.5234704613685608,0.515751302242279,0.5567811727523804,0.5582640171051025,0.6021488904953003,0.4895511269569397,0.48694050312042236,0.5567470192909241,0.4506675601005554,0.49045059084892273,0.5877422094345093,0.4061588943004608,0.46598386764526367,0.40267372131347656,0.5452354550361633,0.6662619113922119,0.5000113248825073,0.6665451526641846,0.5855551958084106,0.6977378129959106,0.48546573519706726,0.6974734663963318,0.581646740436554,0.7521514296531677,0.4714156985282898,0.7580205798149109
142,0.5216997861862183,0.5167896747589111,0.5653700828552246,0.5486840605735779,0.602578341960907,0.4869936406612396,0.481174111366272,0.5481327772140503,0.44765686988830566,0.49102872610092163,0.5884691476821899,0.4052121043205261,0.4605157971382141,0.39729297161102295,0.5502169132232666,0.6677819490432739,0.4979836940765381,0.6665362119674683,0.587904691696167,0.7050421237945557,0.4825190007686615,0.7077869772911072,0.5767618417739868,0.7554275989532471,0.46976375579833984,0.7560089826583862
143,0.5173652768135071,0.5241231918334961,0.5673914551734924,0.5486329197883606,0.6022199392318726,0.4866669774055481,0.47498711943626404,0.547279953956604,0.4451488256454468,0.49063557386398315,0.5898886919021606,0.4055749177932739,0.4593861997127533,0.3958805799484253,0.5508558750152588,0.6671506762504578,0.4975021779537201,0.6634731292724609,0.5870543718338013,0.704488217830658,0.4808540344238281,0.7020467519760132,0.5711890459060669,0.7520799040794373,0.47037073969841003,0.7533066272735596
144,0.5250769853591919,0.5367414355278015,0.5520017147064209,0.561146080493927,0.6001366376876831,0.4903889298439026,0.49833035469055176,0.5610937476158142,0.4530574679374695,0.5016608238220215,0.5856783390045166,0.41406309604644775,0.4556874930858612,0.4169936180114746,0.5440558791160583,0.6804317831993103,0.5030514001846313,0.6686959266662598,0.5942072868347168,0.7090646028518677,0.4765227735042572,0.7151957750320435,0.5774871706962585,0.7355031967163086,0.4847054183483124,0.7253727316856384
145,0.5233191251754761,0.5340621471405029,0.5612952709197998,0.5613043308258057,0.606093168258667,0.491152822971344,0.4888530671596527,0.5597440004348755,0.45081210136413574,0.5030137300491333,0.5871291160583496,0.411175936460495,0.4530782401561737,0.41283270716667175,0.5463926792144775,0.6702979803085327,0.493818998336792,0.677201509475708,0.5937275886535645,0.7089115381240845,0.47586381435394287,0.7126889228820801,0.578970193862915,0.7439861297607422,0.4733060300350189,0.7473756074905396
146,0.524705708026886,0.5356691479682922,0.5509058237075806,0.5614620447158813,0.6041282415390015,0.4908751845359802,0.4990188777446747,0.5609036684036255,0.45016956329345703,0.5031137466430664,0.5863795876502991,0.4114072322845459,0.45356154441833496,0.4180954396724701,0.5385965704917908,0.6678985953330994,0.501377284526825,0.665709912776947,0.5915042161941528,0.7044167518615723,0.4827587604522705,0.705364465713501,0.5725721716880798,0.7300581336021423,0.4837610423564911,0.723853349685669
147,0.5245866775512695,0.5315484404563904,0.5654582977294922,0.5599300861358643,0.6087027192115784,0.49113547801971436,0.4792751669883728,0.5531680583953857,0.44447919726371765,0.5019019246101379,0.5894917249679565,0.4120354652404785,0.45298993587493896,0.4121614694595337,0.5487306118011475,0.6675825119018555,0.49545297026634216,0.6650711297988892,0.592315673828125,0.6997129321098328,0.4788058400154114,0.700078010559082,0.5772249698638916,0.746564507484436,0.47058790922164917,0.7497627139091492
148,0.5234915614128113,0.5316199660301208,0.5651935338973999,0.5607296228408813,0.607450008392334,0.4908716082572937,0.48005324602127075,0.5552667379379272,0.45036780834198,0.4967796504497528,0.5895707607269287,0.41264280676841736,0.4568105936050415,0.4068414568901062,0.5490162372589111,0.6679848432540894,0.496609091758728,0.6663116216659546,0.5906582474708557,0.6993956565856934,0.4800405502319336,0.6970788836479187,0.5774625539779663,0.7507044672966003,0.47089657187461853,0.7528799772262573
149,0.5216379761695862,0.5283334255218506,0.565859317779541,0.5582759380340576,0.6049225330352783,0.49058446288108826,0.4794948101043701,0.5537298321723938,0.44519123435020447,0.49621304869651794,0.588876485824585,0.4059797525405884,0.45118460059165955,0.4094073474407196,0.5495855808258057,0.6691870093345642,0.4962364435195923,0.6662368178367615,0.5914118885993958,0.7015930414199829,0.47722434997558594,0.6976823210716248,0.5752204656600952,0.7502807378768921,0.4693624973297119,0.7532532215118408
150,0.5223901271820068,0.5292744636535645,0.5632725954055786,0.5563942193984985,0.5985540151596069,0.4917775094509125,0.48293179273605347,0.5518307089805603,0.4458279013633728,0.49125251173973083,0.587144672870636,0.404021680355072,0.45142555236816406,0.4085885286331177,0.545834481716156,0.6673122644424438,0.4945141673088074,0.6637741327285767,0.5930351614952087,0.699607253074646,0.47546666860580444,0.695952296257019,0.574173629283905,0.7468485832214355,0.4713359475135803,0.754987359046936
151,0.5237335562705994,0.5231554508209229,0.5671852827072144,0.5561602115631104,0.599665641784668,0.48659610748291016,0.4780847728252411,0.5503436326980591,0.4514988362789154,0.4815308451652527,0.5886799693107605,0.4055132269859314,0.4535733461380005,0.4030945301055908,0.5459670424461365,0.684096097946167,0.49321770668029785,0.6790801286697388,0.593005895614624,0.702068567276001,0.4715138375759125,0.7050279974937439,0.5773949027061462,0.7448265552520752,0.468146413564682,0.7473498582839966
152,0.5256779193878174,0.5285682678222656,0.5689288377761841,0.5564798712730408,0.6019525527954102,0.4838234782218933,0.4792824387550354,0.5548081398010254,0.45381224155426025,0.48096999526023865,0.5882567167282104,0.4044097363948822,0.45349764823913574,0.4033428430557251,0.5485996007919312,0.6823266744613647,0.49726247787475586,0.6724662184715271,0.5937342047691345,0.7032155990600586,0.468799352645874,0.7049357891082764,0.5808853507041931,0.7409636974334717,0.4710361659526825,0.7509877681732178
153,0.5266104340553284,0.5300201773643494,0.5677511692047119,0.5587176084518433,0.6005117297172546,0.48409396409988403,0.48131561279296875,0.5575352907180786,0.44957125186920166,0.48491784930229187,0.5903266072273254,0.40146297216415405,0.45667940378189087,0.4031202495098114,0.5487841367721558,0.6692352294921875,0.49677085876464844,0.6668464541435242,0.5951854586601257,0.7032131552696228,0.46798431873321533,0.7046642303466797,0.5795861482620239,0.738195538520813,0.47310274839401245,0.7506169676780701
154,0.5264303684234619,0.5279442071914673,0.5670206546783447,0.5573441386222839,0.5991938710212708,0.4879246652126312,0.48047739267349243,0.5541315674781799,0.4508073031902313,0.4860578775405884,0.5902106761932373,0.4023849666118622,0.45609909296035767,0.40488648414611816,0.5475407838821411,0.6731288433074951,0.49421942234039307,0.6698822379112244,0.5953382253646851,0.7038974761962891,0.4681600332260132,0.7051429748535156,0.5792701244354248,0.7368728518486023,0.4726623296737671,0.7464255094528198
155,0.5208024978637695,0.5264459848403931,0.5635053515434265,0.5583890676498413,0.6014336347579956,0.4904329180717468,0.4826892614364624,0.5565779209136963,0.4500560760498047,0.4867534339427948,0.588363528251648,0.4086720943450928,0.45731303095817566,0.4043349027633667,0.5442960262298584,0.6769527196884155,0.4961202144622803,0.6733621954917908,0.5909675359725952,0.7030441761016846,0.47460371255874634,0.7040740251541138,0.5834522843360901,0.7451835870742798,0.46812790632247925,0.7512202262878418
156,0.5209087133407593,0.5291629433631897,0.5582684278488159,0.5608361959457397,0.5995106101036072,0.5016469955444336,0.4870913028717041,0.557084321975708,0.455858051776886,0.494121253490448,0.5886200666427612,0.4147624671459198,0.45044994354248047,0.4175388216972351,0.5431485176086426,0.6742024421691895,0.49848026037216187,0.6718260049819946,0.5828104019165039,0.7009971141815186,0.4742632508277893,0.7010864615440369,0.5866512060165405,0.7530373334884644,0.4649678170681,0.7543697357177734
157,0.5214579105377197,0.5269582867622375,0.5590082406997681,0.5591196417808533,0.5998340845108032,0.495400995016098,0.4853096008300781,0.5577150583267212,0.44605255126953125,0.48736876249313354,0.5857884883880615,0.40111392736434937,0.4572017788887024,0.40118974447250366,0.5429227948188782,0.6716495752334595,0.49624985456466675,0.670066773891449,0.5846929550170898,0.7016536593437195,0.47592875361442566,0.7011979818344116,0.580814003944397,0.753664493560791,0.4654488265514374,0.7569073438644409
158,0.5213746428489685,0.5256237983703613,0.5578053593635559,0.5600228905677795,0.6004948616027832,0.49640414118766785,0.4847348630428314,0.556403398513794,0.4468904733657837,0.48957037925720215,0.584299623966217,0.39915940165519714,0.45642930269241333,0.40428242087364197,0.5440118908882141,0.6724318861961365,0.495595782995224,0.6707465648651123,0.58383709192276,0.7026892900466919,0.47681188583374023,0.7023663520812988,0.5812270641326904,0.752947211265564,0.4680037200450897,0.7566775679588318
159,0.5198004245758057,0.5238087773323059,0.5568109750747681,0.5606073141098022,0.5945612192153931,0.4880352020263672,0.48361653089523315,0.5525194406509399,0.4487168490886688,0.4886733889579773,0.5835235118865967,0.39973828196525574,0.45467257499694824,0.4032793641090393,0.5414665937423706,0.6776544451713562,0.49251335859298706,0.6747676134109497,0.586288571357727,0.701994776725769,0.4732081890106201,0.7018628120422363,0.5807093381881714,0.7514288425445557,0.46382948756217957,0.7549464106559753
160,0.5196801424026489,0.5259793400764465,0.5573557615280151,0.5616095066070557,0.5967155694961548,0.48331254720687866,0.4843752980232239,0.554593026638031,0.4507159888744354,0.4857723116874695,0.5846847295761108,0.3922830820083618,0.4552921950817108,0.4026801288127899,0.5450720191001892,0.6853458881378174,0.49198126792907715,0.6825001239776611,0.590912938117981,0.7060572504997253,0.46692460775375366,0.7058974504470825,0.5816366076469421,0.7576076984405518,0.46585094928741455,0.7575182914733887
161,0.5204598903656006,0.5145158171653748,0.5596387982368469,0.5499789118766785,0.590099573135376,0.47478312253952026,0.48383641242980957,0.548558235168457,0.44824621081352234,0.48213666677474976,0.5875835418701172,0.40338703989982605,0.45394596457481384,0.4091936945915222,0.54201340675354,0.6906270384788513,0.4875391125679016,0.6892048716545105,0.5950490236282349,0.7006955146789551,0.46522557735443115,0.7040584087371826,0.5732287168502808,0.748185396194458,0.4698460102081299,0.7495168447494507
162,0.518911600112915,0.5181452035903931,0.5622792840003967,0.5481911301612854,0.5927139520645142,0.46917736530303955,0.47882553935050964,0.5470954179763794,0.4465272128582001,0.4784832000732422,0.5847805738449097,0.39197176694869995,0.44520103931427,0.3987261652946472,0.5464471578598022,0.6851160526275635,0.49218782782554626,0.6827186346054077,0.589157223701477,0.7067166566848755,0.47020548582077026,0.7049485445022583,0.5842138528823853,0.7617563009262085,0.47224554419517517,0.7666270136833191
163,0.5180232524871826,0.5145602226257324,0.5630982518196106,0.5489394068717957,0.5912472009658813,0.46052950620651245,0.47982022166252136,0.5400446653366089,0.44640105962753296,0.46167922019958496,0.5834023356437683,0.3864176869392395,0.4571695029735565,0.37573111057281494,0.5407795310020447,0.6672177314758301,0.49498099088668823,0.6662850379943848,0.584631085395813,0.7003531455993652,0.47161492705345154,0.7016918063163757,0.5814694762229919,0.7592035531997681,0.4731447696685791,0.770965039730072
164,0.5195308327674866,0.5087971091270447,0.5608845949172974,0.5449036359786987,0.5944129228591919,0.4741266965866089,0.48177894949913025,0.540981113910675,0.4433819651603699,0.4781033992767334,0.5875838994979858,0.3929474949836731,0.4561280608177185,0.39604926109313965,0.5398919582366943,0.6570771932601929,0.4948517978191376,0.6611435413360596,0.5815423727035522,0.6953410506248474,0.476599782705307,0.6938432455062866,0.5823168754577637,0.7611638307571411,0.47338181734085083,0.7655082941055298
165,0.5205523371696472,0.5021723508834839,0.5612020492553711,0.5395658016204834,0.5896415114402771,0.46660012006759644,0.48591047525405884,0.5392775535583496,0.44015881419181824,0.47325336933135986,0.5868033170700073,0.3910132050514221,0.453723281621933,0.38761696219444275,0.5441123247146606,0.6486464142799377,0.4968639314174652,0.6550533771514893,0.5799195766448975,0.6865419149398804,0.47555261850357056,0.6876615285873413,0.5805152654647827,0.7566287517547607,0.4740797281265259,0.766058087348938
166,0.517432689666748,0.49881458282470703,0.558654248714447,0.5349862575531006,0.5871480107307434,0.46167421340942383,0.48190170526504517,0.5335385799407959,0.4394301176071167,0.46820294857025146,0.5839666128158569,0.383829802274704,0.4554305970668793,0.38088545203208923,0.5418912172317505,0.6458980441093445,0.496737003326416,0.6524825692176819,0.5753627419471741,0.6967567801475525,0.47540605068206787,0.6886793375015259,0.5807758569717407,0.7589928507804871,0.4743078947067261,0.7597651481628418
167,0.5153241753578186,0.48644790053367615,0.5612663626670837,0.5245685577392578,0.5851041674613953,0.45171400904655457,0.4806475341320038,0.522320568561554,0.44220003485679626,0.4639742970466614,0.5819240808486938,0.37816762924194336,0.45453107357025146,0.3697449564933777,0.5418434739112854,0.6383446455001831,0.49449750781059265,0.6457997560501099,0.5807722806930542,0.6905185580253601,0.4690351188182831,0.6926305294036865,0.579246997833252,0.755046546459198,0.4693100154399872,0.7576994895935059
168,0.5171786546707153,0.4830707311630249,0.5566548705101013,0.5226104855537415,0.5873472690582275,0.44869083166122437,0.4794730544090271,0.5161657333374023,0.4435940682888031,0.4582851529121399,0.5847071409225464,0.3748219907283783,0.4520362317562103,0.3736423850059509,0.5409855842590332,0.6239640712738037,0.49339184165000916,0.6311472058296204,0.5787655115127563,0.6820240020751953,0.4693804383277893,0.6856554746627808,0.5824979543685913,0.7570242285728455,0.46937596797943115,0.7688981890678406
169,0.5181748270988464,0.48121196031570435,0.5585460662841797,0.5089123249053955,0.5905992984771729,0.436940997838974,0.48101717233657837,0.5048770308494568,0.44466763734817505,0.443966269493103,0.5833072662353516,0.3621556758880615,0.4444686770439148,0.3713669180870056,0.5425345301628113,0.6168510317802429,0.4951382875442505,0.6226885318756104,0.5802568197250366,0.6898722052574158,0.47425922751426697,0.6900094747543335,0.579777717590332,0.7624232172966003,0.47010302543640137,0.7693273425102234
170,0.5210502743721008,0.47419989109039307,0.5614193677902222,0.49559295177459717,0.5848795771598816,0.4265381991863251,0.48107248544692993,0.49472761154174805,0.4483337998390198,0.4350394606590271,0.5820903778076172,0.3515152931213379,0.4535472095012665,0.35875627398490906,0.5439814329147339,0.6177158951759338,0.4915768504142761,0.6234129071235657,0.5805296301841736,0.6917702555656433,0.4733845591545105,0.6892625093460083,0.5766801834106445,0.7667146921157837,0.4727833867073059,0.7721444368362427
171,0.5181919932365417,0.4677426815032959,0.557688295841217,0.49801453948020935,0.5841986536979675,0.42623743414878845,0.4785264730453491,0.4955422282218933,0.44591638445854187,0.4293956458568573,0.5854475498199463,0.3585085868835449,0.449673056602478,0.3550318479537964,0.5453715920448303,0.6117929816246033,0.49439626932144165,0.6187244653701782,0.582938015460968,0.6854277849197388,0.4742065370082855,0.6900522708892822,0.5810613036155701,0.7642011642456055,0.47432488203048706,0.7747258543968201
172,0.5154618620872498,0.45878100395202637,0.5539348125457764,0.483683317899704,0.5821205377578735,0.40208590030670166,0.4766507148742676,0.4794469475746155,0.45762595534324646,0.40162962675094604,0.5839970707893372,0.33586594462394714,0.4516040086746216,0.331554651260376,0.5410187244415283,0.6082446575164795,0.4933832585811615,0.6135295629501343,0.5827702283859253,0.6864950060844421,0.4739861488342285,0.6804184317588806,0.5762155652046204,0.7637054324150085,0.4720875024795532,0.7707391977310181
173,0.5175377130508423,0.45464634895324707,0.5567198991775513,0.4759533405303955,0.5823229551315308,0.38373827934265137,0.4785965085029602,0.47176724672317505,0.4568496644496918,0.3946415185928345,0.5826292037963867,0.3278050422668457,0.458406925201416,0.3241068720817566,0.5398843288421631,0.5994974970817566,0.49815529584884644,0.6035062074661255,0.5818637609481812,0.6832429766654968,0.4717360734939575,0.6751885414123535,0.574811577796936,0.7633270025253296,0.4726014733314514,0.7674705982208252
174,0.5195747017860413,0.44806545972824097,0.5549143552780151,0.47496768832206726,0.5787160992622375,0.37242674827575684,0.47580358386039734,0.47029754519462585,0.4583793878555298,0.3828410506248474,0.5756075382232666,0.2985396981239319,0.4551612138748169,0.3123825788497925,0.5387316942214966,0.5992459654808044,0.4960957467556,0.6023198962211609,0.5826718807220459,0.6747211217880249,0.47274789214134216,0.6720904111862183,0.5787321329116821,0.7591652274131775,0.47734951972961426,0.7644034624099731
175,0.5167725682258606,0.4425697922706604,0.5517714023590088,0.4744241237640381,0.5818724036216736,0.38292765617370605,0.47406959533691406,0.4691588580608368,0.4483736455440521,0.38288795948028564,0.5755903124809265,0.3197912275791168,0.45718979835510254,0.31074258685112,0.5407706499099731,0.5930126905441284,0.49546128511428833,0.5980615615844727,0.5742090940475464,0.67092365026474,0.4719115197658539,0.6681820750236511,0.5806939005851746,0.7589141130447388,0.47938868403434753,0.7653428912162781
176,0.5151251554489136,0.4388830363750458,0.5530286431312561,0.46295517683029175,0.5833069086074829,0.3853607773780823,0.4746274948120117,0.4619070291519165,0.45479315519332886,0.38407427072525024,0.5719345808029175,0.3086479604244232,0.45933759212493896,0.30901962518692017,0.5420864820480347,0.5858045816421509,0.4961884021759033,0.5900131464004517,0.5755341053009033,0.6694025993347168,0.4712105989456177,0.6627827286720276,0.5789399147033691,0.7582254409790039,0.4699443578720093,0.7643522620201111
177,0.5139354467391968,0.42188796401023865,0.5528618097305298,0.4524431824684143,0.5803482532501221,0.37366366386413574,0.4717182517051697,0.44964632391929626,0.4603911340236664,0.37885379791259766,0.5748833417892456,0.2985994219779968,0.4545899033546448,0.29935717582702637,0.5389858484268188,0.5783470869064331,0.49710485339164734,0.5822307467460632,0.5740243196487427,0.6596261262893677,0.47420334815979004,0.6636157035827637,0.5796410441398621,0.7571930885314941,0.47381123900413513,0.7651592493057251
178,0.5200508236885071,0.42864927649497986,0.5563901662826538,0.447874516248703,0.5785517692565918,0.36724206805229187,0.4779396057128906,0.44451090693473816,0.4622831344604492,0.377479612827301,0.5722976922988892,0.29674017429351807,0.4566201865673065,0.2970757484436035,0.538529634475708,0.5721948146820068,0.494550883769989,0.5743801593780518,0.5730612277984619,0.6564375162124634,0.4741703271865845,0.6607686877250671,0.5737459659576416,0.7528824806213379,0.47273528575897217,0.7569939494132996
179,0.5225900411605835,0.4036639630794525,0.5512708425521851,0.43545037508010864,0.5768911838531494,0.3622749447822571,0.47260281443595886,0.4357385039329529,0.45216748118400574,0.3668029308319092,0.5735828876495361,0.29542970657348633,0.456655353307724,0.28929251432418823,0.5424031615257263,0.5571037530899048,0.49288663268089294,0.5594980716705322,0.5732214450836182,0.6457068920135498,0.47300904989242554,0.6495178937911987,0.5773643255233765,0.756767988204956,0.4763132929801941,0.758034884929657
180,0.5175423622131348,0.396223247051239,0.5527871251106262,0.4293321967124939,0.573725163936615,0.36033737659454346,0.4779292345046997,0.42829662561416626,0.45768213272094727,0.3634983003139496,0.5719842910766602,0.2742486894130707,0.4559028148651123,0.28365617990493774,0.5423786640167236,0.5529998540878296,0.4936787486076355,0.5581732988357544,0.5740549564361572,0.6486219167709351,0.47418642044067383,0.6516197323799133,0.5754886865615845,0.7561522722244263,0.47294867038726807,0.7545692324638367
181,0.519047200679779,0.3822476863861084,0.552672266960144,0.4149395227432251,0.5779908895492554,0.34654659032821655,0.4732511639595032,0.41377967596054077,0.4543757438659668,0.3452270030975342,0.5696289539337158,0.2656932473182678,0.45655590295791626,0.2688846290111542,0.5403411984443665,0.546721339225769,0.49319303035736084,0.5493208765983582,0.5685011148452759,0.6397709846496582,0.476674884557724,0.6462030410766602,0.5732060670852661,0.7432975172996521,0.4758146405220032,0.751121997833252
182,0.5147685408592224,0.37775158882141113,0.5532744526863098,0.40560001134872437,0.5764223337173462,0.340293824672699,0.4720974564552307,0.4066793918609619,0.448807954788208,0.3364843726158142,0.5679680705070496,0.25579744577407837,0.45914506912231445,0.26110145449638367,0.5432413816452026,0.5395452976226807,0.4941273629665375,0.5409173965454102,0.5700310468673706,0.6366053819656372,0.47627508640289307,0.648490309715271,0.5718412399291992,0.7457570433616638,0.4765161871910095,0.7510583400726318
183,0.5124621987342834,0.3763994872570038,0.5553858280181885,0.4027513861656189,0.5782058835029602,0.3193734586238861,0.47521182894706726,0.40448006987571716,0.4487064778804779,0.3296024203300476,0.5718275308609009,0.2508156895637512,0.45357856154441833,0.2591201066970825,0.542015790939331,0.536443829536438,0.49341899156570435,0.5362573862075806,0.5668652653694153,0.6291734576225281,0.4764488637447357,0.6386771202087402,0.5665674209594727,0.736447811126709,0.4743421673774719,0.7387930750846863
184,0.5173355340957642,0.36678850650787354,0.5525884628295898,0.3932880759239197,0.5717414021492004,0.32078731060028076,0.48013314604759216,0.39564570784568787,0.4573169946670532,0.3289506733417511,0.5743904113769531,0.24758708477020264,0.4602469801902771,0.2549516558647156,0.5414918661117554,0.5325618982315063,0.4940344989299774,0.5333338379859924,0.5660387277603149,0.6320613026618958,0.4777897596359253,0.6407145857810974,0.5655582547187805,0.7400493025779724,0.47408461570739746,0.7452763319015503
185,0.5160287022590637,0.3695920407772064,0.5498838424682617,0.3927235007286072,0.5666959285736084,0.32224249839782715,0.4805503487586975,0.4007940888404846,0.4592558741569519,0.3209461569786072,0.5696293115615845,0.24763177335262299,0.45963868498802185,0.2487550675868988,0.5398634672164917,0.5286545753479004,0.49604541063308716,0.5302233695983887,0.5621214509010315,0.6308069229125977,0.48359131813049316,0.6381311416625977,0.5563426613807678,0.7297302484512329,0.4765516221523285,0.7365497350692749
186,0.5146197080612183,0.3622332215309143,0.5514822602272034,0.38913843035697937,0.5708616375923157,0.3106532096862793,0.4764019846916199,0.39716994762420654,0.4562993049621582,0.3045145571231842,0.5670750141143799,0.2340523898601532,0.4691668748855591,0.2327675074338913,0.5437658429145813,0.5318187475204468,0.49442172050476074,0.5333396196365356,0.5601521730422974,0.6307412385940552,0.48521846532821655,0.6420051455497742,0.5630846619606018,0.7340731620788574,0.4794938564300537,0.7434946298599243
187,0.5171120166778564,0.3560928702354431,0.5501543283462524,0.3889828324317932,0.567335844039917,0.3089042901992798,0.4812961220741272,0.39168232679367065,0.45954951643943787,0.30900102853775024,0.5694938898086548,0.2386680245399475,0.46605443954467773,0.23768250644207,0.5431154370307922,0.5254805088043213,0.4944353997707367,0.5267273187637329,0.5613644123077393,0.6347172856330872,0.4879041314125061,0.6432014107704163,0.5626899003982544,0.7380853891372681,0.47862133383750916,0.7479413747787476
188,0.5147954225540161,0.3495100736618042,0.5477452278137207,0.3882521092891693,0.5754705667495728,0.30097895860671997,0.482618510723114,0.38898035883903503,0.46116015315055847,0.31663841009140015,0.5714362263679504,0.23620490729808807,0.46617552638053894,0.23660747706890106,0.5396484136581421,0.5226058959960938,0.49220511317253113,0.5231062173843384,0.5591575503349304,0.6350619792938232,0.4870625436306,0.637324869632721,0.5580512881278992,0.7350320816040039,0.4795405864715576,0.7447616457939148
189,0.5158336162567139,0.34587496519088745,0.5494948625564575,0.38552746176719666,0.5738664269447327,0.2951919436454773,0.4790985584259033,0.38552749156951904,0.4583054184913635,0.3039853572845459,0.5646308660507202,0.22900985181331635,0.4743877351284027,0.23012441396713257,0.5455540418624878,0.5247740745544434,0.4939368665218353,0.5262753963470459,0.5605025887489319,0.6395294666290283,0.491274893283844,0.6464136838912964,0.5618851780891418,0.7406322956085205,0.48069173097610474,0.7501295804977417
190,0.5172024369239807,0.3383673429489136,0.5477467775344849,0.38130709528923035,0.581322431564331,0.28205472230911255,0.4767107367515564,0.38350868225097656,0.4558316469192505,0.29935014247894287,0.5642910003662109,0.21897338330745697,0.4720301628112793,0.22411420941352844,0.5407264828681946,0.5250316858291626,0.49218857288360596,0.5250535607337952,0.5562225580215454,0.6369027495384216,0.48969611525535583,0.6428420543670654,0.5551270246505737,0.7383166551589966,0.4789641797542572,0.7421990633010864
191,0.5178898572921753,0.33319616317749023,0.5513584613800049,0.37677404284477234,0.5828501582145691,0.2770842909812927,0.4739636182785034,0.37764543294906616,0.4580343961715698,0.29648157954216003,0.5662637948989868,0.21848228573799133,0.47635483741760254,0.22497282922267914,0.5436000227928162,0.5249049663543701,0.48967039585113525,0.5271220207214355,0.5553262829780579,0.6373480558395386,0.49650484323501587,0.6436936259269714,0.5645854473114014,0.7419496774673462,0.4833984375,0.7446732521057129
192,0.5124754905700684,0.3321530818939209,0.547289252281189,0.37486204504966736,0.5766146183013916,0.2930446267127991,0.47966039180755615,0.38163286447525024,0.44869375228881836,0.29872992634773254,0.5610283613204956,0.22817525267601013,0.4639453887939453,0.2320592701435089,0.5410963892936707,0.5262749791145325,0.492113322019577,0.5280940532684326,0.5562517046928406,0.6443694829940796,0.4942912459373474,0.6458827257156372,0.5685856342315674,0.7416111826896667,0.4806296229362488,0.749359130859375
193,0.5109243392944336,0.3307952880859375,0.5427036285400391,0.37246209383010864,0.567679762840271,0.29775428771972656,0.4757766127586365,0.37661463022232056,0.45568567514419556,0.3029044270515442,0.5592241287231445,0.23089973628520966,0.46973344683647156,0.24055710434913635,0.540314793586731,0.522697389125824,0.49205824732780457,0.5250269174575806,0.5578062534332275,0.6365069150924683,0.4952903687953949,0.6407017111778259,0.566030740737915,0.7363839149475098,0.4833301305770874,0.7447187900543213
194,0.5086621046066284,0.3293793201446533,0.5402913093566895,0.37116754055023193,0.5686717629432678,0.29535043239593506,0.4755433201789856,0.3760143220424652,0.45652955770492554,0.30112195014953613,0.5569722056388855,0.2340257167816162,0.4713073670864105,0.2393169105052948,0.5393755435943604,0.5207490921020508,0.49358493089675903,0.5221431255340576,0.560276985168457,0.635398268699646,0.496196985244751,0.6359028816223145,0.5684611797332764,0.7342000007629395,0.48546767234802246,0.7392868399620056
195,0.5072318315505981,0.3308979272842407,0.539696216583252,0.3707059621810913,0.5662189722061157,0.29708296060562134,0.4741363227367401,0.3772141635417938,0.45605599880218506,0.30247318744659424,0.5529159307479858,0.23678752779960632,0.46873927116394043,0.24252890050411224,0.5400370359420776,0.5186998248100281,0.49426859617233276,0.519690215587616,0.5612180233001709,0.6339055299758911,0.495591938495636,0.6364908218383789,0.5677294731140137,0.732248067855835,0.48697754740715027,0.7374625205993652
196,0.5081257820129395,0.32886528968811035,0.5414823889732361,0.37110015749931335,0.5679501295089722,0.2956949472427368,0.4740257263183594,0.37719520926475525,0.4538463354110718,0.2989403009414673,0.5567774772644043,0.2313145250082016,0.46884819865226746,0.24121758341789246,0.5397936701774597,0.517799437046051,0.4919540286064148,0.5182898044586182,0.5598505735397339,0.6353713274002075,0.49016737937927246,0.6357801556587219,0.5645672082901001,0.733196496963501,0.4841451346874237,0.7356488704681396
197,0.5082125067710876,0.3280484974384308,0.5415564775466919,0.3710857331752777,0.5669262409210205,0.2940099239349365,0.47676488757133484,0.3778526484966278,0.4532444179058075,0.2965880036354065,0.5567256212234497,0.2300289124250412,0.46849676966667175,0.23718594014644623,0.5390675663948059,0.5194940567016602,0.49023041129112244,0.5195844769477844,0.5574806332588196,0.6385602951049805,0.48954105377197266,0.6388482451438904,0.5630269050598145,0.7350746989250183,0.48461076617240906,0.7383990287780762
198,0.5052944421768188,0.3265647292137146,0.5408191084861755,0.37158429622650146,0.564980149269104,0.2957097291946411,0.4734184741973877,0.37850221991539,0.4542257785797119,0.2978804111480713,0.5588073134422302,0.22937338054180145,0.4667385220527649,0.23789584636688232,0.5391594171524048,0.5210078954696655,0.49221271276474,0.5217074751853943,0.5568105578422546,0.6377480030059814,0.4904507100582123,0.6392909288406372,0.5629206895828247,0.735065221786499,0.484996497631073,0.7404195666313171
199,0.5040754079818726,0.3261553645133972,0.5406026244163513,0.37062400579452515,0.5669348239898682,0.2910849153995514,0.47665268182754517,0.37806618213653564,0.4529232978820801,0.29814907908439636,0.5591807961463928,0.22949552536010742,0.4674777388572693,0.23870061337947845,0.5390564203262329,0.5219468474388123,0.4926966428756714,0.5222618579864502,0.5541262030601501,0.640945315361023,0.4904758632183075,0.639798641204834,0.5639221668243408,0.7382270693778992,0.4834005534648895,0.7433311939239502
200,0.5054419040679932,0.3277183771133423,0.5401996374130249,0.3714464604854584,0.5676689743995667,0.29166895151138306,0.47510164976119995,0.3778454661369324,0.4537705183029175,0.29793021082878113,0.5580679774284363,0.23096267879009247,0.46853190660476685,0.23737376928329468,0.5385990142822266,0.523283839225769,0.4920123815536499,0.5234465599060059,0.5537563562393188,0.6418331861495972,0.4895124137401581,0.6423060894012451,0.5615345239639282,0.7381495833396912,0.4827577471733093,0.743678092956543
201,0.5074248313903809,0.3291019797325134,0.541214108467102,0.3733372390270233,0.567509651184082,0.2868003249168396,0.47374019026756287,0.3787873685359955,0.45274507999420166,0.298423171043396,0.5557373762130737,0.23108306527137756,0.4688948094844818,0.23859500885009766,0.5378457307815552,0.5254102945327759,0.4904754161834717,0.5257152318954468,0.5532141327857971,0.6425254344940186,0.4888317584991455,0.6439470052719116,0.5617173910140991,0.7388684153556824,0.4827813506126404,0.7442428469657898
202,0.5122800469398499,0.32850056886672974,0.5449162721633911,0.3732910752296448,0.5748150944709778,0.2821105718612671,0.47498464584350586,0.3776932656764984,0.45145556330680847,0.2963676452636719,0.5620184540748596,0.2267242670059204,0.47267866134643555,0.23536095023155212,0.5378761887550354,0.5244367718696594,0.490452378988266,0.5252237915992737,0.5534165501594543,0.6408731937408447,0.4889586865901947,0.642572283744812,0.5621670484542847,0.7394814491271973,0.48194384574890137,0.7450957298278809
203,0.516014814376831,0.3263917565345764,0.5489497184753418,0.3681453466415405,0.5838081240653992,0.2669908404350281,0.4729800820350647,0.3717673420906067,0.44818049669265747,0.2880215644836426,0.5649122595787048,0.22383379936218262,0.47397100925445557,0.23224765062332153,0.5377145409584045,0.5220814943313599,0.48909494280815125,0.5231417417526245,0.5554605722427368,0.6387634873390198,0.490023672580719,0.6413642764091492,0.5643200874328613,0.7393008470535278,0.48392432928085327,0.7442290186882019
204,0.5139325857162476,0.3306061923503876,0.5480930805206299,0.3759107291698456,0.5848520994186401,0.272678405046463,0.4768652617931366,0.38063615560531616,0.4498584270477295,0.2959175109863281,0.5677270293235779,0.21951180696487427,0.4622223377227783,0.22825592756271362,0.5399090051651001,0.5307129621505737,0.4925163686275482,0.5311101675033569,0.5555416941642761,0.6381746530532837,0.48969221115112305,0.6434288024902344,0.5667216777801514,0.7342379093170166,0.4824102520942688,0.7460060119628906
205,0.5126211643218994,0.32695770263671875,0.5465496778488159,0.376713365316391,0.5779290795326233,0.27627086639404297,0.47692161798477173,0.379647821187973,0.4493204355239868,0.29379236698150635,0.5682104825973511,0.21958547830581665,0.46584653854370117,0.22817358374595642,0.5389755964279175,0.5299648642539978,0.4903593063354492,0.5305154323577881,0.5545922517776489,0.6353046894073486,0.48933422565460205,0.638995349407196,0.5643993020057678,0.7359933853149414,0.4811089038848877,0.7446684837341309
206,0.5141383409500122,0.32842421531677246,0.5475077033042908,0.37761813402175903,0.5767829418182373,0.2951771318912506,0.47742587327957153,0.3838678300380707,0.44706279039382935,0.29442042112350464,0.5673560500144958,0.219888374209404,0.46224749088287354,0.22902876138687134,0.5402224659919739,0.5267589688301086,0.49245214462280273,0.5264449119567871,0.5558246374130249,0.6357884407043457,0.48959991335868835,0.638414740562439,0.5637423992156982,0.7345239520072937,0.4812260866165161,0.743484616279602
207,0.5145931243896484,0.33873701095581055,0.545956015586853,0.378298282623291,0.580660879611969,0.2944234311580658,0.4769146144390106,0.386519193649292,0.44768035411834717,0.299960196018219,0.570737898349762,0.2175757735967636,0.4500976800918579,0.23538462817668915,0.5409468412399292,0.522807240486145,0.4933850169181824,0.5235248804092407,0.5558092594146729,0.6342236399650574,0.4918266236782074,0.6363369226455688,0.5641405582427979,0.7330135703086853,0.48200806975364685,0.7421280145645142
208,0.5164966583251953,0.3373069763183594,0.5490700006484985,0.37228214740753174,0.5803134441375732,0.29764193296432495,0.4739423990249634,0.3761447072029114,0.4401991367340088,0.2968762516975403,0.5639728307723999,0.2257319986820221,0.4528660178184509,0.2396857589483261,0.5395952463150024,0.5238533616065979,0.48910796642303467,0.5252935290336609,0.5554850101470947,0.6323516964912415,0.4883449673652649,0.6352927684783936,0.5658156871795654,0.7328262329101562,0.48049110174179077,0.7421185374259949
209,0.5177745223045349,0.3395501375198364,0.5511931777000427,0.370542973279953,0.5850237011909485,0.2959398329257965,0.4730791747570038,0.37299495935440063,0.43206149339675903,0.3030727505683899,0.5710065364837646,0.22397646307945251,0.4506801962852478,0.23593571782112122,0.5400503873825073,0.5219793319702148,0.48934221267700195,0.5245857238769531,0.555444598197937,0.6345333456993103,0.48943111300468445,0.6364340782165527,0.5665760636329651,0.734068751335144,0.48188504576683044,0.7432624697685242
210,0.5159941911697388,0.3466060161590576,0.5495299100875854,0.3786487281322479,0.5914182066917419,0.3107312321662903,0.47162315249443054,0.38292455673217773,0.43681639432907104,0.31918230652809143,0.5783629417419434,0.23886869847774506,0.44512614607810974,0.24670684337615967,0.5425897836685181,0.5177428722381592,0.49411389231681824,0.5206313729286194,0.5587977170944214,0.6346371173858643,0.4922357201576233,0.6367030143737793,0.5657612085342407,0.7325968742370605,0.4827954173088074,0.7390480041503906
211,0.5115305185317993,0.352367639541626,0.546533465385437,0.3858199715614319,0.599435567855835,0.3192881643772125,0.47059115767478943,0.38702940940856934,0.42938077449798584,0.3317602574825287,0.583721399307251,0.25176864862442017,0.4435506761074066,0.2549281120300293,0.5420286655426025,0.5198934078216553,0.4930347204208374,0.5224690437316895,0.5590583086013794,0.6333860158920288,0.4944562613964081,0.635775089263916,0.565794825553894,0.7316283583641052,0.48380979895591736,0.7378897666931152
212,0.5095945596694946,0.35084205865859985,0.5466190576553345,0.3814392685890198,0.5994701981544495,0.3304446339607239,0.4777803122997284,0.38651150465011597,0.4258495271205902,0.3351786732673645,0.5818978548049927,0.2536565661430359,0.43956300616264343,0.25325676798820496,0.5384150743484497,0.5162369012832642,0.49206337332725525,0.5189799666404724,0.5569023489952087,0.6331751942634583,0.49261802434921265,0.6355009078979492,0.564179539680481,0.7327825427055359,0.48225289583206177,0.7388119101524353
213,0.5178626775741577,0.34397897124290466,0.5498950481414795,0.38296258449554443,0.6060701012611389,0.3444117307662964,0.47977906465530396,0.38525819778442383,0.41919776797294617,0.34160158038139343,0.5913810133934021,0.2695813775062561,0.4374053180217743,0.26765376329421997,0.5335403084754944,0.5101472735404968,0.49148160219192505,0.5137437582015991,0.5540635585784912,0.6300479173660278,0.496932715177536,0.6325621604919434,0.5657492876052856,0.7316858768463135,0.48305994272232056,0.7361606359481812
214,0.5208592414855957,0.34180527925491333,0.5525057315826416,0.3885217308998108,0.6159307956695557,0.3589892089366913,0.47887861728668213,0.3881591260433197,0.41546258330345154,0.36397939920425415,0.6027011275291443,0.2984399199485779,0.43748939037323,0.28636759519577026,0.5341562628746033,0.5098206996917725,0.4934205412864685,0.5135982036590576,0.5554549694061279,0.6264060735702515,0.4984673261642456,0.6301850080490112,0.567956805229187,0.7285816073417664,0.48256218433380127,0.7329844832420349
215,0.5218543410301208,0.34098511934280396,0.5534390211105347,0.3876500129699707,0.610908567905426,0.365253210067749,0.4814389944076538,0.3840288817882538,0.4169750213623047,0.3753248453140259,0.6086132526397705,0.3036910891532898,0.42913681268692017,0.2985333204269409,0.538495659828186,0.5153123736381531,0.4947880208492279,0.517791211605072,0.5588741302490234,0.6304584741592407,0.4902209937572479,0.6336373686790466,0.566826581954956,0.7339217662811279,0.47879981994628906,0.7406792044639587
216,0.5052930116653442,0.3537207841873169,0.5400398969650269,0.3966825604438782,0.6117902994155884,0.38025927543640137,0.4756436049938202,0.39848554134368896,0.4186440408229828,0.38930511474609375,0.5969893336296082,0.3304348886013031,0.42753535509109497,0.33163103461265564,0.5355516672134399,0.5146586894989014,0.49054524302482605,0.5206238627433777,0.5577606558799744,0.6311020255088806,0.48543304204940796,0.6365760564804077,0.5617682337760925,0.737551212310791,0.47546058893203735,0.746673047542572
217,0.5070909261703491,0.3529106080532074,0.5403208136558533,0.40069422125816345,0.603508472442627,0.395976722240448,0.4720982313156128,0.3945024907588959,0.4168371558189392,0.3983025550842285,0.6014646291732788,0.3502367436885834,0.42546015977859497,0.3516019582748413,0.5371082425117493,0.5163308382034302,0.49248021841049194,0.5192375183105469,0.5585400462150574,0.6347576975822449,0.4872071146965027,0.6387877464294434,0.5629147291183472,0.7401062250137329,0.4773838222026825,0.7487139105796814
218,0.5102188587188721,0.3564333915710449,0.5438171625137329,0.3978719711303711,0.6036131381988525,0.40802356600761414,0.47592389583587646,0.40119263529777527,0.4141952693462372,0.4243896007537842,0.6044890880584717,0.38439494371414185,0.4120926856994629,0.39696764945983887,0.5394504070281982,0.5170297026634216,0.49625158309936523,0.5213630795478821,0.5584323406219482,0.6328837871551514,0.49043986201286316,0.6368770599365234,0.5625406503677368,0.7359287142753601,0.48112952709198,0.7445439696311951
219,0.5111533403396606,0.3605900704860687,0.5451478958129883,0.4018491208553314,0.6034432649612427,0.41986629366874695,0.47906672954559326,0.4053198993206024,0.42224639654159546,0.43049609661102295,0.6099942922592163,0.40605777502059937,0.4062764048576355,0.42018887400627136,0.5364534854888916,0.517615020275116,0.49338412284851074,0.5195192098617554,0.554705798625946,0.631705105304718,0.4898614287376404,0.6327153444290161,0.5549758672714233,0.7339705228805542,0.478283166885376,0.7388734221458435
220,0.5098053812980652,0.3613150119781494,0.5477247834205627,0.4038965702056885,0.5962854623794556,0.4463704526424408,0.47770988941192627,0.4041765630245209,0.4262382686138153,0.4450415074825287,0.6094274520874023,0.45241880416870117,0.40279266238212585,0.4518343210220337,0.5364174246788025,0.5244653820991516,0.4937584400177002,0.5227816104888916,0.554173469543457,0.6309712529182434,0.48891839385032654,0.630470335483551,0.5567575693130493,0.731956958770752,0.4787024259567261,0.7372421622276306
221,0.5092971920967102,0.3608705997467041,0.5536375045776367,0.40497440099716187,0.5917272567749023,0.4488719403743744,0.473726749420166,0.4038126468658447,0.430478572845459,0.4554259479045868,0.6041235327720642,0.4712101221084595,0.4090437889099121,0.47021156549453735,0.5383057594299316,0.5241024494171143,0.49160391092300415,0.5223386287689209,0.5557298064231873,0.6292228102684021,0.48737990856170654,0.6297930479049683,0.5575866103172302,0.7304067611694336,0.47814735770225525,0.7394577264785767
222,0.5107260346412659,0.3619554936885834,0.5533773303031921,0.40488967299461365,0.5868441462516785,0.4502674341201782,0.47664281725883484,0.40391144156455994,0.441948264837265,0.45865362882614136,0.6002333164215088,0.4961042106151581,0.4247947633266449,0.49896240234375,0.5392888784408569,0.5244452953338623,0.49418991804122925,0.5231313705444336,0.5558068156242371,0.6287820339202881,0.49060437083244324,0.6305429935455322,0.5593897104263306,0.7291895151138306,0.4792710244655609,0.7412413954734802
223,0.5113919377326965,0.3618679940700531,0.5519366264343262,0.4059135317802429,0.5764790773391724,0.45306259393692017,0.4773869514465332,0.4024660587310791,0.44728559255599976,0.45560404658317566,0.5974277257919312,0.5220156908035278,0.4290645122528076,0.4967583119869232,0.5409716367721558,0.5244818925857544,0.4948804974555969,0.5235312581062317,0.5561390519142151,0.6286543011665344,0.4941879212856293,0.6300010681152344,0.5585064888000488,0.7294032573699951,0.48081302642822266,0.740635871887207
224,0.5116284489631653,0.36228320002555847,0.5539999008178711,0.4056534469127655,0.5734544396400452,0.4530613422393799,0.48090431094169617,0.4035400152206421,0.45197629928588867,0.44673019647598267,0.5946756601333618,0.5332669615745544,0.4450032413005829,0.5146200656890869,0.5428740978240967,0.5256735682487488,0.4963005483150482,0.5257264375686646,0.5598006248474121,0.6318648457527161,0.4971274733543396,0.6336802244186401,0.5585707426071167,0.7322594523429871,0.48263299465179443,0.7409483790397644
225,0.512414813041687,0.36349424719810486,0.5555336475372314,0.4065924882888794,0.5701409578323364,0.45967739820480347,0.47866612672805786,0.4040156602859497,0.4543173015117645,0.45891618728637695,0.5888777375221252,0.5392727255821228,0.4530137777328491,0.5256538391113281,0.5407422184944153,0.5262864828109741,0.49529922008514404,0.5269902348518372,0.5586577653884888,0.6323893070220947,0.49742040038108826,0.634345293045044,0.556962251663208,0.7324700355529785,0.48150989413261414,0.7402240633964539
226,0.513068437576294,0.3614956736564636,0.5556803941726685,0.4043302536010742,0.5643595457077026,0.4595077931880951,0.4775194525718689,0.4025903642177582,0.45845741033554077,0.4605279862880707,0.5817102789878845,0.5363932847976685,0.44498419761657715,0.5217012763023376,0.5376602411270142,0.524121880531311,0.49459874629974365,0.527525782585144,0.5578826069831848,0.6281948089599609,0.4940764904022217,0.6318258047103882,0.5611225962638855,0.7276159524917603,0.4814072847366333,0.7376643419265747
