FrameNo,head_x,head_y,left_shoulder_x,left_shoulder_y,left_elbow_x,left_elbow_y,right_shoulder_x,right_shoulder_y,right_elbow_x,right_elbow_y,left_hand_x,left_hand_y,right_hand_x,right_hand_y,left_hip_x,left_hip_y,right_hip_x,right_hip_y,left_knee_x,left_knee_y,right_knee_x,right_knee_y,left_foot_x,left_foot_y,right_foot_x,right_foot_y
0,0.49796056747436523,0.35697323083877563,0.5151965618133545,0.378758043050766,0.5179102420806885,0.38117021322250366,0.5016729831695557,0.38287943601608276,0.5002915263175964,0.38436079025268555,0.510428786277771,0.38106387853622437,0.49863263964653015,0.38208848237991333,0.5362570285797119,0.4593448340892792,0.5193324089050293,0.477072536945343,0.5459799766540527,0.5757837891578674,0.5357738137245178,0.5760957598686218,0.5411588549613953,0.6543018817901611,0.5196554660797119,0.655301034450531
1,0.5009782910346985,0.35903793573379517,0.5398674607276917,0.392993688583374,0.5217559337615967,0.38252294063568115,0.5039375424385071,0.3936218023300171,0.4975174069404602,0.3847958743572235,0.5126163959503174,0.3792220950126648,0.49661824107170105,0.37996813654899597,0.5434011220932007,0.5091214776039124,0.521941065788269,0.5121998190879822,0.5516469478607178,0.5807689428329468,0.53249591588974,0.5844270586967468,0.5410679578781128,0.6620289087295532,0.5224723815917969,0.664089024066925
2,0.5012284517288208,0.3545665144920349,0.5203274488449097,0.3806823492050171,0.5214630961418152,0.3792167901992798,0.5032581090927124,0.38462600111961365,0.5015645623207092,0.3823760747909546,0.5120173096656799,0.3772357404232025,0.4989126920700073,0.378195583820343,0.5387494564056396,0.4592072367668152,0.519187867641449,0.4578664302825928,0.5523899793624878,0.5738457441329956,0.54084312915802,0.5785856246948242,0.5390856266021729,0.6529622077941895,0.530003547668457,0.65375816822052
3,0.5042503476142883,0.35716813802719116,0.5414537191390991,0.3907146453857422,0.5476858019828796,0.4073582589626312,0.5058701038360596,0.3873369097709656,0.5043016076087952,0.3855458199977875,0.5126795768737793,0.3789883852005005,0.5006166100502014,0.3796555995941162,0.5459436178207397,0.5025649666786194,0.525924026966095,0.506100594997406,0.5521619915962219,0.5730835199356079,0.5378378629684448,0.5783215165138245,0.540163516998291,0.658617377281189,0.5296615958213806,0.6600841283798218
4,0.5072841048240662,0.3646603524684906,0.5419671535491943,0.39703768491744995,0.5475224852561951,0.39532122015953064,0.5038262605667114,0.3991795480251312,0.4985402524471283,0.3871413469314575,0.5150831937789917,0.3786950707435608,0.49645301699638367,0.3794649541378021,0.5460032224655151,0.507871150970459,0.520217776298523,0.5110787153244019,0.5515754222869873,0.5812628269195557,0.5261715650558472,0.5840674638748169,0.5468624830245972,0.6624099016189575,0.5048250555992126,0.6655501127243042
5,0.507644772529602,0.3629407584667206,0.5429463386535645,0.39591914415359497,0.5490918755531311,0.41080087423324585,0.5052100419998169,0.39731156826019287,0.4995189905166626,0.3867722153663635,0.5141589641571045,0.3796374201774597,0.49722301959991455,0.3804130554199219,0.5455474853515625,0.5080220699310303,0.5212924480438232,0.5113507509231567,0.5511569380760193,0.5794086456298828,0.5273051261901855,0.5827816724777222,0.5432916283607483,0.6609375476837158,0.5055035352706909,0.6644839644432068
6,0.5062434673309326,0.3628882169723511,0.5418925285339355,0.3953852355480194,0.5465781688690186,0.39392000436782837,0.505353569984436,0.39681822061538696,0.4993596076965332,0.3862808644771576,0.5134446620941162,0.3793075978755951,0.49698659777641296,0.38010522723197937,0.5449652075767517,0.5072951912879944,0.5216453075408936,0.5106184482574463,0.5511748790740967,0.5784597396850586,0.528456449508667,0.5819412469863892,0.5425570011138916,0.6606012582778931,0.5062265396118164,0.6644958257675171
7,0.5051724314689636,0.36334943771362305,0.543574333190918,0.40771207213401794,0.5487032532691956,0.4123935103416443,0.5043720006942749,0.39806848764419556,0.49891898036003113,0.3865637481212616,0.5130185484886169,0.3792417645454407,0.4966132342815399,0.3800552785396576,0.5460624694824219,0.5072705745697021,0.5220339298248291,0.5104414224624634,0.5518361330032349,0.5778537392616272,0.5283684134483337,0.5811176896095276,0.5429231524467468,0.6601704955101013,0.5064111948013306,0.6640323996543884
8,0.509789228439331,0.3671680688858032,0.5419794321060181,0.39741504192352295,0.5481002330780029,0.41329526901245117,0.504937469959259,0.39881378412246704,0.4995352029800415,0.38731658458709717,0.5131069421768188,0.3793681263923645,0.4969555735588074,0.3801248073577881,0.5457416772842407,0.5062277317047119,0.5216406583786011,0.5094555020332336,0.5510920882225037,0.5775231122970581,0.5270727872848511,0.5807525515556335,0.5434359908103943,0.6602380275726318,0.5052891969680786,0.6640346050262451
9,0.5089783668518066,0.36678704619407654,0.5416336059570312,0.39711472392082214,0.5472443103790283,0.4137781262397766,0.5048813819885254,0.3980233669281006,0.49909138679504395,0.3870488405227661,0.5115373730659485,0.37923675775527954,0.4965420961380005,0.38001319766044617,0.5454282760620117,0.5058017373085022,0.5219103097915649,0.5090640187263489,0.5501217246055603,0.5767703056335449,0.5272519588470459,0.5799699425697327,0.5423300266265869,0.6596709489822388,0.5058620572090149,0.6636035442352295
10,0.5083587765693665,0.36740148067474365,0.5417591333389282,0.39779937267303467,0.5213704109191895,0.3851622939109802,0.503994345664978,0.39850014448165894,0.49793511629104614,0.3874327838420868,0.5111740231513977,0.37954652309417725,0.4958503246307373,0.3803808391094208,0.5457815527915955,0.5054001212120056,0.5220459699630737,0.5086241960525513,0.5500695705413818,0.5761056542396545,0.5274685025215149,0.5793130993843079,0.5417620539665222,0.6590447425842285,0.5066426396369934,0.6629924178123474
11,0.5079665184020996,0.3667566478252411,0.5411972999572754,0.3980429172515869,0.5475549697875977,0.4160768687725067,0.5022879242897034,0.3991422653198242,0.4957613945007324,0.38794881105422974,0.5125298500061035,0.37964069843292236,0.49456918239593506,0.38039085268974304,0.5453039407730103,0.504321813583374,0.5157903432846069,0.5070804953575134,0.5503782033920288,0.5765084028244019,0.523740291595459,0.5790120363235474,0.5442121028900146,0.6605903506278992,0.5034875869750977,0.6641883254051208
12,0.5062240362167358,0.3645508289337158,0.5374324321746826,0.39793500304222107,0.5607821941375732,0.36502906680107117,0.4878350496292114,0.39608484506607056,0.43135911226272583,0.3442492187023163,0.5659797787666321,0.32346707582473755,0.4320645034313202,0.3298315703868866,0.5415177345275879,0.5097854733467102,0.5091564655303955,0.511861264705658,0.5542796850204468,0.588127613067627,0.5204445719718933,0.5914589166641235,0.5487322807312012,0.6636371612548828,0.5129696130752563,0.6662230491638184
13,0.5071237087249756,0.36419567465782166,0.5374850034713745,0.3954468369483948,0.5618846416473389,0.3640524744987488,0.48830267786979675,0.39508721232414246,0.48575159907341003,0.3815166652202606,0.5677248239517212,0.32333457469940186,0.4323214888572693,0.330389142036438,0.5407776236534119,0.5085254907608032,0.5092613697052002,0.5109922885894775,0.5548067092895508,0.5871117115020752,0.5204684734344482,0.5904456377029419,0.5485947132110596,0.6633040904998779,0.5135170817375183,0.666008710861206
14,0.5042265057563782,0.36463016271591187,0.537837564945221,0.3945023715496063,0.5624383687973022,0.3632959723472595,0.48988816142082214,0.3940027952194214,0.48889029026031494,0.3815072178840637,0.5682693719863892,0.3233775496482849,0.4325110614299774,0.331806480884552,0.5421739816665649,0.508475661277771,0.5111129283905029,0.5110719799995422,0.5554100871086121,0.5873861312866211,0.523590087890625,0.5911679267883301,0.5479531288146973,0.6633003354072571,0.5145796537399292,0.666137158870697
15,0.5054020285606384,0.36447227001190186,0.5385255217552185,0.3936469554901123,0.5627187490463257,0.3634068965911865,0.4905802011489868,0.39342671632766724,0.49043020606040955,0.38187047839164734,0.5691961050033569,0.324346661567688,0.4328579604625702,0.3330199420452118,0.542046844959259,0.508503258228302,0.5112878084182739,0.5110258460044861,0.5552765130996704,0.5874122977256775,0.5235902070999146,0.591057538986206,0.5478378534317017,0.6632483005523682,0.5129746198654175,0.6592983603477478
16,0.5061941146850586,0.3650457262992859,0.5386010408401489,0.393959105014801,0.5629534721374512,0.3646889626979828,0.49130672216415405,0.3935139775276184,0.49140220880508423,0.382117360830307,0.5694153308868408,0.3258008062839508,0.4328649640083313,0.33372414112091064,0.5422492623329163,0.5083785653114319,0.511651337146759,0.5108916163444519,0.5552335381507874,0.5872360467910767,0.5231247544288635,0.5909189581871033,0.5478352308273315,0.6632854342460632,0.5123257040977478,0.6595302820205688
17,0.5072170495986938,0.3657463788986206,0.5360636115074158,0.3982580602169037,0.5629466772079468,0.36426258087158203,0.48862582445144653,0.3975452184677124,0.4326751232147217,0.3446526527404785,0.568970263004303,0.3246544599533081,0.4315698742866516,0.3304888904094696,0.5389882326126099,0.5115880370140076,0.5080562829971313,0.5141636729240417,0.5538879632949829,0.5912727117538452,0.524396538734436,0.5953052043914795,0.5487489700317383,0.6646289229393005,0.5127232074737549,0.6649363040924072
18,0.5062223076820374,0.3674643039703369,0.5347848534584045,0.3994423747062683,0.562595546245575,0.3634909987449646,0.4866032600402832,0.3976985216140747,0.43339210748672485,0.3465835452079773,0.568901777267456,0.3226965069770813,0.430525004863739,0.3270910680294037,0.5352509021759033,0.5122636556625366,0.5037524104118347,0.5146347880363464,0.5525288581848145,0.5928729772567749,0.5209758877754211,0.5961654782295227,0.5505642890930176,0.6652849912643433,0.5102871060371399,0.6640052199363708
19,0.5054842233657837,0.3670813739299774,0.5343136787414551,0.39921602606773376,0.5629141330718994,0.3643735349178314,0.4852779507637024,0.3966148793697357,0.4326778054237366,0.34730446338653564,0.5693608522415161,0.32313716411590576,0.4293520152568817,0.3262743353843689,0.5339609384536743,0.5122238397598267,0.5024028420448303,0.5144875049591064,0.5519511699676514,0.5926094055175781,0.5197186470031738,0.5957707762718201,0.5510624647140503,0.665224552154541,0.5094053745269775,0.6638392210006714
20,0.5025554895401001,0.3693971335887909,0.5369935631752014,0.40247029066085815,0.5631738901138306,0.36301109194755554,0.48381754755973816,0.39908742904663086,0.43198347091674805,0.34725940227508545,0.5693730115890503,0.32065194845199585,0.4280884265899658,0.32437485456466675,0.5378106832504272,0.5147525072097778,0.5003765821456909,0.5144603252410889,0.549508273601532,0.5932034254074097,0.5154297351837158,0.5960512161254883,0.551612913608551,0.665675163269043,0.5012122988700867,0.664076566696167
21,0.5009217262268066,0.36931321024894714,0.5353857278823853,0.40226179361343384,0.5620686411857605,0.36465984582901,0.48207545280456543,0.3979727625846863,0.43121421337127686,0.34874868392944336,0.5680456161499023,0.3218878507614136,0.42792779207229614,0.32455670833587646,0.5366455316543579,0.515210747718811,0.49942684173583984,0.5148143172264099,0.5485402345657349,0.5926187038421631,0.5150983333587646,0.5951077938079834,0.5486365556716919,0.6613393425941467,0.5011494159698486,0.6642416715621948
22,0.5010867118835449,0.3684362769126892,0.5351425409317017,0.4011337459087372,0.5616903305053711,0.3652864098548889,0.48198413848876953,0.39710351824760437,0.43683576583862305,0.3567970395088196,0.5675483345985413,0.32307347655296326,0.4282243251800537,0.32560014724731445,0.5370128154754639,0.5144866704940796,0.5004136562347412,0.5143076181411743,0.5495041608810425,0.5919238328933716,0.5169342756271362,0.5946948528289795,0.5509942770004272,0.6660486459732056,0.5017459988594055,0.6642323136329651
23,0.5013179779052734,0.3685201406478882,0.5355923175811768,0.40081071853637695,0.5616507530212402,0.3654972314834595,0.4821821451187134,0.39681756496429443,0.4368774890899658,0.3569621443748474,0.5675472617149353,0.32293590903282166,0.42840564250946045,0.32586392760276794,0.5376777648925781,0.5141416788101196,0.5008879899978638,0.5140368342399597,0.5502593517303467,0.5913480520248413,0.5175171494483948,0.5943253040313721,0.5512993931770325,0.6656482815742493,0.5020290613174438,0.6639467477798462
24,0.5046061873435974,0.37308579683303833,0.534327507019043,0.40365147590637207,0.5650542974472046,0.3662131726741791,0.48611533641815186,0.40202784538269043,0.4320333003997803,0.34640824794769287,0.5682328939437866,0.32204943895339966,0.4308627247810364,0.3298528790473938,0.5358206629753113,0.5089026093482971,0.5059223175048828,0.5116740465164185,0.5540469884872437,0.5829440355300903,0.5202838778495789,0.5871312022209167,0.553665280342102,0.6648241281509399,0.5086904168128967,0.6625645756721497
25,0.502913236618042,0.37223416566848755,0.535853922367096,0.40401384234428406,0.565940260887146,0.3643248677253723,0.4830952286720276,0.4008638858795166,0.4316215515136719,0.3457125127315521,0.5700677633285522,0.321413516998291,0.42828071117401123,0.3272879123687744,0.5332850813865662,0.5080249309539795,0.5033237934112549,0.5110613107681274,0.5520339608192444,0.5836658477783203,0.5180590152740479,0.5872588753700256,0.553354024887085,0.6644834280014038,0.501161515712738,0.6617512106895447
26,0.5008298754692078,0.37252771854400635,0.5338816046714783,0.40396034717559814,0.5656239986419678,0.3635755181312561,0.4806760549545288,0.40071484446525574,0.4363570809364319,0.3563304543495178,0.5697453618049622,0.3205094337463379,0.42825716733932495,0.3253537714481354,0.5371748805046082,0.5101704597473145,0.5018937587738037,0.5109592080116272,0.5499258041381836,0.583696186542511,0.5156635046005249,0.5866623520851135,0.5524930953979492,0.6652203798294067,0.5008995532989502,0.6624863147735596
27,0.5011900663375854,0.3709524869918823,0.5326141715049744,0.40187710523605347,0.5643560290336609,0.3660515248775482,0.4817136526107788,0.3992375135421753,0.444492906332016,0.36627644300460815,0.5686406493186951,0.3230433166027069,0.43077096343040466,0.32934463024139404,0.5372234582901001,0.5094923377037048,0.5038132667541504,0.5106872320175171,0.5509804487228394,0.5830158591270447,0.517935037612915,0.5855728387832642,0.5519509315490723,0.6654635667800903,0.50054931640625,0.6621196269989014
28,0.5005380511283875,0.37108975648880005,0.53180992603302,0.4007614850997925,0.5648715496063232,0.36491867899894714,0.48114103078842163,0.3985159993171692,0.43013641238212585,0.34638482332229614,0.5701363682746887,0.3223765790462494,0.43020033836364746,0.32890185713768005,0.5369142293930054,0.5095807313919067,0.5030602812767029,0.5106702446937561,0.5501664876937866,0.5832819938659668,0.5164345502853394,0.5855947136878967,0.5518847703933716,0.665717363357544,0.5000788569450378,0.6625343561172485
29,0.5003072619438171,0.37231260538101196,0.5320911407470703,0.4024466276168823,0.5650599002838135,0.36544114351272583,0.4803139865398407,0.40064793825149536,0.44445082545280457,0.36676955223083496,0.5698696374893188,0.3220527172088623,0.4303165078163147,0.3287322521209717,0.5362364053726196,0.5099011063575745,0.5013041496276855,0.5110173225402832,0.5495090484619141,0.5835912227630615,0.5144404172897339,0.5859606266021729,0.5523656606674194,0.6655570268630981,0.49967628717422485,0.6626513004302979
30,0.5005971193313599,0.372656911611557,0.5332287549972534,0.4025389552116394,0.5654445290565491,0.36539554595947266,0.4804297685623169,0.40057381987571716,0.4364169239997864,0.3596469759941101,0.5708507895469666,0.32190150022506714,0.4304061830043793,0.32775163650512695,0.5360922813415527,0.5098462104797363,0.49996575713157654,0.5106672644615173,0.548425555229187,0.5837924480438232,0.5119401216506958,0.5858122706413269,0.5522996187210083,0.6656273603439331,0.4990500211715698,0.6627191305160522
31,0.5012456178665161,0.37295660376548767,0.5339783430099487,0.40311259031295776,0.5654007196426392,0.36580750346183777,0.4809103012084961,0.4012698531150818,0.44532784819602966,0.36753445863723755,0.5706669092178345,0.32239609956741333,0.430316686630249,0.32844191789627075,0.5363277792930603,0.5099096298217773,0.5000050067901611,0.5107811689376831,0.548621416091919,0.5834081768989563,0.5116114616394043,0.5855945348739624,0.5525937080383301,0.6654272079467773,0.49882781505584717,0.6626883745193481
32,0.5025647878646851,0.3723832070827484,0.5360068082809448,0.40423843264579773,0.5657992959022522,0.36626696586608887,0.48087844252586365,0.40229055285453796,0.43129581212997437,0.3497387766838074,0.5711171627044678,0.3220738172531128,0.4312906265258789,0.3274836540222168,0.5366212725639343,0.5101902484893799,0.49908560514450073,0.5110499858856201,0.5486580729484558,0.5838821530342102,0.5103362798690796,0.5861361026763916,0.552993655204773,0.6654291152954102,0.4986046254634857,0.66278475522995
33,0.5021202564239502,0.3709365129470825,0.5343722105026245,0.4020582437515259,0.5651837587356567,0.3662292957305908,0.48125705122947693,0.400301992893219,0.44522416591644287,0.36636883020401,0.5705260038375854,0.3234257698059082,0.4316663146018982,0.3298078179359436,0.5371941328048706,0.50977623462677,0.5012922286987305,0.5108572244644165,0.5492087602615356,0.5834161043167114,0.5131087303161621,0.5853388905525208,0.5526041388511658,0.6652465462684631,0.49911224842071533,0.662402868270874
34,0.5038257837295532,0.3725167512893677,0.5369299650192261,0.4045984745025635,0.5657454133033752,0.3659071922302246,0.4825946092605591,0.40241143107414246,0.43148887157440186,0.34832286834716797,0.571337103843689,0.32136884331703186,0.4325002431869507,0.3297596573829651,0.5377875566482544,0.5107694864273071,0.5007662773132324,0.5116989612579346,0.549842119216919,0.5843228697776794,0.5124539136886597,0.5865586400032043,0.5534981489181519,0.6652612686157227,0.499063104391098,0.6626698970794678
35,0.5037621855735779,0.37063539028167725,0.5362603068351746,0.40241023898124695,0.5655953288078308,0.36563679575920105,0.48314720392227173,0.40009626746177673,0.4308767318725586,0.3472086787223816,0.571251630783081,0.3226408064365387,0.43279263377189636,0.331867516040802,0.5385247468948364,0.5087195634841919,0.5023452639579773,0.5097342133522034,0.550258457660675,0.5829267501831055,0.5138037800788879,0.5849617719650269,0.5535920262336731,0.6649595499038696,0.49782609939575195,0.6685099601745605
36,0.5110534429550171,0.36952072381973267,0.5355241298675537,0.39949655532836914,0.5680081844329834,0.3641427755355835,0.4905782639980316,0.3992024064064026,0.4370347261428833,0.35775458812713623,0.5740846991539001,0.326415091753006,0.42814701795578003,0.33324697613716125,0.5365802645683289,0.5120625495910645,0.5071759223937988,0.5127295255661011,0.5491989254951477,0.5902357697486877,0.5208534598350525,0.5921415686607361,0.5476937294006348,0.6657012701034546,0.5026290416717529,0.6623045802116394
37,0.5126538872718811,0.36914461851119995,0.5367547273635864,0.39793574810028076,0.5663855075836182,0.36808305978775024,0.4915977716445923,0.3992840647697449,0.47430914640426636,0.38219785690307617,0.5654564499855042,0.3339225947856903,0.4305652379989624,0.3335566222667694,0.5358094573020935,0.5076673030853271,0.507952094078064,0.5102860927581787,0.5464470386505127,0.5896730422973633,0.5183479189872742,0.590646505355835,0.5454003214836121,0.6631135940551758,0.5022949576377869,0.6663795113563538
38,0.5098266005516052,0.367025226354599,0.5357261896133423,0.3971911370754242,0.5660616755485535,0.3677489161491394,0.49095699191093445,0.3986660838127136,0.4738970696926117,0.38216814398765564,0.5645542740821838,0.3351529836654663,0.4303848445415497,0.3337560296058655,0.5366986989974976,0.5075433254241943,0.5068312883377075,0.5087082386016846,0.5449539422988892,0.586772620677948,0.5156135559082031,0.5874143838882446,0.5444989204406738,0.6617374420166016,0.5005686283111572,0.6647995710372925
39,0.5092648267745972,0.3661828935146332,0.5361427068710327,0.39558732509613037,0.5653027892112732,0.3689291179180145,0.4920732378959656,0.3975526690483093,0.4939522445201874,0.38475310802459717,0.5635768175125122,0.33728381991386414,0.43105924129486084,0.3366895914077759,0.5364804267883301,0.5062754154205322,0.5098543167114258,0.5090014934539795,0.5456589460372925,0.5876994132995605,0.5189980268478394,0.5883591175079346,0.5447721481323242,0.6624971628189087,0.5015073418617249,0.6659570932388306
40,0.5110871195793152,0.36586830019950867,0.5361506938934326,0.39436638355255127,0.5656602382659912,0.367722749710083,0.4963687062263489,0.3997002840042114,0.4974000155925751,0.3841345012187958,0.5633211135864258,0.3362226188182831,0.43077683448791504,0.33689379692077637,0.5366731882095337,0.5054542422294617,0.5117601752281189,0.5083615183830261,0.5459591150283813,0.5875607132911682,0.5203878879547119,0.5886090993881226,0.5441379547119141,0.6618965864181519,0.5023660063743591,0.6652525067329407
41,0.5119374990463257,0.36671993136405945,0.5364385843276978,0.393582820892334,0.565967321395874,0.36645036935806274,0.49714624881744385,0.39931532740592957,0.49869295954704285,0.38484987616539,0.56439608335495,0.33416998386383057,0.43194636702537537,0.33744150400161743,0.5366973280906677,0.505156934261322,0.5117511749267578,0.5080235600471497,0.545251727104187,0.5878854990005493,0.5193605422973633,0.5885933637619019,0.5442259311676025,0.6624270677566528,0.5013613700866699,0.6656359434127808
42,0.510434091091156,0.3649963140487671,0.5354588031768799,0.39239150285720825,0.5660889744758606,0.3676607012748718,0.4971214234828949,0.39785587787628174,0.49912863969802856,0.38478630781173706,0.5652161240577698,0.3339933156967163,0.43251603841781616,0.33899983763694763,0.536689043045044,0.504863977432251,0.5119228959083557,0.5065626502037048,0.5446568727493286,0.5873603820800781,0.5200565457344055,0.5879805684089661,0.5446358323097229,0.6628036499023438,0.5016509294509888,0.666232705116272
43,0.5102203488349915,0.3652176260948181,0.5360638499259949,0.3898431062698364,0.5644159913063049,0.36806535720825195,0.49813753366470337,0.39602965116500854,0.5000451803207397,0.38464123010635376,0.5632144808769226,0.33503055572509766,0.4326742887496948,0.3393429219722748,0.5356106162071228,0.5037975311279297,0.5124346017837524,0.5061925649642944,0.5455881357192993,0.5870926380157471,0.5218165516853333,0.5866758823394775,0.5428189039230347,0.6617945432662964,0.5038226842880249,0.66579270362854
44,0.5095764994621277,0.36594969034194946,0.5355056524276733,0.390762060880661,0.5642939805984497,0.3680518567562103,0.49803048372268677,0.3971341550350189,0.4995635151863098,0.3846282362937927,0.5628700256347656,0.33457013964653015,0.4333491325378418,0.3381156325340271,0.535188615322113,0.503939151763916,0.5120459198951721,0.5062364339828491,0.5439803600311279,0.5869898200035095,0.5200802683830261,0.5878382921218872,0.5415151119232178,0.6619429588317871,0.5020679235458374,0.6664218902587891
45,0.5101802349090576,0.36522993445396423,0.5362375974655151,0.3887830972671509,0.564725399017334,0.3670322895050049,0.500313401222229,0.39552223682403564,0.5005826950073242,0.3851272463798523,0.5622826814651489,0.335419237613678,0.4343268573284149,0.3405948579311371,0.5360516309738159,0.5027065277099609,0.5138059854507446,0.5051019191741943,0.5461143851280212,0.5862358212471008,0.5217686891555786,0.5860821008682251,0.5418271422386169,0.6617213487625122,0.5030971765518188,0.6658645272254944
46,0.5094304084777832,0.3649715781211853,0.5364151000976562,0.38870036602020264,0.5628786683082581,0.3676214814186096,0.5003381967544556,0.39494311809539795,0.498912513256073,0.3851051330566406,0.5644307732582092,0.33017510175704956,0.435189813375473,0.3410429358482361,0.5369477868080139,0.4929666519165039,0.5139544606208801,0.496091365814209,0.5430835485458374,0.5851573944091797,0.5227400064468384,0.5846014022827148,0.5414451360702515,0.6611143350601196,0.5063409805297852,0.6598421335220337
47,0.5072950124740601,0.36507904529571533,0.5274478793144226,0.3886183500289917,0.5627759695053101,0.3658944368362427,0.5020525455474854,0.3956867456436157,0.5030906200408936,0.3848550319671631,0.5648524761199951,0.3286252021789551,0.4358949661254883,0.34039244055747986,0.533125102519989,0.5032786726951599,0.5150233507156372,0.5054063200950623,0.5447171926498413,0.5860056281089783,0.5232629179954529,0.5855403542518616,0.5407514572143555,0.6613092422485352,0.5042946338653564,0.6657422780990601
48,0.5117685794830322,0.36602991819381714,0.5403256416320801,0.3852585256099701,0.565056562423706,0.36556339263916016,0.5039169788360596,0.3923867344856262,0.501085102558136,0.3861435055732727,0.5689441561698914,0.3241228461265564,0.4391351342201233,0.33521026372909546,0.536151111125946,0.4876195788383484,0.516637921333313,0.4885674715042114,0.548065721988678,0.5740054845809937,0.5284627079963684,0.571039617061615,0.5420596599578857,0.6598151922225952,0.5146231651306152,0.6557282209396362
49,0.5114448666572571,0.3648243844509125,0.5382466912269592,0.3851562738418579,0.564258337020874,0.36564478278160095,0.49579983949661255,0.3917388319969177,0.4949656128883362,0.3856438398361206,0.5642627477645874,0.32691502571105957,0.4379875063896179,0.3376868963241577,0.5343557596206665,0.48934289813041687,0.5110234022140503,0.490765780210495,0.5437507629394531,0.5746272802352905,0.5216876864433289,0.5734845995903015,0.5417851209640503,0.6596981883049011,0.505644679069519,0.657819390296936
50,0.5121360421180725,0.3610246181488037,0.5390514731407166,0.3806726634502411,0.5631376504898071,0.3632388710975647,0.5033249855041504,0.38795578479766846,0.5024237632751465,0.3844252824783325,0.5624324679374695,0.32937222719192505,0.44091516733169556,0.3386840224266052,0.5350062847137451,0.49012112617492676,0.5156955718994141,0.4911951720714569,0.5433570146560669,0.5761984586715698,0.5242988467216492,0.5739900469779968,0.5399072766304016,0.6594221591949463,0.5108661651611328,0.6582478880882263
51,0.5099202990531921,0.3616737723350525,0.5377341508865356,0.3826208710670471,0.5617969036102295,0.3632606863975525,0.49943995475769043,0.3897281289100647,0.5000693798065186,0.38475871086120605,0.5608628392219543,0.33005934953689575,0.43764060735702515,0.3388933837413788,0.5337256193161011,0.4920547902584076,0.5131319761276245,0.49371087551116943,0.5422794222831726,0.575020968914032,0.5229382514953613,0.5737678408622742,0.5400246381759644,0.6591801643371582,0.5082868337631226,0.6583479642868042
52,0.5063779950141907,0.3597666621208191,0.525149941444397,0.37981292605400085,0.5600792765617371,0.3631839454174042,0.4981561601161957,0.3870442509651184,0.4979044795036316,0.38411492109298706,0.5581035614013672,0.3302249312400818,0.4394614100456238,0.33895641565322876,0.5316548347473145,0.4891320466995239,0.512643575668335,0.49122488498687744,0.5411583185195923,0.571165144443512,0.5232251286506653,0.5699192881584167,0.5399161577224731,0.6563427448272705,0.5057039260864258,0.6580966114997864
53,0.5039809942245483,0.35438472032546997,0.5273182392120361,0.36980104446411133,0.5250390768051147,0.3781697452068329,0.5003236532211304,0.3790581226348877,0.5020877122879028,0.38300228118896484,0.5576068162918091,0.33533990383148193,0.500206708908081,0.3798067569732666,0.5300229787826538,0.4527698755264282,0.5113910436630249,0.4537964463233948,0.5386924743652344,0.5648208856582642,0.5231620669364929,0.5635356903076172,0.537674605846405,0.6522010564804077,0.5188040733337402,0.5810996294021606
54,0.503952145576477,0.35864925384521484,0.5230447053909302,0.3804067075252533,0.5629050731658936,0.36167213320732117,0.4972241520881653,0.38837993144989014,0.4977741241455078,0.38358601927757263,0.5603436231613159,0.33119261264801025,0.4382176995277405,0.34104621410369873,0.5319814682006836,0.4942760467529297,0.5117447972297668,0.4964279532432556,0.5399435758590698,0.5729326605796814,0.5210286378860474,0.5721698999404907,0.5394922494888306,0.6583056449890137,0.5054550170898438,0.6564862728118896
55,0.5035746097564697,0.3592182397842407,0.5204848051071167,0.38223797082901,0.548538088798523,0.3725467324256897,0.49915164709091187,0.3898807466030121,0.5005090832710266,0.38463208079338074,0.5598276853561401,0.33274298906326294,0.438843697309494,0.3406226336956024,0.529486358165741,0.4995330572128296,0.5120208263397217,0.4960891604423523,0.5394842028617859,0.5774033069610596,0.5212368965148926,0.577224612236023,0.5389242768287659,0.6583637595176697,0.5046694278717041,0.656505286693573
56,0.5055525898933411,0.3603249788284302,0.5211950540542603,0.3846479058265686,0.5650145411491394,0.36155351996421814,0.4995823800563812,0.39062607288360596,0.5004435777664185,0.3828030228614807,0.5629454255104065,0.3296971321105957,0.4378206133842468,0.341592401266098,0.5292655825614929,0.501838207244873,0.5114011764526367,0.5043485164642334,0.5376328825950623,0.5832117795944214,0.5195679068565369,0.5827764868736267,0.5391144752502441,0.660471498966217,0.5016812086105347,0.6641470789909363
57,0.5037835240364075,0.3590429723262787,0.5186902284622192,0.382542222738266,0.5235832333564758,0.37899741530418396,0.4986805319786072,0.38873112201690674,0.49957939982414246,0.38267892599105835,0.5621461272239685,0.3302155137062073,0.43737488985061646,0.34154802560806274,0.526525616645813,0.49920350313186646,0.510205864906311,0.49507638812065125,0.5364977121353149,0.5782963037490845,0.5189201831817627,0.5780174732208252,0.5386855602264404,0.6584930419921875,0.502307653427124,0.662420392036438
58,0.502599835395813,0.3611697554588318,0.5225467681884766,0.3859942853450775,0.565048336982727,0.36232972145080566,0.49131691455841064,0.38982436060905457,0.49762868881225586,0.3828005790710449,0.5617707967758179,0.32780393958091736,0.43572860956192017,0.3390209376811981,0.527919352054596,0.5003944039344788,0.5086339116096497,0.5033267140388489,0.5379711985588074,0.579923689365387,0.5183587074279785,0.5798790454864502,0.5394312143325806,0.6590091586112976,0.5003011226654053,0.6622906923294067
59,0.5013877153396606,0.36515891551971436,0.5289106369018555,0.38982734084129333,0.5661218166351318,0.3648363947868347,0.4836118817329407,0.39506757259368896,0.43733471632003784,0.3607184886932373,0.5640482902526855,0.3246712386608124,0.43067511916160583,0.3341127634048462,0.5296134352684021,0.5038914680480957,0.5039860606193542,0.5062559843063354,0.5394145846366882,0.5853046178817749,0.5131840705871582,0.5849775075912476,0.5419780611991882,0.661666214466095,0.49732479453086853,0.6647903919219971
60,0.509377121925354,0.36615562438964844,0.5384554266929626,0.38791805505752563,0.5671798586845398,0.3674137592315674,0.48503777384757996,0.391053169965744,0.44325345754623413,0.3631352186203003,0.5705225467681885,0.32248616218566895,0.43173062801361084,0.328921377658844,0.5357003211975098,0.49012666940689087,0.5029550790786743,0.4911756217479706,0.5494375228881836,0.5693253874778748,0.5196104645729065,0.5702076554298401,0.5505425333976746,0.6534644365310669,0.5037933588027954,0.6604368686676025
61,0.5060091018676758,0.36432600021362305,0.5386404395103455,0.38126927614212036,0.564592182636261,0.37028205394744873,0.485118567943573,0.3854717016220093,0.4467303454875946,0.37130796909332275,0.5657773613929749,0.3283819854259491,0.4339456558227539,0.33666905760765076,0.5337011814117432,0.4817221164703369,0.5045994520187378,0.4834526479244232,0.5421532988548279,0.5615854263305664,0.5163595676422119,0.5624316334724426,0.5462997555732727,0.6521285772323608,0.5007548928260803,0.6518908739089966
62,0.5051500201225281,0.36366933584213257,0.5371241569519043,0.3855085074901581,0.5613120794296265,0.37250325083732605,0.4847114682197571,0.3850496709346771,0.4467637538909912,0.3713252544403076,0.5632890462875366,0.3293339014053345,0.43215280771255493,0.3371206521987915,0.5328744649887085,0.48082393407821655,0.5036352872848511,0.48193812370300293,0.5401667356491089,0.5615232586860657,0.5142392516136169,0.561456561088562,0.5451645255088806,0.6517798900604248,0.49736809730529785,0.6497355699539185
63,0.5091030597686768,0.3637056350708008,0.5390033721923828,0.38431867957115173,0.5574301481246948,0.37750113010406494,0.4847812354564667,0.38783392310142517,0.44735538959503174,0.37297138571739197,0.5662019848823547,0.32911747694015503,0.43299663066864014,0.3368590772151947,0.5346088409423828,0.48114022612571716,0.502633810043335,0.4813394248485565,0.5416676998138428,0.5608654618263245,0.5145883560180664,0.5599191188812256,0.5465918779373169,0.644680380821228,0.49746137857437134,0.6497244834899902
64,0.5053067803382874,0.3640456199645996,0.5358700156211853,0.3877497613430023,0.5606496930122375,0.37291204929351807,0.48540425300598145,0.38653695583343506,0.44555172324180603,0.3708575963973999,0.5622120499610901,0.32973796129226685,0.43116629123687744,0.3365662097930908,0.5341160893440247,0.4820350408554077,0.5046967267990112,0.48246023058891296,0.5412946939468384,0.5637938976287842,0.5168473124504089,0.5622096061706543,0.5467594861984253,0.6534935235977173,0.49836787581443787,0.6517009139060974
65,0.5017273426055908,0.3636419177055359,0.5359083414077759,0.3923737406730652,0.5544079542160034,0.38045811653137207,0.47957712411880493,0.38774198293685913,0.44760867953300476,0.3744767904281616,0.5639346837997437,0.3300043046474457,0.4315120577812195,0.33474001288414,0.5325331091880798,0.48566001653671265,0.49966928362846375,0.48546165227890015,0.5402230620384216,0.5661320686340332,0.5121945738792419,0.5643284916877747,0.5479875802993774,0.6540911793708801,0.49702346324920654,0.6512634754180908
66,0.5001115202903748,0.3588482141494751,0.5297066569328308,0.38146016001701355,0.5361650586128235,0.38683587312698364,0.4794648587703705,0.38140714168548584,0.4580460488796234,0.3805420398712158,0.5639957189559937,0.32955700159072876,0.43209096789360046,0.33670181035995483,0.5273969769477844,0.47183161973953247,0.4978887438774109,0.4681786000728607,0.5423291325569153,0.5571979880332947,0.5136062502861023,0.5561474561691284,0.5466703176498413,0.6542403697967529,0.49931737780570984,0.652794599533081
67,0.497957706451416,0.35632357001304626,0.5231804251670837,0.37424468994140625,0.5324163436889648,0.38321954011917114,0.4800977110862732,0.3752683103084564,0.4366475045681,0.3632051944732666,0.5597996711730957,0.33201682567596436,0.43052682280540466,0.33883294463157654,0.5241205096244812,0.4652038514614105,0.4975549876689911,0.4611550271511078,0.5373866558074951,0.5476686954498291,0.5140029191970825,0.5472658276557922,0.5458264946937561,0.6537402868270874,0.5023298859596252,0.6499967575073242
68,0.5038695931434631,0.3647514283657074,0.5337905883789062,0.3930513858795166,0.5527909994125366,0.3815179467201233,0.4760609567165375,0.38192838430404663,0.4444323182106018,0.3742281198501587,0.5642049312591553,0.33315548300743103,0.42948979139328003,0.3320757746696472,0.5300644040107727,0.4863835275173187,0.49887633323669434,0.48645779490470886,0.5381444692611694,0.5660915374755859,0.5096322298049927,0.5674604177474976,0.5475091934204102,0.6543564796447754,0.49602147936820984,0.652503252029419
69,0.5045848488807678,0.36935704946517944,0.5359421372413635,0.39536163210868835,0.5441530346870422,0.3949195146560669,0.4774141311645508,0.39255982637405396,0.4460791349411011,0.3791416883468628,0.5562625527381897,0.3366469144821167,0.42776474356651306,0.33111125230789185,0.5342262983322144,0.4944549798965454,0.49594128131866455,0.494086354970932,0.5389087200164795,0.5731536149978638,0.5077694058418274,0.571095883846283,0.551776647567749,0.6585001945495605,0.49286362528800964,0.6593340635299683
70,0.5075724720954895,0.3709772527217865,0.5404940843582153,0.3978256583213806,0.5535967350006104,0.38352662324905396,0.48126110434532166,0.3968382477760315,0.44734513759613037,0.3792964220046997,0.5529762506484985,0.33319878578186035,0.4312548041343689,0.3303489685058594,0.5362117290496826,0.5014258027076721,0.49818655848503113,0.5021589398384094,0.5405780076980591,0.5784633159637451,0.5095918774604797,0.5772196054458618,0.551321268081665,0.6607987880706787,0.49272412061691284,0.662429690361023
71,0.50560063123703,0.37130850553512573,0.5341286659240723,0.3989648222923279,0.5567588806152344,0.38225266337394714,0.47926458716392517,0.3994813561439514,0.4433978199958801,0.37693578004837036,0.5570166707038879,0.33116137981414795,0.4286711812019348,0.33555835485458374,0.538112998008728,0.5074142813682556,0.4983474016189575,0.5081462264060974,0.5464915633201599,0.5826095342636108,0.507983922958374,0.5826482772827148,0.554014265537262,0.6630838513374329,0.49271100759506226,0.6664109230041504
72,0.5115037560462952,0.37242740392684937,0.5378828048706055,0.3996957540512085,0.5611044764518738,0.3772427439689636,0.48220524191856384,0.39923226833343506,0.44606316089630127,0.37278780341148376,0.5686821937561035,0.33236029744148254,0.42678987979888916,0.3328508734703064,0.5351148843765259,0.5058300495147705,0.501395583152771,0.5086139440536499,0.5508394241333008,0.5855493545532227,0.5185897350311279,0.5863752365112305,0.5538278222084045,0.6647518873214722,0.49823638796806335,0.6682428121566772
73,0.504024863243103,0.36931201815605164,0.5320930480957031,0.3982393145561218,0.5545749664306641,0.3767245411872864,0.47721999883651733,0.39675968885421753,0.44035643339157104,0.37201619148254395,0.5585285425186157,0.33080050349235535,0.427640438079834,0.3390079140663147,0.532145619392395,0.5048696398735046,0.4998984932899475,0.505326509475708,0.5443171262741089,0.5834158062934875,0.5161056518554688,0.5834051370620728,0.5507768392562866,0.663133978843689,0.4973478317260742,0.6668888330459595
74,0.5053642988204956,0.3685295283794403,0.5332110524177551,0.3963596820831299,0.5565311908721924,0.37591832876205444,0.4764595031738281,0.39477938413619995,0.43832093477249146,0.37155139446258545,0.5663143396377563,0.33394163846969604,0.4270634353160858,0.33953994512557983,0.5319085717201233,0.5031107664108276,0.4992607533931732,0.5028737783432007,0.5443100929260254,0.5806552171707153,0.515293300151825,0.5803040266036987,0.5508989095687866,0.6629114747047424,0.49692368507385254,0.6662264466285706
75,0.5091136693954468,0.36843764781951904,0.5355947017669678,0.3954885005950928,0.5572128295898438,0.37874433398246765,0.4814601540565491,0.39385756850242615,0.4407307505607605,0.37543320655822754,0.5674996376037598,0.33572110533714294,0.4281087815761566,0.3379180133342743,0.5342680215835571,0.4934915006160736,0.5027617812156677,0.5010825395584106,0.5444220304489136,0.575913667678833,0.5188404321670532,0.5757845044136047,0.5512245297431946,0.6595466732978821,0.4996042847633362,0.6617785096168518
76,0.5112680792808533,0.36667966842651367,0.5388066172599792,0.39205455780029297,0.5591831207275391,0.37867802381515503,0.48339399695396423,0.3915104866027832,0.4407167434692383,0.3789927363395691,0.5687994956970215,0.3385811746120453,0.42802321910858154,0.339212030172348,0.5376205444335938,0.4912469983100891,0.5021334290504456,0.4910659193992615,0.5436086058616638,0.5743567943572998,0.5191687345504761,0.5717626810073853,0.5507090091705322,0.6523555517196655,0.49996793270111084,0.6537810564041138
77,0.5133065581321716,0.36691462993621826,0.5403547286987305,0.3899594247341156,0.5611034035682678,0.37564486265182495,0.4828263223171234,0.39215850830078125,0.4430147409439087,0.3801717758178711,0.5660564303398132,0.3408920168876648,0.43169647455215454,0.3442542552947998,0.5376538038253784,0.492602676153183,0.5011566877365112,0.49327993392944336,0.5426245927810669,0.5792745351791382,0.5148919224739075,0.5757268667221069,0.5472962856292725,0.6439353227615356,0.5002428293228149,0.6539641618728638
78,0.5103191137313843,0.36796218156814575,0.5381975769996643,0.3925560712814331,0.5635009407997131,0.37893813848495483,0.4817345142364502,0.3936006724834442,0.4409315288066864,0.3797338008880615,0.5670140385627747,0.34448370337486267,0.428697794675827,0.34734517335891724,0.5371566414833069,0.4916016459465027,0.5015499591827393,0.4925116300582886,0.5395206809043884,0.5806641578674316,0.5124155879020691,0.5751882791519165,0.5475454330444336,0.658653736114502,0.4992959499359131,0.6518810987472534
79,0.5155322551727295,0.3761957585811615,0.5388756990432739,0.40363141894340515,0.5709884166717529,0.3807569444179535,0.4826395511627197,0.4096747636795044,0.4299611747264862,0.37874850630760193,0.5730695724487305,0.3302701711654663,0.41651248931884766,0.33403119444847107,0.538939893245697,0.5151045322418213,0.49364182353019714,0.514769971370697,0.5359430909156799,0.5916491746902466,0.503757119178772,0.5843974947929382,0.5504843592643738,0.6588037610054016,0.4925197958946228,0.658500075340271
80,0.5229628086090088,0.3687179982662201,0.5403821468353271,0.39405131340026855,0.5654394030570984,0.3782702088356018,0.49852460622787476,0.3995147943496704,0.43281134963035583,0.3747768998146057,0.5756732225418091,0.3388557434082031,0.42211276292800903,0.34162551164627075,0.5365796685218811,0.5031620264053345,0.5115611553192139,0.5040631890296936,0.5381875038146973,0.5848280787467957,0.5189383029937744,0.5833209753036499,0.5480373501777649,0.660699725151062,0.5040823221206665,0.6602513790130615
81,0.5181437730789185,0.38187548518180847,0.5385950207710266,0.41163337230682373,0.5729868412017822,0.3793654143810272,0.49212655425071716,0.41208362579345703,0.43058523535728455,0.37870702147483826,0.5775471925735474,0.33402737975120544,0.4223158359527588,0.33539995551109314,0.5384833216667175,0.5162821412086487,0.5013077259063721,0.5166350603103638,0.5378004908561707,0.5921956300735474,0.5020053386688232,0.5902861952781677,0.5508924126625061,0.6580254435539246,0.49544215202331543,0.6583213806152344
82,0.5192523002624512,0.3860599994659424,0.5409002304077148,0.41572415828704834,0.5774703621864319,0.3766039311885834,0.4899076223373413,0.42090654373168945,0.43107420206069946,0.37999600172042847,0.570672869682312,0.3299868404865265,0.4234492778778076,0.3404897153377533,0.5337986350059509,0.52397221326828,0.5005277395248413,0.5285420417785645,0.5434796810150146,0.5919021964073181,0.5023637413978577,0.5941137075424194,0.5517958402633667,0.6592632532119751,0.495694637298584,0.6618301868438721
83,0.5177609920501709,0.3854338824748993,0.5097149014472961,0.42473408579826355,0.5193982124328613,0.38115689158439636,0.5306003093719482,0.41943368315696716,0.5588984489440918,0.3729228973388672,0.43703311681747437,0.3473031520843506,0.5717328190803528,0.3349730372428894,0.5169177651405334,0.5268345475196838,0.5280512571334839,0.528197169303894,0.5267153382301331,0.596539318561554,0.5348031520843506,0.5968002080917358,0.5399609804153442,0.6660504937171936,0.5374507308006287,0.6646579504013062
84,0.5228052139282227,0.3855653703212738,0.5458453297615051,0.4205347001552582,0.5855857729911804,0.37778007984161377,0.4916161894798279,0.424740731716156,0.43228742480278015,0.3820889890193939,0.5803119540214539,0.3354189097881317,0.4212671220302582,0.35167396068573,0.5375706553459167,0.5303943157196045,0.5012646913528442,0.5360400080680847,0.5461031198501587,0.5946434736251831,0.494316041469574,0.596069872379303,0.5577812790870667,0.6645676493644714,0.49470335245132446,0.6695225238800049
85,0.5126857161521912,0.39022526144981384,0.5356453657150269,0.42400532960891724,0.5778065919876099,0.3793586194515228,0.48777323961257935,0.42734503746032715,0.4330305755138397,0.37780141830444336,0.5791482329368591,0.3459767699241638,0.42728090286254883,0.3457324206829071,0.5356767773628235,0.5318695306777954,0.503135085105896,0.5360297560691833,0.5461455583572388,0.5968590974807739,0.5039844512939453,0.5961431264877319,0.5579678416252136,0.6641257405281067,0.4961889386177063,0.6684288382530212
86,0.5171369314193726,0.39310401678085327,0.5386555790901184,0.4264164865016937,0.5848886370658875,0.3886997401714325,0.4862867593765259,0.43079182505607605,0.4353298544883728,0.39220261573791504,0.5793424844741821,0.3477967381477356,0.43247485160827637,0.36398565769195557,0.5361993312835693,0.5309303998947144,0.5018805265426636,0.5353570580482483,0.547910213470459,0.5953652262687683,0.5031591653823853,0.5949215888977051,0.5588510036468506,0.6646652221679688,0.4942692518234253,0.6697789430618286
87,0.5147224068641663,0.39610356092453003,0.5357035994529724,0.4294757843017578,0.576897144317627,0.39055776596069336,0.49366962909698486,0.4346064329147339,0.4928435981273651,0.4040616452693939,0.5807851552963257,0.35172128677368164,0.4288173317909241,0.3584917187690735,0.5369350910186768,0.5300874710083008,0.5085107088088989,0.5358515381813049,0.5447778701782227,0.5926666259765625,0.5058007836341858,0.6004204154014587,0.552074670791626,0.6626282930374146,0.49759650230407715,0.6669792532920837
88,0.5099764466285706,0.3910202980041504,0.5189723372459412,0.43680649995803833,0.5182350873947144,0.4112606644630432,0.5150938034057617,0.43644219636917114,0.5308693647384644,0.41167014837265015,0.5664101839065552,0.363351047039032,0.518342137336731,0.3812658190727234,0.5261037349700928,0.5277195572853088,0.5193848609924316,0.5278545022010803,0.5362067222595215,0.5894414782524109,0.5189517140388489,0.5934528112411499,0.5443766117095947,0.6640930771827698,0.503954291343689,0.6649283170700073
89,0.528850257396698,0.39470070600509644,0.5230075716972351,0.4354287087917328,0.5110967755317688,0.41420191526412964,0.5316475629806519,0.43335530161857605,0.5364624261856079,0.41343796253204346,0.5544718503952026,0.37771356105804443,0.5645515322685242,0.36837655305862427,0.524066150188446,0.5310176610946655,0.5242648124694824,0.5312871932983398,0.5262910723686218,0.597331166267395,0.5247604846954346,0.5969823002815247,0.539542555809021,0.6653449535369873,0.5067442655563354,0.66462242603302
90,0.5182416439056396,0.4030188024044037,0.5048036575317383,0.437411367893219,0.49946945905685425,0.4160618185997009,0.5393158197402954,0.4343954920768738,0.565001904964447,0.4084891676902771,0.5098741054534912,0.3983035087585449,0.562872588634491,0.3686769902706146,0.5147788524627686,0.5200873613357544,0.5361776351928711,0.5215548872947693,0.5173041820526123,0.5895905494689941,0.5384405851364136,0.5881552696228027,0.5059838891029358,0.6583723425865173,0.5113438963890076,0.6597656011581421
91,0.5170150995254517,0.41517865657806396,0.5400049686431885,0.44728726148605347,0.5755867958068848,0.4199655055999756,0.4982392489910126,0.45099353790283203,0.49395522475242615,0.42062991857528687,0.5788471698760986,0.3686475157737732,0.430907666683197,0.37242886424064636,0.5372360348701477,0.5345644354820251,0.5090941786766052,0.5347955226898193,0.5408182144165039,0.5915982127189636,0.5025275349617004,0.5903370976448059,0.5486539602279663,0.6650802493095398,0.4955587089061737,0.6647630929946899
92,0.5258776545524597,0.41616564989089966,0.5220550298690796,0.45311295986175537,0.5136706829071045,0.4324954152107239,0.5345022678375244,0.44809067249298096,0.5441432595252991,0.43148714303970337,0.5170888900756836,0.40534502267837524,0.5536925792694092,0.3987782597541809,0.5194351673126221,0.5312559604644775,0.5271502733230591,0.5297567844390869,0.5162270665168762,0.5906984806060791,0.5270044803619385,0.5918680429458618,0.504919171333313,0.6631826758384705,0.5088406801223755,0.6623471975326538
93,0.5237459540367126,0.42422744631767273,0.548058271408081,0.4535757005214691,0.5667728185653687,0.4451616406440735,0.502337634563446,0.45453566312789917,0.4895171821117401,0.4337916374206543,0.5625811219215393,0.3817119598388672,0.4446142613887787,0.3849071264266968,0.5415418148040771,0.5354515910148621,0.511059045791626,0.5347369909286499,0.5440815687179565,0.5917651653289795,0.5045959949493408,0.5892230272293091,0.5512984991073608,0.6635491847991943,0.49283504486083984,0.6629441976547241
94,0.5324570536613464,0.4136343002319336,0.5591015219688416,0.4437645673751831,0.5769164562225342,0.4397597014904022,0.505416989326477,0.4453328251838684,0.4951523244380951,0.433468222618103,0.5701892375946045,0.3949386477470398,0.4560660719871521,0.3939250409603119,0.5417279005050659,0.5276918411254883,0.5123857259750366,0.5280818939208984,0.5423443913459778,0.5865767598152161,0.5052731037139893,0.5805014371871948,0.5531044602394104,0.6613668203353882,0.4914003014564514,0.6592803597450256
95,0.5588639974594116,0.39211440086364746,0.5520090460777283,0.42913421988487244,0.5543136596679688,0.4398443102836609,0.536159098148346,0.4330546259880066,0.523910641670227,0.43310078978538513,0.5472775101661682,0.41946908831596375,0.5127271413803101,0.4219587743282318,0.5387047529220581,0.520097553730011,0.5252059102058411,0.5227305889129639,0.5346086621284485,0.58322674036026,0.5137141346931458,0.5841237306594849,0.5453900694847107,0.6634364724159241,0.500325620174408,0.6656505465507507
96,0.5432718396186829,0.4111763834953308,0.5673382878303528,0.439308226108551,0.5895171165466309,0.44078537821769714,0.5093260407447815,0.4460769295692444,0.49206849932670593,0.43686866760253906,0.577647864818573,0.42075538635253906,0.45820438861846924,0.40505993366241455,0.5490107536315918,0.5335025787353516,0.5157817602157593,0.5331112742424011,0.5511192679405212,0.5890418291091919,0.504250168800354,0.5905256867408752,0.5535374283790588,0.6665059328079224,0.49562689661979675,0.66374671459198
97,0.5248005390167236,0.41143202781677246,0.5505871772766113,0.4437466859817505,0.5659123659133911,0.4493425786495209,0.5279260873794556,0.4418453872203827,0.5105576515197754,0.44248339533805847,0.5767753720283508,0.432051420211792,0.5103089809417725,0.4400045871734619,0.5394104719161987,0.5387604236602783,0.5247067809104919,0.5417171716690063,0.5354205369949341,0.5950603485107422,0.5198092460632324,0.594156801700592,0.5416311025619507,0.6712915897369385,0.507433295249939,0.6695891618728638
98,0.5620167255401611,0.4003239870071411,0.5723221898078918,0.43289491534233093,0.5830847024917603,0.4517784118652344,0.52675461769104,0.44049888849258423,0.5104548335075378,0.4490933120250702,0.5843079686164856,0.43306922912597656,0.5056978464126587,0.4484090805053711,0.5494443774223328,0.5369713306427002,0.5243074893951416,0.5384910702705383,0.5423637628555298,0.5962626934051514,0.5161716938018799,0.596123218536377,0.546886682510376,0.6682788133621216,0.5044111013412476,0.6706136465072632
99,0.5354218482971191,0.42174023389816284,0.5575389862060547,0.4474470019340515,0.561332106590271,0.4754452109336853,0.527609646320343,0.45166513323783875,0.5130459666252136,0.4806869626045227,0.5598188042640686,0.47182247042655945,0.5141886472702026,0.45649704337120056,0.5428109169006348,0.5394359827041626,0.5219209790229797,0.5407195091247559,0.5336143970489502,0.5954437851905823,0.5134514570236206,0.5946137309074402,0.5432795882225037,0.6685072779655457,0.5031886696815491,0.6690148115158081
100,0.5233997106552124,0.42026180028915405,0.5372655391693115,0.4478360414505005,0.5468457341194153,0.4527519941329956,0.5371389985084534,0.44349056482315063,0.5427271127700806,0.453183650970459,0.548248827457428,0.4588148295879364,0.5447593331336975,0.4576469659805298,0.5306528210639954,0.5346717834472656,0.5317471623420715,0.5279334187507629,0.5201462507247925,0.5872886776924133,0.5262631773948669,0.5853978395462036,0.5324476361274719,0.6668175458908081,0.5353792905807495,0.6618589758872986
101,0.5299251675605774,0.432759165763855,0.5359154343605042,0.46797776222229004,0.5382575988769531,0.4873563051223755,0.5286471247673035,0.46783483028411865,0.5292258858680725,0.4846545159816742,0.5558677911758423,0.47711917757987976,0.5437461137771606,0.46826204657554626,0.5361712574958801,0.5422338247299194,0.5262134671211243,0.5445502996444702,0.52488774061203,0.5998026728630066,0.5222263336181641,0.5993441343307495,0.539159893989563,0.6674326658248901,0.5354094505310059,0.664861798286438
102,0.5263442993164062,0.43653056025505066,0.5592331886291504,0.4618151783943176,0.5774092674255371,0.4824995696544647,0.505396842956543,0.470573753118515,0.4926251173019409,0.4911007881164551,0.5686684846878052,0.47272107005119324,0.5000400543212891,0.4975275695323944,0.5452953577041626,0.5451191067695618,0.5135777592658997,0.5477502346038818,0.5437185168266296,0.5984532833099365,0.5082281827926636,0.5967610478401184,0.5512055158615112,0.6648311614990234,0.4967907667160034,0.6670870184898376
103,0.5579677224159241,0.42483577132225037,0.5662275552749634,0.4605567157268524,0.5826866626739502,0.4832521080970764,0.5095882415771484,0.4701998233795166,0.4884987771511078,0.49055033922195435,0.5735187530517578,0.47278380393981934,0.4612295627593994,0.473004549741745,0.5467904806137085,0.5448821783065796,0.5135560631752014,0.5473977327346802,0.5442955493927002,0.598484218120575,0.5083061456680298,0.5967987775802612,0.5500432848930359,0.6649422645568848,0.4965469539165497,0.6663525104522705
104,0.5560068488121033,0.42707085609436035,0.5680855512619019,0.45952528715133667,0.5778944492340088,0.4877232313156128,0.5107868909835815,0.4700552225112915,0.49551230669021606,0.5074318647384644,0.5657506585121155,0.4906925559043884,0.5106900334358215,0.49161872267723083,0.5488711595535278,0.5442665219306946,0.5135619640350342,0.5462638139724731,0.5481694936752319,0.600799560546875,0.5079193711280823,0.5995593070983887,0.553330659866333,0.6654987931251526,0.49390071630477905,0.6693626642227173
105,0.540946900844574,0.4430980682373047,0.562536895275116,0.4741334915161133,0.5783687829971313,0.49177464842796326,0.504034161567688,0.47734999656677246,0.48763975501060486,0.5093351006507874,0.5683837532997131,0.4758993983268738,0.45602166652679443,0.4753919839859009,0.5445128679275513,0.5506298542022705,0.5112184286117554,0.552528977394104,0.5452861785888672,0.6000786423683167,0.4992648959159851,0.599207878112793,0.5540079474449158,0.6678704619407654,0.49186763167381287,0.6712058782577515
106,0.5439281463623047,0.44214436411857605,0.560213029384613,0.4695843458175659,0.5715309381484985,0.496718168258667,0.5063274502754211,0.4777906537055969,0.49033069610595703,0.5096616744995117,0.5635468363761902,0.49029311537742615,0.45556527376174927,0.4774559438228607,0.5418947339057922,0.5516896843910217,0.5095628499984741,0.5527772307395935,0.54524827003479,0.6014062762260437,0.4969401955604553,0.6020992398262024,0.5529841184616089,0.668115496635437,0.4900765120983124,0.663874626159668
107,0.5466527342796326,0.4474726915359497,0.5644233226776123,0.48116740584373474,0.5755302906036377,0.5058869123458862,0.5108553171157837,0.4872681498527527,0.48497462272644043,0.5128624439239502,0.5643644332885742,0.4973740577697754,0.496177613735199,0.5222004652023315,0.5411403775215149,0.5607612133026123,0.507710337638855,0.5609995722770691,0.5486504435539246,0.6130498647689819,0.4940926432609558,0.6108591556549072,0.5549688339233398,0.6710102558135986,0.48859962821006775,0.6663557291030884
108,0.5260369181632996,0.4627462327480316,0.554806649684906,0.49530988931655884,0.5704948306083679,0.5015270113945007,0.49620386958122253,0.49700677394866943,0.4713767468929291,0.5154495239257812,0.5575885772705078,0.4595146179199219,0.46090734004974365,0.47006723284721375,0.534918487071991,0.5637657642364502,0.5071462392807007,0.5665209889411926,0.54533851146698,0.6098629236221313,0.49605223536491394,0.6073792576789856,0.5521597862243652,0.6690200567245483,0.4902415871620178,0.6663558483123779
109,0.535828709602356,0.4581303596496582,0.5590315461158752,0.48946163058280945,0.5702536702156067,0.5032618641853333,0.5070071220397949,0.4972553253173828,0.4695665240287781,0.511202335357666,0.5654444098472595,0.48735201358795166,0.45334142446517944,0.46477648615837097,0.5395307540893555,0.5588138103485107,0.509040117263794,0.5601705312728882,0.5450998544692993,0.6033892631530762,0.4969695806503296,0.6010099649429321,0.5539104342460632,0.664911687374115,0.49049222469329834,0.664774477481842
110,0.530173122882843,0.46036192774772644,0.554309606552124,0.4913642108440399,0.5632388591766357,0.5075799226760864,0.5065457820892334,0.49470311403274536,0.4676916301250458,0.50713050365448,0.5550230741500854,0.49320897459983826,0.4544414281845093,0.47782087326049805,0.539208173751831,0.5537325143814087,0.5123505592346191,0.5547709465026855,0.5391761660575867,0.5982080698013306,0.5019083619117737,0.5978574752807617,0.5483404994010925,0.6648297905921936,0.4918505549430847,0.6606190800666809
111,0.517211377620697,0.4726939797401428,0.5495246648788452,0.502470850944519,0.5681168437004089,0.5089260339736938,0.49819040298461914,0.5051519274711609,0.4554956555366516,0.5050825476646423,0.5561705827713013,0.4912867546081543,0.45563846826553345,0.5001361966133118,0.5395534038543701,0.5642139911651611,0.5127183794975281,0.5650917887687683,0.5424195528030396,0.6034659743309021,0.5053766369819641,0.6017343997955322,0.5505954027175903,0.6627126932144165,0.4934460520744324,0.662142276763916
112,0.5207178592681885,0.47602856159210205,0.547016441822052,0.5013672113418579,0.566116452217102,0.5083137154579163,0.49574077129364014,0.5062333941459656,0.45668911933898926,0.5098385810852051,0.5577181577682495,0.48806989192962646,0.45918959379196167,0.5002859234809875,0.5353996753692627,0.5681514143943787,0.5102154016494751,0.570277750492096,0.5430434942245483,0.6099449396133423,0.5066053867340088,0.6079577803611755,0.551548957824707,0.6686968803405762,0.49331900477409363,0.6674375534057617
113,0.5183830857276917,0.4822867810726166,0.548958420753479,0.5147355794906616,0.5642777681350708,0.5126662254333496,0.49483656883239746,0.5181049704551697,0.45865464210510254,0.5129544734954834,0.5548257231712341,0.4688470959663391,0.4626574218273163,0.5036087036132812,0.5333002209663391,0.5726295113563538,0.5077939033508301,0.5738129615783691,0.5445679426193237,0.6146958470344543,0.5041841864585876,0.6092706918716431,0.5504090189933777,0.6707314848899841,0.49217689037323,0.6697327494621277
114,0.5204806327819824,0.4841324985027313,0.5463421940803528,0.5137356519699097,0.561626136302948,0.5085110664367676,0.4965272843837738,0.5210279822349548,0.469451904296875,0.5279865264892578,0.5532106161117554,0.4684426486492157,0.4604816436767578,0.5005764365196228,0.5321846008300781,0.577857494354248,0.5074549913406372,0.5791803598403931,0.5477936267852783,0.6185588240623474,0.4979627728462219,0.6196292638778687,0.553687572479248,0.6694270372390747,0.4929378032684326,0.6719348430633545
115,0.5225718021392822,0.4872090220451355,0.5455135107040405,0.5142436027526855,0.5558102130889893,0.5456187725067139,0.49579915404319763,0.5196577310562134,0.48553475737571716,0.5517619252204895,0.5518956184387207,0.5203515887260437,0.46357452869415283,0.5087270140647888,0.5376001596450806,0.5767168998718262,0.5101779103279114,0.5786911249160767,0.5489845871925354,0.6189267635345459,0.5015714764595032,0.6219480037689209,0.5531101226806641,0.6683367490768433,0.49526017904281616,0.6717471480369568
116,0.5204348564147949,0.4884522557258606,0.5477401614189148,0.5166148543357849,0.5570196509361267,0.5435514450073242,0.4990517795085907,0.5180692076683044,0.48526275157928467,0.5441218614578247,0.5503729581832886,0.5205652713775635,0.46008366346359253,0.5154678821563721,0.5358965396881104,0.5806100368499756,0.5105673670768738,0.5800015330314636,0.5482848882675171,0.6208841800689697,0.5016918182373047,0.6221563220024109,0.552894115447998,0.6697577238082886,0.49414247274398804,0.6711198091506958
117,0.5154147148132324,0.49267467856407166,0.5455969572067261,0.5214988589286804,0.5589145421981812,0.5472791194915771,0.4968676269054413,0.5249878168106079,0.48274609446525574,0.5524466633796692,0.554362952709198,0.5847631692886353,0.45474299788475037,0.5192420482635498,0.5359553694725037,0.57830810546875,0.5110177993774414,0.579349935054779,0.5488368272781372,0.6206181049346924,0.5010029077529907,0.6224611401557922,0.5526408553123474,0.668458878993988,0.49488934874534607,0.6705151796340942
118,0.5227336287498474,0.4931562840938568,0.5481348037719727,0.5227585434913635,0.5601186752319336,0.549447774887085,0.500597357749939,0.5214493870735168,0.48514723777770996,0.5477774143218994,0.5538284778594971,0.5871624946594238,0.4594287872314453,0.5170090198516846,0.5377092957496643,0.5811559557914734,0.5113030672073364,0.5807204842567444,0.5492123961448669,0.6222934722900391,0.49984562397003174,0.622816264629364,0.5522816181182861,0.6702767610549927,0.4940306544303894,0.671904444694519
119,0.5302517414093018,0.49164971709251404,0.5517410635948181,0.5220937728881836,0.5588493347167969,0.548417329788208,0.5021937489509583,0.5173228979110718,0.4841250777244568,0.5443168878555298,0.5452284812927246,0.5551129579544067,0.46085989475250244,0.5143226385116577,0.5339961051940918,0.5839878916740417,0.5081592798233032,0.5816535353660583,0.5461651086807251,0.6223442554473877,0.49791404604911804,0.6207756996154785,0.5515259504318237,0.6735712289810181,0.49225711822509766,0.6739397048950195
120,0.5211303234100342,0.49571317434310913,0.5406880378723145,0.5219159126281738,0.5561702847480774,0.5421820878982544,0.4986046254634857,0.5247565507888794,0.48705026507377625,0.5416969060897827,0.5423413515090942,0.5736011862754822,0.4723282754421234,0.5365006327629089,0.5319091081619263,0.585249662399292,0.5091066360473633,0.5866192579269409,0.5425474643707275,0.6282472610473633,0.4995119571685791,0.6267197728157043,0.5507863163948059,0.674812912940979,0.4930429458618164,0.6762251257896423
121,0.5288938283920288,0.5003381967544556,0.548550546169281,0.531380295753479,0.5564954280853271,0.5536221265792847,0.5026967525482178,0.5315679311752319,0.4904246926307678,0.553248405456543,0.5519205331802368,0.5873898863792419,0.4935656189918518,0.5855973958969116,0.538100004196167,0.586838960647583,0.5115519762039185,0.5855355858802795,0.5465367436408997,0.6247996091842651,0.5029319524765015,0.6233869194984436,0.552554190158844,0.6742858290672302,0.4926852583885193,0.6751968860626221
122,0.5295668840408325,0.5013894438743591,0.546698272228241,0.5304199457168579,0.5594397783279419,0.5471199750900269,0.49920934438705444,0.5292849540710449,0.48796355724334717,0.5512855052947998,0.5510398745536804,0.5828408002853394,0.4920142889022827,0.5782253742218018,0.5329763889312744,0.585757851600647,0.5076428651809692,0.5850748419761658,0.5461722612380981,0.621668815612793,0.5037180781364441,0.6216336488723755,0.5526777505874634,0.6745747923851013,0.49331915378570557,0.675698459148407
123,0.5312871932983398,0.5027704238891602,0.5482323169708252,0.5334528684616089,0.5547477006912231,0.5560612082481384,0.5062497854232788,0.5307907462120056,0.49039316177368164,0.551957905292511,0.5437763333320618,0.581070065498352,0.49013376235961914,0.5777228474617004,0.5365887880325317,0.5864149928092957,0.509033203125,0.5850751399993896,0.54291832447052,0.6219245195388794,0.5032654404640198,0.6232234835624695,0.5514883399009705,0.6748101115226746,0.49268290400505066,0.6748115420341492
124,0.5306340456008911,0.5029738545417786,0.5481334924697876,0.532463550567627,0.5564751625061035,0.548342764377594,0.5052734017372131,0.5293876528739929,0.488629549741745,0.5482609868049622,0.5433424115180969,0.5786072611808777,0.48865196108818054,0.5667219161987305,0.5364684462547302,0.586692214012146,0.5091724991798401,0.5852676630020142,0.5431097149848938,0.6195187568664551,0.5028482675552368,0.6184963583946228,0.5520579218864441,0.6737380027770996,0.4939761757850647,0.6739911437034607
125,0.5322622656822205,0.5028520226478577,0.5487921237945557,0.5335680842399597,0.5562256574630737,0.5563820600509644,0.506505012512207,0.5314163565635681,0.4903388023376465,0.5486636161804199,0.5416715741157532,0.5781232118606567,0.48748236894607544,0.5732146501541138,0.5372726321220398,0.5906543731689453,0.5101785063743591,0.5877465605735779,0.5422803163528442,0.6264106035232544,0.5026025772094727,0.6190774440765381,0.5509226322174072,0.6768089532852173,0.49242639541625977,0.6770012378692627
126,0.5360919237136841,0.5033166408538818,0.5478221774101257,0.5334351658821106,0.5532001852989197,0.5545409917831421,0.5083168745040894,0.5316860675811768,0.4898659884929657,0.5490307807922363,0.5391573309898376,0.5743004083633423,0.4829397201538086,0.5710153579711914,0.5347962975502014,0.5932530164718628,0.508716344833374,0.5901851654052734,0.5384343266487122,0.6295715570449829,0.5020323395729065,0.6266409158706665,0.5487005710601807,0.6802753210067749,0.49284130334854126,0.6815435290336609
127,0.5324519276618958,0.5001318454742432,0.5468026399612427,0.5298054218292236,0.5524951219558716,0.553133487701416,0.505683422088623,0.5286084413528442,0.48637446761131287,0.5466409921646118,0.5404093265533447,0.5720197558403015,0.47527968883514404,0.5649595260620117,0.5352381467819214,0.5850726366043091,0.5078750252723694,0.5828474760055542,0.5428691506385803,0.6249465346336365,0.5049306154251099,0.6248606443405151,0.5517584681510925,0.6783913373947144,0.4930649697780609,0.6771172285079956
128,0.5318557024002075,0.5031412839889526,0.5443321466445923,0.532101035118103,0.550178050994873,0.5539043545722961,0.5067507028579712,0.5309405326843262,0.48870790004730225,0.5482231378555298,0.5414789319038391,0.5766727328300476,0.4561278820037842,0.5465959906578064,0.533282995223999,0.5848780870437622,0.5081578493118286,0.5835791230201721,0.5423575639724731,0.6282715797424316,0.5061821937561035,0.6281092762947083,0.5513213276863098,0.6784061789512634,0.4932883679866791,0.6801810264587402
129,0.537829577922821,0.5048728585243225,0.5507857799530029,0.5323896408081055,0.5536983013153076,0.5565258264541626,0.5076920986175537,0.5300704836845398,0.4885290563106537,0.5502111911773682,0.5462266206741333,0.5799070596694946,0.49642908573150635,0.5793987512588501,0.5356307029724121,0.5843589305877686,0.5077999830245972,0.5831081867218018,0.5459305047988892,0.6295656561851501,0.5034675002098083,0.6243683099746704,0.553141713142395,0.6792494058609009,0.4917929172515869,0.6797645092010498
130,0.5350189208984375,0.5068113803863525,0.5493463277816772,0.5370189547538757,0.553450345993042,0.5568782687187195,0.5073339343070984,0.5344063639640808,0.4893209934234619,0.5516035556793213,0.5402915477752686,0.5791792273521423,0.4694947898387909,0.5692105889320374,0.5359480381011963,0.5901014804840088,0.5081579685211182,0.5878860950469971,0.5464786291122437,0.6301484107971191,0.5039083957672119,0.6244297027587891,0.5550210475921631,0.6796138286590576,0.49166184663772583,0.6795210838317871
131,0.5391194224357605,0.5071808695793152,0.5529755353927612,0.5339009761810303,0.5557121634483337,0.5544005632400513,0.5085490942001343,0.5336676239967346,0.4897085428237915,0.5506054759025574,0.5420868396759033,0.577186644077301,0.4704098701477051,0.5691739916801453,0.5376943349838257,0.5892789363861084,0.5094881057739258,0.5872832536697388,0.5482035279273987,0.627355694770813,0.5043938159942627,0.6226886510848999,0.5556433200836182,0.6782268285751343,0.49260228872299194,0.678430438041687
132,0.5185933113098145,0.5088365077972412,0.5445190072059631,0.5336658954620361,0.5565946698188782,0.5518802404403687,0.4926376938819885,0.5380557775497437,0.46028661727905273,0.5500772595405579,0.5391935706138611,0.5653889179229736,0.45770329236984253,0.5528836846351624,0.5373309254646301,0.5947372317314148,0.5059316158294678,0.5930254459381104,0.5418497323989868,0.6310523748397827,0.5008798837661743,0.6253527402877808,0.5528609752655029,0.6836885809898376,0.49064189195632935,0.6820401549339294
133,0.5323601961135864,0.5091559886932373,0.5492655038833618,0.5359086394309998,0.5591346621513367,0.5552066564559937,0.5029230713844299,0.5370622873306274,0.4833492636680603,0.5566109418869019,0.5430127382278442,0.5686445236206055,0.45911526679992676,0.552161455154419,0.5394514799118042,0.5951975584030151,0.5086924433708191,0.5934833288192749,0.5469421744346619,0.6295719146728516,0.504487156867981,0.6243693828582764,0.5549136400222778,0.6824225783348083,0.49090200662612915,0.6814720034599304
134,0.529291570186615,0.5097723007202148,0.5462333559989929,0.5386354327201843,0.557183563709259,0.5574005842208862,0.5024727582931519,0.5381075739860535,0.4853386878967285,0.5579674243927002,0.5413759350776672,0.5732980966567993,0.4761872887611389,0.5730763673782349,0.5382736921310425,0.5957639217376709,0.5084446668624878,0.5939833521842957,0.5460067987442017,0.632512629032135,0.5043831467628479,0.625191867351532,0.5544973611831665,0.682532787322998,0.49083587527275085,0.681503176689148
135,0.5302126407623291,0.5063191652297974,0.543612003326416,0.5334432125091553,0.554178774356842,0.5561658143997192,0.5017013549804688,0.5344104766845703,0.4816470146179199,0.5529425144195557,0.5403066873550415,0.5669395923614502,0.4732222259044647,0.5683714747428894,0.5357856154441833,0.5920653939247131,0.507361888885498,0.5901098847389221,0.5440998077392578,0.62885582447052,0.5043209195137024,0.623264491558075,0.5527729988098145,0.6821845769882202,0.4915936589241028,0.6805993914604187
136,0.5308144092559814,0.5107593536376953,0.5453041791915894,0.5333892703056335,0.5559703707695007,0.5571230053901672,0.5021386742591858,0.5384312868118286,0.48388659954071045,0.5552461743354797,0.5399659276008606,0.5710062980651855,0.4709986448287964,0.5716856122016907,0.5378960371017456,0.5942091941833496,0.5073885917663574,0.5925684571266174,0.5469965934753418,0.6308650970458984,0.502727746963501,0.6298773288726807,0.5552549362182617,0.685400664806366,0.4905681014060974,0.6844639182090759
137,0.5282769799232483,0.5131430625915527,0.5446443557739258,0.5363520383834839,0.555374264717102,0.565442681312561,0.5016971826553345,0.5355684757232666,0.48781251907348633,0.5605167746543884,0.5491418838500977,0.5962933301925659,0.45840030908584595,0.5531665086746216,0.5377781391143799,0.5971814393997192,0.5086706280708313,0.5941591262817383,0.5437629818916321,0.6300466060638428,0.5019047260284424,0.6272079944610596,0.5540530681610107,0.6833978891372681,0.49227529764175415,0.6819993257522583
138,0.5294301509857178,0.5066503286361694,0.547066867351532,0.5392573475837708,0.5561442375183105,0.5596364736557007,0.504150390625,0.5345633029937744,0.46315521001815796,0.5441321134567261,0.5446990132331848,0.5765509605407715,0.45633047819137573,0.5479333996772766,0.5375627279281616,0.5953813195228577,0.5090110301971436,0.5914934277534485,0.5443001389503479,0.6290908455848694,0.5016945600509644,0.6252744197845459,0.5519707798957825,0.6856698989868164,0.49183470010757446,0.6822762489318848
139,0.526719331741333,0.505146861076355,0.5457639694213867,0.5366560220718384,0.554783046245575,0.5607920289039612,0.5037378072738647,0.5331742167472839,0.4845181107521057,0.5510433316230774,0.5409355759620667,0.5737312436103821,0.4787907600402832,0.5716569423675537,0.5377798080444336,0.5926519632339478,0.5089163780212402,0.5889546275138855,0.5449553728103638,0.630495548248291,0.5024314522743225,0.6195745468139648,0.5509319305419922,0.6871058940887451,0.49038857221603394,0.6808578968048096
140,0.5269275903701782,0.5077111721038818,0.548965334892273,0.5392557382583618,0.5570080280303955,0.5637924075126648,0.5047712922096252,0.5339602828025818,0.48524054884910583,0.5548478960990906,0.5404545068740845,0.5767529010772705,0.45898765325546265,0.5456472635269165,0.5378963947296143,0.5945159196853638,0.5082874298095703,0.5906664729118347,0.5427662134170532,0.6271287202835083,0.5007622241973877,0.6198316812515259,0.5516910552978516,0.6823080778121948,0.49200066924095154,0.678370475769043
141,0.5250378847122192,0.5035773515701294,0.54759681224823,0.5330813527107239,0.55592942237854,0.5599302053451538,0.5026953816413879,0.5267695784568787,0.46961939334869385,0.542654812335968,0.5391586422920227,0.5755126476287842,0.4562639892101288,0.5403993129730225,0.5368000268936157,0.5863368511199951,0.5057123899459839,0.5829108953475952,0.5400267243385315,0.6202273368835449,0.49890244007110596,0.611335039138794,0.5497714877128601,0.6799007654190063,0.49006518721580505,0.6741119623184204
142,0.5250831842422485,0.5037487745285034,0.5508741736412048,0.5363169312477112,0.5548871755599976,0.5640655755996704,0.5001924633979797,0.5288486480712891,0.4692402482032776,0.5476773381233215,0.551188588142395,0.5974425077438354,0.45964372158050537,0.5394904017448425,0.5368537306785583,0.5866328477859497,0.5027086734771729,0.5828264951705933,0.5418746471405029,0.6216117739677429,0.4980352520942688,0.6146436929702759,0.5503168106079102,0.6773413419723511,0.48831695318222046,0.6742993593215942
143,0.5227376222610474,0.49836504459381104,0.5438572764396667,0.5277183651924133,0.5556080341339111,0.5570308566093445,0.4983629882335663,0.5254923105239868,0.45841825008392334,0.537372887134552,0.5416932106018066,0.5738824009895325,0.454637348651886,0.537824273109436,0.5363055467605591,0.5844162106513977,0.5054332613945007,0.5827780961990356,0.5434789657592773,0.621394157409668,0.5040785074234009,0.6159663200378418,0.5523563623428345,0.6743664741516113,0.49249884486198425,0.6729623675346375
144,0.5090054869651794,0.49327778816223145,0.5355323553085327,0.518119752407074,0.5479925870895386,0.5426610708236694,0.4924732446670532,0.5206284523010254,0.4866802394390106,0.5420133471488953,0.5434703826904297,0.5744445323944092,0.4571082293987274,0.5267667770385742,0.5308519005775452,0.5823204517364502,0.5047308802604675,0.5831773281097412,0.5357211828231812,0.6223235130310059,0.4954158067703247,0.6234177350997925,0.5477140545845032,0.6768887042999268,0.4931308925151825,0.6785547137260437
145,0.5164325833320618,0.49276989698410034,0.5400596261024475,0.5192742347717285,0.5543084144592285,0.5483345985412598,0.49922865629196167,0.5204492807388306,0.4921301305294037,0.5477843284606934,0.544421911239624,0.570499062538147,0.4938621520996094,0.5525843501091003,0.5343623161315918,0.5815132856369019,0.5075244307518005,0.581954300403595,0.540054202079773,0.6207653284072876,0.5055568218231201,0.6218994855880737,0.5494399070739746,0.6725519895553589,0.4919877052307129,0.6752444505691528
146,0.5049603581428528,0.49063998460769653,0.538371741771698,0.519926905632019,0.5488457679748535,0.5498678684234619,0.49613940715789795,0.5185736417770386,0.4894622266292572,0.5454890727996826,0.5411800146102905,0.5724006295204163,0.45582902431488037,0.5242936015129089,0.5321114659309387,0.5829237699508667,0.5069738626480103,0.5823321342468262,0.5346606969833374,0.625164270401001,0.5006274580955505,0.6254291534423828,0.5460528135299683,0.6732528209686279,0.49304935336112976,0.6748141646385193
147,0.5112747550010681,0.47953855991363525,0.5367976427078247,0.5056952238082886,0.5527032613754272,0.5270370841026306,0.4934702515602112,0.5125600099563599,0.48297667503356934,0.531997561454773,0.5401120185852051,0.5412923097610474,0.4622485637664795,0.5173463821411133,0.5339999198913574,0.57988041639328,0.5045442581176758,0.5788555145263672,0.5351622104644775,0.6179300546646118,0.5042529106140137,0.6165235638618469,0.5492554306983948,0.6727036237716675,0.4910247027873993,0.6732689142227173
148,0.5128050446510315,0.4789571762084961,0.538063645362854,0.5058743953704834,0.55716872215271,0.5251291990280151,0.49467360973358154,0.5122904181480408,0.4826925992965698,0.5334177017211914,0.5400769710540771,0.5465348362922668,0.46141597628593445,0.5132607221603394,0.5354266166687012,0.5809528827667236,0.5058469772338867,0.576543927192688,0.5358449220657349,0.6154184937477112,0.5040031671524048,0.6114622950553894,0.5456902980804443,0.6740169525146484,0.48939746618270874,0.6696900725364685
149,0.5057323575019836,0.47562524676322937,0.5333324670791626,0.5036229491233826,0.5472601652145386,0.5303673148155212,0.4943331480026245,0.5056774616241455,0.4915197491645813,0.528983473777771,0.5370498299598694,0.5445137619972229,0.4941142499446869,0.5420048236846924,0.5325157046318054,0.5714800357818604,0.506088376045227,0.5697267651557922,0.5324499607086182,0.6135631799697876,0.4969825744628906,0.6134549975395203,0.5469027757644653,0.6725414991378784,0.49088990688323975,0.6679744124412537
150,0.5009152889251709,0.47159343957901,0.5282585024833679,0.49808523058891296,0.5486983060836792,0.5273873209953308,0.48513171076774597,0.5028189420700073,0.4885687232017517,0.5287771224975586,0.5370461940765381,0.5420510768890381,0.45872610807418823,0.5080757141113281,0.531407356262207,0.5699602365493774,0.505415678024292,0.5692248344421387,0.5343424081802368,0.6036136746406555,0.498623788356781,0.6049515008926392,0.5496768951416016,0.673139214515686,0.4931796193122864,0.6671328544616699
151,0.5071903467178345,0.46159204840660095,0.5371134877204895,0.49461156129837036,0.5576317310333252,0.5136417150497437,0.4914667308330536,0.4988526701927185,0.4711119830608368,0.5119214057922363,0.5529734492301941,0.5259839296340942,0.4592173993587494,0.49960169196128845,0.5384697914123535,0.5626704692840576,0.5081364512443542,0.5624856948852539,0.5418369770050049,0.60294508934021,0.5008623600006104,0.6056479811668396,0.5551880598068237,0.667639970779419,0.49260640144348145,0.6655835509300232
152,0.5013411045074463,0.45799121260643005,0.5313498973846436,0.48549914360046387,0.5565124154090881,0.5102697610855103,0.4880206286907196,0.49412113428115845,0.48550623655319214,0.5130441188812256,0.5589295625686646,0.499887079000473,0.45602619647979736,0.48516973853111267,0.5407204627990723,0.5585107803344727,0.5095216035842896,0.5593582987785339,0.540782630443573,0.5996208190917969,0.5017175078392029,0.6031369566917419,0.5535093545913696,0.670142650604248,0.49313265085220337,0.6668468713760376
153,0.5120797753334045,0.4540225863456726,0.5410231947898865,0.47581061720848083,0.5672770738601685,0.4968889355659485,0.49389752745628357,0.4888964295387268,0.48645174503326416,0.5135587453842163,0.5664176940917969,0.4900939166545868,0.45193466544151306,0.4780063331127167,0.5361605286598206,0.5539817214012146,0.5082643628120422,0.5590859055519104,0.5385568141937256,0.5961388349533081,0.505314290523529,0.6014132499694824,0.5510181188583374,0.6646125316619873,0.49255383014678955,0.6639259457588196
154,0.505739152431488,0.44614529609680176,0.5382090210914612,0.4801254868507385,0.5738835334777832,0.48581522703170776,0.4889485538005829,0.4858054518699646,0.48331865668296814,0.5097058415412903,0.5758717060089111,0.46912357211112976,0.45563003420829773,0.4775117337703705,0.5400991439819336,0.5561631917953491,0.5097254514694214,0.5571798086166382,0.5362696051597595,0.6043877005577087,0.5031899213790894,0.6011691093444824,0.5513157248497009,0.6701092720031738,0.49133357405662537,0.6674332618713379
155,0.5030927658081055,0.4407493770122528,0.5346972942352295,0.4727637767791748,0.5572543740272522,0.49676400423049927,0.486089825630188,0.4786965847015381,0.48488649725914,0.5084837675094604,0.5712476372718811,0.4934651255607605,0.4512409567832947,0.4791697859764099,0.5347200036048889,0.5521827936172485,0.5061266422271729,0.5529428720474243,0.5319181680679321,0.6033607125282288,0.4970206022262573,0.6023620963096619,0.551348090171814,0.6697465777397156,0.4898989200592041,0.6651216745376587
156,0.5121282339096069,0.4410485029220581,0.5435343980789185,0.4703283905982971,0.5731319189071655,0.4820971190929413,0.49332329630851746,0.4790749251842499,0.4850090742111206,0.5042432546615601,0.5767388343811035,0.4650232791900635,0.45909690856933594,0.4698770046234131,0.5387951731681824,0.5568128228187561,0.5051923394203186,0.5572096109390259,0.5372240543365479,0.5993199348449707,0.49477702379226685,0.599120020866394,0.5497634410858154,0.6724745631217957,0.48946094512939453,0.6693295240402222
157,0.49809038639068604,0.43913203477859497,0.52857506275177,0.46751970052719116,0.5450620651245117,0.5006668567657471,0.4853637218475342,0.476750910282135,0.4937824606895447,0.5027754306793213,0.5475633144378662,0.5077203512191772,0.5010424256324768,0.5061588287353516,0.531696081161499,0.5488202571868896,0.5079143047332764,0.5496221780776978,0.5314526557922363,0.6034244298934937,0.5022046566009521,0.5996310710906982,0.5486520528793335,0.6676466464996338,0.4921879768371582,0.6654500961303711
158,0.5048310160636902,0.4366656243801117,0.5278803706169128,0.46444374322891235,0.5391697287559509,0.5087112784385681,0.4890372157096863,0.4727564752101898,0.4990723133087158,0.5081053376197815,0.541936993598938,0.5242640972137451,0.5183340311050415,0.5323793292045593,0.5320693850517273,0.5457283854484558,0.5125482082366943,0.5461450815200806,0.5277053117752075,0.603736400604248,0.506908655166626,0.6043739318847656,0.5455591678619385,0.6664372682571411,0.49519917368888855,0.663644015789032
159,0.5191338658332825,0.4306585490703583,0.5327214002609253,0.4589981734752655,0.5364148616790771,0.4869486689567566,0.509742021560669,0.4644603729248047,0.49731260538101196,0.48741719126701355,0.5370402932167053,0.5187636017799377,0.5075079202651978,0.5056789517402649,0.5302690267562866,0.5395751595497131,0.5205782651901245,0.5385422706604004,0.523655116558075,0.5982123613357544,0.5112730264663696,0.5991177558898926,0.5418930053710938,0.6644184589385986,0.4983081519603729,0.6633802652359009
160,0.5198040008544922,0.4285120368003845,0.5283798575401306,0.46450647711753845,0.5356125235557556,0.5017099380493164,0.5058382153511047,0.46866342425346375,0.5090591311454773,0.4879452884197235,0.5438194870948792,0.48498043417930603,0.45322751998901367,0.4325522780418396,0.5281530618667603,0.5434211492538452,0.5181899070739746,0.5431827306747437,0.5225065350532532,0.5988177061080933,0.5115057229995728,0.5992138385772705,0.543703556060791,0.665473461151123,0.497663676738739,0.6653107404708862
161,0.5116711258888245,0.4282044768333435,0.5195780396461487,0.4613959491252899,0.5277682542800903,0.4984543025493622,0.5220458507537842,0.4597119092941284,0.5272302031517029,0.4858761727809906,0.5283466577529907,0.5240722894668579,0.5272088050842285,0.5206027030944824,0.524610161781311,0.5394552946090698,0.5249201655387878,0.539050817489624,0.5207687616348267,0.5995872020721436,0.521856963634491,0.5987523794174194,0.5394800901412964,0.6642491817474365,0.5362266898155212,0.6613229513168335
162,0.523094892501831,0.4245818853378296,0.5437325239181519,0.4493250250816345,0.5550654530525208,0.4856678247451782,0.5045126080513,0.45574307441711426,0.49903032183647156,0.49227476119995117,0.5409947633743286,0.5246187448501587,0.5090370774269104,0.5162404775619507,0.5395640134811401,0.5402237176895142,0.5180546045303345,0.5399460792541504,0.5340445041656494,0.5989153981208801,0.5146623849868774,0.5984920263290405,0.5474182963371277,0.6634873151779175,0.4958154857158661,0.6620368361473083
163,0.5123270750045776,0.41849958896636963,0.5436588525772095,0.4413694143295288,0.544446587562561,0.48704665899276733,0.504298210144043,0.4500925540924072,0.49508529901504517,0.4855492115020752,0.5404835343360901,0.5229231119155884,0.49963638186454773,0.4859759509563446,0.5367355346679688,0.5375121831893921,0.5169408321380615,0.5389078855514526,0.5326449275016785,0.5946632623672485,0.5105651021003723,0.5954818725585938,0.5483188033103943,0.6643849611282349,0.49879059195518494,0.6613650918006897
164,0.5088139772415161,0.4177468419075012,0.5210269093513489,0.45369595289230347,0.5162533521652222,0.48450738191604614,0.5121603608131409,0.4533180594444275,0.5294466018676758,0.46279799938201904,0.5317783355712891,0.5144894123077393,0.5218022465705872,0.4323275089263916,0.5249127149581909,0.5407793521881104,0.520493745803833,0.5406947135925293,0.5227928161621094,0.5988737344741821,0.5192325711250305,0.5978938937187195,0.5434879064559937,0.6683216094970703,0.501868724822998,0.6635739803314209
165,0.5268304944038391,0.4075343608856201,0.5487946271896362,0.442965030670166,0.5690122246742249,0.4465918242931366,0.5052416324615479,0.4478052258491516,0.49736928939819336,0.4370908737182617,0.5676368474960327,0.42208001017570496,0.5095374584197998,0.42126044631004333,0.5347504615783691,0.5409952402114868,0.5139549970626831,0.5372649431228638,0.5372205972671509,0.5914907455444336,0.5127694606781006,0.5956024527549744,0.5453535914421082,0.6641066074371338,0.49876028299331665,0.6639305949211121
166,0.5287314653396606,0.40714165568351746,0.5535479784011841,0.43403559923171997,0.5751768350601196,0.4328981339931488,0.5088598728179932,0.4404652714729309,0.501937210559845,0.42704689502716064,0.5621747970581055,0.4180193543434143,0.5121595859527588,0.42102110385894775,0.5376369953155518,0.5449031591415405,0.5122089982032776,0.5480123162269592,0.5371007919311523,0.5938364267349243,0.5124397277832031,0.5971678495407104,0.5431262254714966,0.6606795787811279,0.5009878277778625,0.6624399423599243
167,0.5211934447288513,0.38718292117118835,0.5236928462982178,0.4157232940196991,0.5204436779022217,0.4223068654537201,0.5319435000419617,0.41353094577789307,0.5445439219474792,0.41907864809036255,0.5433408617973328,0.4200857877731323,0.545755922794342,0.41798660159111023,0.5233651399612427,0.5216890573501587,0.5284252762794495,0.5227125883102417,0.5230391621589661,0.5892500877380371,0.5375431776046753,0.584703266620636,0.5352672338485718,0.6627112030982971,0.5364287495613098,0.6596429347991943
168,0.5183531045913696,0.38086065649986267,0.5090954303741455,0.4119471311569214,0.5133119821548462,0.44314107298851013,0.5259119868278503,0.41123104095458984,0.5335292816162109,0.438914954662323,0.528418242931366,0.4515432119369507,0.5323822498321533,0.4314468801021576,0.5208250284194946,0.5061483979225159,0.5195910930633545,0.5070481300354004,0.5200397968292236,0.5865923762321472,0.5210821628570557,0.5870406627655029,0.5097490549087524,0.6648564338684082,0.5034851431846619,0.6627565622329712
169,0.5084788203239441,0.38648277521133423,0.5160161256790161,0.41481226682662964,0.5162659883499146,0.4413854479789734,0.5093693733215332,0.41651782393455505,0.5104515552520752,0.4281570315361023,0.5164593458175659,0.404792845249176,0.514622151851654,0.4042893350124359,0.5209429264068604,0.5039025545120239,0.5096602439880371,0.5056157112121582,0.5216553211212158,0.5844524502754211,0.5099718570709229,0.5843836069107056,0.5135043859481812,0.6626371145248413,0.4983360469341278,0.6608541011810303
170,0.5166279077529907,0.40037769079208374,0.5228701829910278,0.43268367648124695,0.5309918522834778,0.49307867884635925,0.5153268575668335,0.4331328868865967,0.5213761329650879,0.46508216857910156,0.533333957195282,0.4874669015407562,0.5195202827453613,0.4572961926460266,0.5257460474967957,0.5284909009933472,0.5126557350158691,0.5285959243774414,0.5261207222938538,0.593046247959137,0.5153903961181641,0.5964837670326233,0.5393586158752441,0.6620476245880127,0.4981902241706848,0.6626831293106079
171,0.5135478973388672,0.3958148658275604,0.5114219188690186,0.4372129440307617,0.506162166595459,0.4997270703315735,0.5302737355232239,0.4309235215187073,0.535281777381897,0.46960383653640747,0.5242568850517273,0.5148297548294067,0.5354830026626587,0.4629504680633545,0.5180426836013794,0.5271083116531372,0.5268573760986328,0.5276361703872681,0.5174205303192139,0.5949477553367615,0.5352537631988525,0.5938491821289062,0.5062992572784424,0.6649287939071655,0.537237286567688,0.6621987819671631
172,0.5175163745880127,0.3897169828414917,0.5180256366729736,0.4288756251335144,0.5137165188789368,0.4661390483379364,0.5282918810844421,0.42315536737442017,0.5355501770973206,0.4380725622177124,0.5215905904769897,0.40039825439453125,0.5289192795753479,0.3986729085445404,0.5217152833938599,0.5258315801620483,0.5170421004295349,0.5258032083511353,0.5241161584854126,0.5985934734344482,0.5169320702552795,0.5954058170318604,0.510638415813446,0.6658174991607666,0.5013400912284851,0.665319561958313
173,0.5007740259170532,0.38009342551231384,0.49322324991226196,0.4148132801055908,0.4942125976085663,0.4336233139038086,0.5294873118400574,0.40486225485801697,0.5532996654510498,0.4110841751098633,0.5113921165466309,0.3996647596359253,0.5327029228210449,0.38895875215530396,0.5102815628051758,0.5046297311782837,0.5231753587722778,0.50350421667099,0.5148571729660034,0.5856889486312866,0.5273081660270691,0.5868935585021973,0.5047606229782104,0.6641546487808228,0.508664071559906,0.6620510816574097
174,0.5116919875144958,0.37856313586235046,0.49818965792655945,0.4165744483470917,0.4901639223098755,0.4322810173034668,0.5411479473114014,0.40487906336784363,0.5621246099472046,0.40370187163352966,0.5080925226211548,0.3973771929740906,0.5454773902893066,0.3744306266307831,0.5072129964828491,0.5078073740005493,0.530339241027832,0.5069061517715454,0.5086092948913574,0.5877670049667358,0.5381309390068054,0.5884636640548706,0.4964735209941864,0.6635168790817261,0.541538417339325,0.6650089621543884
175,0.5156905651092529,0.37926530838012695,0.49675628542900085,0.41724130511283875,0.47972404956817627,0.4241884648799896,0.5463479161262512,0.40319401025772095,0.5669329166412354,0.39413613080978394,0.513358473777771,0.389602392911911,0.5482911467552185,0.3777974545955658,0.5052194595336914,0.5050219297409058,0.5390917658805847,0.5040575861930847,0.510056734085083,0.58716881275177,0.5456551313400269,0.586493730545044,0.4955165982246399,0.6622982621192932,0.5443099737167358,0.6636120080947876
176,0.5078818798065186,0.37311023473739624,0.5269174575805664,0.3994995355606079,0.5562323331832886,0.393044650554657,0.5068517923355103,0.4051927924156189,0.5106939077377319,0.39750537276268005,0.5498158931732178,0.35949814319610596,0.517701268196106,0.37538930773735046,0.5306828022003174,0.49948108196258545,0.5127910375595093,0.5017483234405518,0.5387027263641357,0.5853992700576782,0.5163670778274536,0.5817861557006836,0.5466654300689697,0.6663727164268494,0.4954300820827484,0.6669224500656128
177,0.5160600543022156,0.3656132221221924,0.5093480348587036,0.38638827204704285,0.5147051811218262,0.3887391984462738,0.5374820828437805,0.3839660882949829,0.5593346357345581,0.3892296552658081,0.5140200853347778,0.38533875346183777,0.5479796528816223,0.3710157871246338,0.5162292122840881,0.4803357720375061,0.529862105846405,0.48003336787223816,0.5292980670928955,0.5715687870979309,0.5384683609008789,0.5699653625488281,0.50981205701828,0.6593530178070068,0.5159515142440796,0.654890775680542
178,0.5175881385803223,0.36410027742385864,0.5232841372489929,0.38287708163261414,0.5228077173233032,0.3882523477077484,0.5323975086212158,0.38515111804008484,0.525147557258606,0.3917616605758667,0.5181998014450073,0.38288670778274536,0.555647611618042,0.3713807761669159,0.5220756530761719,0.4802108705043793,0.5253984332084656,0.48116859793663025,0.5378031730651855,0.5742526054382324,0.5292075276374817,0.5749431848526001,0.5420968532562256,0.661618709564209,0.5088683366775513,0.6557376384735107
179,0.5157527923583984,0.36028945446014404,0.5124960541725159,0.37672853469848633,0.5239803791046143,0.38652604818344116,0.5329383611679077,0.3754356801509857,0.5295586585998535,0.3900442123413086,0.5206690430641174,0.387617290019989,0.5280717611312866,0.39119216799736023,0.5192018747329712,0.45957261323928833,0.5262333750724792,0.4610217809677124,0.5323333740234375,0.5669218301773071,0.5327028036117554,0.5664483308792114,0.5386812686920166,0.6598877906799316,0.5046676397323608,0.6618450284004211
180,0.5098453760147095,0.3691418170928955,0.5263745784759521,0.3979838490486145,0.5532195568084717,0.38756322860717773,0.5033227205276489,0.4039555788040161,0.5072610378265381,0.3902897536754608,0.5564456582069397,0.3597814440727234,0.4356289803981781,0.3443645238876343,0.5314652919769287,0.5074129104614258,0.5130345225334167,0.5098494291305542,0.5365046262741089,0.5892282128334045,0.5143924951553345,0.5898869037628174,0.5433523058891296,0.6642755270004272,0.49791663885116577,0.6624024510383606
181,0.5033501386642456,0.37002524733543396,0.5057218670845032,0.39725857973098755,0.5167038440704346,0.38955068588256836,0.5155288577079773,0.3972199559211731,0.5240989923477173,0.39191505312919617,0.5177769660949707,0.3705964982509613,0.5247970819473267,0.3717837929725647,0.5208742022514343,0.49769124388694763,0.5258265137672424,0.4998231530189514,0.529157817363739,0.5789722204208374,0.5303242802619934,0.5803400874137878,0.514998733997345,0.6591265201568604,0.509678065776825,0.6591306924819946
182,0.5110620260238647,0.364595890045166,0.5019162893295288,0.39212965965270996,0.5082660913467407,0.3891839385032654,0.5342822074890137,0.38899844884872437,0.5525797605514526,0.3891078233718872,0.5154264569282532,0.38399022817611694,0.5538070201873779,0.3668029308319092,0.5146080255508423,0.48724907636642456,0.5335422158241272,0.48676562309265137,0.5226573944091797,0.5742536187171936,0.5354322195053101,0.5744593739509583,0.5092839002609253,0.658490777015686,0.5117047429084778,0.6574070453643799
183,0.513218879699707,0.36190265417099,0.5031437873840332,0.38827651739120483,0.5076937079429626,0.38640734553337097,0.5353990793228149,0.38452988862991333,0.5538145303726196,0.38440781831741333,0.5139067769050598,0.377331018447876,0.5571484565734863,0.36548906564712524,0.5132447481155396,0.48333263397216797,0.5316281318664551,0.48319992423057556,0.5215646028518677,0.5656352043151855,0.5419264435768127,0.5707898139953613,0.5110116004943848,0.6568725109100342,0.5132135152816772,0.65656578540802
184,0.5136128067970276,0.3640661835670471,0.4988231062889099,0.39197462797164917,0.5001668930053711,0.38802260160446167,0.5432778596878052,0.3841390311717987,0.5603753328323364,0.38225090503692627,0.5062397718429565,0.3736449182033539,0.5574824213981628,0.360821932554245,0.5125795602798462,0.4874277710914612,0.5399435758590698,0.485930860042572,0.5199441909790039,0.5737259387969971,0.5386553406715393,0.5774519443511963,0.5095717906951904,0.6571139693260193,0.5363566875457764,0.6616884469985962
185,0.5072237849235535,0.3705718219280243,0.49757978320121765,0.40606269240379333,0.4452514052391052,0.3799503445625305,0.5415916442871094,0.3931005001068115,0.5660414099693298,0.38163647055625916,0.4362855553627014,0.3479408025741577,0.5677616000175476,0.35255640745162964,0.5112844109535217,0.5062188506126404,0.5415980815887451,0.5042922496795654,0.5153186917304993,0.5815481543540955,0.5416532158851624,0.5818878412246704,0.5025404691696167,0.6651971340179443,0.5401540994644165,0.6623843312263489
186,0.5019913911819458,0.37198907136917114,0.48660343885421753,0.4024006128311157,0.44813984632492065,0.37686631083488464,0.5363449454307556,0.39291173219680786,0.5635801553726196,0.3821116089820862,0.43259620666503906,0.3460483253002167,0.5556787252426147,0.3495030105113983,0.5057240128517151,0.5029569268226624,0.5396809577941895,0.5011517405509949,0.5124500393867493,0.5813813209533691,0.5419731140136719,0.5791313648223877,0.501105546951294,0.6670637130737305,0.5414713621139526,0.6650439500808716
187,0.5007854700088501,0.37549394369125366,0.4803936183452606,0.4085640609264374,0.4413488507270813,0.37687230110168457,0.5364082455635071,0.3987109661102295,0.5610259771347046,0.37923896312713623,0.4240133762359619,0.3465430438518524,0.5529663562774658,0.3474070727825165,0.5036213397979736,0.5049710273742676,0.537230908870697,0.5030673742294312,0.5094780921936035,0.585451066493988,0.5411257743835449,0.583605945110321,0.49972543120384216,0.6594574451446533,0.5427523851394653,0.6655768752098083
188,0.499138206243515,0.37641090154647827,0.48160815238952637,0.404606431722641,0.43858587741851807,0.3771204948425293,0.5336877107620239,0.40003639459609985,0.5607366561889648,0.3783556818962097,0.4200841188430786,0.3432985544204712,0.5521844625473022,0.3422747552394867,0.5023118257522583,0.5037082433700562,0.5362452864646912,0.5014441609382629,0.5064715147018433,0.5817824602127075,0.5411495566368103,0.5802042484283447,0.49886593222618103,0.6579044461250305,0.5428850054740906,0.6639816164970398
189,0.5003132820129395,0.3781551122665405,0.47940927743911743,0.41062042117118835,0.4389076232910156,0.37720710039138794,0.5348110795021057,0.40074658393859863,0.5613265037536621,0.3799794912338257,0.42128705978393555,0.3429113030433655,0.5543546676635742,0.3432561755180359,0.5035868883132935,0.5044586658477783,0.5362637639045715,0.5019040107727051,0.5075604915618896,0.581763744354248,0.5412184000015259,0.5800060629844666,0.4990728497505188,0.6578922867774963,0.5430104732513428,0.6640753746032715
190,0.5006815791130066,0.379153311252594,0.4971402585506439,0.4118689298629761,0.49893054366111755,0.3871389627456665,0.5211471915245056,0.40575000643730164,0.5568955540657043,0.3795771598815918,0.42619094252586365,0.34255707263946533,0.5493048429489136,0.3492951989173889,0.5119255185127258,0.5065242052078247,0.5277856588363647,0.5054491758346558,0.5151885151863098,0.5818158388137817,0.5310056209564209,0.5826418399810791,0.5055372714996338,0.6584708094596863,0.5087682008743286,0.6571545600891113
191,0.5010389089584351,0.37959790229797363,0.48865044116973877,0.41168612241744995,0.43872058391571045,0.37894222140312195,0.5294756889343262,0.4035913646221161,0.5603398084640503,0.3798661231994629,0.424614280462265,0.3420286774635315,0.5514254570007324,0.3487771451473236,0.5075553059577942,0.5059149861335754,0.5357101559638977,0.503600001335144,0.5110962986946106,0.5811833143234253,0.5382771492004395,0.5804697275161743,0.5012457370758057,0.6584404706954956,0.5407625436782837,0.6648396253585815
192,0.5046917200088501,0.3793089985847473,0.5303351283073425,0.40944239497184753,0.5584093332290649,0.3833257555961609,0.49943357706069946,0.40901196002960205,0.49393731355667114,0.3900160491466522,0.5553830862045288,0.3432793617248535,0.4243938624858856,0.34143003821372986,0.5393457412719727,0.5072181820869446,0.5169723033905029,0.5085694789886475,0.5413246154785156,0.5894850492477417,0.5184858441352844,0.5907236337661743,0.5466808080673218,0.6630594730377197,0.49860209226608276,0.6621331572532654
193,0.5012144446372986,0.37750372290611267,0.5089274644851685,0.40620124340057373,0.5140533447265625,0.40107566118240356,0.5095794200897217,0.4030038118362427,0.5222233533859253,0.391557514667511,0.5198665261268616,0.38555818796157837,0.5195804834365845,0.38226258754730225,0.5271536707878113,0.5066808462142944,0.5244804620742798,0.5067135691642761,0.5310479402542114,0.5900875329971313,0.5235121846199036,0.5888810157775879,0.54082190990448,0.6679542064666748,0.5026956796646118,0.6605011820793152
194,0.5013049244880676,0.3781658411026001,0.5166329741477966,0.4065316617488861,0.5164659023284912,0.38963228464126587,0.5038818120956421,0.4066631495952606,0.503147304058075,0.39113134145736694,0.5510348677635193,0.34939906001091003,0.5167241096496582,0.37932080030441284,0.5309596061706543,0.5089788436889648,0.5202469825744629,0.5086544752120972,0.5337640047073364,0.592399001121521,0.5174782276153564,0.5912183523178101,0.5434479713439941,0.6681509017944336,0.500367283821106,0.661369800567627
195,0.5019197463989258,0.3778083920478821,0.5067136287689209,0.4059957265853882,0.5073548555374146,0.38988542556762695,0.5177332758903503,0.4022894501686096,0.5116171836853027,0.3904515504837036,0.5153958201408386,0.3774164617061615,0.5466843843460083,0.35137030482292175,0.5235192775726318,0.5058615803718567,0.5266574025154114,0.5061758160591125,0.5255465507507324,0.5894176959991455,0.5271502733230591,0.5882288217544556,0.5115129947662354,0.662739634513855,0.5054158568382263,0.6604321002960205
196,0.502362072467804,0.3755192160606384,0.5000583529472351,0.40453192591667175,0.5039149522781372,0.3886491656303406,0.5243057012557983,0.39881062507629395,0.5548774600028992,0.3806780278682709,0.5127049088478088,0.3751094341278076,0.5516809821128845,0.34931668639183044,0.5181694626808167,0.5055270791053772,0.5301339626312256,0.5061354637145996,0.5208463072776794,0.5902652740478516,0.531832218170166,0.5891256332397461,0.5085211992263794,0.6628429889678955,0.5076806545257568,0.6610713601112366
197,0.5029932260513306,0.376343309879303,0.5056713819503784,0.40619298815727234,0.5094963312149048,0.3882450461387634,0.5188397765159607,0.401949942111969,0.5496078729629517,0.3817838132381439,0.5164766311645508,0.37497133016586304,0.5500591993331909,0.3489153981208801,0.5203388929367065,0.5068545937538147,0.5261304378509521,0.5075498819351196,0.52377849817276,0.5919689536094666,0.527917742729187,0.5912984609603882,0.510053277015686,0.6634284853935242,0.505881130695343,0.6613309383392334
198,0.5020947456359863,0.3747212588787079,0.5037825107574463,0.40270280838012695,0.5072413682937622,0.38841912150382996,0.52095627784729,0.398398220539093,0.5484288334846497,0.38228151202201843,0.5144296884536743,0.3794129490852356,0.5482935905456543,0.3519570529460907,0.5202449560165405,0.5050155520439148,0.5277278423309326,0.5060566663742065,0.5224415063858032,0.5903634428977966,0.5276479721069336,0.5898244380950928,0.5097030401229858,0.661810040473938,0.5052298903465271,0.6605806350708008
199,0.5028461813926697,0.3752173185348511,0.5052225589752197,0.40418148040771484,0.5078057646751404,0.38825878500938416,0.5220599174499512,0.3994118571281433,0.5489332675933838,0.3814370334148407,0.5142578482627869,0.3785814642906189,0.5495429039001465,0.35048943758010864,0.5219551920890808,0.505859375,0.5285536050796509,0.5066213607788086,0.5263429880142212,0.5900896787643433,0.5297884941101074,0.5890573263168335,0.5084210634231567,0.6692748069763184,0.514525294303894,0.6606619954109192
200,0.5040252208709717,0.3752592206001282,0.5048312544822693,0.4052349328994751,0.5061030387878418,0.38799965381622314,0.5243951082229614,0.39992135763168335,0.5507694482803345,0.3811700940132141,0.5116901397705078,0.3756793141365051,0.5504733324050903,0.34986624121665955,0.5210542678833008,0.5060112476348877,0.5300952196121216,0.5069133043289185,0.5254780650138855,0.5907784700393677,0.5313031673431396,0.5898605585098267,0.5089994668960571,0.669982373714447,0.5353192090988159,0.6652317643165588
201,0.504278302192688,0.3734775483608246,0.5065537691116333,0.4020305871963501,0.5104855298995972,0.38740774989128113,0.5192034244537354,0.39856648445129395,0.5168112516403198,0.3886337876319885,0.5134640336036682,0.3710407018661499,0.5524963140487671,0.3453856110572815,0.5208947062492371,0.5020769834518433,0.5262110233306885,0.5033783316612244,0.5239788293838501,0.5874946117401123,0.5254815220832825,0.5868319272994995,0.5117167830467224,0.6627068519592285,0.5037364959716797,0.6607531309127808
202,0.5026216506958008,0.37188348174095154,0.5052417516708374,0.4002666175365448,0.5092103481292725,0.3876713216304779,0.5207278728485107,0.3964117169380188,0.5180463194847107,0.38847681879997253,0.5113696455955505,0.3720787465572357,0.5528451800346375,0.3451869487762451,0.5217272043228149,0.501427173614502,0.5266686081886292,0.5025700330734253,0.5274862051010132,0.5875304937362671,0.5256733298301697,0.5864585638046265,0.510613203048706,0.6694319248199463,0.511717677116394,0.6597741842269897
203,0.5028923749923706,0.37235602736473083,0.513727068901062,0.4038151502609253,0.5160953998565674,0.38590556383132935,0.5095312595367432,0.4019779860973358,0.5101115703582764,0.387175977230072,0.5573487877845764,0.34072157740592957,0.5174866914749146,0.36921173334121704,0.5243058204650879,0.5052944421768188,0.520753026008606,0.5061929821968079,0.5302199125289917,0.5901163816452026,0.5188590884208679,0.5892378687858582,0.541653037071228,0.6673638224601746,0.5005385875701904,0.6614909172058105
204,0.5037829875946045,0.37470853328704834,0.5127993226051331,0.40554022789001465,0.5105595588684082,0.38682326674461365,0.5227493047714233,0.4035787582397461,0.5545803308486938,0.3781404495239258,0.5620045065879822,0.3349640965461731,0.5586111545562744,0.3377262055873871,0.5284131765365601,0.5114375948905945,0.5264357924461365,0.5111297369003296,0.5346940755844116,0.5957894325256348,0.5247978568077087,0.5942474007606506,0.540530800819397,0.6648387908935547,0.5029381513595581,0.6631025075912476
205,0.498251736164093,0.37512868642807007,0.49604934453964233,0.4068496823310852,0.4991837739944458,0.38955992460250854,0.5234376788139343,0.40173453092575073,0.5525866746902466,0.38334164023399353,0.5113792419433594,0.37036532163619995,0.5528788566589355,0.3472156226634979,0.5148346424102783,0.5052677392959595,0.5272462368011475,0.5063266158103943,0.5216712355613708,0.5891098976135254,0.5268520712852478,0.5885322093963623,0.5117847919464111,0.6624109745025635,0.503503143787384,0.661602258682251
206,0.4994972348213196,0.3747285306453705,0.501360297203064,0.40663444995880127,0.507183313369751,0.38961562514305115,0.5196367502212524,0.40257975459098816,0.5527095198631287,0.38473063707351685,0.515249490737915,0.3690267503261566,0.5535755753517151,0.3469356894493103,0.5171293020248413,0.505788266658783,0.5234720706939697,0.5069785118103027,0.5231548547744751,0.5892997980117798,0.521105170249939,0.589243471622467,0.513227641582489,0.6630992889404297,0.5015096068382263,0.6624787449836731
207,0.4994239807128906,0.3755108714103699,0.5079299211502075,0.407151460647583,0.5129119157791138,0.3891987204551697,0.5109605193138123,0.4046437740325928,0.5138318538665771,0.39018285274505615,0.5555012226104736,0.3428346812725067,0.5522456169128418,0.3455692231655121,0.5208381414413452,0.5055902004241943,0.5210568904876709,0.5065864324569702,0.5270793437957764,0.588020920753479,0.5188776254653931,0.5876217484474182,0.5141180157661438,0.661663293838501,0.5002059936523438,0.6609240770339966
208,0.5000944137573242,0.3742457330226898,0.5167584419250488,0.4042297303676605,0.5215144157409668,0.3879035413265228,0.5022246837615967,0.4058944582939148,0.5050891041755676,0.3888172507286072,0.5575299859046936,0.34113559126853943,0.4237545430660248,0.34645789861679077,0.5262935161590576,0.506607711315155,0.5160672068595886,0.5076271295547485,0.5319594144821167,0.5882012248039246,0.5180861353874207,0.5880306959152222,0.5437018871307373,0.666107177734375,0.4967202842235565,0.6672600507736206
209,0.5031288862228394,0.3729681372642517,0.5089889764785767,0.4048575162887573,0.5156646966934204,0.38728612661361694,0.5138156414031982,0.40217897295951843,0.5175149440765381,0.38807350397109985,0.562259316444397,0.3435485064983368,0.5584174394607544,0.3463252782821655,0.521497905254364,0.5044763088226318,0.521741509437561,0.5054062008857727,0.526767373085022,0.5865721702575684,0.5190950632095337,0.5864040851593018,0.5146398544311523,0.6626604795455933,0.5008041262626648,0.6622104644775391
210,0.5022321939468384,0.3736651539802551,0.5007830858230591,0.40576887130737305,0.5137213468551636,0.38653773069381714,0.5218179225921631,0.4012593924999237,0.5574180483818054,0.38003456592559814,0.4322011172771454,0.3449346423149109,0.5571528673171997,0.3423581123352051,0.5170572996139526,0.5101568698883057,0.5252668857574463,0.5079602003097534,0.5202548503875732,0.5896012783050537,0.5262117385864258,0.590122401714325,0.5110431909561157,0.6633170247077942,0.5040619373321533,0.6631436347961426
211,0.5035682916641235,0.37319791316986084,0.5104348659515381,0.40642282366752625,0.5198156833648682,0.38652515411376953,0.5137907266616821,0.4037598967552185,0.5191839933395386,0.38719484210014343,0.5629329085350037,0.3434794545173645,0.5557764172554016,0.34145987033843994,0.521080493927002,0.5064436793327332,0.5210641026496887,0.5073424577713013,0.5259692668914795,0.5895886421203613,0.5187603235244751,0.5895293354988098,0.5139467716217041,0.663650393486023,0.5006811618804932,0.6632687449455261
212,0.5042584538459778,0.37572723627090454,0.5142059922218323,0.411772221326828,0.5206902623176575,0.38629329204559326,0.5124377608299255,0.40958839654922485,0.5159904360771179,0.3871144950389862,0.5600282549858093,0.3382894694805145,0.5551228523254395,0.34102630615234375,0.5222079157829285,0.5125457048416138,0.5202505588531494,0.5132066011428833,0.5274933576583862,0.5954122543334961,0.5179235935211182,0.5952507257461548,0.5138970613479614,0.6652259230613708,0.5004851222038269,0.6646291017532349
213,0.5045033097267151,0.3729669749736786,0.5206925272941589,0.40267473459243774,0.5248332619667053,0.38554927706718445,0.5048273801803589,0.4064269959926605,0.506904125213623,0.38609641790390015,0.5593164563179016,0.34090888500213623,0.42350539565086365,0.3426241874694824,0.5282084941864014,0.509207010269165,0.5164596438407898,0.5100271105766296,0.5314657688140869,0.593767523765564,0.5169954895973206,0.5936682224273682,0.5425126552581787,0.6654963493347168,0.4975963532924652,0.6646852493286133
214,0.5040146112442017,0.37246036529541016,0.5341857075691223,0.40455132722854614,0.5623522996902466,0.3787194490432739,0.48921865224838257,0.40509098768234253,0.4362882077693939,0.3712199926376343,0.5605013370513916,0.34005749225616455,0.42239654064178467,0.3404238224029541,0.53546142578125,0.5096200704574585,0.5068148374557495,0.5107717514038086,0.5374346971511841,0.5921297073364258,0.5089575052261353,0.5906752943992615,0.5461629629135132,0.665157675743103,0.4944941997528076,0.6649085283279419
215,0.5045995712280273,0.3712165057659149,0.5305086374282837,0.4013010263442993,0.561149001121521,0.37880438566207886,0.49173593521118164,0.4034596383571625,0.4937743842601776,0.384848415851593,0.5585799217224121,0.3430272340774536,0.42202529311180115,0.3411712646484375,0.5333159565925598,0.5071834325790405,0.50924152135849,0.5087475180625916,0.5358257293701172,0.5910364389419556,0.5112820863723755,0.5898030400276184,0.5457735657691956,0.6669167876243591,0.49559319019317627,0.664411187171936
216,0.5019254088401794,0.3787845969200134,0.5403330326080322,0.4143669009208679,0.5637648701667786,0.377356618642807,0.4826290011405945,0.41020679473876953,0.43932604789733887,0.37548407912254333,0.5650969743728638,0.3313426971435547,0.4253785014152527,0.3430420160293579,0.5374457836151123,0.5268149375915527,0.4944049119949341,0.5271161794662476,0.5399496555328369,0.594906210899353,0.4980054795742035,0.5998857021331787,0.552463173866272,0.6687302589416504,0.49069592356681824,0.6697337627410889
217,0.5012221932411194,0.3809780776500702,0.5346982479095459,0.4131125807762146,0.5619489550590515,0.377703994512558,0.48354053497314453,0.4147510528564453,0.4388401508331299,0.37553322315216064,0.5624532699584961,0.3347559869289398,0.42331022024154663,0.3356647193431854,0.5351606607437134,0.5299372673034668,0.49567288160324097,0.5303001999855042,0.5373086929321289,0.5969024896621704,0.5031766891479492,0.6003808975219727,0.5505424737930298,0.6733406782150269,0.48968714475631714,0.671808660030365
