FrameNo,head_x,head_y,left_shoulder_x,left_shoulder_y,left_elbow_x,left_elbow_y,right_shoulder_x,right_shoulder_y,right_elbow_x,right_elbow_y,left_hand_x,left_hand_y,right_hand_x,right_hand_y,left_hip_x,left_hip_y,right_hip_x,right_hip_y,left_knee_x,left_knee_y,right_knee_x,right_knee_y,left_foot_x,left_foot_y,right_foot_x,right_foot_y
0,0.5002618432044983,0.36704203486442566,0.5356608629226685,0.40051648020744324,0.5209479331970215,0.3774843215942383,0.4749372601509094,0.39503952860832214,0.44145989418029785,0.3524884879589081,0.5125277042388916,0.35808730125427246,0.440674751996994,0.3299121856689453,0.5243307948112488,0.5085338950157166,0.48448479175567627,0.5091747641563416,0.5087250471115112,0.6023535132408142,0.4862445592880249,0.599711537361145,0.501137375831604,0.6628121137619019,0.4882764220237732,0.6601732969284058
1,0.4942779242992401,0.366127610206604,0.5236837863922119,0.3916212022304535,0.5142411589622498,0.3759620785713196,0.48095962405204773,0.3934047222137451,0.4410189390182495,0.3525903820991516,0.5067708492279053,0.35672736167907715,0.4356257915496826,0.32778409123420715,0.525678813457489,0.50595623254776,0.4902876317501068,0.5075764656066895,0.5061699151992798,0.5999269485473633,0.4933944642543793,0.6007375121116638,0.4998774528503418,0.661013662815094,0.49179041385650635,0.6598628163337708
2,0.5012238025665283,0.37019890546798706,0.5346039533615112,0.4036542773246765,0.5160878896713257,0.3797776401042938,0.47909459471702576,0.39927971363067627,0.4425075650215149,0.3573189973831177,0.5095232129096985,0.3561343848705292,0.4367523193359375,0.32750359177589417,0.5263484716415405,0.508598804473877,0.4877161383628845,0.5091211795806885,0.5084218978881836,0.5991644263267517,0.48817798495292664,0.5978049039840698,0.5016119480133057,0.6615773439407349,0.49062079191207886,0.6595600843429565
3,0.49954113364219666,0.37184661626815796,0.5375577211380005,0.4034944772720337,0.5160359740257263,0.3794483542442322,0.4761785864830017,0.39727169275283813,0.4438334107398987,0.3575591742992401,0.5113659501075745,0.35510870814323425,0.4360123872756958,0.3124120533466339,0.5266392230987549,0.5093952417373657,0.4861849546432495,0.5098701119422913,0.5089160203933716,0.6031132936477661,0.4905129373073578,0.6020587682723999,0.5032176375389099,0.6699609160423279,0.4918747544288635,0.6582158207893372
4,0.4988805651664734,0.3667012155056,0.5338720083236694,0.39844271540641785,0.5137392282485962,0.3781895637512207,0.4800928235054016,0.3961002826690674,0.4408537745475769,0.35541021823883057,0.506362795829773,0.35717126727104187,0.4350073039531708,0.3282472491264343,0.5245426893234253,0.5062446594238281,0.48768025636672974,0.5082151293754578,0.504554808139801,0.6012215614318848,0.4885074496269226,0.5995104312896729,0.5006027221679688,0.6625350713729858,0.49112921953201294,0.6604548692703247
5,0.5026751756668091,0.36846742033958435,0.5365054607391357,0.40271610021591187,0.5158268213272095,0.37952667474746704,0.47678202390670776,0.39484378695487976,0.44307178258895874,0.3550986051559448,0.5105119943618774,0.3559536933898926,0.43655702471733093,0.3113355040550232,0.5245092511177063,0.5080829858779907,0.4854707419872284,0.508965015411377,0.5070596933364868,0.6014487743377686,0.48468321561813354,0.5991553664207458,0.5021314024925232,0.6629680395126343,0.4882311522960663,0.6600435972213745
6,0.501261830329895,0.3717953562736511,0.5373751521110535,0.40341517329216003,0.5168721675872803,0.37788623571395874,0.47958311438560486,0.3964976668357849,0.4431391954421997,0.35219842195510864,0.5101722478866577,0.35591158270835876,0.4369125962257385,0.30868130922317505,0.5244250893592834,0.508697509765625,0.4859774112701416,0.5096696019172668,0.506704568862915,0.6013993620872498,0.48460686206817627,0.5996164083480835,0.5017138719558716,0.6621503829956055,0.48794782161712646,0.6593937873840332
7,0.5042481422424316,0.37317192554473877,0.539616584777832,0.40449854731559753,0.5184917449951172,0.3786090612411499,0.48049506545066833,0.39790329337120056,0.444946825504303,0.35397452116012573,0.5124948024749756,0.35597699880599976,0.4370724856853485,0.3084856867790222,0.5252425670623779,0.5085476636886597,0.4861665666103363,0.5092341303825378,0.5071876049041748,0.6016920208930969,0.48447665572166443,0.5996829271316528,0.5020420551300049,0.6622807383537292,0.4877585172653198,0.6593775749206543
8,0.5042076110839844,0.3739844262599945,0.5391060709953308,0.4059303402900696,0.5181879997253418,0.37857764959335327,0.4798688292503357,0.3981987237930298,0.44585344195365906,0.3540780544281006,0.5122607350349426,0.35486409068107605,0.43693792819976807,0.3065149188041687,0.5239441990852356,0.5091674327850342,0.4850967824459076,0.5094537138938904,0.5070724487304688,0.6023335456848145,0.48436665534973145,0.6000191569328308,0.5026050209999084,0.6626606583595276,0.4874117374420166,0.6594454050064087
9,0.5050094127655029,0.37372899055480957,0.5403331518173218,0.4042958915233612,0.5202964544296265,0.37719473242759705,0.4817140996456146,0.3975672721862793,0.4454810321331024,0.35267722606658936,0.5130342245101929,0.35627901554107666,0.4419509768486023,0.3256673514842987,0.5253264904022217,0.509454607963562,0.48728105425834656,0.5105298757553101,0.5077581405639648,0.6030691266059875,0.4855668544769287,0.6013952493667603,0.5021136403083801,0.661855936050415,0.48826688528060913,0.6591745018959045
10,0.5041205883026123,0.37367933988571167,0.539573073387146,0.40630027651786804,0.5182787179946899,0.3780955970287323,0.479890912771225,0.3974440097808838,0.44528648257255554,0.35346293449401855,0.5123865604400635,0.3550677001476288,0.43667900562286377,0.3072424530982971,0.5247372984886169,0.510664701461792,0.48545509576797485,0.5107909440994263,0.507518470287323,0.6040601134300232,0.4847048223018646,0.6016089916229248,0.5023554563522339,0.6630650758743286,0.48740023374557495,0.6598497629165649
11,0.5013202428817749,0.37215209007263184,0.5386042594909668,0.40227949619293213,0.5175158977508545,0.37592029571533203,0.4811825156211853,0.3960852324962616,0.4436606764793396,0.35152050852775574,0.5090826749801636,0.35583484172821045,0.43952104449272156,0.3259027600288391,0.5252959132194519,0.5092958211898804,0.4878504276275635,0.5108917951583862,0.506577730178833,0.6029959917068481,0.4877646565437317,0.6016051769256592,0.5012746453285217,0.6618732213973999,0.4895281195640564,0.6594552993774414
12,0.5061510801315308,0.37398266792297363,0.5328750610351562,0.41175100207328796,0.5405285954475403,0.37745440006256104,0.4816656708717346,0.4006921052932739,0.4455140233039856,0.3510386645793915,0.5176564455032349,0.3544595241546631,0.4380727708339691,0.3083283007144928,0.5215182304382324,0.5096372961997986,0.4837660789489746,0.5077970027923584,0.5081868171691895,0.6018304824829102,0.4885861277580261,0.5976801514625549,0.5026437044143677,0.6635637283325195,0.4840039610862732,0.6655158400535583
13,0.5039622187614441,0.37444445490837097,0.5333796143531799,0.41019484400749207,0.5187258720397949,0.3827809691429138,0.47886356711387634,0.39888009428977966,0.44911906123161316,0.3600858449935913,0.5157361030578613,0.35509926080703735,0.4393642544746399,0.3104933202266693,0.5223150253295898,0.5070066452026367,0.4838009476661682,0.505553662776947,0.5082985162734985,0.6006475687026978,0.4883078932762146,0.5960116982460022,0.5015965700149536,0.6711491346359253,0.4855448007583618,0.6649062633514404
14,0.5024755001068115,0.37413546442985535,0.5358483791351318,0.4080025553703308,0.5190714597702026,0.3839890658855438,0.4790216088294983,0.39804720878601074,0.4493795335292816,0.3624821901321411,0.515557587146759,0.35553789138793945,0.4402409791946411,0.31296658515930176,0.5241574048995972,0.5054882764816284,0.4849840998649597,0.5043869018554688,0.50804603099823,0.5992299318313599,0.48705846071243286,0.5953258872032166,0.503049910068512,0.6628658771514893,0.4848444163799286,0.6644247770309448
15,0.5053993463516235,0.3733234405517578,0.5358930826187134,0.40724557638168335,0.538049042224884,0.3813420236110687,0.47877997159957886,0.39768654108047485,0.45127376914024353,0.36234647035598755,0.5172111392021179,0.35504788160324097,0.44061511754989624,0.31175917387008667,0.5252155661582947,0.5055432319641113,0.4862370193004608,0.5044686794281006,0.5091492533683777,0.5977914333343506,0.48822006583213806,0.5931065678596497,0.5059072971343994,0.6693950891494751,0.4847263693809509,0.6641223430633545
16,0.506101667881012,0.37470388412475586,0.5359646677970886,0.40821874141693115,0.5394894480705261,0.37997469305992126,0.47827470302581787,0.39886176586151123,0.4505077004432678,0.3595222234725952,0.5177518129348755,0.35360175371170044,0.43809589743614197,0.3070496618747711,0.5246875286102295,0.506792426109314,0.4859558045864105,0.5058718323707581,0.5088080167770386,0.5995098948478699,0.4884772002696991,0.5948494672775269,0.504858136177063,0.6698305606842041,0.48464906215667725,0.6652594804763794
17,0.5064338445663452,0.37483227252960205,0.5365352630615234,0.40915748476982117,0.5401342511177063,0.38003963232040405,0.4795534312725067,0.39925000071525574,0.4507078528404236,0.3585882782936096,0.517688512802124,0.35427600145339966,0.4390288293361664,0.30815255641937256,0.5252700448036194,0.5068814754486084,0.48703742027282715,0.5060923099517822,0.5090157389640808,0.5993495583534241,0.4892730414867401,0.5946502685546875,0.505138099193573,0.6698647737503052,0.485511839389801,0.664947509765625
18,0.504967451095581,0.3749426603317261,0.5345033407211304,0.409219354391098,0.5391947627067566,0.38093745708465576,0.47919961810112,0.3991234302520752,0.4506798982620239,0.3603050708770752,0.5177627205848694,0.35496026277542114,0.4397609233856201,0.3111496567726135,0.5243670344352722,0.5068308711051941,0.48632049560546875,0.5062653422355652,0.5093006491661072,0.5992329716682434,0.48897087574005127,0.5946616530418396,0.504247784614563,0.6644302606582642,0.4848944842815399,0.6646909117698669
19,0.5008028745651245,0.37306487560272217,0.5308515429496765,0.4089670181274414,0.5193269848823547,0.3816310167312622,0.4800976514816284,0.3961806893348694,0.44827723503112793,0.3577565848827362,0.5137960910797119,0.3551609516143799,0.4406627416610718,0.3137013614177704,0.5219333171844482,0.5058472156524658,0.48503339290618896,0.5055677890777588,0.5084507465362549,0.599282443523407,0.48783358931541443,0.5942771434783936,0.5034700632095337,0.6651132106781006,0.4840991497039795,0.6647332906723022
20,0.500996470451355,0.37183260917663574,0.5329174995422363,0.4095200002193451,0.5210286974906921,0.3812677562236786,0.4814836382865906,0.3968042731285095,0.4459884762763977,0.3551032245159149,0.5129340887069702,0.35754141211509705,0.44027432799339294,0.3165975511074066,0.5244863033294678,0.5066656470298767,0.4876823425292969,0.5061140060424805,0.5097736120223999,0.5976179838180542,0.48896318674087524,0.592956006526947,0.5037735104560852,0.6703092455863953,0.48497194051742554,0.664274275302887
21,0.5048642158508301,0.3747715353965759,0.5327083468437195,0.41031110286712646,0.5400242805480957,0.3823178708553314,0.47950631380081177,0.40178558230400085,0.45108315348625183,0.3620687425136566,0.5171829462051392,0.35557276010513306,0.43943917751312256,0.3163021206855774,0.5230448246002197,0.5084841251373291,0.4854205250740051,0.5078403353691101,0.5094856023788452,0.5990570783615112,0.48777419328689575,0.5939716100692749,0.5032446384429932,0.6674166917800903,0.4843364357948303,0.6648087501525879
22,0.5083824396133423,0.3753375709056854,0.5325895547866821,0.4100157916545868,0.5443733930587769,0.37823542952537537,0.47942042350769043,0.403662770986557,0.4516823887825012,0.362133264541626,0.587269127368927,0.3051985204219818,0.4368555545806885,0.31726306676864624,0.5219297409057617,0.5081688165664673,0.4843582808971405,0.5074675679206848,0.5074036121368408,0.6005573272705078,0.4868267774581909,0.5949300527572632,0.5022068023681641,0.6682151556015015,0.48441869020462036,0.6650983691215515
23,0.5097306966781616,0.3745393753051758,0.5334140062332153,0.41016995906829834,0.5461397171020508,0.376808762550354,0.47898370027542114,0.40305206179618835,0.4495764374732971,0.36073416471481323,0.5889358520507812,0.3045887053012848,0.43644580245018005,0.3143462538719177,0.5222984552383423,0.5087417364120483,0.4838787019252777,0.5076962113380432,0.5068123936653137,0.6021756529808044,0.48613759875297546,0.5960928201675415,0.501482367515564,0.6712855696678162,0.4841035008430481,0.6636413931846619
24,0.5061143636703491,0.37379905581474304,0.5358912944793701,0.4110684394836426,0.5451508164405823,0.3744744062423706,0.4789985418319702,0.3979266285896301,0.44402989745140076,0.3501456379890442,0.5194511413574219,0.35742461681365967,0.4360390305519104,0.3146028518676758,0.5219696760177612,0.5140842795372009,0.4847424030303955,0.5140564441680908,0.5080584287643433,0.6084970235824585,0.48780393600463867,0.6047308444976807,0.5005187392234802,0.665647566318512,0.4860066771507263,0.661721408367157
25,0.5068646669387817,0.37485331296920776,0.5394120216369629,0.4121851325035095,0.5529255270957947,0.3766176104545593,0.48199209570884705,0.4042395055294037,0.4439050853252411,0.3487738072872162,0.5589290261268616,0.34096425771713257,0.4361012578010559,0.32030627131462097,0.5185741186141968,0.5210241079330444,0.48213261365890503,0.516002893447876,0.500234067440033,0.6062610149383545,0.4812781810760498,0.6025195717811584,0.5013189315795898,0.668857991695404,0.48453235626220703,0.6655749678611755
26,0.5075896978378296,0.3758344352245331,0.539394199848175,0.4137777090072632,0.5551265478134155,0.3739447295665741,0.482912540435791,0.40835806727409363,0.4434279203414917,0.350542277097702,0.587063193321228,0.3092137575149536,0.4290779232978821,0.32047969102859497,0.5164979100227356,0.519477903842926,0.48031195998191833,0.5188083052635193,0.4998233914375305,0.6084973812103271,0.47972235083580017,0.6049035787582397,0.5030229091644287,0.6707730293273926,0.48509666323661804,0.6677870154380798
27,0.5098300576210022,0.3749116361141205,0.5410217046737671,0.4136304259300232,0.5535247325897217,0.37723809480667114,0.48082679510116577,0.4092077910900116,0.44696518778800964,0.3579035997390747,0.5841365456581116,0.31293928623199463,0.42502719163894653,0.32016152143478394,0.5182396173477173,0.5194274187088013,0.4815625548362732,0.5188295841217041,0.5016831755638123,0.6086070537567139,0.4801519811153412,0.6054157018661499,0.5053051710128784,0.6740652918815613,0.4853525161743164,0.6714672446250916
28,0.5097408294677734,0.37338465452194214,0.5399290323257446,0.41210123896598816,0.5498111844062805,0.3810272812843323,0.4819289445877075,0.40999290347099304,0.4533633589744568,0.3640223443508148,0.58405601978302,0.31002265214920044,0.43102914094924927,0.3131994307041168,0.5197765827178955,0.5186437368392944,0.484194815158844,0.5173883438110352,0.5033507347106934,0.606974720954895,0.48140570521354675,0.6037935614585876,0.5067991018295288,0.6783226728439331,0.48482751846313477,0.6753084063529968
29,0.5128880739212036,0.3758852481842041,0.5415677428245544,0.4137805104255676,0.5521215200424194,0.3795369565486908,0.4843968152999878,0.41227325797080994,0.452531635761261,0.361987441778183,0.5939134955406189,0.3055512309074402,0.4193238615989685,0.31735658645629883,0.523241400718689,0.5203055143356323,0.48723945021629333,0.5190638899803162,0.507331371307373,0.6070578098297119,0.48385414481163025,0.6042051315307617,0.5097706913948059,0.6789381504058838,0.48574525117874146,0.6760246157646179
30,0.5084705352783203,0.37484729290008545,0.5394573211669922,0.4138372540473938,0.5519630908966064,0.37968143820762634,0.48333296179771423,0.41274794936180115,0.45201119780540466,0.3590245842933655,0.5947834849357605,0.30276599526405334,0.4138796329498291,0.3139535188674927,0.5241255164146423,0.522592306137085,0.4862815737724304,0.5212069153785706,0.5115082263946533,0.6081523895263672,0.4821314811706543,0.6044631004333496,0.5142945647239685,0.6788762807846069,0.482467383146286,0.6783143281936646
31,0.5088263750076294,0.3757564425468445,0.540166974067688,0.4135981500148773,0.5613094568252563,0.36546140909194946,0.48256564140319824,0.4146595001220703,0.44981616735458374,0.36070287227630615,0.5947140455245972,0.30321240425109863,0.4152754545211792,0.3156226873397827,0.5251586437225342,0.522321343421936,0.4864313304424286,0.5220352411270142,0.514748752117157,0.6057205200195312,0.48260611295700073,0.6026893854141235,0.5183679461479187,0.6787420511245728,0.4828987717628479,0.6781491637229919
32,0.5121887922286987,0.3792262673377991,0.5342024564743042,0.4137856960296631,0.5637622475624084,0.36897414922714233,0.4816523492336273,0.4152584671974182,0.4457044303417206,0.360155314207077,0.5930967926979065,0.310820609331131,0.4164356589317322,0.31272464990615845,0.5257253646850586,0.5243597030639648,0.48576924204826355,0.5234874486923218,0.5145089626312256,0.6037834882736206,0.4824761152267456,0.6021120548248291,0.5183155536651611,0.6794857382774353,0.4837067723274231,0.6783840656280518
33,0.5158137083053589,0.37780338525772095,0.5375708937644958,0.41116806864738464,0.564012348651886,0.36811479926109314,0.4823012351989746,0.4105786085128784,0.4440818428993225,0.3569663166999817,0.5984041094779968,0.3100655674934387,0.4114995002746582,0.31346631050109863,0.5294622778892517,0.5223674178123474,0.4874812960624695,0.5215216279029846,0.5183005928993225,0.6027710437774658,0.48315566778182983,0.598372220993042,0.5245374441146851,0.6761888265609741,0.48397499322891235,0.6738404035568237
34,0.5166016817092896,0.37599480152130127,0.537328839302063,0.41262274980545044,0.5603519678115845,0.3699650168418884,0.48279333114624023,0.40725991129875183,0.4512335956096649,0.3624308109283447,0.5887240767478943,0.3148796856403351,0.40700480341911316,0.3117859363555908,0.5253841876983643,0.5224779844284058,0.4846056401729584,0.5206767916679382,0.5142176151275635,0.6026652455329895,0.4803212583065033,0.6001030802726746,0.5151564478874207,0.676626443862915,0.4832938313484192,0.6730061769485474
35,0.5169339179992676,0.37494999170303345,0.5390327572822571,0.4118475914001465,0.5614539384841919,0.37157541513442993,0.48324352502822876,0.40651607513427734,0.4472336173057556,0.35760587453842163,0.5960888862609863,0.312224805355072,0.4046476483345032,0.3132154047489166,0.5278363823890686,0.5232641696929932,0.48490238189697266,0.5221322774887085,0.5109027028083801,0.6058925986289978,0.48074281215667725,0.6011706590652466,0.5202301740646362,0.6768200397491455,0.48415887355804443,0.6749333739280701
36,0.5163443088531494,0.3758417069911957,0.5391122102737427,0.41163986921310425,0.5250515937805176,0.3794938921928406,0.47926414012908936,0.40375813841819763,0.4393948018550873,0.36061787605285645,0.6042985916137695,0.31087976694107056,0.41404053568840027,0.3236894905567169,0.5225841403007507,0.5242648124694824,0.4799957275390625,0.5221609473228455,0.5133907794952393,0.6037958860397339,0.48310184478759766,0.5985122323036194,0.5115277767181396,0.6730687022209167,0.4872637689113617,0.663945198059082
37,0.5158262252807617,0.37667202949523926,0.5368866324424744,0.40684354305267334,0.5603490471839905,0.3760133385658264,0.48001715540885925,0.4011189937591553,0.4329538345336914,0.3623635172843933,0.6161898970603943,0.3205537497997284,0.41077685356140137,0.3251361846923828,0.5212579965591431,0.5106455087661743,0.48160549998283386,0.5096545815467834,0.5106104612350464,0.5989423990249634,0.4832901358604431,0.5923714637756348,0.5077022314071655,0.6653149724006653,0.48596054315567017,0.6671967506408691
38,0.5128152370452881,0.37854182720184326,0.535902738571167,0.4130980968475342,0.5222983360290527,0.38556402921676636,0.47769176959991455,0.40602466464042664,0.44530123472213745,0.3639304041862488,0.6229248046875,0.32316699624061584,0.408281147480011,0.3194901943206787,0.5214523077011108,0.5110001564025879,0.48177310824394226,0.5087074041366577,0.51019686460495,0.6005677580833435,0.4830324649810791,0.5932222604751587,0.5080666542053223,0.667262077331543,0.4850409924983978,0.6664151549339294
39,0.5101542472839355,0.376815527677536,0.5336488485336304,0.4138783812522888,0.5218251347541809,0.3880003094673157,0.4819532036781311,0.40670129656791687,0.44728726148605347,0.3689897060394287,0.5184735059738159,0.35968834161758423,0.4052436351776123,0.3224332630634308,0.5177209377288818,0.5103172063827515,0.4788774847984314,0.5080899596214294,0.5079013109207153,0.5999253988265991,0.48450517654418945,0.5930840969085693,0.5054916143417358,0.6660075783729553,0.48314303159713745,0.6663764715194702
40,0.5123399496078491,0.3760550916194916,0.5392380952835083,0.4101753234863281,0.5654844641685486,0.387918084859848,0.48253631591796875,0.4063611924648285,0.4558004140853882,0.3842850625514984,0.6196708679199219,0.3343472182750702,0.4172576665878296,0.3416019380092621,0.5198954343795776,0.5050822496414185,0.4816502034664154,0.5043646097183228,0.5092602372169495,0.5970621109008789,0.48518306016921997,0.5905213952064514,0.503862202167511,0.6657336950302124,0.48678576946258545,0.6654156446456909
41,0.5123653411865234,0.37822744250297546,0.5412615537643433,0.41400331258773804,0.5248549580574036,0.39203232526779175,0.4791700541973114,0.4076247215270996,0.4564633369445801,0.38582319021224976,0.5627062320709229,0.364423006772995,0.4138908088207245,0.33855193853378296,0.5218105316162109,0.5097676515579224,0.4818389117717743,0.5077983140945435,0.5125139951705933,0.5985677242279053,0.483742356300354,0.5920745134353638,0.5080088376998901,0.6658933162689209,0.4846228361129761,0.6659179925918579
42,0.5148365497589111,0.3765740394592285,0.5415306091308594,0.4106438159942627,0.5404874086380005,0.4012138247489929,0.48401063680648804,0.40272390842437744,0.4560548663139343,0.3840744197368622,0.5213966369628906,0.3811874985694885,0.4133869409561157,0.3329155147075653,0.521902859210968,0.5065045356750488,0.486611545085907,0.5058104991912842,0.5079034566879272,0.59315425157547,0.4884642958641052,0.5886542201042175,0.5026025176048279,0.6731902360916138,0.48667749762535095,0.6674405932426453
43,0.516105055809021,0.37561556696891785,0.5382869839668274,0.41429972648620605,0.5445961952209473,0.39956173300743103,0.4835226535797119,0.4068307876586914,0.4554266631603241,0.38414502143859863,0.5524921417236328,0.368410587310791,0.4028295874595642,0.32474285364151,0.5193554162979126,0.5141085982322693,0.4825619161128998,0.5132571458816528,0.5065776705741882,0.6013120412826538,0.48660850524902344,0.5977158546447754,0.5037692785263062,0.6702913641929626,0.48463213443756104,0.6693111658096313
44,0.5150048732757568,0.3772202432155609,0.5396147966384888,0.41433805227279663,0.5640735626220703,0.40071719884872437,0.48659059405326843,0.4083505868911743,0.4556739926338196,0.3784748911857605,0.6277621388435364,0.33176949620246887,0.4050317704677582,0.32628580927848816,0.5257782936096191,0.5236257314682007,0.48789793252944946,0.5218873620033264,0.5133326053619385,0.6036231517791748,0.48655229806900024,0.5998144149780273,0.510401725769043,0.6770455837249756,0.48631808161735535,0.6725768446922302
45,0.5193540453910828,0.38091883063316345,0.5399173498153687,0.41940736770629883,0.5665501952171326,0.3988201320171356,0.48658251762390137,0.41705378890037537,0.4551811218261719,0.38683074712753296,0.6185653209686279,0.3487595021724701,0.3963943123817444,0.32989731431007385,0.5249935984611511,0.5255274772644043,0.49007448554039,0.5241248607635498,0.5115823745727539,0.6024571061134338,0.4893209636211395,0.5974869728088379,0.5098945498466492,0.6754178404808044,0.4883171021938324,0.6670851707458496
46,0.5173755288124084,0.378546804189682,0.5414509773254395,0.411448210477829,0.5272486209869385,0.3913257122039795,0.4834516942501068,0.40534350275993347,0.4311356544494629,0.3802509903907776,0.6249821186065674,0.3435112237930298,0.4019380509853363,0.34478959441185,0.5218294262886047,0.5105973482131958,0.4850442409515381,0.5102699995040894,0.5059818029403687,0.6026410460472107,0.4896085262298584,0.5975595712661743,0.503546416759491,0.6753799319267273,0.48802000284194946,0.6704725027084351
47,0.5180680751800537,0.3785027861595154,0.5355023741722107,0.4157593250274658,0.5255827903747559,0.3916660249233246,0.4834230840206146,0.4099867045879364,0.42221707105636597,0.3801398277282715,0.5239665508270264,0.3781663179397583,0.3994999825954437,0.3451612889766693,0.5199826955795288,0.5238219499588013,0.48476049304008484,0.5240057110786438,0.5063022375106812,0.6061654686927795,0.4872945249080658,0.6026463508605957,0.5061137080192566,0.6704859733581543,0.4863274097442627,0.6679819822311401
48,0.519112229347229,0.37906932830810547,0.5431602597236633,0.41788434982299805,0.6052206754684448,0.3704673647880554,0.48747557401657104,0.4180147647857666,0.41953977942466736,0.38388824462890625,0.6403971314430237,0.32927507162094116,0.37830790877342224,0.34958672523498535,0.5358197689056396,0.5270572304725647,0.4928153455257416,0.5265282392501831,0.5173237323760986,0.6098334193229675,0.48710307478904724,0.6034198999404907,0.5209923982620239,0.6755660772323608,0.486614465713501,0.6710383892059326
49,0.5202691555023193,0.378989577293396,0.5459209680557251,0.4180954694747925,0.6237497925758362,0.3738887906074524,0.49070462584495544,0.4165007472038269,0.4181106984615326,0.38428986072540283,0.6528953909873962,0.3444278836250305,0.3755597472190857,0.3505859076976776,0.5343295335769653,0.5248649716377258,0.4918534755706787,0.5270626544952393,0.5232556462287903,0.6073713302612305,0.4927024841308594,0.6020179986953735,0.5256509780883789,0.6774351596832275,0.4929359555244446,0.6754711866378784
50,0.5190459489822388,0.38429582118988037,0.5441192388534546,0.4150065779685974,0.6197609901428223,0.38280045986175537,0.48733484745025635,0.40955621004104614,0.4229300022125244,0.3925158679485321,0.6506780982017517,0.34497159719467163,0.3745487630367279,0.36076462268829346,0.5376894474029541,0.5298436880111694,0.49611446261405945,0.5284398794174194,0.5182117223739624,0.6054512858390808,0.49188539385795593,0.5998724699020386,0.520620584487915,0.677580714225769,0.49239906668663025,0.675377368927002
51,0.5185214281082153,0.38671526312828064,0.5429403781890869,0.41901665925979614,0.6198450922966003,0.3892049789428711,0.4889863431453705,0.41314685344696045,0.4524000287055969,0.40193066000938416,0.6527318954467773,0.3531861901283264,0.3721509873867035,0.36376914381980896,0.5345497131347656,0.532997190952301,0.49414676427841187,0.5320097804069519,0.516501247882843,0.6094120144844055,0.4925646185874939,0.6036344766616821,0.5178877115249634,0.678445041179657,0.4927406311035156,0.675457239151001
52,0.5181912183761597,0.387504905462265,0.5462601184844971,0.4205856919288635,0.6275730133056641,0.4031847417354584,0.4918592572212219,0.41434621810913086,0.45092877745628357,0.4003559947013855,0.6561740636825562,0.3566819429397583,0.3835946321487427,0.3671696186065674,0.5376090407371521,0.5350131392478943,0.495449960231781,0.533786416053772,0.5183576941490173,0.6080257892608643,0.4926183819770813,0.6025069952011108,0.5187160968780518,0.6785857677459717,0.4938729703426361,0.6753549575805664
53,0.520865261554718,0.3894137740135193,0.5489776134490967,0.42456135153770447,0.6189656257629395,0.4048766791820526,0.49466514587402344,0.41869354248046875,0.45330554246902466,0.40292996168136597,0.6579588651657104,0.35822102427482605,0.38074108958244324,0.3727206587791443,0.537656307220459,0.5372461080551147,0.4912733733654022,0.535690426826477,0.520609438419342,0.6091305017471313,0.4930543899536133,0.6036022901535034,0.5206522941589355,0.6781848669052124,0.4932166337966919,0.6744033694267273
54,0.5146138668060303,0.3953174948692322,0.5417771339416504,0.4214819669723511,0.6096912026405334,0.40842628479003906,0.4897436797618866,0.4207382798194885,0.42766183614730835,0.4050475060939789,0.6553875207901001,0.35932111740112305,0.37012073397636414,0.3797535300254822,0.5336451530456543,0.5321975350379944,0.49433013796806335,0.5325119495391846,0.5177536010742188,0.6092332005500793,0.49330902099609375,0.6045629978179932,0.5221036076545715,0.6776081919670105,0.49406111240386963,0.6766614317893982
55,0.5173746943473816,0.3978796899318695,0.5427505970001221,0.42464542388916016,0.6106048822402954,0.41106605529785156,0.489349901676178,0.4254698157310486,0.4252062439918518,0.4069240093231201,0.6548271775245667,0.3658613860607147,0.3705579936504364,0.37954020500183105,0.5348761081695557,0.5332798361778259,0.4942335784435272,0.5334063768386841,0.5181804299354553,0.610443115234375,0.4930686950683594,0.6053853631019592,0.5212019681930542,0.6780704259872437,0.4931042790412903,0.6758735179901123
56,0.5167227983474731,0.3977447748184204,0.5410794019699097,0.4250262677669525,0.6127697825431824,0.4059801995754242,0.48821401596069336,0.42734575271606445,0.41890567541122437,0.40689152479171753,0.6556854248046875,0.3731054663658142,0.3722134828567505,0.384192556142807,0.5329234600067139,0.5361838340759277,0.49213823676109314,0.5363373160362244,0.5188999772071838,0.6130539178848267,0.49252045154571533,0.6080007553100586,0.5239339470863342,0.6797236800193787,0.4927569031715393,0.6802634000778198
57,0.5162439346313477,0.4001415967941284,0.5419851541519165,0.4283258616924286,0.6117086410522461,0.41463467478752136,0.4865607023239136,0.4304673671722412,0.4390544593334198,0.4166744351387024,0.6520130634307861,0.3742102086544037,0.3664376735687256,0.3885161876678467,0.5346453785896301,0.5366475582122803,0.49244290590286255,0.53722083568573,0.5219172239303589,0.6124836802482605,0.49336957931518555,0.6072421073913574,0.5271066427230835,0.6784626841545105,0.49311965703964233,0.6785719394683838
58,0.5148543119430542,0.3996259570121765,0.5435804128646851,0.42815589904785156,0.6066541075706482,0.4219990372657776,0.48986393213272095,0.43166813254356384,0.44766342639923096,0.425115168094635,0.654948353767395,0.38180720806121826,0.3779540956020355,0.39802801609039307,0.535247266292572,0.5374492406845093,0.49258479475975037,0.5380550622940063,0.5224810242652893,0.6127818822860718,0.49122536182403564,0.606947124004364,0.5269771218299866,0.6800930500030518,0.4919433295726776,0.6804799437522888
59,0.5145002603530884,0.40289387106895447,0.5454602241516113,0.43198585510253906,0.6055878400802612,0.423612117767334,0.4901256263256073,0.43734753131866455,0.44573554396629333,0.42795631289482117,0.6530144214630127,0.3868081569671631,0.37160438299179077,0.3954869508743286,0.5339510440826416,0.5389386415481567,0.4914236068725586,0.5403680801391602,0.5241897702217102,0.6124768257141113,0.49047577381134033,0.6077086329460144,0.5293223857879639,0.6788238286972046,0.49203214049339294,0.678814172744751
60,0.5150535106658936,0.4018259644508362,0.5456694960594177,0.4314274191856384,0.6137694120407104,0.4210135340690613,0.4850519895553589,0.43620026111602783,0.42600446939468384,0.42028045654296875,0.6582246422767639,0.39360949397087097,0.3721449077129364,0.39647695422172546,0.5427976846694946,0.5367498993873596,0.4973212480545044,0.537891149520874,0.5312190055847168,0.6057987213134766,0.4963688552379608,0.6006596088409424,0.5334699153900146,0.6761192679405212,0.4937206506729126,0.6779202222824097
61,0.5155007243156433,0.4038031995296478,0.5460897088050842,0.4298173189163208,0.6099796295166016,0.42135244607925415,0.48615241050720215,0.435371994972229,0.421379029750824,0.42416518926620483,0.6630039811134338,0.3955502510070801,0.3647065758705139,0.39866453409194946,0.5410213470458984,0.5349015593528748,0.49581676721572876,0.5356534719467163,0.529309093952179,0.604507327079773,0.49496638774871826,0.6005789637565613,0.5291736125946045,0.6747715473175049,0.4928148686885834,0.6730564832687378
62,0.5116857290267944,0.41012370586395264,0.5407497882843018,0.43429848551750183,0.6015822887420654,0.427246630191803,0.4833333492279053,0.4330235421657562,0.44721072912216187,0.44035884737968445,0.658925473690033,0.40043842792510986,0.3650672137737274,0.40459534525871277,0.5389329195022583,0.5336180329322815,0.49756914377212524,0.5341576337814331,0.529281497001648,0.603646993637085,0.49779748916625977,0.5995895862579346,0.531944990158081,0.6740099787712097,0.49120229482650757,0.670799195766449
63,0.5128981471061707,0.4118286371231079,0.5411258339881897,0.4352816939353943,0.5993021726608276,0.4298672378063202,0.48433464765548706,0.4366961121559143,0.44998371601104736,0.4381070137023926,0.6524204611778259,0.41771072149276733,0.37914222478866577,0.410342812538147,0.5384665727615356,0.5343208909034729,0.49825581908226013,0.5351248979568481,0.5295756459236145,0.6043046712875366,0.49870023131370544,0.600200891494751,0.5312008857727051,0.6742175817489624,0.4912613034248352,0.670345664024353
64,0.5139312148094177,0.4145641326904297,0.5463003516197205,0.4378832280635834,0.6050702333450317,0.4403417706489563,0.4849908947944641,0.4396286904811859,0.4485481381416321,0.4450839161872864,0.6600732803344727,0.4197333753108978,0.37847018241882324,0.41691964864730835,0.5402965545654297,0.5338990092277527,0.49253058433532715,0.5341470837593079,0.5310101509094238,0.6026268005371094,0.49970918893814087,0.5986820459365845,0.5318981409072876,0.674950122833252,0.49168896675109863,0.671566903591156
65,0.5145801305770874,0.4180404841899872,0.538824200630188,0.4341444671154022,0.598982036113739,0.4414340853691101,0.48216766119003296,0.43905049562454224,0.449544757604599,0.44821619987487793,0.6399298906326294,0.4248008728027344,0.3698020577430725,0.4156201481819153,0.5397243499755859,0.5343449115753174,0.498376727104187,0.5348875522613525,0.5297748446464539,0.60130774974823,0.499306321144104,0.5970403552055359,0.5320106744766235,0.6741663217544556,0.48970264196395874,0.6708466410636902
66,0.5143086910247803,0.4189378023147583,0.5434058904647827,0.43686068058013916,0.5999479293823242,0.44515880942344666,0.4833325147628784,0.4407850503921509,0.45028483867645264,0.449118435382843,0.6505707502365112,0.4348710775375366,0.4029417634010315,0.43318960070610046,0.5378640294075012,0.5305424332618713,0.4972258508205414,0.5330067873001099,0.5311667323112488,0.5990949869155884,0.49984437227249146,0.5970486998558044,0.5302864909172058,0.6734508275985718,0.4909932315349579,0.6691721677780151
67,0.512511134147644,0.4242790639400482,0.5398595929145813,0.4430135190486908,0.5931755900382996,0.44893306493759155,0.479610413312912,0.4477042853832245,0.42692673206329346,0.44721829891204834,0.6440730094909668,0.43898648023605347,0.39587435126304626,0.43563514947891235,0.540642261505127,0.5362542867660522,0.4953312873840332,0.5378472805023193,0.5309503078460693,0.6011067032814026,0.49209973216056824,0.5990968346595764,0.5278443694114685,0.6747815608978271,0.49255889654159546,0.6695221662521362
68,0.515830934047699,0.4190630614757538,0.5414794087409973,0.43986189365386963,0.5875683426856995,0.4608616232872009,0.4855087697505951,0.43885064125061035,0.4554319977760315,0.45246607065200806,0.638017475605011,0.4472675919532776,0.3985902667045593,0.43758082389831543,0.5407748818397522,0.5285829901695251,0.4945005178451538,0.5286412239074707,0.5297927856445312,0.6008144021034241,0.5010556578636169,0.5968599319458008,0.5309322476387024,0.6752516627311707,0.491183340549469,0.6688618063926697
69,0.5123845338821411,0.42414483428001404,0.5401694178581238,0.4443003833293915,0.5871272087097168,0.4626553952693939,0.4816606938838959,0.4489094018936157,0.457467257976532,0.46450239419937134,0.6462821364402771,0.4458443820476532,0.39487922191619873,0.44327229261398315,0.5421280860900879,0.5362665057182312,0.4937725067138672,0.5371706485748291,0.5304537415504456,0.6039887070655823,0.5017043352127075,0.6001400947570801,0.5297883749008179,0.6750953197479248,0.4923628568649292,0.6694682836532593
70,0.5159971714019775,0.42426225543022156,0.5419507622718811,0.4470981955528259,0.589182436466217,0.46351903676986694,0.48512518405914307,0.44634121656417847,0.45543670654296875,0.4619712233543396,0.6462864279747009,0.44875627756118774,0.3932689428329468,0.44168680906295776,0.535646915435791,0.5301556587219238,0.49534910917282104,0.5329649448394775,0.529773473739624,0.6039754748344421,0.49122756719589233,0.599013090133667,0.5284700989723206,0.6760399341583252,0.49057936668395996,0.6689361929893494
71,0.5126181244850159,0.4275244474411011,0.53960120677948,0.4529716968536377,0.5650277137756348,0.47905680537223816,0.48867008090019226,0.4545709788799286,0.4717969298362732,0.4835948944091797,0.6439696550369263,0.4605620503425598,0.45551353693008423,0.48000049591064453,0.5378412008285522,0.5372799634933472,0.49815893173217773,0.537147581577301,0.5270761251449585,0.6002383232116699,0.49615249037742615,0.5959649085998535,0.5262843370437622,0.6731356978416443,0.48745197057724,0.666935920715332
72,0.5126661062240601,0.4331258535385132,0.5369539260864258,0.4539704918861389,0.5944613218307495,0.46381959319114685,0.48228275775909424,0.4547431170940399,0.44647079706192017,0.4618656039237976,0.6546214818954468,0.45000457763671875,0.3732876777648926,0.4399551749229431,0.5369163751602173,0.5453140735626221,0.4987306296825409,0.545534074306488,0.5300611853599548,0.6082447171211243,0.4967655539512634,0.6036213040351868,0.5296841859817505,0.6759210824966431,0.4914073348045349,0.6749216914176941
73,0.512769341468811,0.4361741542816162,0.5373728275299072,0.4591464400291443,0.5628629922866821,0.4883567690849304,0.48938891291618347,0.46105992794036865,0.47675180435180664,0.4868292808532715,0.6533117294311523,0.4677424430847168,0.46668002009391785,0.48153573274612427,0.5358134508132935,0.5460416674613953,0.49471157789230347,0.5458621978759766,0.5265796184539795,0.6076388359069824,0.49324971437454224,0.6034106612205505,0.5278424024581909,0.6729059219360352,0.4891951084136963,0.6703500151634216
74,0.5148934721946716,0.43943142890930176,0.5389896631240845,0.46110472083091736,0.5794488191604614,0.48013949394226074,0.4881018400192261,0.46343082189559937,0.46839261054992676,0.48062968254089355,0.6492064595222473,0.462119460105896,0.4322556257247925,0.4591074585914612,0.5351023077964783,0.5480338335037231,0.4927538335323334,0.5472295880317688,0.526488184928894,0.609126627445221,0.49744826555252075,0.6043989658355713,0.5273029208183289,0.67486971616745,0.49020618200302124,0.6700220108032227
75,0.5121375322341919,0.439270555973053,0.5346052646636963,0.4655721187591553,0.5631106495857239,0.4894643723964691,0.48894041776657104,0.46954187750816345,0.47497615218162537,0.49022793769836426,0.6438113451004028,0.4657100439071655,0.4646240174770355,0.48174867033958435,0.5317768454551697,0.5549423694610596,0.4984530806541443,0.5547004342079163,0.524047315120697,0.6120188236236572,0.4942794740200043,0.6082413196563721,0.5273511409759521,0.6763665676116943,0.4892670810222626,0.6724066138267517
76,0.5139240026473999,0.4409763813018799,0.5325086116790771,0.4671456217765808,0.5605868101119995,0.4888021647930145,0.4911627471446991,0.4714518189430237,0.4803147315979004,0.5036137700080872,0.64055335521698,0.4658842980861664,0.49005115032196045,0.5107201337814331,0.5292255282402039,0.5548621416091919,0.4983336925506592,0.5555644035339355,0.5259098410606384,0.6114214658737183,0.4936601519584656,0.6083070635795593,0.527552604675293,0.6745996475219727,0.4877716302871704,0.6707837581634521
77,0.5121232271194458,0.4433797597885132,0.5325095653533936,0.4666837453842163,0.5625054240226746,0.48720210790634155,0.4892771244049072,0.47382354736328125,0.4789291322231293,0.5026867985725403,0.6466681361198425,0.4672941565513611,0.47233647108078003,0.4865322709083557,0.530737042427063,0.5568262338638306,0.4967440962791443,0.558416485786438,0.5254812240600586,0.6116777658462524,0.4933348596096039,0.6088378429412842,0.5265172123908997,0.6740009188652039,0.488849401473999,0.670501708984375
78,0.5105833411216736,0.4431088864803314,0.5314377546310425,0.46714717149734497,0.5507494211196899,0.4985765218734741,0.49345967173576355,0.4747147560119629,0.48087626695632935,0.5052657723426819,0.5553659796714783,0.48538899421691895,0.49051302671432495,0.5085578560829163,0.5291003584861755,0.5561808943748474,0.4981110095977783,0.5579999685287476,0.5238036513328552,0.6119180917739868,0.4923400580883026,0.6095349788665771,0.5252370238304138,0.6737017631530762,0.4884659945964813,0.6700968146324158
79,0.5108956098556519,0.4455607533454895,0.5307247638702393,0.47315606474876404,0.5490775108337402,0.5032409429550171,0.490908145904541,0.479671448469162,0.47903943061828613,0.5070791244506836,0.5419316291809082,0.5069080591201782,0.4763493239879608,0.5022265911102295,0.5320872068405151,0.5604081153869629,0.49816083908081055,0.5608826875686646,0.5265554189682007,0.6120867133140564,0.4934932589530945,0.6105026006698608,0.5256055593490601,0.6714515089988708,0.48874449729919434,0.6701881885528564
80,0.5113034248352051,0.44539427757263184,0.540338397026062,0.4788348078727722,0.547609269618988,0.5071544051170349,0.4940977096557617,0.4788394570350647,0.48150381445884705,0.5074350237846375,0.5424609184265137,0.5120152235031128,0.49348074197769165,0.5344576835632324,0.5285983681678772,0.5607185959815979,0.49817365407943726,0.5592396259307861,0.5268796682357788,0.6095415949821472,0.4930516481399536,0.60842365026474,0.5261355042457581,0.6662824153900146,0.4882287383079529,0.6662722229957581
81,0.5114802718162537,0.45044636726379395,0.5323784351348877,0.4776321351528168,0.5532160997390747,0.51078861951828,0.48813435435295105,0.4765380024909973,0.4741467833518982,0.5076628923416138,0.5361970663070679,0.5347792506217957,0.47259315848350525,0.5054951906204224,0.5303119421005249,0.5620754957199097,0.49886274337768555,0.5619418025016785,0.5292518138885498,0.609782338142395,0.49302858114242554,0.6087402105331421,0.5269122123718262,0.6668026447296143,0.48832273483276367,0.6666924357414246
82,0.5100066661834717,0.4511691927909851,0.5331485271453857,0.4779700040817261,0.5537850260734558,0.504230260848999,0.49008750915527344,0.47866424918174744,0.47642943263053894,0.5071074366569519,0.5393462181091309,0.5288443565368652,0.4769354462623596,0.504603385925293,0.5313254594802856,0.5611894130706787,0.49984705448150635,0.561703622341156,0.5314074158668518,0.6086992621421814,0.494884729385376,0.6081074476242065,0.5289822816848755,0.6679155826568604,0.48870500922203064,0.6677202582359314
83,0.509540855884552,0.4530446529388428,0.5337244272232056,0.47896942496299744,0.5573313236236572,0.5030765533447266,0.4897199273109436,0.47899192571640015,0.4753439128398895,0.5070796012878418,0.5698379278182983,0.48961520195007324,0.4656902253627777,0.5027480721473694,0.5341203212738037,0.5624667406082153,0.5002914667129517,0.5604459643363953,0.5310943126678467,0.6085245013237,0.4944855570793152,0.6085637807846069,0.5297303199768066,0.667957067489624,0.48924216628074646,0.6681855916976929
84,0.5106308460235596,0.4628412127494812,0.5326794385910034,0.4866434335708618,0.5513194799423218,0.5180343985557556,0.4862462282180786,0.4843573272228241,0.4731120467185974,0.5095846652984619,0.5408061742782593,0.546297550201416,0.46634727716445923,0.5049381256103516,0.5301346778869629,0.5656895637512207,0.49956056475639343,0.5643145442008972,0.5301565527915955,0.610174298286438,0.49283963441848755,0.6073805093765259,0.5279231667518616,0.6700990200042725,0.4888084828853607,0.6688971519470215
85,0.5195740461349487,0.4616791903972626,0.5329446792602539,0.4866049885749817,0.5488384962081909,0.5180899500846863,0.49268314242362976,0.48512837290763855,0.4729467034339905,0.512252926826477,0.5382466316223145,0.5551615953445435,0.4859166741371155,0.5530756115913391,0.5271869897842407,0.5633203983306885,0.4952513873577118,0.5616596341133118,0.5297589898109436,0.6120955348014832,0.4927464723587036,0.6099863052368164,0.5262750387191772,0.6682374477386475,0.48709389567375183,0.6677250862121582
86,0.5173025727272034,0.4621241092681885,0.5320903062820435,0.4849470555782318,0.5497335195541382,0.5156524777412415,0.49123620986938477,0.4860326647758484,0.4738054871559143,0.5129737854003906,0.5370616912841797,0.5514519214630127,0.48858290910720825,0.5540566444396973,0.526595950126648,0.5645965337753296,0.4948858916759491,0.5628564953804016,0.527144730091095,0.6147662401199341,0.4946215748786926,0.6112909913063049,0.5243971943855286,0.6712943911552429,0.4885813891887665,0.6696149706840515
87,0.5186002850532532,0.4663439393043518,0.5343709588050842,0.4933387041091919,0.5526082515716553,0.5208016037940979,0.4922352731227875,0.4914049804210663,0.4763453006744385,0.5211337804794312,0.5423266887664795,0.5539751648902893,0.4884791374206543,0.5529851913452148,0.5320218205451965,0.5672610998153687,0.49742400646209717,0.5654096007347107,0.534333348274231,0.6149590611457825,0.4962960481643677,0.6141915321350098,0.5269348621368408,0.6689009070396423,0.4891875684261322,0.6682978868484497
88,0.5159659385681152,0.46825549006462097,0.5362259745597839,0.4959886074066162,0.553297758102417,0.5259068608283997,0.49119359254837036,0.4960344433784485,0.479287713766098,0.5247255563735962,0.5402743816375732,0.5557966232299805,0.48750805854797363,0.5565944910049438,0.5296773314476013,0.5705181360244751,0.4949169158935547,0.5695133209228516,0.5334463119506836,0.6152070760726929,0.49206802248954773,0.6164599657058716,0.5266222953796387,0.6676324605941772,0.48689770698547363,0.6681632995605469
89,0.5112723112106323,0.46864283084869385,0.5405389070510864,0.49788719415664673,0.5487526059150696,0.5228654146194458,0.4910120964050293,0.4954138696193695,0.47664302587509155,0.5222411155700684,0.5359940528869629,0.5514278411865234,0.48457133769989014,0.5516005158424377,0.5285967588424683,0.5652569532394409,0.4943578243255615,0.564049482345581,0.531501829624176,0.6104048490524292,0.4907338619232178,0.6096538305282593,0.5271366834640503,0.666014552116394,0.4849322438240051,0.6667953729629517
90,0.5122842788696289,0.46998077630996704,0.5345005393028259,0.4986630082130432,0.5495720505714417,0.5298380255699158,0.49238526821136475,0.4984164237976074,0.47495847940444946,0.5279367566108704,0.5370925664901733,0.5575546622276306,0.48448699712753296,0.554774820804596,0.5281276702880859,0.5691474676132202,0.494272917509079,0.5676803588867188,0.531204342842102,0.6156548261642456,0.49038586020469666,0.6153262853622437,0.5282016396522522,0.667489230632782,0.48644858598709106,0.6666862368583679
91,0.5105111598968506,0.4701836109161377,0.5332983732223511,0.49580925703048706,0.5481209754943848,0.5300496220588684,0.4920414388179779,0.4994886815547943,0.47567009925842285,0.5274573564529419,0.536971390247345,0.5579267144203186,0.4851018190383911,0.5543949604034424,0.5278908014297485,0.5693042874336243,0.49469834566116333,0.5675621628761292,0.5322566628456116,0.6165962219238281,0.49074190855026245,0.616316556930542,0.5285454988479614,0.6681141257286072,0.4864853024482727,0.6666314005851746
92,0.5113162994384766,0.47328612208366394,0.533837080001831,0.5025445222854614,0.548448920249939,0.5340397357940674,0.4935062527656555,0.5006206035614014,0.47564947605133057,0.5314921736717224,0.5363459587097168,0.5629628896713257,0.48147785663604736,0.5591748952865601,0.5298759937286377,0.5749852061271667,0.4953837990760803,0.573029637336731,0.5321522951126099,0.6199800372123718,0.48723363876342773,0.6204514503479004,0.5288988947868347,0.669308602809906,0.4851374328136444,0.6675872802734375
93,0.511231541633606,0.4766840636730194,0.5331646203994751,0.503697395324707,0.5460770130157471,0.5361968278884888,0.4922572076320648,0.5024423599243164,0.47498592734336853,0.5356530547142029,0.5382257699966431,0.5707604289054871,0.48297473788261414,0.5638374090194702,0.528433084487915,0.5777826309204102,0.49547404050827026,0.5758177042007446,0.5335916876792908,0.6226619482040405,0.4896872043609619,0.6230578422546387,0.5286893248558044,0.6692771315574646,0.48732316493988037,0.6683770418167114
94,0.5083480477333069,0.47835588455200195,0.5340278744697571,0.5058640241622925,0.5449520349502563,0.5386574268341064,0.49172377586364746,0.5045344233512878,0.4754449129104614,0.5346201062202454,0.5371217131614685,0.5719190835952759,0.4829852283000946,0.5660831332206726,0.5277001857757568,0.5795170068740845,0.4952554702758789,0.5776417255401611,0.5339440107345581,0.6226481199264526,0.48899590969085693,0.622576117515564,0.5303322076797485,0.6710740327835083,0.4878418445587158,0.6693271994590759
95,0.5127958059310913,0.4805840849876404,0.5331968069076538,0.5074493885040283,0.5473742485046387,0.5394575595855713,0.4919407069683075,0.5060735940933228,0.4770674705505371,0.5357283353805542,0.5392752289772034,0.5725973844528198,0.484955370426178,0.5665708780288696,0.5276150703430176,0.5818547010421753,0.49562308192253113,0.5801904201507568,0.5332872271537781,0.6244248151779175,0.4916210174560547,0.6215931177139282,0.5300427675247192,0.6721262335777283,0.49028080701828003,0.6714354753494263
96,0.5137722492218018,0.4813968539237976,0.5361145734786987,0.5051397085189819,0.5484504699707031,0.5434083938598633,0.49361974000930786,0.5051562190055847,0.4788479208946228,0.5405608415603638,0.5411137342453003,0.578525960445404,0.48311495780944824,0.5743556022644043,0.530750036239624,0.579824686050415,0.49675244092941284,0.5778399705886841,0.5358579158782959,0.6202223300933838,0.489725798368454,0.619305431842804,0.5316766500473022,0.6713953018188477,0.4878643751144409,0.6697560548782349
97,0.5135712623596191,0.48352694511413574,0.5402317643165588,0.5110671520233154,0.5533382892608643,0.5451429486274719,0.49372410774230957,0.5118626356124878,0.47760534286499023,0.5420980453491211,0.5438025593757629,0.5754309892654419,0.4846205413341522,0.5721861124038696,0.5296002626419067,0.5802856087684631,0.501286506652832,0.5804592370986938,0.5363146662712097,0.6245744228363037,0.49080967903137207,0.6223496198654175,0.5307730436325073,0.6714054346084595,0.48934611678123474,0.6712116003036499
98,0.5101624727249146,0.4848940074443817,0.5364254713058472,0.5139343738555908,0.5499138832092285,0.5459749102592468,0.4936543107032776,0.5126821398735046,0.47597357630729675,0.5412235856056213,0.5413224697113037,0.5785324573516846,0.4822147786617279,0.5733555555343628,0.5278522968292236,0.5823389887809753,0.5009844303131104,0.5821427702903748,0.5346570611000061,0.6291748881340027,0.4915819764137268,0.6258862614631653,0.531434178352356,0.6728417873382568,0.48985838890075684,0.6727134585380554
99,0.5083985328674316,0.4853491187095642,0.5348042845726013,0.5138692259788513,0.5485826730728149,0.5459913611412048,0.4929978847503662,0.5137442350387573,0.47771093249320984,0.5428155064582825,0.540442168712616,0.5798950791358948,0.48263272643089294,0.5738415718078613,0.5266426801681519,0.5838017463684082,0.49636226892471313,0.5829388499259949,0.534454345703125,0.6264830827713013,0.49288100004196167,0.6261162757873535,0.5315742492675781,0.6729786396026611,0.49123144149780273,0.6737015247344971
100,0.5103234052658081,0.48538634181022644,0.5355181097984314,0.5144417881965637,0.550639271736145,0.5442282557487488,0.49531739950180054,0.514055609703064,0.47860008478164673,0.5421398878097534,0.5429303646087646,0.5765856504440308,0.483713835477829,0.5716652274131775,0.5285453200340271,0.5830783843994141,0.4980071783065796,0.5822906494140625,0.5373018383979797,0.6282535195350647,0.49506399035453796,0.6258545517921448,0.5324565768241882,0.6718224883079529,0.49103400111198425,0.672783374786377
101,0.5145268440246582,0.485344260931015,0.5390283465385437,0.5140910744667053,0.5521532893180847,0.5438380241394043,0.49580949544906616,0.5137038230895996,0.47846561670303345,0.5410915613174438,0.5433303713798523,0.5749126672744751,0.4842279851436615,0.5703418254852295,0.5303930044174194,0.5822516679763794,0.49853575229644775,0.581728994846344,0.5384820699691772,0.627151370048523,0.4947909712791443,0.6261351108551025,0.5321820974349976,0.6720578074455261,0.49106764793395996,0.6731221675872803
102,0.5146035552024841,0.4848085045814514,0.5386104583740234,0.513874351978302,0.5524204969406128,0.5437485575675964,0.49634525179862976,0.5137560367584229,0.4795023798942566,0.5411539077758789,0.5424771904945374,0.5748213529586792,0.4834916591644287,0.5699175000190735,0.5308514833450317,0.5816603899002075,0.499752402305603,0.5813530683517456,0.5388545989990234,0.6270617246627808,0.4961775243282318,0.6260031461715698,0.5323024392127991,0.6713406443595886,0.4918338656425476,0.672006368637085
103,0.5131825804710388,0.48566707968711853,0.5385931134223938,0.5162769556045532,0.5502676963806152,0.5485289096832275,0.49581730365753174,0.5141507983207703,0.47710856795310974,0.5438010096549988,0.5419472455978394,0.5783810615539551,0.48236986994743347,0.572799801826477,0.529694139957428,0.5838330388069153,0.4983559250831604,0.5831097960472107,0.538798451423645,0.6275272965431213,0.49561747908592224,0.6258697509765625,0.5324409604072571,0.6717900633811951,0.49191296100616455,0.6723395586013794
104,0.5121317505836487,0.48620927333831787,0.5383226275444031,0.5165600776672363,0.5492863655090332,0.5495107173919678,0.4963034987449646,0.5150466561317444,0.47775012254714966,0.5446834564208984,0.5413470268249512,0.5785045623779297,0.4826895594596863,0.573654055595398,0.5305098295211792,0.5832933783531189,0.49891969561576843,0.5825755596160889,0.5386556386947632,0.6274411678314209,0.49489355087280273,0.624993085861206,0.5321439504623413,0.6709091067314148,0.4910731911659241,0.6715872287750244
105,0.5124555826187134,0.4865087866783142,0.5364593267440796,0.5154215097427368,0.5497032403945923,0.546536922454834,0.4951890707015991,0.5147153735160828,0.47740960121154785,0.5449575185775757,0.542004406452179,0.5777544379234314,0.4837009310722351,0.5741488933563232,0.5297845005989075,0.5816150307655334,0.49867957830429077,0.5812554955482483,0.5389044880867004,0.6239070296287537,0.4942542314529419,0.625235915184021,0.5334527492523193,0.6695139408111572,0.4911571741104126,0.670325756072998
106,0.5131527185440063,0.48649317026138306,0.5368975400924683,0.5158997774124146,0.5482020974159241,0.547636866569519,0.4951210618019104,0.514177680015564,0.47655972838401794,0.5443426370620728,0.541581928730011,0.578424870967865,0.48361045122146606,0.5726983547210693,0.5285332202911377,0.5829378962516785,0.49744755029678345,0.5822915434837341,0.5394012331962585,0.6235139966011047,0.4941115975379944,0.6247773170471191,0.5325486063957214,0.6701035499572754,0.49070069193840027,0.6702989339828491
107,0.5137477517127991,0.48583197593688965,0.5375621914863586,0.515557050704956,0.5494374632835388,0.5465689301490784,0.49559101462364197,0.5139440298080444,0.47721242904663086,0.5436084866523743,0.5424602031707764,0.5778697729110718,0.48388075828552246,0.5725045800209045,0.5282270312309265,0.5829203128814697,0.4967312514781952,0.5822843313217163,0.5397238731384277,0.6230102181434631,0.49293768405914307,0.6245911121368408,0.5323349237442017,0.6701033115386963,0.4899466633796692,0.6703987121582031
108,0.5151850581169128,0.48411697149276733,0.5383287668228149,0.5088677406311035,0.5497978925704956,0.5417351126670837,0.4923540949821472,0.5083750486373901,0.47711122035980225,0.5378148555755615,0.5435714721679688,0.5778427720069885,0.4824044108390808,0.5746374130249023,0.5305453538894653,0.57900071144104,0.4998680353164673,0.5776402950286865,0.5397843718528748,0.6153162717819214,0.4870135486125946,0.6146103143692017,0.5332306027412415,0.6687824726104736,0.48632940649986267,0.6679436564445496
109,0.514167845249176,0.48601847887039185,0.5385557413101196,0.5144043564796448,0.5504217743873596,0.546788215637207,0.494260311126709,0.5123462677001953,0.4769701659679413,0.5426583886146545,0.5448528528213501,0.5785855054855347,0.484981507062912,0.5751376152038574,0.5310057401657104,0.583515465259552,0.5000723004341125,0.57828289270401,0.5361716747283936,0.6127527952194214,0.4893755614757538,0.6151285171508789,0.5342473983764648,0.6671861410140991,0.4874301552772522,0.6675927639007568
110,0.5157150626182556,0.4855845868587494,0.5399613380432129,0.5133315324783325,0.5523896217346191,0.5441973805427551,0.4943866729736328,0.5115980505943298,0.4756201207637787,0.5407951474189758,0.5458424091339111,0.5774046182632446,0.4835176169872284,0.5731712579727173,0.5314719080924988,0.582270622253418,0.4968588054180145,0.5801085233688354,0.535960853099823,0.6119847297668457,0.4894736707210541,0.6132767796516418,0.5392389297485352,0.668965220451355,0.48657530546188354,0.6686832904815674
111,0.5157724618911743,0.4865393340587616,0.5401523113250732,0.5150084495544434,0.552352249622345,0.5470344424247742,0.49500906467437744,0.5130443572998047,0.47643348574638367,0.5432653427124023,0.5463098883628845,0.5786079168319702,0.4844829738140106,0.5746581554412842,0.5288971662521362,0.5788309574127197,0.49753081798553467,0.5785192847251892,0.5365150570869446,0.6130040287971497,0.49033892154693604,0.6146165132522583,0.5341609120368958,0.6674756407737732,0.4882432222366333,0.6676937937736511
112,0.5144917964935303,0.48629340529441833,0.5397173166275024,0.5149405002593994,0.5512311458587646,0.5460054874420166,0.4950149953365326,0.5130638480186462,0.4763575792312622,0.5426331162452698,0.5442345142364502,0.5778282880783081,0.48264461755752563,0.5735776424407959,0.5284575819969177,0.5789620876312256,0.500885009765625,0.5787894129753113,0.5403488874435425,0.6168697476387024,0.48899611830711365,0.6169339418411255,0.533432126045227,0.6673905253410339,0.4880521297454834,0.6675273776054382
113,0.5151152014732361,0.4864068925380707,0.5391724109649658,0.5154447555541992,0.5501792430877686,0.5486457943916321,0.49467965960502625,0.5126451849937439,0.47619903087615967,0.5427798628807068,0.5437116622924805,0.5792101621627808,0.482605516910553,0.5735740661621094,0.5278599858283997,0.5808255076408386,0.5003713965415955,0.5802876353263855,0.5392181277275085,0.61861652135849,0.4904116988182068,0.6185263395309448,0.5309199690818787,0.6695108413696289,0.48865318298339844,0.6691287755966187
114,0.5159759521484375,0.48669153451919556,0.5397997498512268,0.5151425004005432,0.551365315914154,0.5474308729171753,0.4954639673233032,0.5135205984115601,0.47781214118003845,0.5433075428009033,0.5449190735816956,0.5773888826370239,0.48459553718566895,0.5733964443206787,0.5294902324676514,0.5794141888618469,0.4983695149421692,0.5794257521629333,0.5399940609931946,0.6171976327896118,0.4910382926464081,0.6177474856376648,0.5318766832351685,0.6681927442550659,0.48967456817626953,0.6685711741447449
115,0.5159703493118286,0.487488716840744,0.5392459630966187,0.5142315626144409,0.5517151951789856,0.5471960306167603,0.4937114715576172,0.5131003856658936,0.4763994812965393,0.5431122183799744,0.5455557107925415,0.5765753984451294,0.48410022258758545,0.5724113583564758,0.5291476845741272,0.5790071487426758,0.4977806806564331,0.5787016153335571,0.5412231683731079,0.618004322052002,0.4918473958969116,0.618603527545929,0.5323002934455872,0.6683446168899536,0.48983249068260193,0.6688306331634521
116,0.5140942335128784,0.48911821842193604,0.5382550954818726,0.5167587995529175,0.550727128982544,0.5500777363777161,0.4917294681072235,0.5156131386756897,0.47584354877471924,0.5453704595565796,0.5447433590888977,0.5780969262123108,0.48400771617889404,0.5734333992004395,0.5283312797546387,0.5822809338569641,0.500888466835022,0.5822352170944214,0.5419490337371826,0.6205072402954102,0.49004846811294556,0.6208944320678711,0.5327452421188354,0.6697545051574707,0.489490807056427,0.6702216863632202
117,0.5139693021774292,0.488796591758728,0.5379817485809326,0.5156800150871277,0.551308274269104,0.5482758283615112,0.4910195469856262,0.5142812132835388,0.4749877154827118,0.544236421585083,0.5453268885612488,0.5777255296707153,0.48266613483428955,0.5739086866378784,0.528379499912262,0.5810071229934692,0.5000290870666504,0.580554187297821,0.5427988767623901,0.6209977865219116,0.4895018935203552,0.6215760707855225,0.5394214391708374,0.6667886972427368,0.4887498617172241,0.6704071760177612
118,0.5133528709411621,0.4876306653022766,0.5351287126541138,0.514777660369873,0.5497831106185913,0.5477992296218872,0.4920588433742523,0.5124126076698303,0.47544413805007935,0.5430615544319153,0.5450125932693481,0.578294038772583,0.48354095220565796,0.5734795331954956,0.5278711318969727,0.5813185572624207,0.5008972883224487,0.5801423788070679,0.5381720066070557,0.6194635033607483,0.4918208718299866,0.621529757976532,0.5398612022399902,0.6665855646133423,0.4888871908187866,0.6701216697692871
119,0.5143336057662964,0.48551878333091736,0.5352168083190918,0.5120028257369995,0.5492031574249268,0.5437520146369934,0.49291813373565674,0.5100650787353516,0.476410448551178,0.5393788814544678,0.5433429479598999,0.5765953660011292,0.4847179055213928,0.5698622465133667,0.5297574400901794,0.5835107564926147,0.4964004456996918,0.5811445713043213,0.5417588949203491,0.6186563968658447,0.4936131238937378,0.6176354885101318,0.5338544249534607,0.6681198477745056,0.4889291524887085,0.6687101721763611
120,0.5123621225357056,0.4822312295436859,0.5350161790847778,0.5097516775131226,0.5497210621833801,0.5416099429130554,0.4925406873226166,0.5084365606307983,0.4772334098815918,0.5386843681335449,0.5400382280349731,0.5792457461357117,0.48017817735671997,0.573153555393219,0.5281822085380554,0.581786036491394,0.4997376799583435,0.580255925655365,0.5389574766159058,0.621121883392334,0.4879376292228699,0.6204566955566406,0.5340626239776611,0.6692058444023132,0.4861193597316742,0.6685633659362793
121,0.5134176015853882,0.48225876688957214,0.5348982810974121,0.5112658143043518,0.5483185052871704,0.5420939922332764,0.495095819234848,0.5121940970420837,0.4760281443595886,0.5392675399780273,0.5399138927459717,0.5778249502182007,0.482687771320343,0.5703534483909607,0.5273578763008118,0.5804409980773926,0.5008304715156555,0.5797754526138306,0.5384643077850342,0.6243276000022888,0.4906028211116791,0.6238467693328857,0.5329560041427612,0.6704299449920654,0.48684224486351013,0.6695308089256287
122,0.5181346535682678,0.47960376739501953,0.5344022512435913,0.5057552456855774,0.5497654676437378,0.5362300276756287,0.49573037028312683,0.5089741945266724,0.4773244559764862,0.5346072912216187,0.5397418141365051,0.5656530857086182,0.484912633895874,0.5624757409095764,0.5296714901924133,0.5808048248291016,0.4978265166282654,0.5797131061553955,0.5372297167778015,0.6250377893447876,0.4940713346004486,0.6257834434509277,0.5313676595687866,0.6690734624862671,0.4877397418022156,0.6688544154167175
123,0.514104425907135,0.47705399990081787,0.5353127717971802,0.5036375522613525,0.5523161888122559,0.5354710221290588,0.4977811276912689,0.5061009526252747,0.4814305901527405,0.5347245931625366,0.5416942834854126,0.5648682713508606,0.48714786767959595,0.5594527721405029,0.5328644514083862,0.5784010887145996,0.500558614730835,0.5770875811576843,0.5377100110054016,0.6211549043655396,0.49495941400527954,0.6216004490852356,0.5325625538825989,0.6686768531799316,0.488717645406723,0.6675176024436951
124,0.5153902769088745,0.4766443967819214,0.5373386740684509,0.502636194229126,0.550232470035553,0.5338574647903442,0.4972493052482605,0.5045455098152161,0.4776622951030731,0.5341597199440002,0.5386757850646973,0.5653605461120605,0.4838673770427704,0.5588836669921875,0.5323346257209778,0.5788693428039551,0.49893316626548767,0.5772638320922852,0.539029061794281,0.6221084594726562,0.49411386251449585,0.6217657327651978,0.5332008600234985,0.6673109531402588,0.4889882206916809,0.6659950017929077
125,0.5153083801269531,0.4703234136104584,0.5345234274864197,0.4983149766921997,0.550830602645874,0.5255857706069946,0.49690407514572144,0.4991658627986908,0.4773902893066406,0.5240486860275269,0.5418751835823059,0.5572490692138672,0.4864360988140106,0.5516573190689087,0.5304617881774902,0.5695781707763672,0.49795228242874146,0.5679078102111816,0.5361510515213013,0.6138209104537964,0.49516066908836365,0.6126368641853333,0.5322514772415161,0.6660168766975403,0.49031728506088257,0.6644918918609619
126,0.5197159051895142,0.46913450956344604,0.539315402507782,0.49893730878829956,0.5555334091186523,0.5232149362564087,0.4973694086074829,0.49896368384361267,0.47982048988342285,0.525070309638977,0.5424766540527344,0.5557274222373962,0.48721396923065186,0.5531131625175476,0.5328125953674316,0.568886399269104,0.4976853132247925,0.5682783722877502,0.5384953022003174,0.6134581565856934,0.49398744106292725,0.6132129430770874,0.5331441164016724,0.6653522253036499,0.4889650344848633,0.663417637348175
127,0.5195485353469849,0.4650660455226898,0.5379678606987,0.49260616302490234,0.5590136051177979,0.5169236660003662,0.49696239829063416,0.4954463839530945,0.47937437891960144,0.5190598964691162,0.5398777723312378,0.5537880659103394,0.487132728099823,0.5531437397003174,0.530585527420044,0.5655219554901123,0.49566465616226196,0.5644322633743286,0.5330139398574829,0.6130617260932922,0.4929858148097992,0.6110718846321106,0.530526876449585,0.666388750076294,0.487595796585083,0.6681694388389587
128,0.5209714770317078,0.4665921628475189,0.5377649664878845,0.4945337772369385,0.5580855011940002,0.5173525810241699,0.4948740601539612,0.49358317255973816,0.4758985936641693,0.5134188532829285,0.5393146872520447,0.5551254749298096,0.48810014128685,0.5547636151313782,0.5275952219963074,0.5698303580284119,0.4995206594467163,0.5682574510574341,0.5306857824325562,0.6128677725791931,0.49249574542045593,0.6099058389663696,0.5285848379135132,0.6674720644950867,0.4883188009262085,0.6700184345245361
129,0.5140988826751709,0.4613521695137024,0.5352100133895874,0.48622578382492065,0.559319257736206,0.5162110924720764,0.49420827627182007,0.4883069694042206,0.47939246892929077,0.5130034685134888,0.5397922992706299,0.5518302917480469,0.4903489947319031,0.5453843474388123,0.5296802520751953,0.5645228624343872,0.4950534999370575,0.5636962652206421,0.5300953984260559,0.6135447025299072,0.49518144130706787,0.6117184162139893,0.5276601910591125,0.6678383350372314,0.48953109979629517,0.667186439037323
130,0.5117816925048828,0.46120011806488037,0.5419588685035706,0.48694562911987305,0.5608824491500854,0.5060228705406189,0.490525484085083,0.4880891740322113,0.47574132680892944,0.5124223232269287,0.542070746421814,0.5535755753517151,0.4879381060600281,0.5545148849487305,0.5240281224250793,0.5663536190986633,0.49743032455444336,0.5664124488830566,0.5278903245925903,0.613286018371582,0.49277859926223755,0.6107965707778931,0.5265386700630188,0.667407751083374,0.4882251024246216,0.6684698462486267
131,0.5098633766174316,0.457755446434021,0.5320298075675964,0.4827689528465271,0.5567812323570251,0.5101933479309082,0.49299317598342896,0.48529696464538574,0.4755065143108368,0.5117875337600708,0.5397573709487915,0.5522764921188354,0.4869036376476288,0.5470850467681885,0.5259122848510742,0.5621582865715027,0.4990071654319763,0.562393069267273,0.5281538367271423,0.6118758320808411,0.49262017011642456,0.6096636652946472,0.527170717716217,0.6662709712982178,0.4874376952648163,0.6667453050613403
132,0.5096626281738281,0.4565192461013794,0.5338674783706665,0.4790160655975342,0.5558229684829712,0.5015780329704285,0.4861261248588562,0.48043233156204224,0.47089657187461853,0.5016769170761108,0.5668892860412598,0.4845547378063202,0.40800926089286804,0.48116451501846313,0.5297064781188965,0.5657232403755188,0.5005680322647095,0.565332293510437,0.5285110473632812,0.6075043082237244,0.49741703271865845,0.6041640043258667,0.5263444185256958,0.6664860844612122,0.49150142073631287,0.6644819974899292
133,0.5110671520233154,0.44981300830841064,0.531670331954956,0.4754152297973633,0.5565723180770874,0.4970583915710449,0.4876205623149872,0.4770581126213074,0.4764837920665741,0.5015419125556946,0.5489646196365356,0.4891270101070404,0.4690732955932617,0.4903087615966797,0.5318520069122314,0.55879807472229,0.49383649230003357,0.5584510564804077,0.5326679944992065,0.6075630187988281,0.4972383379936218,0.5986872315406799,0.529321014881134,0.6665914058685303,0.4887882471084595,0.6662779450416565
134,0.5092955231666565,0.4468941390514374,0.5354372262954712,0.4790958762168884,0.5445556640625,0.5013918280601501,0.4923655390739441,0.47919636964797974,0.4805348813533783,0.5057913064956665,0.5414086580276489,0.5021162033081055,0.490201473236084,0.5311710834503174,0.52668297290802,0.5552864074707031,0.4933600127696991,0.5548073649406433,0.5254833698272705,0.603390634059906,0.49438151717185974,0.6000467538833618,0.5251538157463074,0.6666296720504761,0.48885947465896606,0.6657571792602539
135,0.5086045861244202,0.4482092261314392,0.5372357964515686,0.4783206880092621,0.5497413873672485,0.4992937743663788,0.4890061616897583,0.47930654883384705,0.4789188504219055,0.5043760538101196,0.5447445511817932,0.5172044634819031,0.4863608777523041,0.5436792373657227,0.5273507833480835,0.5577895045280457,0.499147891998291,0.5579674243927002,0.5280091762542725,0.6065080761909485,0.49248385429382324,0.5992106199264526,0.526432991027832,0.6662226915359497,0.4895247220993042,0.6646192073822021
136,0.5096683502197266,0.44625625014305115,0.5411903858184814,0.47485023736953735,0.5580653548240662,0.4913524091243744,0.4922650456428528,0.47771090269088745,0.4785427749156952,0.5018235445022583,0.5705360770225525,0.48663419485092163,0.4640536308288574,0.49081963300704956,0.5320322513580322,0.5548416376113892,0.49394690990448,0.5546728372573853,0.5322962999343872,0.6060442328453064,0.4993811845779419,0.6010928153991699,0.5299406051635742,0.6687113046646118,0.49052000045776367,0.667635440826416
137,0.5127342939376831,0.44548532366752625,0.541251540184021,0.47075504064559937,0.554828941822052,0.49037235975265503,0.4892219007015228,0.4736888110637665,0.4785628020763397,0.5010991096496582,0.648374617099762,0.47868677973747253,0.4800124764442444,0.5087714791297913,0.5315567255020142,0.5511355996131897,0.49469858407974243,0.5512160062789917,0.5291407108306885,0.6035220623016357,0.4972957968711853,0.5995185375213623,0.5290083289146423,0.6706942915916443,0.491520494222641,0.6689472198486328
138,0.510861873626709,0.4429663121700287,0.5347864031791687,0.4657222628593445,0.5766780972480774,0.48258158564567566,0.48750197887420654,0.47477564215660095,0.47743546962738037,0.499286949634552,0.6463165283203125,0.4706968069076538,0.38301321864128113,0.4687808156013489,0.5352253913879395,0.550661563873291,0.4991855025291443,0.5531492829322815,0.5361322164535522,0.6026585102081299,0.4968401789665222,0.6002190113067627,0.5330601930618286,0.6691961288452148,0.4895612895488739,0.6697823405265808
139,0.514136016368866,0.4394862651824951,0.5369740724563599,0.46186837553977966,0.5822336673736572,0.48612186312675476,0.4873124361038208,0.4696755111217499,0.4798986613750458,0.5021086931228638,0.6414697170257568,0.4715644121170044,0.4893794655799866,0.541700541973114,0.5377029180526733,0.5511873960494995,0.49423450231552124,0.5519441366195679,0.5335743427276611,0.5966746211051941,0.49568256735801697,0.5966989994049072,0.5310330390930176,0.6678952574729919,0.49175286293029785,0.6704129576683044
140,0.5130200386047363,0.43910592794418335,0.5413253307342529,0.4594092071056366,0.5796307921409607,0.4845210909843445,0.49601227045059204,0.4660279452800751,0.4815591275691986,0.5027898550033569,0.6401877403259277,0.4717649817466736,0.48884010314941406,0.5419795513153076,0.538260817527771,0.5487586855888367,0.49596577882766724,0.5494481921195984,0.5354734659194946,0.6047488451004028,0.497927725315094,0.5955126285552979,0.5317062139511108,0.6686813235282898,0.4914705753326416,0.6694011092185974
141,0.512596607208252,0.4355275630950928,0.5397038459777832,0.45723459124565125,0.5846827030181885,0.48820966482162476,0.4917057454586029,0.45816630125045776,0.47875165939331055,0.4908597469329834,0.6388521194458008,0.47029876708984375,0.489227294921875,0.5202363729476929,0.5309008955955505,0.5443506836891174,0.4994252324104309,0.5462608933448792,0.532278299331665,0.5995618104934692,0.5010285973548889,0.5977694988250732,0.530559778213501,0.668312668800354,0.4937218129634857,0.6659182906150818
142,0.5122494697570801,0.43106111884117126,0.5469714999198914,0.45932668447494507,0.5793623924255371,0.4794393479824066,0.49124962091445923,0.45904284715652466,0.475583553314209,0.48436352610588074,0.6433398127555847,0.46341538429260254,0.36481985449790955,0.4544510841369629,0.5305097103118896,0.5431526899337769,0.49518558382987976,0.5462188720703125,0.5323585867881775,0.5970172882080078,0.498576283454895,0.5958589911460876,0.5298036336898804,0.6731011867523193,0.49235111474990845,0.6705362200737
143,0.5122841596603394,0.42806094884872437,0.5413554906845093,0.4570840001106262,0.5596662163734436,0.48897117376327515,0.49232086539268494,0.455959290266037,0.4767037332057953,0.4835469722747803,0.6434356570243835,0.4606254994869232,0.3749392628669739,0.4510672986507416,0.5344414710998535,0.545490562915802,0.4962548017501831,0.5452306270599365,0.5284566879272461,0.6035535335540771,0.49993985891342163,0.5990159511566162,0.5275156497955322,0.6748530268669128,0.4925409257411957,0.6701538562774658
144,0.5148659944534302,0.4201875627040863,0.5444638729095459,0.44467079639434814,0.5872176885604858,0.46438008546829224,0.48440420627593994,0.44571781158447266,0.44876885414123535,0.45617711544036865,0.6508870720863342,0.4534658193588257,0.37313947081565857,0.4412959814071655,0.5412161350250244,0.5365852117538452,0.49356353282928467,0.5359464883804321,0.533116340637207,0.603807270526886,0.5026136040687561,0.5945007801055908,0.5337359309196472,0.6739983558654785,0.4943256974220276,0.6702358722686768
145,0.5188990831375122,0.42059990763664246,0.5450958013534546,0.4433671236038208,0.5903095006942749,0.4581556022167206,0.48910456895828247,0.4472169280052185,0.4527752995491028,0.45714208483695984,0.6432806253433228,0.44159024953842163,0.392419695854187,0.43936294317245483,0.5414141416549683,0.5377830266952515,0.4961089491844177,0.5359375476837158,0.5304160714149475,0.6087561249732971,0.4914323687553406,0.5983595848083496,0.5327881574630737,0.677512526512146,0.49251651763916016,0.6756162047386169
146,0.5159777402877808,0.41124606132507324,0.544520378112793,0.43710964918136597,0.5922460556030273,0.4598982036113739,0.4903862178325653,0.44080469012260437,0.47225260734558105,0.4655701816082001,0.6501519083976746,0.4411495625972748,0.3857319951057434,0.434101939201355,0.5397511720657349,0.5370848178863525,0.4939698874950409,0.5370336174964905,0.5304423570632935,0.606596827507019,0.49948379397392273,0.5980044603347778,0.5327945351600647,0.6755882501602173,0.49065548181533813,0.6748294234275818
147,0.5139931440353394,0.4064286947250366,0.5434064865112305,0.43380486965179443,0.5913269519805908,0.45971447229385376,0.4896799325942993,0.43623265624046326,0.474435031414032,0.4655793607234955,0.649398922920227,0.4402864873409271,0.3883928060531616,0.4253423810005188,0.5393785238265991,0.5376256704330444,0.49356216192245483,0.5372509956359863,0.5294554233551025,0.6048350930213928,0.4992603063583374,0.601509690284729,0.5332560539245605,0.6767845153808594,0.490821897983551,0.6763542890548706
148,0.5202962756156921,0.40266287326812744,0.5437914133071899,0.43460091948509216,0.591417670249939,0.4591599702835083,0.49745678901672363,0.43691766262054443,0.4747496545314789,0.45940518379211426,0.6478670835494995,0.44894689321517944,0.43784114718437195,0.43010684847831726,0.5391066074371338,0.534355640411377,0.4971829056739807,0.5332462191581726,0.529173731803894,0.60146564245224,0.4910484552383423,0.5989376306533813,0.5333367586135864,0.677229106426239,0.4920507073402405,0.6758083701133728
149,0.5164695978164673,0.3976588249206543,0.5445539951324463,0.42870163917541504,0.6083489656448364,0.44122958183288574,0.4950111508369446,0.42645955085754395,0.4525110721588135,0.4353226125240326,0.6448823809623718,0.4239533543586731,0.37788960337638855,0.4094201326370239,0.540274977684021,0.527977466583252,0.49561601877212524,0.5269913673400879,0.5284382700920105,0.6004670858383179,0.5026475191116333,0.5959576368331909,0.5340598225593567,0.6752583980560303,0.49397432804107666,0.6748645305633545
150,0.515105128288269,0.39294135570526123,0.5382571220397949,0.4204253554344177,0.6038146018981934,0.43217751383781433,0.4955981373786926,0.4208369851112366,0.44871842861175537,0.4268248677253723,0.6495298147201538,0.42084643244743347,0.3749600648880005,0.4062905013561249,0.5348522663116455,0.5261845588684082,0.49274858832359314,0.5252962112426758,0.5313705205917358,0.5998905897140503,0.5003632307052612,0.5952434539794922,0.5343855619430542,0.6755547523498535,0.49308618903160095,0.6747710704803467
151,0.5200343132019043,0.3853352963924408,0.5428457856178284,0.41525885462760925,0.6107211112976074,0.4243656396865845,0.49619197845458984,0.4131968915462494,0.4436466693878174,0.4179908037185669,0.6608313322067261,0.4156608283519745,0.38045233488082886,0.39563435316085815,0.5381431579589844,0.5201502442359924,0.4946081340312958,0.5192697644233704,0.5330398082733154,0.6035277247428894,0.49367210268974304,0.6022369861602783,0.5355021953582764,0.6735401153564453,0.49572405219078064,0.6765357255935669
152,0.5202833414077759,0.3849216401576996,0.5435859560966492,0.4176849126815796,0.6082590818405151,0.42454907298088074,0.4939744174480438,0.4132933020591736,0.418367862701416,0.4081000089645386,0.6558976769447327,0.41486844420433044,0.3769140839576721,0.3875545263290405,0.5396155118942261,0.5246263742446899,0.49514490365982056,0.5235320329666138,0.5331794619560242,0.6066103577613831,0.4948810935020447,0.6048538684844971,0.5341660380363464,0.6770455241203308,0.49698778986930847,0.6796801090240479
153,0.523063600063324,0.3836708068847656,0.5465197563171387,0.41475555300712585,0.6119780540466309,0.4154678285121918,0.4940236806869507,0.41330957412719727,0.42096781730651855,0.40349358320236206,0.6597522497177124,0.3946177661418915,0.37467557191848755,0.3871654272079468,0.5416507720947266,0.5239397883415222,0.49583446979522705,0.5230847597122192,0.5364528894424438,0.6054027676582336,0.49331599473953247,0.6023716926574707,0.5375151038169861,0.673130214214325,0.496155321598053,0.6739346385002136
154,0.5236449241638184,0.3802067041397095,0.5493360757827759,0.4209669530391693,0.6173598170280457,0.4146541953086853,0.4895564019680023,0.41480156779289246,0.4153899550437927,0.3951572775840759,0.6584873199462891,0.38957393169403076,0.37629419565200806,0.3724682927131653,0.5344696640968323,0.5190735459327698,0.49538812041282654,0.5226600766181946,0.5332911610603333,0.6043125987052917,0.49391859769821167,0.5999482870101929,0.5351476669311523,0.6723582148551941,0.49632036685943604,0.6734269857406616
155,0.5188488364219666,0.3799004554748535,0.5534753799438477,0.4199818968772888,0.614435076713562,0.41250166296958923,0.48711058497428894,0.4150671660900116,0.4139719605445862,0.39454537630081177,0.653956949710846,0.38085517287254333,0.3729569911956787,0.36837929487228394,0.5345520377159119,0.5164830684661865,0.49493783712387085,0.5199534893035889,0.5312840342521667,0.5951756238937378,0.4932898283004761,0.5954015254974365,0.536615788936615,0.6698188185691833,0.49600154161453247,0.6722661852836609
156,0.5150116086006165,0.374767541885376,0.5437819957733154,0.41083523631095886,0.6133264303207397,0.3968505859375,0.4897722899913788,0.4099748134613037,0.4200317859649658,0.38716933131217957,0.653951108455658,0.3695003390312195,0.37558647990226746,0.3626835346221924,0.5343869924545288,0.5183473825454712,0.4951646327972412,0.5199966430664062,0.53325355052948,0.6002787351608276,0.49862024188041687,0.5995044708251953,0.5328449010848999,0.6757636070251465,0.49198004603385925,0.6770071387290955
157,0.5175094604492188,0.37799596786499023,0.5536409616470337,0.41395890712738037,0.6177787780761719,0.4086091220378876,0.48891517519950867,0.4076005816459656,0.4208010137081146,0.3890593647956848,0.6544506549835205,0.3670060336589813,0.3812740743160248,0.36441338062286377,0.5409216284751892,0.5196366310119629,0.49707216024398804,0.5215469002723694,0.5337487459182739,0.5990689396858215,0.4996490180492401,0.5954300761222839,0.5296593308448792,0.6750280857086182,0.49542245268821716,0.6763931512832642
158,0.5155830979347229,0.37898528575897217,0.5533654689788818,0.4124698340892792,0.6168094873428345,0.39711517095565796,0.4859185814857483,0.41076111793518066,0.42384177446365356,0.38874417543411255,0.6532122492790222,0.35849881172180176,0.38431239128112793,0.3594340980052948,0.5420876145362854,0.5142770409584045,0.4986783266067505,0.5184784531593323,0.5330637097358704,0.5976490378379822,0.49946051836013794,0.5949371457099915,0.5288020372390747,0.673874020576477,0.4959924817085266,0.6736445426940918
159,0.5211306810379028,0.36658036708831787,0.5486636161804199,0.40079495310783386,0.6181809902191162,0.3858225345611572,0.49166497588157654,0.39960533380508423,0.43271487951278687,0.38272392749786377,0.6507400274276733,0.3510390520095825,0.39037442207336426,0.3484744429588318,0.5375097393989563,0.5110576152801514,0.4947269558906555,0.5145002007484436,0.5339938402175903,0.5955427885055542,0.49650856852531433,0.5925202965736389,0.5342144966125488,0.6759119033813477,0.4905620813369751,0.6762792468070984
160,0.5183066129684448,0.36767977476119995,0.547406017780304,0.4001333713531494,0.6166011095046997,0.37882253527641296,0.486090749502182,0.39840781688690186,0.42634791135787964,0.3747105002403259,0.6498196125030518,0.3469369113445282,0.3870490789413452,0.3351205289363861,0.5367826819419861,0.5105341672897339,0.49190133810043335,0.513278603553772,0.528779923915863,0.597687304019928,0.49433451890945435,0.5928831100463867,0.5275241136550903,0.6761775016784668,0.49087557196617126,0.6754550933837891
161,0.5144633650779724,0.3757830560207367,0.5476182699203491,0.406250923871994,0.6154658198356628,0.37642210721969604,0.48474931716918945,0.4047207832336426,0.42651665210723877,0.3728576898574829,0.6498871445655823,0.3417506217956543,0.39601069688796997,0.33334678411483765,0.5365854501724243,0.5121641159057617,0.49217134714126587,0.5153727531433105,0.525863766670227,0.5987066626548767,0.4935034513473511,0.5943591594696045,0.5255216360092163,0.674040675163269,0.4913439154624939,0.6707121133804321
162,0.5136073231697083,0.3745042085647583,0.5521290898323059,0.40793925523757935,0.6171134114265442,0.36867961287498474,0.4854266047477722,0.4045240581035614,0.43176767230033875,0.3678523302078247,0.6452945470809937,0.33413612842559814,0.3864736258983612,0.32765668630599976,0.5360699892044067,0.5097108483314514,0.4984140396118164,0.5149257183074951,0.5246678590774536,0.5955139398574829,0.49639376997947693,0.5922069549560547,0.5186465382575989,0.6745680570602417,0.49417537450790405,0.6706973314285278
163,0.5122003555297852,0.3712615966796875,0.543531596660614,0.40843015909194946,0.596826434135437,0.3777644634246826,0.4833434224128723,0.4029611051082611,0.433093786239624,0.36075302958488464,0.6386651396751404,0.3282163739204407,0.3898906111717224,0.31874722242355347,0.5336989164352417,0.516922116279602,0.4924049973487854,0.5158987641334534,0.5164501667022705,0.603787899017334,0.4915517270565033,0.5991007089614868,0.5141114592552185,0.6766000986099243,0.48971614241600037,0.6738044023513794
164,0.515269935131073,0.3681747615337372,0.5450540781021118,0.40315890312194824,0.5956356525421143,0.3709373474121094,0.48460686206817627,0.3962351083755493,0.4341752231121063,0.356911301612854,0.6414406895637512,0.33018258213996887,0.3993140161037445,0.31448233127593994,0.532925009727478,0.5118333697319031,0.4910367727279663,0.5103752613067627,0.5137671232223511,0.5974782705307007,0.4901048541069031,0.5910897850990295,0.5098415017127991,0.6740300059318542,0.4887927770614624,0.6695497035980225
165,0.5164527297019958,0.37269312143325806,0.5461584329605103,0.40775203704833984,0.5938643217086792,0.37380409240722656,0.486433207988739,0.40262317657470703,0.4344683587551117,0.3554796874523163,0.6397620439529419,0.3283536434173584,0.3982038199901581,0.3096194863319397,0.5362919569015503,0.5162903666496277,0.49469900131225586,0.5147342085838318,0.5224964618682861,0.596966564655304,0.4928613603115082,0.5922868251800537,0.5188591480255127,0.6725784540176392,0.4889909029006958,0.6684123873710632
166,0.5147808790206909,0.37165185809135437,0.5422930717468262,0.40856921672821045,0.6084837913513184,0.35839328169822693,0.48640620708465576,0.4004467725753784,0.44000011682510376,0.3577795624732971,0.6338763236999512,0.32672274112701416,0.40418872237205505,0.312224805355072,0.5348414778709412,0.5145519375801086,0.49392712116241455,0.5131739974021912,0.5194477438926697,0.5964841246604919,0.49204516410827637,0.5930466651916504,0.5158479809761047,0.6717462539672852,0.48903048038482666,0.6653457880020142
167,0.5157314538955688,0.36982792615890503,0.5392113924026489,0.40462052822113037,0.5915679335594177,0.3698748052120209,0.4868045449256897,0.39701759815216064,0.4381422698497772,0.35548579692840576,0.6277675628662109,0.32338130474090576,0.4094594419002533,0.3139018416404724,0.5340583324432373,0.5129837393760681,0.49388229846954346,0.511310338973999,0.5202893018722534,0.5961345434188843,0.49197918176651,0.5932582020759583,0.5178771018981934,0.6715580821037292,0.4893401265144348,0.6662499904632568
168,0.5111318230628967,0.3649856448173523,0.5387345552444458,0.3924892842769623,0.509467363357544,0.37154385447502136,0.48200923204421997,0.3915291428565979,0.4329482316970825,0.36271268129348755,0.5219058990478516,0.35464954376220703,0.4073081612586975,0.3135821223258972,0.5295083522796631,0.5057824850082397,0.4934053122997284,0.5078059434890747,0.5124179124832153,0.5969535708427429,0.4921649694442749,0.5994720458984375,0.5019964575767517,0.6627082824707031,0.49692875146865845,0.6732375025749207
169,0.5075714588165283,0.3590279519557953,0.5264133214950562,0.38146233558654785,0.516372561454773,0.38109371066093445,0.5008096694946289,0.38532716035842896,0.47485992312431335,0.378108948469162,0.5213078260421753,0.3717840909957886,0.5060526132583618,0.37268728017807007,0.5292196869850159,0.4926796853542328,0.5098600387573242,0.49702486395835876,0.5070287585258484,0.5839939117431641,0.5015013813972473,0.5857619643211365,0.49827802181243896,0.6518501043319702,0.5006366968154907,0.6222457885742188
170,0.5010610818862915,0.3594586253166199,0.5019863247871399,0.38784390687942505,0.49976620078086853,0.3785622715950012,0.5097179412841797,0.3905751407146454,0.5013761520385742,0.3838541507720947,0.5084877014160156,0.36323803663253784,0.5107135772705078,0.36396944522857666,0.5100445747375488,0.49854761362075806,0.512272834777832,0.5021492838859558,0.49817630648612976,0.5908745527267456,0.4991118311882019,0.5930221676826477,0.49792227149009705,0.6568025946617126,0.49777206778526306,0.6574413180351257
171,0.509507954120636,0.36861127614974976,0.5272690057754517,0.3948622941970825,0.5083461999893188,0.3715202212333679,0.5010672211647034,0.39901137351989746,0.48912927508354187,0.37406790256500244,0.5145514011383057,0.35600513219833374,0.4182302951812744,0.322144091129303,0.514843225479126,0.5063979029655457,0.5028187036514282,0.5080314874649048,0.5011328458786011,0.5983414053916931,0.495445191860199,0.5984818935394287,0.49858689308166504,0.6631380915641785,0.4908740222454071,0.6633933782577515
172,0.5123233199119568,0.3747609257698059,0.5443435907363892,0.41032713651657104,0.5576063990592957,0.3791412115097046,0.485299289226532,0.40074628591537476,0.4418279528617859,0.35640832781791687,0.5911346077919006,0.32182541489601135,0.42471808195114136,0.3231225609779358,0.5326194763183594,0.5203427076339722,0.4939141273498535,0.5143559575080872,0.5143996477127075,0.6033292412757874,0.49141547083854675,0.5977464914321899,0.5081714987754822,0.6727473735809326,0.48838651180267334,0.6636257171630859
173,0.512968897819519,0.3736959397792816,0.5443682670593262,0.41203221678733826,0.5580094456672668,0.37864479422569275,0.48811644315719604,0.4030928611755371,0.4387008845806122,0.3490602672100067,0.5913982391357422,0.3169930875301361,0.42433780431747437,0.3023085594177246,0.5327752828598022,0.5217182636260986,0.49361833930015564,0.5159870386123657,0.5135509371757507,0.6024377346038818,0.49098023772239685,0.5972155332565308,0.5095651745796204,0.6730762720108032,0.4882948100566864,0.6646371483802795
174,0.5122232437133789,0.3727351427078247,0.5408385992050171,0.40795275568962097,0.5551273226737976,0.3833077549934387,0.48805150389671326,0.39950522780418396,0.4448198974132538,0.36008650064468384,0.5797271728515625,0.3273105025291443,0.4250789284706116,0.31648319959640503,0.5328130722045898,0.5129454731941223,0.4965507984161377,0.5102912187576294,0.5146504044532776,0.5951451063156128,0.4932851195335388,0.5906500220298767,0.5082014799118042,0.6706790924072266,0.4899516999721527,0.6613979339599609
175,0.5114969611167908,0.3731691241264343,0.5398961305618286,0.4092242419719696,0.5558454394340515,0.3833090662956238,0.4878806471824646,0.39894187450408936,0.46752533316612244,0.36840304732322693,0.585393488407135,0.31693127751350403,0.42799195647239685,0.3079766035079956,0.5351492166519165,0.5175033807754517,0.49565935134887695,0.5149744749069214,0.5196559429168701,0.5991247892379761,0.4932592511177063,0.5946940779685974,0.514205276966095,0.6734504699707031,0.48910996317863464,0.6658400893211365
176,0.5132118463516235,0.3732576072216034,0.5365241765975952,0.40802860260009766,0.5536057949066162,0.38741230964660645,0.48941749334335327,0.40085113048553467,0.46941322088241577,0.37036725878715515,0.57000333070755,0.3276273310184479,0.4364047944545746,0.30629226565361023,0.5345268249511719,0.517913818359375,0.4958910346031189,0.515208899974823,0.5232536792755127,0.5991509556770325,0.4934301972389221,0.593994140625,0.5195825695991516,0.6731929183006287,0.48776179552078247,0.6656655073165894
177,0.5088180303573608,0.3715860843658447,0.5337086915969849,0.4073462188243866,0.5505338311195374,0.3887212872505188,0.48622891306877136,0.3968227505683899,0.4647800922393799,0.36802107095718384,0.5546191930770874,0.33405816555023193,0.43977898359298706,0.301621675491333,0.53193199634552,0.5134214758872986,0.49445295333862305,0.510169506072998,0.5189330577850342,0.5948598384857178,0.4900561273097992,0.5892041921615601,0.517080545425415,0.6717421412467957,0.48619210720062256,0.6629151105880737
178,0.5129919648170471,0.3734719455242157,0.5348137617111206,0.4078553318977356,0.5500360131263733,0.3852320909500122,0.4889482259750366,0.4000154733657837,0.4689942002296448,0.3676113784313202,0.5589196085929871,0.3299497365951538,0.44404906034469604,0.2984221875667572,0.5318180322647095,0.5158121585845947,0.4947604835033417,0.5133710503578186,0.5193658471107483,0.5986493229866028,0.4912897050380707,0.5938538312911987,0.5183822512626648,0.6731160879135132,0.4870243966579437,0.6652138829231262
179,0.509458065032959,0.3743872344493866,0.532279372215271,0.40742528438568115,0.5245319604873657,0.38725441694259644,0.48692330718040466,0.39887869358062744,0.46543723344802856,0.36699140071868896,0.5533211827278137,0.32856470346450806,0.44240206480026245,0.2962232828140259,0.5306754112243652,0.5140156745910645,0.4937981069087982,0.5115256309509277,0.5187256336212158,0.5969568490982056,0.489755243062973,0.5926631689071655,0.518484890460968,0.6723923683166504,0.4852864146232605,0.6637128591537476
180,0.510907769203186,0.3620957136154175,0.5171782970428467,0.3866654634475708,0.5141231417655945,0.3817528486251831,0.5063789486885071,0.38835474848747253,0.500704824924469,0.3834359049797058,0.5018317699432373,0.35918915271759033,0.49798256158828735,0.3703429698944092,0.5330338478088379,0.4888964295387268,0.524583637714386,0.49999234080314636,0.5121470093727112,0.5738762021064758,0.5093283653259277,0.5749927759170532,0.5039240717887878,0.6573866605758667,0.5058809518814087,0.6621986627578735
181,0.5112018585205078,0.3699842095375061,0.5344135761260986,0.403052419424057,0.5178559422492981,0.3875811994075775,0.4944191575050354,0.39450687170028687,0.48066139221191406,0.38401123881340027,0.5177927017211914,0.354966938495636,0.4805241823196411,0.3455674648284912,0.5254989862442017,0.5008019208908081,0.4947861135005951,0.49933290481567383,0.5105386972427368,0.5834027528762817,0.4928312301635742,0.5815286636352539,0.5055797100067139,0.6627574563026428,0.48822030425071716,0.6606020927429199
182,0.5094228982925415,0.3452718257904053,0.5037189722061157,0.35735583305358887,0.5101844668388367,0.372204065322876,0.5097866058349609,0.3676356077194214,0.5067244172096252,0.37253543734550476,0.5012546181678772,0.36607441306114197,0.5027907490730286,0.37128061056137085,0.5275070667266846,0.4995487630367279,0.5271220803260803,0.5032204985618591,0.5075740814208984,0.5695716142654419,0.5094335079193115,0.5696362257003784,0.5015586614608765,0.6636990308761597,0.502172589302063,0.662888765335083
183,0.5097709894180298,0.35532087087631226,0.515060305595398,0.37827786803245544,0.5176384449005127,0.37971192598342896,0.5069984197616577,0.38012072443962097,0.5050418376922607,0.38167425990104675,0.514522910118103,0.3717390298843384,0.5056911110877991,0.3718249201774597,0.5246525406837463,0.500550389289856,0.5092578530311584,0.5027029514312744,0.5022974014282227,0.5746025443077087,0.49826693534851074,0.5751312375068665,0.4964897036552429,0.6586883068084717,0.494384229183197,0.6586331129074097
184,0.5041897892951965,0.3632292151451111,0.5154662132263184,0.3892425000667572,0.5095770359039307,0.38374316692352295,0.49552616477012634,0.3900671601295471,0.4831095337867737,0.3866853713989258,0.5109623074531555,0.3598082661628723,0.4986427426338196,0.3686116337776184,0.5155935883522034,0.5015662908554077,0.4929404854774475,0.5009959936141968,0.5028807520866394,0.5828545093536377,0.49314984679222107,0.581832766532898,0.5002639889717102,0.6627443432807922,0.4886978268623352,0.66138756275177
185,0.501086950302124,0.35098180174827576,0.5159183144569397,0.37900543212890625,0.5125510096549988,0.37878021597862244,0.4908933639526367,0.3791368901729584,0.47902390360832214,0.38129326701164246,0.5110188126564026,0.3670825660228729,0.48191434144973755,0.3579930067062378,0.5200324058532715,0.5011802315711975,0.4909670054912567,0.49866151809692383,0.5048315525054932,0.5792231559753418,0.49169427156448364,0.5782635807991028,0.5004622340202332,0.659774661064148,0.48774489760398865,0.6586449146270752
186,0.5041576623916626,0.3589303195476532,0.521572470664978,0.38792988657951355,0.5126824378967285,0.38156697154045105,0.48675090074539185,0.38662275671958923,0.47356829047203064,0.37821874022483826,0.5139391422271729,0.35860928893089294,0.4799343943595886,0.3476670980453491,0.5146607160568237,0.4990776777267456,0.4877607226371765,0.4985847473144531,0.5029717683792114,0.5856294631958008,0.49068617820739746,0.5840200781822205,0.5019906759262085,0.6634810566902161,0.4854907989501953,0.6614634990692139
187,0.5045260190963745,0.33966168761253357,0.5013574361801147,0.35129499435424805,0.49919140338897705,0.35733354091644287,0.5050680041313171,0.3639725148677826,0.4966435134410858,0.35711169242858887,0.49638110399246216,0.360625684261322,0.4937252402305603,0.3606162965297699,0.511365532875061,0.4989747405052185,0.5091753005981445,0.5019668936729431,0.49603065848350525,0.5772131085395813,0.4968883991241455,0.5758329629898071,0.4941696524620056,0.6718652248382568,0.4935069680213928,0.6709617972373962
188,0.5058321952819824,0.34419700503349304,0.5083693861961365,0.3682982623577118,0.5019699335098267,0.36148959398269653,0.5049535036087036,0.3688456416130066,0.4974595308303833,0.36980676651000977,0.5025848746299744,0.36042699217796326,0.49789416790008545,0.35978028178215027,0.5104942321777344,0.49598413705825806,0.5052744150161743,0.49843740463256836,0.4962635636329651,0.5775924324989319,0.4966389834880829,0.5786679983139038,0.49401503801345825,0.6579679250717163,0.49140533804893494,0.6586188673973083
189,0.4735037088394165,0.29964035749435425,0.47041624784469604,0.3061841130256653,0.4976681172847748,0.34754905104637146,0.4766111969947815,0.30740994215011597,0.4985206127166748,0.34788978099823,0.49651890993118286,0.3580070734024048,0.4960280656814575,0.35860782861709595,0.4991327226161957,0.3683505654335022,0.5004816651344299,0.3708348274230957,0.503183901309967,0.39118942618370056,0.5005298852920532,0.3875963091850281,0.5029100179672241,0.38830968737602234,0.5012823343276978,0.3863815665245056
190,0.4711899161338806,0.29792481660842896,0.4971711337566376,0.34585580229759216,0.49887800216674805,0.3511866331100464,0.5070707201957703,0.34668952226638794,0.505685567855835,0.3508635461330414,0.4988970160484314,0.3626030385494232,0.5023626089096069,0.362637996673584,0.503983736038208,0.38347476720809937,0.5070141553878784,0.38485145568847656,0.4997822642326355,0.3851047158241272,0.5057265162467957,0.3866529166698456,0.5007176399230957,0.3871937692165375,0.5071129202842712,0.3861881494522095
191,0.47041845321655273,0.2914656102657318,0.4999428391456604,0.3377572298049927,0.5015086531639099,0.3466467559337616,0.5003921389579773,0.3293430209159851,0.5019015073776245,0.3474917411804199,0.4973873496055603,0.3636648654937744,0.49675652384757996,0.36434048414230347,0.504804253578186,0.37704992294311523,0.5044646263122559,0.3784613609313965,0.5005577802658081,0.37936410307884216,0.5018084049224854,0.3808419704437256,0.4987277388572693,0.3887300491333008,0.5007728338241577,0.3883671164512634
192,0.46983927488327026,0.2918688952922821,0.47083836793899536,0.29870426654815674,0.46528810262680054,0.3118886947631836,0.47277185320854187,0.30105099081993103,0.5036482214927673,0.3469127416610718,0.4952477216720581,0.3606588542461395,0.4943798780441284,0.3616728186607361,0.503358006477356,0.3656335771083832,0.5041983723640442,0.36771711707115173,0.5030301809310913,0.3801611363887787,0.5002764463424683,0.381675124168396,0.5012862086296082,0.38472139835357666,0.5015730857849121,0.384701132774353
193,0.5062565803527832,0.358108252286911,0.5334174633026123,0.3964068293571472,0.5225005149841309,0.3844677805900574,0.48907777667045593,0.38923680782318115,0.47753044962882996,0.3918575942516327,0.5207363367080688,0.359599232673645,0.4835658073425293,0.3552711009979248,0.5219515562057495,0.5024045705795288,0.4917874038219452,0.5017058849334717,0.509675145149231,0.5846388339996338,0.49281877279281616,0.5834535956382751,0.5059850215911865,0.6631003618240356,0.4888281524181366,0.6605667471885681
194,0.5080747604370117,0.343408465385437,0.5246390104293823,0.3703731298446655,0.5254964232444763,0.3668380379676819,0.4962272346019745,0.370255708694458,0.49438971281051636,0.3581732213497162,0.5207894444465637,0.35581955313682556,0.49833783507347107,0.3634188175201416,0.5210744142532349,0.497502863407135,0.49287843704223633,0.49691659212112427,0.5072308778762817,0.5848236083984375,0.49427318572998047,0.5829300284385681,0.5023430585861206,0.661452054977417,0.490658700466156,0.659827470779419
195,0.5114805102348328,0.3354911208152771,0.5217850208282471,0.3501089811325073,0.5297133326530457,0.3537854850292206,0.5054027438163757,0.35247254371643066,0.5075694918632507,0.3557172417640686,0.5235531330108643,0.36057183146476746,0.5067055225372314,0.36565178632736206,0.5341510772705078,0.42242294549942017,0.5072146654129028,0.392037957906723,0.5253414511680603,0.4803890585899353,0.5044289827346802,0.4870961904525757,0.5022495985031128,0.671462893486023,0.49911218881607056,0.6693563461303711
196,0.5123056173324585,0.3318829834461212,0.5264493227005005,0.34145623445510864,0.5243197679519653,0.3525151014328003,0.5072189569473267,0.3471428155899048,0.5077402591705322,0.35457146167755127,0.5167157649993896,0.35805654525756836,0.5044052600860596,0.36369895935058594,0.5329095125198364,0.420465886592865,0.5080983638763428,0.389544814825058,0.5245245695114136,0.478768914937973,0.5070439577102661,0.48492008447647095,0.5026297569274902,0.6695498824119568,0.501124918460846,0.6675347685813904
197,0.5114900469779968,0.34022635221481323,0.5247862339019775,0.35094326734542847,0.5201688408851624,0.3586515784263611,0.5060156583786011,0.35710299015045166,0.5035673975944519,0.3606055676937103,0.5192149877548218,0.35557398200035095,0.5074582695960999,0.35561156272888184,0.5270336866378784,0.42556989192962646,0.5061068534851074,0.42920613288879395,0.5022780895233154,0.5395621061325073,0.49595528841018677,0.5418462753295898,0.5004351139068604,0.6715061068534851,0.49738818407058716,0.6689710021018982
198,0.5132890939712524,0.3364339768886566,0.5108298659324646,0.3476038873195648,0.5148849487304688,0.356399267911911,0.5112835764884949,0.3503384590148926,0.5097672939300537,0.3580132722854614,0.5182281136512756,0.3566732108592987,0.5139331817626953,0.3563172221183777,0.5130341053009033,0.3894972801208496,0.5077117681503296,0.39167171716690063,0.5061342120170593,0.48090440034866333,0.5028010606765747,0.5344861745834351,0.4986140727996826,0.6676065921783447,0.498335063457489,0.665656566619873
199,0.5109603404998779,0.3343260884284973,0.5236668586730957,0.3437767028808594,0.51807701587677,0.3523043096065521,0.5066229104995728,0.3491530418395996,0.5036300420761108,0.35465678572654724,0.5238996148109436,0.3549901247024536,0.5130929946899414,0.35502004623413086,0.5145869851112366,0.38618704676628113,0.503804624080658,0.3886588513851166,0.5063310265541077,0.47501516342163086,0.49807190895080566,0.48003992438316345,0.5207915306091309,0.5029870271682739,0.5032317638397217,0.506948709487915
200,0.5094318985939026,0.33363908529281616,0.5235377550125122,0.3439861536026001,0.5167750120162964,0.3511699140071869,0.5056414008140564,0.3487204909324646,0.5012214183807373,0.35313066840171814,0.5209708213806152,0.3540183901786804,0.5094074010848999,0.3539965748786926,0.5141922831535339,0.38709554076194763,0.5026148557662964,0.3893054127693176,0.5056107640266418,0.47810065746307373,0.4964236915111542,0.535163938999176,0.4997555613517761,0.6673280596733093,0.5004727840423584,0.532518208026886
201,0.5070410370826721,0.33121639490127563,0.52297043800354,0.34268718957901,0.5163050293922424,0.34829723834991455,0.5018371939659119,0.34778404235839844,0.4970831573009491,0.350372314453125,0.516244649887085,0.35532090067863464,0.5020403265953064,0.35652026534080505,0.5142131447792053,0.38427338004112244,0.5010015964508057,0.38672327995300293,0.5074976086616516,0.4754117727279663,0.4943949580192566,0.48160505294799805,0.4983069598674774,0.6665028929710388,0.5004156827926636,0.5058127641677856
202,0.5086649060249329,0.34263119101524353,0.5169232487678528,0.3552898168563843,0.5159077644348145,0.3558027446269989,0.5032323598861694,0.3584234416484833,0.49620258808135986,0.358273983001709,0.5143328905105591,0.3544827103614807,0.5001503229141235,0.35477444529533386,0.5261165499687195,0.42511293292045593,0.5038447380065918,0.4289606213569641,0.49762094020843506,0.5849941372871399,0.49342867732048035,0.5839178562164307,0.4986664950847626,0.6720334887504578,0.4952889382839203,0.6689237952232361
203,0.5089665651321411,0.33906084299087524,0.5149251222610474,0.35049593448638916,0.5151798129081726,0.3536073565483093,0.5037392377853394,0.35453924536705017,0.4976193606853485,0.3564562499523163,0.5136927366256714,0.3576279580593109,0.5007100701332092,0.35818514227867126,0.513930082321167,0.38862717151641846,0.5018781423568726,0.39118462800979614,0.5138096213340759,0.4008181095123291,0.49563008546829224,0.551593542098999,0.4979593753814697,0.6659333109855652,0.49625736474990845,0.6632412075996399
204,0.4750466048717499,0.29557546973228455,0.46046358346939087,0.2941463589668274,0.462945818901062,0.31833893060684204,0.501629650592804,0.30961742997169495,0.5120963454246521,0.34572774171829224,0.4936196506023407,0.35981982946395874,0.49402496218681335,0.36105963587760925,0.5072767734527588,0.3613642156124115,0.5095715522766113,0.36361461877822876,0.5070960521697998,0.379896342754364,0.5115253925323486,0.38192814588546753,0.49731573462486267,0.38704821467399597,0.4998067021369934,0.38778311014175415
205,0.5506961345672607,0.3092387914657593,0.5551691651344299,0.31997066736221313,0.5209572315216064,0.3459550738334656,0.5583475232124329,0.3203737437725067,0.515880286693573,0.3488326966762543,0.5107527375221252,0.3539212644100189,0.5062993168830872,0.3555726706981659,0.5153860449790955,0.37729009985923767,0.5106256008148193,0.3789796829223633,0.5136662721633911,0.3890519142150879,0.5107030868530273,0.3912740647792816,0.5102154016494751,0.3882558047771454,0.5082064867019653,0.3887680768966675
206,0.554166316986084,0.3147079050540924,0.5571600198745728,0.3237816393375397,0.5217957496643066,0.35097289085388184,0.5628794431686401,0.323844313621521,0.5208621621131897,0.35369443893432617,0.5120333433151245,0.35771554708480835,0.5104306936264038,0.3592184782028198,0.5168864727020264,0.3814218044281006,0.5148826241493225,0.3830680549144745,0.5153560042381287,0.39049848914146423,0.515877366065979,0.3924793601036072,0.5117498636245728,0.38838809728622437,0.512195348739624,0.38891729712486267
207,0.5530369877815247,0.3226478695869446,0.5568320155143738,0.32663941383361816,0.5223448276519775,0.3525853157043457,0.5622438192367554,0.32739052176475525,0.519461989402771,0.35549744963645935,0.5113165378570557,0.3596876263618469,0.5084372758865356,0.3615780472755432,0.5177516341209412,0.3835035264492035,0.51483154296875,0.38561946153640747,0.5160704851150513,0.3928527235984802,0.5258361101150513,0.4087458550930023,0.5118243098258972,0.38909322023391724,0.5381134748458862,0.4922097623348236
208,0.5558986663818359,0.31831109523773193,0.5579997301101685,0.3274131715297699,0.5255169868469238,0.35268253087997437,0.5631729364395142,0.3280249238014221,0.5211527347564697,0.35587796568870544,0.5138595700263977,0.3600413203239441,0.5099632143974304,0.3620644509792328,0.5199871063232422,0.38363200426101685,0.5161857604980469,0.3857302665710449,0.5183050632476807,0.39251765608787537,0.5234054923057556,0.39657923579216003,0.5137776732444763,0.3886305093765259,0.5367588996887207,0.49075740575790405
209,0.5542213916778564,0.31823334097862244,0.557547926902771,0.32758253812789917,0.5270668268203735,0.3539961576461792,0.5168308019638062,0.35020554065704346,0.5200282335281372,0.35723671317100525,0.5155682563781738,0.3628396689891815,0.5097181797027588,0.36494725942611694,0.5196526050567627,0.3860244154930115,0.514267086982727,0.3882844150066376,0.5185912251472473,0.39549195766448975,0.5235028266906738,0.4099482297897339,0.5230675935745239,0.4033289849758148,0.5349854230880737,0.49212920665740967
210,0.5547505021095276,0.3257562518119812,0.5578926205635071,0.33000510931015015,0.5293477773666382,0.3560065031051636,0.5193487405776978,0.35361096262931824,0.5234781503677368,0.3592759966850281,0.5177630186080933,0.36491692066192627,0.5127658843994141,0.36706647276878357,0.5200674533843994,0.3878861665725708,0.5155782103538513,0.39010509848594666,0.5208380818367004,0.39988869428634644,0.5256541967391968,0.41198307275772095,0.5383917093276978,0.4083583354949951,0.536295473575592,0.49293726682662964
211,0.552537739276886,0.32159119844436646,0.5572907328605652,0.3264222741127014,0.5260026454925537,0.35394033789634705,0.5153147578239441,0.3491364121437073,0.5179557800292969,0.3571586310863495,0.5148954391479492,0.36433762311935425,0.5084584355354309,0.3663822412490845,0.5191916227340698,0.3855035901069641,0.5134388208389282,0.38737985491752625,0.5190771818161011,0.397461861371994,0.5232201814651489,0.41054123640060425,0.5345839858055115,0.4888570308685303,0.5351822376251221,0.49204370379447937
212,0.5539673566818237,0.32354021072387695,0.556884765625,0.32856881618499756,0.5243481993675232,0.3546558618545532,0.516906201839447,0.3508515954017639,0.5202246904373169,0.35771629214286804,0.5136412382125854,0.36636751890182495,0.5099417567253113,0.36797505617141724,0.517449676990509,0.38640686869621277,0.5139595866203308,0.38791537284851074,0.5174033045768738,0.39824360609054565,0.5247304439544678,0.4113043546676636,0.5337857007980347,0.48880016803741455,0.5366347432136536,0.4917565584182739
213,0.5528305768966675,0.32167649269104004,0.557004451751709,0.32758408784866333,0.522729218006134,0.3553968071937561,0.5149843096733093,0.34961026906967163,0.5182158946990967,0.35825562477111816,0.511534571647644,0.3685527741909027,0.5072675943374634,0.3710298240184784,0.51679527759552,0.38720840215682983,0.512897253036499,0.3887186646461487,0.5160233974456787,0.3968408703804016,0.5236177444458008,0.40950721502304077,0.5324264168739319,0.4880255162715912,0.5087741017341614,0.3935391902923584
214,0.5149921178817749,0.3395687937736511,0.5564331412315369,0.3292877674102783,0.523756206035614,0.3571334481239319,0.5163953304290771,0.35100114345550537,0.5211396217346191,0.35991331934928894,0.5128132104873657,0.3680752217769623,0.5097163319587708,0.3713148832321167,0.5162287950515747,0.38782912492752075,0.5132195949554443,0.3895410895347595,0.516717255115509,0.3984990119934082,0.5245941877365112,0.4108632206916809,0.5326437950134277,0.48797914385795593,0.5108202695846558,0.39311546087265015
215,0.5118006467819214,0.33499929308891296,0.557596743106842,0.3277040719985962,0.5241866707801819,0.3561581075191498,0.5095163583755493,0.34690648317337036,0.5118910074234009,0.3591037690639496,0.512331485748291,0.37383532524108887,0.502565860748291,0.3727055788040161,0.5170909762382507,0.38677844405174255,0.5086380839347839,0.38809818029403687,0.5145219564437866,0.39590832591056824,0.5072441101074219,0.39816761016845703,0.5306541323661804,0.4866006076335907,0.5042861104011536,0.39579129219055176
216,0.5096476078033447,0.3383351266384125,0.5134808421134949,0.350131630897522,0.5125535726547241,0.3570460081100464,0.5023374557495117,0.35427844524383545,0.49487823247909546,0.3588681221008301,0.5012277364730835,0.36974307894706726,0.4888682961463928,0.3740362823009491,0.5152775645256042,0.3907340466976166,0.5039638876914978,0.39196082949638367,0.5167497396469116,0.4042360186576843,0.501819372177124,0.40733951330184937,0.49674496054649353,0.6587700843811035,0.49428877234458923,0.6571604013442993
217,0.5090664625167847,0.35566043853759766,0.523082435131073,0.37904855608940125,0.5262858867645264,0.379170298576355,0.49452993273735046,0.3798827826976776,0.4912625253200531,0.38078099489212036,0.5221395492553711,0.3768412470817566,0.49805909395217896,0.3771114945411682,0.5144336223602295,0.5007868409156799,0.4905391335487366,0.5005202293395996,0.5024867653846741,0.5848662853240967,0.4917451739311218,0.5839473009109497,0.4979269504547119,0.6555100679397583,0.4892849326133728,0.6537071466445923
218,0.5091991424560547,0.35364410281181335,0.5217459201812744,0.37708568572998047,0.5251103639602661,0.37815719842910767,0.49556779861450195,0.37824714183807373,0.49191659688949585,0.37983596324920654,0.5211451649665833,0.37861669063568115,0.4980761706829071,0.37890467047691345,0.5129127502441406,0.5017806887626648,0.4897622764110565,0.5013484954833984,0.49995049834251404,0.584424614906311,0.49133285880088806,0.5838618278503418,0.4977259635925293,0.6646940112113953,0.4892476499080658,0.6533635854721069
219,0.5107412934303284,0.35776984691619873,0.5218621492385864,0.3810728192329407,0.5244686603546143,0.3804450035095215,0.49835652112960815,0.3822495639324188,0.49436384439468384,0.38211557269096375,0.5218074321746826,0.3779728412628174,0.5008300542831421,0.3782855272293091,0.5132902264595032,0.5024488568305969,0.49087557196617126,0.5022727847099304,0.49928009510040283,0.5842961072921753,0.49150800704956055,0.5838563442230225,0.496442973613739,0.6559789180755615,0.489919513463974,0.6545865535736084
220,0.5111634731292725,0.35799360275268555,0.5209635496139526,0.38048142194747925,0.5235784649848938,0.3797699809074402,0.5001482963562012,0.3821282982826233,0.4958209693431854,0.3820609748363495,0.5217296481132507,0.3769640326499939,0.502332329750061,0.37741565704345703,0.5136101841926575,0.5014193058013916,0.5003523826599121,0.5033342242240906,0.49872320890426636,0.5847996473312378,0.49252915382385254,0.584687352180481,0.4974275827407837,0.6657830476760864,0.493517130613327,0.662682294845581
221,0.5121111869812012,0.3598405718803406,0.5219075679779053,0.3823053240776062,0.5241296887397766,0.3809981346130371,0.500968873500824,0.38384053111076355,0.49670693278312683,0.3832568824291229,0.5223681926727295,0.3767942190170288,0.5032093524932861,0.37726783752441406,0.5133060812950134,0.5019481182098389,0.49996694922447205,0.5036801099777222,0.49754464626312256,0.5833595991134644,0.49166175723075867,0.5832054615020752,0.49672502279281616,0.6653859615325928,0.4927862286567688,0.6623736023902893
222,0.5128647089004517,0.3617168366909027,0.5239505171775818,0.3847216069698334,0.5264348983764648,0.3816862106323242,0.500888466835022,0.3859555423259735,0.4973568320274353,0.38406193256378174,0.5242624282836914,0.3762374520301819,0.5040468573570251,0.3768039643764496,0.5153598785400391,0.5021874904632568,0.5010856986045837,0.5038216710090637,0.49948054552078247,0.5827547311782837,0.49221500754356384,0.5828781127929688,0.49814972281455994,0.6652208566665649,0.4934176802635193,0.6621972322463989
223,0.5129126310348511,0.3606371283531189,0.523654580116272,0.3833918571472168,0.5260502099990845,0.38066887855529785,0.5006968975067139,0.38452738523483276,0.4968388080596924,0.38306301832199097,0.5244109630584717,0.3755229711532593,0.5041245222091675,0.37604960799217224,0.5156027674674988,0.5021036267280579,0.5015842914581299,0.5037219524383545,0.49934911727905273,0.5826035737991333,0.49227067828178406,0.5826960802078247,0.4971838593482971,0.6645826101303101,0.4928768575191498,0.6616219282150269
224,0.5138540267944336,0.3554338812828064,0.5199160575866699,0.367165744304657,0.5435550212860107,0.37291964888572693,0.5060438513755798,0.37050890922546387,0.5026731491088867,0.3801712989807129,0.5228085517883301,0.3767774999141693,0.5058355927467346,0.3772298991680145,0.5291174650192261,0.42976129055023193,0.5084676742553711,0.4521075189113617,0.5226461291313171,0.5064106583595276,0.5000436305999756,0.5145552158355713,0.4960482120513916,0.6618390083312988,0.4945469796657562,0.659451961517334
225,0.5126134753227234,0.3548733592033386,0.5183117985725403,0.3669552803039551,0.5423518419265747,0.3724035620689392,0.5028630495071411,0.3766913414001465,0.5015497207641602,0.3791499733924866,0.5213721990585327,0.37614309787750244,0.5047649145126343,0.37650465965270996,0.5278615355491638,0.4286431074142456,0.5028494000434875,0.39952152967453003,0.5021781921386719,0.5463931560516357,0.4994836747646332,0.5143101215362549,0.49632328748703003,0.661784827709198,0.49474644660949707,0.6594119071960449
226,0.5091978311538696,0.3547600507736206,0.5156960487365723,0.36731600761413574,0.5230323076248169,0.3773297965526581,0.49989932775497437,0.3778266906738281,0.4980488419532776,0.380038321018219,0.5189492702484131,0.3759921193122864,0.5014119148254395,0.37644249200820923,0.5245264172554016,0.43118816614151,0.5047800540924072,0.4532240033149719,0.49930280447006226,0.5776151418685913,0.4955287575721741,0.5662108063697815,0.4960213899612427,0.6635770797729492,0.49061787128448486,0.6601014137268066
227,0.5091767311096191,0.36041682958602905,0.5186806917190552,0.38149356842041016,0.5203799605369568,0.3797810673713684,0.4988636374473572,0.38317617774009705,0.49432480335235596,0.38217389583587646,0.5196073055267334,0.3741137683391571,0.5015590190887451,0.37456583976745605,0.5178537964820862,0.4987257122993469,0.5016326308250427,0.501126766204834,0.4998213052749634,0.5816435813903809,0.4943656921386719,0.5822519063949585,0.49712151288986206,0.6631965637207031,0.49450647830963135,0.6601387858390808
228,0.46347805857658386,0.3015238046646118,0.49780285358428955,0.3387271761894226,0.5011398196220398,0.35386335849761963,0.5060157179832458,0.3419213891029358,0.5054605603218079,0.355583131313324,0.489740252494812,0.36575883626937866,0.4968114495277405,0.3692854046821594,0.5051330924034119,0.37666773796081543,0.5069317817687988,0.3785679340362549,0.49939021468162537,0.38475215435028076,0.5072314739227295,0.38677549362182617,0.4959530234336853,0.38548773527145386,0.4990518093109131,0.3925667703151703
229,0.5068387985229492,0.335101842880249,0.5033137798309326,0.3429257869720459,0.5096828937530518,0.35350364446640015,0.5080844163894653,0.3452628254890442,0.5090084075927734,0.3550134301185608,0.5012836456298828,0.36252111196517944,0.5030624866485596,0.3670510947704315,0.5078946352005005,0.38069137930870056,0.5063676834106445,0.38208240270614624,0.5101480484008789,0.39464887976646423,0.506356418132782,0.3940328359603882,0.49693307280540466,0.389836847782135,0.5044227838516235,0.39104264974594116
230,0.513469398021698,0.34741899371147156,0.5055328607559204,0.3546956777572632,0.5177128314971924,0.37168455123901367,0.5156580209732056,0.3562929034233093,0.5194817781448364,0.37270110845565796,0.5071281790733337,0.36481618881225586,0.509203314781189,0.36503076553344727,0.5101821422576904,0.38684988021850586,0.511690080165863,0.3885747790336609,0.5138994455337524,0.4013727903366089,0.5312137603759766,0.43738681077957153,0.5339497923851013,0.49286314845085144,0.5406509637832642,0.4953974485397339
231,0.5139100551605225,0.34733137488365173,0.505906343460083,0.3554033637046814,0.5176420211791992,0.3717004656791687,0.5168449282646179,0.3574506640434265,0.5202934741973877,0.3730340003967285,0.5105831623077393,0.37093138694763184,0.5100913047790527,0.3660411238670349,0.5105056166648865,0.3883705735206604,0.5126571655273438,0.39024609327316284,0.524321436882019,0.4145854115486145,0.5322287678718567,0.4390985667705536,0.534423828125,0.49381253123283386,0.5419768691062927,0.4964005947113037
232,0.5155832767486572,0.3502979278564453,0.5079508423805237,0.35816702246665955,0.5197070240974426,0.37323451042175293,0.5175032019615173,0.3601783514022827,0.5206499099731445,0.3751630485057831,0.5124393701553345,0.3719767928123474,0.511236310005188,0.36657580733299255,0.5121039748191833,0.3892512321472168,0.5132874250411987,0.391445517539978,0.5256800055503845,0.41458913683891296,0.5319865345954895,0.4384452700614929,0.5356374979019165,0.4928393065929413,0.5419574975967407,0.4953453540802002
233,0.5147169232368469,0.3488892912864685,0.5079561471939087,0.3565400540828705,0.5191826820373535,0.37230226397514343,0.5166741609573364,0.35880404710769653,0.5190128087997437,0.374220609664917,0.5119595527648926,0.3714137077331543,0.5097742080688477,0.36571070551872253,0.5118727087974548,0.38830170035362244,0.5124527215957642,0.39052075147628784,0.5255841016769409,0.413991779088974,0.5309574007987976,0.4383630156517029,0.5348724126815796,0.49340730905532837,0.5407071113586426,0.4957420825958252
234,0.5159469842910767,0.3508627414703369,0.5087132453918457,0.36032772064208984,0.5190895199775696,0.3743566870689392,0.5186722278594971,0.36264821887016296,0.5207335352897644,0.3766416907310486,0.5129024982452393,0.3725127875804901,0.5122731328010559,0.36667177081108093,0.512000560760498,0.3907994031906128,0.5136810541152954,0.3931306004524231,0.5253723859786987,0.41535767912864685,0.5352487564086914,0.4637541174888611,0.5343927145004272,0.49422359466552734,0.5412535667419434,0.4966099262237549
235,0.05317943915724754,0.4895084798336029,0.08985282480716705,0.4978501796722412,0.09278041124343872,0.5099003911018372,0.04905543476343155,0.49472981691360474,0.04556606337428093,0.5021320581436157,0.10005639493465424,0.5168963670730591,0.07011678814888,0.5228643417358398,0.06048112362623215,0.5168126225471497,0.05853189527988434,0.5170258283615112,0.060175325721502304,0.533146858215332,0.06367188692092896,0.5332736968994141,0.06872053444385529,0.5442715883255005,0.07030098885297775,0.545865535736084
236,0.054494671523571014,0.48947954177856445,0.09073521941900253,0.4974644184112549,0.0933665931224823,0.5097188353538513,0.05028195306658745,0.49476778507232666,0.04649090766906738,0.5023515224456787,0.10072948783636093,0.5160996913909912,0.0705316960811615,0.5228490829467773,0.061949800699949265,0.5168008208274841,0.06015097349882126,0.517051100730896,0.06153338775038719,0.5334247350692749,0.06515055149793625,0.5335397720336914,0.0692027360200882,0.5445773005485535,0.07084865868091583,0.5462736487388611
237,0.054180607199668884,0.49000418186187744,0.08886563032865524,0.49776655435562134,0.0921514555811882,0.5101025104522705,0.04987286031246185,0.4948262870311737,0.06311651319265366,0.511435866355896,0.09976987540721893,0.5161349773406982,0.07033263146877289,0.5234106779098511,0.06152656301856041,0.5170798301696777,0.059879835695028305,0.5173485279083252,0.061211757361888885,0.5335351824760437,0.06515023112297058,0.5336431264877319,0.06886051595211029,0.5448177456855774,0.0707341730594635,0.5465410947799683
