FrameNo,head_x,head_y,left_shoulder_x,left_shoulder_y,left_elbow_x,left_elbow_y,right_shoulder_x,right_shoulder_y,right_elbow_x,right_elbow_y,left_hand_x,left_hand_y,right_hand_x,right_hand_y,left_hip_x,left_hip_y,right_hip_x,right_hip_y,left_knee_x,left_knee_y,right_knee_x,right_knee_y,left_foot_x,left_foot_y,right_foot_x,right_foot_y
0,0.5026052594184875,0.3594612777233124,0.5239241719245911,0.38708508014678955,0.5209970474243164,0.3783831000328064,0.49475571513175964,0.39266490936279297,0.49445074796676636,0.3684766888618469,0.5467996597290039,0.3165532946586609,0.47144466638565063,0.32787686586380005,0.5196287035942078,0.49577057361602783,0.500896692276001,0.49941253662109375,0.5035536289215088,0.5857622027397156,0.49665534496307373,0.587661623954773,0.5024580955505371,0.6611794233322144,0.49127107858657837,0.6602234840393066
1,0.5011966228485107,0.35113510489463806,0.5119843482971191,0.3767488896846771,0.5081028938293457,0.3709172010421753,0.5047687292098999,0.38181638717651367,0.5003088712692261,0.37406405806541443,0.5059577822685242,0.35230156779289246,0.5022985935211182,0.35306596755981445,0.5083282589912415,0.49385103583335876,0.5084802508354187,0.49688634276390076,0.49593815207481384,0.5825166702270508,0.5002289414405823,0.5840016007423401,0.4988846182823181,0.6588218212127686,0.49638789892196655,0.6589596271514893
2,0.5012454986572266,0.34856700897216797,0.5115019679069519,0.37629979848861694,0.5080631375312805,0.372143030166626,0.5047104954719543,0.38059061765670776,0.5004873275756836,0.3741711378097534,0.5016787052154541,0.3655754327774048,0.4964933395385742,0.3657453656196594,0.5085071921348572,0.49615514278411865,0.5074874758720398,0.4990190267562866,0.4966948926448822,0.5813499689102173,0.5013311505317688,0.5849224328994751,0.4990469217300415,0.6587666273117065,0.49623072147369385,0.6590535640716553
3,0.500457227230072,0.34458673000335693,0.5045658349990845,0.36987966299057007,0.5031080842018127,0.36960655450820923,0.5065430998802185,0.3741123676300049,0.5030473470687866,0.37128788232803345,0.4980311095714569,0.3676421642303467,0.497599333524704,0.3674545884132385,0.5049142837524414,0.49343639612197876,0.5117419362068176,0.49011915922164917,0.4941810965538025,0.5813584327697754,0.5015373826026917,0.5833407640457153,0.4987373352050781,0.6591964364051819,0.5000374913215637,0.6599950790405273
4,0.5020958185195923,0.3514762818813324,0.5132059454917908,0.37841320037841797,0.5100666284561157,0.373371958732605,0.5034853219985962,0.38268744945526123,0.49968022108078003,0.3757905960083008,0.5035853385925293,0.36619454622268677,0.49664032459259033,0.36654132604599,0.509990930557251,0.49776491522789,0.5070774555206299,0.5003458261489868,0.4968438744544983,0.5836312770843506,0.5003228187561035,0.5864107012748718,0.5014393329620361,0.6617053747177124,0.49788913130760193,0.6613771319389343
5,0.5005138516426086,0.35199007391929626,0.513084888458252,0.3785484731197357,0.5088761448860168,0.3704241216182709,0.5024679899215698,0.3841392397880554,0.49764543771743774,0.3735350966453552,0.5053361654281616,0.350214421749115,0.49974924325942993,0.3510468900203705,0.5091596841812134,0.4967271685600281,0.5056434869766235,0.4997619390487671,0.49626851081848145,0.5849661827087402,0.4998297691345215,0.5886496901512146,0.5017709136009216,0.6626540422439575,0.4969840943813324,0.6625598669052124
6,0.500106155872345,0.35091298818588257,0.5114830732345581,0.3771460950374603,0.507594108581543,0.3708138167858124,0.5033534169197083,0.3826894462108612,0.49876242876052856,0.37403222918510437,0.5038433074951172,0.35095080733299255,0.4997573494911194,0.35176941752433777,0.5092275142669678,0.496293306350708,0.5065639615058899,0.4992794394493103,0.49593913555145264,0.5850176811218262,0.5001146197319031,0.5887541770935059,0.5015864968299866,0.6622880697250366,0.49716657400131226,0.6623709201812744
7,0.5014588832855225,0.3569764792919159,0.5267236232757568,0.3831166923046112,0.5208696722984314,0.3620162010192871,0.4910029172897339,0.3904436528682709,0.481577605009079,0.37331196665763855,0.515131950378418,0.34832561016082764,0.4661282002925873,0.326915979385376,0.5221154689788818,0.49801596999168396,0.4967627227306366,0.5018352270126343,0.505836009979248,0.5886499881744385,0.4941536784172058,0.5898458361625671,0.505070686340332,0.6634401082992554,0.49226486682891846,0.6626024842262268
8,0.5009770393371582,0.3548968434333801,0.524810791015625,0.3805408477783203,0.5180233716964722,0.36118626594543457,0.4923175573348999,0.38620519638061523,0.48338139057159424,0.3724857270717621,0.5132481455802917,0.34917446970939636,0.47580909729003906,0.3452128767967224,0.5215959548950195,0.49651238322257996,0.5002551674842834,0.5007157921791077,0.5043357014656067,0.5870913863182068,0.4952085614204407,0.588925838470459,0.5040618181228638,0.6635562777519226,0.49318668246269226,0.6627542972564697
9,0.5014306306838989,0.3559805154800415,0.5260958671569824,0.3814998269081116,0.519222617149353,0.36244186758995056,0.4906919598579407,0.38693103194236755,0.48143404722213745,0.37289831042289734,0.5135349035263062,0.3494434356689453,0.46550023555755615,0.3280344009399414,0.521963357925415,0.4965420663356781,0.4970223605632782,0.5004804134368896,0.5048655271530151,0.5875484943389893,0.4944388270378113,0.5889745354652405,0.5046257376670837,0.6636010408401489,0.4925602674484253,0.6626713275909424
10,0.5011767148971558,0.35876619815826416,0.5291286706924438,0.3861299157142639,0.526328444480896,0.3746257424354553,0.4869106709957123,0.3903486132621765,0.4753990173339844,0.36117464303970337,0.5177969336509705,0.34769758582115173,0.4636339545249939,0.326027512550354,0.5231389403343201,0.4987829625606537,0.4945819079875946,0.5019811391830444,0.5085031986236572,0.589203953742981,0.4932916760444641,0.5897247195243835,0.5066143274307251,0.6643857955932617,0.4909054934978485,0.663149356842041
11,0.5017009973526001,0.36094504594802856,0.5332419276237488,0.3903535306453705,0.5292028784751892,0.37651288509368896,0.48439401388168335,0.39095115661621094,0.46768718957901,0.3565649390220642,0.5475785732269287,0.3147297501564026,0.45481595396995544,0.3057067394256592,0.5231488943099976,0.49990785121917725,0.49234437942504883,0.5026282072067261,0.5097619295120239,0.5910636186599731,0.491351455450058,0.5901802778244019,0.5121012926101685,0.6703559160232544,0.48952025175094604,0.6631118059158325
12,0.5040189027786255,0.3590332865715027,0.5304509401321411,0.3869108557701111,0.5357766151428223,0.3672386407852173,0.49080055952072144,0.3872790038585663,0.4732932448387146,0.3623294234275818,0.5492381453514099,0.30451512336730957,0.45160922408103943,0.2973453402519226,0.5237963199615479,0.49950501322746277,0.49587032198905945,0.5009275674819946,0.5076320767402649,0.5930114984512329,0.4932006299495697,0.5906447768211365,0.5109986066818237,0.6728111505508423,0.48952794075012207,0.6653304100036621
13,0.5032106637954712,0.36286461353302,0.5352504253387451,0.3931524455547333,0.5249077677726746,0.3801581859588623,0.4856897294521332,0.3899122178554535,0.46686917543411255,0.358015239238739,0.550614595413208,0.30403780937194824,0.4512802064418793,0.2965916693210602,0.5243961215019226,0.5033984184265137,0.49126261472702026,0.503386378288269,0.5078176856040955,0.5948428511619568,0.48949524760246277,0.5912785530090332,0.5123063325881958,0.6733864545822144,0.4867120385169983,0.6662346720695496
14,0.503883957862854,0.360973060131073,0.5305792093276978,0.38875532150268555,0.5356403589248657,0.3660317361354828,0.49022674560546875,0.3885565400123596,0.4723063111305237,0.36351513862609863,0.5437377095222473,0.3181895911693573,0.4561610221862793,0.30821555852890015,0.5201109647750854,0.5024409890174866,0.4922655522823334,0.5039823055267334,0.5051531791687012,0.5961480140686035,0.4912793040275574,0.5948804616928101,0.5083227753639221,0.6737138628959656,0.48862582445144653,0.667177140712738
15,0.5059211850166321,0.36388036608695984,0.5318779945373535,0.3906213045120239,0.5263243913650513,0.3789108395576477,0.4900504946708679,0.3920218348503113,0.4739549160003662,0.3644968867301941,0.5435236692428589,0.3187001943588257,0.4602818489074707,0.30997127294540405,0.5197174549102783,0.502956748008728,0.4916658401489258,0.5043131113052368,0.5046876668930054,0.5962945222854614,0.49099260568618774,0.5947484374046326,0.5062694549560547,0.6687866449356079,0.48801884055137634,0.6667329668998718
16,0.5057154893875122,0.3658888339996338,0.5330818891525269,0.3939869999885559,0.5315481424331665,0.37791749835014343,0.4887005686759949,0.393405556678772,0.4738262891769409,0.3664809465408325,0.5444971919059753,0.31812700629234314,0.45985639095306396,0.30907657742500305,0.5184250473976135,0.5058704614639282,0.4904654622077942,0.5052842497825623,0.5049856901168823,0.5973654389381409,0.49095314741134644,0.5955039858818054,0.5068035125732422,0.6695994138717651,0.4872249960899353,0.6674560904502869
17,0.5063613057136536,0.3657246232032776,0.5344269275665283,0.396944522857666,0.5323117971420288,0.37941598892211914,0.4851991832256317,0.39282259345054626,0.46785956621170044,0.35792505741119385,0.546873927116394,0.315929114818573,0.459459125995636,0.3002094328403473,0.5199891328811646,0.5052733421325684,0.4882774353027344,0.50522780418396,0.5066786408424377,0.5974909067153931,0.4879954755306244,0.5941164493560791,0.5113492608070374,0.6742722988128662,0.48501312732696533,0.6672419905662537
18,0.506475567817688,0.36484405398368835,0.535666823387146,0.39443036913871765,0.5324968695640564,0.37871885299682617,0.4873849153518677,0.39277374744415283,0.4741600453853607,0.3664688467979431,0.5456784963607788,0.3166583180427551,0.46206939220428467,0.30836859345436096,0.5197626948356628,0.5036689043045044,0.48968157172203064,0.5043385028839111,0.5062826871871948,0.5959365963935852,0.4889220893383026,0.5932108163833618,0.5055251121520996,0.6726605296134949,0.4859786927700043,0.6669814586639404
19,0.5069605708122253,0.3658897876739502,0.5357751846313477,0.39641910791397095,0.5346308350563049,0.3791898488998413,0.4846562147140503,0.3928390145301819,0.46856236457824707,0.3573056161403656,0.5488271713256836,0.3147096037864685,0.46255332231521606,0.30174607038497925,0.5200467109680176,0.5036684274673462,0.4879618287086487,0.5037057399749756,0.506823718547821,0.5963758230209351,0.4872818887233734,0.592688798904419,0.5062806606292725,0.6732511520385742,0.48504364490509033,0.666993260383606
20,0.5073872208595276,0.3642718195915222,0.5370899438858032,0.3931083381175995,0.5284716486930847,0.3797758221626282,0.4878552556037903,0.3909810483455658,0.47266969084739685,0.36327415704727173,0.5465609431266785,0.31505417823791504,0.46065086126327515,0.3025495707988739,0.5213171243667603,0.4993706941604614,0.490534245967865,0.4996904730796814,0.5072472095489502,0.5926108360290527,0.4891277253627777,0.589229941368103,0.5119720101356506,0.673717737197876,0.4864434003829956,0.6663191318511963
21,0.5079202055931091,0.36138075590133667,0.5340638160705566,0.38525837659835815,0.5339648723602295,0.37532997131347656,0.49395763874053955,0.3859281539916992,0.48029419779777527,0.36518344283103943,0.535044252872467,0.3344273269176483,0.4649988114833832,0.305963933467865,0.5222935080528259,0.48842915892601013,0.49534928798675537,0.4912927746772766,0.5044849514961243,0.5885788202285767,0.491834819316864,0.5872111320495605,0.5061585307121277,0.6685791015625,0.48943036794662476,0.6662798523902893
22,0.5046706199645996,0.344753235578537,0.5231037139892578,0.3706364333629608,0.5201843976974487,0.36673855781555176,0.500422477722168,0.372813880443573,0.4897254705429077,0.366743266582489,0.5141894221305847,0.34798237681388855,0.4891589283943176,0.3490088880062103,0.5142005085945129,0.486023485660553,0.5006515383720398,0.495900958776474,0.4959734380245209,0.5901316404342651,0.4948275685310364,0.5918153524398804,0.5016689300537109,0.6683501601219177,0.4929165840148926,0.6686083078384399
23,0.5054003596305847,0.3619718551635742,0.5314328670501709,0.38851088285446167,0.5267252326011658,0.37500810623168945,0.4921989142894745,0.3889014720916748,0.4796951711177826,0.36343663930892944,0.5430382490158081,0.3159998655319214,0.46078747510910034,0.29898983240127563,0.5162277221679688,0.4989153742790222,0.4913778007030487,0.49917376041412354,0.5019330978393555,0.592487096786499,0.4913751482963562,0.5916526913642883,0.5019476413726807,0.67335045337677,0.48901963233947754,0.6686123609542847
24,0.5023339986801147,0.33788272738456726,0.5051383376121521,0.36439359188079834,0.5034533143043518,0.3590041995048523,0.5083518028259277,0.36833131313323975,0.5056031942367554,0.3459635376930237,0.5009179711341858,0.34327805042266846,0.5031641125679016,0.3434717655181885,0.507330596446991,0.49666473269462585,0.508834183216095,0.5003864765167236,0.49589401483535767,0.5892958045005798,0.4991587996482849,0.5915673971176147,0.49643442034721375,0.6647849678993225,0.4941503703594208,0.6652132272720337
25,0.5028334856033325,0.3394959568977356,0.5072451233863831,0.365763396024704,0.5054767727851868,0.3609398603439331,0.5074545741081238,0.3700971007347107,0.5040043592453003,0.3487439751625061,0.500802218914032,0.3454514145851135,0.5004177689552307,0.3460436761379242,0.5039433240890503,0.4845588207244873,0.5060815811157227,0.48865997791290283,0.49452489614486694,0.5889289379119873,0.4973519742488861,0.5921294689178467,0.4921663999557495,0.6650246977806091,0.49322593212127686,0.6655846834182739
26,0.5041950941085815,0.3315374553203583,0.5041764378547668,0.34472137689590454,0.5026124119758606,0.3563467860221863,0.5135472416877747,0.3485337495803833,0.5063753128051758,0.3415030241012573,0.49574023485183716,0.3451750874519348,0.49958980083465576,0.3451789319515228,0.5049179792404175,0.49512016773223877,0.5132266283035278,0.48867568373680115,0.4927804172039032,0.5888830423355103,0.4976881146430969,0.5903192758560181,0.4906899929046631,0.664405107498169,0.4936942756175995,0.6645675301551819
27,0.4856145977973938,0.28370970487594604,0.4806596040725708,0.2888939380645752,0.5013374090194702,0.33627820014953613,0.5356624722480774,0.2962373197078705,0.5059685707092285,0.33571097254753113,0.49189257621765137,0.3441939353942871,0.4943581223487854,0.34355485439300537,0.5076370239257812,0.381578654050827,0.508812427520752,0.38309192657470703,0.5015324950218201,0.3948468565940857,0.5079516172409058,0.4483737647533417,0.4929516911506653,0.6636399626731873,0.4943091869354248,0.6635305881500244
28,0.48465487360954285,0.2776223123073578,0.47574251890182495,0.2860516309738159,0.46279606223106384,0.3045567274093628,0.5145207643508911,0.29460299015045166,0.4799046218395233,0.30267465114593506,0.4712692201137543,0.3181239366531372,0.4819425940513611,0.3174111247062683,0.49953600764274597,0.3621562421321869,0.512210488319397,0.3637264370918274,0.49707531929016113,0.38587602972984314,0.5124892592430115,0.387148916721344,0.49294400215148926,0.3847760558128357,0.5016905069351196,0.37768232822418213
29,0.48538923263549805,0.2774525284767151,0.47430261969566345,0.2872607707977295,0.46140751242637634,0.30707842111587524,0.5155577063560486,0.294935017824173,0.4806157052516937,0.3046627640724182,0.46872612833976746,0.3215904235839844,0.4998869299888611,0.34189528226852417,0.4985464811325073,0.3642362058162689,0.513522744178772,0.3654446303844452,0.4936942756175995,0.38424330949783325,0.514763355255127,0.3855826258659363,0.48994648456573486,0.3786197602748871,0.503154456615448,0.3778265714645386
30,0.48569852113723755,0.2813173830509186,0.4754262864589691,0.28958746790885925,0.4632135331630707,0.3088109791278839,0.5141748189926147,0.2985820174217224,0.47939440608024597,0.30636751651763916,0.4698590934276581,0.32070863246917725,0.49952244758605957,0.34340354800224304,0.5000611543655396,0.3670680522918701,0.5123812556266785,0.3682910203933716,0.496126651763916,0.38664644956588745,0.5133899450302124,0.3876792788505554,0.4936069846153259,0.3858082890510559,0.5027016401290894,0.37843257188796997
31,0.4851117730140686,0.27979734539985657,0.47558459639549255,0.2879604697227478,0.4650101065635681,0.308708131313324,0.5107066631317139,0.29672685265541077,0.5116918087005615,0.3340908885002136,0.47122377157211304,0.32413148880004883,0.4969969689846039,0.34309062361717224,0.5004088878631592,0.3635363280773163,0.5112978219985962,0.36481723189353943,0.4962768256664276,0.3834126591682434,0.5115756988525391,0.384764164686203,0.49414879083633423,0.38472867012023926,0.5023155808448792,0.37926185131073
32,0.485277384519577,0.2804413437843323,0.47711166739463806,0.2881997525691986,0.466935932636261,0.3077462911605835,0.5095148086547852,0.29791155457496643,0.476651668548584,0.305988073348999,0.4910358190536499,0.3441484868526459,0.49734556674957275,0.343567430973053,0.5030907392501831,0.36388787627220154,0.5102059245109558,0.3656463623046875,0.49998483061790466,0.38229459524154663,0.5108019113540649,0.3842162787914276,0.49729153513908386,0.3840941786766052,0.5018665790557861,0.3786517381668091
33,0.4845895767211914,0.28139418363571167,0.4762420058250427,0.2891494333744049,0.46571120619773865,0.30827975273132324,0.5094021558761597,0.2986128032207489,0.4767568111419678,0.30615144968032837,0.4889248311519623,0.34416496753692627,0.49673932790756226,0.3433550298213959,0.5030317306518555,0.3655659556388855,0.5113706588745117,0.36704593896865845,0.49905380606651306,0.3836778402328491,0.5110899209976196,0.3857419192790985,0.49571356177330017,0.38530027866363525,0.5010525584220886,0.3784449100494385
34,0.4843204915523529,0.2785768508911133,0.4725874066352844,0.28750818967819214,0.46001940965652466,0.3055489659309387,0.5126425623893738,0.29563766717910767,0.4801027774810791,0.30322104692459106,0.466339111328125,0.3189721703529358,0.4988025426864624,0.3421030044555664,0.48982566595077515,0.3604106605052948,0.512765645980835,0.36418840289115906,0.49423596262931824,0.3800855278968811,0.5146955251693726,0.3822407126426697,0.48993736505508423,0.3793646991252899,0.5031277537345886,0.3777313232421875
35,0.48477837443351746,0.2768203616142273,0.471432626247406,0.28702613711357117,0.45953068137168884,0.3076414465904236,0.5423738360404968,0.29100707173347473,0.5153748989105225,0.33327481150627136,0.46607261896133423,0.3224521279335022,0.4983008801937103,0.3438218832015991,0.4878961443901062,0.3626336455345154,0.5117093920707703,0.36594158411026,0.49261707067489624,0.38203752040863037,0.5129877328872681,0.38406902551651,0.48832473158836365,0.3792221248149872,0.5020643472671509,0.3775920569896698
36,0.47537297010421753,0.2758566737174988,0.46630141139030457,0.2850959300994873,0.4624069333076477,0.30855581164360046,0.4988042116165161,0.29606539011001587,0.4773734211921692,0.3082340359687805,0.48329588770866394,0.33983904123306274,0.4993680715560913,0.34733113646507263,0.49401307106018066,0.3534742593765259,0.5026589035987854,0.3548625409603119,0.4908480644226074,0.3706059455871582,0.5009176135063171,0.37055057287216187,0.49065929651260376,0.38171637058258057,0.5012638568878174,0.37977850437164307
37,0.4731869101524353,0.27747559547424316,0.4705410599708557,0.2908307611942291,0.46741268038749695,0.31161510944366455,0.48018962144851685,0.2946297824382782,0.47505563497543335,0.3116777539253235,0.4886363446712494,0.3472839593887329,0.4923253059387207,0.34840190410614014,0.49315640330314636,0.3525848388671875,0.4976844787597656,0.3550065755844116,0.49184393882751465,0.3743376135826111,0.4959421753883362,0.3746325969696045,0.4940448999404907,0.38666462898254395,0.4957142770290375,0.38628602027893066
38,0.47239214181900024,0.28014570474624634,0.46978336572647095,0.293789803981781,0.4667210280895233,0.31502217054367065,0.481234073638916,0.29770320653915405,0.5060901045799255,0.33721253275871277,0.49056288599967957,0.3511936664581299,0.49565839767456055,0.3516721725463867,0.4944196939468384,0.3591782748699188,0.5007669925689697,0.3619726598262787,0.4908226430416107,0.37710556387901306,0.501212477684021,0.3812711238861084,0.49070584774017334,0.3924863934516907,0.49710845947265625,0.38717472553253174
39,0.47466838359832764,0.2867170572280884,0.4743346571922302,0.29911381006240845,0.49932563304901123,0.34017568826675415,0.4825475811958313,0.30199235677719116,0.5061671137809753,0.34141474962234497,0.4943248927593231,0.35311174392700195,0.49809837341308594,0.3530800938606262,0.5019274950027466,0.37565574049949646,0.505133330821991,0.37700316309928894,0.49532634019851685,0.3790530860424042,0.502946674823761,0.38242197036743164,0.48867830634117126,0.4922979474067688,0.5011078715324402,0.38581737875938416
40,0.4751089811325073,0.2985813617706299,0.49513691663742065,0.32657748460769653,0.5013481378555298,0.3472011089324951,0.5058538317680359,0.33060377836227417,0.5037699341773987,0.34825751185417175,0.49921664595603943,0.35629305243492126,0.49983176589012146,0.35687753558158875,0.504459023475647,0.38270291686058044,0.5050590634346008,0.38424837589263916,0.5002723932266235,0.3910863399505615,0.5019965171813965,0.3891850709915161,0.4914538860321045,0.49584755301475525,0.49646756052970886,0.4965144097805023
41,0.5041710138320923,0.3464558720588684,0.5082473754882812,0.36000561714172363,0.5111369490623474,0.3728470802307129,0.5084445476531982,0.3628409802913666,0.5057854056358337,0.3727584779262543,0.5088413953781128,0.3731153905391693,0.5048474073410034,0.3728536367416382,0.5102623701095581,0.4440527856349945,0.5083723664283752,0.4462817311286926,0.4868102967739105,0.5207684636116028,0.49034374952316284,0.5231689214706421,0.4919757843017578,0.6347984075546265,0.4924498498439789,0.6021609306335449
42,0.4774540364742279,0.3042759895324707,0.503267765045166,0.34158071875572205,0.5051549673080444,0.35205286741256714,0.5061613917350769,0.3359690308570862,0.5027726888656616,0.3526502847671509,0.5009840726852417,0.36169713735580444,0.4988897442817688,0.36194056272506714,0.5073976516723633,0.38952726125717163,0.5051745176315308,0.39071089029312134,0.5022445917129517,0.3963354825973511,0.5010470151901245,0.3939426839351654,0.49243396520614624,0.49893972277641296,0.4957123398780823,0.49930447340011597
43,0.47386735677719116,0.27780789136886597,0.4711802899837494,0.2938046157360077,0.46597108244895935,0.31692367792129517,0.4819816052913666,0.29668599367141724,0.5041925311088562,0.3377356231212616,0.48708197474479675,0.3535028398036957,0.4901352822780609,0.3534162938594818,0.4932902455329895,0.35916560888290405,0.4980395436286926,0.36169910430908203,0.4924956262111664,0.37778910994529724,0.4959033727645874,0.37767189741134644,0.49266931414604187,0.3930079936981201,0.49369513988494873,0.39037439227104187
44,0.47547611594200134,0.27495020627975464,0.47169584035873413,0.28859785199165344,0.46905049681663513,0.3125303387641907,0.4823460280895233,0.29351508617401123,0.47666412591934204,0.31299227476119995,0.4874565601348877,0.3504089117050171,0.48999544978141785,0.35033589601516724,0.49349111318588257,0.355380117893219,0.49774429202079773,0.35796353220939636,0.49248045682907104,0.37752386927604675,0.49579131603240967,0.37750494480133057,0.49288249015808105,0.3917737901210785,0.4930529296398163,0.39158639311790466
45,0.47533220052719116,0.27489805221557617,0.47063297033309937,0.288067489862442,0.468227356672287,0.31205272674560547,0.48272615671157837,0.2934332489967346,0.47710344195365906,0.3125850558280945,0.48766252398490906,0.3504907488822937,0.4909171462059021,0.35054680705070496,0.49301695823669434,0.35493049025535583,0.4979526400566101,0.35759031772613525,0.4922291934490204,0.37803512811660767,0.49600833654403687,0.3781496286392212,0.49265727400779724,0.3920513987541199,0.5001637935638428,0.3903563916683197
46,0.4737091660499573,0.28086161613464355,0.4732542932033539,0.2958386540412903,0.46779727935791016,0.3169233798980713,0.4808170795440674,0.2989971935749054,0.5028188228607178,0.3396303355693817,0.48959189653396606,0.3568056523799896,0.4904153347015381,0.35664206743240356,0.4970419406890869,0.36276885867118835,0.49974197149276733,0.36530858278274536,0.4970857501029968,0.38561832904815674,0.49542295932769775,0.38218069076538086,0.49393248558044434,0.394207239151001,0.4959149956703186,0.3930813670158386
47,0.4735336899757385,0.2857702970504761,0.4748951196670532,0.30022966861724854,0.5018088817596436,0.3412249684333801,0.47962242364883423,0.30381718277931213,0.5013749003410339,0.34230706095695496,0.4933650493621826,0.3583293855190277,0.49219584465026855,0.35837841033935547,0.5021984577178955,0.3761903643608093,0.5007714033126831,0.37745174765586853,0.49791380763053894,0.3912375569343567,0.49642330408096313,0.3895854949951172,0.49038931727409363,0.49138709902763367,0.49520182609558105,0.4917859733104706
48,0.4790794253349304,0.28067323565483093,0.4718499183654785,0.2887231111526489,0.46632081270217896,0.30687078833580017,0.50101637840271,0.2998078167438507,0.47661566734313965,0.30633091926574707,0.48389384150505066,0.3415262699127197,0.4970511794090271,0.3479427695274353,0.5001485347747803,0.35897502303123474,0.5074566006660461,0.3608750104904175,0.4978490471839905,0.37853866815567017,0.5021528005599976,0.37924808263778687,0.492356538772583,0.3826996684074402,0.4993181824684143,0.3809954524040222
49,0.4795490503311157,0.27881282567977905,0.4797537922859192,0.28730934858322144,0.47649285197257996,0.30825918912887573,0.47796374559402466,0.29691511392593384,0.47011852264404297,0.3104761242866516,0.4945055842399597,0.34748172760009766,0.4844232201576233,0.34560006856918335,0.5050804615020752,0.3585132360458374,0.49919816851615906,0.36157506704330444,0.4990190267562866,0.38182926177978516,0.4883132576942444,0.38288307189941406,0.49802523851394653,0.3831486403942108,0.4919508397579193,0.38275444507598877
50,0.47959622740745544,0.2752210199832916,0.48029714822769165,0.28517675399780273,0.4772341251373291,0.3069230318069458,0.4766959547996521,0.2942601144313812,0.46925443410873413,0.308642715215683,0.4924505949020386,0.34246188402175903,0.485176146030426,0.34365472197532654,0.5021795630455017,0.35157543420791626,0.4953037202358246,0.355204701423645,0.49676698446273804,0.38004252314567566,0.48724299669265747,0.38110804557800293,0.4960688054561615,0.38405320048332214,0.48980653285980225,0.38399314880371094
51,0.4818189740180969,0.27015846967697144,0.48286885023117065,0.2816382348537445,0.47879505157470703,0.30583277344703674,0.4779060482978821,0.290231317281723,0.46937841176986694,0.3069843649864197,0.49614351987838745,0.34147530794143677,0.4707033038139343,0.3266436457633972,0.5041199922561646,0.34585851430892944,0.49669381976127625,0.34878572821617126,0.4975917935371399,0.3791472315788269,0.489347904920578,0.3796128034591675,0.4990602731704712,0.3853851556777954,0.49252068996429443,0.38508790731430054
52,0.485321044921875,0.2679160535335541,0.4841093420982361,0.2810667157173157,0.4948924779891968,0.30497604608535767,0.4887683391571045,0.2875608205795288,0.4717481732368469,0.3077407479286194,0.4979963004589081,0.3449277877807617,0.4914153814315796,0.3451809883117676,0.5047621726989746,0.34731265902519226,0.49860626459121704,0.3495318591594696,0.49862051010131836,0.3797931373119354,0.4928656220436096,0.38026362657546997,0.5012521743774414,0.38885343074798584,0.49693751335144043,0.38807910680770874
53,0.48516127467155457,0.26679182052612305,0.4833533465862274,0.2802247107028961,0.4783862233161926,0.30635562539100647,0.489864706993103,0.2868039309978485,0.4726549983024597,0.3075225353240967,0.4964770972728729,0.34412360191345215,0.4911007583141327,0.3444415032863617,0.5039757490158081,0.3465127646923065,0.49875974655151367,0.34892189502716064,0.4971998929977417,0.3778926730155945,0.49324461817741394,0.3784109950065613,0.49994170665740967,0.38833051919937134,0.49677103757858276,0.38752278685569763
54,0.4830656945705414,0.2700830101966858,0.4787064492702484,0.28237277269363403,0.473876416683197,0.3075869381427765,0.491311639547348,0.2888460159301758,0.47499918937683105,0.3085644245147705,0.49357637763023376,0.3461141288280487,0.4919437766075134,0.3464452624320984,0.5005619525909424,0.34955355525016785,0.49848291277885437,0.3522946238517761,0.49397513270378113,0.37933894991874695,0.4931315779685974,0.37986838817596436,0.4983277916908264,0.38988614082336426,0.49751096963882446,0.38878771662712097
55,0.48372334241867065,0.2733258605003357,0.4790676236152649,0.28458765149116516,0.4742220342159271,0.3089982271194458,0.49011844396591187,0.2927629351615906,0.4742068648338318,0.3111250400543213,0.49426254630088806,0.34357136487960815,0.489374041557312,0.34417861700057983,0.5001937747001648,0.35309159755706787,0.4973374605178833,0.35605165362358093,0.4943072497844696,0.3839903771877289,0.4918740391731262,0.38492080569267273,0.49714207649230957,0.39008498191833496,0.49673694372177124,0.3892087936401367
56,0.4823267459869385,0.27362462878227234,0.47911593317985535,0.2850540280342102,0.4754166305065155,0.3084074854850769,0.4862719476222992,0.2933140695095062,0.47178804874420166,0.3100621700286865,0.4939872622489929,0.34685879945755005,0.48926207423210144,0.3474949598312378,0.4994770288467407,0.3538534641265869,0.49520397186279297,0.3568996787071228,0.4937440752983093,0.3839726448059082,0.4884730577468872,0.38487693667411804,0.4967232942581177,0.3894907236099243,0.494839072227478,0.3896732032299042
57,0.48114556074142456,0.27194589376449585,0.4802490472793579,0.2841365933418274,0.4784785509109497,0.3066542148590088,0.4761342406272888,0.2916867136955261,0.46940702199935913,0.30828213691711426,0.4957732856273651,0.34556543827056885,0.4878963232040405,0.3463261127471924,0.49927860498428345,0.35050421953201294,0.49248239398002625,0.3536950945854187,0.4957160949707031,0.3807247281074524,0.4864257574081421,0.3813866078853607,0.49915117025375366,0.3905355930328369,0.4911172389984131,0.3882335126399994
58,0.47894486784935,0.27854692935943604,0.4748515784740448,0.2887342572212219,0.4727931022644043,0.31179559230804443,0.4781372547149658,0.2967216670513153,0.4729098677635193,0.3129262626171112,0.49144595861434937,0.3506273925304413,0.48620373010635376,0.351286381483078,0.49669957160949707,0.3575463891029358,0.4944467544555664,0.360535204410553,0.492980420589447,0.38641807436943054,0.4903951585292816,0.39282482862472534,0.49414440989494324,0.39354950189590454,0.49594569206237793,0.39134809374809265
59,0.47989463806152344,0.2811011075973511,0.4765837788581848,0.2897774875164032,0.47534364461898804,0.31239163875579834,0.4770221710205078,0.3004877269268036,0.4939444661140442,0.33628782629966736,0.4933386445045471,0.35162755846977234,0.4851723313331604,0.3528006970882416,0.49951693415641785,0.36176952719688416,0.4946693181991577,0.3649936318397522,0.49780118465423584,0.3976631164550781,0.4894549250602722,0.39933162927627563,0.4953402280807495,0.3952353894710541,0.49555298686027527,0.3919115960597992
60,0.47957107424736023,0.2689307928085327,0.4749442934989929,0.28090476989746094,0.47078937292099,0.3050115406513214,0.48614275455474854,0.28630033135414124,0.4753393828868866,0.30621522665023804,0.47169920802116394,0.32153958082199097,0.4737189710140228,0.32456424832344055,0.4891848564147949,0.3355806767940521,0.5024771690368652,0.34668418765068054,0.49060773849487305,0.3597715497016907,0.4941384196281433,0.3596647381782532,0.4933356046676636,0.38000476360321045,0.4957883954048157,0.37999749183654785
61,0.479425847530365,0.2680680453777313,0.4760998487472534,0.2815764546394348,0.47265172004699707,0.3050108850002289,0.4805784225463867,0.2886669635772705,0.4744848608970642,0.3057193160057068,0.4757572412490845,0.3231755495071411,0.47575557231903076,0.32582712173461914,0.48842653632164,0.33532750606536865,0.49748432636260986,0.34631288051605225,0.49638307094573975,0.3715331554412842,0.49379581212997437,0.37171849608421326,0.49666422605514526,0.38474351167678833,0.49576112627983093,0.38359901309013367
62,0.47946783900260925,0.2748411297798157,0.4759680926799774,0.28650638461112976,0.47237202525138855,0.3078133165836334,0.481482595205307,0.29487144947052,0.47449827194213867,0.30883580446243286,0.4938003420829773,0.34527456760406494,0.4936562776565552,0.346056193113327,0.49833232164382935,0.35280972719192505,0.49847859144210815,0.3559738099575043,0.4968441128730774,0.38090646266937256,0.49356043338775635,0.38155052065849304,0.49760740995407104,0.3843100666999817,0.49712249636650085,0.3828069567680359
63,0.479663610458374,0.27267009019851685,0.47751086950302124,0.28529658913612366,0.47456324100494385,0.3071679472923279,0.4810292720794678,0.2924140989780426,0.473865807056427,0.30807048082351685,0.49555253982543945,0.3466535806655884,0.4936199188232422,0.3471752107143402,0.4997327923774719,0.3516466021537781,0.4982087016105652,0.35447418689727783,0.49852126836776733,0.3781256675720215,0.4931994080543518,0.37832340598106384,0.49860918521881104,0.38618171215057373,0.4966740012168884,0.38458627462387085
64,0.5016559362411499,0.3338671624660492,0.5122235417366028,0.3494143486022949,0.511679470539093,0.34832245111465454,0.49911925196647644,0.3533441722393036,0.4927501082420349,0.34831273555755615,0.5073190927505493,0.3551707863807678,0.4932786822319031,0.35548949241638184,0.5054404735565186,0.4942619800567627,0.49971163272857666,0.49675580859184265,0.49223875999450684,0.5791718363761902,0.4925859570503235,0.5781559944152832,0.4938613772392273,0.6750051379203796,0.4925774335861206,0.6731004118919373
65,0.4794875979423523,0.2915584444999695,0.5063609480857849,0.3431011140346527,0.5065909624099731,0.3451302945613861,0.501478374004364,0.34822162985801697,0.49572843313217163,0.3452558219432831,0.5012828707695007,0.35259148478507996,0.49280476570129395,0.35324594378471375,0.5029017329216003,0.4935494065284729,0.5003892183303833,0.49586063623428345,0.4912353754043579,0.5725129842758179,0.49268096685409546,0.5720052719116211,0.4920301139354706,0.6735525131225586,0.4917217493057251,0.6719597578048706
66,0.5026527643203735,0.34038078784942627,0.5082665681838989,0.3661630153656006,0.5045833587646484,0.35410720109939575,0.5050014853477478,0.3673677444458008,0.4986519515514374,0.3547077775001526,0.5023295879364014,0.3551078736782074,0.49717962741851807,0.3548799157142639,0.5042881965637207,0.4974081218242645,0.5017925500869751,0.4994797110557556,0.49095791578292847,0.5807221531867981,0.4948502480983734,0.5812426805496216,0.49381208419799805,0.6611191034317017,0.49285614490509033,0.6605499386787415
67,0.5026524662971497,0.343770831823349,0.5071419477462769,0.36780858039855957,0.5029528141021729,0.3579161763191223,0.504326343536377,0.3694058656692505,0.4976211190223694,0.3590496778488159,0.4997016191482544,0.3563622236251831,0.4949573874473572,0.3564412593841553,0.5012060403823853,0.4966345429420471,0.4988446831703186,0.49889037013053894,0.4901512861251831,0.5769575834274292,0.4899715781211853,0.5771223902702332,0.49167144298553467,0.6589574813842773,0.49083778262138367,0.658328652381897
68,0.5032111406326294,0.34340769052505493,0.5084018707275391,0.36717069149017334,0.5061891674995422,0.35778531432151794,0.503624677658081,0.36865124106407166,0.4988921284675598,0.3588748574256897,0.5031845569610596,0.35640275478363037,0.4946865439414978,0.3608289361000061,0.5005178451538086,0.4970056712627411,0.49767982959747314,0.49898767471313477,0.4899216592311859,0.5773380994796753,0.4897468090057373,0.5773812532424927,0.49191850423812866,0.6588048338890076,0.4908425509929657,0.6579480171203613
69,0.49680718779563904,0.35343557596206665,0.516242265701294,0.3814850449562073,0.5152269601821899,0.3607432544231415,0.47910115122795105,0.3794412612915039,0.4702295958995819,0.3564785122871399,0.511326014995575,0.34789973497390747,0.46426960825920105,0.30018922686576843,0.5055676102638245,0.48790690302848816,0.4821590185165405,0.4878418445587158,0.4925246238708496,0.5931822061538696,0.4886179566383362,0.5895023345947266,0.4975316524505615,0.6659160256385803,0.4863193929195404,0.6631319522857666
70,0.4941258430480957,0.3537991940975189,0.5154171586036682,0.3825209140777588,0.5142526030540466,0.36213093996047974,0.47724223136901855,0.37900102138519287,0.46765804290771484,0.35592275857925415,0.509432852268219,0.3472709059715271,0.457406610250473,0.29804468154907227,0.503599226474762,0.4896264970302582,0.4797752797603607,0.4898448586463928,0.4913586974143982,0.5943223237991333,0.4867859482765198,0.5908816456794739,0.4976842999458313,0.6674396395683289,0.48452693223953247,0.6649430990219116
71,0.4942851960659027,0.3526681363582611,0.516250491142273,0.3826901614665985,0.5173730254173279,0.3729470670223236,0.4777211546897888,0.3784645199775696,0.46764451265335083,0.35593435168266296,0.5094780921936035,0.3473656177520752,0.46828699111938477,0.3182706832885742,0.5047694444656372,0.48998284339904785,0.4809210002422333,0.4899749457836151,0.4924202561378479,0.5948246121406555,0.4877888858318329,0.5910596251487732,0.49865755438804626,0.6678595542907715,0.484846293926239,0.665133535861969
72,0.4988010823726654,0.33256444334983826,0.49434933066368103,0.36142250895500183,0.48895227909088135,0.34576302766799927,0.5084014534950256,0.3556610345840454,0.5045089721679688,0.3454820513725281,0.48878592252731323,0.3509131073951721,0.4983104467391968,0.35177069902420044,0.48666900396347046,0.49276623129844666,0.5074464082717896,0.49643322825431824,0.4891080856323242,0.5906324982643127,0.49964937567710876,0.5949265956878662,0.49368566274642944,0.6593551635742188,0.4989162087440491,0.6606090664863586
73,0.49824556708335876,0.3401034474372864,0.509146511554718,0.36810848116874695,0.510572075843811,0.3612121045589447,0.49647367000579834,0.3717176914215088,0.483771413564682,0.3607858419418335,0.5027884840965271,0.3511638045310974,0.48869583010673523,0.3599849343299866,0.5067294836044312,0.4832274317741394,0.49133428931236267,0.48753464221954346,0.49454280734062195,0.58290034532547,0.4946840703487396,0.587835431098938,0.5018205046653748,0.6701110601425171,0.4936397969722748,0.6603430509567261
74,0.49465006589889526,0.3398202657699585,0.501708447933197,0.37149494886398315,0.5080287456512451,0.3615567684173584,0.4950031042098999,0.3744719922542572,0.49421995878219604,0.35031402111053467,0.4982788562774658,0.35199934244155884,0.48805320262908936,0.3519020974636078,0.5021780133247375,0.4872118830680847,0.4909607768058777,0.4906007647514343,0.5012953281402588,0.5872780680656433,0.49682947993278503,0.5900840163230896,0.5028061270713806,0.6706394553184509,0.49508675932884216,0.6696817278862
75,0.4942411184310913,0.3386608958244324,0.4989233613014221,0.3689524829387665,0.503752589225769,0.3473040461540222,0.496804416179657,0.37147995829582214,0.49832722544670105,0.3483806848526001,0.4993261694908142,0.3503553569316864,0.49427399039268494,0.3511273264884949,0.49252498149871826,0.48819538950920105,0.49108999967575073,0.49032947421073914,0.4947408437728882,0.587064802646637,0.49445149302482605,0.5902018547058105,0.49936723709106445,0.6719014048576355,0.49565383791923523,0.6716004610061646
76,0.48372524976730347,0.30112943053245544,0.4990385174751282,0.3460632264614105,0.5055816173553467,0.3439915180206299,0.49898621439933777,0.3610764443874359,0.5024716854095459,0.35557740926742554,0.5007284283638,0.34962302446365356,0.49923354387283325,0.3552274703979492,0.49232029914855957,0.48582708835601807,0.5000352263450623,0.49821215867996216,0.493833988904953,0.5862941145896912,0.49617278575897217,0.5898284912109375,0.4975476861000061,0.660500168800354,0.49649161100387573,0.6624963283538818
77,0.4965756833553314,0.3581017255783081,0.511858344078064,0.3855102062225342,0.5148475170135498,0.37044739723205566,0.483564555644989,0.3909958600997925,0.477472722530365,0.35823917388916016,0.5074703097343445,0.34361112117767334,0.4802771508693695,0.34531721472740173,0.507230281829834,0.5003945827484131,0.487470805644989,0.5019230842590332,0.5014029741287231,0.5933185815811157,0.4919886291027069,0.5951648950576782,0.5042335987091064,0.6664159297943115,0.4893410801887512,0.6652272343635559
78,0.4995664358139038,0.3692125976085663,0.5145179033279419,0.40018677711486816,0.5175306797027588,0.37498053908348083,0.4767277240753174,0.39933502674102783,0.4694752097129822,0.3605780601501465,0.5139601230621338,0.34483861923217773,0.47362232208251953,0.3266950249671936,0.51228928565979,0.5070785880088806,0.48541152477264404,0.5060441493988037,0.506811797618866,0.6010545492172241,0.48790666460990906,0.5928205251693726,0.5066192746162415,0.6714342832565308,0.48680078983306885,0.6657108068466187
79,0.5051261782646179,0.35815343260765076,0.5127841234207153,0.38035163283348083,0.5148903131484985,0.37212055921554565,0.48427367210388184,0.39185672998428345,0.4800403118133545,0.37188419699668884,0.5175253748893738,0.49745357036590576,0.49221688508987427,0.36603662371635437,0.5069203972816467,0.5029281377792358,0.48856958746910095,0.5025894641876221,0.4967602491378784,0.586567759513855,0.49163228273391724,0.5865875482559204,0.4986562728881836,0.6614839434623718,0.4901531934738159,0.6601839661598206
80,0.5041027665138245,0.34738898277282715,0.515020489692688,0.37174785137176514,0.5168517827987671,0.3675248622894287,0.49398714303970337,0.3747659921646118,0.49080872535705566,0.36859822273254395,0.513300895690918,0.4931819438934326,0.48632150888442993,0.4622388780117035,0.5161533355712891,0.49958348274230957,0.5003828406333923,0.501022458076477,0.5016722679138184,0.5802555084228516,0.4923560321331024,0.580137312412262,0.5011171102523804,0.6591306328773499,0.4880780577659607,0.6581975221633911
81,0.5049073696136475,0.36302417516708374,0.5233297944068909,0.39069971442222595,0.5206617116928101,0.3773915469646454,0.4824168086051941,0.3916071653366089,0.4745424687862396,0.37651073932647705,0.517782986164093,0.3630233705043793,0.4835367798805237,0.34996551275253296,0.5160312652587891,0.4985530972480774,0.4889112412929535,0.49386388063430786,0.5053448677062988,0.5845940113067627,0.4882131814956665,0.5820589661598206,0.5048403739929199,0.6630879640579224,0.48382866382598877,0.6603870987892151
82,0.5022971034049988,0.35185641050338745,0.506722092628479,0.37395429611206055,0.5090349912643433,0.3713770806789398,0.5003702640533447,0.37814685702323914,0.49800583720207214,0.3732139766216278,0.511053740978241,0.3544367551803589,0.5015450716018677,0.36511772871017456,0.5078967809677124,0.49804049730300903,0.5019946098327637,0.5011447668075562,0.49554985761642456,0.582108736038208,0.494441956281662,0.5831023454666138,0.4958445727825165,0.6621837019920349,0.4896256625652313,0.6631026864051819
83,0.5015041828155518,0.34902238845825195,0.5064974427223206,0.3720681369304657,0.5082741379737854,0.3696393370628357,0.5033293962478638,0.37452173233032227,0.49996495246887207,0.3698151111602783,0.501422643661499,0.35569077730178833,0.49615365266799927,0.3645208477973938,0.5091226696968079,0.4996776282787323,0.5055493116378784,0.5023689270019531,0.49570631980895996,0.5786774158477783,0.49415314197540283,0.5788828134536743,0.49423035979270935,0.6586115956306458,0.4918615221977234,0.6585127711296082
84,0.4680479168891907,0.2913733124732971,0.46498745679855347,0.2996921241283417,0.457145094871521,0.3105441927909851,0.47493040561676025,0.30324554443359375,0.4687659740447998,0.31136026978492737,0.4569490849971771,0.32231438159942627,0.4616217017173767,0.3237561285495758,0.4730913043022156,0.35163426399230957,0.4973664879798889,0.36090707778930664,0.48441630601882935,0.37040936946868896,0.4942445158958435,0.3758452832698822,0.4874822497367859,0.37500762939453125,0.4933806359767914,0.37451788783073425
85,0.4970412254333496,0.3481069803237915,0.5023363828659058,0.37093377113342285,0.5028418302536011,0.3661593794822693,0.4999939799308777,0.37587326765060425,0.496390163898468,0.36707791686058044,0.4952380061149597,0.3661065101623535,0.49026066064834595,0.36632105708122253,0.5044354200363159,0.4841519594192505,0.5038108229637146,0.488259881734848,0.49521467089653015,0.5823236703872681,0.4986656904220581,0.584088921546936,0.49835747480392456,0.6634637713432312,0.49933871626853943,0.6630704402923584
86,0.4744688868522644,0.2845360338687897,0.4734724164009094,0.29525381326675415,0.47014904022216797,0.311059832572937,0.4735378623008728,0.2983440160751343,0.46772298216819763,0.3107699155807495,0.48409366607666016,0.3477051854133606,0.4821324348449707,0.34849411249160767,0.49470633268356323,0.35499000549316406,0.4943942725658417,0.3576584756374359,0.49311563372612,0.3797752261161804,0.4883817136287689,0.3808879554271698,0.4941783547401428,0.3811571002006531,0.493366539478302,0.3804841637611389
87,0.48207104206085205,0.29549121856689453,0.47009405493736267,0.3022279739379883,0.4602428674697876,0.3190480172634125,0.5137327313423157,0.33721113204956055,0.504782497882843,0.34108981490135193,0.47930237650871277,0.35355687141418457,0.49202799797058105,0.35247117280960083,0.49903032183647156,0.3801705241203308,0.5096205472946167,0.3820889890193939,0.4967342019081116,0.5686070919036865,0.5088006258010864,0.5685549974441528,0.5018578171730042,0.6699965000152588,0.5080299973487854,0.671261191368103
88,0.47549325227737427,0.295939564704895,0.4680512845516205,0.30127477645874023,0.4601655900478363,0.3160116672515869,0.4793315529823303,0.3036404848098755,0.4720742702484131,0.3143007159233093,0.4685777425765991,0.3340858221054077,0.48309391736984253,0.34969744086265564,0.48351895809173584,0.3581123352050781,0.4982261657714844,0.36335402727127075,0.4856066107749939,0.3918111026287079,0.4920787811279297,0.393024206161499,0.48487311601638794,0.38379883766174316,0.4901573359966278,0.3822154402732849
89,0.4721929430961609,0.30426108837127686,0.4665204882621765,0.3124687671661377,0.4574957489967346,0.3212157189846039,0.5085727572441101,0.3470451831817627,0.5063462257385254,0.35499823093414307,0.45482298731803894,0.3306298851966858,0.4941285252571106,0.35784006118774414,0.4995773732662201,0.4747488498687744,0.5189815163612366,0.47921258211135864,0.49424347281455994,0.5755900144577026,0.5076521039009094,0.5749092102050781,0.4989820122718811,0.6732335090637207,0.501463770866394,0.6753175258636475
90,0.4749913811683655,0.3103145360946655,0.49546366930007935,0.36405664682388306,0.4893910586833954,0.3626589775085449,0.5161067247390747,0.36486732959747314,0.5089640021324158,0.3611477315425873,0.482975572347641,0.36534643173217773,0.4952101707458496,0.3643838167190552,0.5063730478286743,0.47697222232818604,0.5263381004333496,0.4813137948513031,0.49620601534843445,0.5724385380744934,0.5132490396499634,0.5741208791732788,0.4986519515514374,0.6709945201873779,0.5058979988098145,0.6716572642326355
91,0.4756844937801361,0.3037377595901489,0.46213072538375854,0.3119591474533081,0.45388898253440857,0.3273572623729706,0.5146352052688599,0.34349530935287476,0.5102084279060364,0.3585466146469116,0.45077571272850037,0.3316640257835388,0.4646702706813812,0.3317517936229706,0.5052225589752197,0.4748856723308563,0.5090385675430298,0.3852599859237671,0.4972020089626312,0.5662369728088379,0.5086929202079773,0.5651244521141052,0.5054964423179626,0.6651068925857544,0.5030906796455383,0.6611753702163696
92,0.4755594730377197,0.3027750849723816,0.4622492790222168,0.31358101963996887,0.45285195112228394,0.321763277053833,0.5149450898170471,0.3428381085395813,0.5127439498901367,0.35738369822502136,0.4519420564174652,0.33123666048049927,0.4675562381744385,0.331158310174942,0.5049821138381958,0.4967460036277771,0.5249612927436829,0.49934786558151245,0.4964592158794403,0.5727087259292603,0.509967029094696,0.5718112587928772,0.5013673901557922,0.6675019264221191,0.49843335151672363,0.6650846004486084
93,0.46747320890426636,0.314572274684906,0.4931671619415283,0.382902592420578,0.4882909655570984,0.38212713599205017,0.5193554162979126,0.3845714330673218,0.5053837299346924,0.37836331129074097,0.46870172023773193,0.3584575653076172,0.4973892867565155,0.3771181106567383,0.4946972727775574,0.4832056760787964,0.5117682218551636,0.4850345551967621,0.49266287684440613,0.575599730014801,0.5056052207946777,0.5781600475311279,0.4966798424720764,0.6688899993896484,0.5004998445510864,0.6662472486495972
94,0.46443265676498413,0.3102012574672699,0.495392769575119,0.3759196996688843,0.48445114493370056,0.36603325605392456,0.5058220624923706,0.36385577917099,0.4992183446884155,0.36374136805534363,0.4680081605911255,0.35613352060317993,0.48704755306243896,0.3663942813873291,0.50089430809021,0.4768301248550415,0.5176658630371094,0.48193174600601196,0.49328702688217163,0.5674087405204773,0.5060125589370728,0.5704959630966187,0.49896764755249023,0.6649083495140076,0.498745858669281,0.6620641946792603
95,0.4713859558105469,0.3175574839115143,0.4977860450744629,0.37841910123825073,0.49173104763031006,0.3792215585708618,0.5088554620742798,0.3692556619644165,0.504279613494873,0.36622631549835205,0.48333966732025146,0.38062915205955505,0.4897652566432953,0.3686550557613373,0.5058095455169678,0.4773399829864502,0.5228862166404724,0.48266372084617615,0.4962994456291199,0.5657864212989807,0.5133155584335327,0.5707597732543945,0.49944552779197693,0.6620483994483948,0.5079622864723206,0.6514749526977539
96,0.5034580230712891,0.3525887131690979,0.49542731046676636,0.390472948551178,0.4833235740661621,0.41282588243484497,0.5267676115036011,0.3906652331352234,0.5132121443748474,0.3722767233848572,0.48842543363571167,0.38392794132232666,0.5214918255805969,0.4102708101272583,0.5064088106155396,0.4969494342803955,0.5246790647506714,0.4988754987716675,0.49666452407836914,0.5845667123794556,0.5193836092948914,0.586760401725769,0.4953708052635193,0.6713957786560059,0.5102148056030273,0.6654292941093445
97,0.5098975300788879,0.364047646522522,0.5161128044128418,0.42624545097351074,0.49970221519470215,0.4648672342300415,0.538884162902832,0.4171842038631439,0.5569330453872681,0.47326987981796265,0.5063756704330444,0.5027616024017334,0.5290690064430237,0.4685896039009094,0.5141180753707886,0.503168523311615,0.5262268781661987,0.5056952238082886,0.5007455348968506,0.5887198448181152,0.5183335542678833,0.5922483801841736,0.4984005391597748,0.670446515083313,0.5094811320304871,0.6698328852653503
98,0.5101189613342285,0.37156277894973755,0.5183200836181641,0.408915251493454,0.5022619962692261,0.41966959834098816,0.5233891606330872,0.4017210006713867,0.5031298398971558,0.39610183238983154,0.4943065643310547,0.3877483308315277,0.49850305914878845,0.36849576234817505,0.519423246383667,0.4979705512523651,0.5233924388885498,0.5012170672416687,0.5044299960136414,0.5876424312591553,0.5171408653259277,0.5898667573928833,0.5038678050041199,0.6622742414474487,0.5066578388214111,0.6635856628417969
99,0.5106162428855896,0.3848712146282196,0.5169950723648071,0.41350632905960083,0.4997304677963257,0.4276529550552368,0.5238828063011169,0.41517096757888794,0.503181517124176,0.4070844352245331,0.49511754512786865,0.3917028307914734,0.5002568364143372,0.3902131915092468,0.5197840332984924,0.49771958589553833,0.5212734937667847,0.4998970627784729,0.510319709777832,0.5868290066719055,0.514346718788147,0.5891221761703491,0.5073251724243164,0.661815345287323,0.5035656690597534,0.6631941795349121
100,0.5161159038543701,0.3933606743812561,0.5411136150360107,0.4298103451728821,0.5569183230400085,0.4774421155452728,0.491560697555542,0.41648805141448975,0.4670449197292328,0.40494370460510254,0.5489129424095154,0.3245086669921875,0.449435293674469,0.32599717378616333,0.539344072341919,0.5223320722579956,0.4970308244228363,0.5147039294242859,0.5334157943725586,0.5985473394393921,0.4985515773296356,0.5930593609809875,0.5284596681594849,0.6665358543395996,0.4892460107803345,0.6663041114807129
101,0.5184344053268433,0.39610791206359863,0.5465117692947388,0.43239665031433105,0.5610853433609009,0.4770834147930145,0.4955300986766815,0.42055544257164,0.4659580886363983,0.4105181097984314,0.5195252299308777,0.3910824954509735,0.46480441093444824,0.35950884222984314,0.5401548147201538,0.5222872495651245,0.49937206506729126,0.516095757484436,0.5326733589172363,0.5969057083129883,0.5007243752479553,0.6006234884262085,0.5280338525772095,0.6660339832305908,0.48882994055747986,0.6656976938247681
102,0.5075006484985352,0.3728974759578705,0.5018206834793091,0.41428160667419434,0.4905109405517578,0.4618838429450989,0.5333769917488098,0.41427692770957947,0.5424842238426208,0.470296710729599,0.503917932510376,0.4823732376098633,0.5314995050430298,0.4650857448577881,0.5211501717567444,0.5081638097763062,0.5322681069374084,0.5089268088340759,0.5056910514831543,0.5875115394592285,0.5238259434700012,0.588210940361023,0.4997195601463318,0.6664764881134033,0.5131463408470154,0.6646854877471924
103,0.5162807106971741,0.3858746886253357,0.5358704328536987,0.4235461354255676,0.5245677828788757,0.4576074481010437,0.5237433314323425,0.42090997099876404,0.5011081099510193,0.43200600147247314,0.4983106255531311,0.4007965326309204,0.4942953288555145,0.3995468020439148,0.5335854887962341,0.5072793960571289,0.5211635828018188,0.507794201374054,0.5184710025787354,0.5864981412887573,0.5093041062355042,0.5879266262054443,0.5128598809242249,0.6658732891082764,0.5007604360580444,0.6643816232681274
104,0.5177756547927856,0.3879896104335785,0.5336312055587769,0.4255969524383545,0.5214294195175171,0.45694899559020996,0.5273300409317017,0.42256173491477966,0.519640326499939,0.4527584910392761,0.49951452016830444,0.4026481807231903,0.501832902431488,0.4012565016746521,0.5305976867675781,0.5109074115753174,0.5234431028366089,0.5118535161018372,0.5151143074035645,0.5881890058517456,0.5128697156906128,0.5901383757591248,0.5120790004730225,0.6642645001411438,0.5038368105888367,0.6610990762710571
105,0.5238015055656433,0.4038659334182739,0.5485388040542603,0.43613240122795105,0.5620171427726746,0.47485625743865967,0.5009795427322388,0.4311324954032898,0.4777604341506958,0.42796382308006287,0.535302460193634,0.4127658009529114,0.4539659023284912,0.34202325344085693,0.5447338819503784,0.5248468518257141,0.5066301226615906,0.52262282371521,0.5366976857185364,0.5958817005157471,0.49642348289489746,0.5891720652580261,0.5313916206359863,0.6635659337043762,0.4931231439113617,0.6628387570381165
106,0.5266301035881042,0.4088504910469055,0.5484679937362671,0.43934354186058044,0.5445426106452942,0.4306652247905731,0.49894067645072937,0.434140682220459,0.47321343421936035,0.4232000708580017,0.5569515228271484,0.34227603673934937,0.4521154761314392,0.33880576491355896,0.5432178378105164,0.5296068787574768,0.5063769221305847,0.5295471549034119,0.5357991456985474,0.5982754826545715,0.49758028984069824,0.5935006141662598,0.5305712223052979,0.6633915901184082,0.4926013946533203,0.6636440753936768
107,0.5230638980865479,0.40972957015037537,0.5506691932678223,0.4415334165096283,0.5630768537521362,0.38488125801086426,0.49841129779815674,0.4301827549934387,0.4729391932487488,0.4086705148220062,0.5570861101150513,0.33690258860588074,0.4486638009548187,0.32887911796569824,0.5419528484344482,0.532122015953064,0.5025242567062378,0.5315654873847961,0.5362077355384827,0.5988253355026245,0.4945983290672302,0.5926417112350464,0.5327941179275513,0.6619877815246582,0.49137720465660095,0.6621841788291931
108,0.5153040885925293,0.41625937819480896,0.5392686128616333,0.43669456243515015,0.5428041219711304,0.43093082308769226,0.49177977442741394,0.43126973509788513,0.4717411994934082,0.41133663058280945,0.5575918555259705,0.3407178521156311,0.4512971341609955,0.3384912610054016,0.5420998334884644,0.5315847396850586,0.5024101138114929,0.5303764343261719,0.5354689359664917,0.5936957597732544,0.5025309324264526,0.5922664403915405,0.531952440738678,0.6590514183044434,0.49082645773887634,0.6587415337562561
109,0.5171077251434326,0.41931280493736267,0.540359377861023,0.4453527629375458,0.5512813925743103,0.42990168929100037,0.4946258068084717,0.4452614188194275,0.47756361961364746,0.4267899692058563,0.5597416758537292,0.35462602972984314,0.4499358534812927,0.34828537702560425,0.5365968942642212,0.5370213985443115,0.5038801431655884,0.5408704280853271,0.5364954471588135,0.6000552773475647,0.4960635304450989,0.5969650149345398,0.5347680449485779,0.6622922420501709,0.49212926626205444,0.6632555723190308
110,0.521670937538147,0.41816264390945435,0.5415277481079102,0.44299277663230896,0.5626543760299683,0.40455377101898193,0.4890998303890228,0.4365502595901489,0.47343456745147705,0.40978026390075684,0.5594722628593445,0.35362356901168823,0.448777437210083,0.34170639514923096,0.5428924560546875,0.5284581184387207,0.5035197734832764,0.5259687900543213,0.535269021987915,0.590160608291626,0.5042043328285217,0.5892250537872314,0.5335656404495239,0.6615065336227417,0.4922223687171936,0.6570076942443848
111,0.5175792574882507,0.4201197028160095,0.5384496450424194,0.4436444640159607,0.5615479350090027,0.410836398601532,0.4944053888320923,0.44212210178375244,0.4743366837501526,0.4102495610713959,0.5585988163948059,0.3540445566177368,0.44835907220840454,0.3415144681930542,0.5410336852073669,0.5369299054145813,0.5021727085113525,0.5357446670532227,0.5342097282409668,0.5965155363082886,0.4949307441711426,0.5913848876953125,0.532618522644043,0.6587951183319092,0.49253547191619873,0.6596688032150269
112,0.5187244415283203,0.4180874228477478,0.5466864109039307,0.44377803802490234,0.5585346817970276,0.4667128920555115,0.49742838740348816,0.4406714141368866,0.4755251109600067,0.42742085456848145,0.5545169711112976,0.3668878972530365,0.45001286268234253,0.3536209762096405,0.541693389415741,0.5257346630096436,0.5079325437545776,0.5259970426559448,0.5370635986328125,0.5904848575592041,0.49815183877944946,0.5906432867050171,0.5338125824928284,0.6613634824752808,0.49363192915916443,0.6570698022842407
113,0.5187492966651917,0.42428621649742126,0.5432516932487488,0.45290133357048035,0.5513662695884705,0.4295024275779724,0.49499839544296265,0.44848713278770447,0.46893244981765747,0.4109840989112854,0.5563473105430603,0.375135600566864,0.44822224974632263,0.3606114983558655,0.5375756621360779,0.5340039730072021,0.5054402351379395,0.5345620512962341,0.5351262092590332,0.5964542031288147,0.5033190250396729,0.5957013964653015,0.5317416787147522,0.6612906455993652,0.4926165044307709,0.6599758863449097
114,0.5236285924911499,0.42508551478385925,0.5427957773208618,0.45471423864364624,0.5630284547805786,0.4164542853832245,0.49580973386764526,0.44627684354782104,0.4667589068412781,0.4064599275588989,0.5591607689857483,0.37475085258483887,0.45461949706077576,0.3670545220375061,0.5373460054397583,0.5340715646743774,0.504313588142395,0.5339199900627136,0.5343227386474609,0.5963245630264282,0.5036994218826294,0.5949821472167969,0.5308898687362671,0.6604596972465515,0.4919087886810303,0.6589404344558716
115,0.5227627158164978,0.42620229721069336,0.5441583395004272,0.45547136664390564,0.5764012932777405,0.46971577405929565,0.4943960905075073,0.44702208042144775,0.4662342071533203,0.42010432481765747,0.5566914677619934,0.3816026449203491,0.4574074149131775,0.3763734698295593,0.5387371182441711,0.5340681076049805,0.5037084817886353,0.5342568755149841,0.5354235172271729,0.6008421182632446,0.49570798873901367,0.594054639339447,0.5318493843078613,0.6636611223220825,0.4922545552253723,0.6584947109222412
116,0.5251123309135437,0.42700061202049255,0.5496535301208496,0.454302042722702,0.5627179741859436,0.46899792551994324,0.49593889713287354,0.44816336035728455,0.46726930141448975,0.4210236668586731,0.5570855736732483,0.38415729999542236,0.4550618827342987,0.37848466634750366,0.5404086112976074,0.5354496240615845,0.5045095086097717,0.5355637073516846,0.5341262221336365,0.6016544103622437,0.49617815017700195,0.5942181348800659,0.5316531658172607,0.6619399189949036,0.49130308628082275,0.6605585217475891
117,0.5216124057769775,0.43068867921829224,0.5463276505470276,0.45729970932006836,0.564549446105957,0.4667581021785736,0.4916459023952484,0.45337384939193726,0.46835049986839294,0.423501193523407,0.5569774508476257,0.3912663459777832,0.4513961672782898,0.3761743903160095,0.538127601146698,0.5435629487037659,0.5048096179962158,0.5453404784202576,0.532534122467041,0.6008170247077942,0.49406012892723083,0.5990725755691528,0.5315452814102173,0.6628908514976501,0.4907950758934021,0.6620468497276306
118,0.5278095006942749,0.4284153878688812,0.553680419921875,0.45714908838272095,0.5664494037628174,0.46959251165390015,0.4978797137737274,0.4569382071495056,0.4803909957408905,0.4591972827911377,0.5561214685440063,0.39824390411376953,0.46695801615715027,0.40817809104919434,0.5407291054725647,0.5443028211593628,0.5063015818595886,0.5460349321365356,0.5346722602844238,0.5996103286743164,0.495986670255661,0.5998107194900513,0.5317417979240417,0.6644232869148254,0.4918099045753479,0.663016140460968
119,0.5209884643554688,0.4390961825847626,0.5480109453201294,0.469521164894104,0.5629739761352539,0.472461074590683,0.4952775835990906,0.4651704728603363,0.47188398241996765,0.4547828435897827,0.5575551986694336,0.4086129367351532,0.4545947313308716,0.3932810425758362,0.5357428789138794,0.552408754825592,0.5024488568305969,0.5536605715751648,0.5329864025115967,0.6037945747375488,0.49463844299316406,0.602819561958313,0.5341529846191406,0.6653655767440796,0.4906260371208191,0.6647626161575317
120,0.5087961554527283,0.4392847418785095,0.538512647151947,0.46771669387817383,0.5610470771789551,0.4866377115249634,0.48901984095573425,0.4661611318588257,0.4726831912994385,0.4671277403831482,0.5561893582344055,0.44956788420677185,0.45167550444602966,0.3985545337200165,0.5392793416976929,0.5597778558731079,0.4978419542312622,0.5586037635803223,0.5334137678146362,0.607851505279541,0.5008608102798462,0.6047872304916382,0.5341112613677979,0.6657657623291016,0.4918321967124939,0.6653783321380615
121,0.5124962329864502,0.43535465002059937,0.5434963703155518,0.4604104459285736,0.561863899230957,0.4884485602378845,0.48965829610824585,0.4608404040336609,0.47507092356681824,0.4848029613494873,0.5564229488372803,0.45118051767349243,0.45047158002853394,0.4075612723827362,0.5375142097473145,0.5524979829788208,0.5013315677642822,0.5537024140357971,0.5343253016471863,0.6013471484184265,0.49599188566207886,0.5997088551521301,0.5382377505302429,0.6663153171539307,0.49269604682922363,0.6625775098800659
122,0.5144664645195007,0.43686914443969727,0.5471585988998413,0.4635521173477173,0.5632488131523132,0.48971766233444214,0.4922441244125366,0.46320685744285583,0.4748493432998657,0.48384663462638855,0.5560930967330933,0.47170644998550415,0.45280808210372925,0.41363105177879333,0.5386884212493896,0.5527889728546143,0.5033462047576904,0.5537842512130737,0.5344050526618958,0.6028987169265747,0.49682384729385376,0.6005305051803589,0.5378496050834656,0.6672624945640564,0.4938315153121948,0.6625004410743713
123,0.5043956637382507,0.4308966100215912,0.5423318147659302,0.4607037305831909,0.5663362741470337,0.4921760559082031,0.4826427400112152,0.45837387442588806,0.4769047498703003,0.4863479733467102,0.5551548004150391,0.4720529317855835,0.47942036390304565,0.458285927772522,0.5367623567581177,0.5530219078063965,0.5002730488777161,0.5531358122825623,0.5347370505332947,0.6029710173606873,0.49716413021087646,0.6018956303596497,0.5371981263160706,0.6677772402763367,0.4930538833141327,0.6638109683990479
124,0.5056488513946533,0.4388698935508728,0.5421830415725708,0.46820443868637085,0.5629335641860962,0.5013675689697266,0.4857810437679291,0.4686945080757141,0.47669824957847595,0.4910496473312378,0.550381064414978,0.4750780761241913,0.47697827219963074,0.4589478671550751,0.5395849943161011,0.560735285282135,0.5006284713745117,0.5596150159835815,0.5338975191116333,0.607736349105835,0.4975859820842743,0.6072183847427368,0.5374731421470642,0.6693388819694519,0.4928700923919678,0.6669762134552002
125,0.5145690441131592,0.4417209029197693,0.5454055070877075,0.46941328048706055,0.5565362572669983,0.5026803612709045,0.49092504382133484,0.4712401032447815,0.4702015817165375,0.4876922070980072,0.5566030740737915,0.4711499810218811,0.4558370113372803,0.42134198546409607,0.5391401052474976,0.5611522793769836,0.49985194206237793,0.5600540637969971,0.5339417457580566,0.607312023639679,0.49772709608078003,0.6062962412834167,0.5365873575210571,0.6683412790298462,0.49206265807151794,0.6667613983154297
126,0.5061729550361633,0.43880578875541687,0.5417470335960388,0.4651253819465637,0.5548215508460999,0.5010555386543274,0.48528239130973816,0.4674946963787079,0.477261483669281,0.48946714401245117,0.5507447719573975,0.4911203384399414,0.47794461250305176,0.46363040804862976,0.538475751876831,0.5556820631027222,0.5015048980712891,0.555271565914154,0.5339809656143188,0.6039845943450928,0.49641332030296326,0.6040632128715515,0.5378718376159668,0.6661927700042725,0.4915444850921631,0.6638451218605042
127,0.5072528719902039,0.44225770235061646,0.5404462814331055,0.4697971045970917,0.5539652109146118,0.49878114461898804,0.48613065481185913,0.470111608505249,0.4752620458602905,0.48840874433517456,0.5471401214599609,0.4896923899650574,0.47826001048088074,0.4741239547729492,0.5380550026893616,0.5546593070030212,0.501324474811554,0.5540723204612732,0.5349326133728027,0.5983147621154785,0.4932679533958435,0.5974217653274536,0.53467857837677,0.6633695363998413,0.4908679127693176,0.6642435789108276
128,0.5065125226974487,0.4414163827896118,0.5412158966064453,0.468612402677536,0.5524831414222717,0.5007185935974121,0.485130250453949,0.4651676416397095,0.47793900966644287,0.4877151846885681,0.5436140298843384,0.494018018245697,0.4880552291870117,0.48309242725372314,0.5382614731788635,0.5503907799720764,0.5027993321418762,0.5492917895317078,0.5365087985992432,0.5992808938026428,0.4958934485912323,0.5979077816009521,0.5355323553085327,0.6645494699478149,0.493563711643219,0.6634373664855957
129,0.5180670619010925,0.4488983750343323,0.5473734140396118,0.4749281406402588,0.5558498501777649,0.5018967390060425,0.49285972118377686,0.47266504168510437,0.48159608244895935,0.5005775690078735,0.5456485748291016,0.49563878774642944,0.4802062511444092,0.4753328263759613,0.5407851338386536,0.5574184656143188,0.5017673969268799,0.5566250681877136,0.5353545546531677,0.603287935256958,0.4931686520576477,0.6017922163009644,0.535193145275116,0.6660533547401428,0.4903719425201416,0.6624779105186462
130,0.5239781141281128,0.44977694749832153,0.5451924800872803,0.47462791204452515,0.5563503503799438,0.5056328177452087,0.4966185986995697,0.4824029207229614,0.48464998602867126,0.5120277404785156,0.5455502271652222,0.49637407064437866,0.49038922786712646,0.49728068709373474,0.5390082597732544,0.5601242780685425,0.5029099583625793,0.5602006316184998,0.5351623296737671,0.6042361259460449,0.4951818585395813,0.6049962639808655,0.5344148874282837,0.6655391454696655,0.491747111082077,0.6633585691452026
131,0.5227819681167603,0.44866523146629333,0.5461626648902893,0.4783657491207123,0.5540350675582886,0.5072543621063232,0.495650976896286,0.47952908277511597,0.4850761294364929,0.5101513862609863,0.5413413047790527,0.5171523094177246,0.4933922290802002,0.5014952421188354,0.5378580093383789,0.554702639579773,0.5043025016784668,0.5550060868263245,0.5357652306556702,0.6022883653640747,0.49523061513900757,0.6036715507507324,0.5358507037162781,0.6641702055931091,0.4926603436470032,0.6656957864761353
132,0.5069106817245483,0.4498085677623749,0.5382823944091797,0.48028039932250977,0.5594720840454102,0.5114787817001343,0.4854610562324524,0.4809606969356537,0.482607364654541,0.5132684111595154,0.5664737820625305,0.4933353066444397,0.48542651534080505,0.4976750314235687,0.5361559391021729,0.56070876121521,0.5010566115379333,0.561430811882019,0.5347312688827515,0.6074141263961792,0.49926668405532837,0.6071704626083374,0.5346569418907166,0.6668483018875122,0.492972195148468,0.664198637008667
133,0.5060622096061707,0.45708656311035156,0.5341280698776245,0.48083779215812683,0.5513297319412231,0.5126219987869263,0.4849961996078491,0.48177310824394226,0.48439761996269226,0.5142400860786438,0.5394660234451294,0.519324541091919,0.4941840171813965,0.5214719772338867,0.5333583354949951,0.5608870387077332,0.5017064213752747,0.5591294765472412,0.5341434478759766,0.6068423390388489,0.4962584376335144,0.6075118184089661,0.5381017327308655,0.6683685183525085,0.4923703372478485,0.6659104824066162
134,0.5037428140640259,0.4574846625328064,0.5327691435813904,0.48087185621261597,0.5502904653549194,0.5146483182907104,0.4846528470516205,0.4821298122406006,0.48351261019706726,0.517220139503479,0.538424015045166,0.5193249583244324,0.49399077892303467,0.5224474668502808,0.5322619080543518,0.5613381862640381,0.5013101100921631,0.5597088932991028,0.5339041352272034,0.6095495223999023,0.49590393900871277,0.6099874973297119,0.5374292731285095,0.6692495346069336,0.49208420515060425,0.667650580406189
135,0.5055700540542603,0.4614604711532593,0.5360857844352722,0.4866797924041748,0.5517800450325012,0.5170692205429077,0.4845596253871918,0.4891378879547119,0.4820321202278137,0.5214192867279053,0.5405731797218323,0.5205869674682617,0.49294793605804443,0.5257117748260498,0.5313560962677002,0.5649468898773193,0.5004323720932007,0.5653303265571594,0.5336883068084717,0.6154811382293701,0.5020428895950317,0.6149381995201111,0.5352153182029724,0.6697499752044678,0.49172645807266235,0.67128986120224
136,0.5010181069374084,0.46128520369529724,0.5325112342834473,0.4877452850341797,0.5487366318702698,0.5176132917404175,0.48316964507102966,0.48968005180358887,0.4817429780960083,0.5220807790756226,0.5365309715270996,0.5238336324691772,0.4918769299983978,0.5248621702194214,0.5306671857833862,0.566159725189209,0.5003454089164734,0.5664541125297546,0.5331505537033081,0.6150795817375183,0.5023053884506226,0.6141177415847778,0.5357105135917664,0.6700191497802734,0.4919297695159912,0.6719167232513428
137,0.5055426955223083,0.4593423008918762,0.5364509224891663,0.4839378297328949,0.5490950345993042,0.5144362449645996,0.4859568774700165,0.48583024740219116,0.48236939311027527,0.5164198875427246,0.5362520813941956,0.5268173217773438,0.4919232130050659,0.5218938589096069,0.5323430299758911,0.5617722272872925,0.5007884502410889,0.5616616010665894,0.5333197712898254,0.6104687452316284,0.49450692534446716,0.6111456155776978,0.5372552871704102,0.6689289808273315,0.4914482831954956,0.6683019399642944
138,0.5061709880828857,0.46343743801116943,0.5357625484466553,0.48972612619400024,0.5495346784591675,0.5174556970596313,0.48639675974845886,0.49118953943252563,0.48252174258232117,0.5206023454666138,0.5358822345733643,0.5295084714889526,0.49247831106185913,0.5306639671325684,0.5340560078620911,0.5634273886680603,0.5007472634315491,0.5614699125289917,0.5343663692474365,0.6119340658187866,0.4950495958328247,0.6131690144538879,0.5389360189437866,0.6715621948242188,0.4914129972457886,0.6677126288414001
139,0.5060657262802124,0.4661739766597748,0.5346972942352295,0.4946243166923523,0.5491625070571899,0.5185789465904236,0.4862433075904846,0.49476152658462524,0.4828137159347534,0.5194372534751892,0.5367590188980103,0.5274404287338257,0.4933672845363617,0.5311862230300903,0.5312899351119995,0.5646283626556396,0.5001944303512573,0.5642540454864502,0.5345083475112915,0.6148403882980347,0.49463212490081787,0.6163924932479858,0.5376079082489014,0.6716877222061157,0.4913785457611084,0.6691076159477234
140,0.503324031829834,0.4687705636024475,0.5331346988677979,0.4964619576931,0.548551082611084,0.5222330093383789,0.48578983545303345,0.49696287512779236,0.4836641550064087,0.5261533260345459,0.5368826389312744,0.54445880651474,0.4942673146724701,0.5319514274597168,0.5317853689193726,0.5650018453598022,0.5016740560531616,0.5642479658126831,0.5350570678710938,0.6173055768013,0.4954705238342285,0.6183023452758789,0.5371930599212646,0.6720864772796631,0.4918895959854126,0.6702654361724854
141,0.5074845552444458,0.46988457441329956,0.5362691879272461,0.4976279139518738,0.5494545698165894,0.5204187631607056,0.49370843172073364,0.49337539076805115,0.48480603098869324,0.5248424410820007,0.5384607911109924,0.5428823232650757,0.4944151043891907,0.533286452293396,0.5328713655471802,0.564651608467102,0.5026441812515259,0.5640672445297241,0.5350475907325745,0.6167899966239929,0.4962395429611206,0.6177835464477539,0.5388414859771729,0.6722034811973572,0.49319660663604736,0.6714016795158386
142,0.5023406744003296,0.47060954570770264,0.5321601629257202,0.4960857331752777,0.546558141708374,0.5200905799865723,0.4862310290336609,0.49455341696739197,0.4831984043121338,0.5285789966583252,0.5344712734222412,0.5258829593658447,0.49362969398498535,0.5465043783187866,0.530841588973999,0.5653643608093262,0.5014181733131409,0.5659769177436829,0.532828688621521,0.6131249070167542,0.49549877643585205,0.615578830242157,0.5373407006263733,0.6707973480224609,0.49269819259643555,0.6712378263473511
143,0.504037618637085,0.4725586771965027,0.5322686433792114,0.49848735332489014,0.5450864434242249,0.522686779499054,0.48724550008773804,0.49816077947616577,0.48405182361602783,0.5319793224334717,0.5282930731773376,0.5487542152404785,0.4940076768398285,0.5487890243530273,0.5281574130058289,0.5662741661071777,0.5004740953445435,0.5663952827453613,0.5299798250198364,0.6169430017471313,0.49467164278030396,0.6179528832435608,0.5346966981887817,0.6727867126464844,0.492525190114975,0.6731178760528564
144,0.5069552659988403,0.4732956886291504,0.5347629189491272,0.500525712966919,0.5530287027359009,0.5168121457099915,0.4851270318031311,0.49815303087234497,0.4817148447036743,0.5286715030670166,0.5544751286506653,0.5057477951049805,0.49062561988830566,0.5264790058135986,0.528080403804779,0.5715142488479614,0.4989778995513916,0.5726446509361267,0.5303451418876648,0.6229175329208374,0.4981542229652405,0.6208850741386414,0.5308188199996948,0.6704527139663696,0.48947060108184814,0.6728825569152832
145,0.5050591826438904,0.47449514269828796,0.529129147529602,0.49690279364585876,0.5466994643211365,0.5228020548820496,0.4852220416069031,0.5042556524276733,0.48070770502090454,0.5360053777694702,0.5330771207809448,0.546339750289917,0.4941142797470093,0.5525006651878357,0.5264362692832947,0.573824405670166,0.49826979637145996,0.5749671459197998,0.5299134254455566,0.6234256029129028,0.49932631850242615,0.6241304874420166,0.5325778722763062,0.6706593036651611,0.49116918444633484,0.67204350233078
146,0.5043640732765198,0.4748607277870178,0.5359497666358948,0.5002101063728333,0.5479003190994263,0.5200812816619873,0.4846840500831604,0.5025224089622498,0.47731727361679077,0.5346700549125671,0.5458418130874634,0.5155109167098999,0.4895198345184326,0.545642614364624,0.5287272930145264,0.5714322328567505,0.4984237551689148,0.57305908203125,0.5275501012802124,0.6235538125038147,0.4960770010948181,0.6237814426422119,0.5318806171417236,0.6705901026725769,0.4899725615978241,0.6722156405448914
147,0.5040431618690491,0.4750831723213196,0.5296112895011902,0.4956362843513489,0.5504941940307617,0.5184648633003235,0.48524463176727295,0.50499427318573,0.48193877935409546,0.5319328308105469,0.5514136552810669,0.5094267129898071,0.4926217496395111,0.5444414019584656,0.528161346912384,0.5725425481796265,0.49978339672088623,0.5737771391868591,0.5291416645050049,0.6226409077644348,0.49828681349754333,0.6231669783592224,0.5320861339569092,0.6704694628715515,0.4905736446380615,0.6730039119720459
148,0.5035113096237183,0.47741302847862244,0.5311112403869629,0.4972967505455017,0.5503398180007935,0.5221371054649353,0.48581069707870483,0.5068089365959167,0.4821659326553345,0.534855842590332,0.538877010345459,0.5335237979888916,0.49329298734664917,0.5500755310058594,0.5293811559677124,0.573419451713562,0.5005075931549072,0.5743996500968933,0.5289053916931152,0.6231030225753784,0.4982312321662903,0.6234846711158752,0.5347419381141663,0.6744191646575928,0.4900316894054413,0.6808300018310547
149,0.5005473494529724,0.4797224998474121,0.5323903560638428,0.49847957491874695,0.550010085105896,0.5231548547744751,0.48750874400138855,0.5080885887145996,0.48187845945358276,0.535240888595581,0.5340200662612915,0.547010064125061,0.492486834526062,0.5508549213409424,0.5311336517333984,0.5726819038391113,0.5024838447570801,0.5737900733947754,0.5274478793144226,0.6219305992126465,0.4969789981842041,0.6224535703659058,0.5335601568222046,0.6756986975669861,0.4907234311103821,0.681468665599823
150,0.5097938179969788,0.478092759847641,0.5338534116744995,0.49667930603027344,0.5464563369750977,0.5187534093856812,0.49556466937065125,0.5029277801513672,0.4816754460334778,0.5283203125,0.5257706642150879,0.5439935922622681,0.48950013518333435,0.5436800718307495,0.530181884765625,0.5692050457000732,0.5016225576400757,0.5701709985733032,0.5283904671669006,0.620620846748352,0.49829018115997314,0.6222742795944214,0.5332764387130737,0.6739324927330017,0.4903721511363983,0.6764434576034546
151,0.5172675848007202,0.48026153445243835,0.539864718914032,0.4979923963546753,0.5550856590270996,0.5208677649497986,0.49494287371635437,0.5060498118400574,0.48383814096450806,0.5308955907821655,0.540283739566803,0.5315853357315063,0.4915909171104431,0.5449916124343872,0.5333312749862671,0.5702543258666992,0.5019664764404297,0.5711372494697571,0.530265212059021,0.6181818246841431,0.4976920783519745,0.6197742819786072,0.5349964499473572,0.6728207468986511,0.4896046817302704,0.6760729551315308
152,0.5189170241355896,0.48219209909439087,0.5407312512397766,0.49954044818878174,0.5540528893470764,0.5221376419067383,0.4989529848098755,0.5081860423088074,0.486316978931427,0.5323359370231628,0.5398317575454712,0.5334477424621582,0.4918733835220337,0.5458115935325623,0.5339056253433228,0.5717768669128418,0.5045014023780823,0.5728285312652588,0.5306944847106934,0.6201160550117493,0.49977684020996094,0.6231203079223633,0.5346996188163757,0.6728771924972534,0.49088823795318604,0.6758818030357361
153,0.5147198438644409,0.4816804826259613,0.5380593538284302,0.4997282028198242,0.5514174699783325,0.5238648056983948,0.4954874515533447,0.5085171461105347,0.4838440418243408,0.5325425863265991,0.5325300097465515,0.5412532091140747,0.4899604320526123,0.5449782609939575,0.5325169563293457,0.5726709365844727,0.5018945932388306,0.5736532211303711,0.5301569104194641,0.6209118366241455,0.4975549578666687,0.6228808164596558,0.533759593963623,0.6737224459648132,0.4895544648170471,0.6763607263565063
154,0.5153618454933167,0.48216038942337036,0.538117527961731,0.5004044771194458,0.5528167486190796,0.5227929353713989,0.4926203191280365,0.5101099014282227,0.48449715971946716,0.5315014719963074,0.5397661924362183,0.5316796898841858,0.49067601561546326,0.5414414405822754,0.5334042906761169,0.5737624764442444,0.5022256374359131,0.5748067498207092,0.5309861898422241,0.6208978295326233,0.4982881546020508,0.6230126619338989,0.5350794792175293,0.6745765209197998,0.4895322024822235,0.6781007051467896
155,0.5155684947967529,0.4823931157588959,0.5387808084487915,0.4998529553413391,0.5534700751304626,0.5222019553184509,0.4924109876155853,0.509817361831665,0.4850114583969116,0.5316833853721619,0.5402100682258606,0.5321451425552368,0.49136996269226074,0.5418047904968262,0.5334867835044861,0.5730646252632141,0.5021542310714722,0.5743780136108398,0.5309796333312988,0.6206129789352417,0.4983774423599243,0.622829794883728,0.53522127866745,0.6746288537979126,0.4895986020565033,0.6782059073448181
156,0.5212451815605164,0.4834277331829071,0.5425799489021301,0.5045594573020935,0.5521187782287598,0.5288909673690796,0.4982379376888275,0.5110518336296082,0.48677462339401245,0.5372384786605835,0.5429528951644897,0.5362265110015869,0.49519073963165283,0.5506540536880493,0.530715823173523,0.5752478837966919,0.500590980052948,0.5761280059814453,0.5327063798904419,0.6253546476364136,0.5007084608078003,0.6256129145622253,0.5313670635223389,0.6728976964950562,0.48979949951171875,0.6808938980102539
157,0.5177545547485352,0.4833538234233856,0.5394203662872314,0.5070910453796387,0.5509771704673767,0.5302696228027344,0.4906783103942871,0.5137520432472229,0.48559969663619995,0.5364171266555786,0.5414562225341797,0.5311322212219238,0.4936762750148773,0.5466008186340332,0.5282660722732544,0.5747737884521484,0.4982551336288452,0.5758633017539978,0.5290824174880981,0.6232211589813232,0.4969403147697449,0.6239522695541382,0.5291005969047546,0.6702249050140381,0.4870515465736389,0.67843097448349
158,0.5252025723457336,0.4827135503292084,0.538310170173645,0.5040103197097778,0.5535263419151306,0.5278675556182861,0.4935154914855957,0.512678861618042,0.48794350028038025,0.533902645111084,0.5416518449783325,0.5336416959762573,0.49404868483543396,0.5453947186470032,0.5314563512802124,0.5723115801811218,0.50091153383255,0.5738145112991333,0.5318904519081116,0.6227853894233704,0.5001784563064575,0.6248691082000732,0.5353392362594604,0.6743208169937134,0.4885651767253876,0.6769968867301941
159,0.5098410844802856,0.4815634489059448,0.5338643193244934,0.5045374631881714,0.5494136810302734,0.5266546010971069,0.48903918266296387,0.511095404624939,0.48599621653556824,0.5343194007873535,0.5347020626068115,0.539850652217865,0.49381503462791443,0.5464667677879333,0.5288980603218079,0.5740557312965393,0.5004007816314697,0.5750811100006104,0.5271778106689453,0.6260644197463989,0.499207466840744,0.6268801689147949,0.5320928692817688,0.6770493388175964,0.48839014768600464,0.6791106462478638
160,0.5052982568740845,0.4803353250026703,0.5301573276519775,0.5054436326026917,0.5485324859619141,0.5266746282577515,0.4865815043449402,0.5112321376800537,0.48523175716400146,0.5363095998764038,0.5368244051933289,0.537584125995636,0.4952455759048462,0.5475948452949524,0.5275003910064697,0.5774251222610474,0.5002341270446777,0.5781112313270569,0.5248134136199951,0.6258392333984375,0.5002514123916626,0.6258646249771118,0.531163215637207,0.6754970550537109,0.4891572892665863,0.6805024147033691
161,0.5061898827552795,0.4782443940639496,0.5320589542388916,0.5007516145706177,0.5501735210418701,0.5231114625930786,0.48541587591171265,0.5079696178436279,0.48377177119255066,0.5363942384719849,0.5375705361366272,0.5376023650169373,0.4944436252117157,0.5486516952514648,0.526953399181366,0.574978768825531,0.49818581342697144,0.5763052701950073,0.5246854424476624,0.6235036849975586,0.4980722665786743,0.6241517066955566,0.5310783386230469,0.6754307150840759,0.48821914196014404,0.6789864897727966
162,0.5145279169082642,0.47442322969436646,0.5378162860870361,0.496805876493454,0.5529958009719849,0.5208554863929749,0.49200624227523804,0.5008445978164673,0.48322710394859314,0.5306100845336914,0.5400955080986023,0.5324039459228516,0.4963544011116028,0.546920657157898,0.5282974243164062,0.5695428848266602,0.4979771375656128,0.569776713848114,0.5265589952468872,0.6192073225975037,0.49718210101127625,0.6194798946380615,0.5309604406356812,0.6710068583488464,0.4887426495552063,0.6724309921264648
163,0.5100092887878418,0.47288018465042114,0.5356770157814026,0.497588574886322,0.5534095764160156,0.5214670896530151,0.4858080744743347,0.5023586750030518,0.48192834854125977,0.5321887135505676,0.5390839576721191,0.5357967615127563,0.49553894996643066,0.5491769313812256,0.5282010436058044,0.5706615447998047,0.49703657627105713,0.5712926387786865,0.5281192064285278,0.6187397241592407,0.49666541814804077,0.6208823323249817,0.5319213271141052,0.6716952323913574,0.4882067143917084,0.6750627756118774
164,0.5135014057159424,0.47468990087509155,0.5390174388885498,0.5016338229179382,0.5547260046005249,0.5176869630813599,0.4877512454986572,0.4994199872016907,0.4810894727706909,0.5301007032394409,0.5434759855270386,0.5392418503761292,0.49374401569366455,0.5310769081115723,0.5288764238357544,0.5701308250427246,0.49762603640556335,0.5711474418640137,0.528598427772522,0.617617130279541,0.4976121187210083,0.619280219078064,0.5321239829063416,0.6710032820701599,0.489851713180542,0.6669871807098389
165,0.5076048374176025,0.470611572265625,0.5316106677055359,0.49789175391197205,0.5482317209243774,0.5192891359329224,0.48453718423843384,0.498879075050354,0.48121243715286255,0.5264769792556763,0.5413589477539062,0.5283900499343872,0.49299514293670654,0.545537531375885,0.5268762111663818,0.5642417669296265,0.4980357885360718,0.5648324489593506,0.5297799110412598,0.6174635887145996,0.5008208751678467,0.6195626258850098,0.5337645411491394,0.6696537733078003,0.48936840891838074,0.67154860496521
166,0.5093224048614502,0.47000831365585327,0.5355421304702759,0.49953657388687134,0.5504911541938782,0.5209391117095947,0.48583337664604187,0.49312686920166016,0.48122280836105347,0.5257680416107178,0.5373380184173584,0.5396813154220581,0.4910699725151062,0.5405595898628235,0.5272704362869263,0.5676553845405579,0.4969349503517151,0.567874550819397,0.5303664207458496,0.6155382394790649,0.4991384446620941,0.6172359585762024,0.5327713489532471,0.6697258353233337,0.4879966676235199,0.6721724271774292
167,0.5071873068809509,0.46568894386291504,0.5370556116104126,0.49355098605155945,0.5517916679382324,0.5151333808898926,0.484371155500412,0.4950888156890869,0.47975751757621765,0.5150191187858582,0.5432450771331787,0.518562912940979,0.49109113216400146,0.5225302577018738,0.5296255946159363,0.5645960569381714,0.497530072927475,0.5653737783432007,0.531369686126709,0.6060572862625122,0.4987632930278778,0.6073553562164307,0.5344449281692505,0.6657829284667969,0.48874497413635254,0.6684473752975464
168,0.4999699592590332,0.4642741084098816,0.5361795425415039,0.4929364323616028,0.5551775097846985,0.5061157941818237,0.4820824861526489,0.4891756474971771,0.4791880249977112,0.5136330127716064,0.5548464059829712,0.4844651222229004,0.4783397912979126,0.49712976813316345,0.5281369686126709,0.5653977990150452,0.49492380023002625,0.5663237571716309,0.5291483998298645,0.6126525402069092,0.4948198199272156,0.6122057437896729,0.5300907492637634,0.6698316931724548,0.4875079393386841,0.6693674325942993
169,0.511666476726532,0.46163177490234375,0.5388921499252319,0.4879363775253296,0.5536788105964661,0.5095233917236328,0.48895490169525146,0.4881783425807953,0.48297592997550964,0.5110840797424316,0.5421071648597717,0.5202980637550354,0.493144154548645,0.5231954455375671,0.5295829176902771,0.5620864629745483,0.49751660227775574,0.5621992945671082,0.5336355566978455,0.6079079508781433,0.49415022134780884,0.6091104745864868,0.5332740545272827,0.6689476370811462,0.48967063426971436,0.6716029047966003
170,0.5022178888320923,0.4548834562301636,0.5319243669509888,0.47902998328208923,0.5498042106628418,0.5125901699066162,0.4832483232021332,0.4807587265968323,0.48155057430267334,0.5149554014205933,0.5373061895370483,0.524438202381134,0.49180468916893005,0.5285600423812866,0.531312108039856,0.5600152611732483,0.4975350797176361,0.5603059530258179,0.5356318354606628,0.6073500514030457,0.49466216564178467,0.611026406288147,0.5332719087600708,0.6677186489105225,0.49012014269828796,0.6709030866622925
171,0.5020424723625183,0.4528096914291382,0.534687876701355,0.47513866424560547,0.5530465245246887,0.4970460832118988,0.482887864112854,0.47634178400039673,0.48002228140830994,0.506528377532959,0.5507944822311401,0.48519787192344666,0.48892509937286377,0.48567578196525574,0.5331228971481323,0.5548832416534424,0.4983590841293335,0.5571838021278381,0.5320080518722534,0.5994573831558228,0.49876508116722107,0.602027416229248,0.5309833288192749,0.6658937931060791,0.49178534746170044,0.6674637794494629
172,0.508124828338623,0.4506073594093323,0.5423353314399719,0.47067201137542725,0.5553393363952637,0.498391330242157,0.4859635531902313,0.4763523042201996,0.4785173535346985,0.5078781247138977,0.5548514127731323,0.48225605487823486,0.48406586050987244,0.4797860085964203,0.5342310070991516,0.5568736791610718,0.4983333945274353,0.5588529706001282,0.5322080254554749,0.6026701927185059,0.49826741218566895,0.6050752401351929,0.5313001871109009,0.6675893068313599,0.4898776710033417,0.6705653071403503
173,0.5085599422454834,0.444205641746521,0.542655348777771,0.4650181233882904,0.567763090133667,0.4857729375362396,0.4844684302806854,0.4710184931755066,0.46950921416282654,0.49060767889022827,0.5533761978149414,0.48202404379844666,0.47779780626296997,0.47728201746940613,0.5348153114318848,0.5537657737731934,0.5002537965774536,0.5553638935089111,0.5338461399078369,0.6013379096984863,0.5024117231369019,0.601439356803894,0.5293768644332886,0.6651846170425415,0.49139782786369324,0.667492151260376
174,0.5049295425415039,0.4390546977519989,0.5404099225997925,0.4600495994091034,0.553489625453949,0.48806294798851013,0.4826916456222534,0.46344825625419617,0.48032456636428833,0.4876748025417328,0.5474353432655334,0.48348599672317505,0.48824796080589294,0.48840612173080444,0.5338400602340698,0.5458306074142456,0.5010706186294556,0.5470436215400696,0.5346400141716003,0.5978180170059204,0.4974980354309082,0.5983351469039917,0.5296463966369629,0.6636615991592407,0.4940520226955414,0.6582308411598206
175,0.508852481842041,0.440432608127594,0.5430651903152466,0.46458107233047485,0.5523408651351929,0.49698007106781006,0.486980676651001,0.46598073840141296,0.4820682406425476,0.4911838173866272,0.545688807964325,0.48410043120384216,0.48327264189720154,0.4785686433315277,0.5348199605941772,0.5507997274398804,0.5020571351051331,0.5521203279495239,0.5346845984458923,0.6000747084617615,0.49732205271720886,0.6018482446670532,0.5287625789642334,0.6641201376914978,0.49203336238861084,0.6670230627059937
176,0.5067496299743652,0.43694359064102173,0.5405892133712769,0.4605855643749237,0.5627025365829468,0.48194751143455505,0.4853791892528534,0.46206676959991455,0.48045963048934937,0.48210322856903076,0.5513970851898193,0.4660273492336273,0.47988414764404297,0.4700338542461395,0.5362638235092163,0.5523961782455444,0.5015475749969482,0.553282618522644,0.5327602028846741,0.6003111004829407,0.49666306376457214,0.5983943939208984,0.5290166735649109,0.6649129390716553,0.4925001263618469,0.6666330099105835
177,0.5161699056625366,0.4320329427719116,0.5495718717575073,0.4557587504386902,0.5694417953491211,0.48129794001579285,0.49837160110473633,0.461715430021286,0.48546433448791504,0.4809582233428955,0.5576785802841187,0.4647255539894104,0.4813053011894226,0.47405874729156494,0.5404629707336426,0.5447567701339722,0.5070241093635559,0.5469516515731812,0.5350261926651001,0.5935686826705933,0.5014848113059998,0.5958359241485596,0.5306344628334045,0.6643549799919128,0.4983830451965332,0.6583236455917358
178,0.5097684264183044,0.43243473768234253,0.5446333885192871,0.4603058993816376,0.5544328093528748,0.4857405126094818,0.48923832178115845,0.4630891680717468,0.4820302426815033,0.4848443269729614,0.5489317178726196,0.4671112895011902,0.48163801431655884,0.46986791491508484,0.5375156402587891,0.551443874835968,0.5022332072257996,0.5547432899475098,0.5323286056518555,0.6038758754730225,0.49842822551727295,0.6043298244476318,0.5265070199966431,0.6667388677597046,0.49373123049736023,0.6687393188476562
179,0.5067917108535767,0.42677685618400574,0.5441200137138367,0.45685526728630066,0.5545653104782104,0.4877032935619354,0.4865414500236511,0.45577752590179443,0.47482985258102417,0.47868162393569946,0.5485602617263794,0.46858012676239014,0.47795864939689636,0.4595057964324951,0.5370083451271057,0.5475422143936157,0.5013242363929749,0.5501745939254761,0.5331363677978516,0.6013327836990356,0.49744105339050293,0.6011496186256409,0.5293596386909485,0.665828287601471,0.49243491888046265,0.6666547656059265
180,0.5096624493598938,0.4318603277206421,0.5431786775588989,0.4594108760356903,0.5573480129241943,0.4822043776512146,0.49035176634788513,0.4599110782146454,0.48173558712005615,0.4791141450405121,0.5545578002929688,0.4258107542991638,0.4795605540275574,0.4389612078666687,0.535053014755249,0.5507397055625916,0.5000185966491699,0.5529775619506836,0.5357477068901062,0.6032551527023315,0.49452459812164307,0.6017025709152222,0.5346285104751587,0.6653477549552917,0.49120575189590454,0.6653248071670532
181,0.514459490776062,0.4266607463359833,0.5461639165878296,0.4550047814846039,0.5613805055618286,0.48395055532455444,0.49395203590393066,0.45638522505760193,0.47846072912216187,0.46632444858551025,0.5571187734603882,0.45206403732299805,0.47199365496635437,0.4298830032348633,0.5358110666275024,0.5479871034622192,0.5020029544830322,0.5494357347488403,0.5333800315856934,0.6004276871681213,0.494931697845459,0.600443959236145,0.5317485928535461,0.6647893190383911,0.4909086227416992,0.6654056906700134
182,0.5151678323745728,0.4285937249660492,0.5420494079589844,0.4547657370567322,0.559116542339325,0.4699626863002777,0.4948849081993103,0.45485955476760864,0.4729824960231781,0.45239219069480896,0.5548529028892517,0.41350090503692627,0.46130824089050293,0.40799424052238464,0.5369372367858887,0.5484620928764343,0.5023072957992554,0.5475039482116699,0.5297160744667053,0.6021559834480286,0.4928585886955261,0.6013090014457703,0.5295028686523438,0.6679245233535767,0.4899088144302368,0.6656503677368164
183,0.5213285684585571,0.4242402911186218,0.5527074933052063,0.44891273975372314,0.553534984588623,0.46501386165618896,0.503585696220398,0.4521101415157318,0.4816388487815857,0.4605918824672699,0.5532429218292236,0.4124492108821869,0.45815330743789673,0.4062672555446625,0.5341349244117737,0.5433123111724854,0.5038320422172546,0.5437923669815063,0.525426983833313,0.5985578298568726,0.4951200485229492,0.5977844595909119,0.5259029269218445,0.6659780740737915,0.49268847703933716,0.663642168045044
184,0.5117971897125244,0.42759549617767334,0.531901478767395,0.4543405771255493,0.5439397096633911,0.45082077383995056,0.5003057718276978,0.45607790350914,0.48999685049057007,0.43709903955459595,0.5525137186050415,0.3976421356201172,0.46042463183403015,0.3894319534301758,0.5298165082931519,0.5460202693939209,0.5053886771202087,0.546912431716919,0.5230198502540588,0.603050947189331,0.49716031551361084,0.6020085215568542,0.5236543416976929,0.6722745299339294,0.4953562021255493,0.6668145060539246
185,0.5143581628799438,0.42617449164390564,0.5418880581855774,0.4561140239238739,0.5643231272697449,0.4387980103492737,0.49469193816185,0.45152056217193604,0.46556100249290466,0.4235405921936035,0.5523144006729126,0.3960089385509491,0.453612744808197,0.38128575682640076,0.5370748043060303,0.5446291565895081,0.5036551356315613,0.544141411781311,0.5301303863525391,0.5993836522102356,0.4998120665550232,0.598376989364624,0.5307822227478027,0.6677826642990112,0.4882514476776123,0.665184497833252
186,0.5199904441833496,0.4260455369949341,0.5407834649085999,0.45595574378967285,0.5654662847518921,0.42500728368759155,0.4958599805831909,0.4504847526550293,0.46698570251464844,0.41543492674827576,0.556114673614502,0.3849947452545166,0.45443958044052124,0.37906378507614136,0.5372220873832703,0.5439178943634033,0.5031833648681641,0.5430585741996765,0.53206467628479,0.6032222509384155,0.5007782578468323,0.597771167755127,0.5313884615898132,0.6684841513633728,0.48937803506851196,0.6648604869842529
187,0.5214285850524902,0.42320680618286133,0.5434082746505737,0.4546668231487274,0.5651624202728271,0.4193320870399475,0.4978702664375305,0.45081982016563416,0.4686959683895111,0.41145509481430054,0.5573325753211975,0.3787974715232849,0.463201105594635,0.3727653920650482,0.5388654470443726,0.5496037006378174,0.5028051137924194,0.5477646589279175,0.5310793519020081,0.6037057638168335,0.5008198618888855,0.6022635698318481,0.5332939028739929,0.6725277900695801,0.4888775944709778,0.6674162745475769
188,0.519377589225769,0.41805005073547363,0.5452499389648438,0.4466107487678528,0.5624244213104248,0.4267101287841797,0.5002075433731079,0.44682371616363525,0.4705977141857147,0.4113752841949463,0.5554293394088745,0.3692733645439148,0.45330989360809326,0.3621499538421631,0.5386025309562683,0.5426584482192993,0.5076937675476074,0.5433439016342163,0.5269063711166382,0.6002561450004578,0.4945828318595886,0.599290132522583,0.5303285121917725,0.6761716604232788,0.49287649989128113,0.6699191331863403
189,0.518343448638916,0.41564249992370605,0.5357455015182495,0.446161687374115,0.5484016537666321,0.41624557971954346,0.5029691457748413,0.44870030879974365,0.48857855796813965,0.41661733388900757,0.5553213357925415,0.36575597524642944,0.46050554513931274,0.36335062980651855,0.5355823040008545,0.5449687838554382,0.5095140337944031,0.5444101095199585,0.524882435798645,0.6007344126701355,0.4961279630661011,0.5994060635566711,0.5270563364028931,0.6750668883323669,0.495268315076828,0.6678633689880371
190,0.509620189666748,0.40228843688964844,0.5160549879074097,0.4349817633628845,0.5004849433898926,0.4158863425254822,0.5188167095184326,0.43748748302459717,0.5016095638275146,0.4180092215538025,0.4673847556114197,0.36003348231315613,0.5529568195343018,0.3620021939277649,0.518073558807373,0.5292118191719055,0.5195155143737793,0.5303527116775513,0.5111581683158875,0.5965954065322876,0.5101349353790283,0.5999405384063721,0.5157743096351624,0.6727834939956665,0.5011346936225891,0.6669191718101501
191,0.5035308599472046,0.3953552842140198,0.49815428256988525,0.428611159324646,0.48498302698135376,0.4125712811946869,0.5241407752037048,0.4322187602519989,0.5347550511360168,0.4223901629447937,0.46002599596977234,0.3599235415458679,0.5504887104034424,0.36390548944473267,0.5092065930366516,0.5251725912094116,0.5252798199653625,0.5251796245574951,0.5000197291374207,0.5927640199661255,0.5147368311882019,0.5961431264877319,0.503633975982666,0.6676499247550964,0.5055302977561951,0.6678814888000488
192,0.4978522062301636,0.37967079877853394,0.49589741230010986,0.41678857803344727,0.47514021396636963,0.4098893105983734,0.528106689453125,0.4219473600387573,0.5351054072380066,0.4208778738975525,0.4594363570213318,0.3578464388847351,0.5478650331497192,0.36005038022994995,0.5084589719772339,0.5119922161102295,0.526740550994873,0.5122871994972229,0.5005713701248169,0.5868014693260193,0.5179948806762695,0.5905454158782959,0.5015894770622253,0.662428081035614,0.5039113163948059,0.6618056297302246
193,0.49677714705467224,0.37266087532043457,0.48109909892082214,0.4043896794319153,0.46536391973495483,0.393878698348999,0.5271096229553223,0.4120274782180786,0.5126189589500427,0.4083438813686371,0.4537593126296997,0.34607160091400146,0.5457189083099365,0.3548677861690521,0.4954187572002411,0.5031715631484985,0.5253276824951172,0.5050317645072937,0.4911714792251587,0.5852227210998535,0.5154343247413635,0.59086012840271,0.4938151240348816,0.6595093607902527,0.5058350563049316,0.6604242324829102
194,0.493486225605011,0.3660223186016083,0.478794664144516,0.39703840017318726,0.46903377771377563,0.41360804438591003,0.529423177242279,0.403756707906723,0.5335026979446411,0.4146695137023926,0.4702445864677429,0.38815879821777344,0.523485541343689,0.39770203828811646,0.4960269629955292,0.49574559926986694,0.5289078950881958,0.498954176902771,0.49175652861595154,0.5826320052146912,0.5144021511077881,0.5858902335166931,0.49453675746917725,0.6589378118515015,0.5073777437210083,0.6601793169975281
195,0.49173927307128906,0.36071085929870605,0.480439156293869,0.3859620988368988,0.4640686511993408,0.38958367705345154,0.5221717357635498,0.39743125438690186,0.5205717086791992,0.3998468816280365,0.4688524007797241,0.37186098098754883,0.5217587947845459,0.3946837782859802,0.4956550598144531,0.4947740435600281,0.5255097150802612,0.49965935945510864,0.49299368262290955,0.583366870880127,0.5101412534713745,0.5868734121322632,0.4952637851238251,0.6606694459915161,0.5068966746330261,0.6722692251205444
196,0.5059921145439148,0.38304048776626587,0.5224218368530273,0.40831512212753296,0.5098345875740051,0.37935706973075867,0.5004554390907288,0.41071587800979614,0.49093466997146606,0.38001877069473267,0.5465489625930786,0.32530489563941956,0.4565938115119934,0.32000306248664856,0.5253909826278687,0.5072324275970459,0.5076286196708679,0.5097578763961792,0.5144010186195374,0.5929797291755676,0.49599701166152954,0.5921378135681152,0.520167350769043,0.6644281148910522,0.492662250995636,0.6625432968139648
197,0.5043023228645325,0.38629695773124695,0.5262867212295532,0.40891724824905396,0.5341718196868896,0.37493595480918884,0.4908292293548584,0.4076842963695526,0.46651071310043335,0.37572380900382996,0.546821117401123,0.3236454725265503,0.45084983110427856,0.3184542953968048,0.525881290435791,0.509710431098938,0.500828742980957,0.5110262632369995,0.5146975517272949,0.5945228338241577,0.49708840250968933,0.5922238826751709,0.519497811794281,0.6654542684555054,0.4915340840816498,0.6626920700073242
198,0.5055567026138306,0.38012832403182983,0.5192968249320984,0.40625712275505066,0.5087331533432007,0.3720732629299164,0.49727916717529297,0.4094086289405823,0.4906005263328552,0.3733883500099182,0.5470148921012878,0.31930994987487793,0.4526829719543457,0.31309038400650024,0.5180036425590515,0.508736252784729,0.5030328035354614,0.510973334312439,0.5052353143692017,0.5948580503463745,0.49864208698272705,0.5948387980461121,0.5077283382415771,0.6675305366516113,0.4954865872859955,0.6642722487449646
199,0.49968141317367554,0.3643282651901245,0.4831629693508148,0.39169836044311523,0.4716298282146454,0.3856823444366455,0.525799572467804,0.3985029458999634,0.52830570936203,0.3753087520599365,0.4531857967376709,0.3237544596195221,0.5452940464019775,0.3269193768501282,0.4946940839290619,0.49707338213920593,0.5246667265892029,0.5005148649215698,0.49012452363967896,0.586358904838562,0.5142338275909424,0.5917758345603943,0.4904038906097412,0.6620436310768127,0.5093796849250793,0.6649373769760132
200,0.47230827808380127,0.31505125761032104,0.48756569623947144,0.37398016452789307,0.4527376890182495,0.3322410583496094,0.5212425589561462,0.37468957901000977,0.5161381363868713,0.3622388541698456,0.4528152644634247,0.3273702561855316,0.5033538341522217,0.36475664377212524,0.49608442187309265,0.4997848868370056,0.5254970788955688,0.5034475922584534,0.4911249577999115,0.5843680500984192,0.5096577405929565,0.587683916091919,0.4900817573070526,0.6648573875427246,0.5081762075424194,0.6689204573631287
201,0.4776706397533417,0.3022163212299347,0.4614606499671936,0.31837591528892517,0.45039647817611694,0.33261188864707947,0.5212867856025696,0.3401176929473877,0.5200077295303345,0.357745885848999,0.4814595580101013,0.366380512714386,0.5073390603065491,0.364875853061676,0.5005689263343811,0.47206050157546997,0.5285114049911499,0.4766373634338379,0.49650847911834717,0.5659995079040527,0.5177416801452637,0.5507915019989014,0.49500975012779236,0.6559697389602661,0.5101284384727478,0.6585881114006042
202,0.47805139422416687,0.3004341721534729,0.46613866090774536,0.31279683113098145,0.4569224715232849,0.3265557885169983,0.5151664018630981,0.3414766788482666,0.5110901594161987,0.35837575793266296,0.4579964578151703,0.3335728645324707,0.47126322984695435,0.33381280303001404,0.5048928260803223,0.49210596084594727,0.526427686214447,0.496146559715271,0.49915289878845215,0.5726731419563293,0.515007734298706,0.5694593191146851,0.4954323172569275,0.6590998768806458,0.5081617832183838,0.6609827280044556
203,0.4793351888656616,0.29771900177001953,0.46594423055648804,0.30927106738090515,0.45982202887535095,0.3208580017089844,0.5182219743728638,0.3418493866920471,0.5077697038650513,0.34618470072746277,0.47970080375671387,0.3591020703315735,0.49723169207572937,0.35806185007095337,0.5064109563827515,0.49376189708709717,0.5152406692504883,0.38204967975616455,0.49524006247520447,0.5699731111526489,0.5151265263557434,0.5700257420539856,0.5010944604873657,0.6569982767105103,0.5116895437240601,0.6580235958099365
204,0.47698649764060974,0.286501944065094,0.4647563099861145,0.29465293884277344,0.4550796151161194,0.31334632635116577,0.499349445104599,0.3040275573730469,0.4775776267051697,0.313595175743103,0.4694398045539856,0.3305087983608246,0.4969896078109741,0.3513079881668091,0.4748917818069458,0.3431107997894287,0.5096429586410522,0.36417728662490845,0.4908970594406128,0.37809449434280396,0.5127530097961426,0.3842666745185852,0.49200543761253357,0.38713186979293823,0.5057687163352966,0.3867543935775757
205,0.4889819622039795,0.3030131757259369,0.49313777685165405,0.34227514266967773,0.4866534471511841,0.3509543836116791,0.5226317644119263,0.34476742148399353,0.5160354971885681,0.3491330146789551,0.49089282751083374,0.3541814684867859,0.5096265077590942,0.35369133949279785,0.5019336938858032,0.48121652007102966,0.5256415605545044,0.4860956370830536,0.4870438575744629,0.5820966958999634,0.4993446469306946,0.5869711637496948,0.48841580748558044,0.6674864292144775,0.5047849416732788,0.6701478362083435
206,0.5026744604110718,0.3352726399898529,0.49562323093414307,0.36385151743888855,0.4799194931983948,0.36467474699020386,0.5237867832183838,0.3637389540672302,0.5131028890609741,0.35666653513908386,0.49144884943962097,0.3532899022102356,0.5096639394760132,0.35201317071914673,0.5024629831314087,0.4909067749977112,0.5288470983505249,0.48947402834892273,0.49036210775375366,0.5871879458427429,0.4997740685939789,0.5924904346466064,0.49236541986465454,0.6687624454498291,0.5050148963928223,0.6713544130325317
207,0.5021300911903381,0.35466063022613525,0.5233780741691589,0.3871525526046753,0.5328230857849121,0.38083964586257935,0.48866701126098633,0.38483306765556335,0.47971221804618835,0.3817293047904968,0.5123304128646851,0.3468789756298065,0.474942684173584,0.32437577843666077,0.520393431186676,0.49757057428359985,0.496610164642334,0.4996623694896698,0.505990743637085,0.5944988131523132,0.49398526549339294,0.594133734703064,0.5082530379295349,0.6745705008506775,0.49019476771354675,0.6701509952545166
208,0.5008221864700317,0.33664196729660034,0.5038012266159058,0.364899218082428,0.5041046738624573,0.37329837679862976,0.5111132264137268,0.3676745891571045,0.5078629851341248,0.36515241861343384,0.5011847019195557,0.356376051902771,0.5047495365142822,0.3559252917766571,0.5040528774261475,0.481412410736084,0.5093791484832764,0.48554107546806335,0.4944685101509094,0.5826659202575684,0.49952802062034607,0.5881494283676147,0.4970027208328247,0.6660345792770386,0.4988654553890228,0.6673683524131775
209,0.4860082268714905,0.27903130650520325,0.4674302041530609,0.289394348859787,0.4575674533843994,0.31043124198913574,0.5110718607902527,0.2953508496284485,0.4842555522918701,0.3083799481391907,0.4750133752822876,0.32720300555229187,0.5086389183998108,0.34241825342178345,0.49772772192955017,0.35695382952690125,0.5147682428359985,0.35791414976119995,0.49547237157821655,0.38232719898223877,0.5174043774604797,0.38117489218711853,0.49477121233940125,0.3873414993286133,0.5103191137313843,0.38163769245147705
210,0.48557841777801514,0.276985764503479,0.46983838081359863,0.28766679763793945,0.4631872773170471,0.31338152289390564,0.5089923143386841,0.2947480380535126,0.5054707527160645,0.3208417594432831,0.48276132345199585,0.340689480304718,0.503659725189209,0.3455452620983124,0.49894723296165466,0.3583463132381439,0.5098794102668762,0.35958582162857056,0.4964541792869568,0.38204237818717957,0.5119624137878418,0.3822144865989685,0.4970766305923462,0.3896079659461975,0.5052046775817871,0.3858930468559265
211,0.48504871129989624,0.27100062370300293,0.46993911266326904,0.2828347682952881,0.4642869830131531,0.3073486089706421,0.5058383941650391,0.2857234477996826,0.5056871175765991,0.3114873170852661,0.4794662594795227,0.33089861273765564,0.5042940378189087,0.33921143412590027,0.5007796287536621,0.34821444749832153,0.5103710889816284,0.3418913781642914,0.4971272349357605,0.37310469150543213,0.5136685967445374,0.374508261680603,0.49592894315719604,0.38787078857421875,0.5041791796684265,0.38489973545074463
212,0.48752254247665405,0.2700900733470917,0.47114259004592896,0.2823663353919983,0.4650096893310547,0.3066585958003998,0.546756386756897,0.28475213050842285,0.48393315076828003,0.3061123490333557,0.4801415205001831,0.3307552933692932,0.5047797560691833,0.3380422294139862,0.5013998746871948,0.3460567891597748,0.5115001201629639,0.33960258960723877,0.4967409074306488,0.3703126311302185,0.5150811672210693,0.37154099345207214,0.49825209379196167,0.3849707543849945,0.5038660764694214,0.3836437165737152
213,0.4882301092147827,0.2756084203720093,0.47357627749443054,0.28614720702171326,0.46699756383895874,0.30980873107910156,0.5082001090049744,0.2924155592918396,0.4822121560573578,0.30943822860717773,0.49403128027915955,0.3453046977519989,0.5031750202178955,0.3444577157497406,0.5033437013626099,0.3525965213775635,0.510480523109436,0.3536200225353241,0.49995875358581543,0.37651774287223816,0.5115177035331726,0.37809714674949646,0.4985290765762329,0.3886612057685852,0.506095290184021,0.38724809885025024
214,0.48560118675231934,0.27522557973861694,0.47020095586776733,0.286138653755188,0.46332859992980957,0.30932193994522095,0.5080223679542542,0.2935694754123688,0.5069993734359741,0.31777578592300415,0.4811649024486542,0.33326804637908936,0.506287693977356,0.34406206011772156,0.5002349615097046,0.3515896499156952,0.5095070004463196,0.34488463401794434,0.4984099566936493,0.3763059377670288,0.5125826597213745,0.37779733538627625,0.4948972165584564,0.38741034269332886,0.5073789954185486,0.3856830298900604
215,0.48533421754837036,0.2741880416870117,0.46930360794067383,0.28615957498550415,0.4629402756690979,0.3105136752128601,0.5072007775306702,0.29251614212989807,0.5047770738601685,0.31392815709114075,0.48008131980895996,0.3323539197444916,0.505101203918457,0.34327933192253113,0.49944302439689636,0.35016652941703796,0.5089019536972046,0.3435952067375183,0.49774667620658875,0.3751438558101654,0.5130914449691772,0.3764533996582031,0.4937751293182373,0.387548565864563,0.5029436349868774,0.38595592975616455
216,0.48140984773635864,0.27281081676483154,0.4673256278038025,0.2830848693847656,0.46068641543388367,0.30749937891960144,0.5058664083480835,0.29219353199005127,0.478551983833313,0.30588623881340027,0.47231578826904297,0.3239303231239319,0.4948694705963135,0.34041422605514526,0.5010489225387573,0.35552895069122314,0.5119280815124512,0.3566480875015259,0.4935789704322815,0.3641321063041687,0.5128738880157471,0.36679038405418396,0.4936498999595642,0.37896114587783813,0.5014618039131165,0.3802562952041626
217,0.48257195949554443,0.2732261121273041,0.47590434551239014,0.28437814116477966,0.4722180962562561,0.3083464801311493,0.48158806562423706,0.29086387157440186,0.4743756949901581,0.30761921405792236,0.48170340061187744,0.3252333104610443,0.49286532402038574,0.34120965003967285,0.5043013095855713,0.3521321713924408,0.505146861076355,0.35337167978286743,0.49988099932670593,0.3730465769767761,0.5059466361999512,0.3724000155925751,0.49397146701812744,0.38393843173980713,0.49691301584243774,0.38294491171836853
218,0.48382824659347534,0.28335854411125183,0.47540220618247986,0.2923436760902405,0.5011296272277832,0.3473471403121948,0.4853546619415283,0.29963693022727966,0.5061637759208679,0.3458319902420044,0.49516499042510986,0.35819685459136963,0.49762582778930664,0.3567832410335541,0.5054308176040649,0.3730834722518921,0.508774995803833,0.37422582507133484,0.5010923147201538,0.3888184726238251,0.5065683126449585,0.38786646723747253,0.5008684992790222,0.3935069441795349,0.5050495862960815,0.38760095834732056
219,0.4849640727043152,0.2891217768192291,0.5072019100189209,0.3398687243461609,0.5070558190345764,0.35251903533935547,0.5106886029243469,0.3411538600921631,0.5056734681129456,0.35112661123275757,0.5015820264816284,0.3586188554763794,0.49937278032302856,0.3581439256668091,0.5124850869178772,0.3903403878211975,0.5102097988128662,0.39135825634002686,0.5060670971870422,0.3890894055366516,0.5065911412239075,0.3900585174560547,0.49568793177604675,0.6561781167984009,0.4962443709373474,0.6557718515396118
220,0.5592432022094727,0.29790619015693665,0.508851170539856,0.34558582305908203,0.5070587396621704,0.35701698064804077,0.5161446332931519,0.34661155939102173,0.5110737681388855,0.35571128129959106,0.5049805641174316,0.3597080111503601,0.5063837170600891,0.35938698053359985,0.5137919783592224,0.3903265595436096,0.5145009756088257,0.3914574086666107,0.507836103439331,0.38945621252059937,0.5133023262023926,0.3905017375946045,0.5223067998886108,0.49845561385154724,0.5100429058074951,0.38562697172164917
221,0.645230233669281,0.4571322202682495,0.6505300998687744,0.4820835292339325,0.6503067016601562,0.49540358781814575,0.6494768857955933,0.47966110706329346,0.6427791118621826,0.49224743247032166,0.6616750955581665,0.5163292288780212,0.6537822484970093,0.507210373878479,0.6531243324279785,0.521432638168335,0.65141761302948,0.5247243046760559,0.6552727222442627,0.535284161567688,0.6534594893455505,0.5367685556411743,0.6693358421325684,0.56418776512146,0.6699813604354858,0.5628173351287842
222,0.6455478668212891,0.45697569847106934,0.6505436301231384,0.4821496903896332,0.6501749157905579,0.495525062084198,0.6508374214172363,0.4795416593551636,0.6441986560821533,0.49222609400749207,0.6619765758514404,0.5150849223136902,0.6546066999435425,0.5053448677062988,0.6540794968605042,0.5222532749176025,0.6527012586593628,0.525301992893219,0.6570838689804077,0.5350826978683472,0.6550459861755371,0.5364552140235901,0.6957027912139893,0.5876389145851135,0.6705183982849121,0.5611793994903564
223,0.6441769599914551,0.4559802711009979,0.6499165892601013,0.47941964864730835,0.6510688662528992,0.4969870448112488,0.6499002575874329,0.4767308235168457,0.6431132555007935,0.4908326268196106,0.6592620015144348,0.5110937356948853,0.6539196968078613,0.502435028553009,0.6543488502502441,0.5206456184387207,0.652525782585144,0.5235316753387451,0.6568161249160767,0.5337507724761963,0.6537380218505859,0.5347049236297607,0.668514609336853,0.5605080127716064,0.6684449911117554,0.5588507056236267
224,0.6435878276824951,0.455991268157959,0.6497938632965088,0.47892773151397705,0.6515958309173584,0.4962460994720459,0.6488955616950989,0.4769916534423828,0.6426841020584106,0.4910527169704437,0.6602699756622314,0.5112251043319702,0.6540727019309998,0.5027241110801697,0.654647707939148,0.5205432772636414,0.652480959892273,0.5237069129943848,0.6563833355903625,0.5336747169494629,0.6535327434539795,0.5347243547439575,0.6690472364425659,0.5604848861694336,0.6689697504043579,0.5591135025024414
225,0.6431429982185364,0.45490241050720215,0.6467188596725464,0.4753722846508026,0.6511257886886597,0.4956602454185486,0.6473743915557861,0.47547587752342224,0.641495943069458,0.49004611372947693,0.6588223576545715,0.510200560092926,0.6530110239982605,0.5019092559814453,0.6535065174102783,0.5189715623855591,0.6511619687080383,0.5222751498222351,0.6554049849510193,0.5325894355773926,0.6516091227531433,0.5336640477180481,0.6677164435386658,0.5594316720962524,0.6672354936599731,0.5581742525100708
226,0.6429278254508972,0.4547596573829651,0.646967887878418,0.47575241327285767,0.6511390209197998,0.49638956785202026,0.6467795372009277,0.4754384458065033,0.640937328338623,0.48967039585113525,0.6582072973251343,0.5097090005874634,0.6517246961593628,0.5011065006256104,0.6535612344741821,0.5185075402259827,0.6508881449699402,0.5218734741210938,0.6556105017662048,0.5324784517288208,0.6509023904800415,0.5335068106651306,0.6675354242324829,0.5598482489585876,0.6665768623352051,0.5585743188858032
227,0.48473668098449707,0.2944180965423584,0.5055773854255676,0.3426373600959778,0.5045817494392395,0.3529435098171234,0.5631259679794312,0.312558114528656,0.515097975730896,0.351676344871521,0.49850723147392273,0.35641413927078247,0.5044100284576416,0.3555137515068054,0.5122276544570923,0.3872626721858978,0.5173395276069641,0.3884323835372925,0.5084588527679443,0.38722723722457886,0.516659677028656,0.3881167769432068,0.5197272300720215,0.4364665448665619,0.5097378492355347,0.3854832351207733
228,0.4781133532524109,0.28279736638069153,0.465015172958374,0.2886602580547333,0.45650243759155273,0.3117489814758301,0.5044456720352173,0.29769259691238403,0.4776202440261841,0.3088303208351135,0.47219210863113403,0.32918548583984375,0.4953734874725342,0.3427378833293915,0.47429221868515015,0.3390117287635803,0.5120614171028137,0.3621465861797333,0.49333637952804565,0.3708937168121338,0.5157892107963562,0.3749921917915344,0.4875156283378601,0.3739873766899109,0.5043801069259644,0.37581655383110046
229,0.4782786965370178,0.2887909710407257,0.47012317180633545,0.29764610528945923,0.4620237946510315,0.3164929449558258,0.48834723234176636,0.2978135049343109,0.47723865509033203,0.31542038917541504,0.4918608069419861,0.34799155592918396,0.5011115670204163,0.34649908542633057,0.48957666754722595,0.36563417315483093,0.5098671317100525,0.3689722716808319,0.4968639314174652,0.38009271025657654,0.5106786489486694,0.38184496760368347,0.49572595953941345,0.37902724742889404,0.5060948133468628,0.377960205078125
230,0.4781329035758972,0.29069003462791443,0.472046822309494,0.2996199429035187,0.46423977613449097,0.3186407685279846,0.4878964126110077,0.29958969354629517,0.5091221332550049,0.34139662981033325,0.49167901277542114,0.34885939955711365,0.5004520416259766,0.3473750352859497,0.5006991624832153,0.3680498003959656,0.5099090337753296,0.36952728033065796,0.49852418899536133,0.3820572793483734,0.5105918645858765,0.383076548576355,0.4923575818538666,0.3909396529197693,0.5054933428764343,0.3786126375198364
231,0.4789451062679291,0.2905925214290619,0.47192487120628357,0.30051857233047485,0.4640999734401703,0.31920018792152405,0.4894767701625824,0.30070993304252625,0.5097041726112366,0.34111496806144714,0.4902234971523285,0.348359078168869,0.5000133514404297,0.3468405604362488,0.5009725093841553,0.36838096380233765,0.5108942985534668,0.3698170781135559,0.4983813166618347,0.3819657266139984,0.5109432935714722,0.3824061155319214,0.4951044023036957,0.3787265419960022,0.5049418210983276,0.3773255944252014
232,0.4791575074195862,0.29033130407333374,0.47081634402275085,0.3000245690345764,0.4616125524044037,0.3174217939376831,0.48755526542663574,0.30103039741516113,0.47618889808654785,0.31583303213119507,0.47953951358795166,0.3349509835243225,0.49857616424560547,0.3455333113670349,0.4887046813964844,0.3654787242412567,0.5092887282371521,0.36834996938705444,0.4961031377315521,0.3804609477519989,0.5088900327682495,0.38131916522979736,0.49332794547080994,0.37783703207969666,0.5026411414146423,0.37562447786331177
233,0.4779735207557678,0.29493987560272217,0.4716489911079407,0.3042491674423218,0.4682510495185852,0.32968467473983765,0.4852927327156067,0.30504631996154785,0.5053203105926514,0.34472233057022095,0.4894522428512573,0.3508220613002777,0.4966937303543091,0.3499913215637207,0.5039555430412292,0.38534972071647644,0.5088819265365601,0.3737327754497528,0.49846550822257996,0.39465123414993286,0.506787121295929,0.38633185625076294,0.49471044540405273,0.38076335191726685,0.5014971494674683,0.38013607263565063
234,0.47969627380371094,0.29635339975357056,0.4750462472438812,0.3044329881668091,0.4946781396865845,0.34656375646591187,0.4849887788295746,0.3046994209289551,0.5034153461456299,0.3457157611846924,0.49014386534690857,0.35236650705337524,0.49480265378952026,0.35208210349082947,0.5058810710906982,0.38676726818084717,0.5104148387908936,0.38811907172203064,0.49830204248428345,0.3954479694366455,0.5059136152267456,0.38644659519195557,0.4918672740459442,0.39293229579925537,0.5002191662788391,0.3812091052532196
235,0.4797309637069702,0.2932879328727722,0.47514089941978455,0.3045734167098999,0.49888741970062256,0.34852108359336853,0.4842486083507538,0.30532026290893555,0.5049079656600952,0.3479229807853699,0.49552375078201294,0.35345181822776794,0.4982743263244629,0.35355937480926514,0.5081507563591003,0.38623905181884766,0.5109618306159973,0.3879164457321167,0.5007847547531128,0.3964737057685852,0.507449746131897,0.3890736699104309,0.4967987537384033,0.40710780024528503,0.503600001335144,0.3825628459453583
236,0.6472206115722656,0.4617057740688324,0.6511374711990356,0.48833557963371277,0.6526137590408325,0.505095899105072,0.6533153057098389,0.4849170446395874,0.6441183686256409,0.4986972510814667,0.6644536852836609,0.5311880707740784,0.6522326469421387,0.515804648399353,0.6542903184890747,0.5340245962142944,0.6531162858009338,0.5373879671096802,0.6557883620262146,0.5422901511192322,0.6535732746124268,0.5450448989868164,0.7006096243858337,0.6015307903289795,0.4949127435684204,0.6512055397033691
237,0.052428632974624634,0.49218854308128357,0.09056837856769562,0.5010464787483215,0.09410424530506134,0.5106553435325623,0.09153516590595245,0.5005348920822144,0.09157922118902206,0.511849045753479,0.10092650353908539,0.5198205709457397,0.03707553446292877,0.5117703080177307,0.06295301020145416,0.5165953636169434,0.061501048505306244,0.5170420408248901,0.06312370300292969,0.5333386659622192,0.06697271019220352,0.5337895154953003,0.08743944764137268,0.5438499450683594,0.07214391231536865,0.5450656414031982
238,0.4812851846218109,0.29804807901382446,0.47588902711868286,0.3060656785964966,0.4983273446559906,0.3488423526287079,0.5124026536941528,0.32107776403427124,0.5086556673049927,0.3476892113685608,0.49571579694747925,0.3534560799598694,0.5014594793319702,0.35281550884246826,0.5078498125076294,0.38659220933914185,0.5129583477973938,0.3878524899482727,0.5045343637466431,0.39527302980422974,0.5105522274971008,0.39016979932785034,0.4980878233909607,0.4071134924888611,0.506152331829071,0.3817795515060425
239,0.47585856914520264,0.28658217191696167,0.4711180329322815,0.3016613721847534,0.46396899223327637,0.3243480324745178,0.4852317273616791,0.3021867871284485,0.506036102771759,0.3426259458065033,0.490256667137146,0.3502718210220337,0.4989200532436371,0.34918665885925293,0.49982672929763794,0.3699489235877991,0.5084145665168762,0.371479868888855,0.49522823095321655,0.3942420482635498,0.5074813365936279,0.38531017303466797,0.4912204146385193,0.382080078125,0.5035024881362915,0.38041961193084717
240,0.4788095951080322,0.2896817922592163,0.46691906452178955,0.29781994223594666,0.4547765851020813,0.3180457651615143,0.5617172718048096,0.3126105070114136,0.5163396596908569,0.3439905345439911,0.4761858582496643,0.34349656105041504,0.4971810281276703,0.35590335726737976,0.4994179606437683,0.36835622787475586,0.5178604125976562,0.36888033151626587,0.49174827337265015,0.37753695249557495,0.5203747749328613,0.38086363673210144,0.4869535565376282,0.38137227296829224,0.506030261516571,0.3834506869316101
241,0.4778745770454407,0.28257063031196594,0.4702567458152771,0.29526233673095703,0.460658997297287,0.3178098201751709,0.5033407807350159,0.30244022607803345,0.5114598274230957,0.3396749198436737,0.48638248443603516,0.3509334325790405,0.4974317252635956,0.3494013249874115,0.5004845261573792,0.3666987121105194,0.5109443664550781,0.3677830100059509,0.49427661299705505,0.37604352831840515,0.5117206573486328,0.37872153520584106,0.49217578768730164,0.380729615688324,0.5031044483184814,0.38116559386253357
242,0.47907954454421997,0.2843102812767029,0.4704473912715912,0.2967555522918701,0.46037423610687256,0.31773051619529724,0.5031747221946716,0.30438217520713806,0.511147677898407,0.3405393958091736,0.4888027310371399,0.3501809239387512,0.4994334876537323,0.348850816488266,0.501532793045044,0.3667823076248169,0.5116037130355835,0.3679548501968384,0.4954155683517456,0.37627625465393066,0.5125886797904968,0.3789295554161072,0.49423426389694214,0.3802887797355652,0.5059752464294434,0.3808925747871399
243,0.4798070788383484,0.2896016240119934,0.46922215819358826,0.3020133376121521,0.4632062315940857,0.32591044902801514,0.5075631737709045,0.31256774067878723,0.5080258846282959,0.34418556094169617,0.48507124185562134,0.3520178198814392,0.49696218967437744,0.3545629382133484,0.5014594197273254,0.38352566957473755,0.5093384981155396,0.3737059235572815,0.49195927381515503,0.3831619918346405,0.5096043348312378,0.38361579179763794,0.4938430190086365,0.3888409733772278,0.5031067728996277,0.38434892892837524
244,0.4805402159690857,0.2944105863571167,0.46760404109954834,0.3070085942745209,0.4620458781719208,0.32926416397094727,0.5121837258338928,0.31859952211380005,0.5106832981109619,0.3473958671092987,0.4836593568325043,0.35781943798065186,0.49799370765686035,0.35632938146591187,0.4899904727935791,0.3853876292705536,0.5133259892463684,0.3882550895214081,0.4938119053840637,0.3927552103996277,0.5111539959907532,0.3879435062408447,0.494617223739624,0.4054315686225891,0.504419207572937,0.38527601957321167
245,0.47749078273773193,0.2906232178211212,0.4675205647945404,0.3069552481174469,0.46137019991874695,0.3278270959854126,0.508102297782898,0.31755730509757996,0.5074359178543091,0.34556683897972107,0.47939202189445496,0.3624364137649536,0.4926915168762207,0.3610806465148926,0.4879475235939026,0.38340896368026733,0.5081781148910522,0.3864295482635498,0.4913485646247864,0.3958309292793274,0.5064193606376648,0.39084339141845703,0.49085569381713867,0.3929390609264374,0.5078444480895996,0.4049152135848999
246,0.47775888442993164,0.2895353436470032,0.46947523951530457,0.30703842639923096,0.4636630415916443,0.3275083005428314,0.5062302350997925,0.3181353211402893,0.5039319396018982,0.34472399950027466,0.48062556982040405,0.36194050312042236,0.49036940932273865,0.36110472679138184,0.48882198333740234,0.3837406039237976,0.505479097366333,0.3869209289550781,0.4925878942012787,0.39802035689353943,0.5033831596374512,0.39315932989120483,0.49151611328125,0.4084392189979553,0.5051038265228271,0.40683242678642273
247,0.4806435704231262,0.29555803537368774,0.4681791067123413,0.3128322958946228,0.46161919832229614,0.3322659730911255,0.5122411251068115,0.3247440457344055,0.5098059177398682,0.3484671115875244,0.4840843379497528,0.3614332377910614,0.4981916546821594,0.3609997630119324,0.4892217814922333,0.3875890374183655,0.509396493434906,0.3902365565299988,0.49254271388053894,0.40328556299209595,0.5108934640884399,0.4026111364364624,0.492371141910553,0.41110047698020935,0.504756510257721,0.43358659744262695
248,0.4790780544281006,0.2942230701446533,0.4692946672439575,0.3123267889022827,0.46304798126220703,0.3315027058124542,0.5101442337036133,0.32345157861709595,0.5077025890350342,0.34725499153137207,0.485352098941803,0.3628292977809906,0.4967012107372284,0.36250215768814087,0.4896448254585266,0.3878287971019745,0.507243275642395,0.3903539180755615,0.4933745563030243,0.40184587240219116,0.5086469650268555,0.4014109969139099,0.49329590797424316,0.4097946286201477,0.5038751363754272,0.43185409903526306
249,0.48051485419273376,0.29697033762931824,0.47169697284698486,0.31421443819999695,0.4649432897567749,0.333271324634552,0.5096248984336853,0.3254546523094177,0.5051133632659912,0.3481628894805908,0.4879790246486664,0.3624725341796875,0.49700361490249634,0.3626457452774048,0.49076175689697266,0.3905796408653259,0.5057950019836426,0.39278215169906616,0.49424347281455994,0.4065268933773041,0.5088211297988892,0.42046254873275757,0.49460119009017944,0.41116195917129517,0.5023846626281738,0.47107887268066406
250,0.48148617148399353,0.29752910137176514,0.4698072075843811,0.31233832240104675,0.46359094977378845,0.33060482144355774,0.5106741189956665,0.3239717483520508,0.5091867446899414,0.3478693664073944,0.48721975088119507,0.3646959662437439,0.49862536787986755,0.36472392082214355,0.4922031760215759,0.3845027685165405,0.5095659494400024,0.3870834708213806,0.4960743188858032,0.39772874116897583,0.5117896795272827,0.3970913589000702,0.49550777673721313,0.40729689598083496,0.5104363560676575,0.40588054060935974
251,0.4806861877441406,0.300068199634552,0.4943670630455017,0.3364189863204956,0.4909532070159912,0.3497188985347748,0.5120177268981934,0.33910414576530457,0.5067471265792847,0.34954071044921875,0.4904141128063202,0.36907869577407837,0.49697256088256836,0.3667541444301605,0.4995095729827881,0.388511061668396,0.5125333070755005,0.41857677698135376,0.4916350841522217,0.47206956148147583,0.5070939064025879,0.47297197580337524,0.49268531799316406,0.4957374334335327,0.5029523372650146,0.4956549406051636
252,0.5074976682662964,0.3390657603740692,0.49595507979393005,0.3523823916912079,0.49614787101745605,0.37063878774642944,0.5167349576950073,0.3561354875564575,0.5110158920288086,0.3706541955471039,0.4911418557167053,0.37016043066978455,0.5004318952560425,0.3695884943008423,0.5125566124916077,0.45596250891685486,0.5286683440208435,0.4578920304775238,0.49250346422195435,0.5476323366165161,0.5025475025177002,0.5810415744781494,0.4920615553855896,0.6658267974853516,0.49529069662094116,0.6652326583862305
253,0.4965971112251282,0.3428393006324768,0.4966197907924652,0.36484843492507935,0.4932885766029358,0.3686935603618622,0.5013171434402466,0.36914706230163574,0.49287116527557373,0.3614977300167084,0.48738962411880493,0.35716283321380615,0.48858678340911865,0.3577137589454651,0.5003045201301575,0.47869226336479187,0.5044258236885071,0.48350512981414795,0.4886319637298584,0.5866404175758362,0.4956485629081726,0.5874844789505005,0.49102258682250977,0.6689357161521912,0.4924266040325165,0.6685279607772827
254,0.4945051372051239,0.3421635031700134,0.4926578998565674,0.36462414264678955,0.46936875581741333,0.35520753264427185,0.5030251741409302,0.36846932768821716,0.4979293942451477,0.3617646098136902,0.479918897151947,0.35186678171157837,0.4945180118083954,0.3554762303829193,0.4909151494503021,0.47625672817230225,0.5027575492858887,0.4798123240470886,0.48577603697776794,0.5837253928184509,0.49470680952072144,0.5878488421440125,0.48903656005859375,0.6679026484489441,0.49247264862060547,0.6676647663116455
255,0.4967381954193115,0.3354479670524597,0.4900766611099243,0.34962019324302673,0.46866828203201294,0.3528751730918884,0.5076720714569092,0.3551288843154907,0.4995569586753845,0.3581676483154297,0.4802923798561096,0.3559747338294983,0.4935811460018158,0.3590085506439209,0.49286991357803345,0.46341472864151,0.5058585405349731,0.46724992990493774,0.4858047366142273,0.5794158577919006,0.4943161904811859,0.5737912654876709,0.48527973890304565,0.6588969826698303,0.4899059534072876,0.6600375175476074
256,0.49506646394729614,0.33487364649772644,0.4898301959037781,0.3493092656135559,0.47025108337402344,0.35267016291618347,0.5035401582717896,0.3555925786495209,0.4968898892402649,0.35808777809143066,0.48816776275634766,0.3579966723918915,0.49422502517700195,0.35868164896965027,0.49026477336883545,0.4732285141944885,0.501979410648346,0.4774302840232849,0.4856037497520447,0.5819826126098633,0.49414297938346863,0.5859166979789734,0.48737603425979614,0.6691468954086304,0.48848527669906616,0.6616727709770203
257,0.49626678228378296,0.33037370443344116,0.4904806613922119,0.3441908061504364,0.4851081967353821,0.3539193570613861,0.5063568353652954,0.3499019742012024,0.5009238123893738,0.3636733293533325,0.48800167441368103,0.36800575256347656,0.49396371841430664,0.36789771914482117,0.49162179231643677,0.4719594717025757,0.5065751075744629,0.4768824577331543,0.4864211976528168,0.5764430165290833,0.4947465658187866,0.5796678066253662,0.4874069094657898,0.6673679351806641,0.4890027940273285,0.6572803854942322
258,0.4960106611251831,0.3292204737663269,0.49542662501335144,0.3538646101951599,0.4875168800354004,0.3544972836971283,0.502993106842041,0.34959229826927185,0.4972500205039978,0.3647296130657196,0.4865972697734833,0.37114930152893066,0.4885093569755554,0.3712010383605957,0.49265503883361816,0.47086939215660095,0.5037532448768616,0.4755367934703827,0.48794910311698914,0.5744625329971313,0.4941116273403168,0.5778204202651978,0.4868573546409607,0.6583395004272461,0.4887356162071228,0.6590839624404907
259,0.4796391427516937,0.3052721917629242,0.4924256503582001,0.34011781215667725,0.4877036213874817,0.35300564765930176,0.5026306509971619,0.34607911109924316,0.4946051239967346,0.35291337966918945,0.48958778381347656,0.3678278923034668,0.4885933995246887,0.3712291121482849,0.49205347895622253,0.45704230666160583,0.5021272897720337,0.46208083629608154,0.4849478006362915,0.56827312707901,0.4919532537460327,0.5707923769950867,0.4861419200897217,0.6573795676231384,0.4875674843788147,0.6465877294540405
260,0.47884678840637207,0.3101658523082733,0.49281954765319824,0.3456723093986511,0.4892946183681488,0.35553714632987976,0.5008708834648132,0.35118401050567627,0.49298417568206787,0.35585641860961914,0.4898133873939514,0.367503821849823,0.48351940512657166,0.3650467097759247,0.493085116147995,0.4603056311607361,0.5008768439292908,0.4648035168647766,0.48576363921165466,0.5710421800613403,0.4908953905105591,0.5769585967063904,0.48646295070648193,0.6565290689468384,0.48663532733917236,0.6457265615463257
261,0.4782094359397888,0.3078860342502594,0.49283522367477417,0.34432074427604675,0.48916205763816833,0.3553127646446228,0.5005198121070862,0.34987300634384155,0.49299415946006775,0.3553233742713928,0.48912036418914795,0.3676285147666931,0.4869459569454193,0.37096166610717773,0.4926415681838989,0.4606555104255676,0.500473141670227,0.4649078845977783,0.4865572154521942,0.5700643062591553,0.4924898147583008,0.5723685026168823,0.48692941665649414,0.65761399269104,0.4871988892555237,0.6466794610023499
262,0.4766443371772766,0.298367977142334,0.47373005747795105,0.3142186999320984,0.4918656349182129,0.3480460047721863,0.4795796275138855,0.31817954778671265,0.4890943169593811,0.34897372126579285,0.48440325260162354,0.3665606677532196,0.48177534341812134,0.36754488945007324,0.4922933280467987,0.40586209297180176,0.4888690710067749,0.40630578994750977,0.48586735129356384,0.49019667506217957,0.488828182220459,0.4926750361919403,0.4862256646156311,0.6572378873825073,0.4910082221031189,0.5058292150497437
263,0.4789532423019409,0.3061329424381256,0.49491041898727417,0.34122270345687866,0.4926033914089203,0.3536255955696106,0.4990026354789734,0.34741339087486267,0.4917854070663452,0.35377129912376404,0.4894881844520569,0.37229692935943604,0.485962450504303,0.3725324869155884,0.4940241575241089,0.45806416869163513,0.49306827783584595,0.4604268968105316,0.4864542484283447,0.567115068435669,0.4914010167121887,0.569273054599762,0.48621881008148193,0.6571551561355591,0.4865608811378479,0.6455636620521545
264,0.4803985059261322,0.30325186252593994,0.4734201431274414,0.31235450506210327,0.4946475028991699,0.3489656150341034,0.5004269480705261,0.325527548789978,0.5020664930343628,0.3488767743110657,0.48317644000053406,0.36004704236984253,0.4874999523162842,0.36044710874557495,0.5044748783111572,0.38405704498291016,0.5058744549751282,0.3754682242870331,0.499997615814209,0.39030927419662476,0.5063767433166504,0.39453718066215515,0.4941290318965912,0.38663753867149353,0.4957144260406494,0.3905967175960541
265,0.47776782512664795,0.2996174693107605,0.47466713190078735,0.3097419738769531,0.49821099638938904,0.34638512134552,0.47766420245170593,0.3117690682411194,0.4952673614025116,0.34723007678985596,0.4866991639137268,0.36011940240859985,0.4838654696941376,0.360851526260376,0.501929521560669,0.38297268748283386,0.49916571378707886,0.385062575340271,0.49747058749198914,0.3917505145072937,0.4962603449821472,0.3948473334312439,0.4995341897010803,0.4045450687408447,0.49387824535369873,0.39018940925598145
266,0.4781188666820526,0.30074572563171387,0.4743976593017578,0.3113458752632141,0.4967397153377533,0.34683704376220703,0.4781075417995453,0.3135169446468353,0.4942505359649658,0.34740012884140015,0.48642978072166443,0.35974809527397156,0.48380357027053833,0.3602897822856903,0.5011138916015625,0.3827730417251587,0.4973927140235901,0.37507301568984985,0.49694395065307617,0.3936912417411804,0.4958608150482178,0.39623233675956726,0.4995509088039398,0.40508732199668884,0.49383148550987244,0.3900112807750702
267,0.47793906927108765,0.298393189907074,0.47114497423171997,0.3081643283367157,0.4646482467651367,0.32795971632003784,0.49796411395072937,0.3209693431854248,0.498199462890625,0.34596580266952515,0.48440930247306824,0.3597148060798645,0.48636266589164734,0.360020250082016,0.4988878667354584,0.38039278984069824,0.4996722936630249,0.3729802370071411,0.4946080148220062,0.3899516761302948,0.4991031587123871,0.3925073742866516,0.4967350959777832,0.40349242091178894,0.49181145429611206,0.39147263765335083
268,0.47791072726249695,0.2987573444843292,0.4713246822357178,0.3090590834617615,0.46542927622795105,0.32968342304229736,0.4970158338546753,0.32207679748535156,0.4974994361400604,0.347098708152771,0.48668473958969116,0.36108705401420593,0.48775869607925415,0.36144953966140747,0.4987553358078003,0.3816882371902466,0.49893248081207275,0.37420523166656494,0.49490949511528015,0.3913404643535614,0.49837303161621094,0.393815815448761,0.4982317090034485,0.40342777967453003,0.49267542362213135,0.3919411599636078
269,0.4787203073501587,0.29933035373687744,0.47160929441452026,0.3092406988143921,0.4651675224304199,0.3294922411441803,0.49895259737968445,0.3225945830345154,0.49921441078186035,0.34708964824676514,0.488592267036438,0.3583029508590698,0.4900118112564087,0.3588181734085083,0.499972939491272,0.3818405270576477,0.5004205703735352,0.3741638660430908,0.4953920245170593,0.3912923336029053,0.4996643662452698,0.3937869071960449,0.4983093738555908,0.4034079909324646,0.4944170415401459,0.39010748267173767
