FrameNo,head_x,head_y,left_shoulder_x,left_shoulder_y,left_elbow_x,left_elbow_y,right_shoulder_x,right_shoulder_y,right_elbow_x,right_elbow_y,left_hand_x,left_hand_y,right_hand_x,right_hand_y,left_hip_x,left_hip_y,right_hip_x,right_hip_y,left_knee_x,left_knee_y,right_knee_x,right_knee_y,left_foot_x,left_foot_y,right_foot_x,right_foot_y
0,0.49806222319602966,0.27758610248565674,0.5254336595535278,0.30423492193222046,0.5384019613265991,0.34579145908355713,0.48427996039390564,0.30808207392692566,0.47678837180137634,0.3524421155452728,0.5226668119430542,0.378954142332077,0.48950645327568054,0.3818613290786743,0.5295522212982178,0.4535204768180847,0.49635857343673706,0.4404226243495941,0.516467273235321,0.5695735216140747,0.49503958225250244,0.5677837133407593,0.5132403373718262,0.6623938679695129,0.4899289608001709,0.660576343536377
1,0.49687379598617554,0.281014084815979,0.5211219787597656,0.30527982115745544,0.5276632308959961,0.35080063343048096,0.48537111282348633,0.30899444222450256,0.48419296741485596,0.3512766361236572,0.5182124376296997,0.3720444142818451,0.4880093038082123,0.371955931186676,0.5268251895904541,0.4574427604675293,0.5004581212997437,0.4566972255706787,0.5159593820571899,0.5703590512275696,0.4961082339286804,0.5690714120864868,0.5163874626159668,0.6595607995986938,0.4909716546535492,0.6602084636688232
2,0.4968279302120209,0.27641889452934265,0.5150160789489746,0.30158013105392456,0.5231336951255798,0.3507988452911377,0.4932444095611572,0.30804798007011414,0.48980915546417236,0.351471483707428,0.5131678581237793,0.37432825565338135,0.4901078939437866,0.3747389316558838,0.5259160995483398,0.4537627696990967,0.5033568739891052,0.4541909694671631,0.5139803290367126,0.5696554780006409,0.4978293180465698,0.5705072283744812,0.5172792077064514,0.6598702669143677,0.494565486907959,0.6604073643684387
3,0.49690747261047363,0.275492399930954,0.5193693041801453,0.3024456799030304,0.5293132662773132,0.35013067722320557,0.48542317748069763,0.30752885341644287,0.4839305877685547,0.350525438785553,0.5174182653427124,0.37313610315322876,0.48601627349853516,0.3731621503829956,0.5261954069137573,0.4536081552505493,0.49955809116363525,0.4533238112926483,0.516607403755188,0.5674607753753662,0.4969780147075653,0.5653877854347229,0.5203149318695068,0.6590855717658997,0.49175259470939636,0.658998429775238
4,0.4984091520309448,0.2757120132446289,0.5157173871994019,0.30198293924331665,0.5232813358306885,0.3501715362071991,0.4908088445663452,0.3073180615901947,0.48877403140068054,0.35042011737823486,0.5141042470932007,0.37312400341033936,0.49017947912216187,0.3730261027812958,0.52335524559021,0.4503832757472992,0.5031381249427795,0.44982823729515076,0.513800859451294,0.5665745735168457,0.4972643256187439,0.5661435723304749,0.5159367918968201,0.6589930057525635,0.49289190769195557,0.6575533747673035
5,0.4998677670955658,0.27521082758903503,0.5166338086128235,0.3017443120479584,0.5235244631767273,0.35004329681396484,0.49226948618888855,0.306979775428772,0.48901793360710144,0.3504098355770111,0.5148215293884277,0.3727737069129944,0.4909305274486542,0.3726678788661957,0.5217511057853699,0.44888269901275635,0.5017307996749878,0.44842594861984253,0.5139949321746826,0.5668593049049377,0.4957166910171509,0.5659380555152893,0.5157855749130249,0.6591689586639404,0.492247998714447,0.6590928435325623
6,0.49886399507522583,0.27584126591682434,0.5157832503318787,0.3024729788303375,0.5224512815475464,0.3503548502922058,0.4931871294975281,0.3075442314147949,0.48976701498031616,0.35072630643844604,0.514491081237793,0.3738069236278534,0.49188971519470215,0.3736036717891693,0.5217698216438293,0.449687123298645,0.5023983716964722,0.44938287138938904,0.5146014094352722,0.5671689510345459,0.49624204635620117,0.5666082501411438,0.5163688659667969,0.6595260500907898,0.49221739172935486,0.6594672799110413
7,0.4972437620162964,0.2756531834602356,0.5136489272117615,0.301993191242218,0.5194453001022339,0.35051974654197693,0.4952298402786255,0.30695071816444397,0.49234792590141296,0.3508729636669159,0.5121161937713623,0.3737793564796448,0.4933168888092041,0.3733970522880554,0.5197131037712097,0.4486580789089203,0.5041283369064331,0.44879966974258423,0.5131136775016785,0.5680981874465942,0.4975791871547699,0.5684195756912231,0.5152085423469543,0.6604721546173096,0.4932115972042084,0.6579878330230713
8,0.49880367517471313,0.27470850944519043,0.5163413882255554,0.3020241856575012,0.5215654373168945,0.3507084846496582,0.49369382858276367,0.30671364068984985,0.48991793394088745,0.3513352572917938,0.5144922137260437,0.37491166591644287,0.4926472306251526,0.3747749924659729,0.5203625559806824,0.4489729404449463,0.5019644498825073,0.44903239607810974,0.5139173269271851,0.5675380229949951,0.49817878007888794,0.5665102005004883,0.515949010848999,0.6601281762123108,0.49167853593826294,0.6603058576583862
9,0.49824094772338867,0.27492642402648926,0.5167625546455383,0.30263203382492065,0.5220462083816528,0.350771963596344,0.4922909736633301,0.3067195415496826,0.4892757833003998,0.3512182831764221,0.5145077705383301,0.3746148347854614,0.491874098777771,0.37442895770072937,0.5199722051620483,0.4484200179576874,0.5016942620277405,0.44817352294921875,0.5142776966094971,0.5678203105926514,0.4982505440711975,0.5666035413742065,0.5162364840507507,0.6603063941001892,0.491350382566452,0.6604897975921631
10,0.4994736611843109,0.27601999044418335,0.5185142755508423,0.3040218949317932,0.5234357714653015,0.351124107837677,0.49195438623428345,0.3074384927749634,0.48932862281799316,0.3513866066932678,0.5158703923225403,0.37519365549087524,0.4924033284187317,0.374885618686676,0.5204558372497559,0.4493125379085541,0.501971960067749,0.44915497303009033,0.5138292908668518,0.569317102432251,0.4983704090118408,0.5681816935539246,0.5163663625717163,0.660766065120697,0.49136990308761597,0.66106778383255
11,0.5007373690605164,0.2769123315811157,0.5193057656288147,0.3039737045764923,0.5238643288612366,0.3506888151168823,0.49308323860168457,0.30697810649871826,0.49042364954948425,0.3509981036186218,0.5175027847290039,0.3740757703781128,0.49453204870224,0.37366148829460144,0.5208564400672913,0.44871729612350464,0.5030815601348877,0.4486336410045624,0.5136897563934326,0.5699402093887329,0.49889785051345825,0.5690479278564453,0.515921950340271,0.661045491695404,0.4921901822090149,0.6615340113639832
12,0.5055819749832153,0.27975884079933167,0.5321117639541626,0.3099130392074585,0.54034423828125,0.34760600328445435,0.48347538709640503,0.3106740713119507,0.4827220141887665,0.35833674669265747,0.5321170091629028,0.3793603181838989,0.49147459864616394,0.38583534955978394,0.5313463807106018,0.4558868110179901,0.4954020380973816,0.4546217620372772,0.5204340219497681,0.5691307783126831,0.49245327711105347,0.5659963488578796,0.5227736830711365,0.6610362529754639,0.4882139563560486,0.6528396606445312
13,0.5075408220291138,0.287789911031723,0.5270088911056519,0.31094467639923096,0.5328720808029175,0.35523721575737,0.490824431180954,0.3140873908996582,0.48510682582855225,0.3558215796947479,0.5317312479019165,0.37254568934440613,0.49869370460510254,0.3728688955307007,0.5330725908279419,0.460785835981369,0.4995447099208832,0.46133291721343994,0.5187665224075317,0.571998119354248,0.49430879950523376,0.5695949792861938,0.522660493850708,0.6621416807174683,0.4884338080883026,0.662728488445282
14,0.5093908309936523,0.28832221031188965,0.5255469083786011,0.30939674377441406,0.5307581424713135,0.35350000858306885,0.4942862391471863,0.3130609691143036,0.4880828261375427,0.35434651374816895,0.5303298234939575,0.3700113296508789,0.500759482383728,0.37045666575431824,0.5313846468925476,0.4735505282878876,0.5020008683204651,0.47168171405792236,0.5200608968734741,0.5727556943893433,0.4952509105205536,0.5702847242355347,0.5235327482223511,0.6621174812316895,0.48893922567367554,0.6629166007041931
15,0.5104206204414368,0.28471270203590393,0.5289610624313354,0.3084469735622406,0.5325106382369995,0.35222169756889343,0.4917827248573303,0.310823917388916,0.482377827167511,0.3513577878475189,0.5315528512001038,0.3707326352596283,0.4991312026977539,0.37079116702079773,0.5308454036712646,0.4706467092037201,0.5011507272720337,0.4579874873161316,0.5199894309043884,0.5708132386207581,0.49537307024002075,0.5678918361663818,0.5216723084449768,0.6612233519554138,0.48873084783554077,0.6623467206954956
16,0.5111215114593506,0.2852448523044586,0.5295738577842712,0.3089543879032135,0.5336740016937256,0.35366103053092957,0.4910375475883484,0.3103572726249695,0.4818195104598999,0.3521828353404999,0.5328906774520874,0.3703124523162842,0.4985329806804657,0.3698275089263916,0.5327064990997314,0.4705802798271179,0.5014406442642212,0.4580838084220886,0.5217925310134888,0.5709521174430847,0.49609214067459106,0.5687633752822876,0.5228612422943115,0.6610956192016602,0.4882793426513672,0.6620218753814697
17,0.5112279653549194,0.28656721115112305,0.529705286026001,0.30833253264427185,0.5329564809799194,0.35202574729919434,0.49023956060409546,0.3097480535507202,0.4855329394340515,0.35142526030540466,0.5311645269393921,0.36725127696990967,0.49790138006210327,0.36656880378723145,0.5333565473556519,0.47524726390838623,0.5034488439559937,0.4726228713989258,0.5216547250747681,0.57176673412323,0.4964841604232788,0.5699511766433716,0.5214190483093262,0.6611157655715942,0.48947644233703613,0.6621608138084412
18,0.510296106338501,0.28979426622390747,0.5339962840080261,0.31302744150161743,0.5352058410644531,0.3519364297389984,0.48929035663604736,0.31161782145500183,0.4828844666481018,0.35165756940841675,0.5290648937225342,0.36335045099258423,0.4961153268814087,0.3652281165122986,0.5362186431884766,0.4802939295768738,0.5033473968505859,0.4786584973335266,0.525175929069519,0.5769510269165039,0.49554550647735596,0.5744814872741699,0.5249150991439819,0.6621742248535156,0.4872775971889496,0.662617027759552
19,0.5083328485488892,0.2872112989425659,0.5309104323387146,0.30668073892593384,0.5338491201400757,0.3518350124359131,0.4887981116771698,0.30821692943573,0.4840563237667084,0.35096269845962524,0.5304167866706848,0.3654669523239136,0.49607834219932556,0.36456334590911865,0.5361912250518799,0.4791516065597534,0.5044360160827637,0.47773176431655884,0.5238270163536072,0.5768247246742249,0.4960086941719055,0.5749262571334839,0.5240468978881836,0.6619442105293274,0.4882069528102875,0.6624952554702759
20,0.5072550177574158,0.3044477105140686,0.5355459451675415,0.3239489495754242,0.5604349374771118,0.471222847700119,0.4926738440990448,0.36521896719932556,0.4852008521556854,0.35906368494033813,0.5460087656974792,0.4839198589324951,0.49770742654800415,0.3641916513442993,0.5403794050216675,0.49714064598083496,0.503840446472168,0.4898499846458435,0.5272451639175415,0.5804087519645691,0.4921967387199402,0.5761995315551758,0.5279749035835266,0.6632722616195679,0.4860028624534607,0.663308322429657
21,0.5109255313873291,0.3479524552822113,0.5397515892982483,0.38415178656578064,0.5399100184440613,0.36042022705078125,0.4934070110321045,0.38364729285240173,0.4852825999259949,0.3799402415752411,0.5420773029327393,0.4682263135910034,0.49606043100357056,0.3618178963661194,0.5405319929122925,0.4986207187175751,0.5003455877304077,0.4986475706100464,0.5262326002120972,0.5807837843894958,0.49304890632629395,0.5770746469497681,0.5275897979736328,0.6641520857810974,0.4868224859237671,0.6643369197845459
22,0.5111939907073975,0.3619912266731262,0.5396946668624878,0.4008796215057373,0.5477269887924194,0.45887380838394165,0.4924965798854828,0.39686697721481323,0.4838182330131531,0.39238953590393066,0.5216503143310547,0.35962432622909546,0.4776785373687744,0.30373334884643555,0.5362163186073303,0.507676362991333,0.4975447654724121,0.5073950290679932,0.5257769823074341,0.5900295972824097,0.4937880039215088,0.5871108174324036,0.5241488218307495,0.6622803807258606,0.487284779548645,0.6602931618690491
23,0.5082821846008301,0.36423739790916443,0.5387905836105347,0.40113407373428345,0.5262313485145569,0.37088078260421753,0.4904940724372864,0.39656516909599304,0.48475635051727295,0.36907583475112915,0.5445690155029297,0.48109421133995056,0.47536322474479675,0.306064635515213,0.5356680154800415,0.5072656273841858,0.4990684986114502,0.5069593191146851,0.5213057398796082,0.5867445468902588,0.492694616317749,0.584320068359375,0.513872504234314,0.6647847294807434,0.48973649740219116,0.6573896408081055
24,0.509333610534668,0.36317670345306396,0.5402233600616455,0.4053618311882019,0.5683750510215759,0.4777790904045105,0.4919528365135193,0.39718520641326904,0.48432669043540955,0.41319823265075684,0.51017165184021,0.3039754331111908,0.4759591519832611,0.3080604076385498,0.5408788919448853,0.5026257038116455,0.4978269338607788,0.5027064085006714,0.535586953163147,0.581801176071167,0.4961930215358734,0.5854018926620483,0.5375671982765198,0.6554456949234009,0.4892975986003876,0.6635947227478027
25,0.5010520815849304,0.30682992935180664,0.5351580381393433,0.3650732636451721,0.5307832956314087,0.3535093665122986,0.4932247996330261,0.36535319685935974,0.48082539439201355,0.3513362407684326,0.52207350730896,0.3556674122810364,0.4750422239303589,0.3128838837146759,0.5371910929679871,0.48726969957351685,0.5051945447921753,0.4881907105445862,0.5276153087615967,0.5800376534461975,0.4938831925392151,0.5786498785018921,0.5223212242126465,0.6643427610397339,0.4922347962856293,0.6662153601646423
26,0.5084782242774963,0.30554619431495667,0.5381607413291931,0.342102974653244,0.5426750779151917,0.33515751361846924,0.4926205575466156,0.3606567084789276,0.48370271921157837,0.35334980487823486,0.5263711810112,0.3427349925041199,0.49389249086380005,0.35868507623672485,0.5380818843841553,0.48385101556777954,0.5044505596160889,0.485416978597641,0.5259795188903809,0.5789440274238586,0.4975076913833618,0.5788259506225586,0.5198445320129395,0.6640754342079163,0.4934762418270111,0.6598668098449707
27,0.5070925951004028,0.2933487296104431,0.5353250503540039,0.3038577437400818,0.5432458519935608,0.31939780712127686,0.4898416996002197,0.30124151706695557,0.4750857949256897,0.31131288409233093,0.5259597897529602,0.3338114619255066,0.4876411557197571,0.3242952823638916,0.5326217412948608,0.37926721572875977,0.5019700527191162,0.3770484924316406,0.5283735394477844,0.4739479720592499,0.5050677061080933,0.47855228185653687,0.5190280675888062,0.6690411567687988,0.505162239074707,0.5178876519203186
28,0.5070289373397827,0.29263660311698914,0.5293094515800476,0.2991935610771179,0.5378209948539734,0.318156361579895,0.4910756051540375,0.3017478585243225,0.47617459297180176,0.3118661344051361,0.5231096744537354,0.3368912935256958,0.4802423119544983,0.318241149187088,0.5386061668395996,0.4770514667034149,0.5087614059448242,0.4769171178340912,0.523547351360321,0.5727242231369019,0.49532458186149597,0.5702459812164307,0.5153229236602783,0.6629719138145447,0.4981207251548767,0.6655887365341187
29,0.5148839950561523,0.3428230285644531,0.5326858758926392,0.3100874722003937,0.5308534502983093,0.3510996103286743,0.49810999631881714,0.3578895926475525,0.47755903005599976,0.3117806017398834,0.5109961032867432,0.30886098742485046,0.4813774824142456,0.31170910596847534,0.5428425669670105,0.485655277967453,0.5103275179862976,0.48652786016464233,0.5327770709991455,0.5828660130500793,0.4950292706489563,0.5801295042037964,0.5313006639480591,0.6567134857177734,0.4965994954109192,0.667710542678833
30,0.49667203426361084,0.29635727405548096,0.523734986782074,0.3056297302246094,0.5257370471954346,0.34952646493911743,0.5014480352401733,0.354471892118454,0.4929947555065155,0.3489454388618469,0.5157533884048462,0.35132694244384766,0.48200199007987976,0.3180718719959259,0.5413069725036621,0.4810156524181366,0.5111673474311829,0.4814556837081909,0.5225260257720947,0.572055459022522,0.4981801211833954,0.570252001285553,0.5154579877853394,0.6640716791152954,0.49685463309288025,0.6578343510627747
31,0.49021658301353455,0.2828882932662964,0.5140856504440308,0.2941932678222656,0.517758846282959,0.31216299533843994,0.4877295196056366,0.29807987809181213,0.47417160868644714,0.31026560068130493,0.4993208646774292,0.32998737692832947,0.48500603437423706,0.32630783319473267,0.5191506743431091,0.36810797452926636,0.5022199153900146,0.3704628646373749,0.5127559900283813,0.4677111506462097,0.5045915246009827,0.47157710790634155,0.5135183334350586,0.6685592532157898,0.507277250289917,0.5127158761024475
32,0.4899948835372925,0.27872103452682495,0.5124719738960266,0.2915680706501007,0.5154253244400024,0.3126775026321411,0.4886952042579651,0.29469138383865356,0.47630417346954346,0.30986297130584717,0.4977369010448456,0.331327885389328,0.4870745539665222,0.32761621475219727,0.5169520974159241,0.36677059531211853,0.5020543336868286,0.36912786960601807,0.5106424689292908,0.4665348529815674,0.5043171644210815,0.47042617201805115,0.5239551663398743,0.5084459185600281,0.5080456733703613,0.510261595249176
33,0.4877856373786926,0.2737644910812378,0.5114216804504395,0.28774985671043396,0.5145721435546875,0.3087998628616333,0.4861655831336975,0.29112762212753296,0.4723314046859741,0.3073604106903076,0.5031141042709351,0.328530490398407,0.47502848505973816,0.325706422328949,0.5143270492553711,0.34311696887016296,0.5015483498573303,0.3452189564704895,0.5108832716941833,0.37953388690948486,0.4933871030807495,0.377961128950119,0.502032995223999,0.3736512362957001,0.4916480481624603,0.37281137704849243
34,0.48461389541625977,0.27556267380714417,0.5023921728134155,0.28736570477485657,0.5070093870162964,0.30688589811325073,0.4865274429321289,0.29203325510025024,0.4718167781829834,0.30656594038009644,0.48044371604919434,0.32002609968185425,0.4663437604904175,0.32340121269226074,0.512810230255127,0.3430554270744324,0.5015332698822021,0.34558117389678955,0.5093822479248047,0.3790552020072937,0.4929172992706299,0.37644097208976746,0.49864816665649414,0.36994045972824097,0.4892582297325134,0.3693832755088806
35,0.4839637279510498,0.2762146294116974,0.5019584894180298,0.28751635551452637,0.5069136619567871,0.3067058324813843,0.48711878061294556,0.29237526655197144,0.47220301628112793,0.30653369426727295,0.4815359115600586,0.32107311487197876,0.4676903486251831,0.3241022527217865,0.5115835070610046,0.34483784437179565,0.5015192031860352,0.3473343253135681,0.5089961886405945,0.3960009217262268,0.49373847246170044,0.3787751793861389,0.4991481304168701,0.37029051780700684,0.4910052418708801,0.36949366331100464
36,0.4843427836894989,0.2795752286911011,0.5094848871231079,0.2907792031764984,0.5132334232330322,0.31602418422698975,0.4785202443599701,0.29528868198394775,0.47048959136009216,0.31317704916000366,0.5034613609313965,0.34121519327163696,0.4746018350124359,0.3334805965423584,0.5122261643409729,0.349479615688324,0.49648186564445496,0.35095685720443726,0.5113219022750854,0.3944661021232605,0.49230945110321045,0.3935701251029968,0.5058767199516296,0.391776978969574,0.4920269250869751,0.3915824294090271
37,0.48824137449264526,0.2841852903366089,0.5104733109474182,0.30172181129455566,0.5144301652908325,0.31811851263046265,0.48473358154296875,0.3048771619796753,0.4796249568462372,0.3152235150337219,0.4854700565338135,0.3252233862876892,0.47425729036331177,0.32767540216445923,0.5251903533935547,0.47215089201927185,0.5200716853141785,0.4740149974822998,0.5079204440116882,0.5728732943534851,0.5106519460678101,0.5722699165344238,0.5031193494796753,0.6721549034118652,0.5047637224197388,0.6675972938537598
38,0.48907598853111267,0.28785401582717896,0.5104694962501526,0.3028613030910492,0.5144879817962646,0.31870466470718384,0.5102385878562927,0.31005239486694336,0.4804561734199524,0.3151143491268158,0.4832543730735779,0.32564017176628113,0.4737555980682373,0.32776400446891785,0.5259165167808533,0.47625482082366943,0.5235556364059448,0.4779432713985443,0.5107648372650146,0.5755624771118164,0.5130789875984192,0.5765116810798645,0.5025478005409241,0.6737193465232849,0.5072309970855713,0.6666849851608276
39,0.4891173839569092,0.30395805835723877,0.518932044506073,0.3638724684715271,0.5164444446563721,0.3528616428375244,0.4980120062828064,0.36719271540641785,0.48226210474967957,0.3505402207374573,0.5059691667556763,0.35762128233909607,0.4881190061569214,0.3572136163711548,0.5256444215774536,0.4950108528137207,0.509139895439148,0.4891311526298523,0.5121115446090698,0.5909554958343506,0.5022671222686768,0.5877537131309509,0.5067829489707947,0.6654642224311829,0.49624234437942505,0.6640869975090027
40,0.5024069547653198,0.3406393229961395,0.5233164429664612,0.37061554193496704,0.5184045433998108,0.3588024973869324,0.49626582860946655,0.3732939660549164,0.4823319911956787,0.35767754912376404,0.5078464150428772,0.35990068316459656,0.4882470369338989,0.35944241285324097,0.5292850732803345,0.4892658591270447,0.5075159072875977,0.49050790071487427,0.5154248476028442,0.591140866279602,0.5006734132766724,0.5880186557769775,0.5101625919342041,0.6664949655532837,0.4959593713283539,0.6646075248718262
41,0.5012321472167969,0.35149702429771423,0.5191203355789185,0.3878234028816223,0.5092123746871948,0.3691879212856293,0.5024728178977966,0.38966867327690125,0.4960583448410034,0.36848223209381104,0.48528146743774414,0.309848427772522,0.4904720187187195,0.36147162318229675,0.5205805897712708,0.4957011640071869,0.5077555775642395,0.4976089894771576,0.508319079875946,0.5902576446533203,0.5053998827934265,0.5901593565940857,0.5044662356376648,0.6659969091415405,0.4990795850753784,0.6647222638130188
42,0.5027490854263306,0.35211706161499023,0.5102604031562805,0.37884366512298584,0.5062562227249146,0.3674546480178833,0.5094228982925415,0.3800293803215027,0.5018874406814575,0.36656829714775085,0.48840582370758057,0.3141561448574066,0.49252235889434814,0.3153485059738159,0.5153288245201111,0.5039359331130981,0.5196045637130737,0.5062626600265503,0.49932533502578735,0.5895311832427979,0.5129162669181824,0.5923150777816772,0.5024268627166748,0.6624548435211182,0.502691924571991,0.6620922088623047
43,0.48407864570617676,0.2809777557849884,0.5031331777572632,0.29507482051849365,0.5044939517974854,0.31112000346183777,0.48218831419944763,0.2987104058265686,0.4807838797569275,0.3130721151828766,0.493918776512146,0.3270130157470703,0.4793308675289154,0.3273390233516693,0.5107901692390442,0.3543594777584076,0.5030890107154846,0.3559533953666687,0.5044671297073364,0.3951268196105957,0.49634814262390137,0.39502274990081787,0.5023180246353149,0.3932994604110718,0.4988195300102234,0.3923797309398651
44,0.4816616475582123,0.28565794229507446,0.4974822700023651,0.2989175319671631,0.4911142587661743,0.31685519218444824,0.5044964551925659,0.3002488315105438,0.48832234740257263,0.3152361214160919,0.48495468497276306,0.3255004286766052,0.4838988780975342,0.3268253207206726,0.5082100629806519,0.3577982783317566,0.5081685185432434,0.3591873049736023,0.5070575475692749,0.39300352334976196,0.5071667432785034,0.3955497741699219,0.5119955539703369,0.6613221168518066,0.5040419697761536,0.3889719843864441
45,0.482943058013916,0.308768093585968,0.5049517750740051,0.3706918954849243,0.48526835441589355,0.31561633944511414,0.5217113494873047,0.3720615804195404,0.5009824633598328,0.3163263201713562,0.5022240281105042,0.5562475919723511,0.5119756460189819,0.5513519048690796,0.5138064622879028,0.5216431617736816,0.5250622630119324,0.5241594314575195,0.4998357892036438,0.5899283289909363,0.5088944435119629,0.5886973738670349,0.5061320066452026,0.6684888601303101,0.5036240816116333,0.6561968922615051
46,0.4778948724269867,0.2832551598548889,0.4781605899333954,0.2994002103805542,0.47822725772857666,0.3212498426437378,0.5041756629943848,0.30411574244499207,0.4937691390514374,0.3209756016731262,0.4749058187007904,0.3272467851638794,0.4862439036369324,0.3284614086151123,0.5004091262817383,0.3793964982032776,0.5079134106636047,0.3811531066894531,0.5032827854156494,0.5718792080879211,0.5082143545150757,0.5721796751022339,0.5094424486160278,0.6524797677993774,0.5081084966659546,0.654246985912323
47,0.4882757365703583,0.30184826254844666,0.48107728362083435,0.3221632242202759,0.48320460319519043,0.3552587628364563,0.523947536945343,0.3259190320968628,0.5236594676971436,0.33883580565452576,0.4869546592235565,0.37791502475738525,0.5207688808441162,0.3862416446208954,0.508233904838562,0.45751887559890747,0.5358392000198364,0.4615631103515625,0.49852991104125977,0.5661563873291016,0.5245969295501709,0.5724779963493347,0.4971160888671875,0.6562654972076416,0.5163637399673462,0.6586982011795044
48,0.1074952781200409,0.5018892884254456,0.10032922029495239,0.5042065382003784,0.10844846814870834,0.5144368410110474,0.09954937547445297,0.5084398984909058,0.10713579505681992,0.5187773704528809,0.09770374745130539,0.5235517024993896,0.09446482360363007,0.527554988861084,0.10040783137083054,0.5250881314277649,0.09957274049520493,0.5278897285461426,0.10023093223571777,0.5341083407402039,0.10087469220161438,0.538066029548645,0.09196299314498901,0.5514073371887207,0.09506078064441681,0.5534768104553223
49,0.5006495714187622,0.35306352376937866,0.4972778558731079,0.38668298721313477,0.49350088834762573,0.37195488810539246,0.654559314250946,0.4849308431148529,0.5166372060775757,0.35486775636672974,0.5066449642181396,0.5155059099197388,0.6049723625183105,0.4892021417617798,0.5066652894020081,0.5018584728240967,0.5373740196228027,0.5043104290962219,0.4971795678138733,0.5927988886833191,0.5163596868515015,0.5951039791107178,0.5058334469795227,0.6545471549034119,0.509268045425415,0.6517269015312195
50,0.6571032404899597,0.46831974387168884,0.6481812000274658,0.5012116432189941,0.502745509147644,0.5612121224403381,0.6596099138259888,0.4904572367668152,0.6589450240135193,0.5099642276763916,0.509845495223999,0.564594566822052,0.530414879322052,0.5410839319229126,0.510827898979187,0.5468547344207764,0.5143168568611145,0.5493977069854736,0.50319904088974,0.6025019288063049,0.5226389169692993,0.6031503677368164,0.5088739395141602,0.656498372554779,0.509817898273468,0.654154360294342
51,0.49931034445762634,0.35296401381492615,0.4845171868801117,0.3805495500564575,0.4837346076965332,0.37760457396507263,0.5391254425048828,0.3858996629714966,0.5176452398300171,0.36358582973480225,0.4873978793621063,0.37710750102996826,0.5671025514602661,0.48769789934158325,0.5046862959861755,0.493272989988327,0.5399010181427002,0.49008965492248535,0.4926633834838867,0.5881250500679016,0.5160015821456909,0.5926263928413391,0.49808475375175476,0.6585410833358765,0.5066345930099487,0.6593102216720581
52,0.4781110882759094,0.31462863087654114,0.47526535391807556,0.3333231806755066,0.4917585253715515,0.3523370921611786,0.5303115248680115,0.34852415323257446,0.5207754969596863,0.34455960988998413,0.4815943241119385,0.370085209608078,0.5085798501968384,0.35030001401901245,0.5084644556045532,0.49209797382354736,0.5379647612571716,0.4843664765357971,0.49678561091423035,0.5883617997169495,0.5164932012557983,0.5906836986541748,0.5007917881011963,0.6591383814811707,0.508894145488739,0.6642277836799622
53,0.5015043616294861,0.35458943247795105,0.495069682598114,0.38479718565940857,0.47859713435173035,0.37893956899642944,0.539293646812439,0.38671788573265076,0.5165752172470093,0.36182981729507446,0.48553013801574707,0.38292890787124634,0.5065691471099854,0.3797145485877991,0.5084323883056641,0.49824070930480957,0.5423462390899658,0.5057260990142822,0.49841147661209106,0.592142641544342,0.5232079029083252,0.596276044845581,0.4998960494995117,0.6574521064758301,0.5119339227676392,0.6618746519088745
54,0.49853265285491943,0.36783891916275024,0.49561870098114014,0.3957568407058716,0.4811692237854004,0.38921886682510376,0.5308942794799805,0.3986141085624695,0.521375298500061,0.39090216159820557,0.4864245057106018,0.385354220867157,0.5107454061508179,0.387204110622406,0.5081486105918884,0.49903857707977295,0.5329809188842773,0.5031554102897644,0.4976648688316345,0.5906535387039185,0.520254373550415,0.595356822013855,0.5002306699752808,0.6579604148864746,0.5108499526977539,0.6583997011184692
55,0.5021311044692993,0.355430006980896,0.4794157147407532,0.3852233588695526,0.4718303680419922,0.37145692110061646,0.5430753827095032,0.3840702772140503,0.5275366306304932,0.3872148394584656,0.4581875205039978,0.321388304233551,0.5126975774765015,0.3903447985649109,0.49840396642684937,0.48089033365249634,0.5439399480819702,0.485795259475708,0.495156854391098,0.5842833518981934,0.5232825875282288,0.588975191116333,0.4948881268501282,0.6676324605941772,0.5099316835403442,0.6664974689483643
56,0.5001684427261353,0.3611682653427124,0.4942307472229004,0.3915514647960663,0.48083195090293884,0.3777826726436615,0.5283606052398682,0.398246705532074,0.5062797665596008,0.3832075595855713,0.46302708983421326,0.3203096389770508,0.4861314296722412,0.3242260813713074,0.5070634484291077,0.4992769956588745,0.5301863551139832,0.5020765662193298,0.5008834600448608,0.5882142782211304,0.5176762342453003,0.5926828384399414,0.5008454918861389,0.6596989631652832,0.5073702931404114,0.6607804298400879
57,0.49646490812301636,0.36935585737228394,0.5281126499176025,0.3991469740867615,0.515362024307251,0.3758888244628906,0.48685121536254883,0.40261682868003845,0.47166907787323,0.38830137252807617,0.49238067865371704,0.3165338337421417,0.4624701142311096,0.31847506761550903,0.536824107170105,0.5056710243225098,0.4998452365398407,0.5055930018424988,0.5295690894126892,0.589160680770874,0.4991079270839691,0.5867742300033569,0.5281854271888733,0.6667839288711548,0.4900960922241211,0.6607738733291626
58,0.49597275257110596,0.36513185501098633,0.5265949964523315,0.40049323439598083,0.5246434211730957,0.4013512134552002,0.48425132036209106,0.4007818102836609,0.47819265723228455,0.39473623037338257,0.49712833762168884,0.3128105700016022,0.4627097249031067,0.3163335919380188,0.5385482311248779,0.5093045234680176,0.49825042486190796,0.507880449295044,0.535347580909729,0.595370352268219,0.5009447336196899,0.5933821797370911,0.5364249348640442,0.6663069128990173,0.4900108277797699,0.6657850742340088
59,0.49939465522766113,0.3840230107307434,0.5275189876556396,0.41187888383865356,0.5224343538284302,0.4061325192451477,0.4856041669845581,0.4105679392814636,0.4755452275276184,0.39859455823898315,0.4906838536262512,0.33195382356643677,0.46192798018455505,0.3281841576099396,0.5416940450668335,0.5181395411491394,0.5021433234214783,0.5159828066825867,0.5369189977645874,0.5929486751556396,0.4999642074108124,0.5920320749282837,0.5391423106193542,0.6669661998748779,0.49062010645866394,0.6651506423950195
60,0.5024939775466919,0.40957292914390564,0.5314284563064575,0.4343315064907074,0.5202796459197998,0.4080028235912323,0.4892370104789734,0.4375016391277313,0.4792562425136566,0.4108728766441345,0.49934887886047363,0.3243110477924347,0.4627723693847656,0.3261677920818329,0.540022611618042,0.5381444692611694,0.5019075870513916,0.5416736006736755,0.5377169847488403,0.6074514985084534,0.49472033977508545,0.6065524220466614,0.5404298901557922,0.6715473532676697,0.4921805262565613,0.6687101721763611
61,0.49951428174972534,0.40180009603500366,0.5306653380393982,0.42834508419036865,0.5245225429534912,0.4265914857387543,0.49231553077697754,0.4317699074745178,0.48410874605178833,0.4205455780029297,0.4937348961830139,0.35245317220687866,0.46634870767593384,0.33665990829467773,0.5416368246078491,0.5274416208267212,0.506232738494873,0.5293365120887756,0.5375627279281616,0.600031852722168,0.49708279967308044,0.5960856676101685,0.541785717010498,0.6693499088287354,0.4932892918586731,0.6678299903869629
62,0.4987882971763611,0.40064263343811035,0.5268595218658447,0.4240207374095917,0.5175397396087646,0.42670655250549316,0.4919843077659607,0.42697519063949585,0.4829699397087097,0.42079055309295654,0.4886896312236786,0.3591562509536743,0.4652653932571411,0.339322030544281,0.5395700931549072,0.5238944888114929,0.5059926509857178,0.5252041220664978,0.5364465713500977,0.5984387993812561,0.4949130415916443,0.5924263000488281,0.5395647287368774,0.6688186526298523,0.4914763867855072,0.6673507690429688
63,0.4983242452144623,0.4128342568874359,0.5238403677940369,0.43417060375213623,0.5147247314453125,0.4304860830307007,0.4944568872451782,0.4360113739967346,0.48378515243530273,0.42648524045944214,0.488156259059906,0.3727324903011322,0.46749812364578247,0.3493877351284027,0.540124773979187,0.5295740365982056,0.5090035796165466,0.531204342842102,0.534296989440918,0.5954327583312988,0.4987945556640625,0.5952240228652954,0.5349264144897461,0.6664354801177979,0.4915294647216797,0.6636967658996582
64,0.5000926852226257,0.4115860164165497,0.5255906581878662,0.4295864701271057,0.516843318939209,0.424821138381958,0.4941219687461853,0.4329223334789276,0.48263514041900635,0.4225509762763977,0.48779296875,0.3591199815273285,0.4654640853404999,0.35378938913345337,0.540882408618927,0.5243707895278931,0.508774995803833,0.5262051820755005,0.5343185663223267,0.5961257219314575,0.5039235949516296,0.5986518859863281,0.5328682661056519,0.664943277835846,0.494284451007843,0.6641130447387695
65,0.4986235499382019,0.4207534193992615,0.5323374271392822,0.4383418560028076,0.5603295564651489,0.472613662481308,0.495938777923584,0.44024521112442017,0.4818134009838104,0.43806812167167664,0.4851503074169159,0.352813184261322,0.4506080746650696,0.33821162581443787,0.5431699156761169,0.5319600105285645,0.5108472108840942,0.5327250957489014,0.5382793545722961,0.5970807075500488,0.499621719121933,0.5967761278152466,0.5429357290267944,0.6648895740509033,0.49183154106140137,0.664595365524292
66,0.5044623017311096,0.4098825454711914,0.5261077880859375,0.4260302484035492,0.5602262020111084,0.47295257449150085,0.49890729784965515,0.42967456579208374,0.4823091924190521,0.43829211592674255,0.5697123408317566,0.47889432311058044,0.44900190830230713,0.3562626540660858,0.5414121747016907,0.5248315334320068,0.5114433169364929,0.5243675708770752,0.5331657528877258,0.5943282842636108,0.5058826208114624,0.5968548059463501,0.5389851927757263,0.6637449264526367,0.4926033020019531,0.6632109880447388
67,0.5020452737808228,0.43242502212524414,0.5300368070602417,0.4444991946220398,0.5360273718833923,0.47191962599754333,0.49915584921836853,0.4453330934047699,0.48212406039237976,0.43910402059555054,0.47349199652671814,0.360461950302124,0.47622010111808777,0.39488863945007324,0.54224693775177,0.5329560041427612,0.5144156813621521,0.5343325138092041,0.5337215662002563,0.5980334281921387,0.5087188482284546,0.5965635776519775,0.5403310656547546,0.6665918231010437,0.49527961015701294,0.6666990518569946
68,0.5004405379295349,0.4325275421142578,0.5294666290283203,0.45437711477279663,0.5340375900268555,0.475688099861145,0.49763351678848267,0.4527539610862732,0.47850364446640015,0.4447227120399475,0.47400686144828796,0.3752971291542053,0.45773017406463623,0.3761550784111023,0.5373044013977051,0.5391061305999756,0.5089093446731567,0.5421573519706726,0.5320547819137573,0.5957092046737671,0.5014821290969849,0.5956800580024719,0.5394725203514099,0.6650998592376709,0.49293315410614014,0.6645704507827759
69,0.501092255115509,0.435072124004364,0.531218409538269,0.45890533924102783,0.5310097932815552,0.4737085998058319,0.49777719378471375,0.45917201042175293,0.47815871238708496,0.44933316111564636,0.473120778799057,0.37593209743499756,0.4529597759246826,0.37581872940063477,0.5369658470153809,0.542019248008728,0.5089907050132751,0.5450690984725952,0.5293243527412415,0.6007554531097412,0.49924421310424805,0.600479781627655,0.5379848480224609,0.6690962314605713,0.4905826449394226,0.6655016541481018
70,0.5010849237442017,0.4369773864746094,0.5285333395004272,0.4615408182144165,0.5388697981834412,0.4879075884819031,0.4959016442298889,0.45731717348098755,0.4806801974773407,0.45700931549072266,0.4741496443748474,0.3829818665981293,0.45754748582839966,0.37997111678123474,0.5394249558448792,0.5440585613250732,0.5100025534629822,0.5470684766769409,0.5296293497085571,0.6039726138114929,0.5005665421485901,0.6041208505630493,0.5318306684494019,0.6678593158721924,0.49113982915878296,0.6640229225158691
71,0.4998067617416382,0.44406580924987793,0.5285917520523071,0.46240657567977905,0.5336933135986328,0.49317145347595215,0.4996851682662964,0.46314629912376404,0.48065316677093506,0.4662468135356903,0.4721616208553314,0.3846524953842163,0.461383193731308,0.39703357219696045,0.5361552238464355,0.5447635054588318,0.5100551247596741,0.5491025447845459,0.5262949466705322,0.5985504984855652,0.5026644468307495,0.5989587306976318,0.5327669382095337,0.6698113679885864,0.4946334958076477,0.6674851775169373
72,0.4893227517604828,0.4349118173122406,0.5240043997764587,0.45748788118362427,0.5198571085929871,0.4701865315437317,0.490259051322937,0.45890599489212036,0.4795929193496704,0.4578873813152313,0.47190243005752563,0.3982919156551361,0.446358859539032,0.38174983859062195,0.5356734991073608,0.5423243045806885,0.5085930824279785,0.5467689037322998,0.5246309041976929,0.6007782220840454,0.5013457536697388,0.6015190482139587,0.5308834314346313,0.675189733505249,0.4900444746017456,0.6708595752716064
73,0.4930574595928192,0.43527376651763916,0.5198715925216675,0.4575995206832886,0.5208746194839478,0.4713507890701294,0.48991677165031433,0.4633972644805908,0.47656482458114624,0.4553656280040741,0.4692023992538452,0.3958897292613983,0.43445587158203125,0.3884119391441345,0.5373470187187195,0.5438286066055298,0.5094753503799438,0.544638991355896,0.5308876633644104,0.6013559103012085,0.5006104111671448,0.5975564122200012,0.5366472005844116,0.6703656911849976,0.4930099844932556,0.6666901111602783
74,0.4897298812866211,0.44724196195602417,0.5171343088150024,0.46174687147140503,0.5313786268234253,0.48769935965538025,0.4876360297203064,0.46614885330200195,0.47491520643234253,0.47074002027511597,0.50380539894104,0.44223058223724365,0.42611679434776306,0.390712708234787,0.5349181890487671,0.5447533130645752,0.5094891786575317,0.5452089309692383,0.5252655744552612,0.5973122119903564,0.5008852481842041,0.5980881452560425,0.5296527147293091,0.6681423187255859,0.4927316904067993,0.665901780128479
75,0.49491533637046814,0.44668328762054443,0.5192750692367554,0.4644874334335327,0.5298175811767578,0.4904717803001404,0.48999354243278503,0.46856623888015747,0.4792930483818054,0.47843465209007263,0.47088488936424255,0.4161144495010376,0.45052823424339294,0.4161333739757538,0.5353728532791138,0.5472444295883179,0.5103968977928162,0.5479285717010498,0.5246989727020264,0.6021039485931396,0.5024521350860596,0.6039136648178101,0.5267239212989807,0.6663588285446167,0.49232882261276245,0.66469407081604
76,0.4916781187057495,0.44421273469924927,0.5173320174217224,0.46618860960006714,0.5284529328346252,0.48978620767593384,0.48912641406059265,0.4694269895553589,0.47232556343078613,0.46125540137290955,0.4528917670249939,0.4069523811340332,0.4437881410121918,0.41578277945518494,0.5349891781806946,0.5460143089294434,0.5101286172866821,0.5467305183410645,0.5242075324058533,0.599433958530426,0.5015602111816406,0.6000033617019653,0.5278369784355164,0.6671432852745056,0.49325472116470337,0.6652374267578125
77,0.4941665828227997,0.4483878016471863,0.5219883322715759,0.4718463122844696,0.521629273891449,0.4759960174560547,0.4881826639175415,0.4768175482749939,0.46953386068344116,0.46599262952804565,0.45600706338882446,0.40966105461120605,0.4418025612831116,0.41841575503349304,0.5373101234436035,0.5468413233757019,0.5114875435829163,0.5498756170272827,0.5268985033035278,0.6004970073699951,0.5008014440536499,0.6014615297317505,0.530673623085022,0.6679608225822449,0.49258458614349365,0.6649874448776245
78,0.49589937925338745,0.457577109336853,0.5253052115440369,0.47957444190979004,0.5197322964668274,0.478424072265625,0.4910440146923065,0.4774327278137207,0.4756776690483093,0.4781704843044281,0.45697805285453796,0.42103955149650574,0.4451654553413391,0.4204491078853607,0.5382306575775146,0.5507109761238098,0.5110573768615723,0.553475558757782,0.527652382850647,0.6078185439109802,0.49946603178977966,0.6095449328422546,0.527173638343811,0.6759117841720581,0.487093448638916,0.6707369685173035
79,0.49746936559677124,0.46421778202056885,0.5272197723388672,0.47975265979766846,0.5212187170982361,0.47888219356536865,0.4894247055053711,0.48011982440948486,0.47343945503234863,0.47962331771850586,0.47268128395080566,0.4407460689544678,0.4488254189491272,0.4282624125480652,0.5395923852920532,0.5564891695976257,0.5098127126693726,0.5576728582382202,0.5264296531677246,0.6072883605957031,0.4995715022087097,0.6105513572692871,0.5296450853347778,0.6757467985153198,0.4876476228237152,0.6711194515228271
80,0.4986726641654968,0.4672115743160248,0.5270291566848755,0.48049265146255493,0.5231009721755981,0.49032169580459595,0.4905819892883301,0.48275870084762573,0.4732907712459564,0.47969529032707214,0.4539293050765991,0.4285924434661865,0.4309786558151245,0.4272664785385132,0.5384207963943481,0.5536211729049683,0.5104612112045288,0.5571535229682922,0.5247256755828857,0.6071696877479553,0.49856841564178467,0.6098130941390991,0.5297343730926514,0.6755573153495789,0.48870939016342163,0.6726971864700317
81,0.4925832748413086,0.4691517949104309,0.5234646201133728,0.48153814673423767,0.5256183743476868,0.4919150769710541,0.4877849221229553,0.4866901636123657,0.472276508808136,0.4830508828163147,0.4557994604110718,0.4307205379009247,0.43481898307800293,0.43128353357315063,0.5409945249557495,0.5545369386672974,0.5110945105552673,0.5616129636764526,0.5277756452560425,0.6070234179496765,0.500248908996582,0.6113524436950684,0.5304198265075684,0.6740932464599609,0.491266131401062,0.6700923442840576
82,0.49112531542778015,0.4718780517578125,0.526089072227478,0.48332470655441284,0.5251243114471436,0.4910898208618164,0.4895216226577759,0.4963777959346771,0.477458119392395,0.4905948340892792,0.47073251008987427,0.44595205783843994,0.4480366110801697,0.44397568702697754,0.5409414768218994,0.5575571060180664,0.5104604959487915,0.565422773361206,0.5311005115509033,0.6087010502815247,0.4968186616897583,0.6136527061462402,0.5323305130004883,0.6724687814712524,0.4892669916152954,0.6694362163543701
83,0.49679023027420044,0.4789917469024658,0.5262980461120605,0.49079036712646484,0.5285811424255371,0.5025297999382019,0.4946315288543701,0.4972102642059326,0.47760337591171265,0.4919193983078003,0.46820467710494995,0.46347126364707947,0.44502803683280945,0.4503074288368225,0.5363403558731079,0.5602766871452332,0.5114928483963013,0.564191460609436,0.5216873288154602,0.6064819693565369,0.5018489956855774,0.6101887822151184,0.526807427406311,0.6710660457611084,0.49030956625938416,0.668371856212616
84,0.4933481216430664,0.47413063049316406,0.5257750153541565,0.491169273853302,0.5279855728149414,0.49578773975372314,0.48708122968673706,0.49481433629989624,0.46346306800842285,0.4881531894207001,0.4791632294654846,0.4716072082519531,0.43096300959587097,0.44859397411346436,0.5430247783660889,0.5552570819854736,0.5113179683685303,0.5623461008071899,0.5338378548622131,0.6052910089492798,0.4979972243309021,0.6074435710906982,0.5413577556610107,0.671768844127655,0.4979188144207001,0.6730328798294067
85,0.4850000739097595,0.4839114546775818,0.5244755148887634,0.49345308542251587,0.5278460383415222,0.4982665181159973,0.4860404431819916,0.4961080551147461,0.46591219305992126,0.4992215633392334,0.4791232943534851,0.4750705361366272,0.43856415152549744,0.4566298723220825,0.5397052764892578,0.5619940757751465,0.5137219429016113,0.567304253578186,0.5277934074401855,0.6076985597610474,0.4975263774394989,0.6094986200332642,0.5318911671638489,0.673296332359314,0.49091002345085144,0.6673251390457153
86,0.49588629603385925,0.4831239581108093,0.5276788473129272,0.4949709177017212,0.5304819345474243,0.5098251104354858,0.4927583634853363,0.49365371465682983,0.4756889045238495,0.504106879234314,0.4775158166885376,0.47997939586639404,0.45200392603874207,0.47101354598999023,0.5362128019332886,0.5624997615814209,0.5104890465736389,0.5667284727096558,0.5254523754119873,0.6090172529220581,0.4966498017311096,0.6088457107543945,0.527847170829773,0.6702999472618103,0.49504125118255615,0.6686460375785828
87,0.49311113357543945,0.483803927898407,0.5274571180343628,0.4938754737377167,0.5381317138671875,0.5111636519432068,0.48935192823410034,0.49473702907562256,0.4668864607810974,0.5023621916770935,0.47671592235565186,0.48236510157585144,0.43140560388565063,0.4639833867549896,0.5371518135070801,0.5620688199996948,0.5111632943153381,0.5666792988777161,0.5256739258766174,0.6080886125564575,0.49759790301322937,0.6078717708587646,0.527930736541748,0.6710254549980164,0.49510109424591064,0.6688176989555359
88,0.4988895654678345,0.48755964636802673,0.531140923500061,0.49545711278915405,0.5409350395202637,0.5106815099716187,0.49211937189102173,0.4950173497200012,0.4663543105125427,0.49999356269836426,0.4782366156578064,0.4827597141265869,0.44309568405151367,0.46976566314697266,0.5367109775543213,0.5621619820594788,0.5105090737342834,0.5663803815841675,0.5251787900924683,0.6072012782096863,0.496875524520874,0.6058575510978699,0.52753746509552,0.6698655486106873,0.49452441930770874,0.6674067974090576
89,0.49179935455322266,0.49215054512023926,0.5283573865890503,0.4971108138561249,0.5411111116409302,0.5118512511253357,0.49303239583969116,0.5001283884048462,0.4684749245643616,0.5044376254081726,0.47699758410453796,0.48426946997642517,0.4338051974773407,0.4677635431289673,0.5381649136543274,0.5627932548522949,0.5133227109909058,0.5676668286323547,0.5235522389411926,0.6069400310516357,0.49644654989242554,0.6066250801086426,0.5256272554397583,0.6720545291900635,0.4951629638671875,0.6679797172546387
90,0.4963141679763794,0.49625009298324585,0.5316262245178223,0.5036325454711914,0.5452131032943726,0.513217568397522,0.4921831488609314,0.5037406086921692,0.46152767539024353,0.5038890838623047,0.48150986433029175,0.4868050515651703,0.44283148646354675,0.47635120153427124,0.5418137311935425,0.567232072353363,0.51340651512146,0.5713361501693726,0.5239109992980957,0.6076402068138123,0.49396711587905884,0.6067913174629211,0.5256355404853821,0.6727064847946167,0.49136340618133545,0.6678749322891235
91,0.49366602301597595,0.49820393323898315,0.5280686020851135,0.500788152217865,0.5431744456291199,0.5124418139457703,0.4911329448223114,0.5018669366836548,0.4655650556087494,0.5061978101730347,0.47354695200920105,0.4887244403362274,0.42716389894485474,0.47453805804252625,0.5418750047683716,0.565344512462616,0.5138979554176331,0.5699650645256042,0.5237429738044739,0.607903003692627,0.49306684732437134,0.6082356572151184,0.5278125405311584,0.6733564734458923,0.49618542194366455,0.6708316802978516
92,0.4918980300426483,0.49942076206207275,0.527406632900238,0.49871528148651123,0.5440620183944702,0.5221515893936157,0.4863244891166687,0.5028195977210999,0.4596182107925415,0.5097769498825073,0.48362934589385986,0.49769866466522217,0.41995346546173096,0.47873374819755554,0.5400775671005249,0.5654539465904236,0.5121212601661682,0.5708770751953125,0.5241557359695435,0.6104937195777893,0.4943654537200928,0.6109926700592041,0.5280181765556335,0.6748901605606079,0.4940369129180908,0.6717581152915955
93,0.49192118644714355,0.49843692779541016,0.5264884233474731,0.5031011700630188,0.541598916053772,0.5231428146362305,0.48580896854400635,0.5073300004005432,0.459160178899765,0.5120042562484741,0.47708046436309814,0.4935804605484009,0.4244208335876465,0.4850432574748993,0.5382786393165588,0.567154586315155,0.5114720463752747,0.5726089477539062,0.532549262046814,0.6122044324874878,0.49567121267318726,0.61231929063797,0.5381179451942444,0.672921359539032,0.4954391419887543,0.6704224348068237
94,0.49384805560112,0.5001444220542908,0.5288164615631104,0.49960145354270935,0.5466138124465942,0.5205028057098389,0.4889453053474426,0.5067015290260315,0.4612075686454773,0.512741208076477,0.5459350943565369,0.539960503578186,0.4244047999382019,0.4881957769393921,0.5388017892837524,0.5659443140029907,0.5115819573402405,0.5710240006446838,0.5280500650405884,0.608157753944397,0.495491087436676,0.6074836850166321,0.5319421291351318,0.6679033041000366,0.49730977416038513,0.6683765649795532
95,0.4901863932609558,0.5023164749145508,0.5290014743804932,0.5002454519271851,0.5459319353103638,0.5209542512893677,0.49367398023605347,0.508937656879425,0.46517059206962585,0.5190318822860718,0.5435518026351929,0.5586274266242981,0.4398403763771057,0.5067284107208252,0.5413007736206055,0.564792811870575,0.5143325328826904,0.5689892768859863,0.5225403904914856,0.6062054634094238,0.49473273754119873,0.6056645512580872,0.5302614569664001,0.6666688919067383,0.501559853553772,0.6700896620750427
96,0.4919237494468689,0.501336932182312,0.5200273394584656,0.5055396556854248,0.5384253263473511,0.5217227339744568,0.5011762976646423,0.5101019144058228,0.4690712094306946,0.5188846588134766,0.47658461332321167,0.5158729553222656,0.4465811252593994,0.5041694641113281,0.5411908626556396,0.5664600729942322,0.5216705203056335,0.571828305721283,0.5201424360275269,0.6088259816169739,0.4967549741268158,0.6095188856124878,0.5299191474914551,0.6738941669464111,0.4985813498497009,0.6718961596488953
97,0.49166548252105713,0.5044021606445312,0.5091109275817871,0.5106642246246338,0.4883928894996643,0.5346540212631226,0.5228123664855957,0.5100066661834717,0.5340135097503662,0.5226377248764038,0.4486038386821747,0.5077406167984009,0.4705106019973755,0.5188871622085571,0.528804361820221,0.5705580115318298,0.5387309193611145,0.5672945976257324,0.4955826997756958,0.608184814453125,0.5188832879066467,0.6085786819458008,0.5130267143249512,0.6717532873153687,0.5203813910484314,0.6716505885124207
98,0.49017593264579773,0.5049973726272583,0.5136114358901978,0.5120052099227905,0.49185842275619507,0.5364246368408203,0.5185343027114868,0.5105518698692322,0.48910409212112427,0.5285836458206177,0.4500805735588074,0.510041356086731,0.4649144113063812,0.5188440680503845,0.5320006012916565,0.5720881819725037,0.5370054841041565,0.5684823989868164,0.49760815501213074,0.6088049411773682,0.5150222182273865,0.6090419292449951,0.5129163265228271,0.672611653804779,0.5168768167495728,0.6717386245727539
99,0.48484742641448975,0.5052730441093445,0.5150874853134155,0.5128805637359619,0.4959007501602173,0.5330953001976013,0.5122222304344177,0.5139288902282715,0.481260746717453,0.5282593369483948,0.4483998417854309,0.5092124342918396,0.4449527859687805,0.5089648962020874,0.5339460372924805,0.5723098516464233,0.5302481651306152,0.5726081728935242,0.49719494581222534,0.6100931763648987,0.5034403800964355,0.61125648021698,0.5138621926307678,0.6741633415222168,0.511310875415802,0.673461377620697
100,0.48862242698669434,0.5061579942703247,0.5139882564544678,0.5102781653404236,0.5077448487281799,0.5385764837265015,0.509488582611084,0.5152345299720764,0.4853209853172302,0.5338572263717651,0.45484501123428345,0.5091069936752319,0.44785672426223755,0.5091456174850464,0.5362456440925598,0.5746711492538452,0.5282336473464966,0.5750284194946289,0.5026138424873352,0.6115853786468506,0.5032930374145508,0.6123021245002747,0.5177221894264221,0.6747868061065674,0.5112825632095337,0.6734640598297119
101,0.49017274379730225,0.5054066181182861,0.5144100785255432,0.5145089626312256,0.5029500722885132,0.5391424298286438,0.5138046741485596,0.5150287747383118,0.48980745673179626,0.5344712138175964,0.48414868116378784,0.536595344543457,0.4652392268180847,0.5213701128959656,0.5322125554084778,0.573345959186554,0.530478835105896,0.5733879804611206,0.49872714281082153,0.6091668605804443,0.5125155448913574,0.6092205047607422,0.5142310261726379,0.6735528707504272,0.5148963928222656,0.6723896265029907
102,0.4871440529823303,0.5028467178344727,0.5167208909988403,0.5093315839767456,0.5106554627418518,0.5382989645004272,0.5067455172538757,0.5142592191696167,0.4839302897453308,0.5343388915061951,0.4889163374900818,0.5363622903823853,0.4448460340499878,0.5086822509765625,0.5377222299575806,0.5679121613502502,0.5253806114196777,0.5741433501243591,0.5048173069953918,0.610139787197113,0.5012298822402954,0.6108080148696899,0.5189416408538818,0.673761785030365,0.5046345591545105,0.6710230112075806
103,0.497935950756073,0.49956580996513367,0.5273429751396179,0.5099554061889648,0.5397595167160034,0.5252363681793213,0.49849769473075867,0.5144426822662354,0.4799591898918152,0.5266655683517456,0.5102072954177856,0.5431225299835205,0.45455485582351685,0.49781304597854614,0.5406675338745117,0.571745753288269,0.5161845088005066,0.5776144862174988,0.5237869024276733,0.6142001152038574,0.4975646138191223,0.612236499786377,0.5388816595077515,0.6750690937042236,0.497402548789978,0.672639012336731
104,0.49788951873779297,0.49782514572143555,0.5301602482795715,0.5072327852249146,0.5431183576583862,0.5245460271835327,0.49531444907188416,0.5112330913543701,0.47710272669792175,0.5247456431388855,0.5440959930419922,0.5574300289154053,0.4523083567619324,0.4955573081970215,0.5407730937004089,0.5713634490966797,0.514245867729187,0.5759544372558594,0.5293142795562744,0.6161184310913086,0.4990760087966919,0.6141150593757629,0.540296733379364,0.6750534772872925,0.49723538756370544,0.6737821102142334
105,0.49608343839645386,0.4925910234451294,0.5268797278404236,0.5100125074386597,0.5470080375671387,0.530778169631958,0.4965655505657196,0.5124868154525757,0.4819796085357666,0.5289016366004944,0.5416021943092346,0.5577324628829956,0.46042710542678833,0.49979305267333984,0.5377548933029175,0.5745084285736084,0.5148235559463501,0.5785977840423584,0.5292620062828064,0.6175041198730469,0.5012494921684265,0.6165417432785034,0.5406023263931274,0.6747348308563232,0.497963547706604,0.674733579158783
106,0.49461817741394043,0.49014919996261597,0.524481475353241,0.505005955696106,0.5402563810348511,0.5246254801750183,0.4998326003551483,0.5087576508522034,0.48466938734054565,0.5285668969154358,0.5441470146179199,0.5586163401603699,0.4636021554470062,0.5008957386016846,0.5381677150726318,0.5696513652801514,0.5165590047836304,0.5743727684020996,0.5261849164962769,0.613278865814209,0.49747925996780396,0.6133277416229248,0.5331481695175171,0.6738064289093018,0.4987667202949524,0.6732911467552185
107,0.4939706027507782,0.4900631904602051,0.5239948034286499,0.5069388151168823,0.5368404388427734,0.5288463234901428,0.49848371744155884,0.5084039568901062,0.4817914664745331,0.5277837514877319,0.5217919945716858,0.5552500486373901,0.46368440985679626,0.4993404746055603,0.5384591817855835,0.5767949819564819,0.5154710412025452,0.5761702656745911,0.5221325159072876,0.6158000230789185,0.5003190040588379,0.6148597598075867,0.5324723720550537,0.6770647764205933,0.49862003326416016,0.6752005815505981
108,0.4961356520652771,0.4829649329185486,0.5283200144767761,0.4974786639213562,0.5468968152999878,0.5124936699867249,0.494352787733078,0.4987178444862366,0.47053849697113037,0.506594181060791,0.5490633249282837,0.5063533782958984,0.4276995062828064,0.4742370843887329,0.5422584414482117,0.5662027597427368,0.5138677358627319,0.571488082408905,0.530871570110321,0.6166934967041016,0.49715495109558105,0.6155200004577637,0.5378173589706421,0.6722749471664429,0.4925832450389862,0.6696004867553711
109,0.4968765377998352,0.4812868535518646,0.5326308608055115,0.5016514658927917,0.5495288372039795,0.51500403881073,0.49750620126724243,0.4999260902404785,0.48592066764831543,0.5204973220825195,0.5469350218772888,0.5316697359085083,0.4633339047431946,0.49075597524642944,0.5416219234466553,0.5645908117294312,0.516071081161499,0.5702721476554871,0.5305067300796509,0.6142202615737915,0.5010406374931335,0.6149312257766724,0.5380499362945557,0.6687785983085632,0.4969636797904968,0.6705984473228455
110,0.49680280685424805,0.48496922850608826,0.527318000793457,0.5019646883010864,0.5453808307647705,0.5170413255691528,0.49792739748954773,0.49961766600608826,0.4866538643836975,0.5241618156433105,0.5441163778305054,0.5380492806434631,0.4651864469051361,0.4938810467720032,0.5391421318054199,0.5621813535690308,0.5161821246147156,0.5690178871154785,0.5273606777191162,0.6131317019462585,0.5011825561523438,0.6149235963821411,0.5383109450340271,0.6740832328796387,0.4972870349884033,0.6709730625152588
111,0.4958348274230957,0.4814239740371704,0.5293503999710083,0.5014466047286987,0.5447781085968018,0.5191616415977478,0.4993017613887787,0.49837493896484375,0.4863332211971283,0.524042010307312,0.5437185764312744,0.5395891666412354,0.460568904876709,0.4903397262096405,0.5402074456214905,0.5621256828308105,0.5169602036476135,0.5655992031097412,0.527993381023407,0.6113163232803345,0.5010601282119751,0.6132152080535889,0.5381526350975037,0.6733686923980713,0.49681326746940613,0.6695518493652344
112,0.49538654088974,0.48173415660858154,0.5283851623535156,0.4986872673034668,0.5464390516281128,0.5155455470085144,0.4964979290962219,0.49510428309440613,0.4815608263015747,0.5193440318107605,0.5458106994628906,0.5364381670951843,0.4487035274505615,0.4875681400299072,0.540539026260376,0.55991131067276,0.5161436200141907,0.5651599764823914,0.5295678973197937,0.610109806060791,0.4995417296886444,0.6120733022689819,0.5319203734397888,0.6728215217590332,0.4960899353027344,0.6679328680038452
113,0.49529242515563965,0.48072493076324463,0.5310679078102112,0.4971179664134979,0.5422990918159485,0.5106226205825806,0.494584858417511,0.4927886128425598,0.48356419801712036,0.512539267539978,0.5400241613388062,0.5147726535797119,0.45223698019981384,0.4794519543647766,0.5427628755569458,0.5628548264503479,0.5160284042358398,0.5661181211471558,0.5296133756637573,0.610037088394165,0.49956485629081726,0.61097651720047,0.5407710075378418,0.6746286153793335,0.4967576265335083,0.6683622598648071
114,0.49358054995536804,0.4818127751350403,0.5252767205238342,0.49865564703941345,0.5424230694770813,0.5199601054191589,0.4985087811946869,0.4935532808303833,0.4857100248336792,0.5224432349205017,0.5143307447433472,0.520238995552063,0.45437857508659363,0.48756295442581177,0.5415099859237671,0.5603904128074646,0.5191007852554321,0.5631415247917175,0.5271897912025452,0.6124222874641418,0.5003671646118164,0.6132373213768005,0.5392610430717468,0.6738649606704712,0.4966229796409607,0.6704438924789429
115,0.4936218857765198,0.48125025629997253,0.5258188843727112,0.49792253971099854,0.5444633960723877,0.5208563208580017,0.49542999267578125,0.4949849843978882,0.48336490988731384,0.5243924856185913,0.5432745218276978,0.5370500683784485,0.45293331146240234,0.48504942655563354,0.5396000146865845,0.5611297488212585,0.5159130096435547,0.5647283792495728,0.5279203653335571,0.6134359240531921,0.498862087726593,0.614868700504303,0.5397377610206604,0.6728810667991638,0.49511513113975525,0.6704694628715515
116,0.4988437592983246,0.4790138900279999,0.5287771821022034,0.49880164861679077,0.547632098197937,0.5262307524681091,0.4983660578727722,0.4945123791694641,0.4887859523296356,0.5252626538276672,0.5452307462692261,0.5394152402877808,0.4565715491771698,0.487032949924469,0.538419246673584,0.5607326030731201,0.5167942047119141,0.5637878775596619,0.5294092297554016,0.6138945817947388,0.5019353628158569,0.615801215171814,0.5395066738128662,0.6689459681510925,0.496416300535202,0.6691831350326538
117,0.49453115463256836,0.47385066747665405,0.5269211530685425,0.4984193742275238,0.5459327697753906,0.5262318849563599,0.5038405060768127,0.49371904134750366,0.49384182691574097,0.5247088670730591,0.5420235991477966,0.5422629714012146,0.4694114625453949,0.49673306941986084,0.538337230682373,0.5604342818260193,0.5199965238571167,0.5632405281066895,0.5278326869010925,0.6134121417999268,0.5070332288742065,0.6149272322654724,0.5397315621376038,0.6738932132720947,0.5002399682998657,0.6689671874046326
118,0.49372756481170654,0.4731695055961609,0.5268111228942871,0.4983045756816864,0.5467582941055298,0.5258487462997437,0.504469633102417,0.49378642439842224,0.49382027983665466,0.5269113779067993,0.544061541557312,0.5555022954940796,0.4882335662841797,0.5217454433441162,0.5403547286987305,0.5584843754768372,0.5220112204551697,0.561620831489563,0.5282254219055176,0.6120024919509888,0.5074495077133179,0.6135025024414062,0.5412755012512207,0.6752311587333679,0.5006930828094482,0.6700801253318787
119,0.49659496545791626,0.47763878107070923,0.5281553864479065,0.5000553131103516,0.5481485724449158,0.5281490683555603,0.5023112893104553,0.4953692555427551,0.4939833879470825,0.5302144885063171,0.5440291166305542,0.5554871559143066,0.4845370650291443,0.5200836658477783,0.5394996404647827,0.5598135590553284,0.5202438831329346,0.5629782676696777,0.5291727781295776,0.6137274503707886,0.5053013563156128,0.6156129240989685,0.5412870645523071,0.6755599975585938,0.49762699007987976,0.6715652346611023
120,0.4903136193752289,0.47512954473495483,0.5153022408485413,0.48864981532096863,0.5311550498008728,0.522527813911438,0.5124288201332092,0.49312645196914673,0.5097465515136719,0.5215098857879639,0.5291047096252441,0.55516517162323,0.47636112570762634,0.5008925199508667,0.5375078320503235,0.5530041456222534,0.5313628911972046,0.5582993626594543,0.5227603912353516,0.6056019067764282,0.5159885883331299,0.6062060594558716,0.521896481513977,0.6704007387161255,0.5121920704841614,0.6684522032737732
121,0.49184858798980713,0.4729633033275604,0.5093449354171753,0.485479474067688,0.513063907623291,0.5178585052490234,0.5201887488365173,0.48666030168533325,0.5354345440864563,0.5089759826660156,0.47974371910095215,0.4914785325527191,0.481576532125473,0.48914873600006104,0.5364164113998413,0.5556827783584595,0.5344640612602234,0.5543191432952881,0.5200223922729492,0.6066189408302307,0.5231529474258423,0.6083031296730042,0.5199776291847229,0.669315755367279,0.5189104676246643,0.6697711944580078
122,0.4899457097053528,0.47780174016952515,0.5099535584449768,0.4859444797039032,0.5070942640304565,0.523162305355072,0.5227146148681641,0.4839700162410736,0.5345365405082703,0.5097944736480713,0.47775352001190186,0.4928945004940033,0.4827779233455658,0.4902491271495819,0.534642219543457,0.5576727390289307,0.538657546043396,0.5524594187736511,0.5142868161201477,0.6102367043495178,0.5241075754165649,0.6100893020629883,0.5112171173095703,0.6731972694396973,0.5134141445159912,0.6728267073631287
123,0.48914003372192383,0.4755619764328003,0.5188347101211548,0.4884326457977295,0.5316667556762695,0.5284004807472229,0.5105429887771606,0.49221310019493103,0.5051209926605225,0.5253856182098389,0.534487783908844,0.5470205545425415,0.48313987255096436,0.4989108741283417,0.538946270942688,0.5591241717338562,0.52569580078125,0.5622414350509644,0.5254128575325012,0.6115344166755676,0.512842059135437,0.6138214468955994,0.5348557233810425,0.6740700602531433,0.4992944002151489,0.6736345291137695
124,0.4897920489311218,0.4738149344921112,0.5222250819206238,0.4816429615020752,0.5449182987213135,0.5217151045799255,0.5037798881530762,0.48879966139793396,0.5023218393325806,0.5244132876396179,0.542738676071167,0.5399502515792847,0.46994131803512573,0.4834546446800232,0.5442567467689514,0.5539635419845581,0.5243440270423889,0.5588525533676147,0.5335097908973694,0.6138347387313843,0.5148299932479858,0.6150764226913452,0.536851704120636,0.673623263835907,0.49965399503707886,0.6727132797241211
125,0.4878477454185486,0.4739851951599121,0.5158475637435913,0.4788043200969696,0.5357506275177002,0.5122232437133789,0.5058659315109253,0.4861353635787964,0.5039024949073792,0.5208941698074341,0.5340523719787598,0.5136650800704956,0.4678896367549896,0.4819071888923645,0.5433683395385742,0.5505353808403015,0.5287269353866577,0.5535950660705566,0.5308994054794312,0.6128221750259399,0.5162073373794556,0.6148878931999207,0.5217897891998291,0.6746658682823181,0.5006815195083618,0.6705782413482666
126,0.4834393262863159,0.46702274680137634,0.5165987014770508,0.47789740562438965,0.5339566469192505,0.5261379480361938,0.5029288530349731,0.4852677285671234,0.5045047998428345,0.5234375,0.5251926779747009,0.5361968278884888,0.5066566467285156,0.5281090140342712,0.5390135049819946,0.5507233142852783,0.526858925819397,0.5553993582725525,0.5267322063446045,0.6101062297821045,0.5150064826011658,0.6129652261734009,0.5196430683135986,0.6755760908126831,0.5015931725502014,0.6707900762557983
127,0.4863849878311157,0.4669724404811859,0.5227766036987305,0.47712278366088867,0.5414475798606873,0.515223503112793,0.5026657581329346,0.48397743701934814,0.49625563621520996,0.5139178037643433,0.5351709127426147,0.5253917574882507,0.459934800863266,0.48306387662887573,0.5443191528320312,0.5519304275512695,0.5231617093086243,0.5578907132148743,0.5325659513473511,0.6091161966323853,0.5130230188369751,0.6112848520278931,0.5268296599388123,0.6761695742607117,0.5010747909545898,0.6713196635246277
128,0.4869127869606018,0.46695420145988464,0.5263228416442871,0.4758085608482361,0.5440652370452881,0.5160506963729858,0.49944156408309937,0.48492276668548584,0.49640950560569763,0.5219904184341431,0.5384864807128906,0.5236855745315552,0.4771798849105835,0.5003526210784912,0.5447373390197754,0.5501195192337036,0.5245928764343262,0.5545936822891235,0.533860445022583,0.6138097643852234,0.5125152468681335,0.6167331337928772,0.536086916923523,0.6747605800628662,0.5001394748687744,0.6705042123794556
129,0.48726415634155273,0.46236440539360046,0.5191231966018677,0.47591814398765564,0.5366448163986206,0.5217553973197937,0.5055326223373413,0.48327988386154175,0.5077133178710938,0.520585298538208,0.5287538766860962,0.5493090748786926,0.5092806816101074,0.540519654750824,0.5404129028320312,0.5496376752853394,0.5276045799255371,0.5538839101791382,0.532611072063446,0.6114507913589478,0.517859935760498,0.6110343933105469,0.5373679399490356,0.6728240847587585,0.5075494050979614,0.6709133982658386
130,0.4911523759365082,0.4637767970561981,0.5255995988845825,0.46996137499809265,0.5448537468910217,0.5088025331497192,0.4978810250759125,0.47430941462516785,0.4964568316936493,0.5097666382789612,0.5392110347747803,0.4999573826789856,0.45017799735069275,0.47952449321746826,0.5483869314193726,0.5451809763908386,0.5260717868804932,0.5492183566093445,0.5359882116317749,0.6046546697616577,0.5189933776855469,0.6047752499580383,0.5423145294189453,0.6701275110244751,0.5141656994819641,0.6674932241439819
131,0.4923793077468872,0.46343785524368286,0.5225071907043457,0.4654334783554077,0.541007399559021,0.5049998164176941,0.5005525350570679,0.4731254279613495,0.49778684973716736,0.5067151784896851,0.5098551511764526,0.49971532821655273,0.46666353940963745,0.48180171847343445,0.5473909378051758,0.5419384241104126,0.5281291007995605,0.546314537525177,0.535497784614563,0.6062510013580322,0.5177455544471741,0.6089352369308472,0.5380819439888,0.6699578166007996,0.5135636329650879,0.6680256724357605
132,0.4908077120780945,0.46059465408325195,0.5197139978408813,0.4694955050945282,0.5313227772712708,0.5152114629745483,0.5064350366592407,0.47610485553741455,0.5095938444137573,0.5140352845191956,0.5036771297454834,0.49766167998313904,0.4716564118862152,0.47575899958610535,0.5383309125900269,0.5437887907028198,0.5264511704444885,0.5471357107162476,0.5263068079948425,0.6092982888221741,0.5199339389801025,0.6094803810119629,0.5321880578994751,0.6785587668418884,0.5116720795631409,0.672447919845581
133,0.49040326476097107,0.452919602394104,0.5159600973129272,0.46383947134017944,0.5296776294708252,0.510490357875824,0.5057806372642517,0.46903520822525024,0.514001727104187,0.5071498155593872,0.508496880531311,0.501103937625885,0.48233336210250854,0.4749022126197815,0.5352776050567627,0.5420314073562622,0.5279213190078735,0.5418729782104492,0.5210767388343811,0.5974823832511902,0.520324170589447,0.5975450277328491,0.5184522271156311,0.6714009642601013,0.5138006806373596,0.667134702205658
134,0.4885723292827606,0.4522319436073303,0.5173308849334717,0.45875924825668335,0.5349901914596558,0.5068220496177673,0.4995431900024414,0.46434277296066284,0.5022737979888916,0.49933406710624695,0.5174028873443604,0.4868004322052002,0.45029276609420776,0.4601082503795624,0.5425841808319092,0.538575291633606,0.5262377262115479,0.5414286851882935,0.5215386152267456,0.5979929566383362,0.519498348236084,0.5979915857315063,0.5209639072418213,0.6740338802337646,0.5132361650466919,0.6695720553398132
135,0.4911314845085144,0.45424923300743103,0.5230064392089844,0.4540611207485199,0.5331671237945557,0.5011518597602844,0.5019345879554749,0.4677509069442749,0.5046347975730896,0.5070300102233887,0.5131312012672424,0.49788475036621094,0.47794291377067566,0.4732707142829895,0.5456380844116211,0.5352779626846313,0.5286838412284851,0.5401235818862915,0.5352158546447754,0.5950663685798645,0.5209600925445557,0.5976980328559875,0.5214559435844421,0.6696820259094238,0.51507169008255,0.6658773422241211
136,0.4878176152706146,0.4491889476776123,0.5242842435836792,0.45612120628356934,0.5359418392181396,0.504754364490509,0.504039466381073,0.46386632323265076,0.507925271987915,0.5039126873016357,0.5210777521133423,0.5035092830657959,0.4825962483882904,0.47121867537498474,0.5456485152244568,0.5359489917755127,0.5283646583557129,0.5391138792037964,0.5367517471313477,0.5948538780212402,0.5211058259010315,0.5975837707519531,0.523848295211792,0.6711246967315674,0.5132752656936646,0.6661440134048462
137,0.487801730632782,0.4563385248184204,0.5300931930541992,0.4504222571849823,0.5382025241851807,0.501649796962738,0.5004067420959473,0.46145761013031006,0.5054340958595276,0.5067930221557617,0.5085808038711548,0.4724437892436981,0.48021453619003296,0.46741971373558044,0.5541753768920898,0.5281882882118225,0.5304596424102783,0.5369969606399536,0.5383459329605103,0.5983372330665588,0.5216760039329529,0.6004486083984375,0.5349299907684326,0.672166109085083,0.5156388282775879,0.667441725730896
138,0.48467808961868286,0.44487595558166504,0.5238736271858215,0.452073335647583,0.5330047607421875,0.5018306374549866,0.5020682215690613,0.45414137840270996,0.5051127672195435,0.4990178346633911,0.5046504735946655,0.47650235891342163,0.46911323070526123,0.45322105288505554,0.5435751676559448,0.5315225720405579,0.5264638662338257,0.5335127115249634,0.531148374080658,0.6018694639205933,0.5162965059280396,0.5993737578392029,0.535771906375885,0.6752872467041016,0.5071125626564026,0.6692575812339783
139,0.4953252077102661,0.4479783773422241,0.532529354095459,0.4560685157775879,0.5444610118865967,0.49576637148857117,0.5060375332832336,0.45618391036987305,0.505013644695282,0.4974197745323181,0.5281739234924316,0.5048885941505432,0.4699724614620209,0.4500976502895355,0.5502381920814514,0.5403170585632324,0.5274143218994141,0.5406321883201599,0.5387417078018188,0.6032500267028809,0.5163456797599792,0.6027130484580994,0.536907434463501,0.6726014614105225,0.5019963979721069,0.6673118472099304
140,0.4967246651649475,0.44498854875564575,0.5309261083602905,0.4538005292415619,0.5355081558227539,0.4889213442802429,0.5018277168273926,0.45685523748397827,0.49581700563430786,0.48742419481277466,0.49080443382263184,0.4448706805706024,0.47279059886932373,0.4459455609321594,0.5471125245094299,0.5348987579345703,0.5243609547615051,0.5392471551895142,0.5364386439323425,0.6067599058151245,0.5150136351585388,0.6068867444992065,0.5354920029640198,0.6737130880355835,0.504551887512207,0.6689412593841553
141,0.4973364472389221,0.4388763904571533,0.527402400970459,0.45304831862449646,0.5401897430419922,0.48816704750061035,0.5059188604354858,0.4543507695198059,0.4994562566280365,0.47742921113967896,0.5330983996391296,0.5072662234306335,0.4658505320549011,0.4275606870651245,0.549213707447052,0.5391178131103516,0.5286448001861572,0.5358872413635254,0.5371471643447876,0.6085478067398071,0.5139161348342896,0.6068093776702881,0.5233235955238342,0.6728338599205017,0.49734658002853394,0.6665523648262024
142,0.4969193637371063,0.434020459651947,0.5326225757598877,0.452731192111969,0.5431438088417053,0.48858675360679626,0.5065018534660339,0.45441293716430664,0.4985921382904053,0.47873836755752563,0.5411296486854553,0.5162643194198608,0.4698009192943573,0.42657220363616943,0.5483903288841248,0.5327854752540588,0.5266221761703491,0.5316869020462036,0.5367554426193237,0.6075882911682129,0.5133224725723267,0.6065564751625061,0.5351628065109253,0.673414945602417,0.49843499064445496,0.6680230498313904
143,0.49699831008911133,0.431382417678833,0.5333598852157593,0.4534160792827606,0.5473676919937134,0.48789066076278687,0.5037633180618286,0.44855737686157227,0.4864583909511566,0.453341007232666,0.5342527031898499,0.4754917025566101,0.4583962857723236,0.4001702070236206,0.5507310628890991,0.5373462438583374,0.5241425037384033,0.5356191396713257,0.5391791462898254,0.6098809242248535,0.5139153003692627,0.6093003153800964,0.5358224511146545,0.6720831394195557,0.49631211161613464,0.6684930324554443
144,0.4965810775756836,0.4156668782234192,0.5306897163391113,0.4382745921611786,0.5397709608078003,0.48324939608573914,0.5042543411254883,0.4371519684791565,0.4898025393486023,0.4507420063018799,0.4798694849014282,0.40398356318473816,0.463532418012619,0.4051492214202881,0.5459825992584229,0.530422031879425,0.5213882327079773,0.5309956073760986,0.5347772836685181,0.6073086261749268,0.5129089951515198,0.606624960899353,0.5286839604377747,0.6724151968955994,0.5010542273521423,0.6718892455101013
145,0.5100723505020142,0.41499063372612,0.5416165590286255,0.43943917751312256,0.558009922504425,0.4736274182796478,0.5044012665748596,0.43613070249557495,0.4840843677520752,0.42942142486572266,0.5003229975700378,0.39189133048057556,0.46150439977645874,0.38363730907440186,0.5523455739021301,0.5314993262290955,0.5205346345901489,0.5306963920593262,0.5411838293075562,0.6115604639053345,0.515990138053894,0.6092141270637512,0.5403196811676025,0.6782752871513367,0.49820423126220703,0.6736955046653748
146,0.5062644481658936,0.4153735041618347,0.5439866781234741,0.43931302428245544,0.5234823226928711,0.4282763600349426,0.5039931535720825,0.43720489740371704,0.48226410150527954,0.4216970205307007,0.4788745045661926,0.3683243691921234,0.463894784450531,0.37525686621665955,0.5521823167800903,0.536264955997467,0.5183414220809937,0.5361121296882629,0.53931725025177,0.6130695343017578,0.513618528842926,0.6129014492034912,0.5383024215698242,0.6794518828392029,0.4959173798561096,0.6766119003295898
147,0.5075106620788574,0.3994591236114502,0.5440369248390198,0.42637914419174194,0.5316509008407593,0.4286239743232727,0.5022724270820618,0.42434853315353394,0.4862481355667114,0.4189993739128113,0.5110939741134644,0.3913729786872864,0.45573386549949646,0.3572154641151428,0.5539573431015015,0.5246089100837708,0.5158851146697998,0.5240769386291504,0.543323278427124,0.6076967716217041,0.5100308656692505,0.606132447719574,0.540808379650116,0.6794621348381042,0.49683213233947754,0.6756163835525513
148,0.5067631006240845,0.39432641863822937,0.5412262678146362,0.4213576316833496,0.5323156118392944,0.40935835242271423,0.5032504796981812,0.4180689752101898,0.4910128116607666,0.41081005334854126,0.4935908913612366,0.3596418797969818,0.4689062237739563,0.3528476655483246,0.5518160462379456,0.5273734927177429,0.5157029628753662,0.5263168811798096,0.5462775230407715,0.6047126650810242,0.5086795687675476,0.603833019733429,0.542338490486145,0.6783746480941772,0.4925658404827118,0.6745812296867371
149,0.5035783648490906,0.3779531717300415,0.5369430780410767,0.40941867232322693,0.5282673239707947,0.4080968499183655,0.5043050050735474,0.40288791060447693,0.48987099528312683,0.3975754976272583,0.4914027154445648,0.3459913432598114,0.4685034155845642,0.34269386529922485,0.5475254058837891,0.5191488862037659,0.5125062465667725,0.516122579574585,0.5396367907524109,0.6026198267936707,0.5045924782752991,0.60291987657547,0.5363383889198303,0.6786273717880249,0.49610742926597595,0.6752454042434692
150,0.5092214345932007,0.3791073262691498,0.5380890369415283,0.41087955236434937,0.5323865413665771,0.4027884602546692,0.49794647097587585,0.40632590651512146,0.491109699010849,0.38623541593551636,0.49546921253204346,0.3351384103298187,0.46984899044036865,0.33715590834617615,0.5489208698272705,0.517431914806366,0.5136356353759766,0.5172147154808044,0.5445904731750488,0.6007645130157471,0.5022532343864441,0.6004178524017334,0.5447304248809814,0.6757549047470093,0.4951236844062805,0.6741206645965576
151,0.5047569274902344,0.3700171411037445,0.5357774496078491,0.40481990575790405,0.532371461391449,0.39937567710876465,0.49759596586227417,0.3999183773994446,0.48407167196273804,0.3897280693054199,0.4914184808731079,0.3252595365047455,0.46906810998916626,0.33446332812309265,0.5454546809196472,0.5146429538726807,0.5098549127578735,0.5146667957305908,0.5381535291671753,0.6029247641563416,0.5002071857452393,0.6023326516151428,0.5362764000892639,0.6785293817520142,0.4944456219673157,0.6764315366744995
152,0.5059602856636047,0.3751871585845947,0.5345385670661926,0.4078308343887329,0.5235421657562256,0.3866020441055298,0.49476760625839233,0.40456724166870117,0.4844312071800232,0.3828222453594208,0.49621325731277466,0.3183760643005371,0.4663209617137909,0.3233439326286316,0.5456446409225464,0.5216933488845825,0.5102275609970093,0.5223456621170044,0.5407485365867615,0.5989911556243896,0.5016992092132568,0.5989413261413574,0.5424813628196716,0.6733106970787048,0.4961380362510681,0.6731908321380615
153,0.5046185851097107,0.36918720602989197,0.5324381589889526,0.40650758147239685,0.5208532214164734,0.37041741609573364,0.4905511736869812,0.4006189703941345,0.476240336894989,0.3715296685695648,0.5033011436462402,0.3127748370170593,0.46482905745506287,0.3205573558807373,0.539422869682312,0.5251426696777344,0.5070186853408813,0.5254530906677246,0.536231517791748,0.6023228168487549,0.50065016746521,0.5999552011489868,0.5404006242752075,0.6736059188842773,0.4965014159679413,0.6718752384185791
154,0.5020409226417542,0.3621145486831665,0.5319702625274658,0.39588555693626404,0.5269252061843872,0.35953617095947266,0.49231964349746704,0.38852864503860474,0.4714495539665222,0.3685387969017029,0.49324363470077515,0.3070834279060364,0.45842456817626953,0.3219158947467804,0.5395799875259399,0.5092841386795044,0.5085858702659607,0.5099302530288696,0.5275683403015137,0.6033284664154053,0.5082070231437683,0.6041998863220215,0.5232880711555481,0.6688305139541626,0.4989193081855774,0.6653637886047363
155,0.4998133182525635,0.3509175777435303,0.5255783796310425,0.36464378237724304,0.522467851638794,0.34953534603118896,0.5018988251686096,0.3712460994720459,0.4758608937263489,0.35082659125328064,0.48506683111190796,0.31036221981048584,0.4594798684120178,0.31824564933776855,0.5329647660255432,0.48678648471832275,0.5129720568656921,0.4865960478782654,0.516669750213623,0.5906255841255188,0.5091830492019653,0.5927990674972534,0.5128417015075684,0.6727170944213867,0.5004257559776306,0.6728546023368835
156,0.504847526550293,0.34553301334381104,0.49800416827201843,0.3699060380458832,0.4950803220272064,0.3645023703575134,0.5354316234588623,0.36980685591697693,0.5192577838897705,0.3626407980918884,0.4941004514694214,0.35850989818573,0.510139524936676,0.3566006124019623,0.5225973725318909,0.49752277135849,0.5424972772598267,0.5037611722946167,0.5122075080871582,0.5923089981079102,0.5352740287780762,0.5936549305915833,0.5068626999855042,0.6612185835838318,0.525708019733429,0.6643438339233398
157,0.4746575951576233,0.313088983297348,0.4961720108985901,0.36102116107940674,0.4981311559677124,0.3563372790813446,0.5422879457473755,0.3537790775299072,0.5369353294372559,0.35016101598739624,0.49781256914138794,0.3569115996360779,0.5088068842887878,0.32892489433288574,0.5197206735610962,0.47689783573150635,0.5440049171447754,0.4808374345302582,0.5143134593963623,0.5745012760162354,0.5369094610214233,0.5750608444213867,0.5084329843521118,0.669711709022522,0.5300561189651489,0.6646237373352051
158,0.5028828382492065,0.3395855128765106,0.5152690410614014,0.3632582426071167,0.5085427761077881,0.33567965030670166,0.5183026790618896,0.37232741713523865,0.5152018070220947,0.33866068720817566,0.4758346974849701,0.3052687644958496,0.49853214621543884,0.31261885166168213,0.5225415229797363,0.4803699254989624,0.525970458984375,0.48374342918395996,0.5107068419456482,0.5799400210380554,0.5143781900405884,0.5852910280227661,0.5045323967933655,0.6661098003387451,0.5008901357650757,0.6654683351516724
159,0.5029700994491577,0.33265188336372375,0.5206373929977417,0.3501296043395996,0.5260321497917175,0.34020400047302246,0.5139062404632568,0.3529012203216553,0.5147762298583984,0.3377879858016968,0.5047820806503296,0.3161216080188751,0.4963192641735077,0.3165283203125,0.5292174220085144,0.470976322889328,0.5257441401481628,0.47394368052482605,0.5120499134063721,0.5768536329269409,0.5128243565559387,0.5796945691108704,0.5086040496826172,0.668575644493103,0.5009292364120483,0.6666784286499023
160,0.49195489287376404,0.3030097484588623,0.5201558470726013,0.347412645816803,0.5115593075752258,0.34168511629104614,0.5142697095870972,0.3475126624107361,0.5175433158874512,0.34057170152664185,0.5018360614776611,0.33977457880973816,0.49888116121292114,0.3379130959510803,0.5251936912536621,0.4650892913341522,0.5258851647377014,0.4686235785484314,0.5066571235656738,0.5711654424667358,0.5147448778152466,0.5698673129081726,0.5014256834983826,0.6703476905822754,0.509286642074585,0.6631268262863159
161,0.4856284260749817,0.28669989109039307,0.5128368735313416,0.3041469156742096,0.5181411504745483,0.32298600673675537,0.4787150025367737,0.3067108988761902,0.47681182622909546,0.32164067029953003,0.5066208839416504,0.3374907672405243,0.46933385729789734,0.32914483547210693,0.51520836353302,0.3560159206390381,0.5033255815505981,0.35673975944519043,0.514654815196991,0.3916279971599579,0.5047003626823425,0.3930915296077728,0.5092302560806274,0.38817405700683594,0.5011040568351746,0.3874288499355316
162,0.4848442077636719,0.27962860465049744,0.513032078742981,0.29530277848243713,0.5178215503692627,0.3185941278934479,0.47576555609703064,0.3008083999156952,0.4719317853450775,0.31837305426597595,0.5043908357620239,0.3385732173919678,0.4776632785797119,0.334157794713974,0.5138956308364868,0.35252904891967773,0.49978893995285034,0.35352322459220886,0.5097048282623291,0.37856847047805786,0.495760977268219,0.38610202074050903,0.5001020431518555,0.3811494708061218,0.4910505712032318,0.3796658217906952
163,0.49357688426971436,0.2962219715118408,0.5182238817214966,0.3359294533729553,0.50953209400177,0.3336939513683319,0.5196982622146606,0.3247613310813904,0.5107115507125854,0.3309589624404907,0.5028855800628662,0.33875757455825806,0.5036501288414001,0.3360365331172943,0.5226828455924988,0.4415043592453003,0.5249022245407104,0.44459694623947144,0.5082765817642212,0.564498782157898,0.5196804404258728,0.5690900087356567,0.5031164288520813,0.6678768396377563,0.5112795829772949,0.667536199092865
164,0.48671549558639526,0.28630805015563965,0.5092325806617737,0.30759119987487793,0.5100942254066467,0.3463779389858246,0.5170352458953857,0.313836932182312,0.5056551694869995,0.32672858238220215,0.5020129084587097,0.33432766795158386,0.4999106824398041,0.33235424757003784,0.5209661722183228,0.47014129161834717,0.5253030061721802,0.47388559579849243,0.508262574672699,0.5669233798980713,0.5179986953735352,0.569946825504303,0.5000367760658264,0.6756216287612915,0.5131528377532959,0.6740643978118896
165,0.4895898997783661,0.28582763671875,0.5125987529754639,0.3068096935749054,0.5119802951812744,0.328084260225296,0.5126566886901855,0.3133840560913086,0.48247677087783813,0.31176668405532837,0.5055256485939026,0.33135002851486206,0.498698353767395,0.3296496272087097,0.5193119645118713,0.47303980588912964,0.5213868618011475,0.4760130047798157,0.5084310173988342,0.5682502388954163,0.5190219879150391,0.5698424577713013,0.5028924942016602,0.6733645796775818,0.5123968720436096,0.6731197237968445
166,0.48693785071372986,0.27400046586990356,0.5054833889007568,0.2893485724925995,0.5018705129623413,0.3140004277229309,0.49822187423706055,0.2925746440887451,0.4763323962688446,0.3106656074523926,0.4941602647304535,0.332584023475647,0.47014009952545166,0.32453224062919617,0.5115094184875488,0.35175856947898865,0.5029540061950684,0.35265350341796875,0.5074233412742615,0.3945556879043579,0.5019208192825317,0.3850739002227783,0.5062649250030518,0.37797456979751587,0.5009876489639282,0.37653446197509766
167,0.4871163070201874,0.2744230031967163,0.5196771621704102,0.2876656949520111,0.5323929190635681,0.320392906665802,0.47848761081695557,0.29467153549194336,0.47020959854125977,0.3161439895629883,0.5169376730918884,0.3414480686187744,0.47803995013237,0.3341695964336395,0.5156169533729553,0.35324662923812866,0.4946121871471405,0.35349223017692566,0.512026309967041,0.3894558548927307,0.49093735218048096,0.3923044800758362,0.5143848657608032,0.4035968482494354,0.49727582931518555,0.40252506732940674
168,0.48825570940971375,0.273826539516449,0.5193018913269043,0.283854603767395,0.5369431376457214,0.31768304109573364,0.4759826064109802,0.29236432909965515,0.4718789756298065,0.3146608769893646,0.514404833316803,0.3452131748199463,0.48127421736717224,0.34424206614494324,0.5155404806137085,0.35057973861694336,0.4927854537963867,0.35136228799819946,0.511866569519043,0.3719397485256195,0.48828810453414917,0.3713427186012268,0.5132954120635986,0.3855554759502411,0.4955616593360901,0.39106398820877075
169,0.4851782023906708,0.2744410037994385,0.5050921440124512,0.2900177836418152,0.5086715221405029,0.31618452072143555,0.4907267093658447,0.2932274341583252,0.47936198115348816,0.31508469581604004,0.509423553943634,0.3385480046272278,0.5017052292823792,0.33858615159988403,0.5095441341400146,0.3697509467601776,0.5033906102180481,0.3713427484035492,0.5025182962417603,0.37626469135284424,0.5017204284667969,0.37860462069511414,0.5031667351722717,0.3902350664138794,0.5019811391830444,0.3825441002845764
170,0.48829182982444763,0.27387675642967224,0.5157268643379211,0.29433518648147583,0.5210946798324585,0.3218023180961609,0.5037719011306763,0.2967067360877991,0.5048518180847168,0.3296128809452057,0.5088634490966797,0.3458234965801239,0.5000183582305908,0.3459436893463135,0.5101107358932495,0.356779545545578,0.5034154653549194,0.35819894075393677,0.5038776397705078,0.37760478258132935,0.501595139503479,0.3800757825374603,0.4923245906829834,0.4595949053764343,0.49880251288414,0.3903401494026184
171,0.48720797896385193,0.2760622501373291,0.5155919194221497,0.29362210631370544,0.5216448307037354,0.3214339017868042,0.502954363822937,0.29641208052635193,0.500912070274353,0.3185199499130249,0.5092710256576538,0.3484787940979004,0.49968069791793823,0.3484607934951782,0.509539008140564,0.3678469657897949,0.5023453831672668,0.35973942279815674,0.5017220377922058,0.38788944482803345,0.49408090114593506,0.39245086908340454,0.49432623386383057,0.48729705810546875,0.49727874994277954,0.48712024092674255
172,0.4851071238517761,0.2792854309082031,0.5086462497711182,0.2954362630844116,0.5098122358322144,0.32174408435821533,0.49175700545310974,0.29756155610084534,0.4998112618923187,0.33149486780166626,0.5038695931434631,0.35772964358329773,0.4944112002849579,0.35703420639038086,0.5074790120124817,0.3749690651893616,0.49981769919395447,0.3755927085876465,0.49045881628990173,0.44038817286491394,0.48851513862609863,0.44196051359176636,0.4954460561275482,0.4936782121658325,0.4961428642272949,0.49293601512908936
173,0.4845094680786133,0.2826040983200073,0.5127012133598328,0.2963133454322815,0.5125812292098999,0.3320961594581604,0.4896732568740845,0.30152198672294617,0.4995591640472412,0.3333374857902527,0.5013840794563293,0.35565945506095886,0.49214571714401245,0.35562604665756226,0.5094280242919922,0.37588030099868774,0.5012722015380859,0.37707024812698364,0.4910672903060913,0.46565037965774536,0.4907045066356659,0.46817049384117126,0.49675989151000977,0.49646371603012085,0.4977317452430725,0.49614471197128296
174,0.4817177653312683,0.2877275347709656,0.4993286728858948,0.30646660923957825,0.5069316625595093,0.33570462465286255,0.48957106471061707,0.3051358461380005,0.4998008608818054,0.3361564576625824,0.4950708746910095,0.35012203454971313,0.4898619055747986,0.3496716618537903,0.5060298442840576,0.3794803321361542,0.5009202361106873,0.3806513249874115,0.4949566721916199,0.41744861006736755,0.49322402477264404,0.4182310700416565,0.4960043132305145,0.4728587865829468,0.5009658336639404,0.47310349345207214
175,0.4829087257385254,0.2795402407646179,0.4956962466239929,0.29517674446105957,0.4984268546104431,0.31471508741378784,0.48670274019241333,0.29866158962249756,0.4723603129386902,0.3125082850456238,0.4918614625930786,0.3468050956726074,0.47607576847076416,0.33073750138282776,0.5055067539215088,0.35950371623039246,0.49973630905151367,0.361222505569458,0.49790796637535095,0.3963411748409271,0.49075672030448914,0.3963680863380432,0.49435538053512573,0.395682692527771,0.49382609128952026,0.38948917388916016
176,0.4824509620666504,0.28544023633003235,0.48986417055130005,0.2984684407711029,0.5004903674125671,0.321008563041687,0.4906812608242035,0.30167216062545776,0.476265549659729,0.31519654393196106,0.491060346364975,0.34743961691856384,0.4872467517852783,0.346999853849411,0.5017253160476685,0.37403666973114014,0.5009056925773621,0.36510026454925537,0.4937761425971985,0.4075632691383362,0.49269479513168335,0.39559921622276306,0.4932660460472107,0.39563101530075073,0.49536797404289246,0.3868371844291687
177,0.48048871755599976,0.2830304503440857,0.4878765344619751,0.29613614082336426,0.4775254726409912,0.31615185737609863,0.48730945587158203,0.2993040680885315,0.4742567539215088,0.3140629827976227,0.4901336133480072,0.34684059023857117,0.4851374328136444,0.3465774655342102,0.499830424785614,0.35730791091918945,0.49700212478637695,0.3589448928833008,0.49437564611434937,0.3800499141216278,0.4907645583152771,0.3798466920852661,0.49477991461753845,0.3883473873138428,0.49362438917160034,0.38661593198776245
178,0.48121947050094604,0.28183361887931824,0.48941895365715027,0.29616987705230713,0.47918248176574707,0.31817781925201416,0.4871302843093872,0.2995801568031311,0.4744246006011963,0.3178211450576782,0.4910518527030945,0.34823286533355713,0.4846908748149872,0.3480707108974457,0.502115786075592,0.35851797461509705,0.4983362555503845,0.3604103922843933,0.49797648191452026,0.3920632302761078,0.4926556944847107,0.3918880224227905,0.4942328631877899,0.4042874276638031,0.49279117584228516,0.4028719365596771
179,0.48198479413986206,0.2842954397201538,0.4979246258735657,0.30350086092948914,0.4992735981941223,0.3216671347618103,0.4850630760192871,0.303430438041687,0.4718824028968811,0.3183521628379822,0.492305725812912,0.34954485297203064,0.4840446710586548,0.34895026683807373,0.5063281059265137,0.37709957361221313,0.4989353120326996,0.37790435552597046,0.4959953725337982,0.41878435015678406,0.49277421832084656,0.4194275140762329,0.4958277940750122,0.4704470634460449,0.4976809024810791,0.47008490562438965
180,0.4798186421394348,0.28064075112342834,0.4844238758087158,0.2948324680328369,0.47449180483818054,0.3106023669242859,0.486932635307312,0.2966378331184387,0.47484177350997925,0.310189425945282,0.48784226179122925,0.3468024432659149,0.48885321617126465,0.34489744901657104,0.5027509927749634,0.36033889651298523,0.5051088333129883,0.361250102519989,0.49612438678741455,0.38216668367385864,0.4990934133529663,0.3818055987358093,0.497641384601593,0.3886845111846924,0.5011582970619202,0.3860941529273987
181,0.48402905464172363,0.2865160405635834,0.479531466960907,0.30192068219184875,0.474433958530426,0.31688517332077026,0.4890917241573334,0.3048093616962433,0.5016207695007324,0.33324795961380005,0.489886999130249,0.3532053828239441,0.4906512200832367,0.35200604796409607,0.5021402835845947,0.3785451054573059,0.5029312968254089,0.3794620931148529,0.49564164876937866,0.5690346360206604,0.506158709526062,0.5660360455513,0.5007482171058655,0.6509455442428589,0.5036992430686951,0.6492447257041931
182,0.4847254753112793,0.2924807071685791,0.48322388529777527,0.30643230676651,0.5045088529586792,0.3388177156448364,0.4799679219722748,0.31102409958839417,0.49541419744491577,0.33857619762420654,0.4956231713294983,0.3540710210800171,0.48897096514701843,0.3539161682128906,0.509423017501831,0.47211095690727234,0.5067535638809204,0.4747897982597351,0.49554431438446045,0.569251298904419,0.4968254566192627,0.5666956305503845,0.5005487203598022,0.6584950685501099,0.49849849939346313,0.6568649411201477
183,0.4883711338043213,0.28917694091796875,0.48695749044418335,0.3042382597923279,0.5097674131393433,0.33401724696159363,0.48123282194137573,0.3106616139411926,0.4950195252895355,0.33472520112991333,0.5049856901168823,0.35124167799949646,0.49400293827056885,0.3520658016204834,0.5106176137924194,0.46921202540397644,0.5021637082099915,0.47206276655197144,0.4967540204524994,0.5696583986282349,0.49344348907470703,0.5687044858932495,0.5031408071517944,0.6617714762687683,0.4956399202346802,0.6595045328140259
184,0.4884331226348877,0.2822820246219635,0.5086214542388916,0.300517201423645,0.5344157218933105,0.3338828980922699,0.4746086001396179,0.3042832016944885,0.47609302401542664,0.3251688480377197,0.5079262256622314,0.35916563868522644,0.4906322658061981,0.3588617444038391,0.508525013923645,0.37633776664733887,0.48618775606155396,0.3756043612957001,0.5057646036148071,0.41952240467071533,0.4886394143104553,0.4243949353694916,0.5084205865859985,0.4940890967845917,0.49632543325424194,0.49717792868614197
185,0.48905861377716064,0.2841290235519409,0.5027927756309509,0.3053916096687317,0.5126895904541016,0.3354925811290741,0.4790343940258026,0.30993932485580444,0.4781312942504883,0.33464285731315613,0.5056197643280029,0.36212441325187683,0.4897642731666565,0.361563503742218,0.5055223703384399,0.3834325671195984,0.4901083707809448,0.4416283071041107,0.4992196261882782,0.5719056725502014,0.49153539538383484,0.5704887509346008,0.5042890310287476,0.6638762950897217,0.49003836512565613,0.6610996127128601
186,0.4883593022823334,0.2876512408256531,0.4854506254196167,0.30585211515426636,0.5039411783218384,0.336676687002182,0.4943070411682129,0.3103484809398651,0.498208612203598,0.3365287780761719,0.5017602443695068,0.36068910360336304,0.496914803981781,0.36074960231781006,0.5042397379875183,0.37970197200775146,0.49980735778808594,0.3808309733867645,0.49564987421035767,0.5767717361450195,0.496310293674469,0.5758180618286133,0.5004609227180481,0.6599268913269043,0.4960978031158447,0.657826840877533
187,0.4869638681411743,0.2894150912761688,0.4788680970668793,0.3070164918899536,0.4946342706680298,0.33176106214523315,0.504823625087738,0.31134098768234253,0.5037528276443481,0.33739277720451355,0.49843630194664,0.362221896648407,0.5003727078437805,0.36185842752456665,0.5017594695091248,0.3780122995376587,0.5031012296676636,0.3793017864227295,0.4965490698814392,0.40447112917900085,0.5065539479255676,0.4022131562232971,0.4985229969024658,0.3971800208091736,0.5098558068275452,0.46362942457199097
188,0.4891608655452728,0.28506168723106384,0.5037602186203003,0.30362123250961304,0.533897340297699,0.3335677981376648,0.4904106855392456,0.3055230379104614,0.4949970245361328,0.3325265347957611,0.5096402764320374,0.35541778802871704,0.4967845380306244,0.3561050295829773,0.5110094547271729,0.37116891145706177,0.49936601519584656,0.37162232398986816,0.5075560808181763,0.392639696598053,0.5002670288085938,0.3935629725456238,0.5088094472885132,0.4256775379180908,0.5015422701835632,0.39383718371391296
189,0.4873391389846802,0.28517255187034607,0.5171041488647461,0.3018883466720581,0.5375349521636963,0.3323051333427429,0.47724294662475586,0.3077378273010254,0.4788317084312439,0.32673636078834534,0.5153138637542725,0.3552691340446472,0.4924001395702362,0.357185423374176,0.5137194395065308,0.37154707312583923,0.49555671215057373,0.37216100096702576,0.5110344886779785,0.3910028636455536,0.49266576766967773,0.394171804189682,0.5126529932022095,0.42350292205810547,0.4983658194541931,0.395755410194397
190,0.48445674777030945,0.2852274477481842,0.5099657773971558,0.30286508798599243,0.5352473258972168,0.3343518376350403,0.48624372482299805,0.3050861656665802,0.4944567382335663,0.3323301672935486,0.5104637742042542,0.358318030834198,0.4946466386318207,0.3587380349636078,0.5153645873069763,0.37220489978790283,0.5015153884887695,0.3724725842475891,0.507348358631134,0.38235390186309814,0.499822199344635,0.3868255019187927,0.5128598213195801,0.42248567938804626,0.49899375438690186,0.3923269510269165
191,0.4846634864807129,0.28540220856666565,0.5154832005500793,0.3031475841999054,0.5371819138526917,0.33480510115623474,0.4857512414455414,0.30575841665267944,0.49284645915031433,0.3326655626296997,0.5235585570335388,0.35911208391189575,0.4936063885688782,0.3601800799369812,0.5153074860572815,0.37418776750564575,0.500344455242157,0.3746491074562073,0.5069708824157715,0.383597731590271,0.49430665373802185,0.3893967568874359,0.513391375541687,0.42274051904678345,0.49862515926361084,0.39387235045433044
192,0.4882766008377075,0.2875065207481384,0.48810136318206787,0.305886447429657,0.5054134130477905,0.3378084599971771,0.5003892779350281,0.31341448426246643,0.5016882419586182,0.3496153950691223,0.49951478838920593,0.3694763779640198,0.49283987283706665,0.36909550428390503,0.5112698078155518,0.4699234962463379,0.5069999694824219,0.4740336835384369,0.5005802512168884,0.5852698087692261,0.49607783555984497,0.5804609060287476,0.5060936808586121,0.6663254499435425,0.4998159408569336,0.6640287637710571
193,0.486208438873291,0.2845919132232666,0.5218731164932251,0.31001609563827515,0.5239297747612,0.3402157425880432,0.4756234586238861,0.31398820877075195,0.4677722454071045,0.341168612241745,0.5142253637313843,0.372825562953949,0.4812825322151184,0.3726484477519989,0.5108935832977295,0.42299407720565796,0.47918784618377686,0.41199392080307007,0.5009559392929077,0.5723381042480469,0.48531362414360046,0.5403195023536682,0.5083059072494507,0.6691159605979919,0.4920141100883484,0.6036787629127502
194,0.490527480840683,0.2859317660331726,0.5185426473617554,0.3084806799888611,0.5215288996696472,0.33834606409072876,0.4779678285121918,0.3145170211791992,0.4696720838546753,0.3341224193572998,0.5109283924102783,0.37202751636505127,0.48431020975112915,0.3711329698562622,0.5100059509277344,0.4064403176307678,0.48317739367485046,0.40658625960350037,0.5012855529785156,0.48359769582748413,0.48687636852264404,0.4902510344982147,0.5076202154159546,0.6683037281036377,0.4906109571456909,0.6583793759346008
195,0.4912796914577484,0.28596460819244385,0.5189481973648071,0.31054532527923584,0.5215887427330017,0.34143444895744324,0.47499340772628784,0.3164505660533905,0.4720618426799774,0.34942853450775146,0.5097863078117371,0.37592601776123047,0.48135173320770264,0.37429067492485046,0.5115817189216614,0.4476411044597626,0.4834437072277069,0.4468594193458557,0.5001053810119629,0.5730698108673096,0.48917722702026367,0.5711510181427002,0.5070174932479858,0.6678856611251831,0.48892951011657715,0.6648861169815063
196,0.4899683892726898,0.2874692678451538,0.5129167437553406,0.30821821093559265,0.5200281143188477,0.33682316541671753,0.47840628027915955,0.31400173902511597,0.47780486941337585,0.33736512064933777,0.5072377920150757,0.3692830502986908,0.4869312047958374,0.36723124980926514,0.5093439817428589,0.38768577575683594,0.4866536855697632,0.3992944657802582,0.505134642124176,0.4493294358253479,0.48943763971328735,0.45470017194747925,0.5067616105079651,0.66582852602005,0.49426478147506714,0.4979696273803711
197,0.49044057726860046,0.2896368205547333,0.5083835124969482,0.3094959855079651,0.5155048966407776,0.3370400071144104,0.4895407557487488,0.31470370292663574,0.49312824010849,0.33941054344177246,0.5033209919929504,0.3678690791130066,0.4877976179122925,0.3695521950721741,0.5090662837028503,0.3856106400489807,0.4950580298900604,0.38740789890289307,0.5050250291824341,0.4064510464668274,0.4906037747859955,0.41103702783584595,0.5080532431602478,0.46285924315452576,0.49642622470855713,0.4960136115550995
198,0.4898506999015808,0.28821104764938354,0.5051522254943848,0.3077242970466614,0.5128127336502075,0.33608508110046387,0.5035195350646973,0.31376558542251587,0.4987790286540985,0.33826392889022827,0.5014984011650085,0.3677704334259033,0.4915681481361389,0.3691047430038452,0.5088375806808472,0.3841593265533447,0.49960049986839294,0.38576239347457886,0.5040850639343262,0.4020116329193115,0.49726879596710205,0.4038805663585663,0.5088856220245361,0.4596632421016693,0.49841615557670593,0.49191248416900635
199,0.48651182651519775,0.28989657759666443,0.4803973138332367,0.3052169680595398,0.5016714930534363,0.33203861117362976,0.4947671592235565,0.30961936712265015,0.5029758810997009,0.33709439635276794,0.5006190538406372,0.3638249635696411,0.4974972903728485,0.3645651042461395,0.5063602924346924,0.3771194815635681,0.5029537677764893,0.3784557282924652,0.5023884177207947,0.3921220898628235,0.5040290951728821,0.3929821252822876,0.5013788938522339,0.39516735076904297,0.5028603076934814,0.3947748839855194
200,0.48764893412590027,0.292121022939682,0.47934919595718384,0.30619868636131287,0.5000940561294556,0.3322415053844452,0.5044394135475159,0.3134279251098633,0.5043319463729858,0.3373650014400482,0.4997745752334595,0.36266446113586426,0.498263418674469,0.36297687888145447,0.5072925090789795,0.3778238892555237,0.5050132870674133,0.3792092502117157,0.5033829808235168,0.3945193290710449,0.5068016052246094,0.39527958631515503,0.5016893148422241,0.395135760307312,0.5041275024414062,0.39447635412216187
201,0.4867008328437805,0.29078221321105957,0.4779742658138275,0.3045644164085388,0.4845447540283203,0.32853806018829346,0.4969354569911957,0.3077022433280945,0.5080142021179199,0.33674192428588867,0.49796587228775024,0.3624121844768524,0.4996299147605896,0.3620759844779968,0.5071423649787903,0.37532156705856323,0.5078452825546265,0.3763936758041382,0.5041425228118896,0.3902808427810669,0.5105938911437988,0.3905128240585327,0.5012645721435547,0.393542617559433,0.5060575008392334,0.3925219774246216
202,0.48620277643203735,0.290966659784317,0.47709786891937256,0.3050105571746826,0.4833158254623413,0.32874587178230286,0.50458824634552,0.31192243099212646,0.5071163177490234,0.3369572162628174,0.49521443247795105,0.3625742197036743,0.49774831533432007,0.3622118830680847,0.5058653354644775,0.3748553991317749,0.5073038339614868,0.3759809136390686,0.5029839277267456,0.39093977212905884,0.5104626417160034,0.3910331428050995,0.5000451803207397,0.3945847749710083,0.5055718421936035,0.3934098184108734
203,0.4860347509384155,0.29142695665359497,0.4778820276260376,0.3052334785461426,0.4744325280189514,0.3282337784767151,0.5037296414375305,0.31318971514701843,0.5050304532051086,0.3368591070175171,0.49679261445999146,0.3615483045578003,0.4970096945762634,0.36167773604393005,0.5070606470108032,0.37531566619873047,0.5065905451774597,0.37675797939300537,0.5042814016342163,0.3930646777153015,0.5090569257736206,0.3935002088546753,0.5013083815574646,0.3945271670818329,0.5049777626991272,0.39364349842071533
204,0.4812418818473816,0.2852092385292053,0.47274208068847656,0.2967177927494049,0.4660598635673523,0.3196912705898285,0.4951481223106384,0.2980225086212158,0.48066961765289307,0.316849946975708,0.4819760322570801,0.35479408502578735,0.49298638105392456,0.353349506855011,0.4887227416038513,0.35959696769714355,0.5063852071762085,0.36381766200065613,0.49021121859550476,0.37696129083633423,0.5016006827354431,0.37764692306518555,0.49183112382888794,0.38874346017837524,0.5015687942504883,0.38889074325561523
205,0.48212045431137085,0.2881307005882263,0.47781288623809814,0.3016228973865509,0.47409194707870483,0.3211636543273926,0.4901915490627289,0.30443960428237915,0.47616395354270935,0.32331302762031555,0.4915831983089447,0.359469473361969,0.49155494570732117,0.35884594917297363,0.5016885995864868,0.37677201628685,0.5026609301567078,0.36890193819999695,0.49808403849601746,0.3918865919113159,0.49832725524902344,0.3925350308418274,0.4967336654663086,0.39462679624557495,0.49904271960258484,0.39275461435317993
206,0.48221737146377563,0.2889697551727295,0.4781953692436218,0.30152982473373413,0.47405657172203064,0.3204566240310669,0.48983022570610046,0.30456608533859253,0.4754941463470459,0.32270491123199463,0.49094507098197937,0.3582669496536255,0.4894702434539795,0.35805749893188477,0.5022569894790649,0.3745495676994324,0.5015948414802551,0.3671127259731293,0.49684855341911316,0.3825622498989105,0.49796414375305176,0.391525000333786,0.4968355596065521,0.39422258734703064,0.49774670600891113,0.3926968574523926
207,0.48238348960876465,0.29008951783180237,0.4783669412136078,0.3027034401893616,0.4741937518119812,0.3214894235134125,0.49058419466018677,0.30574530363082886,0.47578510642051697,0.3238023519515991,0.4922533929347992,0.35602161288261414,0.49090123176574707,0.3561922311782837,0.5028136968612671,0.3757786452770233,0.5022820234298706,0.3681265115737915,0.4987733066082001,0.39101049304008484,0.4983839690685272,0.39209994673728943,0.4972853660583496,0.39441514015197754,0.4987413287162781,0.39313098788261414
208,0.48297926783561707,0.2882484793663025,0.4798603951931,0.30112648010253906,0.4754309356212616,0.3200376629829407,0.49020469188690186,0.30450114607810974,0.47519347071647644,0.32269686460494995,0.4929618835449219,0.3558642268180847,0.49001991748809814,0.3564370274543762,0.5030112266540527,0.3742934465408325,0.501382052898407,0.3669940233230591,0.4993899464607239,0.39104169607162476,0.497516006231308,0.39233869314193726,0.49775224924087524,0.3945218324661255,0.4978521466255188,0.39359229803085327
209,0.48332902789115906,0.2884603440761566,0.4797300696372986,0.3016692101955414,0.47536715865135193,0.3208826780319214,0.49091386795043945,0.3055073618888855,0.47641026973724365,0.32394516468048096,0.4925440549850464,0.3582892119884491,0.4900057911872864,0.3589733839035034,0.5028800964355469,0.37582671642303467,0.500572144985199,0.37852129340171814,0.499107301235199,0.39456480741500854,0.49755704402923584,0.39590463042259216,0.49542948603630066,0.39741653203964233,0.49855491518974304,0.39543089270591736
210,0.481565922498703,0.2857310473918915,0.48074623942375183,0.2978268563747406,0.47684383392333984,0.31783872842788696,0.4879387617111206,0.3018374443054199,0.4744715392589569,0.3212865889072418,0.49006521701812744,0.3550274968147278,0.4855997562408447,0.3559415340423584,0.5005871653556824,0.3609876036643982,0.49842721223831177,0.3644866347312927,0.4972724914550781,0.38218027353286743,0.4956253170967102,0.3922334611415863,0.4968545436859131,0.3941735625267029,0.49544405937194824,0.3933326005935669
211,0.48399507999420166,0.2953094244003296,0.481309175491333,0.3067127466201782,0.5050700902938843,0.3374592661857605,0.49465617537498474,0.3103136122226715,0.5026497840881348,0.33931487798690796,0.4933626353740692,0.35370954871177673,0.49108991026878357,0.3620983958244324,0.5064882040023804,0.3820420205593109,0.5047523975372314,0.38504093885421753,0.5029765963554382,0.4005524516105652,0.4985797107219696,0.4027721583843231,0.4953300952911377,0.39604413509368896,0.49548646807670593,0.3947482705116272
212,0.48413920402526855,0.3038959503173828,0.4806486964225769,0.3129357099533081,0.5091802477836609,0.35703372955322266,0.5117229223251343,0.34655246138572693,0.5060532093048096,0.358235239982605,0.49685725569725037,0.3650490641593933,0.4936542510986328,0.3660493791103363,0.5082563161849976,0.38763362169265747,0.5072107315063477,0.3905465304851532,0.5039759874343872,0.47270435094833374,0.5075989961624146,0.47718653082847595,0.5078031420707703,0.6457610130310059,0.5042448043823242,0.5769184827804565
213,0.48313555121421814,0.3071874678134918,0.5072267055511475,0.3610347509384155,0.5097728967666626,0.35895800590515137,0.5103919506072998,0.3650705814361572,0.5063601732254028,0.3603140115737915,0.4989159107208252,0.3661060333251953,0.4954676628112793,0.36707061529159546,0.5097053050994873,0.4996998906135559,0.5198309421539307,0.5031464099884033,0.4994288384914398,0.5733259916305542,0.5030704736709595,0.5740857124328613,0.5089861154556274,0.6532703042030334,0.5082248449325562,0.65207839012146
214,0.4824758768081665,0.30761095881462097,0.47871133685112,0.3158860504627228,0.5039103031158447,0.344295471906662,0.5085741877555847,0.32817965745925903,0.5065297484397888,0.36005982756614685,0.4978427290916443,0.3656357526779175,0.49568748474121094,0.36657652258872986,0.507465124130249,0.39054399728775024,0.5073427557945251,0.3935694694519043,0.5046830177307129,0.4079776406288147,0.5029788017272949,0.41126346588134766,0.4971027076244354,0.3972063958644867,0.4989473223686218,0.3974512815475464
215,0.48210960626602173,0.3129759728908539,0.47574979066848755,0.3176911175251007,0.4990306496620178,0.3442872166633606,0.5105408430099487,0.33092010021209717,0.5083690285682678,0.36038729548454285,0.49395275115966797,0.3654428720474243,0.4957161843776703,0.36609017848968506,0.5051673054695129,0.3906720280647278,0.5084136724472046,0.3936091363430023,0.4979705512523651,0.4312132000923157,0.5047860145568848,0.4124467074871063,0.4946880340576172,0.39671358466148376,0.49901652336120605,0.3877512216567993
216,0.5087137222290039,0.3613642156124115,0.4974883496761322,0.37858670949935913,0.5017558932304382,0.37439537048339844,0.5258165597915649,0.38034582138061523,0.5249221324920654,0.375248521566391,0.4946322441101074,0.37342000007629395,0.5091571807861328,0.3730510473251343,0.5082104206085205,0.47495973110198975,0.5334959626197815,0.4785437285900116,0.5004292726516724,0.5266927480697632,0.5288613438606262,0.5245510935783386,0.5037506818771362,0.576478123664856,0.5107700228691101,0.5786590576171875
217,0.50937819480896,0.3680238127708435,0.5094276070594788,0.38227784633636475,0.5108537673950195,0.3814079761505127,0.5162512063980103,0.38538116216659546,0.5144870281219482,0.38272449374198914,0.5032138228416443,0.37606605887413025,0.5048094391822815,0.3763638734817505,0.5091824531555176,0.4972178339958191,0.5221942663192749,0.4997499883174896,0.49743926525115967,0.5692479610443115,0.5031002163887024,0.5676286816596985,0.5039279460906982,0.6351146101951599,0.5034691095352173,0.6403768658638
218,0.5086202025413513,0.3664095997810364,0.5073755979537964,0.37957483530044556,0.5089936852455139,0.37517303228378296,0.5162358283996582,0.3831588625907898,0.5141397714614868,0.3769436478614807,0.5011902451515198,0.3718983829021454,0.503620982170105,0.37229490280151367,0.5080310702323914,0.49702996015548706,0.522331178188324,0.5001497268676758,0.49750587344169617,0.5700934529304504,0.5038564205169678,0.568450391292572,0.5034104585647583,0.6349248886108398,0.5038368701934814,0.6404179334640503
219,0.5072942972183228,0.3585345149040222,0.506064772605896,0.3774009346961975,0.5073449611663818,0.3717871904373169,0.5172427296638489,0.3803481459617615,0.5147658586502075,0.3730575740337372,0.4991079270839691,0.3704946041107178,0.5030009746551514,0.370543897151947,0.5196936130523682,0.47071605920791626,0.5242670178413391,0.4739609360694885,0.4987468719482422,0.5443118214607239,0.5050339698791504,0.5590962171554565,0.5034316778182983,0.6325280070304871,0.5045408606529236,0.6309101581573486
