FrameNo,head_x,head_y,left_shoulder_x,left_shoulder_y,left_elbow_x,left_elbow_y,right_shoulder_x,right_shoulder_y,right_elbow_x,right_elbow_y,left_hand_x,left_hand_y,right_hand_x,right_hand_y,left_hip_x,left_hip_y,right_hip_x,right_hip_y,left_knee_x,left_knee_y,right_knee_x,right_knee_y,left_foot_x,left_foot_y,right_foot_x,right_foot_y
0,0.5154110193252563,0.36547309160232544,0.5571514368057251,0.4148215055465698,0.5686281323432922,0.469021737575531,0.47832590341567993,0.41573208570480347,0.45988044142723083,0.4777921438217163,0.578026533126831,0.5404060482978821,0.44689497351646423,0.5326454639434814,0.5385556817054749,0.5377532839775085,0.48922109603881836,0.5361112952232361,0.537352979183197,0.6439976692199707,0.4812086820602417,0.642535924911499,0.5440880060195923,0.7452477812767029,0.4728776812553406,0.7493212223052979
1,0.5154449939727783,0.3642922043800354,0.5573068261146545,0.41339176893234253,0.5646725296974182,0.46968716382980347,0.4862461984157562,0.41897881031036377,0.45984041690826416,0.4768095016479492,0.5788459181785583,0.5444306135177612,0.44159552454948425,0.5271578431129456,0.5359811782836914,0.5355986952781677,0.4893036484718323,0.533618688583374,0.5407246351242065,0.6433117389678955,0.4827742576599121,0.6445115804672241,0.5424416065216064,0.7440919876098633,0.474038690328598,0.7486248016357422
2,0.5151029825210571,0.36465775966644287,0.5563941597938538,0.41290605068206787,0.5649365186691284,0.4677855670452118,0.48682400584220886,0.417409747838974,0.457913875579834,0.47318077087402344,0.582443356513977,0.5400994420051575,0.44138604402542114,0.5176935195922852,0.5339746475219727,0.5316359996795654,0.48792383074760437,0.5300262570381165,0.5377583503723145,0.6398419737815857,0.482692688703537,0.6395812034606934,0.5408905744552612,0.743427038192749,0.47170132398605347,0.7469035983085632
3,0.513623833656311,0.36448848247528076,0.555034875869751,0.4190319776535034,0.5687956809997559,0.4698532223701477,0.4865366220474243,0.41672274470329285,0.4542378783226013,0.4706569314002991,0.5814161896705627,0.5429099798202515,0.4353797137737274,0.5128685235977173,0.5364639163017273,0.5285466909408569,0.4883742034435272,0.5263497829437256,0.5393059253692627,0.639643669128418,0.4834960699081421,0.6402863264083862,0.5443007349967957,0.7431976795196533,0.4730724096298218,0.7471466064453125
4,0.5153545141220093,0.3665515184402466,0.5577905178070068,0.41809019446372986,0.5822190046310425,0.46361157298088074,0.49019521474838257,0.41467294096946716,0.44907671213150024,0.46127113699913025,0.593335747718811,0.5194441676139832,0.418304443359375,0.49283623695373535,0.5383208990097046,0.5231777429580688,0.490722119808197,0.5215733051300049,0.5396896004676819,0.6301237344741821,0.47958964109420776,0.6276945471763611,0.5450559854507446,0.740182638168335,0.4714523255825043,0.7444603443145752
5,0.5125374794006348,0.36648815870285034,0.5561206340789795,0.4138890504837036,0.5853082537651062,0.4565344452857971,0.48605871200561523,0.41372114419937134,0.43656325340270996,0.45497608184814453,0.593376636505127,0.48157092928886414,0.4210474193096161,0.4981136918067932,0.5439985394477844,0.5229266881942749,0.49151694774627686,0.5192184448242188,0.5441567897796631,0.6285907030105591,0.4796914756298065,0.6286084651947021,0.5488477945327759,0.738085925579071,0.4735918939113617,0.7450990080833435
6,0.5135912895202637,0.3650243282318115,0.557818591594696,0.4099336564540863,0.5929616689682007,0.4506112039089203,0.4876387119293213,0.4118901491165161,0.4394039809703827,0.45218509435653687,0.6030817031860352,0.4699051082134247,0.4126228094100952,0.48424598574638367,0.5390565395355225,0.5187195539474487,0.4931383728981018,0.5186241865158081,0.5456823110580444,0.6280961036682129,0.4801449179649353,0.6264055967330933,0.5500577688217163,0.7372161746025085,0.4738510549068451,0.7447223663330078
7,0.5131853818893433,0.3638420104980469,0.5561347007751465,0.40787506103515625,0.5968602895736694,0.44860225915908813,0.4890047311782837,0.4113636612892151,0.45160865783691406,0.4479615092277527,0.6096301674842834,0.4583551585674286,0.4201800227165222,0.46055442094802856,0.5403623580932617,0.5170873403549194,0.4956417977809906,0.5180833339691162,0.5479080677032471,0.6282029151916504,0.4824405610561371,0.6257389783859253,0.5521699786186218,0.737013578414917,0.47321224212646484,0.744892954826355
8,0.510295033454895,0.36426645517349243,0.5527901649475098,0.40575677156448364,0.598176121711731,0.4442940354347229,0.4889657199382782,0.41333597898483276,0.4468427896499634,0.44587576389312744,0.6144703030586243,0.4409615695476532,0.41350024938583374,0.4456145465373993,0.5381484031677246,0.5165464282035828,0.4939398765563965,0.51814866065979,0.5474826693534851,0.6282666325569153,0.4807448983192444,0.6275777816772461,0.5517770051956177,0.7370004057884216,0.47269362211227417,0.744584321975708
9,0.5139510035514832,0.36166152358055115,0.5539498329162598,0.4072922468185425,0.611716628074646,0.4167686402797699,0.48607754707336426,0.4121650457382202,0.4290059506893158,0.4170372486114502,0.6265139579772949,0.39761555194854736,0.39730679988861084,0.41009947657585144,0.53355473279953,0.5171875953674316,0.4944913387298584,0.5204172134399414,0.5457269549369812,0.632483720779419,0.48259004950523376,0.6322710514068604,0.5493320822715759,0.739230751991272,0.4758250117301941,0.7466632723808289
10,0.5152899622917175,0.3584199845790863,0.560623824596405,0.41020485758781433,0.6117185354232788,0.4084359109401703,0.4817085862159729,0.41048598289489746,0.42043477296829224,0.4001476764678955,0.627531886100769,0.3779003620147705,0.3923143744468689,0.3857712745666504,0.5337105393409729,0.5206200480461121,0.49340495467185974,0.5234034061431885,0.5475276112556458,0.633594810962677,0.4867827892303467,0.636520504951477,0.5487820506095886,0.7399176955223083,0.4764915406703949,0.7468743324279785
11,0.5170294046401978,0.358102411031723,0.5626996159553528,0.4099752604961395,0.6140681505203247,0.402790367603302,0.4827357530593872,0.409359872341156,0.4222820997238159,0.39334890246391296,0.6369410157203674,0.3594115972518921,0.3894343078136444,0.35966598987579346,0.540846049785614,0.5230001211166382,0.49249398708343506,0.521312415599823,0.549157440662384,0.6365159749984741,0.4869537055492401,0.6373056173324585,0.5470540523529053,0.7402533888816833,0.47756367921829224,0.7464720010757446
12,0.5175521373748779,0.3600134253501892,0.5608614087104797,0.4064132571220398,0.6125602722167969,0.38845598697662354,0.4842224717140198,0.40733057260513306,0.4248959422111511,0.38897788524627686,0.6298866271972656,0.33905526995658875,0.3938995599746704,0.34659671783447266,0.5418831706047058,0.5190399289131165,0.4922906160354614,0.5165238976478577,0.5490260124206543,0.6303302049636841,0.48716574907302856,0.6278160810470581,0.5505788922309875,0.7361050844192505,0.47685879468917847,0.7469989061355591
13,0.5155567526817322,0.36010485887527466,0.5576151013374329,0.4018387496471405,0.610047459602356,0.38665062189102173,0.48455795645713806,0.4026777744293213,0.42932412028312683,0.38147100806236267,0.6315180063247681,0.32644596695899963,0.394822895526886,0.3268621861934662,0.5354840159416199,0.5168766975402832,0.49500879645347595,0.5185351967811584,0.5574656128883362,0.6209912896156311,0.48602813482284546,0.6240653991699219,0.5512746572494507,0.7321572303771973,0.4783303737640381,0.7446049451828003
14,0.515924870967865,0.36191701889038086,0.558091938495636,0.40090543031692505,0.6118519306182861,0.3767869174480438,0.4783211946487427,0.40295156836509705,0.43014535307884216,0.3737451434135437,0.6300585865974426,0.3187488913536072,0.39633581042289734,0.3127463459968567,0.5351079106330872,0.5173513889312744,0.4931119382381439,0.5194664001464844,0.5549213290214539,0.6221456527709961,0.48074251413345337,0.6305534839630127,0.5501018762588501,0.7339645624160767,0.47782158851623535,0.7456022500991821
15,0.516768217086792,0.3631458282470703,0.5581926107406616,0.40279313921928406,0.6067600250244141,0.3700224757194519,0.48192137479782104,0.402435839176178,0.43219876289367676,0.3582848012447357,0.6206472516059875,0.2967100143432617,0.40425992012023926,0.29511627554893494,0.5423973798751831,0.5198218822479248,0.4923713803291321,0.51784348487854,0.551790714263916,0.6214717626571655,0.4795597195625305,0.6238429546356201,0.5473963022232056,0.7357988357543945,0.47680819034576416,0.7448337078094482
16,0.5177000761032104,0.36737293004989624,0.5583438873291016,0.4044184684753418,0.6089056134223938,0.3666606545448303,0.4836995303630829,0.4067786633968353,0.4363136887550354,0.35638004541397095,0.6187765598297119,0.29596105217933655,0.4118710458278656,0.2956787347793579,0.5414019227027893,0.5215162038803101,0.4915773868560791,0.5203447341918945,0.5505836009979248,0.6215832829475403,0.47932207584381104,0.6242557764053345,0.5462995767593384,0.7363259196281433,0.47535431385040283,0.7443366050720215
17,0.5143232941627502,0.3688163161277771,0.5552026629447937,0.40277737379074097,0.6014830470085144,0.35923337936401367,0.480400413274765,0.40728065371513367,0.4400370121002197,0.3458039164543152,0.619225025177002,0.2991331219673157,0.4194360673427582,0.2989818751811981,0.5321916341781616,0.5197897553443909,0.4918147921562195,0.5212581157684326,0.545261025428772,0.6321194171905518,0.48265036940574646,0.6337599754333496,0.5468925833702087,0.7388620376586914,0.4746602475643158,0.7467066049575806
18,0.515783429145813,0.3689768314361572,0.5557515621185303,0.4003183841705322,0.6079428791999817,0.35699760913848877,0.48419713973999023,0.40528029203414917,0.444519579410553,0.3469542860984802,0.6175529956817627,0.29791611433029175,0.418772429227829,0.2841476798057556,0.5322303771972656,0.5203845500946045,0.4932253062725067,0.5217179656028748,0.5435295104980469,0.6341623067855835,0.48443877696990967,0.6346209049224854,0.5466657876968384,0.7392680644989014,0.47507986426353455,0.7455980181694031
19,0.5167572498321533,0.3708934783935547,0.5568627715110779,0.39831578731536865,0.60516357421875,0.3528502583503723,0.4851471185684204,0.40421241521835327,0.4442232549190521,0.34903818368911743,0.6145973205566406,0.288472056388855,0.41960716247558594,0.28212499618530273,0.5332533717155457,0.5197287201881409,0.4921957850456238,0.5211670398712158,0.5426329374313354,0.6325502395629883,0.4840019643306732,0.6328689455986023,0.5473744869232178,0.7394854426383972,0.47492551803588867,0.7455357909202576
20,0.5141311883926392,0.37137019634246826,0.5544278025627136,0.39437517523765564,0.6026015877723694,0.3502264618873596,0.48243963718414307,0.4009147584438324,0.4429057836532593,0.33827608823776245,0.6101821660995483,0.2828046679496765,0.42080622911453247,0.2758198380470276,0.5390088558197021,0.5205310583114624,0.49061569571495056,0.5185497999191284,0.5404117107391357,0.6328048706054688,0.4843134880065918,0.633353590965271,0.5463330149650574,0.7385861277580261,0.4744340181350708,0.7458583116531372
21,0.5172524452209473,0.3710870146751404,0.5580617189407349,0.39427754282951355,0.5945544838905334,0.3428979814052582,0.4823421239852905,0.3997771739959717,0.4513109624385834,0.34245985746383667,0.6075888276100159,0.28014716506004333,0.4236496388912201,0.282193660736084,0.5321792364120483,0.5193260908126831,0.4921296536922455,0.5199341773986816,0.5424691438674927,0.6345332860946655,0.4853052794933319,0.6343722343444824,0.5464415550231934,0.7400329113006592,0.475207656621933,0.745911717414856
22,0.5197652578353882,0.36914393305778503,0.5628023147583008,0.39328962564468384,0.5941171646118164,0.33338749408721924,0.48369866609573364,0.3978177011013031,0.45125266909599304,0.33610376715660095,0.5976904630661011,0.26753413677215576,0.4325801134109497,0.2714991271495819,0.5332686305046082,0.5180408358573914,0.49290141463279724,0.5184535980224609,0.5425727367401123,0.6328085064888,0.48435133695602417,0.6315709352493286,0.5466354489326477,0.7382169961929321,0.47218868136405945,0.7442206144332886
23,0.5177887082099915,0.36909055709838867,0.559927225112915,0.391723096370697,0.5948159694671631,0.3293145000934601,0.4812226891517639,0.39703285694122314,0.45206689834594727,0.334891140460968,0.6033526659011841,0.2769726514816284,0.4301515519618988,0.2721808850765228,0.533232569694519,0.5176115036010742,0.49203014373779297,0.5181685090065002,0.5421966314315796,0.6292766332626343,0.4847491681575775,0.6263422966003418,0.5462578535079956,0.7376904487609863,0.4741375148296356,0.7418090105056763
24,0.5190649032592773,0.36735332012176514,0.5636628866195679,0.3893570303916931,0.5951711535453796,0.32373207807540894,0.4866170287132263,0.39464080333709717,0.48385000228881836,0.34425950050354004,0.5954434871673584,0.25991958379745483,0.43141281604766846,0.26637816429138184,0.5346812605857849,0.5175466537475586,0.4898161292076111,0.5170061588287354,0.5447579622268677,0.6301802396774292,0.4834362268447876,0.6298482418060303,0.5468010902404785,0.7373635172843933,0.4699696898460388,0.745663046836853
25,0.5196653008460999,0.36626335978507996,0.5618889331817627,0.38724952936172485,0.5961142778396606,0.3263559341430664,0.4848380982875824,0.3914344012737274,0.46990877389907837,0.34436365962028503,0.5959424376487732,0.2644127905368805,0.432226300239563,0.27213937044143677,0.5418314933776855,0.5206173658370972,0.49070632457733154,0.5165718793869019,0.5421690940856934,0.6308143734931946,0.4845725893974304,0.6282733678817749,0.5474673509597778,0.7356610298156738,0.470758318901062,0.7434906959533691
26,0.5210001468658447,0.365236759185791,0.559689998626709,0.3876192569732666,0.5945942401885986,0.3270225524902344,0.48753058910369873,0.3923555612564087,0.48140716552734375,0.36022672057151794,0.596268892288208,0.2658676505088806,0.44222959876060486,0.2789257764816284,0.5392016172409058,0.5205234289169312,0.49022459983825684,0.5178077220916748,0.5410751104354858,0.6307843327522278,0.48487791419029236,0.6298152804374695,0.5479649305343628,0.7361132502555847,0.4715360105037689,0.7446629405021667
27,0.5195348262786865,0.3662179708480835,0.5573757886886597,0.3870050311088562,0.5934723019599915,0.323080837726593,0.4880538582801819,0.3918693959712982,0.48362836241722107,0.33916425704956055,0.5959060192108154,0.2621752619743347,0.4480491280555725,0.26792120933532715,0.5409824252128601,0.5210357308387756,0.49276041984558105,0.517290472984314,0.542155385017395,0.6313268542289734,0.4864865243434906,0.6299130916595459,0.5484652519226074,0.7358345985412598,0.4747180938720703,0.7449839115142822
28,0.5204561948776245,0.3656465411186218,0.5588108897209167,0.3870367705821991,0.5906505584716797,0.32127922773361206,0.4909374713897705,0.39181309938430786,0.48519811034202576,0.33663541078567505,0.5907031297683716,0.26327040791511536,0.4423310160636902,0.2654013931751251,0.541985034942627,0.5218870043754578,0.49381035566329956,0.5171422362327576,0.5405052304267883,0.632807195186615,0.48534414172172546,0.6320703029632568,0.5473862290382385,0.7376291155815125,0.47377192974090576,0.7463080883026123
29,0.5213066339492798,0.36558085680007935,0.5552546381950378,0.3868775963783264,0.5862568616867065,0.32615530490875244,0.49051380157470703,0.39171168208122253,0.483001708984375,0.3353066146373749,0.5890299677848816,0.264984667301178,0.4475973844528198,0.27180689573287964,0.5412091016769409,0.5207295417785645,0.4939633309841156,0.5165045857429504,0.5405577421188354,0.6324390769004822,0.4857046604156494,0.6315730214118958,0.5472758412361145,0.7386626601219177,0.4744156301021576,0.7461200952529907
30,0.5227870345115662,0.3643918037414551,0.5583537817001343,0.38659459352493286,0.5887632369995117,0.32290637493133545,0.4880019426345825,0.3899381160736084,0.4760742783546448,0.32181623578071594,0.5886118412017822,0.26297420263290405,0.45035862922668457,0.26118525862693787,0.5412535667419434,0.5200324058532715,0.4927850663661957,0.5149194002151489,0.5385532379150391,0.6318923234939575,0.48614615201950073,0.6294309496879578,0.5464513301849365,0.7390066385269165,0.4726197123527527,0.7442822456359863
31,0.5228407979011536,0.3639031648635864,0.5659929513931274,0.3858267068862915,0.5886266231536865,0.3215044140815735,0.4894453287124634,0.38821539282798767,0.4825720191001892,0.32630455493927,0.5888779163360596,0.2621461749076843,0.4474312961101532,0.2664979100227356,0.5429102182388306,0.521457850933075,0.4927179515361786,0.5160929560661316,0.541439950466156,0.6305838823318481,0.4858478009700775,0.6285886764526367,0.5474447011947632,0.7376065254211426,0.4714295566082001,0.7441248893737793
32,0.5231509208679199,0.36413678526878357,0.566530704498291,0.38629433512687683,0.5766845345497131,0.3198951184749603,0.4910401701927185,0.387692928314209,0.4830940365791321,0.32302242517471313,0.5873708128929138,0.2590803802013397,0.4528634548187256,0.2677967846393585,0.5432471036911011,0.5193187594413757,0.4936162233352661,0.5135881304740906,0.541670560836792,0.6301059126853943,0.4862672686576843,0.6273485422134399,0.5463204979896545,0.7382797598838806,0.47179752588272095,0.7449706792831421
33,0.5205342173576355,0.36470794677734375,0.56486976146698,0.38616734743118286,0.5770273208618164,0.3241773843765259,0.4888545274734497,0.3890624940395355,0.482041597366333,0.3249819874763489,0.5870389938354492,0.2634761929512024,0.4540535807609558,0.27027463912963867,0.5351970195770264,0.5136035084724426,0.49500322341918945,0.5125750303268433,0.5427403450012207,0.6313173174858093,0.48262056708335876,0.6285973787307739,0.5469252467155457,0.7389580011367798,0.4706839919090271,0.7449092864990234
34,0.5206080079078674,0.36497122049331665,0.5618940591812134,0.38099929690361023,0.5889608860015869,0.3228110074996948,0.49066483974456787,0.3874848484992981,0.4818011522293091,0.3257037401199341,0.5870965719223022,0.2634744942188263,0.45277008414268494,0.268120139837265,0.5370340347290039,0.5126439332962036,0.4936422109603882,0.5118800401687622,0.5452637076377869,0.6282467842102051,0.4863128364086151,0.6261571645736694,0.5473102927207947,0.7373701333999634,0.46939903497695923,0.7430448532104492
35,0.5203403234481812,0.3652660548686981,0.5629191398620605,0.3783828020095825,0.5841629505157471,0.317315936088562,0.4885743260383606,0.3840889632701874,0.48434579372406006,0.3227386474609375,0.5876269340515137,0.25972694158554077,0.45447200536727905,0.26652491092681885,0.5383976697921753,0.5103517770767212,0.49273622035980225,0.5101781487464905,0.5489439368247986,0.619331955909729,0.4877966046333313,0.6190537810325623,0.5466533303260803,0.7359761595726013,0.47027504444122314,0.7406010627746582
36,0.5250747203826904,0.3642347753047943,0.5653610229492188,0.3801540732383728,0.5743007659912109,0.3181766867637634,0.4896378219127655,0.38507866859436035,0.4855877161026001,0.3200405240058899,0.5860583782196045,0.2575241029262543,0.4609820246696472,0.2596813142299652,0.5359351634979248,0.5141286849975586,0.49177616834640503,0.5128663778305054,0.5409409999847412,0.6173945665359497,0.48038995265960693,0.6156008243560791,0.5456551313400269,0.7357379794120789,0.46953070163726807,0.7409379482269287
37,0.5213236808776855,0.36737215518951416,0.5632109642028809,0.3834235370159149,0.5739953517913818,0.32341742515563965,0.49219366908073425,0.3886585831642151,0.48498913645744324,0.31831789016723633,0.5875735282897949,0.2633639872074127,0.46012160181999207,0.25971871614456177,0.5357319116592407,0.5184988379478455,0.49345940351486206,0.5168233513832092,0.5428031086921692,0.6306080222129822,0.4861571788787842,0.6266181468963623,0.5450290441513062,0.7370947599411011,0.47053417563438416,0.7419133186340332
38,0.5218555331230164,0.36390095949172974,0.5655002593994141,0.3860509991645813,0.5764356851577759,0.31975728273391724,0.4946835935115814,0.3912084102630615,0.48554298281669617,0.31791436672210693,0.588668942451477,0.26311951875686646,0.4610629975795746,0.2690761089324951,0.535402238368988,0.5194563269615173,0.4929731786251068,0.5177796483039856,0.5433508157730103,0.632165789604187,0.4845559597015381,0.6293805837631226,0.5459226369857788,0.7391564846038818,0.4684057831764221,0.7436334490776062
39,0.5201879739761353,0.3669090270996094,0.5661244988441467,0.38841837644577026,0.5757630467414856,0.3360784649848938,0.4901263415813446,0.39025408029556274,0.4805528521537781,0.320178747177124,0.5916464328765869,0.2609770894050598,0.4569135904312134,0.2632458209991455,0.5341251492500305,0.5201115012168884,0.4922041594982147,0.5182096362113953,0.5413010120391846,0.6307395696640015,0.4850054979324341,0.6282212734222412,0.5447945594787598,0.7378746271133423,0.4694361686706543,0.743982195854187
40,0.5203415751457214,0.3663974404335022,0.5660304427146912,0.3896455466747284,0.577768087387085,0.33779439330101013,0.4893006980419159,0.3904518783092499,0.4770972430706024,0.321203351020813,0.5895951986312866,0.26379552483558655,0.45466846227645874,0.266910195350647,0.5328900218009949,0.521515429019928,0.4918634295463562,0.5195100903511047,0.5400509238243103,0.6319287419319153,0.4849824607372284,0.6314823627471924,0.5446314811706543,0.7386218309402466,0.4711291491985321,0.7445511221885681
41,0.5226130485534668,0.36267590522766113,0.5653131008148193,0.3903997838497162,0.5769212245941162,0.3357731103897095,0.4911755919456482,0.3923826217651367,0.4801933765411377,0.3226873278617859,0.5888896584510803,0.262470543384552,0.45695409178733826,0.27191928029060364,0.5322573184967041,0.5220016241073608,0.49219223856925964,0.5201535224914551,0.5406554937362671,0.6327248811721802,0.4845113456249237,0.6323226690292358,0.5453394651412964,0.7397109270095825,0.4707433581352234,0.7444025278091431
42,0.5229681730270386,0.36335667967796326,0.5646019577980042,0.3905630111694336,0.5774555206298828,0.3390278220176697,0.49288952350616455,0.39321252703666687,0.48195570707321167,0.32781240344047546,0.5891339778900146,0.26543107628822327,0.458069771528244,0.2766587436199188,0.5317626595497131,0.5219900608062744,0.49224790930747986,0.5199638605117798,0.540887713432312,0.6328027248382568,0.48498648405075073,0.6317797899246216,0.5457133650779724,0.7399188876152039,0.471134752035141,0.7444673776626587
43,0.5232547521591187,0.3630450963973999,0.5656442046165466,0.390708863735199,0.5792962312698364,0.3358583152294159,0.491046279668808,0.39313897490501404,0.47975122928619385,0.32525864243507385,0.5893175005912781,0.2633426785469055,0.45774149894714355,0.27577316761016846,0.5322840809822083,0.5218439102172852,0.4918009638786316,0.5197827219963074,0.5409231185913086,0.6325678825378418,0.48441046476364136,0.6320092678070068,0.5458583831787109,0.739913821220398,0.47109565138816833,0.7448186874389648
44,0.5215001106262207,0.36151382327079773,0.5672553777694702,0.39140182733535767,0.578521728515625,0.33400893211364746,0.49426504969596863,0.3937520384788513,0.4840724468231201,0.3240344524383545,0.5896345376968384,0.26215630769729614,0.45989418029785156,0.2748318016529083,0.5329699516296387,0.5222030878067017,0.4921186566352844,0.5205192565917969,0.5421948432922363,0.6331177353858948,0.4849487543106079,0.6317824125289917,0.5464521646499634,0.7403272390365601,0.47037261724472046,0.744851291179657
45,0.5211638808250427,0.3619590997695923,0.5685505270957947,0.39141714572906494,0.5780283212661743,0.3339923620223999,0.4939653277397156,0.3933069705963135,0.4812367558479309,0.32112517952919006,0.5888876914978027,0.26242291927337646,0.4586576223373413,0.2729732096195221,0.5330810546875,0.5225396156311035,0.49168655276298523,0.5209035873413086,0.5421439409255981,0.6331314444541931,0.4849625825881958,0.6315746307373047,0.5466105937957764,0.7400624752044678,0.46990281343460083,0.7446079254150391
46,0.5207564830780029,0.36254191398620605,0.5682582855224609,0.3918735980987549,0.5782802104949951,0.3201596736907959,0.49274271726608276,0.3941236436367035,0.4802970588207245,0.31924641132354736,0.5887822508811951,0.261228084564209,0.45708736777305603,0.27143770456314087,0.533453643321991,0.522678017616272,0.4915790259838104,0.521796703338623,0.5423383712768555,0.6319039463996887,0.48498496413230896,0.6309475898742676,0.5462850332260132,0.738810658454895,0.46970874071121216,0.7447561621665955
47,0.5220862627029419,0.36215299367904663,0.561488151550293,0.38839781284332275,0.5920885801315308,0.31970661878585815,0.4935342073440552,0.39517998695373535,0.4814104437828064,0.3194043040275574,0.5890311598777771,0.26126378774642944,0.4570797383785248,0.27246129512786865,0.5340785384178162,0.5230445265769958,0.4913606643676758,0.5222300887107849,0.5422084927558899,0.6324970722198486,0.4848942160606384,0.6312320232391357,0.5463721752166748,0.7392432689666748,0.46950364112854004,0.7444891333580017
48,0.5205503702163696,0.3644515872001648,0.5611971616744995,0.3884781002998352,0.575930118560791,0.3209925889968872,0.4867391586303711,0.39143869280815125,0.47432833909988403,0.3183355927467346,0.5857436656951904,0.26452791690826416,0.456526517868042,0.2645992040634155,0.5361930727958679,0.5195654630661011,0.49181896448135376,0.5188289880752563,0.5399857759475708,0.6308448910713196,0.48459380865097046,0.6287664175033569,0.5452835559844971,0.7394806742668152,0.47119805216789246,0.7448118925094604
49,0.5238267183303833,0.363406777381897,0.5651909112930298,0.3915601968765259,0.5740874409675598,0.32644951343536377,0.48966071009635925,0.39211151003837585,0.4733736515045166,0.3243260681629181,0.5850203037261963,0.2629372477531433,0.4556623101234436,0.2635904550552368,0.5354100465774536,0.520068347454071,0.49333691596984863,0.519291341304779,0.5429612398147583,0.6325047016143799,0.48681676387786865,0.6308432817459106,0.5465337038040161,0.7387456297874451,0.47244390845298767,0.7444713115692139
50,0.5241502523422241,0.3635333776473999,0.5637136697769165,0.3919106125831604,0.5740317106246948,0.3238605260848999,0.4908176064491272,0.3931575417518616,0.4743940532207489,0.32379117608070374,0.5850396156311035,0.2649095952510834,0.4572080075740814,0.267312228679657,0.5352374911308289,0.521669864654541,0.49330800771713257,0.519374668598175,0.5444114804267883,0.6355875134468079,0.48672446608543396,0.6338819265365601,0.546415388584137,0.7391618490219116,0.4725903868675232,0.7450184226036072
51,0.5208165645599365,0.364780068397522,0.5643806457519531,0.3914974331855774,0.5751622319221497,0.3231271505355835,0.49179506301879883,0.39322134852409363,0.4748782515525818,0.3226562738418579,0.5844218730926514,0.2641226649284363,0.4565928876399994,0.26335567235946655,0.5353407859802246,0.5213909149169922,0.49320662021636963,0.5192107558250427,0.5432273745536804,0.6352839469909668,0.4870702624320984,0.6336154937744141,0.5463813543319702,0.7388827800750732,0.473041296005249,0.7450284957885742
52,0.521116316318512,0.36407470703125,0.5628234148025513,0.3916468024253845,0.5887335538864136,0.3266623318195343,0.4932193458080292,0.3931758999824524,0.4858637750148773,0.32760223746299744,0.586449146270752,0.26385200023651123,0.45804473757743835,0.2716376483440399,0.5351767539978027,0.5213308334350586,0.49343341588974,0.5195348262786865,0.5449788570404053,0.6341080069541931,0.4819445312023163,0.6310511231422424,0.5474047660827637,0.7382657527923584,0.4733933210372925,0.7459973692893982
53,0.5239236354827881,0.3644114136695862,0.5639925599098206,0.3918587565422058,0.5885196328163147,0.3316833972930908,0.4941656291484833,0.3933282494544983,0.4872760474681854,0.3294685184955597,0.5880640149116516,0.26596808433532715,0.45643362402915955,0.2734074890613556,0.533953845500946,0.5213176012039185,0.4933033585548401,0.5197111368179321,0.5432596206665039,0.6335209608078003,0.48084840178489685,0.6312528848648071,0.5463957786560059,0.7390490770339966,0.4720982313156128,0.7456833720207214
54,0.5211189985275269,0.36441704630851746,0.5640169382095337,0.39208030700683594,0.5889260768890381,0.33033573627471924,0.49595707654953003,0.3938830494880676,0.48634907603263855,0.32751429080963135,0.5904238820075989,0.26599568128585815,0.45778483152389526,0.2744877338409424,0.5345914363861084,0.5203843712806702,0.4940342307090759,0.5186678171157837,0.5442821383476257,0.6328908205032349,0.48273539543151855,0.6304945945739746,0.5464074611663818,0.7389659285545349,0.4737197756767273,0.7461153268814087
55,0.5208593606948853,0.36468109488487244,0.5623743534088135,0.39213091135025024,0.5761421918869019,0.34454724192619324,0.49572861194610596,0.3945658206939697,0.48599347472190857,0.32895272970199585,0.5904418230056763,0.26779136061668396,0.4569295644760132,0.2744746208190918,0.5338112115859985,0.5207092761993408,0.49329090118408203,0.5192083120346069,0.5448070764541626,0.6328660249710083,0.48256346583366394,0.6313512325286865,0.5470467805862427,0.7390344142913818,0.47323960065841675,0.7465981245040894
56,0.5209962129592896,0.3649384677410126,0.5614640712738037,0.39324522018432617,0.5758672952651978,0.34385570883750916,0.49549660086631775,0.3960985839366913,0.48603713512420654,0.33206748962402344,0.5915193557739258,0.26824718713760376,0.4540068805217743,0.272738516330719,0.5335091352462769,0.5208359956741333,0.4933135211467743,0.5196018815040588,0.5454522371292114,0.6326465606689453,0.4829692244529724,0.6313127279281616,0.5472807288169861,0.7391234636306763,0.47357481718063354,0.746841311454773
57,0.5203593969345093,0.36544451117515564,0.5611280798912048,0.3927691876888275,0.5879437923431396,0.33145374059677124,0.4943680465221405,0.39557796716690063,0.48554527759552,0.33257967233657837,0.5922979712486267,0.26624956727027893,0.4526834487915039,0.2704925835132599,0.5334768295288086,0.5204041004180908,0.4934786260128021,0.5192229747772217,0.5451565980911255,0.6322426795959473,0.4840116500854492,0.6307066679000854,0.5476075410842896,0.7394475340843201,0.47416162490844727,0.7470134496688843
58,0.5203142166137695,0.3653469979763031,0.5605369210243225,0.3937685489654541,0.5768166780471802,0.3449863791465759,0.49547773599624634,0.3962598741054535,0.485027015209198,0.33369752764701843,0.5913475751876831,0.26689988374710083,0.4541845917701721,0.2723836302757263,0.5338425636291504,0.5211463570594788,0.49434763193130493,0.5202905535697937,0.5470377206802368,0.6322714686393738,0.48395097255706787,0.631218433380127,0.5477134585380554,0.739544153213501,0.4740860164165497,0.7473627924919128
59,0.5206266641616821,0.36461228132247925,0.5620944499969482,0.393250435590744,0.5891199707984924,0.3304533362388611,0.4945467412471771,0.3959979712963104,0.48398667573928833,0.3326910734176636,0.5919867753982544,0.2656976580619812,0.4548346996307373,0.2717133164405823,0.5341615080833435,0.5200530290603638,0.49414607882499695,0.5193389058113098,0.5452219247817993,0.6316529512405396,0.48459574580192566,0.6302621364593506,0.5473455190658569,0.7387666702270508,0.474631130695343,0.7470945119857788
60,0.5220556855201721,0.36567920446395874,0.563053548336029,0.395307719707489,0.5809908509254456,0.33990201354026794,0.4947320222854614,0.39925116300582886,0.4854721426963806,0.333953320980072,0.5919647216796875,0.2650821805000305,0.4599758982658386,0.27407917380332947,0.5337527990341187,0.5237946510314941,0.4935845732688904,0.522921085357666,0.5432162284851074,0.6309398412704468,0.4825519919395447,0.629393994808197,0.5473535656929016,0.7387464046478271,0.47495171427726746,0.7475060224533081
61,0.5201783180236816,0.36598700284957886,0.5587943196296692,0.39464735984802246,0.5810925364494324,0.34400901198387146,0.4950760006904602,0.397725909948349,0.4800136685371399,0.3367990255355835,0.5924949049949646,0.2696782350540161,0.45381492376327515,0.27520936727523804,0.5323159694671631,0.5214009881019592,0.4944506287574768,0.5209746360778809,0.5429899096488953,0.6291205286979675,0.4847705364227295,0.6257139444351196,0.547171413898468,0.7319619059562683,0.47422099113464355,0.7456204295158386
62,0.520013689994812,0.3644733428955078,0.556869387626648,0.3933306336402893,0.5786477327346802,0.3464834690093994,0.49659642577171326,0.39565330743789673,0.48242586851119995,0.33715349435806274,0.5917143821716309,0.27228641510009766,0.4542008638381958,0.27681875228881836,0.5398076772689819,0.5208024382591248,0.4943715035915375,0.518253743648529,0.5427061915397644,0.626054584980011,0.4858107566833496,0.6211837530136108,0.5483697056770325,0.7305358648300171,0.47531184554100037,0.7435386180877686
63,0.5229392647743225,0.36422714591026306,0.5573180317878723,0.39204713702201843,0.5769631862640381,0.345843642950058,0.4954374432563782,0.39408713579177856,0.4806598126888275,0.33697932958602905,0.5920022130012512,0.2767326235771179,0.449951708316803,0.2772262394428253,0.532861053943634,0.5202785730361938,0.4948643445968628,0.5194023847579956,0.5440734624862671,0.6319838762283325,0.4854156970977783,0.6319941878318787,0.5484521985054016,0.733110785484314,0.4760098159313202,0.7468768954277039
64,0.5198687314987183,0.36416321992874146,0.5583222508430481,0.3923870027065277,0.5798047780990601,0.34519582986831665,0.49670642614364624,0.393257200717926,0.47818922996520996,0.3376024663448334,0.5922999382019043,0.2757124602794647,0.4487295150756836,0.2766018807888031,0.5395914316177368,0.5210815668106079,0.4935258626937866,0.5188580751419067,0.5407158732414246,0.6317070126533508,0.4832513928413391,0.6320253014564514,0.5473677515983582,0.7334839701652527,0.4736418128013611,0.7469272017478943
65,0.5195383429527283,0.364512175321579,0.5595496296882629,0.3942272663116455,0.5779750347137451,0.34393176436424255,0.4955969452857971,0.39440855383872986,0.47826728224754333,0.336811363697052,0.5918310880661011,0.2755192518234253,0.44668298959732056,0.27667784690856934,0.5388883352279663,0.5243955850601196,0.49250972270965576,0.5220680832862854,0.5374685525894165,0.636839747428894,0.48681890964508057,0.639512836933136,0.5437015891075134,0.7393638491630554,0.4716286361217499,0.7462049722671509
66,0.5209617614746094,0.363945335149765,0.5615816116333008,0.39328905940055847,0.589651346206665,0.32495445013046265,0.4965817332267761,0.39599284529685974,0.4802471399307251,0.32860445976257324,0.592517077922821,0.2650049328804016,0.4523768424987793,0.27825644612312317,0.5394687056541443,0.5244441032409668,0.49307405948638916,0.5216813087463379,0.5414786338806152,0.6376368999481201,0.4865393042564392,0.639572024345398,0.5420416593551636,0.7414225935935974,0.47183412313461304,0.7466068267822266
67,0.5213695764541626,0.3619530200958252,0.5629661083221436,0.3932172656059265,0.5916095972061157,0.3241075873374939,0.49603694677352905,0.3951551914215088,0.4798184633255005,0.3267684876918793,0.5931057929992676,0.26422423124313354,0.4462023675441742,0.2712900638580322,0.5337395071983337,0.5202521681785583,0.4934748411178589,0.5195473432540894,0.5383603572845459,0.6366206407546997,0.4802892208099365,0.6334044337272644,0.5432945489883423,0.7416057586669922,0.47170764207839966,0.7463881969451904
68,0.5209094285964966,0.36425548791885376,0.5627042055130005,0.3938954472541809,0.5896183848381042,0.3296584486961365,0.4949036240577698,0.3960207402706146,0.48088404536247253,0.32803472876548767,0.5930181741714478,0.2667508125305176,0.4495517611503601,0.2747175693511963,0.539690375328064,0.523603081703186,0.4924941956996918,0.5209841132164001,0.5421580672264099,0.6340023279190063,0.48393183946609497,0.6356549859046936,0.5427273511886597,0.7415730357170105,0.47187674045562744,0.7464249134063721
69,0.5213836431503296,0.36579430103302,0.5638331174850464,0.3952956199645996,0.5893787145614624,0.3320949077606201,0.49353525042533875,0.39728936553001404,0.4832403063774109,0.3319952189922333,0.5922375321388245,0.2664988040924072,0.4501439034938812,0.27725768089294434,0.5400234460830688,0.5255274176597595,0.49297404289245605,0.5222616195678711,0.5412091016769409,0.6350319385528564,0.48351550102233887,0.6369407176971436,0.5420915484428406,0.7424818873405457,0.47100263833999634,0.7462519407272339
70,0.5207628011703491,0.3676864802837372,0.5622617602348328,0.39671024680137634,0.5872317552566528,0.3294338583946228,0.49320608377456665,0.398176908493042,0.47416365146636963,0.32300692796707153,0.5909057855606079,0.2671090364456177,0.4500790238380432,0.2729063928127289,0.536770761013031,0.5263250470161438,0.4903737008571625,0.5227622389793396,0.5373795628547668,0.634326696395874,0.48252809047698975,0.6370897889137268,0.5394951105117798,0.7431784868240356,0.4712660312652588,0.7477377653121948
71,0.5175062417984009,0.3713630139827728,0.5603694915771484,0.39745184779167175,0.5746673941612244,0.34570688009262085,0.4951401352882385,0.3987269997596741,0.47593626379966736,0.3363249897956848,0.588624119758606,0.2776176333427429,0.4518275856971741,0.281981498003006,0.5392695665359497,0.5308352112770081,0.49295365810394287,0.5269259810447693,0.540739893913269,0.6379888653755188,0.4812960624694824,0.6392879486083984,0.5443353652954102,0.7428715229034424,0.4733920097351074,0.7493733167648315
72,0.5189077854156494,0.3717814087867737,0.565470814704895,0.4040515422821045,0.5757409334182739,0.3398379981517792,0.4912306070327759,0.4078257083892822,0.47721683979034424,0.33800992369651794,0.5888152122497559,0.27757591009140015,0.4549722671508789,0.28192657232284546,0.5392624735832214,0.532875120639801,0.49105963110923767,0.5293697118759155,0.5382630825042725,0.6515201330184937,0.4736158847808838,0.6397717595100403,0.5445367097854614,0.7472295165061951,0.4724065065383911,0.7493587732315063
73,0.5127135515213013,0.3788394331932068,0.5541648268699646,0.4082101285457611,0.5795108079910278,0.356059193611145,0.4882403314113617,0.411214679479599,0.47244036197662354,0.3573705852031708,0.5881322622299194,0.2900591790676117,0.4490947723388672,0.29111525416374207,0.5319055914878845,0.5320507287979126,0.48905643820762634,0.5302149057388306,0.5369690656661987,0.6396161317825317,0.47722721099853516,0.6405032873153687,0.5446006059646606,0.7434739470481873,0.47530031204223633,0.7497061491012573
74,0.5153230428695679,0.3796435594558716,0.5493703484535217,0.4093181788921356,0.5786422491073608,0.3638974130153656,0.48595356941223145,0.4092024266719818,0.47349846363067627,0.3613068461418152,0.5883920192718506,0.29164987802505493,0.44516521692276,0.290047824382782,0.5318259596824646,0.5373201370239258,0.48753684759140015,0.535332441329956,0.5363821983337402,0.6529436111450195,0.4755728244781494,0.6434361338615417,0.5433590412139893,0.7436821460723877,0.47280412912368774,0.7501943111419678
75,0.5216822624206543,0.3836803138256073,0.5482832193374634,0.41921287775039673,0.5871487855911255,0.35967573523521423,0.4841572642326355,0.4181371331214905,0.4716552197933197,0.37326377630233765,0.588591456413269,0.2915542721748352,0.4451272487640381,0.2929036319255829,0.5343681573867798,0.543001651763916,0.487221360206604,0.5420597791671753,0.5377289056777954,0.6502787470817566,0.4769185483455658,0.6418681144714355,0.5434945225715637,0.7435216307640076,0.47600340843200684,0.7512984275817871
76,0.5193921327590942,0.3858277201652527,0.5472182035446167,0.4217880964279175,0.5782068371772766,0.3642701506614685,0.4832734763622284,0.420768678188324,0.46858829259872437,0.36947035789489746,0.5881112813949585,0.2916204333305359,0.44744154810905457,0.28929245471954346,0.5312767624855042,0.5453797578811646,0.4855644106864929,0.5446817278862,0.5324584245681763,0.6508345007896423,0.4751119315624237,0.6451040506362915,0.5419921875,0.7457929849624634,0.4748665690422058,0.7537278532981873
77,0.5189352631568909,0.3878708779811859,0.5474327802658081,0.4223933815956116,0.5793589353561401,0.3624780774116516,0.4824647605419159,0.42426857352256775,0.46864497661590576,0.3682585656642914,0.5884817838668823,0.2885274887084961,0.4452533721923828,0.2978973984718323,0.5332713723182678,0.5460367202758789,0.48634135723114014,0.5455876588821411,0.5364670753479004,0.6494052410125732,0.47592076659202576,0.6444637775421143,0.5435882210731506,0.7432562708854675,0.4751201272010803,0.7540156245231628
78,0.5203819274902344,0.3898298740386963,0.5507920980453491,0.429159939289093,0.5781680941581726,0.36536866426467896,0.4837457835674286,0.42959004640579224,0.47241687774658203,0.37098586559295654,0.5868789553642273,0.29285386204719543,0.44776687026023865,0.2982481122016907,0.5322617292404175,0.5531538724899292,0.4846183955669403,0.5523301959037781,0.5364929437637329,0.6508917212486267,0.47119730710983276,0.6486249566078186,0.544878363609314,0.7440224885940552,0.4748336672782898,0.7543373107910156
79,0.517716109752655,0.39461833238601685,0.5521483421325684,0.4360557198524475,0.5779520273208618,0.373051255941391,0.48030897974967957,0.43035173416137695,0.4675890803337097,0.3751254081726074,0.5867899060249329,0.3010419011116028,0.44294649362564087,0.30892127752304077,0.5354040861129761,0.5546500086784363,0.48591476678848267,0.554109513759613,0.5407915115356445,0.6521024703979492,0.4706258773803711,0.6505325436592102,0.5462894439697266,0.7453261613845825,0.4737012982368469,0.7559096217155457
80,0.5146772861480713,0.39404988288879395,0.5518171787261963,0.4340975880622864,0.5830873250961304,0.368762344121933,0.4778219163417816,0.43289491534233093,0.46293163299560547,0.37302523851394653,0.5852935314178467,0.3033992052078247,0.4441061019897461,0.3125603199005127,0.5340434312820435,0.5552204251289368,0.48404455184936523,0.5543441772460938,0.5389131307601929,0.6516252160072327,0.4686158299446106,0.6514075994491577,0.5469331741333008,0.7447867393493652,0.47299429774284363,0.7559562921524048
81,0.5158582925796509,0.39890551567077637,0.5471673607826233,0.4362495541572571,0.5870239734649658,0.3741426467895508,0.47695082426071167,0.4337231516838074,0.466178834438324,0.3805851340293884,0.584342360496521,0.313915491104126,0.44264644384384155,0.3155181407928467,0.5336233377456665,0.5591942071914673,0.4847158193588257,0.557475209236145,0.5402470827102661,0.652642011642456,0.4693908095359802,0.6529732942581177,0.5458431243896484,0.7468795776367188,0.47201108932495117,0.7564570307731628
82,0.5155642032623291,0.39966365694999695,0.5518879890441895,0.4350862503051758,0.5872781276702881,0.3696894645690918,0.4756031036376953,0.4336039423942566,0.4625570774078369,0.3743709325790405,0.5879675149917603,0.3130927085876465,0.4426047205924988,0.32293248176574707,0.5355714559555054,0.5594463348388672,0.48643559217453003,0.5587292313575745,0.5376570224761963,0.6520962119102478,0.4706920385360718,0.6535757780075073,0.5455011129379272,0.7471320033073425,0.4744398593902588,0.7571746706962585
83,0.5189390182495117,0.3988048732280731,0.5502947568893433,0.43819770216941833,0.5895242691040039,0.36579954624176025,0.4745417535305023,0.4363807141780853,0.45794376730918884,0.3682901859283447,0.5876361131668091,0.313315749168396,0.4403248727321625,0.31994757056236267,0.5340971350669861,0.564323365688324,0.4852437376976013,0.5637088418006897,0.5385423302650452,0.6534880995750427,0.4698357582092285,0.6576037406921387,0.5455247163772583,0.7468447685241699,0.4747064709663391,0.7575404047966003
84,0.5161418914794922,0.4026278257369995,0.550451397895813,0.44416186213493347,0.5915846824645996,0.3810746669769287,0.4826412796974182,0.4426148533821106,0.4815276265144348,0.39585065841674805,0.5883941650390625,0.32030919194221497,0.4500793218612671,0.3327656388282776,0.5373854041099548,0.5706180334091187,0.48799145221710205,0.5691736936569214,0.5521843433380127,0.6529766917228699,0.46832749247550964,0.6552104949951172,0.5451633930206299,0.746083676815033,0.473195880651474,0.7524676322937012
85,0.5209792852401733,0.39996057748794556,0.5528036952018738,0.44515353441238403,0.5918784737586975,0.38454514741897583,0.48175543546676636,0.4440157115459442,0.477626770734787,0.3965052366256714,0.5892254710197449,0.3231147229671478,0.44812965393066406,0.34035444259643555,0.5377182960510254,0.5727378129959106,0.48881420493125916,0.5698475241661072,0.5502883791923523,0.6532268524169922,0.46924611926078796,0.6573379039764404,0.5465391874313354,0.7462744116783142,0.4737968444824219,0.7525792121887207
86,0.5216995477676392,0.4080991744995117,0.5585413575172424,0.4560341238975525,0.5903114676475525,0.3905058801174164,0.4847745895385742,0.45525985956192017,0.47883421182632446,0.40568941831588745,0.5869445204734802,0.3299868702888489,0.44419869780540466,0.33766207098960876,0.5372686386108398,0.574453592300415,0.4901984930038452,0.5720915794372559,0.5481052398681641,0.6529791951179504,0.4691165089607239,0.6576172709465027,0.5476741194725037,0.7455369234085083,0.4745131731033325,0.7521852850914001
87,0.5226999521255493,0.40906786918640137,0.5507199764251709,0.45255351066589355,0.5889700651168823,0.3958880603313446,0.4821242094039917,0.4549863040447235,0.47625574469566345,0.4050637185573578,0.5868188738822937,0.33127862215042114,0.44229185581207275,0.337923139333725,0.533342719078064,0.579144299030304,0.48757049441337585,0.5773666501045227,0.5421121716499329,0.6539009809494019,0.469005286693573,0.6573624014854431,0.5481916069984436,0.7453721761703491,0.47154173254966736,0.752856433391571
88,0.5193134546279907,0.41611248254776,0.5567176938056946,0.4560151696205139,0.5910698175430298,0.39297497272491455,0.48151180148124695,0.45662054419517517,0.4730285108089447,0.4028034806251526,0.5898619294166565,0.3296028971672058,0.44175952672958374,0.34567201137542725,0.5365848541259766,0.5797918438911438,0.4906087815761566,0.5787966251373291,0.5436866283416748,0.6534120440483093,0.4698508679866791,0.6585072875022888,0.5485876798629761,0.7441297769546509,0.46955353021621704,0.7522259950637817
89,0.5200478434562683,0.4144812226295471,0.5573704838752747,0.4569249153137207,0.5887562036514282,0.398460328578949,0.4820210933685303,0.4564964771270752,0.47687244415283203,0.40608713030815125,0.5887317657470703,0.33104804158210754,0.4382443428039551,0.3357998728752136,0.5363901257514954,0.5820780396461487,0.48878857493400574,0.5793882608413696,0.5416691303253174,0.65315181016922,0.4726960062980652,0.6580212712287903,0.5480203628540039,0.7462751865386963,0.47083431482315063,0.7539671659469604
90,0.5153321623802185,0.4208652377128601,0.553085446357727,0.45857903361320496,0.5872043967247009,0.40069127082824707,0.4811285436153412,0.46284565329551697,0.47267815470695496,0.406528115272522,0.5892168283462524,0.3293113112449646,0.4375098645687103,0.33721229434013367,0.5338349938392639,0.5820368528366089,0.4905575215816498,0.5832557082176208,0.539423406124115,0.6539936065673828,0.47324007749557495,0.6543393135070801,0.546981930732727,0.7447531223297119,0.47242534160614014,0.7500466704368591
91,0.5197805166244507,0.42830777168273926,0.5590168237686157,0.4708676338195801,0.5915447473526001,0.39714404940605164,0.4802410304546356,0.4720071256160736,0.45808327198028564,0.413600891828537,0.588580846786499,0.33188891410827637,0.43574756383895874,0.33999156951904297,0.5345183610916138,0.5883824825286865,0.4900064468383789,0.588320791721344,0.5384499430656433,0.6575183868408203,0.4767257869243622,0.6580971479415894,0.546155571937561,0.7452050447463989,0.4717029929161072,0.7513768076896667
92,0.5250064730644226,0.435457319021225,0.559664249420166,0.47897347807884216,0.5921432971954346,0.3972216546535492,0.48536714911460876,0.47551649808883667,0.46065089106559753,0.41298162937164307,0.5922460556030273,0.32950592041015625,0.4356590509414673,0.3445304334163666,0.5350919365882874,0.5940276384353638,0.48993098735809326,0.5916506052017212,0.5394893884658813,0.6576025485992432,0.4790726602077484,0.6563830375671387,0.5474003553390503,0.7453285455703735,0.47226616740226746,0.7516228556632996
93,0.5193963050842285,0.4378489851951599,0.5540684461593628,0.479888916015625,0.5941991209983826,0.4054168164730072,0.480709969997406,0.47393056750297546,0.45921826362609863,0.41280293464660645,0.5887489318847656,0.3381471335887909,0.4380427300930023,0.34965604543685913,0.531061053276062,0.5960224866867065,0.4867424964904785,0.5932047963142395,0.5379161834716797,0.6625653505325317,0.4793705642223358,0.6638230085372925,0.5441229343414307,0.7464052438735962,0.47376665472984314,0.7546691298484802
94,0.5205756425857544,0.4478645324707031,0.547521710395813,0.4779653251171112,0.5915582180023193,0.42141592502593994,0.4809858798980713,0.4758221507072449,0.4604590833187103,0.4172678589820862,0.5909737348556519,0.3590583801269531,0.43165087699890137,0.3660435378551483,0.5308270454406738,0.6070452928543091,0.4870530366897583,0.6044031381607056,0.5345277190208435,0.6649960279464722,0.4792073667049408,0.6606042385101318,0.5460971593856812,0.7453104853630066,0.47341078519821167,0.7526878118515015
95,0.5188807249069214,0.4490243196487427,0.546527087688446,0.477886438369751,0.5946878790855408,0.41382333636283875,0.4828944206237793,0.47711116075515747,0.45896708965301514,0.41339534521102905,0.5873365998268127,0.3539797067642212,0.4349609613418579,0.360563725233078,0.5301381349563599,0.5996276140213013,0.49011051654815674,0.5962276458740234,0.5317913293838501,0.665097713470459,0.484428346157074,0.6622505187988281,0.5457354784011841,0.7462335824966431,0.4741879403591156,0.7518033385276794
96,0.5202621221542358,0.44961321353912354,0.5512129068374634,0.4798007011413574,0.5936304330825806,0.4156584143638611,0.48427388072013855,0.47775596380233765,0.4604603052139282,0.42569395899772644,0.5956527590751648,0.36334356665611267,0.4373116195201874,0.3623274266719818,0.5347464084625244,0.6018205881118774,0.48824259638786316,0.5999705791473389,0.5417527556419373,0.6599645614624023,0.4821752905845642,0.6596582531929016,0.5478136539459229,0.744511604309082,0.4785739779472351,0.752278208732605
97,0.5172492861747742,0.4576522707939148,0.5431894063949585,0.4824119210243225,0.5883533954620361,0.4249287247657776,0.4801231324672699,0.4774039685726166,0.45483773946762085,0.4282636344432831,0.5864169001579285,0.3712459206581116,0.43359601497650146,0.3650655746459961,0.5300644636154175,0.6043875217437744,0.4887194037437439,0.6020474433898926,0.5394022464752197,0.66222083568573,0.48377951979637146,0.6570224761962891,0.5480005145072937,0.7430258989334106,0.4732432961463928,0.7506335973739624
98,0.5203886032104492,0.4532949924468994,0.5474822521209717,0.4853924512863159,0.5943107604980469,0.41170117259025574,0.4851245880126953,0.4796789288520813,0.45438021421432495,0.42855510115623474,0.5874102711677551,0.3681325614452362,0.4335871636867523,0.37109264731407166,0.5320315957069397,0.6064558625221252,0.4900544583797455,0.6033433675765991,0.5441970825195312,0.6718558669090271,0.4785855710506439,0.6670700907707214,0.5479639768600464,0.7448676824569702,0.4775259494781494,0.7508363723754883
99,0.5187737941741943,0.45858368277549744,0.5468847751617432,0.49263644218444824,0.5901761651039124,0.42552536725997925,0.4854627847671509,0.4871227443218231,0.4582616984844208,0.43179428577423096,0.5870214700698853,0.3739962577819824,0.43612390756607056,0.370136022567749,0.5312648415565491,0.6177569031715393,0.48675772547721863,0.6156184673309326,0.541155219078064,0.6744306087493896,0.479505717754364,0.6647450923919678,0.5479635000228882,0.7481867671012878,0.47345444560050964,0.7543437480926514
100,0.5194871425628662,0.46601948142051697,0.5514912605285645,0.49707216024398804,0.5915993452072144,0.43365293741226196,0.4861363172531128,0.4926265478134155,0.45554980635643005,0.4435085952281952,0.5909241437911987,0.37582409381866455,0.4343700408935547,0.37755286693573,0.5329442024230957,0.6161052584648132,0.49063584208488464,0.6133180856704712,0.548180103302002,0.674551248550415,0.4823993444442749,0.665276825428009,0.5491782426834106,0.7459884881973267,0.47519516944885254,0.7511892318725586
101,0.5226100087165833,0.4669317901134491,0.5562739372253418,0.5014083385467529,0.5936179757118225,0.43357011675834656,0.4899303913116455,0.49323326349258423,0.45579978823661804,0.45007559657096863,0.5914669036865234,0.37609490752220154,0.43453216552734375,0.37882503867149353,0.5338515043258667,0.6177784204483032,0.4910314977169037,0.6151541471481323,0.5429555177688599,0.6673519015312195,0.4845643937587738,0.6560172438621521,0.5510068535804749,0.7443594932556152,0.47205108404159546,0.7513443231582642
102,0.5192421674728394,0.4686145782470703,0.5512029528617859,0.5042306184768677,0.5954993963241577,0.4404497742652893,0.4892570972442627,0.4964234232902527,0.452118843793869,0.4506281316280365,0.5928367376327515,0.37904125452041626,0.4354958236217499,0.38361117243766785,0.5320000052452087,0.6223286986351013,0.48920485377311707,0.6197267770767212,0.5447479486465454,0.6720846891403198,0.4807516038417816,0.6624760627746582,0.5495544075965881,0.7461756467819214,0.4737812876701355,0.7550432682037354
103,0.5217881202697754,0.4680534601211548,0.5506260395050049,0.5048380494117737,0.5929365158081055,0.4436332583427429,0.4886639714241028,0.49505865573883057,0.45133087038993835,0.4519003629684448,0.5960412621498108,0.3812294900417328,0.43475282192230225,0.38370364904403687,0.531488299369812,0.6220561265945435,0.48898953199386597,0.6186885237693787,0.5360739231109619,0.6564043164253235,0.4831954836845398,0.6485236883163452,0.5506088733673096,0.7429426908493042,0.4742729067802429,0.7487261295318604
104,0.5173337459564209,0.4779033660888672,0.5514079332351685,0.5119800567626953,0.5885842442512512,0.45707011222839355,0.4864952564239502,0.5034286975860596,0.4472184181213379,0.4595518708229065,0.5923858880996704,0.38655588030815125,0.4357334077358246,0.3818158507347107,0.5357025265693665,0.6307334899902344,0.4893440902233124,0.6295006275177002,0.5345759391784668,0.6623930931091309,0.4831041693687439,0.6566780805587769,0.5535297393798828,0.7456240057945251,0.47494933009147644,0.7549022436141968
105,0.5172193646430969,0.480116069316864,0.552914023399353,0.5171072483062744,0.5943102240562439,0.447005033493042,0.4853704869747162,0.5106586217880249,0.44260498881340027,0.4572751224040985,0.5872209668159485,0.3820055425167084,0.4315921664237976,0.3919057846069336,0.5352752208709717,0.6392687559127808,0.48593080043792725,0.6369049549102783,0.5411325693130493,0.6616085767745972,0.483744353055954,0.6564242839813232,0.5540071725845337,0.7465448379516602,0.48008304834365845,0.7492812871932983
106,0.5159975290298462,0.48384106159210205,0.5523191690444946,0.5119355916976929,0.5927039384841919,0.45132529735565186,0.48869413137435913,0.5081016421318054,0.443338006734848,0.4659455418586731,0.5861117839813232,0.3867497444152832,0.4370891749858856,0.4046861529350281,0.5353940725326538,0.6284146904945374,0.49116072058677673,0.6279138326644897,0.5396511554718018,0.66535884141922,0.4807111918926239,0.6603274941444397,0.5529160499572754,0.7441090941429138,0.47467106580734253,0.7524141073226929
107,0.5167890787124634,0.48599955439567566,0.5541238188743591,0.5191705822944641,0.5938988924026489,0.46542948484420776,0.4813603162765503,0.513541579246521,0.44359275698661804,0.472247838973999,0.5997635722160339,0.40513819456100464,0.4339085519313812,0.4052756428718567,0.5365411043167114,0.6352550983428955,0.49089235067367554,0.6286820769309998,0.5428910255432129,0.6642590761184692,0.4760414958000183,0.6579555869102478,0.5525491833686829,0.745120644569397,0.4759370982646942,0.7524046897888184
108,0.515745997428894,0.48663851618766785,0.5513824224472046,0.519562840461731,0.5940734148025513,0.4616919755935669,0.47953495383262634,0.5167354941368103,0.44197505712509155,0.4733531177043915,0.5956192016601562,0.4072006344795227,0.43707630038261414,0.4073295295238495,0.5372264385223389,0.6448785066604614,0.48791226744651794,0.6441022753715515,0.5509520769119263,0.6709489226341248,0.4809539318084717,0.6653077602386475,0.5559334754943848,0.7476015090942383,0.4790003299713135,0.7572972774505615
109,0.5188792943954468,0.4821651577949524,0.5481153726577759,0.5183449983596802,0.5917412042617798,0.4687231183052063,0.4829665422439575,0.5187565684318542,0.44281888008117676,0.47360944747924805,0.5929795503616333,0.4039669930934906,0.43544840812683105,0.40547797083854675,0.532925009727478,0.6374063491821289,0.48682722449302673,0.6367720365524292,0.5462478399276733,0.6697481870651245,0.48183590173721313,0.6672267913818359,0.5523002743721008,0.7480296492576599,0.47522443532943726,0.7555705308914185
110,0.5201235413551331,0.4830523729324341,0.5508819818496704,0.524869978427887,0.5942566990852356,0.46523723006248474,0.4806770980358124,0.5177571177482605,0.44612830877304077,0.491502970457077,0.5943487882614136,0.40557584166526794,0.4370894432067871,0.4190153479576111,0.5381872653961182,0.6407024264335632,0.4891466498374939,0.638556718826294,0.5434901714324951,0.6738091707229614,0.47798120975494385,0.6672329902648926,0.5513654947280884,0.7466859221458435,0.4754255712032318,0.7552231550216675
111,0.5192928910255432,0.4838119149208069,0.5520111322402954,0.5249727368354797,0.5918390154838562,0.4690365195274353,0.47795259952545166,0.51785808801651,0.44451087713241577,0.48425018787384033,0.5931047797203064,0.40799960494041443,0.4346120059490204,0.4170134961605072,0.5371102690696716,0.6355046033859253,0.48927590250968933,0.6336076259613037,0.5420436263084412,0.6682354807853699,0.4789975881576538,0.6661915183067322,0.5507142543792725,0.7453586459159851,0.4741097390651703,0.7527515292167664
112,0.5141099691390991,0.4947277903556824,0.548801064491272,0.5259985327720642,0.5832443237304688,0.4736649692058563,0.47885891795158386,0.521084189414978,0.4457506835460663,0.487885445356369,0.589637279510498,0.41303080320358276,0.43098920583724976,0.414063423871994,0.5347760319709778,0.6372300386428833,0.4911547601222992,0.6378649473190308,0.5413312911987305,0.6732132434844971,0.48253342509269714,0.6740701198577881,0.5521162748336792,0.7430901527404785,0.47430023550987244,0.7545233964920044
113,0.5155636668205261,0.5038771629333496,0.5442608594894409,0.5381990671157837,0.5899302959442139,0.49634596705436707,0.48162874579429626,0.5311474800109863,0.44049033522605896,0.4944630563259125,0.5948277711868286,0.4107513129711151,0.42876192927360535,0.41931018233299255,0.5327253341674805,0.6496866941452026,0.48818081617355347,0.6503345966339111,0.5518679618835449,0.6812453269958496,0.47826501727104187,0.6904675364494324,0.5494060516357422,0.7452751994132996,0.4774976968765259,0.7555416822433472
114,0.5075759291648865,0.5178443193435669,0.5434975624084473,0.5401879549026489,0.5831024646759033,0.4939584732055664,0.4723181426525116,0.537881076335907,0.44117578864097595,0.4921121299266815,0.5930607914924622,0.4161471724510193,0.4242963194847107,0.42793208360671997,0.5365036725997925,0.66011643409729,0.4902876615524292,0.6604197025299072,0.5548850893974304,0.6883909106254578,0.48089611530303955,0.6991106867790222,0.5516126751899719,0.7478854656219482,0.4777897000312805,0.7562741041183472
115,0.5000821352005005,0.5214038491249084,0.5420733094215393,0.542020857334137,0.5825610160827637,0.5039018392562866,0.4691060185432434,0.5390149354934692,0.4347117841243744,0.4971950948238373,0.5897266864776611,0.4236946105957031,0.4204784035682678,0.4304726719856262,0.532474160194397,0.6528982520103455,0.4865727126598358,0.6540697813034058,0.5572423934936523,0.6909372806549072,0.47669804096221924,0.6958390474319458,0.5498513579368591,0.7503799796104431,0.47723135352134705,0.7591113448143005
116,0.5021722316741943,0.5252556800842285,0.5440884828567505,0.5452156662940979,0.5826776027679443,0.5081177949905396,0.47631341218948364,0.5457404255867004,0.43352776765823364,0.4982338845729828,0.5885859727859497,0.42686927318573,0.42039963603019714,0.44299715757369995,0.535585880279541,0.6576797962188721,0.4900183081626892,0.6566332578659058,0.5517486929893494,0.687684953212738,0.4740176796913147,0.6841437220573425,0.5453925132751465,0.7508702278137207,0.4740518033504486,0.7559961676597595
117,0.49948617815971375,0.528051495552063,0.5408814549446106,0.5452532768249512,0.5838916301727295,0.5124587416648865,0.47387707233428955,0.544364869594574,0.4338608384132385,0.499713271856308,0.5870670080184937,0.4291292130947113,0.4201901853084564,0.44317811727523804,0.5341345071792603,0.6524186134338379,0.49072203040122986,0.651536226272583,0.5501930713653564,0.6841748952865601,0.4797196090221405,0.684247612953186,0.54783695936203,0.7543075084686279,0.47642239928245544,0.7556812167167664
118,0.5019820332527161,0.5278134346008301,0.5459355115890503,0.5468320846557617,0.5828743577003479,0.5086760520935059,0.47488105297088623,0.5439150333404541,0.4347084164619446,0.5028570890426636,0.5862324237823486,0.4258911609649658,0.42290085554122925,0.4429194927215576,0.5372145175933838,0.6568468809127808,0.49161648750305176,0.6553952693939209,0.5491981506347656,0.6848325729370117,0.48016294836997986,0.6804649829864502,0.5489313006401062,0.7552956938743591,0.4766131341457367,0.7570881843566895
119,0.5032685399055481,0.5298959612846375,0.5463842749595642,0.5495547652244568,0.5836658477783203,0.5130925178527832,0.4743078351020813,0.545080840587616,0.4350441098213196,0.5027559995651245,0.5890499353408813,0.42929792404174805,0.42720741033554077,0.44932472705841064,0.5356452465057373,0.654955267906189,0.49021512269973755,0.6542160511016846,0.5502167344093323,0.6822155714035034,0.4788554608821869,0.6851879954338074,0.5456191897392273,0.748399019241333,0.47713595628738403,0.7543613910675049
120,0.507809042930603,0.5359325408935547,0.5486211776733398,0.5526989698410034,0.582035481929779,0.5215387344360352,0.46542298793792725,0.5491293668746948,0.42857420444488525,0.5160790681838989,0.5863347053527832,0.44195735454559326,0.42344027757644653,0.45311886072158813,0.5326906442642212,0.6616295576095581,0.48587775230407715,0.6594234108924866,0.5464264750480652,0.6676856875419617,0.4848041236400604,0.6606857776641846,0.5477041006088257,0.7466055154800415,0.49397870898246765,0.7481396198272705
121,0.5007624626159668,0.5338927507400513,0.543867826461792,0.553689181804657,0.5768474340438843,0.5155917406082153,0.467648446559906,0.5473212599754333,0.4299105107784271,0.5124713778495789,0.5823207497596741,0.43958282470703125,0.4249739646911621,0.45157140493392944,0.5333820581436157,0.656818151473999,0.4895891547203064,0.6548478603363037,0.548954427242279,0.6732510924339294,0.4823068082332611,0.6671652793884277,0.5562614798545837,0.7431768774986267,0.49074357748031616,0.7494184374809265
122,0.5026810169219971,0.5336983799934387,0.5444382429122925,0.5526905059814453,0.5801163911819458,0.5169359445571899,0.4641650915145874,0.5461074113845825,0.43057477474212646,0.5117144584655762,0.583116888999939,0.4501645267009735,0.4257412552833557,0.45151957869529724,0.5322558283805847,0.6471895575523376,0.48747068643569946,0.6460650563240051,0.5453642010688782,0.6685187220573425,0.4842556416988373,0.6628108620643616,0.5484907627105713,0.7436792850494385,0.49303746223449707,0.7484921813011169
123,0.5014935731887817,0.5357345938682556,0.5388858318328857,0.5550146698951721,0.582270622253418,0.5302951335906982,0.4585220217704773,0.5465498566627502,0.4306536614894867,0.5138221383094788,0.5838418006896973,0.45496973395347595,0.4264599084854126,0.45685169100761414,0.5317733287811279,0.6442572474479675,0.4872780442237854,0.6533223390579224,0.5425348877906799,0.672511100769043,0.48741573095321655,0.6715201735496521,0.5452120304107666,0.7480539679527283,0.4910411834716797,0.7479802370071411
124,0.5018495321273804,0.5345082879066467,0.5452543497085571,0.5541437268257141,0.5831382870674133,0.5291913747787476,0.4593237638473511,0.5447484254837036,0.4287509322166443,0.5120208263397217,0.5845914483070374,0.4466572403907776,0.42478522658348083,0.4492267370223999,0.5341652631759644,0.6482731103897095,0.48623332381248474,0.6483141779899597,0.5380014181137085,0.6667818427085876,0.487044095993042,0.6609954833984375,0.5439972877502441,0.7492091655731201,0.49467581510543823,0.7470152378082275
125,0.5027824640274048,0.5335925221443176,0.5372331738471985,0.5555060505867004,0.5831609964370728,0.5352546572685242,0.4630766808986664,0.5472874045372009,0.433450311422348,0.5104252696037292,0.5848544239997864,0.45008060336112976,0.425163596868515,0.4565163552761078,0.5303246974945068,0.6429183483123779,0.4872351288795471,0.6420664191246033,0.5449235439300537,0.6696209907531738,0.48671337962150574,0.664730429649353,0.549297571182251,0.7457886934280396,0.488885760307312,0.7468885779380798
126,0.5020402669906616,0.5327764749526978,0.5372111797332764,0.554449737071991,0.5829342603683472,0.5322023630142212,0.46304064989089966,0.5469333529472351,0.4325307011604309,0.510513424873352,0.5834412574768066,0.45439988374710083,0.4245975613594055,0.4568524956703186,0.5316974520683289,0.6425437331199646,0.4869093894958496,0.6417565941810608,0.5452585220336914,0.6684185266494751,0.485148161649704,0.6622169017791748,0.5568217039108276,0.7444812059402466,0.4826515316963196,0.7512773871421814
127,0.5006262063980103,0.5333435535430908,0.5372419357299805,0.5550426244735718,0.5829572081565857,0.5327571630477905,0.46099334955215454,0.5491849780082703,0.43162626028060913,0.5113219022750854,0.5856063365936279,0.4493088722229004,0.42481863498687744,0.4553600549697876,0.5308687090873718,0.6436291933059692,0.4867287874221802,0.649855375289917,0.5432865619659424,0.6668047308921814,0.484821081161499,0.6601748466491699,0.5494231581687927,0.7454225420951843,0.4884204864501953,0.7476885318756104
128,0.5006567239761353,0.5328420400619507,0.5381031036376953,0.5547529458999634,0.5823950171470642,0.5315422415733337,0.46155619621276855,0.5493512153625488,0.4325063228607178,0.5111677646636963,0.5861946940422058,0.4487658739089966,0.4244590997695923,0.4547313451766968,0.5312514305114746,0.6444365978240967,0.4869764745235443,0.6510475277900696,0.5426058769226074,0.6671456098556519,0.48426422476768494,0.6601911783218384,0.549731433391571,0.7456456422805786,0.4887987971305847,0.7482537627220154
129,0.5024535655975342,0.5328202247619629,0.5389606356620789,0.5547337532043457,0.5824200510978699,0.5324407815933228,0.4638533294200897,0.5488733053207397,0.43294066190719604,0.5113402605056763,0.5814542770385742,0.4559033513069153,0.4248581528663635,0.45420950651168823,0.5319197177886963,0.6437168121337891,0.48670920729637146,0.6434726715087891,0.5414688587188721,0.6670441627502441,0.4842321574687958,0.6601216197013855,0.5495178699493408,0.7455291748046875,0.4843098521232605,0.7512287497520447
130,0.5029100179672241,0.5331162214279175,0.5405648946762085,0.5558579564094543,0.5830976963043213,0.5322819948196411,0.4634284973144531,0.5489606857299805,0.4324655532836914,0.5094921588897705,0.5849654078483582,0.45281726121902466,0.425131618976593,0.4543006420135498,0.5314759612083435,0.65291428565979,0.48749372363090515,0.6517198085784912,0.5428217649459839,0.6682276129722595,0.4829437732696533,0.6614025831222534,0.5486772060394287,0.7462218999862671,0.48853132128715515,0.7473022937774658
131,0.5043942928314209,0.534885048866272,0.5424029231071472,0.5551513433456421,0.5825660228729248,0.5296779870986938,0.4626750648021698,0.5470876097679138,0.43197500705718994,0.5122805833816528,0.5858289003372192,0.45179468393325806,0.42464858293533325,0.4526042640209198,0.5318049192428589,0.6454578638076782,0.48528140783309937,0.6445481777191162,0.5403946042060852,0.667833685874939,0.48212918639183044,0.6609948873519897,0.5469563603401184,0.7473611235618591,0.4905479848384857,0.7469854354858398
132,0.5088835954666138,0.5386375784873962,0.5480144023895264,0.5546989440917969,0.5866610407829285,0.5266152620315552,0.4648367762565613,0.547864556312561,0.4335235059261322,0.5225056409835815,0.5894887447357178,0.44729429483413696,0.42618370056152344,0.4577423334121704,0.5292092561721802,0.6588181853294373,0.48504310846328735,0.650052547454834,0.5455113649368286,0.6640086770057678,0.48451361060142517,0.6610773801803589,0.5494068264961243,0.7476807832717896,0.4871562719345093,0.7507472038269043
133,0.5066360235214233,0.5348989963531494,0.544493556022644,0.5520603656768799,0.5865569114685059,0.5197783708572388,0.4696623682975769,0.544748067855835,0.43395042419433594,0.5178530216217041,0.5900038480758667,0.4422156512737274,0.4264864921569824,0.45322364568710327,0.5326217412948608,0.6560052633285522,0.48818349838256836,0.6534578204154968,0.5494912266731262,0.6691827178001404,0.4836340844631195,0.6661089658737183,0.5502892732620239,0.7477260828018188,0.4813232421875,0.7498838901519775
134,0.5056140422821045,0.5330144166946411,0.5443440079689026,0.5483680963516235,0.5872446298599243,0.507100522518158,0.4690234661102295,0.5440946221351624,0.43115803599357605,0.5053752064704895,0.5899695158004761,0.4313235878944397,0.42189842462539673,0.45154863595962524,0.5320573449134827,0.6565141677856445,0.48697707056999207,0.6478784084320068,0.5481216311454773,0.6714687347412109,0.4828459918498993,0.6683870553970337,0.5511382818222046,0.7488377094268799,0.48168930411338806,0.751895546913147
135,0.509445309638977,0.5085694789886475,0.5432475209236145,0.5397428274154663,0.5911239981651306,0.49294567108154297,0.47202274203300476,0.5339658260345459,0.4326780438423157,0.4979197680950165,0.5957472920417786,0.417468398809433,0.42128318548202515,0.4330204427242279,0.5354776382446289,0.6537438631057739,0.4914964437484741,0.652853786945343,0.5500147342681885,0.6835082769393921,0.4788885712623596,0.6856803297996521,0.550238847732544,0.7484442591667175,0.47906994819641113,0.7555086612701416
136,0.5131443738937378,0.49562567472457886,0.5508946180343628,0.5356875658035278,0.5921176075935364,0.4916396737098694,0.47334039211273193,0.5293046236038208,0.434976190328598,0.4960963726043701,0.599047839641571,0.4222906529903412,0.4217894673347473,0.42869991064071655,0.5355536937713623,0.6560961008071899,0.487804114818573,0.6547470688819885,0.5441689491271973,0.6725327372550964,0.4811275899410248,0.6665363311767578,0.5514559149742126,0.7495719790458679,0.4772595763206482,0.7547014951705933
137,0.5134099721908569,0.4897725582122803,0.5478577017784119,0.5214243531227112,0.5897202491760254,0.4693973958492279,0.47662609815597534,0.5186886787414551,0.43540501594543457,0.4913524389266968,0.5962193012237549,0.4105294644832611,0.4231991469860077,0.41650938987731934,0.5312904119491577,0.6591275930404663,0.4807119369506836,0.6527376770973206,0.5410466194152832,0.6800415515899658,0.48239558935165405,0.6736527681350708,0.5487312078475952,0.7491979002952576,0.4785414934158325,0.7555166482925415
138,0.5182763338088989,0.4828535318374634,0.5511280298233032,0.512999415397644,0.5919972062110901,0.44866591691970825,0.481162965297699,0.510433554649353,0.4390341639518738,0.46918296813964844,0.5920241475105286,0.38503551483154297,0.42959892749786377,0.408744752407074,0.537757396697998,0.6407641172409058,0.486980676651001,0.6399704217910767,0.5416589975357056,0.6694096922874451,0.48473459482192993,0.6632583141326904,0.5559408664703369,0.7456883192062378,0.4763866662979126,0.7558452486991882
139,0.5149129629135132,0.47368502616882324,0.5413764119148254,0.5050511956214905,0.5854601263999939,0.4645266532897949,0.474504679441452,0.4987153708934784,0.43662214279174805,0.4714694619178772,0.5900511145591736,0.38355904817581177,0.42369115352630615,0.39289289712905884,0.5327202081680298,0.6203397512435913,0.4864289462566376,0.6207695007324219,0.5496775507926941,0.6554180979728699,0.48810598254203796,0.6535382866859436,0.5565948486328125,0.7372664213180542,0.47514063119888306,0.750801682472229
140,0.5178861618041992,0.47331374883651733,0.5499155521392822,0.49863582849502563,0.5925734639167786,0.44454917311668396,0.47923797369003296,0.496197909116745,0.4407367706298828,0.4546827971935272,0.5915657877922058,0.3770826458930969,0.4262250065803528,0.37960004806518555,0.5359285473823547,0.62447190284729,0.4908013343811035,0.62347012758255,0.5459750294685364,0.659390926361084,0.49089086055755615,0.6560389995574951,0.5582605600357056,0.7375556230545044,0.47832947969436646,0.7497453093528748
141,0.5171608328819275,0.4678831994533539,0.5490474700927734,0.5028285980224609,0.5892581939697266,0.44102221727371216,0.4767089784145355,0.4929195046424866,0.4437577724456787,0.44808098673820496,0.589910626411438,0.3770257234573364,0.42588743567466736,0.37710893154144287,0.5334869623184204,0.6219216585159302,0.48848968744277954,0.6211779713630676,0.5456798076629639,0.6606069803237915,0.4918845593929291,0.654572606086731,0.5566652417182922,0.7394336462020874,0.4770902395248413,0.7526341676712036
142,0.5168706178665161,0.4631962180137634,0.547907829284668,0.49527567625045776,0.5897260308265686,0.4269725978374481,0.47839707136154175,0.489719033241272,0.4490933120250702,0.4416263699531555,0.5919342041015625,0.3778822422027588,0.4288793206214905,0.3849320113658905,0.5333879590034485,0.6082332134246826,0.4916781187057495,0.6074408292770386,0.5417942404747009,0.6570076942443848,0.49369722604751587,0.6503580212593079,0.552821159362793,0.7398428916931152,0.4766141176223755,0.747125506401062
143,0.5183581113815308,0.4559837579727173,0.5498547554016113,0.48853927850723267,0.5901660323143005,0.423807829618454,0.4757978618144989,0.48300260305404663,0.44460129737854004,0.42495399713516235,0.5959057807922363,0.37574052810668945,0.4250590205192566,0.3781380355358124,0.5333017110824585,0.6085953712463379,0.4900062680244446,0.6059027314186096,0.5362377166748047,0.6577520370483398,0.4888575077056885,0.6514818072319031,0.5513318181037903,0.7403700351715088,0.4760439991950989,0.7410455942153931
144,0.5192439556121826,0.4513814449310303,0.5466589331626892,0.48138508200645447,0.5933291912078857,0.41881126165390015,0.4775899052619934,0.48098182678222656,0.4492528438568115,0.43024617433547974,0.5956488847732544,0.3634730279445648,0.42949315905570984,0.37168726325035095,0.5346886515617371,0.6010498404502869,0.48784947395324707,0.6002703905105591,0.5479421019554138,0.6503370404243469,0.47967761754989624,0.6492698192596436,0.5506860017776489,0.7424805164337158,0.4732339382171631,0.7525700926780701
145,0.5175085067749023,0.4485480487346649,0.5466027855873108,0.47472357749938965,0.5947766304016113,0.40920156240463257,0.47517451643943787,0.4768065810203552,0.443532794713974,0.4162451922893524,0.5989611148834229,0.3562949299812317,0.42482882738113403,0.3611335754394531,0.5323032140731812,0.6001579165458679,0.48648184537887573,0.5985756516456604,0.5427388548851013,0.6549274921417236,0.4800148606300354,0.6499518752098083,0.5494284629821777,0.742756724357605,0.4716002643108368,0.7516757249832153
146,0.5187650918960571,0.44395026564598083,0.5468606948852539,0.47520333528518677,0.5862603187561035,0.40209388732910156,0.4783915877342224,0.4787619113922119,0.4507944583892822,0.4065924882888794,0.5883504748344421,0.3430279493331909,0.43296998739242554,0.3691819906234741,0.5329323410987854,0.5987545251846313,0.48743772506713867,0.596257209777832,0.5418418645858765,0.6621713042259216,0.4802049398422241,0.6614291667938232,0.546497642993927,0.7453936338424683,0.47353801131248474,0.7536182403564453
147,0.5195403695106506,0.42852136492729187,0.5527503490447998,0.47080954909324646,0.5869681239128113,0.4033966064453125,0.4755205810070038,0.4671352803707123,0.45020169019699097,0.40439748764038086,0.5893682241439819,0.3316202759742737,0.4300718307495117,0.353008508682251,0.5349600315093994,0.5957532525062561,0.48671960830688477,0.5935706496238708,0.5400800704956055,0.6606048345565796,0.4814385175704956,0.663314700126648,0.5477200150489807,0.7443024516105652,0.4755355715751648,0.7538567781448364
148,0.516828179359436,0.40394291281700134,0.5501570701599121,0.4488874077796936,0.5890009999275208,0.3882082402706146,0.47460901737213135,0.44711238145828247,0.4462756812572479,0.39443767070770264,0.5900586843490601,0.3226282298564911,0.4264566898345947,0.3401757478713989,0.537177562713623,0.5768485069274902,0.48677942156791687,0.575767993927002,0.5444292426109314,0.6499544382095337,0.481539249420166,0.6541114449501038,0.5514108538627625,0.7405152320861816,0.4769444167613983,0.7526842355728149
149,0.512503981590271,0.39991530776023865,0.5456879138946533,0.4420573115348816,0.5869913101196289,0.37247103452682495,0.47211313247680664,0.4395178556442261,0.45067930221557617,0.37981361150741577,0.5865474343299866,0.32028988003730774,0.42474567890167236,0.3254799246788025,0.535180926322937,0.5642375946044922,0.4875796437263489,0.5628806352615356,0.5410661697387695,0.6446199417114258,0.4814583659172058,0.6429815292358398,0.5514217615127563,0.7409650683403015,0.4741053581237793,0.7483819723129272
150,0.5136080980300903,0.39741241931915283,0.5467110276222229,0.4350346326828003,0.590767502784729,0.36444956064224243,0.47639796137809753,0.43562257289886475,0.4481217861175537,0.3682067394256592,0.5887574553489685,0.3161412477493286,0.4273417890071869,0.3192481994628906,0.5332646369934082,0.562890887260437,0.4866733253002167,0.5625531673431396,0.5367512702941895,0.6489212512969971,0.4811286926269531,0.6492822766304016,0.5487844944000244,0.7408732771873474,0.4768788516521454,0.7507748603820801
151,0.5149013996124268,0.3908362090587616,0.5490061044692993,0.4301047921180725,0.5887706279754639,0.3642781376838684,0.47715556621551514,0.43331241607666016,0.4458870589733124,0.36405807733535767,0.5893353819847107,0.3113864064216614,0.4248976409435272,0.31500551104545593,0.5368891954421997,0.5609604120254517,0.48917680978775024,0.5611870884895325,0.5442862510681152,0.6453545093536377,0.4814630448818207,0.6436935663223267,0.5511484146118164,0.7405087947845459,0.4749094843864441,0.748856246471405
152,0.5144377946853638,0.39300650358200073,0.5527435541152954,0.4319853186607361,0.5883748531341553,0.36323797702789307,0.47560614347457886,0.43101128935813904,0.4466891884803772,0.3647726774215698,0.5890403389930725,0.30494391918182373,0.4306868314743042,0.3221919536590576,0.537726879119873,0.5535481572151184,0.48921436071395874,0.5527496933937073,0.5446076393127441,0.6380575299263,0.47810062766075134,0.6336603760719299,0.550882875919342,0.7391979694366455,0.4739253520965576,0.7499357461929321
153,0.5212559700012207,0.3855471611022949,0.5562750697135925,0.4213208854198456,0.587050199508667,0.3605829179286957,0.47872087359428406,0.42283815145492554,0.4495032727718353,0.3715987801551819,0.5890940427780151,0.28765299916267395,0.43329042196273804,0.30152466893196106,0.5325146913528442,0.541949987411499,0.4903966188430786,0.5442520380020142,0.5468410849571228,0.640820324420929,0.47533828020095825,0.6382570266723633,0.548068642616272,0.7422248721122742,0.4749223589897156,0.749771237373352
154,0.5188541412353516,0.38236913084983826,0.5577088594436646,0.4158496558666229,0.5890254974365234,0.36193689703941345,0.4836568832397461,0.4157979190349579,0.4550587832927704,0.3718887269496918,0.5917336940765381,0.2938188910484314,0.43570053577423096,0.29362863302230835,0.535358190536499,0.536173403263092,0.49333736300468445,0.5389641523361206,0.5495500564575195,0.6394447088241577,0.47881317138671875,0.6357158422470093,0.5493030548095703,0.7408419847488403,0.4770772159099579,0.7507245540618896
155,0.5154436826705933,0.3769688010215759,0.5581681728363037,0.40687936544418335,0.5916918516159058,0.3554457128047943,0.4792991280555725,0.40923452377319336,0.45278429985046387,0.36510246992111206,0.5879601836204529,0.2915308475494385,0.42955946922302246,0.29219701886177063,0.5415161848068237,0.543405294418335,0.4926126003265381,0.5425246953964233,0.5378518104553223,0.6483699083328247,0.48399966955184937,0.6443758606910706,0.5485864877700806,0.7403354048728943,0.4747568964958191,0.7477879524230957
156,0.5172033309936523,0.3825037181377411,0.552158772945404,0.4109615683555603,0.578344464302063,0.36019808053970337,0.48563963174819946,0.4146603047847748,0.4716395139694214,0.37816545367240906,0.5862871408462524,0.2859828770160675,0.4421754479408264,0.2969551086425781,0.5396460294723511,0.5396379828453064,0.49296921491622925,0.5375028848648071,0.5441443920135498,0.6446982026100159,0.4795491695404053,0.641409158706665,0.5477668642997742,0.7427055835723877,0.47466129064559937,0.7483866214752197
157,0.5173072814941406,0.3734835386276245,0.5646032094955444,0.40399205684661865,0.5889279842376709,0.34774884581565857,0.48591381311416626,0.40340253710746765,0.4631047248840332,0.3618415594100952,0.5882348418235779,0.2811518609523773,0.43460068106651306,0.28625208139419556,0.5400213003158569,0.5325226783752441,0.4929320812225342,0.5301340818405151,0.5397278070449829,0.6396132707595825,0.48606833815574646,0.6373712420463562,0.5472766160964966,0.7395004630088806,0.4749087691307068,0.742209792137146
158,0.5170021057128906,0.37078380584716797,0.5601368546485901,0.3989037275314331,0.5901645421981812,0.3441430330276489,0.48505252599716187,0.40116196870803833,0.45667028427124023,0.3469991087913513,0.5891934633255005,0.27921080589294434,0.43040573596954346,0.2853687107563019,0.5330755710601807,0.5281275510787964,0.49391433596611023,0.5303174257278442,0.5391067266464233,0.6445490717887878,0.4822978675365448,0.641223132610321,0.5480826497077942,0.741098165512085,0.47638648748397827,0.746895432472229
159,0.5198884010314941,0.36864250898361206,0.5590203404426575,0.3952639102935791,0.5935797691345215,0.3434818387031555,0.48622927069664,0.3988052010536194,0.45862647891044617,0.34448593854904175,0.5913242697715759,0.2762589156627655,0.43049249053001404,0.2838018536567688,0.5330286026000977,0.5259582996368408,0.49348950386047363,0.527049720287323,0.5409334897994995,0.6410859227180481,0.4773750901222229,0.6358044743537903,0.5479730367660522,0.7405368089675903,0.4760593771934509,0.7449750304222107
160,0.5186429023742676,0.3679604232311249,0.561719536781311,0.39450252056121826,0.5892965197563171,0.33594557642936707,0.4893263280391693,0.3996530771255493,0.45697999000549316,0.3441008925437927,0.5915927886962891,0.2712252736091614,0.4284089505672455,0.27794787287712097,0.5342885851860046,0.525579035282135,0.49310368299484253,0.5263304710388184,0.5364990234375,0.6428740620613098,0.48418623208999634,0.6394487619400024,0.543640673160553,0.7401903867721558,0.4752049446105957,0.7453120946884155
161,0.5201066136360168,0.3633056879043579,0.5609905123710632,0.3908277153968811,0.5913444757461548,0.33523523807525635,0.48798906803131104,0.39538758993148804,0.46051615476608276,0.3455614745616913,0.5918645858764648,0.26942452788352966,0.42835426330566406,0.27929067611694336,0.5360190272331238,0.5279674530029297,0.49004894495010376,0.5305579304695129,0.5390007495880127,0.6420264840126038,0.4868285059928894,0.6414172649383545,0.5467516183853149,0.7398496866226196,0.47478270530700684,0.7458959817886353
162,0.5193257331848145,0.36371049284935,0.5661309957504272,0.39082950353622437,0.591174304485321,0.3345932960510254,0.48936963081359863,0.3948402404785156,0.4609000086784363,0.3459201455116272,0.5927841067314148,0.27145782113075256,0.42897021770477295,0.2754477262496948,0.534608781337738,0.5244685411453247,0.49282699823379517,0.5255744457244873,0.5373053550720215,0.638359010219574,0.4849013686180115,0.638962984085083,0.5461843013763428,0.7400634288787842,0.4734126925468445,0.7451254725456238
163,0.5188395977020264,0.36326056718826294,0.568034827709198,0.3887737989425659,0.5892512798309326,0.33467984199523926,0.48801133036613464,0.393846720457077,0.4600529670715332,0.34065645933151245,0.5916165709495544,0.2706768810749054,0.4290804862976074,0.27583450078964233,0.5361672639846802,0.5221388339996338,0.4924786686897278,0.5228429436683655,0.5378069877624512,0.6367725729942322,0.4836149215698242,0.6366493105888367,0.5460103750228882,0.7391574382781982,0.4706127643585205,0.7442312240600586
164,0.5224210619926453,0.36177414655685425,0.5652965307235718,0.3869723677635193,0.5916549563407898,0.3296836018562317,0.4841277599334717,0.3909069895744324,0.45765388011932373,0.340811550617218,0.5928917527198792,0.2695024311542511,0.42983362078666687,0.27726542949676514,0.5352055430412292,0.5202959179878235,0.49002766609191895,0.52122962474823,0.5382469892501831,0.6356021165847778,0.48269373178482056,0.6360316872596741,0.5462049841880798,0.7394821047782898,0.47118353843688965,0.7445992231369019
165,0.5174576640129089,0.36299943923950195,0.5659164190292358,0.3870151937007904,0.5918516516685486,0.3293375074863434,0.48229867219924927,0.3898324966430664,0.4566551148891449,0.3376178741455078,0.5923821926116943,0.2706516981124878,0.43008071184158325,0.27739131450653076,0.5351452231407166,0.5225263833999634,0.4899479150772095,0.523552417755127,0.5407750010490417,0.6370666027069092,0.48284631967544556,0.6374076008796692,0.5453505516052246,0.7407592535018921,0.46854734420776367,0.7435392141342163
166,0.5182825326919556,0.3619425296783447,0.5672550201416016,0.3893774449825287,0.5948585867881775,0.3256473243236542,0.48408159613609314,0.3909223973751068,0.4597015082836151,0.3341533839702606,0.5939127206802368,0.2679137587547302,0.4337700307369232,0.2814100980758667,0.5353572368621826,0.5227257609367371,0.4904911518096924,0.5242025256156921,0.5423552989959717,0.6393738389015198,0.48361632227897644,0.640327513217926,0.5451103448867798,0.741592526435852,0.4723448157310486,0.7453508377075195
167,0.5174296498298645,0.3613942861557007,0.5669849514961243,0.3889859914779663,0.5970560312271118,0.323243647813797,0.4835970401763916,0.3918134570121765,0.4557819068431854,0.3278997838497162,0.5925254821777344,0.2666175961494446,0.43345820903778076,0.2784728705883026,0.5353657603263855,0.5200294852256775,0.48891496658325195,0.5212357044219971,0.5407220125198364,0.6391201615333557,0.48143333196640015,0.6391041278839111,0.5445291996002197,0.7414845824241638,0.47023916244506836,0.7440611720085144
168,0.5177969336509705,0.3625606298446655,0.5659857988357544,0.3873637914657593,0.5924718379974365,0.3261367082595825,0.4886802136898041,0.3904303312301636,0.4711781144142151,0.33128148317337036,0.5900617837905884,0.2602996826171875,0.4511307179927826,0.26419714093208313,0.5388533473014832,0.5177835822105408,0.4927558898925781,0.5173872709274292,0.5415525436401367,0.6327886581420898,0.4794171452522278,0.6321648955345154,0.546738862991333,0.7404499053955078,0.47178611159324646,0.7455529570579529
169,0.5218105912208557,0.361758828163147,0.5652756094932556,0.38795608282089233,0.5913345813751221,0.3297539949417114,0.4873931407928467,0.39001521468162537,0.47029706835746765,0.33259105682373047,0.5902953147888184,0.26095065474510193,0.448737233877182,0.26956161856651306,0.5353065729141235,0.5169405937194824,0.4916137158870697,0.5170300006866455,0.5358841419219971,0.6327353119850159,0.4866892993450165,0.6377298831939697,0.5471080541610718,0.7406839728355408,0.4748980700969696,0.7483343482017517
170,0.5209314823150635,0.3621407449245453,0.5625447034835815,0.38940131664276123,0.5906604528427124,0.3326561152935028,0.4893507957458496,0.3918801546096802,0.4655460715293884,0.3299259841442108,0.5911227464675903,0.262723445892334,0.44510555267333984,0.2750318944454193,0.5352662205696106,0.5174893140792847,0.4919735789299011,0.5174505710601807,0.5420781373977661,0.6341451406478882,0.4848420321941376,0.637792706489563,0.5465768575668335,0.7398117780685425,0.47214412689208984,0.7465307116508484
171,0.5175302028656006,0.3630203902721405,0.5669348239898682,0.39054808020591736,0.5922571420669556,0.33349382877349854,0.49160751700401306,0.3935232162475586,0.4689616560935974,0.33408600091934204,0.5883015990257263,0.2703707814216614,0.4454840421676636,0.2748710811138153,0.5382355451583862,0.5192090272903442,0.4936448931694031,0.5199753046035767,0.5427840352058411,0.6307821273803711,0.47977471351623535,0.6339273452758789,0.5489683151245117,0.7369937896728516,0.4717351198196411,0.746381402015686
172,0.5175589919090271,0.36385223269462585,0.5657495260238647,0.39030057191848755,0.5915888547897339,0.3339710235595703,0.4912377595901489,0.3923467993736267,0.46667295694351196,0.33183175325393677,0.5914099216461182,0.2648887634277344,0.4458621144294739,0.2770420014858246,0.5398093461990356,0.5168071985244751,0.49494466185569763,0.5168987512588501,0.5474140644073486,0.6277862191200256,0.4788545072078705,0.6329444646835327,0.5520671010017395,0.73686283826828,0.47393280267715454,0.7491425275802612
173,0.5207188725471497,0.3644871711730957,0.5644359588623047,0.39236634969711304,0.5770974159240723,0.3306064009666443,0.4929656386375427,0.39326462149620056,0.46814537048339844,0.3315407633781433,0.5877317190170288,0.2676507532596588,0.4506944417953491,0.2759188413619995,0.5354657173156738,0.5197926759719849,0.49226564168930054,0.5207239985466003,0.5353803634643555,0.6369895935058594,0.4857986867427826,0.6419888734817505,0.5487866401672363,0.7376495599746704,0.4753308892250061,0.7500118017196655
174,0.5212944746017456,0.3654929995536804,0.5641845464706421,0.393245667219162,0.5765530467033386,0.3312775492668152,0.4939422309398651,0.3937353789806366,0.4719266891479492,0.3316941261291504,0.5896576046943665,0.26332420110702515,0.45407480001449585,0.2738199234008789,0.5338655710220337,0.5206060409545898,0.49210673570632935,0.5212299823760986,0.536016047000885,0.6366699934005737,0.4860583245754242,0.6414734721183777,0.5496641397476196,0.7385358214378357,0.47591668367385864,0.7489027976989746
175,0.520706295967102,0.3647801876068115,0.559425413608551,0.39501065015792847,0.5735708475112915,0.33073943853378296,0.49055999517440796,0.39638108015060425,0.4689215421676636,0.32851874828338623,0.5857419967651367,0.26563411951065063,0.4492587745189667,0.2724359929561615,0.5322672128677368,0.524116575717926,0.49036905169487,0.5243343114852905,0.5364221334457397,0.6412460803985596,0.4841610789299011,0.6457873582839966,0.5470705628395081,0.7391535043716431,0.47705167531967163,0.7498835325241089
176,0.5182988047599792,0.36543357372283936,0.5569612979888916,0.3935008943080902,0.5703805685043335,0.3420822024345398,0.48809945583343506,0.39433619379997253,0.46778759360313416,0.3314865231513977,0.581479012966156,0.2661944031715393,0.448427677154541,0.2712326943874359,0.532825767993927,0.5252152681350708,0.4907892346382141,0.5255517363548279,0.5368340015411377,0.6421828269958496,0.4826725721359253,0.6462010145187378,0.5466429591178894,0.7396864295005798,0.474941223859787,0.7492374181747437
177,0.519076943397522,0.36613377928733826,0.5588088035583496,0.39592593908309937,0.5677597522735596,0.34392672777175903,0.4859771132469177,0.39581024646759033,0.46482715010643005,0.3317505717277527,0.5823073387145996,0.2658270001411438,0.4467959403991699,0.27125129103660583,0.5331400036811829,0.5249873399734497,0.49050062894821167,0.5259701013565063,0.5374665856361389,0.638131856918335,0.48312661051750183,0.6427386999130249,0.5474140644073486,0.7389481067657471,0.47592055797576904,0.7479342222213745
178,0.521437406539917,0.36379551887512207,0.5638146996498108,0.39652806520462036,0.5760995149612427,0.32342976331710815,0.4839775562286377,0.3983400762081146,0.4658787250518799,0.3274625241756439,0.5834478735923767,0.2631964683532715,0.45157748460769653,0.26756757497787476,0.5334558486938477,0.5263296365737915,0.49007630348205566,0.5275148153305054,0.5365011692047119,0.6383678913116455,0.482231080532074,0.6416198015213013,0.5479270219802856,0.7383114099502563,0.4759453237056732,0.7481832504272461
179,0.5196257829666138,0.36394402384757996,0.5604190230369568,0.3961055278778076,0.5756837129592896,0.32583799958229065,0.4832014739513397,0.39699238538742065,0.4659695029258728,0.33009690046310425,0.5844913721084595,0.26052698493003845,0.447550892829895,0.27311843633651733,0.5332159996032715,0.5268231630325317,0.49060481786727905,0.5282615423202515,0.5381631851196289,0.6380624771118164,0.4831806421279907,0.6421811580657959,0.5481690168380737,0.7381219863891602,0.47683224081993103,0.7490560412406921
180,0.5198154449462891,0.3626646399497986,0.5556408166885376,0.394467294216156,0.565773606300354,0.3436046838760376,0.48302799463272095,0.3967486321926117,0.47230300307273865,0.32852286100387573,0.5808731317520142,0.2663964629173279,0.43969663977622986,0.2722932994365692,0.5371428728103638,0.5276035070419312,0.4895176589488983,0.5254077911376953,0.5433769226074219,0.6384139657020569,0.4832027852535248,0.6392874717712402,0.546227753162384,0.7399574518203735,0.47206804156303406,0.7459365725517273
181,0.5169464945793152,0.36103662848472595,0.5504187345504761,0.39179980754852295,0.5647163391113281,0.3437752425670624,0.4808494746685028,0.39303073287010193,0.46723997592926025,0.3273574709892273,0.5827494263648987,0.26057249307632446,0.44264328479766846,0.26800084114074707,0.5370375514030457,0.5277825593948364,0.48924684524536133,0.5257053375244141,0.5369970202445984,0.637651801109314,0.48515865206718445,0.6406240463256836,0.5467699766159058,0.740445077419281,0.4760696291923523,0.7469183206558228
182,0.5185425877571106,0.36017513275146484,0.5533627271652222,0.3893733024597168,0.5717187523841858,0.32454824447631836,0.4793175160884857,0.39133018255233765,0.46607789397239685,0.3252687454223633,0.583444356918335,0.26133212447166443,0.44221779704093933,0.26688241958618164,0.536795973777771,0.5228573083877563,0.48889321088790894,0.5212851166725159,0.5425940752029419,0.6386350393295288,0.48376137018203735,0.639427661895752,0.545587420463562,0.7406465411186218,0.474302738904953,0.7458606958389282
183,0.5180286765098572,0.3587387800216675,0.5504872798919678,0.3866270184516907,0.5853647589683533,0.3134247958660126,0.4791613519191742,0.38937458395957947,0.4711484909057617,0.32737404108047485,0.5857230424880981,0.25540101528167725,0.43890973925590515,0.2562974989414215,0.5364916920661926,0.5223120450973511,0.4883195161819458,0.5204535722732544,0.5438441038131714,0.6399143934249878,0.4835149645805359,0.6409986615180969,0.5461378693580627,0.7405607104301453,0.47567856311798096,0.746356189250946
184,0.5158216953277588,0.3600975275039673,0.5485969185829163,0.38708803057670593,0.5848243236541748,0.3191862404346466,0.4779403805732727,0.39030760526657104,0.4577758312225342,0.3258391320705414,0.5880645513534546,0.26249223947525024,0.4331229329109192,0.2613009512424469,0.5371373891830444,0.5211365222930908,0.48881396651268005,0.518564760684967,0.5386583209037781,0.6377373337745667,0.48461779952049255,0.6386758685112,0.5488772392272949,0.7386908531188965,0.4776392877101898,0.7469004392623901
185,0.512130856513977,0.36439642310142517,0.5482515692710876,0.38886988162994385,0.5925880074501038,0.33723026514053345,0.4800587594509125,0.3913153409957886,0.45356935262680054,0.3389793634414673,0.5848839282989502,0.276008665561676,0.43734753131866455,0.2696841359138489,0.5373042821884155,0.5216125249862671,0.48840028047561646,0.5190569162368774,0.5388778448104858,0.6369621753692627,0.4836427867412567,0.6382251381874084,0.5500030517578125,0.7377776503562927,0.4783097207546234,0.7474230527877808
186,0.5124043226242065,0.36591988801956177,0.5517237186431885,0.39130932092666626,0.5921466946601868,0.3542979657649994,0.4794394373893738,0.39043736457824707,0.4493059813976288,0.3409242630004883,0.5842520594596863,0.28404954075813293,0.43653106689453125,0.2753932476043701,0.53638756275177,0.5245446562767029,0.48823845386505127,0.5215206742286682,0.5362483859062195,0.6400934457778931,0.4819803237915039,0.6402378082275391,0.5475283861160278,0.7393664121627808,0.47590455412864685,0.7467012405395508
187,0.5080296993255615,0.3647749125957489,0.5509973168373108,0.39763081073760986,0.6059542894363403,0.35893040895462036,0.4736993908882141,0.39914077520370483,0.4253101050853729,0.3630911707878113,0.5904118418693542,0.29347795248031616,0.4378531575202942,0.29115137457847595,0.5299570560455322,0.526443600654602,0.479934424161911,0.5255886316299438,0.5398298501968384,0.6390829086303711,0.4813574552536011,0.6412698030471802,0.5447227954864502,0.7416545748710632,0.4753325581550598,0.7462558746337891
188,0.5016833543777466,0.36305761337280273,0.5456207990646362,0.4025060534477234,0.6150481700897217,0.3632776141166687,0.46947893500328064,0.40374812483787537,0.42117124795913696,0.37006986141204834,0.5874137878417969,0.2989749014377594,0.4327917993068695,0.3117610216140747,0.526637852191925,0.534664511680603,0.47515198588371277,0.5326012969017029,0.538434624671936,0.6439436674118042,0.48023900389671326,0.6459354162216187,0.5463705062866211,0.7422385215759277,0.4773966670036316,0.7491449117660522
189,0.5006252527236938,0.3586762845516205,0.5432820320129395,0.39464813470840454,0.616176962852478,0.3693851828575134,0.46149760484695435,0.3981618285179138,0.40919336676597595,0.37381523847579956,0.5875445008277893,0.30125486850738525,0.43018555641174316,0.3148394227027893,0.5255619883537292,0.5184580087661743,0.4742649793624878,0.5193029046058655,0.5323381423950195,0.6412292122840881,0.48020005226135254,0.6421496868133545,0.5420346856117249,0.744125247001648,0.4761217534542084,0.7494861483573914
190,0.5113097429275513,0.35187050700187683,0.5448220372200012,0.39811915159225464,0.6205636262893677,0.394592821598053,0.4647602438926697,0.4000183939933777,0.40931209921836853,0.3966403901576996,0.5891591310501099,0.33270061016082764,0.43827056884765625,0.3588724136352539,0.5259467959403992,0.525917112827301,0.4733596742153168,0.5262790322303772,0.5377746820449829,0.651315450668335,0.4790385365486145,0.6545668244361877,0.5497710108757019,0.7395302057266235,0.4791584014892578,0.7487151622772217
191,0.5146890878677368,0.34726107120513916,0.5457660555839539,0.3960891664028168,0.6187440752983093,0.40082651376724243,0.4700861871242523,0.393038809299469,0.41179466247558594,0.4026516079902649,0.6043983697891235,0.35362708568573,0.42181921005249023,0.3878318965435028,0.5280839204788208,0.516014575958252,0.47609958052635193,0.517457127571106,0.5436002016067505,0.6324827671051025,0.48346132040023804,0.6394976377487183,0.5534637570381165,0.738978385925293,0.47785234451293945,0.7478827238082886
192,0.5168619751930237,0.3464517295360565,0.5485138893127441,0.38786518573760986,0.6121906042098999,0.40800851583480835,0.47527870535850525,0.3895752429962158,0.4214382767677307,0.41649025678634644,0.6125540137290955,0.3703622817993164,0.4157957434654236,0.41605299711227417,0.5327751040458679,0.5049843788146973,0.4799613654613495,0.5076630711555481,0.5448111295700073,0.6186458468437195,0.48272034525871277,0.6308672428131104,0.5597290992736816,0.735690712928772,0.47664159536361694,0.7455000877380371
193,0.5150328874588013,0.3487743139266968,0.5482261180877686,0.39140698313713074,0.608866810798645,0.4155946671962738,0.4762609004974365,0.39157015085220337,0.42454689741134644,0.42618024349212646,0.6150373220443726,0.3829362392425537,0.40500855445861816,0.43764790892601013,0.5317872762680054,0.5090352296829224,0.4796810746192932,0.5093644261360168,0.5559768676757812,0.63365638256073,0.48151037096977234,0.6356696486473083,0.5699734687805176,0.7380843162536621,0.47655782103538513,0.7471672892570496
194,0.5213155746459961,0.34785208106040955,0.553398847579956,0.39143821597099304,0.6012853384017944,0.43017905950546265,0.4788559079170227,0.38712137937545776,0.43519553542137146,0.4280892014503479,0.6094719171524048,0.4012224078178406,0.40638530254364014,0.45306915044784546,0.5366240739822388,0.5128097534179688,0.48252543807029724,0.5125888586044312,0.5589986443519592,0.6374413967132568,0.48227402567863464,0.6394970417022705,0.5794747471809387,0.7445332407951355,0.47222551703453064,0.7459303140640259
195,0.5252536535263062,0.35087281465530396,0.5516672134399414,0.3945317268371582,0.5953377485275269,0.433764785528183,0.47665345668792725,0.3931795358657837,0.44928669929504395,0.438518226146698,0.6052061319351196,0.42332014441490173,0.4142717123031616,0.4813233017921448,0.5378010869026184,0.5175538659095764,0.4836035668849945,0.5171451568603516,0.5671210885047913,0.6329540014266968,0.4763146638870239,0.6336745023727417,0.5908564329147339,0.746086835861206,0.4713810682296753,0.7460777163505554
196,0.5278679132461548,0.3454509377479553,0.5577747225761414,0.39742299914360046,0.5948030948638916,0.4454338252544403,0.48047739267349243,0.3887999653816223,0.4619632959365845,0.4434194266796112,0.610912024974823,0.43577906489372253,0.43339499831199646,0.48687827587127686,0.5403716564178467,0.5129874348640442,0.4862085282802582,0.5100736618041992,0.5778977870941162,0.6344057321548462,0.4769788682460785,0.6339878439903259,0.6179871559143066,0.7469018697738647,0.4736167788505554,0.7445115447044373
197,0.5280508399009705,0.344043105840683,0.5511668920516968,0.39891692996025085,0.5956684947013855,0.4521823525428772,0.48366278409957886,0.3928970694541931,0.4635260999202728,0.4482553005218506,0.6014374494552612,0.46261847019195557,0.4356935918331146,0.4891766905784607,0.5394145846366882,0.5157896280288696,0.49098145961761475,0.5163412690162659,0.5833537578582764,0.6337096691131592,0.4799063801765442,0.6333410739898682,0.6268515586853027,0.7470228672027588,0.4754222631454468,0.7465382814407349
198,0.5334882736206055,0.34631407260894775,0.5545125007629395,0.4004215896129608,0.5980410575866699,0.4521384835243225,0.48247283697128296,0.39441198110580444,0.46570438146591187,0.4483579099178314,0.6019573211669922,0.45963919162750244,0.442768394947052,0.490820974111557,0.5437514781951904,0.516576886177063,0.4934060573577881,0.5171746611595154,0.5877341032028198,0.6384168267250061,0.4834667146205902,0.6337539553642273,0.6355469822883606,0.7473639845848083,0.4751325845718384,0.7460125684738159
199,0.5408815145492554,0.3441859185695648,0.5607315301895142,0.39446020126342773,0.5954728126525879,0.4516509175300598,0.49063000082969666,0.3904454708099365,0.4797663688659668,0.4472893476486206,0.6180797815322876,0.4550543427467346,0.4615952670574188,0.48896166682243347,0.5501903295516968,0.5174328088760376,0.4931407868862152,0.5157569050788879,0.5927122831344604,0.6379926800727844,0.48355573415756226,0.6333330273628235,0.6379833221435547,0.7478973269462585,0.47445178031921387,0.7440801858901978
200,0.5552207231521606,0.3444839417934418,0.5725982189178467,0.3973851799964905,0.6073124408721924,0.45761191844940186,0.49130791425704956,0.38822898268699646,0.4920017719268799,0.4619508683681488,0.6244125366210938,0.46434399485588074,0.49406230449676514,0.49942994117736816,0.5525327920913696,0.5151019096374512,0.4965210556983948,0.5132876634597778,0.6048891544342041,0.6404772400856018,0.4821033179759979,0.6377666592597961,0.6418097019195557,0.7578019499778748,0.475250780582428,0.741947591304779
201,0.5754338502883911,0.33791956305503845,0.5884194374084473,0.3913313150405884,0.6123501658439636,0.44992589950561523,0.512319028377533,0.3768042325973511,0.5033777356147766,0.44651883840560913,0.6459523439407349,0.4634853005409241,0.49978992342948914,0.50123131275177,0.5662927627563477,0.51821368932724,0.515725314617157,0.5132864713668823,0.6178779602050781,0.6444830298423767,0.4912550449371338,0.639695405960083,0.6486250162124634,0.758552074432373,0.4697108864784241,0.7488586902618408
202,0.5976667404174805,0.3335847854614258,0.610992968082428,0.38337093591690063,0.6310500502586365,0.4430816173553467,0.5304148197174072,0.37074822187423706,0.5141833424568176,0.4391748309135437,0.6737563610076904,0.4709033966064453,0.5193459987640381,0.5173795223236084,0.5872569680213928,0.5194242000579834,0.5402902960777283,0.5181227326393127,0.6319358944892883,0.6562145948410034,0.5027358531951904,0.6432577967643738,0.6606269478797913,0.7693020701408386,0.4686328172683716,0.7515588998794556
203,0.6093921065330505,0.3328161835670471,0.6213184595108032,0.38061484694480896,0.6474204063415527,0.4485032260417938,0.5371232628822327,0.3697737455368042,0.5309174656867981,0.4414304196834564,0.6994479894638062,0.46919775009155273,0.5132390260696411,0.5022933483123779,0.6011040210723877,0.5251137614250183,0.5469517707824707,0.5220848321914673,0.639650821685791,0.6532143354415894,0.5114988088607788,0.6423402428627014,0.6606464982032776,0.7693657875061035,0.46964284777641296,0.7496135234832764
204,0.6301276683807373,0.32109057903289795,0.6463474035263062,0.3784817159175873,0.6697253584861755,0.447203129529953,0.5558586120605469,0.3544880747795105,0.5374207496643066,0.42279505729675293,0.7139087915420532,0.4617757201194763,0.5066738128662109,0.48781561851501465,0.6112222075462341,0.5127192139625549,0.5523157119750977,0.5062995553016663,0.6416035294532776,0.6384285688400269,0.5196331143379211,0.6199417114257812,0.6603417992591858,0.773833155632019,0.4766707122325897,0.7423187494277954
205,0.6427011489868164,0.3190727233886719,0.6596584320068359,0.378048300743103,0.6980242729187012,0.4445067346096039,0.5613377094268799,0.3531903028488159,0.5433590412139893,0.4377919137477875,0.7655882835388184,0.46542662382125854,0.5282425880432129,0.510003387928009,0.619799017906189,0.5184617042541504,0.5552600622177124,0.5124273300170898,0.6473016142845154,0.640709638595581,0.5194951891899109,0.6234256029129028,0.6621688008308411,0.7615072131156921,0.4879171848297119,0.7297681570053101
206,0.6560785174369812,0.31832897663116455,0.6729230284690857,0.3748821020126343,0.7108525037765503,0.44479870796203613,0.5697568655014038,0.3484770655632019,0.5447865724563599,0.44585320353507996,0.7940179705619812,0.46315285563468933,0.535163164138794,0.5008163452148438,0.6197501420974731,0.5173908472061157,0.5585936307907104,0.5129082202911377,0.6500093340873718,0.6457847356796265,0.5328447222709656,0.6333396434783936,0.6628967523574829,0.7633575201034546,0.49118393659591675,0.7414325475692749
207,0.6770118474960327,0.31477028131484985,0.6860319375991821,0.37250885367393494,0.7173745632171631,0.43836790323257446,0.5878178477287292,0.34787020087242126,0.5607475638389587,0.4318464398384094,0.805745542049408,0.4649108648300171,0.5416866540908813,0.503433883190155,0.633665919303894,0.5190655589103699,0.5727766156196594,0.5143925547599792,0.6551819443702698,0.6399369239807129,0.5399518013000488,0.6261094808578491,0.6584866046905518,0.7723933458328247,0.49752673506736755,0.7382394075393677
208,0.689584493637085,0.3070273995399475,0.7013120055198669,0.3744095265865326,0.7370463609695435,0.4412107467651367,0.6019538044929504,0.3353160619735718,0.5675876140594482,0.4169600009918213,0.818871259689331,0.4629935920238495,0.5462518930435181,0.49633169174194336,0.6400337219238281,0.5054323077201843,0.5754969716072083,0.4991263151168823,0.6494283676147461,0.6359265446662903,0.5425629615783691,0.626875102519989,0.6604725122451782,0.7754212617874146,0.5093579888343811,0.7355076670646667
209,0.6996046900749207,0.30251309275627136,0.7146919965744019,0.376762330532074,0.7517766952514648,0.4413377046585083,0.6101653575897217,0.33450132608413696,0.570083498954773,0.4174232482910156,0.8368266820907593,0.4671754240989685,0.5503103137016296,0.48813363909721375,0.6439382433891296,0.5082981586456299,0.5773143768310547,0.499816358089447,0.6516714692115784,0.6362330913543701,0.5464685559272766,0.6285632252693176,0.6608939170837402,0.7755221724510193,0.5098649859428406,0.731825590133667
210,0.7145735621452332,0.3010707497596741,0.7155250906944275,0.3775266110897064,0.7556366920471191,0.4368726909160614,0.6229097843170166,0.33194518089294434,0.5799992084503174,0.40653595328330994,0.8469998836517334,0.46385765075683594,0.5604910850524902,0.48358485102653503,0.642259955406189,0.5037748217582703,0.5794507265090942,0.4933483302593231,0.6462594270706177,0.626666247844696,0.5484390258789062,0.624467670917511,0.6595537066459656,0.7696856260299683,0.51017165184021,0.7298588752746582
211,0.73362135887146,0.30616116523742676,0.7372032403945923,0.3733454942703247,0.7835538387298584,0.43038949370384216,0.6330167055130005,0.3311210870742798,0.588034987449646,0.40618014335632324,0.8610438704490662,0.4572939872741699,0.5666753053665161,0.47624337673187256,0.6535165309906006,0.5018294453620911,0.5914095640182495,0.48924487829208374,0.6595824360847473,0.6189825534820557,0.563252329826355,0.6049203872680664,0.6606292724609375,0.7615715861320496,0.5305063128471375,0.7051551342010498
212,0.7328757047653198,0.30221787095069885,0.7424288988113403,0.3726794421672821,0.7838221788406372,0.42558908462524414,0.6383916735649109,0.32631075382232666,0.5909753441810608,0.4023662209510803,0.8610888719558716,0.4584611654281616,0.5763338208198547,0.4733489751815796,0.6515405178070068,0.49782150983810425,0.591276228427887,0.48644113540649414,0.6539249420166016,0.6304442286491394,0.5650908946990967,0.6064968109130859,0.662065327167511,0.7657333612442017,0.5295817852020264,0.7065777778625488
213,0.7368383407592773,0.3023172616958618,0.7423099875450134,0.37527018785476685,0.7870017886161804,0.42333918809890747,0.6395663022994995,0.32729023694992065,0.5908818244934082,0.40480899810791016,0.8615857362747192,0.45740413665771484,0.5716893076896667,0.4710407257080078,0.6511940956115723,0.5003761053085327,0.5917477607727051,0.4888518452644348,0.6574773788452148,0.637859046459198,0.5627340078353882,0.6151914596557617,0.660423994064331,0.7672303915023804,0.5265271663665771,0.7116397619247437
214,0.7375375032424927,0.2980051636695862,0.7465180158615112,0.37399861216545105,0.8019799590110779,0.4363773763179779,0.6449029445648193,0.32598865032196045,0.5907915830612183,0.4030923545360565,0.867498517036438,0.463550329208374,0.5769921541213989,0.47253653407096863,0.6570960879325867,0.5065276026725769,0.5940598249435425,0.4931792914867401,0.6670960783958435,0.6424422860145569,0.562853991985321,0.6151514053344727,0.6593410968780518,0.767485499382019,0.5302910804748535,0.7140164375305176
215,0.744616687297821,0.30235204100608826,0.7483886480331421,0.37286651134490967,0.8046600222587585,0.43425440788269043,0.6443193554878235,0.326598584651947,0.592158317565918,0.4054241180419922,0.8605057001113892,0.4616814851760864,0.5733738541603088,0.47565335035324097,0.655408501625061,0.5100792050361633,0.5928688049316406,0.49717116355895996,0.6651148200035095,0.6529542803764343,0.5649449825286865,0.62311851978302,0.6586098670959473,0.7615681886672974,0.5314393639564514,0.7173783779144287
216,0.7522737979888916,0.2987542450428009,0.7464046478271484,0.37081071734428406,0.799352765083313,0.43397146463394165,0.6508768200874329,0.3268365263938904,0.6062073707580566,0.4076138734817505,0.8805686235427856,0.4604564905166626,0.5789937973022461,0.479196161031723,0.6636679172515869,0.5091654658317566,0.6043663024902344,0.4972514808177948,0.6694424152374268,0.6596326231956482,0.5698063373565674,0.6221174001693726,0.6601139903068542,0.7752591371536255,0.5334998369216919,0.7165526151657104
217,0.7480925917625427,0.29839831590652466,0.7518174648284912,0.3748835027217865,0.7895365953445435,0.44515642523765564,0.6462709903717041,0.32628703117370605,0.5983856916427612,0.40399181842803955,0.8590946197509766,0.4754125475883484,0.5812637209892273,0.47666165232658386,0.6599987745285034,0.5121172666549683,0.5961448550224304,0.4987045228481293,0.6461565494537354,0.6633749008178711,0.566636860370636,0.6319444179534912,0.6586402654647827,0.7696834802627563,0.5362954139709473,0.7340123057365417
218,0.7465927600860596,0.2970288395881653,0.7526388168334961,0.3755689561367035,0.770641565322876,0.4565056264400482,0.6467775702476501,0.3258028030395508,0.6066511273384094,0.4113866686820984,0.8360960483551025,0.4797155261039734,0.5770902633666992,0.4789679944515228,0.6691398024559021,0.5151140689849854,0.6043719053268433,0.5049343109130859,0.6582207679748535,0.6786531209945679,0.5774513483047485,0.6496225595474243,0.657744824886322,0.7598369121551514,0.5424762964248657,0.7420417666435242
219,0.7448036670684814,0.29413896799087524,0.7469004392623901,0.3657093942165375,0.7513248920440674,0.45197877287864685,0.650002121925354,0.32256001234054565,0.6108028888702393,0.41783541440963745,0.802207350730896,0.4941219687461853,0.5765921473503113,0.48497462272644043,0.6845850348472595,0.5118741989135742,0.6167423725128174,0.503117024898529,0.670587420463562,0.6678423285484314,0.5830597877502441,0.6494432091712952,0.6587520241737366,0.7653059959411621,0.5537616014480591,0.750984787940979
220,0.7378329038619995,0.2932963967323303,0.7424025535583496,0.36821264028549194,0.7315685749053955,0.46140873432159424,0.64458167552948,0.3248567581176758,0.6107590198516846,0.42084378004074097,0.7862364053726196,0.520209550857544,0.5767369270324707,0.48549318313598633,0.6814410090446472,0.5186684727668762,0.6134531497955322,0.5105646848678589,0.66693115234375,0.6775906085968018,0.5801533460617065,0.656375527381897,0.6591826677322388,0.7636235952377319,0.557560920715332,0.7525888681411743
221,0.7391600012779236,0.2938538193702698,0.7410096526145935,0.3672355115413666,0.7233049273490906,0.4570957124233246,0.6436122059822083,0.32362520694732666,0.6101191639900208,0.4214528501033783,0.7598663568496704,0.5178881287574768,0.5798119306564331,0.48660409450531006,0.6796751022338867,0.5159631967544556,0.6162639260292053,0.5092832446098328,0.6683875322341919,0.6635714173316956,0.586859941482544,0.6505728960037231,0.6594183444976807,0.7637429237365723,0.563775897026062,0.7559047937393188
222,0.7371474504470825,0.2874486744403839,0.7416731119155884,0.3650195300579071,0.7182711958885193,0.45814836025238037,0.6425037980079651,0.31561049818992615,0.610556960105896,0.40818464756011963,0.7292851209640503,0.5186247229576111,0.5838454961776733,0.48155152797698975,0.67911696434021,0.5164952278137207,0.6163957715034485,0.5053767561912537,0.6697031855583191,0.6527456641197205,0.601745069026947,0.6466710567474365,0.6416122913360596,0.7728121280670166,0.5792484283447266,0.7565525770187378
223,0.740261971950531,0.2857104241847992,0.7432302832603455,0.3620721697807312,0.7133429050445557,0.4604516923427582,0.643517017364502,0.31640729308128357,0.6108429431915283,0.40821120142936707,0.7295440435409546,0.5005059242248535,0.5887327194213867,0.4730534255504608,0.6820284724235535,0.5147703886032104,0.618800938129425,0.504520833492279,0.6731357574462891,0.6600786447525024,0.609052836894989,0.6446583271026611,0.6485044956207275,0.7699417471885681,0.5939364433288574,0.7550145983695984
224,0.7352194786071777,0.28616058826446533,0.7424089312553406,0.3612264394760132,0.7030127048492432,0.45771607756614685,0.6444363594055176,0.3196448087692261,0.6118614673614502,0.41189467906951904,0.7162209749221802,0.5018040537834167,0.5926093459129333,0.46441563963890076,0.6815173625946045,0.518133282661438,0.6178047060966492,0.5086759924888611,0.6737727522850037,0.6608693599700928,0.6138970851898193,0.6461034417152405,0.6576715707778931,0.7698456645011902,0.6030359268188477,0.7579571008682251
225,0.7344517111778259,0.2866172790527344,0.7416855692863464,0.36115628480911255,0.7080320715904236,0.45654600858688354,0.6399078965187073,0.3209723234176636,0.6103774905204773,0.41257473826408386,0.7177553176879883,0.5164780616760254,0.5860421657562256,0.4820886254310608,0.6826024055480957,0.5183885097503662,0.6234675049781799,0.509183943271637,0.6799856424331665,0.6631026864051819,0.6255851984024048,0.6522451639175415,0.6659984588623047,0.7742208242416382,0.6145926713943481,0.7708866000175476
