FrameNo,head_x,head_y,left_shoulder_x,left_shoulder_y,left_elbow_x,left_elbow_y,right_shoulder_x,right_shoulder_y,right_elbow_x,right_elbow_y,left_hand_x,left_hand_y,right_hand_x,right_hand_y,left_hip_x,left_hip_y,right_hip_x,right_hip_y,left_knee_x,left_knee_y,right_knee_x,right_knee_y,left_foot_x,left_foot_y,right_foot_x,right_foot_y
0,0.5535812973976135,0.32195305824279785,0.5790135264396667,0.36207517981529236,0.5993048548698425,0.4182266891002655,0.515625,0.36199939250946045,0.5063891410827637,0.41275447607040405,0.5882192850112915,0.4066930413246155,0.5005228519439697,0.45703253149986267,0.5813591480255127,0.48599979281425476,0.5306090712547302,0.485301673412323,0.5794246792793274,0.5651285648345947,0.5383163690567017,0.5703713893890381,0.5731196403503418,0.6388878226280212,0.5458825826644897,0.6436361074447632
1,0.5544065237045288,0.32177573442459106,0.5797964334487915,0.3598676919937134,0.5988181829452515,0.416147917509079,0.5158387422561646,0.3611786961555481,0.5067426562309265,0.41060107946395874,0.5871348977088928,0.40515825152397156,0.5025210380554199,0.4580700397491455,0.5814602375030518,0.4837474226951599,0.5311875343322754,0.483348548412323,0.5817915201187134,0.5615836381912231,0.5373866558074951,0.5678980946540833,0.572167158126831,0.6370924711227417,0.5459578037261963,0.6414453983306885
2,0.5530792474746704,0.3216564953327179,0.5801135301589966,0.3590286672115326,0.5991508364677429,0.4146575927734375,0.5172990560531616,0.361238956451416,0.5060802102088928,0.409058153629303,0.5869665145874023,0.4039493799209595,0.5006825923919678,0.4554189145565033,0.5824338793754578,0.48426538705825806,0.5312403440475464,0.48362940549850464,0.5795871019363403,0.5644243955612183,0.5375144481658936,0.5694559812545776,0.5724202990531921,0.6404619812965393,0.5456956624984741,0.6438199281692505
3,0.5533881783485413,0.3209037780761719,0.5800182819366455,0.35949480533599854,0.5989884734153748,0.41403281688690186,0.5171260833740234,0.36154624819755554,0.5048316717147827,0.41128748655319214,0.5866503715515137,0.4018676280975342,0.5010744333267212,0.45592200756073,0.5812950134277344,0.4836525619029999,0.5303810834884644,0.48317140340805054,0.5792580246925354,0.5618232488632202,0.5367385149002075,0.5668185353279114,0.5725910067558289,0.6385077238082886,0.545074462890625,0.6417137384414673
4,0.5518486499786377,0.3212740123271942,0.5799052119255066,0.3591625690460205,0.5983258485794067,0.4155779778957367,0.5163009762763977,0.3612098693847656,0.5040369033813477,0.41201838850975037,0.5859850645065308,0.403602659702301,0.5003910660743713,0.45749223232269287,0.5811222791671753,0.4837513864040375,0.5307116508483887,0.4833138585090637,0.5794577598571777,0.5616632103919983,0.53652423620224,0.5665889978408813,0.5724080801010132,0.638695240020752,0.5442345142364502,0.6420956254005432
5,0.551949143409729,0.3210045099258423,0.5796532034873962,0.35931384563446045,0.597955584526062,0.41631680727005005,0.51569664478302,0.36095595359802246,0.5039077401161194,0.41225466132164,0.5858771800994873,0.4040733277797699,0.4999094605445862,0.45747196674346924,0.580938994884491,0.48400184512138367,0.5308300852775574,0.48358988761901855,0.5797885060310364,0.5619896650314331,0.5364924669265747,0.5667297840118408,0.5730634927749634,0.6386783719062805,0.5444802641868591,0.6421617269515991
6,0.5521944761276245,0.3213088810443878,0.5797206163406372,0.3596292734146118,0.5980001091957092,0.41637682914733887,0.5162675380706787,0.36171287298202515,0.5046401619911194,0.4134142994880676,0.5858888030052185,0.4047822952270508,0.5003290772438049,0.4577871561050415,0.5811987519264221,0.4841230809688568,0.5309777855873108,0.48352760076522827,0.5788969993591309,0.5622572898864746,0.5365735292434692,0.5663610696792603,0.5724912285804749,0.6389350295066833,0.5445419549942017,0.6420655250549316
7,0.5521005392074585,0.3214077353477478,0.5795614719390869,0.35946589708328247,0.5977052450180054,0.4159923493862152,0.5162551403045654,0.36179226636886597,0.5044601559638977,0.4133087992668152,0.5854932069778442,0.4053471088409424,0.5004787445068359,0.4588660001754761,0.5812374353408813,0.4842626750469208,0.5312693119049072,0.4837571978569031,0.5785212516784668,0.5618530511856079,0.5366098880767822,0.566679060459137,0.5722033977508545,0.6387050747871399,0.5447618365287781,0.6420869827270508
8,0.5516215562820435,0.32182514667510986,0.5792974829673767,0.3600922226905823,0.5975669026374817,0.41631457209587097,0.5162689089775085,0.3624420166015625,0.5043980479240417,0.4141288995742798,0.5852298736572266,0.4047555923461914,0.5004372596740723,0.45872053503990173,0.5808783769607544,0.48457130789756775,0.5313231945037842,0.48412036895751953,0.5780271291732788,0.561779260635376,0.5366415977478027,0.5667096376419067,0.572020411491394,0.6386535167694092,0.544852614402771,0.642149806022644
9,0.5508844256401062,0.321941077709198,0.579180896282196,0.36094802618026733,0.597335934638977,0.41630351543426514,0.5161980390548706,0.36313366889953613,0.5044765472412109,0.4143245816230774,0.5844954252243042,0.4041893482208252,0.5002784132957458,0.45853981375694275,0.5802023410797119,0.484585165977478,0.5310137271881104,0.48432546854019165,0.5774084329605103,0.5614902973175049,0.5363826751708984,0.5665504336357117,0.572206437587738,0.638733983039856,0.5446701049804688,0.6423592567443848
10,0.5496691465377808,0.3219259977340698,0.5789656043052673,0.36060190200805664,0.5972561240196228,0.4159749448299408,0.5158587694168091,0.3631230592727661,0.5043679475784302,0.4148556888103485,0.5843832492828369,0.4041520059108734,0.4998908042907715,0.4586309790611267,0.5800576210021973,0.48436492681503296,0.530846357345581,0.4843003749847412,0.5766370892524719,0.5611057281494141,0.5361233949661255,0.566335141658783,0.5723236799240112,0.6411964297294617,0.5445787906646729,0.6423037052154541
11,0.5496283769607544,0.32166293263435364,0.5788419246673584,0.359718918800354,0.5975995063781738,0.41539081931114197,0.5156665444374084,0.36248236894607544,0.5040600299835205,0.4142940938472748,0.5851125717163086,0.40445956587791443,0.4998856484889984,0.4589259624481201,0.5801947116851807,0.48404356837272644,0.5307684540748596,0.4838836193084717,0.5766875743865967,0.5610606670379639,0.5362201929092407,0.5665584802627563,0.5721017718315125,0.6413048505783081,0.5445669889450073,0.6423843502998352
12,0.5517624616622925,0.32296085357666016,0.5771102905273438,0.3662358522415161,0.5953385829925537,0.41708749532699585,0.5165282487869263,0.3664343059062958,0.5073931217193604,0.4141249656677246,0.5855312347412109,0.40468472242355347,0.5017135143280029,0.4568340480327606,0.5726595520973206,0.4808281362056732,0.5268979072570801,0.48142093420028687,0.5709600448608398,0.5593773126602173,0.5296883583068848,0.5633029937744141,0.5738295316696167,0.6397161483764648,0.5431737899780273,0.643997848033905
13,0.5517880916595459,0.32288748025894165,0.5776534080505371,0.366815984249115,0.595866322517395,0.41632282733917236,0.5154341459274292,0.36686569452285767,0.5070125460624695,0.41368648409843445,0.5863300561904907,0.40498530864715576,0.5014317035675049,0.455538272857666,0.5731309056282043,0.48113906383514404,0.5261914730072021,0.4817080497741699,0.5709201097488403,0.5582847595214844,0.5288070440292358,0.5627470016479492,0.5733226537704468,0.6392260789871216,0.542486310005188,0.6439020037651062
14,0.5524427890777588,0.3231886625289917,0.5778384208679199,0.3660401701927185,0.596869945526123,0.4150162935256958,0.5157175064086914,0.3659476041793823,0.5065132975578308,0.41096219420433044,0.5873101353645325,0.4070070683956146,0.5024513006210327,0.4544941782951355,0.5748360753059387,0.48114272952079773,0.5265905857086182,0.48144420981407166,0.5730578899383545,0.5587867498397827,0.5299136638641357,0.5636537075042725,0.5733289122581482,0.6394010782241821,0.5435328483581543,0.6433160901069641
15,0.5525595545768738,0.3232952356338501,0.578199565410614,0.3664678931236267,0.5970629453659058,0.41584980487823486,0.5164587497711182,0.3665385842323303,0.5072283148765564,0.4111092984676361,0.5876308679580688,0.4077444076538086,0.5027093291282654,0.4553997218608856,0.5757403373718262,0.4825983941555023,0.5268474221229553,0.4826999604701996,0.5740870833396912,0.558312177658081,0.5300580263137817,0.5644285678863525,0.5737448334693909,0.6395777463912964,0.5438352227210999,0.6432830095291138
16,0.5521916747093201,0.3229578137397766,0.5778377056121826,0.36615240573883057,0.5969955325126648,0.4160730540752411,0.5157086849212646,0.36579376459121704,0.5064821839332581,0.41114741563796997,0.5876750946044922,0.40699219703674316,0.5028579235076904,0.45558640360832214,0.5757558345794678,0.48262786865234375,0.5265104174613953,0.48277223110198975,0.5741709470748901,0.5585172176361084,0.530329167842865,0.5646255016326904,0.5739773511886597,0.6393593549728394,0.5405057668685913,0.642585277557373
17,0.5515326261520386,0.32276296615600586,0.5777894258499146,0.36604344844818115,0.5971519947052002,0.4158579707145691,0.515267550945282,0.36561018228530884,0.5063118934631348,0.4108221232891083,0.587673544883728,0.4070366322994232,0.5025873184204102,0.45554494857788086,0.5755922794342041,0.4822924733161926,0.5262229442596436,0.48250460624694824,0.5738998651504517,0.5582519769668579,0.5297524333000183,0.5642960071563721,0.5738597512245178,0.639457643032074,0.5403508543968201,0.642578125
18,0.5516983270645142,0.3229815661907196,0.5776880383491516,0.366640567779541,0.5970743894577026,0.41702625155448914,0.5153002738952637,0.36602091789245605,0.5062795281410217,0.4119531512260437,0.5878974199295044,0.40755748748779297,0.5025680065155029,0.4558826684951782,0.5755847692489624,0.4829617440700531,0.5260909795761108,0.4830112159252167,0.5742802619934082,0.5583012104034424,0.529792070388794,0.5643182396888733,0.5739706754684448,0.6392280459403992,0.5404092073440552,0.6424436569213867
19,0.5519137382507324,0.32278501987457275,0.5776556730270386,0.3665982186794281,0.5972672700881958,0.41710370779037476,0.5154261589050293,0.3661322593688965,0.5062323212623596,0.41198116540908813,0.5880800485610962,0.4078090190887451,0.50236576795578,0.4558170735836029,0.5755499601364136,0.4827927350997925,0.5261362195014954,0.4828532338142395,0.5743513107299805,0.5581766963005066,0.5297086238861084,0.564254641532898,0.5739772319793701,0.6391549110412598,0.5403295159339905,0.6424607634544373
20,0.5515466332435608,0.32277628779411316,0.5774741172790527,0.36653637886047363,0.5972107648849487,0.4169774055480957,0.5154253244400024,0.3660596013069153,0.5060392618179321,0.41190212965011597,0.5878938436508179,0.40773648023605347,0.5021505355834961,0.45554929971694946,0.5751827359199524,0.4825791120529175,0.5258973240852356,0.4826274812221527,0.5743037462234497,0.5577794313430786,0.5293764472007751,0.5638926029205322,0.5739477276802063,0.6390602588653564,0.5403012037277222,0.6423632502555847
21,0.5516073703765869,0.32301998138427734,0.5773531198501587,0.36670494079589844,0.5973056554794312,0.41713958978652954,0.5153124332427979,0.3661673665046692,0.5062157511711121,0.41223081946372986,0.5877089500427246,0.4072796106338501,0.5024760365486145,0.4556118845939636,0.5759637951850891,0.48323845863342285,0.5264202356338501,0.48319312930107117,0.5747122168540955,0.5583493709564209,0.5302228927612305,0.564315676689148,0.5743184685707092,0.6391780376434326,0.540627121925354,0.6422005295753479
22,0.551608681678772,0.32308948040008545,0.5772603750228882,0.36678409576416016,0.5970600247383118,0.4172528386116028,0.5155090689659119,0.36616063117980957,0.506351888179779,0.41225457191467285,0.5875945687294006,0.4075896739959717,0.5024237632751465,0.4553779363632202,0.5758906602859497,0.4833085536956787,0.5264807343482971,0.48328325152397156,0.5746933221817017,0.5582360625267029,0.530185878276825,0.5642308592796326,0.5743188858032227,0.6390650272369385,0.5406609177589417,0.6422053575515747
23,0.5515671968460083,0.3229583203792572,0.5771751403808594,0.3664507269859314,0.5968565940856934,0.4168791174888611,0.5153963565826416,0.36573684215545654,0.5063714981079102,0.4118913412094116,0.5875345468521118,0.40760648250579834,0.5024285316467285,0.4554273784160614,0.5756716132164001,0.48315298557281494,0.5263305306434631,0.4832117557525635,0.574609100818634,0.5584475994110107,0.5300657749176025,0.5643123984336853,0.5742852091789246,0.6389697790145874,0.5407125949859619,0.6420833468437195
24,0.5522804856300354,0.3238261342048645,0.5797326564788818,0.364451140165329,0.5994672179222107,0.4171768128871918,0.516883373260498,0.36734873056411743,0.5104273557662964,0.4131443202495575,0.5877240300178528,0.40584510564804077,0.5051285028457642,0.4623897969722748,0.5800948143005371,0.48501157760620117,0.5300581455230713,0.4852614402770996,0.5807305574417114,0.5580499768257141,0.5367474555969238,0.5643401145935059,0.5746133327484131,0.639351487159729,0.5433400869369507,0.641878604888916
25,0.5524158477783203,0.3245288133621216,0.5801445245742798,0.3658748269081116,0.599147617816925,0.4199731945991516,0.5157892107963562,0.36869800090789795,0.5094927549362183,0.4169575870037079,0.5874483585357666,0.4083692729473114,0.502607524394989,0.46108895540237427,0.5800060629844666,0.486747145652771,0.5285754203796387,0.4864168167114258,0.5799728631973267,0.5583097338676453,0.5352490544319153,0.5652791857719421,0.5738077163696289,0.6402382254600525,0.5422405004501343,0.6422892212867737
26,0.5525050759315491,0.3237006664276123,0.5802285671234131,0.3651163578033447,0.5994158983230591,0.4183138310909271,0.5157212018966675,0.3674221634864807,0.5088781714439392,0.41522812843322754,0.5875869989395142,0.4084746241569519,0.5021643042564392,0.4608790874481201,0.5798919796943665,0.485989511013031,0.5283477306365967,0.4856777787208557,0.5802566409111023,0.5580509305000305,0.5352291464805603,0.5647428035736084,0.5736399292945862,0.6392548680305481,0.5427745580673218,0.6417020559310913
27,0.552577555179596,0.3231131136417389,0.5801931023597717,0.3637004792690277,0.5996502041816711,0.41722390055656433,0.5155024528503418,0.3654596209526062,0.5086730718612671,0.4141985774040222,0.5877242088317871,0.4088248014450073,0.5033783912658691,0.46220862865448,0.5801033973693848,0.48575636744499207,0.5282089710235596,0.48538339138031006,0.5829980373382568,0.5580364465713501,0.53593909740448,0.5644794702529907,0.5742193460464478,0.6387742757797241,0.5432287454605103,0.6412891149520874
28,0.552446722984314,0.32321712374687195,0.5804126262664795,0.363228976726532,0.599236249923706,0.4174937605857849,0.5157012939453125,0.36555808782577515,0.5081068277359009,0.41428428888320923,0.586875319480896,0.40774184465408325,0.5021776556968689,0.4613931179046631,0.5796298980712891,0.4852539896965027,0.5280075073242188,0.4852876663208008,0.580683171749115,0.5577467083930969,0.5354499220848083,0.5639259815216064,0.5740686655044556,0.6388399004936218,0.5431718826293945,0.6413751840591431
29,0.5520289540290833,0.322742760181427,0.5809540152549744,0.36255061626434326,0.6000745892524719,0.41622528433799744,0.5161502957344055,0.3651529550552368,0.5076981782913208,0.4131239652633667,0.5869022607803345,0.4076310992240906,0.5015532970428467,0.4606723189353943,0.5803795456886292,0.4847809076309204,0.5280337929725647,0.4848270118236542,0.580754280090332,0.5572137832641602,0.5352124571800232,0.5639946460723877,0.5739948749542236,0.6386369466781616,0.5434433221817017,0.641410231590271
30,0.5528701543807983,0.3218236565589905,0.5806050896644592,0.36139464378356934,0.6003196239471436,0.41690921783447266,0.5156826972961426,0.36478865146636963,0.5071610808372498,0.4163128137588501,0.5885699391365051,0.40949976444244385,0.49912697076797485,0.4588194489479065,0.5802028179168701,0.48431074619293213,0.5277500152587891,0.4843137264251709,0.5827930569648743,0.556968629360199,0.5362541079521179,0.5644208788871765,0.5736175775527954,0.6373882293701172,0.5443071126937866,0.640539288520813
31,0.5512949824333191,0.3211771249771118,0.5806138515472412,0.35943126678466797,0.6000723242759705,0.4165460765361786,0.5152218341827393,0.3632052540779114,0.5061419010162354,0.41484612226486206,0.5878676176071167,0.4056435227394104,0.49432170391082764,0.455636590719223,0.5807976126670837,0.48344284296035767,0.5277834534645081,0.4834286868572235,0.5831876397132874,0.5571731328964233,0.5372865200042725,0.5645498037338257,0.5729557275772095,0.6371508240699768,0.5441611409187317,0.6403145790100098
32,0.5515612363815308,0.3204749524593353,0.5801154971122742,0.3601077198982239,0.6004567742347717,0.41585028171539307,0.5145268440246582,0.36459195613861084,0.5043197870254517,0.414436399936676,0.5891197919845581,0.40756756067276,0.49315696954727173,0.4568801522254944,0.5792221426963806,0.4833018481731415,0.5271732211112976,0.4834620952606201,0.5818042159080505,0.558280885219574,0.5356038212776184,0.5664560794830322,0.572065532207489,0.637279748916626,0.5441040992736816,0.6410892605781555
33,0.5513986945152283,0.3205755054950714,0.5797954797744751,0.3624182343482971,0.6000016927719116,0.4181540608406067,0.5135846734046936,0.36671897768974304,0.5033864974975586,0.41722676157951355,0.5912436246871948,0.4051676392555237,0.4891590476036072,0.458237886428833,0.5772964954376221,0.48317059874534607,0.5260292887687683,0.48334425687789917,0.5797539949417114,0.5559903383255005,0.5348779559135437,0.5652114748954773,0.5720516443252563,0.638648509979248,0.544129490852356,0.6418654918670654
34,0.5510447025299072,0.3210623264312744,0.5796592831611633,0.36167582869529724,0.59971022605896,0.41774117946624756,0.5129554867744446,0.36721667647361755,0.5035065412521362,0.41634151339530945,0.5902648568153381,0.4070630967617035,0.48643383383750916,0.4584575891494751,0.5772545337677002,0.48393744230270386,0.5259250998497009,0.48405128717422485,0.5794485211372375,0.5572388768196106,0.5350855588912964,0.5674609541893005,0.571891188621521,0.6388843059539795,0.5444741249084473,0.6426252126693726
35,0.5489537119865417,0.31980931758880615,0.5798153877258301,0.36051738262176514,0.6009753942489624,0.41350874304771423,0.5111503005027771,0.36487090587615967,0.50303053855896,0.41493186354637146,0.5898053050041199,0.40029987692832947,0.4865618944168091,0.45349204540252686,0.5775814652442932,0.48254019021987915,0.524960994720459,0.48329731822013855,0.579269528388977,0.5575223565101624,0.5344637632369995,0.5676280856132507,0.5733880996704102,0.640522837638855,0.5431923270225525,0.6433064937591553
36,0.5479310750961304,0.3205658793449402,0.5772479772567749,0.3596261441707611,0.5990959405899048,0.4090607166290283,0.5101370811462402,0.3638795018196106,0.5011807680130005,0.41346475481987,0.5956520438194275,0.3796190917491913,0.49522727727890015,0.46043646335601807,0.5732909440994263,0.48213261365890503,0.5223283767700195,0.4833946228027344,0.57445228099823,0.5597639083862305,0.5296555161476135,0.5667594075202942,0.5727133750915527,0.6413370966911316,0.5432676076889038,0.6434227228164673
37,0.5469951629638672,0.31841617822647095,0.5772498846054077,0.35867637395858765,0.5971037745475769,0.40668854117393494,0.5107465982437134,0.36222705245018005,0.49822741746902466,0.4071342349052429,0.5912372469902039,0.3947203755378723,0.48957955837249756,0.4521639049053192,0.5724532604217529,0.47996872663497925,0.520298182964325,0.48040324449539185,0.5719439387321472,0.5577393770217896,0.5253391265869141,0.563521683216095,0.5700685381889343,0.6400814056396484,0.5420136451721191,0.6421961188316345
38,0.5458884835243225,0.31898006796836853,0.5760561227798462,0.36134403944015503,0.5975246429443359,0.411612868309021,0.5100617408752441,0.36158323287963867,0.4959835410118103,0.4112062156200409,0.5955185294151306,0.37904030084609985,0.4881914556026459,0.4329656958580017,0.5716549754142761,0.48063480854034424,0.517865777015686,0.4806656539440155,0.5720025300979614,0.5581634044647217,0.5219594240188599,0.5639592409133911,0.5718632936477661,0.641000509262085,0.5397207140922546,0.6415969729423523
39,0.5449080467224121,0.31846222281455994,0.5786027908325195,0.3585432767868042,0.598935604095459,0.4067266583442688,0.5080816745758057,0.3593524694442749,0.49400877952575684,0.40553411841392517,0.5943877696990967,0.3755854070186615,0.4860144555568695,0.4223598837852478,0.5716562867164612,0.4797869920730591,0.5166242122650146,0.47986626625061035,0.5704143047332764,0.558510959148407,0.5202192068099976,0.564893901348114,0.5714144110679626,0.6429506540298462,0.5386960506439209,0.6432193517684937
40,0.5437353849411011,0.3174592852592468,0.5794403553009033,0.35626494884490967,0.6015721559524536,0.40652570128440857,0.5093407034873962,0.3558509349822998,0.4898326098918915,0.405924916267395,0.5966446995735168,0.3760427236557007,0.48224708437919617,0.41195976734161377,0.574751615524292,0.47838354110717773,0.5180344581604004,0.4772319793701172,0.5739280581474304,0.5574297904968262,0.520402729511261,0.5627007484436035,0.5732071399688721,0.6410825252532959,0.5385551452636719,0.6409558057785034
41,0.5427576303482056,0.31602412462234497,0.5823587775230408,0.3540998101234436,0.6024203300476074,0.3973504304885864,0.5104740858078003,0.3539627194404602,0.49333852529525757,0.3994748294353485,0.5948344469070435,0.36061081290245056,0.49645254015922546,0.39054831862449646,0.5762690305709839,0.47745344042778015,0.5171245336532593,0.4763025939464569,0.577608585357666,0.5547601580619812,0.5235413908958435,0.5627938508987427,0.5761871933937073,0.6430784463882446,0.5359883308410645,0.6456135511398315
42,0.5423872470855713,0.3164074122905731,0.5859277248382568,0.35528749227523804,0.6055843830108643,0.3934711217880249,0.5097330808639526,0.3511523902416229,0.48483312129974365,0.38930124044418335,0.5879790186882019,0.352543443441391,0.49442434310913086,0.3765556514263153,0.577800989151001,0.4785541892051697,0.5173846483230591,0.47706514596939087,0.576930046081543,0.5563164949417114,0.5244510173797607,0.5650820732116699,0.5756509304046631,0.6413763761520386,0.536896824836731,0.6459639668464661
43,0.5424739122390747,0.31911957263946533,0.5871323943138123,0.35854238271713257,0.6109426617622375,0.38788697123527527,0.5128042697906494,0.35352465510368347,0.48313936591148376,0.37903064489364624,0.5913753509521484,0.34283775091171265,0.4954284131526947,0.36466890573501587,0.5804063081741333,0.48060154914855957,0.5223429203033447,0.479205459356308,0.5775020122528076,0.5565296411514282,0.530367374420166,0.5651693344116211,0.5753096342086792,0.6427445411682129,0.5390505790710449,0.6473376154899597
44,0.5564113855361938,0.3295856714248657,0.5876880884170532,0.3632485866546631,0.6079241037368774,0.3842085003852844,0.5196020603179932,0.3601759374141693,0.4893697202205658,0.37641340494155884,0.5881580710411072,0.3369392156600952,0.4992501139640808,0.35327422618865967,0.5791791677474976,0.4803884029388428,0.5295578241348267,0.48048996925354004,0.5782573223114014,0.5573875904083252,0.5364807844161987,0.5609230995178223,0.5706850290298462,0.6391998529434204,0.5370957255363464,0.644015371799469
45,0.5627912282943726,0.33235853910446167,0.5723059773445129,0.3585449457168579,0.5636131763458252,0.36864030361175537,0.5659040212631226,0.3594225347042084,0.5817523002624512,0.37915778160095215,0.548844575881958,0.33814191818237305,0.5441232919692993,0.34002572298049927,0.5629038214683533,0.477089524269104,0.5524625778198242,0.4808107316493988,0.5613280534744263,0.560582160949707,0.5538990497589111,0.562468409538269,0.5569905042648315,0.6382056474685669,0.551449179649353,0.6376202702522278
46,0.5668133497238159,0.311039537191391,0.5994820594787598,0.329345703125,0.615976870059967,0.33562660217285156,0.5399341583251953,0.33127647638320923,0.4924736022949219,0.33965957164764404,0.6002628803253174,0.3329654335975647,0.5422162413597107,0.3407575786113739,0.58446204662323,0.38020163774490356,0.5288501977920532,0.4768465757369995,0.5426852107048035,0.48741650581359863,0.5262929797172546,0.4834737479686737,0.5411226749420166,0.6203281879425049,0.5302571058273315,0.5808259844779968
47,0.5639268159866333,0.31066519021987915,0.6022636890411377,0.3286292552947998,0.6132319569587708,0.3314371705055237,0.5470148324966431,0.3326960802078247,0.5453617572784424,0.3324885070323944,0.5999609231948853,0.335830420255661,0.5490058064460754,0.3402256369590759,0.5570273399353027,0.5024859309196472,0.5292041301727295,0.5011403560638428,0.525700032711029,0.4864966571331024,0.5172185897827148,0.48451465368270874,0.5349225401878357,0.6258121132850647,0.5281329154968262,0.6227835416793823
48,0.25527575612068176,0.6688241362571716,0.3109686076641083,0.6281796097755432,0.32400792837142944,0.5786480903625488,0.24862974882125854,0.632003128528595,0.3104109764099121,0.5746726989746094,0.31154540181159973,0.5542833805084229,0.3029977083206177,0.5527159571647644,0.371634304523468,0.48751598596572876,0.3212437033653259,0.5058659315109253,0.4986001253128052,0.3356286883354187,0.2926318347454071,0.3577636480331421,0.31529343128204346,0.3624143600463867,0.30726879835128784,0.36401671171188354
49,0.25756487250328064,0.6444168090820312,0.3106859028339386,0.6239175796508789,0.32344236969947815,0.5763910412788391,0.2507430613040924,0.6165438890457153,0.2963370978832245,0.548987090587616,0.3139325976371765,0.5573818683624268,0.30765578150749207,0.5298828482627869,0.35150307416915894,0.5297302603721619,0.3233226537704468,0.5281342267990112,0.5073917508125305,0.3450838327407837,0.29179877042770386,0.4010864496231079,0.31395018100738525,0.36202332377433777,0.30798205733299255,0.36273664236068726
50,0.25689932703971863,0.6260740160942078,0.3145364224910736,0.610146701335907,0.3246711492538452,0.5586229562759399,0.25075703859329224,0.616150438785553,0.2951740622520447,0.5427354574203491,0.3128177523612976,0.5591195821762085,0.30753567814826965,0.5323295593261719,0.36963552236557007,0.5446259379386902,0.3388406038284302,0.5478594303131104,0.3206009268760681,0.569236159324646,0.2934332489967346,0.44247621297836304,0.31149473786354065,0.36978626251220703,0.3147298991680145,0.5949497818946838
51,0.25739631056785583,0.5689548254013062,0.29474687576293945,0.5739238262176514,0.3197428584098816,0.5194920897483826,0.2752256393432617,0.5672216415405273,0.31490588188171387,0.5180894136428833,0.3133154809474945,0.5341634750366211,0.3094351887702942,0.5519044399261475,0.33491700887680054,0.567405104637146,0.3268812596797943,0.5676118731498718,0.3180074691772461,0.5818312168121338,0.2917889654636383,0.5674833059310913,0.3177224397659302,0.5771971344947815,0.3112046718597412,0.5602511763572693
52,0.5467941761016846,0.3133590519428253,0.5255087018013,0.5190291404724121,0.5381040573120117,0.4794139564037323,0.5388326644897461,0.3371415138244629,0.5106295347213745,0.34184199571609497,0.5141578316688538,0.4926428198814392,0.5298560261726379,0.3286169767379761,0.5491882562637329,0.5176235437393188,0.5066369771957397,0.5032315254211426,0.5202492475509644,0.5085145831108093,0.4747847020626068,0.5029155611991882,0.5331476330757141,0.6392862796783447,0.5231919288635254,0.6282836198806763
53,0.5437129735946655,0.3173677921295166,0.5059826970100403,0.5003690719604492,0.5243536233901978,0.4656326472759247,0.5416557192802429,0.3383484482765198,0.5089438557624817,0.34429430961608887,0.5430922508239746,0.31873926520347595,0.527789831161499,0.3184291124343872,0.5495902299880981,0.5214260220527649,0.52293860912323,0.5211044549942017,0.5228536128997803,0.5567513704299927,0.4989543557167053,0.5558805465698242,0.5376864671707153,0.6444982290267944,0.5256925821304321,0.627570390701294
54,0.5465977787971497,0.3234195113182068,0.5826930999755859,0.3404073417186737,0.5984680652618408,0.344881147146225,0.513863742351532,0.35158902406692505,0.49920201301574707,0.3440098762512207,0.5939235687255859,0.32558220624923706,0.46595102548599243,0.2611735463142395,0.566765546798706,0.4926946759223938,0.5187917947769165,0.49432122707366943,0.5727080702781677,0.5849667191505432,0.5355777740478516,0.5895657539367676,0.5434134006500244,0.6380239725112915,0.5373616814613342,0.6381146907806396
55,0.542719304561615,0.3194836378097534,0.5814403891563416,0.3381006121635437,0.6009789705276489,0.34037667512893677,0.5149327516555786,0.35104960203170776,0.497491717338562,0.34465309977531433,0.5579197406768799,0.32038819789886475,0.4664958715438843,0.2606002986431122,0.5676668882369995,0.49995097517967224,0.5174939036369324,0.49515384435653687,0.5588960647583008,0.5858403444290161,0.5322312116622925,0.602421760559082,0.5513057708740234,0.6384485960006714,0.539140522480011,0.6293799877166748
56,0.550622820854187,0.3204202950000763,0.5852298736572266,0.34877002239227295,0.6038955450057983,0.35023605823516846,0.5096767544746399,0.35176539421081543,0.49349626898765564,0.351735919713974,0.5558072328567505,0.31442829966545105,0.46301525831222534,0.2626737356185913,0.5737801790237427,0.4949505031108856,0.5215584635734558,0.5083799362182617,0.5979686379432678,0.5898385643959045,0.5337368249893188,0.6104400157928467,0.5575592517852783,0.6355787515640259,0.54301917552948,0.6284198760986328
57,0.5506030321121216,0.31812912225723267,0.5893734693527222,0.35049569606781006,0.6037051677703857,0.348134845495224,0.5073418021202087,0.3564295768737793,0.47436386346817017,0.3092561662197113,0.6347172260284424,0.26724815368652344,0.4639427661895752,0.2577410638332367,0.5701255798339844,0.50865638256073,0.5124839544296265,0.5156155824661255,0.5773985385894775,0.6188522577285767,0.5206734538078308,0.6236547231674194,0.5601621270179749,0.6350106000900269,0.5371711850166321,0.6292707920074463
58,0.5430333614349365,0.3213828206062317,0.5824782252311707,0.34463387727737427,0.6005268096923828,0.34367573261260986,0.5060930252075195,0.3577955961227417,0.4954007863998413,0.3451477289199829,0.5862138271331787,0.32360514998435974,0.47261783480644226,0.2620081901550293,0.553095817565918,0.5150941014289856,0.5039709806442261,0.5229361057281494,0.5524841547012329,0.6101449728012085,0.5041224360466003,0.621356725692749,0.5563985705375671,0.6318925619125366,0.5247646570205688,0.6239619851112366
59,0.5484616756439209,0.31343257427215576,0.5810725688934326,0.35012882947921753,0.6031177639961243,0.35334670543670654,0.5067409873008728,0.35194429755210876,0.48230040073394775,0.3248814344406128,0.6273373365402222,0.25872451066970825,0.46776866912841797,0.252608984708786,0.5677245855331421,0.5031177401542664,0.5147800445556641,0.5112689733505249,0.5866796970367432,0.5890917778015137,0.5307701826095581,0.5986992120742798,0.5600202679634094,0.6320177912712097,0.5436906814575195,0.625417172908783
60,0.5455218553543091,0.32137513160705566,0.5795958042144775,0.35215967893600464,0.584331750869751,0.3476671874523163,0.5097380876541138,0.3556708097457886,0.48229360580444336,0.3183533549308777,0.5638458132743835,0.29802587628364563,0.4712151288986206,0.2561633288860321,0.5690462589263916,0.5077108144760132,0.5184320211410522,0.5162199139595032,0.5856104493141174,0.6041216850280762,0.5360085964202881,0.61286461353302,0.5679638981819153,0.6297160983085632,0.5437257289886475,0.6261850595474243
61,0.5456918478012085,0.3172072768211365,0.5784875154495239,0.35244259238243103,0.587276041507721,0.3507622182369232,0.5079354047775269,0.35334450006484985,0.4856133460998535,0.3236706852912903,0.616590678691864,0.26163870096206665,0.4724167585372925,0.2563854157924652,0.5712953209877014,0.5043323636054993,0.5207377672195435,0.5128695964813232,0.5983295440673828,0.5821781158447266,0.5360456705093384,0.6062393188476562,0.5651892423629761,0.6326316595077515,0.5427594184875488,0.6302343606948853
62,0.5470829010009766,0.3182225227355957,0.586349606513977,0.3584510087966919,0.5864869952201843,0.3487429618835449,0.5098888874053955,0.3546845316886902,0.48432499170303345,0.3208751380443573,0.6158778667449951,0.26029229164123535,0.4722467362880707,0.25570330023765564,0.5703835487365723,0.5041840076446533,0.5213568210601807,0.5118310451507568,0.5968316793441772,0.5817470550537109,0.5440918207168579,0.5937216281890869,0.5643826723098755,0.6325843930244446,0.5465652942657471,0.6276817321777344
63,0.5490419864654541,0.3196755349636078,0.5857670307159424,0.36099177598953247,0.585295557975769,0.3454827070236206,0.5152430534362793,0.3545472025871277,0.49058079719543457,0.3259445130825043,0.6109163761138916,0.26673567295074463,0.47214144468307495,0.25696712732315063,0.5671700239181519,0.4982532262802124,0.5227985382080078,0.5059369802474976,0.5930907726287842,0.5751177072525024,0.5447507500648499,0.5948383808135986,0.5973179340362549,0.6383512616157532,0.543135404586792,0.6349204778671265
64,0.5445258021354675,0.32150739431381226,0.5836687088012695,0.36015447974205017,0.5855811834335327,0.34957215189933777,0.5075873732566833,0.3567282557487488,0.49001801013946533,0.3245581388473511,0.597837507724762,0.2849425673484802,0.47637924551963806,0.26080527901649475,0.5640536546707153,0.5038147568702698,0.5182018280029297,0.5129832029342651,0.5817543268203735,0.5912997126579285,0.5371441841125488,0.6081032752990723,0.5665104389190674,0.6322979927062988,0.5448250770568848,0.6285960674285889
65,0.5454267859458923,0.32217949628829956,0.5784068703651428,0.3541836142539978,0.5828902721405029,0.34987378120422363,0.5084176659584045,0.3569234609603882,0.4921751022338867,0.328432559967041,0.5629581809043884,0.3012886047363281,0.47679635882377625,0.2618871331214905,0.5670555830001831,0.4959600865840912,0.5208495259284973,0.5099629759788513,0.5938864946365356,0.5875140428543091,0.5424196124076843,0.5972842574119568,0.5594977736473083,0.6321365833282471,0.5479692816734314,0.626072883605957
66,0.54923415184021,0.321147084236145,0.5797156691551208,0.35374921560287476,0.5860894918441772,0.35143303871154785,0.507624626159668,0.3543868958950043,0.4909536838531494,0.32956087589263916,0.5616066455841064,0.3012855648994446,0.4763115644454956,0.2621297240257263,0.5694642066955566,0.49316641688346863,0.5229624509811401,0.5060921311378479,0.598222553730011,0.5689135193824768,0.5434907674789429,0.5887722373008728,0.5629925727844238,0.6305934190750122,0.5453699827194214,0.6279137134552002
67,0.5477679371833801,0.323016881942749,0.5823734998703003,0.35314029455184937,0.5874996781349182,0.35198649764060974,0.5063523650169373,0.36144620180130005,0.49165284633636475,0.3316448926925659,0.5643950700759888,0.314102441072464,0.4828427731990814,0.26368048787117004,0.5681865811347961,0.4994414448738098,0.5196833610534668,0.5062360763549805,0.5949147939682007,0.5850505828857422,0.5336475372314453,0.5957311391830444,0.5619139671325684,0.628833532333374,0.5473748445510864,0.6246812343597412
68,0.5441586971282959,0.3274695873260498,0.5801733732223511,0.3597089648246765,0.5957571268081665,0.3500126600265503,0.5028114318847656,0.3775940537452698,0.49721604585647583,0.3436611592769623,0.5670048594474792,0.3217599391937256,0.4915507435798645,0.28155791759490967,0.558141827583313,0.5022047758102417,0.5148094892501831,0.5090674757957458,0.5736787915229797,0.5944842100143433,0.523382306098938,0.6087678074836731,0.5595401525497437,0.6303281188011169,0.5327484011650085,0.6219450235366821
69,0.5458791851997375,0.3224104344844818,0.5850573778152466,0.3559079170227051,0.5929902195930481,0.3518008887767792,0.4983491897583008,0.3659549653530121,0.48869580030441284,0.33053556084632874,0.5769976377487183,0.31206458806991577,0.47837552428245544,0.2613358497619629,0.5670041441917419,0.5031357407569885,0.5141950845718384,0.5108758807182312,0.5774390697479248,0.6031535863876343,0.516392171382904,0.6143896579742432,0.5603005290031433,0.6285128593444824,0.5447620153427124,0.6217190027236938
70,0.5467917919158936,0.32302284240722656,0.5865938663482666,0.3599807620048523,0.5986166000366211,0.35329902172088623,0.4974844455718994,0.3676423728466034,0.48894745111465454,0.3309933841228485,0.575547456741333,0.3056676685810089,0.4782717823982239,0.2592270076274872,0.567622721195221,0.5042427778244019,0.5142608284950256,0.5119808912277222,0.579011857509613,0.6034526824951172,0.5174524188041687,0.6148669719696045,0.5656936168670654,0.628812313079834,0.544731855392456,0.6258215308189392
71,0.5446114540100098,0.32519638538360596,0.5833450555801392,0.36015138030052185,0.5975774526596069,0.3511812090873718,0.4915975034236908,0.3839796483516693,0.4914892315864563,0.32939088344573975,0.5743038654327393,0.31054413318634033,0.4785774350166321,0.2605937123298645,0.5573563575744629,0.5055760145187378,0.5033999681472778,0.5141770839691162,0.5741981267929077,0.6045964360237122,0.5058000683784485,0.6153476238250732,0.5637262463569641,0.6305402517318726,0.5320823788642883,0.6232085227966309
72,0.5532313585281372,0.31493568420410156,0.5839328765869141,0.3574335277080536,0.5879339575767517,0.345982164144516,0.5021435618400574,0.36368176341056824,0.47531840205192566,0.3031749129295349,0.597669243812561,0.2731563448905945,0.4779885411262512,0.2609911561012268,0.5657129883766174,0.5095646381378174,0.5132317543029785,0.5151656866073608,0.5779275894165039,0.6118732690811157,0.5340033769607544,0.6265311241149902,0.5614739656448364,0.6374186277389526,0.5459160804748535,0.6341826915740967
73,0.5517152547836304,0.31447407603263855,0.5795858502388,0.35448095202445984,0.5896466374397278,0.3468005061149597,0.5059487819671631,0.3575845956802368,0.47556060552597046,0.29837891459465027,0.599361777305603,0.26821887493133545,0.4792041778564453,0.25881364941596985,0.567578136920929,0.5079733729362488,0.5157541632652283,0.5127699375152588,0.5843374729156494,0.6095718741416931,0.5369403958320618,0.6165256500244141,0.5647214651107788,0.6366300582885742,0.548924446105957,0.6326524615287781
74,0.5538153052330017,0.3146657347679138,0.5811187624931335,0.35381054878234863,0.5895197987556458,0.346935510635376,0.5084772706031799,0.35516616702079773,0.4771825671195984,0.3042725920677185,0.600577712059021,0.26714104413986206,0.47815173864364624,0.2586148679256439,0.5700403451919556,0.5052632689476013,0.5191866159439087,0.5108179450035095,0.5873383283615112,0.6062296032905579,0.5389503240585327,0.6152384281158447,0.5670357942581177,0.6355484127998352,0.549429178237915,0.6328365802764893
75,0.5498323440551758,0.315277099609375,0.5801348686218262,0.3529611825942993,0.5885605216026306,0.34734493494033813,0.5060727596282959,0.3576829433441162,0.4774714708328247,0.30645668506622314,0.6049976944923401,0.2658925950527191,0.47723132371902466,0.2535310983657837,0.5675398111343384,0.5100009441375732,0.5148093104362488,0.5152324438095093,0.5829986333847046,0.6105139851570129,0.5347645282745361,0.6175272464752197,0.5644237399101257,0.6363606452941895,0.5478374361991882,0.6324093341827393
76,0.548255980014801,0.317320317029953,0.582082986831665,0.3575981557369232,0.588093638420105,0.34823140501976013,0.5035813450813293,0.3649802803993225,0.49138718843460083,0.3272517919540405,0.6023357510566711,0.27212458848953247,0.4792507588863373,0.25369349122047424,0.5674378275871277,0.5105869770050049,0.5136097073554993,0.5162604451179504,0.582039475440979,0.61006760597229,0.5160900354385376,0.6211711168289185,0.5644891858100891,0.6359096169471741,0.5444210767745972,0.6366258859634399
77,0.5474159717559814,0.3230607509613037,0.5775129795074463,0.3583472967147827,0.588640034198761,0.34796929359436035,0.5044963359832764,0.3729889988899231,0.492907851934433,0.3277721405029297,0.5940396189689636,0.2820671498775482,0.4835513234138489,0.2622125446796417,0.5560672283172607,0.5093807578086853,0.5107822418212891,0.5162094831466675,0.5647579431533813,0.6115936040878296,0.5203981995582581,0.6247495412826538,0.5620693564414978,0.6356257200241089,0.5329613089561462,0.6310003995895386
78,0.5473465323448181,0.31961819529533386,0.5812398195266724,0.36031946539878845,0.5888931751251221,0.34867414832115173,0.5003687143325806,0.36573517322540283,0.4749729633331299,0.3060681223869324,0.5970008373260498,0.27919989824295044,0.47747939825057983,0.25489458441734314,0.5659515857696533,0.5106478929519653,0.5126351714134216,0.5160782933235168,0.5837146043777466,0.6089519262313843,0.5173735618591309,0.6184180974960327,0.5655250549316406,0.6342129707336426,0.5467491149902344,0.6345087289810181
79,0.5463223457336426,0.31987273693084717,0.5820415616035461,0.360470712184906,0.5892006158828735,0.34814661741256714,0.49838632345199585,0.3649561405181885,0.4739414155483246,0.3052924871444702,0.5963510870933533,0.27956509590148926,0.47615084052085876,0.25326311588287354,0.5657957792282104,0.5117738246917725,0.5113924741744995,0.5169711112976074,0.5843160152435303,0.6103204488754272,0.5165114402770996,0.6192128658294678,0.5659828782081604,0.6346330642700195,0.5467876195907593,0.6354072690010071
80,0.5436825156211853,0.32058948278427124,0.5806814432144165,0.35934650897979736,0.5900382995605469,0.34850192070007324,0.5001097917556763,0.36293911933898926,0.47447913885116577,0.305411159992218,0.5922622084617615,0.2830195426940918,0.47444361448287964,0.25424450635910034,0.5653263330459595,0.5094900131225586,0.5119038820266724,0.5150891542434692,0.585487961769104,0.608635663986206,0.5322734713554382,0.6149404048919678,0.5677237510681152,0.6326500773429871,0.548965573310852,0.6329476833343506
81,0.5435010194778442,0.3232972025871277,0.5795087814331055,0.35766375064849854,0.5899200439453125,0.34786975383758545,0.4988675117492676,0.36527344584465027,0.47496578097343445,0.3043009042739868,0.5914440155029297,0.2854585349559784,0.47478625178337097,0.2548345923423767,0.5566086769104004,0.5099248290061951,0.5086303949356079,0.5157336592674255,0.5793646574020386,0.6199765801429749,0.507174015045166,0.6195928454399109,0.5672670602798462,0.6326972842216492,0.5344764590263367,0.6290536522865295
82,0.5432000756263733,0.3229467570781708,0.5794017314910889,0.3563360869884491,0.5896482467651367,0.34768471121788025,0.4962550103664398,0.3645819425582886,0.4755197763442993,0.3038618564605713,0.5907094478607178,0.28783202171325684,0.4741573929786682,0.25361281633377075,0.5547187328338623,0.5088334083557129,0.4987160563468933,0.5163508653640747,0.5660997033119202,0.6117186546325684,0.5030139684677124,0.6185070276260376,0.5669161081314087,0.6320827603340149,0.5324143171310425,0.6280083060264587
83,0.5424543619155884,0.3215426206588745,0.5802334547042847,0.3602942228317261,0.5990941524505615,0.3526500463485718,0.500868022441864,0.3619977831840515,0.4752630591392517,0.30457645654678345,0.5985323190689087,0.2777184247970581,0.47318679094314575,0.25315314531326294,0.5594762563705444,0.509942889213562,0.5109883546829224,0.5152679681777954,0.5840035080909729,0.6100573539733887,0.51475989818573,0.6188024282455444,0.5668792128562927,0.6304694414138794,0.5382299423217773,0.6277871131896973
84,0.5438870191574097,0.32262301445007324,0.5637067556381226,0.3445468544960022,0.5714350342750549,0.34037551283836365,0.5403683185577393,0.34305524826049805,0.43003687262535095,0.38173216581344604,0.5548852682113647,0.3122033178806305,0.5031899809837341,0.28468215465545654,0.5256154537200928,0.5418678522109985,0.45919179916381836,0.5496082305908203,0.4696730077266693,0.6264651417732239,0.4209742546081543,0.6274543404579163,0.5179471373558044,0.6365417838096619,0.45265358686447144,0.6661707758903503
85,0.5412524342536926,0.3243098855018616,0.5738493204116821,0.347050279378891,0.5876704454421997,0.3413132429122925,0.46817487478256226,0.4177303910255432,0.49842023849487305,0.3292448818683624,0.5578891038894653,0.3095244765281677,0.502883791923523,0.2808811068534851,0.5344673991203308,0.5369863510131836,0.48675018548965454,0.5469454526901245,0.5179471373558044,0.6314113140106201,0.4418966472148895,0.6709708571434021,0.5285824537277222,0.6311677694320679,0.4473903775215149,0.6885958909988403
86,0.544073224067688,0.3204847574234009,0.5731695890426636,0.34373506903648376,0.5784478187561035,0.3408313989639282,0.5141071677207947,0.3503217101097107,0.4995240867137909,0.3292025625705719,0.5587120056152344,0.30984601378440857,0.5037693381309509,0.28214141726493835,0.5315523147583008,0.5382368564605713,0.4846034049987793,0.5470588207244873,0.5137314796447754,0.6328856348991394,0.4419777989387512,0.6600229144096375,0.5255929827690125,0.6330183148384094,0.4463045597076416,0.6879746913909912
87,0.544336199760437,0.3208230137825012,0.574853777885437,0.34403008222579956,0.5886086225509644,0.34083157777786255,0.46734070777893066,0.4186689257621765,0.5000088810920715,0.32882219552993774,0.5601953268051147,0.3107968866825104,0.5032814741134644,0.2816564440727234,0.5331940650939941,0.5374623537063599,0.48533666133880615,0.5463131666183472,0.5158226490020752,0.6313093900680542,0.442275732755661,0.658478856086731,0.5274359583854675,0.6315153241157532,0.44657206535339355,0.6871387958526611
88,0.5427181720733643,0.3202870488166809,0.5739006996154785,0.34422600269317627,0.5892066955566406,0.34280380606651306,0.46810072660446167,0.4175829291343689,0.5000573396682739,0.3310021162033081,0.5694180130958557,0.31653934717178345,0.5024651885032654,0.28123539686203003,0.5358105897903442,0.5356001853942871,0.487956166267395,0.5449652075767517,0.5175521969795227,0.6280517578125,0.4453955888748169,0.6441122889518738,0.5295764207839966,0.6293866038322449,0.44748246669769287,0.6854826807975769
89,0.5419557094573975,0.3195618987083435,0.5748962163925171,0.3443865180015564,0.5887619256973267,0.34264227747917175,0.508179783821106,0.3591761589050293,0.4991239011287689,0.33079439401626587,0.5706738233566284,0.31642717123031616,0.5017370581626892,0.28009989857673645,0.5499017834663391,0.5310208201408386,0.4896288812160492,0.5440137982368469,0.520067036151886,0.6273508667945862,0.45581191778182983,0.6511807441711426,0.5585763454437256,0.632838785648346,0.5190362930297852,0.6268375515937805
90,0.5399876236915588,0.32127416133880615,0.5758039951324463,0.3469863831996918,0.5889275074005127,0.3476415276527405,0.5072245001792908,0.35958513617515564,0.48836958408355713,0.31475192308425903,0.5798764228820801,0.2978537678718567,0.4821541905403137,0.25507402420043945,0.5501661896705627,0.5070912837982178,0.5037919282913208,0.5157412886619568,0.539222002029419,0.6061450242996216,0.467755526304245,0.6245285272598267,0.5489392876625061,0.6295941472053528,0.5227396488189697,0.6264150738716125
91,0.5391427278518677,0.32116833329200745,0.5736510157585144,0.34481632709503174,0.5883687734603882,0.3473263680934906,0.5072647929191589,0.3594478964805603,0.4889504313468933,0.31473833322525024,0.5773396492004395,0.3074357211589813,0.4824914336204529,0.25602567195892334,0.5475014448165894,0.5065202713012695,0.5020235776901245,0.5149576663970947,0.5361378788948059,0.6050730347633362,0.46563488245010376,0.6085587739944458,0.5472198128700256,0.6290018558502197,0.5206817388534546,0.6262078285217285
92,0.5391623973846436,0.3207695186138153,0.5747030973434448,0.3453124165534973,0.5887690782546997,0.3475658893585205,0.5070375204086304,0.3585939407348633,0.48863157629966736,0.31465932726860046,0.5790998935699463,0.30039411783218384,0.4820999801158905,0.25641319155693054,0.5489175319671631,0.5056390166282654,0.5035410523414612,0.5139819383621216,0.5376304984092712,0.6041343808174133,0.46805626153945923,0.6074563264846802,0.5473398566246033,0.6284456253051758,0.5212477445602417,0.6252392530441284
93,0.5392662286758423,0.3207096457481384,0.5736961364746094,0.3450045585632324,0.5885622501373291,0.34677237272262573,0.5078372955322266,0.35816341638565063,0.4887009263038635,0.31422117352485657,0.5927067995071411,0.2823736369609833,0.48225638270378113,0.25627490878105164,0.5489130616188049,0.5056588649749756,0.5039181709289551,0.5144097805023193,0.5385388135910034,0.6054122447967529,0.48817333579063416,0.607315182685852,0.5471971035003662,0.6289629936218262,0.5212754011154175,0.6261014938354492
94,0.5394083261489868,0.32083022594451904,0.5744775533676147,0.34676557779312134,0.5884793400764465,0.3467545509338379,0.5080984830856323,0.35882043838500977,0.4871639609336853,0.31294602155685425,0.5599132776260376,0.30372458696365356,0.4819997251033783,0.2555021047592163,0.5503912568092346,0.5067641735076904,0.5051817893981934,0.5157191753387451,0.5514587163925171,0.6042320132255554,0.49034059047698975,0.6083756685256958,0.547934353351593,0.6294031143188477,0.5223343372344971,0.6265394687652588
95,0.5399258136749268,0.32105502486228943,0.5705610513687134,0.3490983843803406,0.5880372524261475,0.3476669192314148,0.5091150999069214,0.3609665036201477,0.4927654266357422,0.3168507218360901,0.5578190088272095,0.3012254238128662,0.4820103645324707,0.25440606474876404,0.5523853898048401,0.5062314867973328,0.507798969745636,0.5163493156433105,0.5574133992195129,0.6146571636199951,0.4955236315727234,0.6225099563598633,0.5613546967506409,0.632023811340332,0.5281062126159668,0.6266092658042908
96,0.2937508821487427,0.6071475148200989,0.49659058451652527,0.49699684977531433,0.5254652500152588,0.4034413695335388,0.29786112904548645,0.6134656667709351,0.4314081072807312,0.38185107707977295,0.550031304359436,0.31313854455947876,0.5000259876251221,0.281776487827301,0.5032669901847839,0.5418831706047058,0.4567207098007202,0.5463281869888306,0.454508900642395,0.5800023078918457,0.30258333683013916,0.6073875427246094,0.5247701406478882,0.6225748658180237,0.5144685506820679,0.6197947859764099
97,0.5389997959136963,0.3290107846260071,0.5685856938362122,0.351233571767807,0.5849387645721436,0.34464192390441895,0.4655749797821045,0.4447803497314453,0.5123968720436096,0.34174245595932007,0.5560096502304077,0.31156593561172485,0.5004284977912903,0.28043052554130554,0.53359454870224,0.5329322814941406,0.502341628074646,0.540529727935791,0.5239490270614624,0.6112992763519287,0.4675109386444092,0.617329478263855,0.5429518222808838,0.6286054849624634,0.526295006275177,0.621360182762146
98,0.5393467545509338,0.32775411009788513,0.570827841758728,0.3509114682674408,0.5854088664054871,0.34494972229003906,0.4657958745956421,0.44171661138534546,0.5120169520378113,0.3421763777732849,0.557966947555542,0.31158721446990967,0.5005547404289246,0.2800166606903076,0.5345807075500488,0.5217738151550293,0.48983949422836304,0.5446679592132568,0.5259718894958496,0.6125550270080566,0.5063150525093079,0.6212700009346008,0.5580739974975586,0.630176305770874,0.5270232558250427,0.6215507984161377
99,0.5385104417800903,0.32780855894088745,0.5708911418914795,0.3512672185897827,0.5845741033554077,0.34569627046585083,0.46423861384391785,0.44296807050704956,0.5107728838920593,0.3427926003932953,0.5559234023094177,0.3120051920413971,0.4992232918739319,0.279877632856369,0.5334420800209045,0.5325602293014526,0.4888799786567688,0.5440083742141724,0.524359941482544,0.6101345419883728,0.46642255783081055,0.6159090995788574,0.5471428632736206,0.6269101500511169,0.5271352529525757,0.6199066638946533
100,0.5397861003875732,0.32486850023269653,0.5744341611862183,0.35270175337791443,0.5848848819732666,0.3470151424407959,0.504655659198761,0.3748962879180908,0.4991418719291687,0.3392198085784912,0.5548394918441772,0.30250751972198486,0.48008424043655396,0.25315266847610474,0.5488862991333008,0.5045521259307861,0.5083796381950378,0.515464723110199,0.5424285531044006,0.5977087020874023,0.5022187232971191,0.5990164875984192,0.5508788228034973,0.6264317035675049,0.5321266651153564,0.6199456453323364
101,0.5435763001441956,0.3193116784095764,0.5742069482803345,0.35463783144950867,0.586103081703186,0.3460061252117157,0.5098567605018616,0.35916849970817566,0.4934431314468384,0.32149484753608704,0.5981429815292358,0.26578113436698914,0.4766021966934204,0.25427544116973877,0.5580061674118042,0.5018481016159058,0.5161082744598389,0.5110589861869812,0.5759872794151306,0.5957052707672119,0.5320324301719666,0.5996015071868896,0.5574095845222473,0.6308108568191528,0.5464233160018921,0.6274795532226562
102,0.5416688919067383,0.32173290848731995,0.5721653699874878,0.35448795557022095,0.586345374584198,0.3472791612148285,0.5079360604286194,0.37191200256347656,0.49348145723342896,0.3254631459712982,0.5903478860855103,0.2838248908519745,0.4801015257835388,0.25869083404541016,0.5530771017074585,0.5064528584480286,0.5144160985946655,0.5171358585357666,0.5599783062934875,0.6082718372344971,0.5285236835479736,0.6090673804283142,0.5615177750587463,0.6302813291549683,0.5446319580078125,0.6281535029411316
103,0.5469816327095032,0.31821441650390625,0.5776615142822266,0.3550606369972229,0.5900294780731201,0.34989139437675476,0.5125115513801575,0.3567076325416565,0.4927918612957001,0.32086801528930664,0.5969640612602234,0.27177107334136963,0.47824984788894653,0.2624093294143677,0.5618263483047485,0.48949289321899414,0.5196741819381714,0.5044240951538086,0.5727749466896057,0.5904070138931274,0.534110963344574,0.5963598489761353,0.5580007433891296,0.6338517069816589,0.5463901162147522,0.6314958333969116
104,0.5468297004699707,0.3188726305961609,0.576572597026825,0.35305356979370117,0.585999608039856,0.3470451533794403,0.5151556730270386,0.3617505729198456,0.4938848912715912,0.327175110578537,0.5946622490882874,0.2769591510295868,0.48227375745773315,0.2613988518714905,0.5575416088104248,0.4925829768180847,0.5202428102493286,0.5090123414993286,0.5578346252441406,0.5991154909133911,0.5325955748558044,0.6015413999557495,0.5582210421562195,0.6306706070899963,0.5420809984207153,0.6299628615379333
105,0.5425312519073486,0.323821485042572,0.5713634490966797,0.3542071282863617,0.585511326789856,0.35629186034202576,0.5168639421463013,0.37719589471817017,0.5135127305984497,0.3475707471370697,0.5818877220153809,0.2883712649345398,0.5023959279060364,0.27904975414276123,0.5485209822654724,0.501431941986084,0.5194974541664124,0.5128999948501587,0.5412558317184448,0.6040898561477661,0.5294739603996277,0.6102978587150574,0.5430634617805481,0.6314913034439087,0.5374662280082703,0.6240955591201782
106,0.5403022766113281,0.32394927740097046,0.5564070343971252,0.3587932288646698,0.5516623258590698,0.3527211546897888,0.5252873301506042,0.3904978930950165,0.5195788741111755,0.34843653440475464,0.5574029088020325,0.3051242232322693,0.5473448038101196,0.3062126636505127,0.5309607982635498,0.5063532590866089,0.5141502022743225,0.5135184526443481,0.5300091505050659,0.5878338813781738,0.5118279457092285,0.6007362008094788,0.5446987748146057,0.6392480134963989,0.5342401266098022,0.6245854496955872
107,0.5340067148208618,0.3300850987434387,0.5561147928237915,0.3584915101528168,0.5661939382553101,0.35065293312072754,0.5118851661682129,0.38031715154647827,0.5187671184539795,0.34640008211135864,0.5556274652481079,0.30711203813552856,0.5047142505645752,0.2831011414527893,0.5277276039123535,0.5075035095214844,0.5082091093063354,0.5150368213653564,0.5366435647010803,0.5867477655410767,0.5095003843307495,0.599926233291626,0.5427103638648987,0.6310108304023743,0.5342527627944946,0.620685338973999
108,0.29712554812431335,0.6168029308319092,0.5247606039047241,0.5216179490089417,0.5697492957115173,0.34437423944473267,0.3008546233177185,0.6193383932113647,0.5200804471969604,0.3432888388633728,0.5586849451065063,0.31357452273368835,0.5457308292388916,0.31277939677238464,0.5270323753356934,0.5413265228271484,0.5010395050048828,0.5432542562484741,0.5208761096000671,0.5579641461372375,0.44780147075653076,0.5510967969894409,0.5340477228164673,0.6237868666648865,0.5250475406646729,0.6193360686302185
109,0.295617938041687,0.6136109828948975,0.5179257988929749,0.5440164804458618,0.5312603712081909,0.47330158948898315,0.5057379603385925,0.5252871513366699,0.5223029851913452,0.34111034870147705,0.5586999654769897,0.3095617890357971,0.5511283278465271,0.3086836636066437,0.5127621293067932,0.5455693006515503,0.5048431158065796,0.5463821887969971,0.5201513767242432,0.5815747976303101,0.4546935558319092,0.5767844915390015,0.533933162689209,0.630412757396698,0.5253713130950928,0.6216498613357544
110,0.5030118227005005,0.5524052381515503,0.5267461538314819,0.5568260550498962,0.5389553904533386,0.5511817932128906,0.5197567939758301,0.5497909188270569,0.5154264569282532,0.5083153247833252,0.5251262784004211,0.586776852607727,0.5224571824073792,0.58305823802948,0.5334291458129883,0.5619205236434937,0.522849440574646,0.5633208155632019,0.524867057800293,0.5832390785217285,0.5183357000350952,0.5799912214279175,0.5339919328689575,0.6277471780776978,0.5295400023460388,0.6191815137863159
111,0.5544066429138184,0.316670298576355,0.5421673059463501,0.5376790761947632,0.546149730682373,0.5398293733596802,0.509382963180542,0.5240697860717773,0.5038424730300903,0.41771572828292847,0.5267114639282227,0.5889027714729309,0.5417956113815308,0.3125361204147339,0.547941267490387,0.5460601449012756,0.512296736240387,0.5496196746826172,0.5324339866638184,0.5964615941047668,0.5127520561218262,0.6038419604301453,0.5313152074813843,0.6295767426490784,0.5257949829101562,0.6199206113815308
112,0.5493581295013428,0.31933003664016724,0.5927398204803467,0.34257644414901733,0.5825209617614746,0.38753658533096313,0.4724135398864746,0.4260224997997284,0.43019986152648926,0.3830338716506958,0.5691700577735901,0.32359442114830017,0.5258873701095581,0.3275216817855835,0.5452293753623962,0.5187841653823853,0.4934816360473633,0.5241348743438721,0.5329301953315735,0.6054674386978149,0.4636960029602051,0.6115764379501343,0.5351090431213379,0.6243581771850586,0.5150412321090698,0.6219748258590698
113,0.29879897832870483,0.6129992604255676,0.521569550037384,0.5440881848335266,0.5278645753860474,0.5195926427841187,0.3053675889968872,0.6151966452598572,0.4876033067703247,0.46400463581085205,0.5174650549888611,0.5886725187301636,0.509368896484375,0.5845763087272644,0.5275196433067322,0.5430012345314026,0.5038079619407654,0.544528603553772,0.5189452171325684,0.5755668878555298,0.4568609595298767,0.5715193152427673,0.5266723036766052,0.6184632778167725,0.5159009695053101,0.613619863986969
114,0.49875733256340027,0.5255727171897888,0.546192467212677,0.5040844678878784,0.56522136926651,0.5002024173736572,0.30822640657424927,0.6149836778640747,0.434448778629303,0.4262336492538452,0.547075629234314,0.4796033799648285,0.468414843082428,0.44920623302459717,0.5397326350212097,0.5162568092346191,0.48861581087112427,0.5229167938232422,0.5313756465911865,0.5764890909194946,0.4574051797389984,0.5748659372329712,0.5338091850280762,0.6299686431884766,0.5141812562942505,0.6210976839065552
115,0.544597327709198,0.3300124406814575,0.5716956257820129,0.36390018463134766,0.5867990851402283,0.35598844289779663,0.518398642539978,0.3783012330532074,0.518467903137207,0.35265693068504333,0.588952898979187,0.30259039998054504,0.5542672872543335,0.3195825517177582,0.5471049547195435,0.5127414464950562,0.5138771533966064,0.5227978825569153,0.5361522436141968,0.5972005128860474,0.5130530595779419,0.6068451404571533,0.5415502786636353,0.6349947452545166,0.5239626169204712,0.6284655332565308
116,0.5394911766052246,0.32833850383758545,0.5683140754699707,0.3659105896949768,0.5854882001876831,0.3508157432079315,0.5102335810661316,0.37376901507377625,0.5111408829689026,0.3489425778388977,0.6093125343322754,0.2583662271499634,0.4686782956123352,0.2423274964094162,0.548957884311676,0.5024657249450684,0.5091656446456909,0.5109142065048218,0.5502776503562927,0.6003672480583191,0.5163414478302002,0.6147758960723877,0.5403105020523071,0.6346827745437622,0.5277574062347412,0.6281301975250244
117,0.5404047966003418,0.3355569541454315,0.5719273090362549,0.37117287516593933,0.5880207419395447,0.3615593910217285,0.49930378794670105,0.4080171287059784,0.5143775939941406,0.3622603416442871,0.6032296419143677,0.2792293131351471,0.4717121124267578,0.24670098721981049,0.547086775302887,0.5014434456825256,0.5093201398849487,0.5215245485305786,0.5497304201126099,0.5909113883972168,0.4956381022930145,0.6144790649414062,0.5524476170539856,0.6387470960617065,0.5250501036643982,0.6293405294418335
118,0.5406500697135925,0.3333766460418701,0.5685368776321411,0.3700030744075775,0.5851985216140747,0.3547116219997406,0.5191695094108582,0.37978053092956543,0.5135188102722168,0.3530382812023163,0.609493613243103,0.26221030950546265,0.47244882583618164,0.24915769696235657,0.5532880425453186,0.5036593675613403,0.5200164318084717,0.511494517326355,0.5557357668876648,0.5879691243171692,0.5270020961761475,0.5978446006774902,0.5529168248176575,0.6406469345092773,0.5270875096321106,0.6326879858970642
119,0.5393392443656921,0.34051722288131714,0.5736440420150757,0.3738536536693573,0.5923426747322083,0.35047733783721924,0.5149070620536804,0.3748056888580322,0.4953809976577759,0.346296489238739,0.6066753268241882,0.26663482189178467,0.47508007287979126,0.25946831703186035,0.5608934760093689,0.5082854628562927,0.520492672920227,0.5149929523468018,0.5590729713439941,0.6004012823104858,0.530526340007782,0.6163924932479858,0.5455445051193237,0.6412904858589172,0.5322734117507935,0.6359055042266846
120,0.540353000164032,0.3431394696235657,0.5779837369918823,0.3795492649078369,0.5938020944595337,0.3542366027832031,0.5157470703125,0.37665650248527527,0.49438798427581787,0.34118467569351196,0.6015501618385315,0.27357181906700134,0.4711112678050995,0.26594871282577515,0.5605497360229492,0.5028653144836426,0.521285891532898,0.5096120834350586,0.5599365234375,0.5948889255523682,0.5366204380989075,0.598534345626831,0.5470504760742188,0.6381291747093201,0.5334587097167969,0.6373989582061768
121,0.5458991527557373,0.34784969687461853,0.5841299295425415,0.3859449625015259,0.5948237776756287,0.34012553095817566,0.5191861391067505,0.3801085650920868,0.4998016357421875,0.3315201699733734,0.6098545789718628,0.2617532014846802,0.47177934646606445,0.2643078565597534,0.5618621110916138,0.499076783657074,0.5205118656158447,0.5028712749481201,0.561632513999939,0.5788694024085999,0.5386162996292114,0.5891861915588379,0.5558786988258362,0.6395512819290161,0.5368857383728027,0.6444510221481323
122,0.5443719029426575,0.3557705581188202,0.5820233821868896,0.3853211998939514,0.5951017141342163,0.3387370705604553,0.5226251482963562,0.3834143877029419,0.501294732093811,0.33024105429649353,0.6104482412338257,0.26437142491340637,0.4678357243537903,0.2631160616874695,0.560384213924408,0.49524447321891785,0.5206714868545532,0.5022647976875305,0.5602326393127441,0.5756427645683289,0.5396174192428589,0.5836827158927917,0.5562223196029663,0.6387965679168701,0.5351603627204895,0.6431378126144409
123,0.5472846031188965,0.35774868726730347,0.5828558802604675,0.3902382254600525,0.596332848072052,0.3347264230251312,0.5238870978355408,0.3861505687236786,0.4963007867336273,0.32740819454193115,0.6106650233268738,0.2684294283390045,0.46699851751327515,0.2639378309249878,0.5671570897102356,0.49490469694137573,0.530518651008606,0.4985806941986084,0.5696516633033752,0.5684137940406799,0.5462064743041992,0.577007532119751,0.563927412033081,0.6373717784881592,0.5376511216163635,0.6416995525360107
124,0.5460522770881653,0.35855183005332947,0.5847337245941162,0.3872423768043518,0.5943412184715271,0.3349906802177429,0.5214805603027344,0.38409924507141113,0.49479585886001587,0.32881778478622437,0.6094584465026855,0.2723209261894226,0.4662826955318451,0.2671138644218445,0.5623844861984253,0.49775511026382446,0.5219238996505737,0.5026388764381409,0.5637271404266357,0.5757830142974854,0.5449676513671875,0.5840998291969299,0.5591527223587036,0.6364726424217224,0.53826904296875,0.6405393481254578
125,0.5437315702438354,0.3611476421356201,0.5834837555885315,0.39268994331359863,0.5930894613265991,0.3380758762359619,0.5184388160705566,0.3899078071117401,0.49556684494018555,0.3303240239620209,0.6100947856903076,0.2700239419937134,0.4666200280189514,0.2689139246940613,0.5687541961669922,0.4947805106639862,0.5296415090560913,0.5018209218978882,0.5675974488258362,0.5736181735992432,0.5497419834136963,0.5833615064620972,0.5599849820137024,0.6365822553634644,0.5433075428009033,0.6394748687744141
126,0.5458914041519165,0.3670569360256195,0.5845215320587158,0.39578577876091003,0.5941320657730103,0.35980361700057983,0.5173255801200867,0.39473456144332886,0.4971396327018738,0.34549981355667114,0.6092431545257568,0.28563520312309265,0.47052714228630066,0.28304117918014526,0.5618616342544556,0.507575273513794,0.5268068313598633,0.5105561017990112,0.5701360702514648,0.5737687349319458,0.5457236170768738,0.5844575762748718,0.5599194765090942,0.6359747052192688,0.5376520156860352,0.6337257623672485
127,0.5490897297859192,0.3752764165401459,0.5770066976547241,0.40242788195610046,0.5877945423126221,0.3774920105934143,0.5359600782394409,0.40507662296295166,0.5335883498191833,0.38242584466934204,0.6006771326065063,0.2985629737377167,0.475475013256073,0.2939305901527405,0.5548100471496582,0.522065281867981,0.5331658124923706,0.5250530242919922,0.558297872543335,0.5821893215179443,0.5439639091491699,0.5844099521636963,0.548588216304779,0.6336123943328857,0.5392529368400574,0.629718542098999
128,0.5473771095275879,0.37658655643463135,0.5773415565490723,0.39998096227645874,0.5877001285552979,0.3892558217048645,0.5349282622337341,0.4054436683654785,0.5384042859077454,0.38436269760131836,0.5966107249259949,0.3124498128890991,0.4770677983760834,0.3004343509674072,0.5570251941680908,0.5139545202255249,0.5339396595954895,0.5164186954498291,0.5590462684631348,0.5799664258956909,0.543828547000885,0.5899223685264587,0.5497108697891235,0.63407301902771,0.532133936882019,0.6273989081382751
129,0.5477496385574341,0.37888917326927185,0.5799190998077393,0.4025695323944092,0.5974665880203247,0.38466140627861023,0.5299612283706665,0.40465623140335083,0.5293087363243103,0.3853015601634979,0.5981563925743103,0.3199666440486908,0.4758647680282593,0.3024953603744507,0.5600928664207458,0.5036863684654236,0.5332988500595093,0.5088785886764526,0.5602829456329346,0.5665648579597473,0.5444581508636475,0.5769186019897461,0.5523679852485657,0.6341147422790527,0.5371118187904358,0.6265816688537598
130,0.544324517250061,0.3866271376609802,0.580409824848175,0.4082984924316406,0.593552827835083,0.38491934537887573,0.5211573243141174,0.41345545649528503,0.4933757781982422,0.36590510606765747,0.5979990363121033,0.32720035314559937,0.4757833480834961,0.3036235272884369,0.5625650882720947,0.5103486776351929,0.5247701406478882,0.5145927667617798,0.5689055323600769,0.5736020803451538,0.5378779768943787,0.5856377482414246,0.5603070259094238,0.6337378025054932,0.5321191549301147,0.6301031112670898
131,0.5396761894226074,0.39279767870903015,0.5819776058197021,0.41496485471725464,0.6018160581588745,0.3736535310745239,0.5178035497665405,0.4145240783691406,0.49080604314804077,0.3678199052810669,0.5993216633796692,0.3331718444824219,0.4748642146587372,0.3145407438278198,0.562801718711853,0.5082399845123291,0.5247244834899902,0.5121965408325195,0.5681697130203247,0.5724999904632568,0.5397067666053772,0.5831494331359863,0.5581402778625488,0.6329601407051086,0.5347046852111816,0.6293097734451294
132,0.5388064384460449,0.39870333671569824,0.575373113155365,0.42233404517173767,0.5946414470672607,0.38075321912765503,0.5214488506317139,0.4259619414806366,0.49094972014427185,0.36442798376083374,0.5999493598937988,0.33461642265319824,0.48153993487358093,0.3277088403701782,0.5672221779823303,0.5215123295783997,0.5291266441345215,0.5247766971588135,0.5703465938568115,0.581980288028717,0.5439893007278442,0.5915042757987976,0.563634991645813,0.6340978145599365,0.5366590619087219,0.6339221596717834
133,0.5407758951187134,0.39916813373565674,0.5776752829551697,0.4304056763648987,0.5932895541191101,0.38116687536239624,0.5229041576385498,0.4303346574306488,0.4962805211544037,0.38223108649253845,0.6009867191314697,0.34177088737487793,0.47313928604125977,0.3324204385280609,0.5666630268096924,0.5142563581466675,0.5306811928749084,0.5225178003311157,0.5689266324043274,0.578094482421875,0.544684886932373,0.584540069103241,0.5651391744613647,0.6316977739334106,0.5377755165100098,0.6286762356758118
134,0.5437324047088623,0.4011983573436737,0.5620850324630737,0.4313198924064636,0.5654417276382446,0.39514049887657166,0.5355327129364014,0.43039387464523315,0.54665607213974,0.3960343599319458,0.5984260439872742,0.34089457988739014,0.47741591930389404,0.32944256067276,0.5535006523132324,0.5223655700683594,0.5430037975311279,0.5230385661125183,0.5570967197418213,0.5818907618522644,0.5496799945831299,0.5914002656936646,0.5465389490127563,0.6314631104469299,0.5428600907325745,0.6292303204536438
135,0.5413035154342651,0.401463121175766,0.5733678936958313,0.43387508392333984,0.588694155216217,0.40735942125320435,0.5311782956123352,0.4362230896949768,0.5412269234657288,0.4120577573776245,0.5974248647689819,0.3372383713722229,0.47911006212234497,0.3321840167045593,0.5573569536209106,0.5269353985786438,0.5376675128936768,0.5295206308364868,0.5617919564247131,0.5838038921356201,0.5499542951583862,0.5937936305999756,0.5571121573448181,0.6340715289115906,0.5462052226066589,0.6301038265228271
136,0.5429259538650513,0.41200825572013855,0.579706072807312,0.4371338486671448,0.5956458449363708,0.3924482464790344,0.5234498977661133,0.4392220973968506,0.4930368661880493,0.3789992034435272,0.6010522842407227,0.3443443179130554,0.4754856824874878,0.3320809602737427,0.5581963062286377,0.5277023911476135,0.5277276635169983,0.5318238139152527,0.5679720640182495,0.5713609457015991,0.5463843941688538,0.5867563486099243,0.5608120560646057,0.6339990496635437,0.5411351919174194,0.6328270435333252
137,0.5406994223594666,0.41632384061813354,0.5780822038650513,0.4450843930244446,0.5945245027542114,0.40623903274536133,0.5202820301055908,0.44729459285736084,0.49194106459617615,0.38705694675445557,0.6008829474449158,0.34220418334007263,0.4794734716415405,0.3369157314300537,0.5590599775314331,0.5317833423614502,0.5262220501899719,0.5361881852149963,0.5634168386459351,0.5751339197158813,0.5441499948501587,0.5855929255485535,0.5630242824554443,0.6355750560760498,0.5408058166503906,0.6387155055999756
138,0.5419752597808838,0.41594862937927246,0.5644963979721069,0.4403093755245209,0.5908643007278442,0.4193870723247528,0.5325714349746704,0.4471069574356079,0.5410626530647278,0.41668400168418884,0.5967115163803101,0.35078784823417664,0.48041194677352905,0.34665822982788086,0.5569525957107544,0.5281637907028198,0.541066586971283,0.5310423374176025,0.5579532384872437,0.5689374208450317,0.5533430576324463,0.5809581279754639,0.5582007169723511,0.6366738080978394,0.5483832359313965,0.6346833109855652
139,0.5394349098205566,0.423069566488266,0.5665717124938965,0.43806883692741394,0.588162899017334,0.4336385726928711,0.5283185243606567,0.44496220350265503,0.5193331837654114,0.43366390466690063,0.5965275764465332,0.35359394550323486,0.4793078303337097,0.3526802957057953,0.5598564147949219,0.5113909840583801,0.5397997498512268,0.5218865275382996,0.5548477172851562,0.5679219961166382,0.5486434698104858,0.5759520530700684,0.5587222576141357,0.634696900844574,0.544625997543335,0.6300115585327148
140,0.5402145981788635,0.4252639710903168,0.5674441456794739,0.44191068410873413,0.5879031419754028,0.43321579694747925,0.5324752330780029,0.4464700222015381,0.5224570035934448,0.4329394996166229,0.5542780160903931,0.4221513867378235,0.48481231927871704,0.36475300788879395,0.5617859363555908,0.5213079452514648,0.5389116406440735,0.5250118374824524,0.5573234558105469,0.5760164260864258,0.5480056405067444,0.581470251083374,0.5571956038475037,0.6351398825645447,0.5487903356552124,0.6272633075714111
141,0.5453952550888062,0.43075355887413025,0.5778186917304993,0.44736164808273315,0.5913879871368408,0.4339101016521454,0.5268570184707642,0.4512097239494324,0.518136739730835,0.4321478307247162,0.5934928059577942,0.3622298240661621,0.48075243830680847,0.359327495098114,0.5654571056365967,0.5208665132522583,0.5336194038391113,0.5257890820503235,0.5622972249984741,0.5748101472854614,0.5450606346130371,0.5839114189147949,0.5631806254386902,0.6337505578994751,0.5439966917037964,0.6272306442260742
142,0.5470081567764282,0.4330945909023285,0.5640058517456055,0.4475287199020386,0.5689359307289124,0.4547445774078369,0.54429030418396,0.4542853832244873,0.5434030294418335,0.45575541257858276,0.550074577331543,0.4210822284221649,0.5367816686630249,0.42227375507354736,0.5588327646255493,0.5240573883056641,0.546440601348877,0.5275580883026123,0.5559977889060974,0.578330934047699,0.5560745000839233,0.5816729068756104,0.5631446242332458,0.6349889039993286,0.5533695220947266,0.6331380605697632
143,0.5459754467010498,0.4332130551338196,0.5512775182723999,0.4522134065628052,0.550333559513092,0.4580085277557373,0.5550363063812256,0.45394080877304077,0.5791909098625183,0.4559206962585449,0.539116382598877,0.43018168210983276,0.540351927280426,0.43083831667900085,0.5534387826919556,0.5278987884521484,0.5616759061813354,0.5284910202026367,0.5512627959251404,0.5862818956375122,0.5603054761886597,0.5924858450889587,0.5574787259101868,0.6366018056869507,0.5579535961151123,0.6349542737007141
144,0.5425047874450684,0.4400803744792938,0.5740187764167786,0.4563754200935364,0.5866501331329346,0.45716971158981323,0.5258780121803284,0.4602712392807007,0.519188404083252,0.4732915759086609,0.5674921274185181,0.4274635314941406,0.4956703186035156,0.39003047347068787,0.5691803693771362,0.5311589241027832,0.5379131436347961,0.5339410305023193,0.5617271661758423,0.5829071998596191,0.5447223782539368,0.5908182859420776,0.5668121576309204,0.6371596455574036,0.5398606061935425,0.6363377571105957
145,0.5434985756874084,0.4436316192150116,0.5748193860054016,0.45886343717575073,0.587129533290863,0.45696160197257996,0.524667501449585,0.46455737948417664,0.5149564743041992,0.4720333218574524,0.5702225565910339,0.42436957359313965,0.48147186636924744,0.36382994055747986,0.5684019923210144,0.5287886261940002,0.5357285737991333,0.5322889089584351,0.5621815919876099,0.5780097246170044,0.5403786301612854,0.5830820202827454,0.5683284401893616,0.6351529359817505,0.5393821597099304,0.6302297115325928
146,0.5422037839889526,0.4455316960811615,0.5753516554832458,0.4616255462169647,0.5886983871459961,0.45732128620147705,0.5226325392723083,0.46790242195129395,0.5148775577545166,0.4722118079662323,0.5975393652915955,0.37763428688049316,0.48691511154174805,0.38345909118652344,0.5679277777671814,0.5311612486839294,0.5341533422470093,0.535707414150238,0.5661253929138184,0.575992226600647,0.5381816029548645,0.5844047665596008,0.5684640407562256,0.6303464770317078,0.5375619530677795,0.6284071803092957
147,0.5426644086837769,0.44335001707077026,0.561523973941803,0.4566683769226074,0.566332221031189,0.47715896368026733,0.5398597121238708,0.46301501989364624,0.535869836807251,0.4766218662261963,0.5616426467895508,0.45055246353149414,0.5444260835647583,0.45139047503471375,0.5604135990142822,0.5304664373397827,0.5447654128074646,0.5333189368247986,0.5574187636375427,0.5827994346618652,0.548669159412384,0.5904861688613892,0.5655842423439026,0.6314797401428223,0.5436068773269653,0.6241904497146606
148,0.5411905646324158,0.4448311924934387,0.5631133317947388,0.457449734210968,0.5735704898834229,0.4845377802848816,0.531382143497467,0.46341758966445923,0.5243959426879883,0.48364636301994324,0.5571969747543335,0.4547528028488159,0.5205355286598206,0.4473636746406555,0.562383770942688,0.5268138647079468,0.5430886149406433,0.5289722681045532,0.5575128793716431,0.57813560962677,0.5465639233589172,0.5839113593101501,0.5613753795623779,0.6289262771606445,0.5429285168647766,0.6224923133850098
149,0.541895866394043,0.4462360143661499,0.5660077333450317,0.4614916741847992,0.5738242268562317,0.48011988401412964,0.5317482948303223,0.4672710597515106,0.5217345356941223,0.47760945558547974,0.5586496591567993,0.4490675926208496,0.4931415319442749,0.40611857175827026,0.5619615316390991,0.5311754941940308,0.5404234528541565,0.5335739254951477,0.5557630658149719,0.5778474807739258,0.5448516011238098,0.5839318037033081,0.5593863725662231,0.6275672316551208,0.5419188737869263,0.6227301359176636
150,0.5423364043235779,0.44584280252456665,0.5737643241882324,0.4630826413631439,0.5808914303779602,0.49179014563560486,0.5248258113861084,0.46634942293167114,0.5156879425048828,0.48343679308891296,0.5550215244293213,0.45666107535362244,0.49142807722091675,0.4122227430343628,0.5666564106941223,0.5315741300582886,0.5363518595695496,0.5350114107131958,0.561310350894928,0.5700436234474182,0.5405740737915039,0.5819458961486816,0.5615413784980774,0.6264059543609619,0.5384238958358765,0.6222897171974182
151,0.5403794050216675,0.44594499468803406,0.5675337314605713,0.46389028429985046,0.5809904336929321,0.4905967712402344,0.5276294350624084,0.46946558356285095,0.5224881172180176,0.4892483651638031,0.560519278049469,0.47519704699516296,0.5147686004638672,0.45150959491729736,0.5653867125511169,0.5319788455963135,0.5391145944595337,0.5341379046440125,0.5609318017959595,0.5724207162857056,0.5426492691040039,0.5779963731765747,0.5658146142959595,0.629953145980835,0.5399219989776611,0.6233021020889282
152,0.5406351089477539,0.4472207725048065,0.5672261714935303,0.4637144207954407,0.578228771686554,0.4901883602142334,0.5305697917938232,0.4678623378276825,0.5235190391540527,0.4877340495586395,0.5608428716659546,0.47704464197158813,0.5246024131774902,0.4703575074672699,0.5656536817550659,0.5309150218963623,0.540978729724884,0.5327160358428955,0.5603013038635254,0.5727741122245789,0.5430430769920349,0.5779917240142822,0.5629169940948486,0.6252332329750061,0.5361749529838562,0.6197235584259033
153,0.544524073600769,0.4484296441078186,0.574763298034668,0.4667286276817322,0.5882444381713867,0.48993104696273804,0.5262754559516907,0.46909719705581665,0.5177359580993652,0.4771680235862732,0.5626059174537659,0.48042529821395874,0.5071833729743958,0.4437975287437439,0.5688442587852478,0.5396840572357178,0.5364430546760559,0.5451436638832092,0.562687337398529,0.582247257232666,0.5396604537963867,0.5897766351699829,0.5608760118484497,0.6290004253387451,0.5400605201721191,0.622434139251709
154,0.5472471117973328,0.4469113051891327,0.5777976512908936,0.46245723962783813,0.5895839929580688,0.49078893661499023,0.523957371711731,0.4670296609401703,0.517523467540741,0.4814643859863281,0.5708168148994446,0.496416300535202,0.5103880167007446,0.44931381940841675,0.5682055354118347,0.5409334897994995,0.5336481928825378,0.5458294153213501,0.5639942288398743,0.5864220857620239,0.5365744829177856,0.5960773229598999,0.5710451006889343,0.6391023397445679,0.5416330099105835,0.6281061768531799
155,0.5482239127159119,0.44548067450523376,0.5774848461151123,0.4608020484447479,0.5857503414154053,0.4887915849685669,0.5291589498519897,0.464223712682724,0.5208398103713989,0.4768989086151123,0.5635783672332764,0.48361143469810486,0.5281781554222107,0.4772483706474304,0.5674183368682861,0.5310350656509399,0.5341655015945435,0.5348271131515503,0.5581251978874207,0.5840957760810852,0.536605954170227,0.5906507968902588,0.5567883849143982,0.626670777797699,0.5321836471557617,0.6201563477516174
156,0.5452223420143127,0.44710564613342285,0.578882098197937,0.4615100622177124,0.5856738090515137,0.4889932870864868,0.5242220163345337,0.46583232283592224,0.5174872875213623,0.487488716840744,0.5688112378120422,0.48060113191604614,0.5227892994880676,0.4755025804042816,0.5673143267631531,0.5324714779853821,0.531490683555603,0.5346554517745972,0.5577724575996399,0.5859317779541016,0.5331360101699829,0.589968204498291,0.572140097618103,0.6413767337799072,0.5311858057975769,0.6216282844543457
157,0.5460867881774902,0.44463539123535156,0.5791018009185791,0.45713862776756287,0.5865007042884827,0.48927709460258484,0.525210440158844,0.4625459909439087,0.518225371837616,0.48863479495048523,0.5702120065689087,0.48401588201522827,0.5262778401374817,0.4798085391521454,0.5656710863113403,0.5291122198104858,0.5312042236328125,0.5316492319107056,0.5585542917251587,0.5826669931411743,0.5323119163513184,0.5868268013000488,0.5644848346710205,0.6345928311347961,0.5353527665138245,0.6239509582519531
158,0.5461344718933105,0.4452698826789856,0.5793612599372864,0.4583207964897156,0.5861381888389587,0.49005359411239624,0.5251573920249939,0.46381187438964844,0.5171189308166504,0.4890689551830292,0.5686355829238892,0.4854733943939209,0.5246803164482117,0.4813074767589569,0.5665782690048218,0.5298880338668823,0.5316355228424072,0.5321401357650757,0.5594492554664612,0.5821252465248108,0.5319817066192627,0.5859836339950562,0.5650995373725891,0.6339938044548035,0.534766674041748,0.6236864924430847
159,0.545258641242981,0.4458990693092346,0.5798443555831909,0.4634283185005188,0.5862036943435669,0.49301978945732117,0.524029016494751,0.4659336507320404,0.5189411640167236,0.48991554975509644,0.5695154666900635,0.48071953654289246,0.5240893959999084,0.47697746753692627,0.567389965057373,0.5316920280456543,0.5322476625442505,0.534043550491333,0.5632608532905579,0.5796990394592285,0.5333075523376465,0.5843602418899536,0.5678375363349915,0.6334912776947021,0.5350503921508789,0.6232509016990662
160,0.5455065965652466,0.4493776261806488,0.577131986618042,0.4682867228984833,0.5836125612258911,0.4929746985435486,0.5290665626525879,0.47138696908950806,0.5228279829025269,0.48985642194747925,0.5704476833343506,0.471834659576416,0.5266540050506592,0.4695701003074646,0.5687733888626099,0.5344169735908508,0.5381576418876648,0.5415497422218323,0.5690757036209106,0.5765831470489502,0.5398263931274414,0.5834622383117676,0.5662307739257812,0.6346092224121094,0.5365654826164246,0.6281862258911133
161,0.5428081750869751,0.44912752509117126,0.5771965384483337,0.4687327742576599,0.581821620464325,0.4910230338573456,0.5236877202987671,0.47247183322906494,0.5162385702133179,0.4830359220504761,0.5716601014137268,0.47311198711395264,0.5231925249099731,0.4703511595726013,0.5706437826156616,0.5331680774688721,0.5357839465141296,0.5357354283332825,0.5719215273857117,0.5767356157302856,0.5371561050415039,0.5830055475234985,0.5723583698272705,0.6380026936531067,0.5377389192581177,0.6279810667037964
162,0.5445274710655212,0.44981294870376587,0.5766873359680176,0.47288569808006287,0.5851943492889404,0.4944987893104553,0.5228910446166992,0.4767378568649292,0.5164504051208496,0.4889450967311859,0.5716447830200195,0.4715856909751892,0.5218065977096558,0.4637164771556854,0.5699067115783691,0.539169192314148,0.5363554954528809,0.5432058572769165,0.5720618963241577,0.5752276182174683,0.5363708734512329,0.581140398979187,0.5737975239753723,0.6379716396331787,0.536279559135437,0.6298909187316895
163,0.5511729717254639,0.44518929719924927,0.5747882127761841,0.46062159538269043,0.5757091045379639,0.4913531243801117,0.5323479175567627,0.46406230330467224,0.5217562913894653,0.4889456629753113,0.5647057890892029,0.4863238036632538,0.5258106589317322,0.4705323874950409,0.5690590143203735,0.5283349752426147,0.5430598855018616,0.529694676399231,0.5586415529251099,0.5772346258163452,0.5404094457626343,0.5794915556907654,0.5601093769073486,0.6328831911087036,0.538473904132843,0.6267601251602173
164,0.551365077495575,0.44505196809768677,0.5837910175323486,0.455146849155426,0.5905352234840393,0.4910362958908081,0.5259643793106079,0.4629198908805847,0.5194191336631775,0.4896659851074219,0.5710989236831665,0.4736429452896118,0.524500846862793,0.4680156707763672,0.5709006786346436,0.5324006080627441,0.5342133045196533,0.5350334644317627,0.5700125098228455,0.5818870067596436,0.5396822690963745,0.5891526937484741,0.5763218998908997,0.6374979615211487,0.5382433533668518,0.6268141269683838
165,0.5559494495391846,0.4401721656322479,0.5820387005805969,0.45031148195266724,0.5903452038764954,0.47407373785972595,0.5325150489807129,0.4613630771636963,0.5198203921318054,0.4764704704284668,0.572983980178833,0.45156797766685486,0.5266498923301697,0.45200419425964355,0.569504976272583,0.5279684662818909,0.5369250774383545,0.5325173139572144,0.5696866512298584,0.577675998210907,0.5427905321121216,0.5844526290893555,0.5677003264427185,0.6289569139480591,0.5362765789031982,0.6247111558914185
166,0.5512405037879944,0.43703174591064453,0.5821232795715332,0.4461232125759125,0.5854616761207581,0.47220999002456665,0.5325390696525574,0.45450592041015625,0.5190157890319824,0.474511981010437,0.5628423094749451,0.45496171712875366,0.5237846374511719,0.45293721556663513,0.5682202577590942,0.5242209434509277,0.5407134294509888,0.5265807509422302,0.5612925887107849,0.5715999007225037,0.5427550077438354,0.5814247727394104,0.559339165687561,0.6243810653686523,0.5377822518348694,0.6202541589736938
167,0.5582520365715027,0.434284508228302,0.5756925940513611,0.4484536349773407,0.5887588262557983,0.4495382010936737,0.5444384217262268,0.45279785990715027,0.5303108096122742,0.45941054821014404,0.5597493648529053,0.42560189962387085,0.5406248569488525,0.4266293942928314,0.5651031732559204,0.5234049558639526,0.5469039678573608,0.5257817506790161,0.5568477511405945,0.5807879567146301,0.5494853258132935,0.5835837125778198,0.5551643371582031,0.6298218965530396,0.5411010384559631,0.6240463256835938
168,0.5506106615066528,0.43259745836257935,0.5827714800834656,0.44252949953079224,0.5905956625938416,0.4451637864112854,0.5314536690711975,0.4494580626487732,0.5096485614776611,0.44742199778556824,0.5972278118133545,0.3789653182029724,0.49799489974975586,0.39019984006881714,0.5674808025360107,0.5251520872116089,0.5361863970756531,0.5277798771858215,0.5592822432518005,0.5801952481269836,0.5407408475875854,0.5873380899429321,0.5529794692993164,0.6283387541770935,0.5420496463775635,0.6247820854187012
169,0.5480976104736328,0.4312070310115814,0.5720643997192383,0.45035383105278015,0.5897989869117737,0.4327547252178192,0.5229566097259521,0.4543977975845337,0.5025280714035034,0.4326532483100891,0.5961337089538574,0.36798709630966187,0.48115476965904236,0.3599986732006073,0.5616747736930847,0.5271362066268921,0.5279881358146667,0.5296944379806519,0.5580843687057495,0.5839270353317261,0.5400426387786865,0.5903943777084351,0.5557510852813721,0.6334653496742249,0.5331315398216248,0.6323534846305847
170,0.5515792369842529,0.42606472969055176,0.5760235786437988,0.4399906396865845,0.5876672267913818,0.4323870837688446,0.5319880247116089,0.44397544860839844,0.5145223140716553,0.4399659335613251,0.5993366241455078,0.36816951632499695,0.48769277334213257,0.3614896237850189,0.5578159093856812,0.5189999938011169,0.5323630571365356,0.5238466262817383,0.5557182431221008,0.571601390838623,0.5398147702217102,0.5827658176422119,0.5521425604820251,0.6306153535842896,0.5352126359939575,0.6279363632202148
171,0.5529416799545288,0.41732415556907654,0.5744651556015015,0.4436141848564148,0.5877593159675598,0.4269382655620575,0.5349775552749634,0.45654675364494324,0.5155180096626282,0.4384067952632904,0.6019691824913025,0.36863625049591064,0.5394367575645447,0.42334669828414917,0.5521963238716125,0.5170341730117798,0.5324236154556274,0.5212311744689941,0.5479536056518555,0.5467511415481567,0.5291248559951782,0.5491636991500854,0.5417670011520386,0.6195515394210815,0.5396602153778076,0.6212679147720337
172,0.5479261875152588,0.4212680757045746,0.573136568069458,0.44625324010849,0.5883504152297974,0.4289310574531555,0.5347470045089722,0.4503469169139862,0.5415878295898438,0.42591142654418945,0.6000710129737854,0.3646630644798279,0.5417200326919556,0.4155512750148773,0.5571621656417847,0.5227453708648682,0.5320026278495789,0.5372172594070435,0.5537169575691223,0.5710400938987732,0.5388269424438477,0.5837806463241577,0.5471016764640808,0.6156519651412964,0.5415377616882324,0.6237794160842896
173,0.552768349647522,0.42457544803619385,0.5758181810379028,0.4605119824409485,0.5876082181930542,0.4287986755371094,0.5300294160842896,0.4935123920440674,0.5228706002235413,0.43307334184646606,0.6033846735954285,0.3549189567565918,0.5334581136703491,0.4172773063182831,0.5479156970977783,0.5306918621063232,0.5156856775283813,0.5268219709396362,0.5432546138763428,0.5113358497619629,0.5226058959960938,0.5313064455986023,0.5345284938812256,0.6159430742263794,0.5291848182678223,0.6105079650878906
174,0.5514557361602783,0.4000914692878723,0.5791634321212769,0.4247416853904724,0.6012997031211853,0.4063291549682617,0.5290908813476562,0.42459893226623535,0.48809540271759033,0.39100319147109985,0.5998034477233887,0.34664589166641235,0.4853789806365967,0.3425302505493164,0.5588828325271606,0.526685357093811,0.5266591310501099,0.5333162546157837,0.5619283318519592,0.5748019814491272,0.5410023927688599,0.5862241983413696,0.5444945096969604,0.6202991008758545,0.5389641523361206,0.6199103593826294
175,0.5529506206512451,0.39128273725509644,0.5809656381607056,0.4154079556465149,0.6019185185432434,0.40019720792770386,0.5181572437286377,0.41301435232162476,0.4965059161186218,0.3870072066783905,0.6045985221862793,0.34421318769454956,0.4875817894935608,0.3402899503707886,0.563235342502594,0.5101661682128906,0.5230333805084229,0.5133417844772339,0.5663166046142578,0.5696548819541931,0.532542884349823,0.583106279373169,0.5538891553878784,0.6196715235710144,0.5308502912521362,0.6180277466773987
176,0.5523234605789185,0.3953511118888855,0.581402599811554,0.42497000098228455,0.5914231538772583,0.41539543867111206,0.5305150747299194,0.4251062273979187,0.5410824418067932,0.4064335823059082,0.601736843585968,0.34577882289886475,0.5533800721168518,0.37831515073776245,0.560604453086853,0.5070565938949585,0.5237248539924622,0.5231374502182007,0.5509185194969177,0.5702717304229736,0.5325359106063843,0.580711841583252,0.5343709588050842,0.6170821189880371,0.5303318500518799,0.6120645999908447
177,0.5514850616455078,0.3792937695980072,0.5729886293411255,0.39851582050323486,0.6017429232597351,0.38081488013267517,0.5321875810623169,0.40538841485977173,0.5425149202346802,0.38495558500289917,0.6029226779937744,0.3311580419540405,0.5523915886878967,0.36594027280807495,0.5624836087226868,0.49728167057037354,0.5332146883010864,0.5034868717193604,0.5543376207351685,0.5497137308120728,0.5246416926383972,0.5373844504356384,0.5425100326538086,0.619830846786499,0.5311456322669983,0.6184437274932861
178,0.5548641681671143,0.37977123260498047,0.5828547477722168,0.40550097823143005,0.5900087356567383,0.3884851634502411,0.5154726505279541,0.4461434483528137,0.49432939291000366,0.36000463366508484,0.6034537553787231,0.32409313321113586,0.47954875230789185,0.2878326177597046,0.559968888759613,0.5211395025253296,0.5183277726173401,0.5276726484298706,0.557267427444458,0.5782685875892639,0.514968752861023,0.5920370221138,0.5477088093757629,0.6232060194015503,0.5289205312728882,0.6189547777175903
179,0.5469769835472107,0.3699551820755005,0.5804254412651062,0.4007754325866699,0.5905924439430237,0.3850170373916626,0.509371280670166,0.4233555197715759,0.49192580580711365,0.3494792878627777,0.6126967072486877,0.2848019003868103,0.5049763917922974,0.3249605596065521,0.55451500415802,0.5142345428466797,0.513221025466919,0.5232391357421875,0.5573047399520874,0.5742526054382324,0.4921456277370453,0.5767974853515625,0.5468347072601318,0.6218892335891724,0.5278260111808777,0.6172128319740295
180,0.5513303279876709,0.36052650213241577,0.583733856678009,0.38465845584869385,0.6027140617370605,0.33478379249572754,0.5251380205154419,0.3896649479866028,0.49488937854766846,0.32224607467651367,0.6198015809059143,0.2596779763698578,0.474636435508728,0.24985679984092712,0.5699321627616882,0.5020838379859924,0.5252659320831299,0.5052132606506348,0.5747790336608887,0.5767980813980103,0.541060745716095,0.585404098033905,0.5640363097190857,0.6339184641838074,0.5350992679595947,0.6312663555145264
181,0.550890326499939,0.3580746650695801,0.5771673321723938,0.38794267177581787,0.6013549566268921,0.3399065136909485,0.5219864845275879,0.3899249732494354,0.5003365874290466,0.3272152841091156,0.6102628707885742,0.25932759046554565,0.4755527675151825,0.25104689598083496,0.5692819356918335,0.5052485466003418,0.5255920886993408,0.5087473392486572,0.5817269682884216,0.5901179313659668,0.5374152660369873,0.5910577774047852,0.5592943429946899,0.6328833103179932,0.5345346927642822,0.6294263005256653
182,0.5491895079612732,0.34693288803100586,0.5822819471359253,0.3759179711341858,0.5979180932044983,0.3599761724472046,0.5137137770652771,0.38720449805259705,0.4987552762031555,0.3332890272140503,0.5917325019836426,0.30964189767837524,0.47476667165756226,0.25178587436676025,0.5672153234481812,0.5051310062408447,0.51865154504776,0.5111690759658813,0.5630431175231934,0.5912657380104065,0.5257988572120667,0.5866261720657349,0.5548819899559021,0.6350480318069458,0.5305650234222412,0.6249438524246216
183,0.29771536588668823,0.6022976040840149,0.5005688667297363,0.5252875089645386,0.5055447816848755,0.48464637994766235,0.308017760515213,0.612493634223938,0.4835180938243866,0.4194471836090088,0.5389978885650635,0.3403925597667694,0.3086201846599579,0.5913006067276001,0.5121692419052124,0.5408245325088501,0.5020256042480469,0.5419397950172424,0.5092195272445679,0.576773464679718,0.444787859916687,0.5757604837417603,0.5215013027191162,0.6253119111061096,0.5143215656280518,0.6232755184173584
184,0.5513835549354553,0.3316638469696045,0.5887010097503662,0.36469566822052,0.5828201770782471,0.3554430603981018,0.500961184501648,0.3902657628059387,0.5085659623146057,0.3510904014110565,0.6159659624099731,0.2460801899433136,0.4760180115699768,0.2425597757101059,0.5513657331466675,0.5032089948654175,0.5063339471817017,0.5106151103973389,0.536455512046814,0.5843703746795654,0.46717214584350586,0.5855084657669067,0.5353779792785645,0.6258547306060791,0.5272427797317505,0.620343804359436
185,0.5492510199546814,0.32154545187950134,0.5832382440567017,0.3548782467842102,0.58255535364151,0.3564588725566864,0.5073326826095581,0.37137946486473083,0.5026538372039795,0.3517168462276459,0.6151097416877747,0.2464105784893036,0.4735361933708191,0.24316972494125366,0.5460151433944702,0.5017911195755005,0.5038400888442993,0.5106450319290161,0.5415650606155396,0.5737847685813904,0.5160306096076965,0.5862604975700378,0.5430444478988647,0.6263118982315063,0.5285038352012634,0.6202710270881653
186,0.5369459390640259,0.31883126497268677,0.5635731220245361,0.35371702909469604,0.5557577610015869,0.4024503231048584,0.46320438385009766,0.4487634599208832,0.5090548992156982,0.3423460125923157,0.5448298454284668,0.32910388708114624,0.47518056631088257,0.2529105544090271,0.5310419797897339,0.5339566469192505,0.4896760880947113,0.5218436121940613,0.4998495280742645,0.5914349555969238,0.4499800205230713,0.5897782444953918,0.532994270324707,0.6214212775230408,0.5233505964279175,0.6163105964660645
187,0.2942768931388855,0.5965669751167297,0.5223107933998108,0.5219331979751587,0.5176563262939453,0.49483978748321533,0.30576834082603455,0.5755968689918518,0.4728406071662903,0.4717876613140106,0.5306967496871948,0.5921619534492493,0.30409079790115356,0.5646036863327026,0.5065767765045166,0.5178051590919495,0.4822622239589691,0.5183824300765991,0.47330912947654724,0.5205334424972534,0.41585254669189453,0.5229812860488892,0.5332744121551514,0.6159425377845764,0.5263921022415161,0.6127431392669678
188,0.5441019535064697,0.32297372817993164,0.5792176127433777,0.3549203872680664,0.5811538696289062,0.3525203466415405,0.5024832487106323,0.40380439162254333,0.5103009939193726,0.3436189591884613,0.5531984567642212,0.3209812343120575,0.4779665470123291,0.24909375607967377,0.5447998642921448,0.49484121799468994,0.5057293772697449,0.5004160404205322,0.5368428826332092,0.550203800201416,0.482322633266449,0.5532392263412476,0.5390787124633789,0.6179107427597046,0.5275176763534546,0.6126397252082825
189,0.5472074747085571,0.3162600100040436,0.5852130651473999,0.35210034251213074,0.5820196270942688,0.34979599714279175,0.511044442653656,0.3737269639968872,0.497424840927124,0.33541369438171387,0.5715717077255249,0.31878727674484253,0.4761326014995575,0.2511335611343384,0.5540981888771057,0.49669063091278076,0.5133805871009827,0.49385198950767517,0.5556704998016357,0.568782389163971,0.515103816986084,0.5795390009880066,0.5413241386413574,0.6180602312088013,0.5339711904525757,0.6167091131210327
190,0.5452636480331421,0.3149195611476898,0.5809757709503174,0.35019469261169434,0.5872665047645569,0.3548291325569153,0.515891969203949,0.35997474193573,0.4934520423412323,0.3208697438240051,0.5551973581314087,0.31623199582099915,0.47644472122192383,0.2502138018608093,0.5598263740539551,0.4906565845012665,0.5172186493873596,0.496393620967865,0.5606483221054077,0.5748567581176758,0.5203855037689209,0.5981517434120178,0.5496321320533752,0.6212506890296936,0.5347703695297241,0.6195129156112671
191,0.5439513325691223,0.31280362606048584,0.5275307893753052,0.4677029848098755,0.5591602325439453,0.4085104465484619,0.46413931250572205,0.45196637511253357,0.4651613235473633,0.38377198576927185,0.5557901859283447,0.32277554273605347,0.48339352011680603,0.2585994303226471,0.5244839191436768,0.5208845138549805,0.48325634002685547,0.5229226350784302,0.5017542839050293,0.5901250243186951,0.4256894290447235,0.5939852595329285,0.5226002931594849,0.6190717816352844,0.31497722864151,0.6036489605903625
192,0.5447949767112732,0.31488820910453796,0.5299468040466309,0.5215893387794495,0.5497514009475708,0.5037684440612793,0.3007734417915344,0.6168684363365173,0.4317200183868408,0.44705066084861755,0.5358442068099976,0.5252498388290405,0.30364739894866943,0.5444918870925903,0.5108073949813843,0.5216315984725952,0.4587416350841522,0.5232923626899719,0.5060248970985413,0.5564034581184387,0.39104437828063965,0.555112361907959,0.5281850099563599,0.6253970861434937,0.4694032371044159,0.6341403722763062
193,0.27097582817077637,0.6555852293968201,0.527813196182251,0.5435677766799927,0.5549935698509216,0.504192590713501,0.2566911578178406,0.6074320673942566,0.43212196230888367,0.44839614629745483,0.5391778945922852,0.5338755249977112,0.30260634422302246,0.5443760752677917,0.5282214283943176,0.5210483074188232,0.4635099768638611,0.5045425891876221,0.5381137132644653,0.5326293706893921,0.41595137119293213,0.5241791009902954,0.5342662334442139,0.6251145601272583,0.52364581823349,0.6229397058486938
194,0.2705870568752289,0.6555547714233398,0.5277859568595886,0.546258807182312,0.5551653504371643,0.5067733526229858,0.26741889119148254,0.6543561220169067,0.40766212344169617,0.4726172387599945,0.5408015847206116,0.5546835660934448,0.3022500276565552,0.5460476279258728,0.5104182958602905,0.5054664611816406,0.4576408863067627,0.5036325454711914,0.5383930206298828,0.5324856042861938,0.38965439796447754,0.5255744457244873,0.5333445072174072,0.6261923313140869,0.4639934003353119,0.5994892120361328
195,0.2721658945083618,0.6517016887664795,0.5286229252815247,0.5417858362197876,0.5556968450546265,0.5022148489952087,0.255760133266449,0.6045302152633667,0.4055202901363373,0.4494485855102539,0.5380187034606934,0.5282573103904724,0.3024366796016693,0.545963704586029,0.5126420259475708,0.5217892527580261,0.4564509093761444,0.5219400525093079,0.5328443050384521,0.5674678087234497,0.3873312175273895,0.5514681935310364,0.5318120718002319,0.6269899010658264,0.46563225984573364,0.6191088557243347
196,0.5486468076705933,0.3215792179107666,0.5532045364379883,0.48426422476768494,0.5789375305175781,0.4484183192253113,0.3049371540546417,0.6155927181243896,0.4041428565979004,0.4015592932701111,0.560140073299408,0.5057188272476196,0.4183571934700012,0.4459695518016815,0.545502245426178,0.5194492340087891,0.4645555019378662,0.5248356461524963,0.5368406176567078,0.5752466917037964,0.42226719856262207,0.6052504777908325,0.5346670746803284,0.631007194519043,0.4833681583404541,0.6406410932540894
197,0.550197184085846,0.3222824037075043,0.5728635787963867,0.3584551513195038,0.5871655941009521,0.353605717420578,0.5269022583961487,0.3628067672252655,0.5179147720336914,0.3457103669643402,0.5818502902984619,0.30649179220199585,0.4951706528663635,0.2635698914527893,0.5589900612831116,0.48623406887054443,0.5275814533233643,0.5002098679542542,0.56154865026474,0.5856373310089111,0.5296218991279602,0.5989748239517212,0.5536345839500427,0.6326671838760376,0.5398464798927307,0.6294552087783813
198,0.5487563014030457,0.3215404152870178,0.5822827816009521,0.3550255298614502,0.5939353704452515,0.34996089339256287,0.5102545022964478,0.37674206495285034,0.5142074227333069,0.3425331115722656,0.5786742568016052,0.3240710198879242,0.5211083889007568,0.3057301342487335,0.5621045827865601,0.5028119087219238,0.510179877281189,0.5090011954307556,0.5434103012084961,0.5793683528900146,0.49922633171081543,0.6055518984794617,0.5457510948181152,0.6374489068984985,0.5251178741455078,0.6296905279159546
199,0.5486775636672974,0.32200178503990173,0.5787816643714905,0.35486775636672974,0.586794912815094,0.3451859951019287,0.46498703956604004,0.44914811849594116,0.4618963897228241,0.3752715289592743,0.5565387010574341,0.3186601400375366,0.5242012739181519,0.30585724115371704,0.5489169359207153,0.5208303928375244,0.5032075643539429,0.5258170366287231,0.537845253944397,0.6086587905883789,0.4519878625869751,0.6377259492874146,0.5327854752540588,0.6334607601165771,0.5210207104682922,0.6311982274055481
200,0.5483790636062622,0.32288774847984314,0.5300653576850891,0.5233554244041443,0.5531719326972961,0.5021193027496338,0.2566659450531006,0.6029359698295593,0.4313296973705292,0.4194152057170868,0.5467570424079895,0.3220531642436981,0.532355546951294,0.32201045751571655,0.5316964983940125,0.5419695377349854,0.48182564973831177,0.5462548732757568,0.5188555717468262,0.6099648475646973,0.42183971405029297,0.6057826280593872,0.5265962481498718,0.6309370994567871,0.5180869102478027,0.6283459663391113
201,0.25868359208106995,0.6064879894256592,0.3177870213985443,0.5936852693557739,0.32103678584098816,0.5766900777816772,0.2548966407775879,0.6024675965309143,0.31069743633270264,0.5455437898635864,0.31063777208328247,0.5595464706420898,0.3066107928752899,0.5367926359176636,0.3744809031486511,0.5687017440795898,0.34198009967803955,0.5852354764938354,0.32349804043769836,0.599427342414856,0.29221439361572266,0.5897643566131592,0.32073456048965454,0.6057558059692383,0.31264346837997437,0.6022522449493408
202,0.2552403509616852,0.6221839189529419,0.31517088413238525,0.5939656496047974,0.322750985622406,0.5755754709243774,0.2517523169517517,0.6022369861602783,0.29389655590057373,0.5461437702178955,0.3101097047328949,0.5588850378990173,0.3067854344844818,0.5375720858573914,0.36922556161880493,0.5654244422912598,0.32196465134620667,0.568856418132782,0.32017719745635986,0.5702030062675476,0.289955198764801,0.5501831769943237,0.32157912850379944,0.6022997498512268,0.3131321668624878,0.5987276434898376
203,0.25488027930259705,0.6088384389877319,0.3124222159385681,0.5931795835494995,0.3229076862335205,0.5754653811454773,0.25190290808677673,0.6017916202545166,0.2947949767112732,0.5460569262504578,0.310325026512146,0.5579155683517456,0.3071930408477783,0.5375968217849731,0.3495599627494812,0.5526431202888489,0.32087141275405884,0.5679961442947388,0.3178795576095581,0.547817587852478,0.2905743718147278,0.5483777523040771,0.32090234756469727,0.6012481451034546,0.313836932182312,0.5977043509483337
204,0.2546648383140564,0.6066783666610718,0.2894379794597626,0.5901118516921997,0.3205760717391968,0.5267375707626343,0.2715631425380707,0.5849027633666992,0.316904217004776,0.5470964908599854,0.3108610510826111,0.5605639219284058,0.31074434518814087,0.5542644262313843,0.3276825547218323,0.5672152042388916,0.3248484134674072,0.5675134062767029,0.2979937791824341,0.5501490831375122,0.30780211091041565,0.5477158427238464,0.31498807668685913,0.5758588314056396,0.31547248363494873,0.5966018438339233
205,0.25536930561065674,0.5840330719947815,0.2916176915168762,0.5724175572395325,0.3203865885734558,0.5733548998832703,0.2560707926750183,0.5803656578063965,0.31487974524497986,0.548313319683075,0.309999942779541,0.5648037791252136,0.311691552400589,0.5435248613357544,0.3305567502975464,0.5685863494873047,0.3233352303504944,0.5808943510055542,0.30183112621307373,0.5868098735809326,0.2947087585926056,0.5849965810775757,0.31358084082603455,0.5794674158096313,0.309788316488266,0.5769804120063782
206,0.25580528378486633,0.5849429368972778,0.2919541895389557,0.5716582536697388,0.32171007990837097,0.5639110207557678,0.25479423999786377,0.5792806148529053,0.3151549696922302,0.5479554533958435,0.310090571641922,0.5648105144500732,0.3114340007305145,0.5436969995498657,0.3308035731315613,0.5678709745407104,0.3221900463104248,0.568425178527832,0.31489241123199463,0.5839741230010986,0.29257774353027344,0.5723903179168701,0.31381115317344666,0.5792424082756042,0.3095141649246216,0.5768693089485168
207,0.2563163638114929,0.5858214497566223,0.2924504280090332,0.5722461938858032,0.3214713931083679,0.5637674927711487,0.255180299282074,0.5798990726470947,0.31486374139785767,0.5475409030914307,0.3103794753551483,0.5642513632774353,0.30984851717948914,0.5560933947563171,0.33139467239379883,0.5686906576156616,0.32250043749809265,0.5810176134109497,0.31524547934532166,0.584915280342102,0.29388970136642456,0.5843717455863953,0.3145241141319275,0.5788568258285522,0.31004664301872253,0.576483428478241
208,0.25693634152412415,0.5832871794700623,0.29249659180641174,0.5704871416091919,0.321206659078598,0.5719355344772339,0.2696239948272705,0.5643833875656128,0.3147483170032501,0.5469053983688354,0.310874342918396,0.5649241209030151,0.3118193745613098,0.5438621640205383,0.3318064212799072,0.5684287548065186,0.32245072722435,0.5806195139884949,0.315415620803833,0.5870427489280701,0.2937212288379669,0.5864492654800415,0.3147333264350891,0.5800879001617432,0.3103443384170532,0.5776174068450928
209,0.2571364939212799,0.5644716620445251,0.2911730110645294,0.5672927498817444,0.32060593366622925,0.5701237916946411,0.27075257897377014,0.5612930059432983,0.31574389338493347,0.5245422124862671,0.31112170219421387,0.5648316144943237,0.3126802444458008,0.5437009930610657,0.3308217227458954,0.567834198474884,0.3223908245563507,0.5803290605545044,0.30191242694854736,0.5890817642211914,0.2936721444129944,0.5872365832328796,0.31453070044517517,0.580600380897522,0.3121801018714905,0.5902878046035767
210,0.25713157653808594,0.5616756677627563,0.29194653034210205,0.5649838447570801,0.3214661180973053,0.5683793425559998,0.2547609508037567,0.5595359802246094,0.31585147976875305,0.5224260687828064,0.3107692301273346,0.563351035118103,0.31231197714805603,0.5432630777359009,0.32930779457092285,0.5656660795211792,0.31927940249443054,0.5663735270500183,0.30201733112335205,0.5874022245407104,0.2913515567779541,0.5857101678848267,0.31348055601119995,0.5799070596694946,0.30958637595176697,0.5775211453437805
211,0.25684428215026855,0.5613808035850525,0.29150262475013733,0.5648624300956726,0.3221300542354584,0.5230463147163391,0.2696536183357239,0.5597378611564636,0.31600266695022583,0.5219049453735352,0.3101581335067749,0.5611268281936646,0.31231755018234253,0.5426315665245056,0.32970741391181946,0.5651298761367798,0.32075971364974976,0.5661977529525757,0.302184522151947,0.5856279134750366,0.2927038073539734,0.5840029716491699,0.3133710026741028,0.5784278512001038,0.309882253408432,0.5761221647262573
212,0.2561924457550049,0.5411739945411682,0.28611665964126587,0.5449327230453491,0.3216583728790283,0.5197900533676147,0.2716401219367981,0.556280791759491,0.3172745108604431,0.5190374255180359,0.3106191158294678,0.5619226098060608,0.313606858253479,0.542651891708374,0.3294017016887665,0.5659182071685791,0.3220129609107971,0.5672265887260437,0.30157947540283203,0.5887134075164795,0.29395928978919983,0.5872070789337158,0.31275925040245056,0.5797667503356934,0.31043776869773865,0.5773458480834961
213,0.27269333600997925,0.5520355701446533,0.2866520285606384,0.5433451533317566,0.32161945104599,0.5191571712493896,0.2723010778427124,0.5553880929946899,0.31731677055358887,0.5186201930046082,0.3105408847332001,0.5610885620117188,0.31361719965934753,0.5424115657806396,0.329682856798172,0.5678585767745972,0.3226880431175232,0.5816082954406738,0.3015875220298767,0.5980729460716248,0.29360178112983704,0.5967861413955688,0.3161328434944153,0.6014811992645264,0.3122924566268921,0.5901095867156982
214,0.28882932662963867,0.5338783264160156,0.3074183464050293,0.5416227579116821,0.39174386858940125,0.4618087410926819,0.2890303134918213,0.5375328063964844,0.31550872325897217,0.4667346477508545,0.3053489923477173,0.36134612560272217,0.31375038623809814,0.5421141386032104,0.35482823848724365,0.5825613737106323,0.32742828130722046,0.5856105089187622,0.3219401240348816,0.6123634576797485,0.3101111054420471,0.6122382879257202,0.31827312707901,0.6043857932090759,0.3156265616416931,0.6018987894058228
215,0.2883661985397339,0.5328617095947266,0.30204254388809204,0.5216473937034607,0.3218522369861603,0.5681259036064148,0.27356067299842834,0.5525461435317993,0.31487128138542175,0.46599096059799194,0.30620983242988586,0.36135801672935486,0.30695098638534546,0.36602532863616943,0.33379626274108887,0.5835453271865845,0.3230546712875366,0.5867882370948792,0.3200151026248932,0.6149774789810181,0.29123401641845703,0.6360218524932861,0.317345529794693,0.6055601239204407,0.31488293409347534,0.6032693386077881
216,0.5501231551170349,0.3116108179092407,0.5570731163024902,0.47446340322494507,0.5589216947555542,0.3287842273712158,0.45754921436309814,0.4468497931957245,0.45097658038139343,0.4042205512523651,0.5563766956329346,0.3174600601196289,0.4891479015350342,0.26586151123046875,0.5539722442626953,0.5660703778266907,0.5009121894836426,0.5690344572067261,0.5190303325653076,0.6155798435211182,0.44306373596191406,0.6358023881912231,0.526182234287262,0.6301418542861938,0.4508669972419739,0.6762957572937012
217,0.5539920926094055,0.3136438727378845,0.5933305025100708,0.339481920003891,0.5979869365692139,0.3361589312553406,0.5116663575172424,0.3439734876155853,0.5076035261154175,0.3347928524017334,0.5609287619590759,0.3178083896636963,0.48380815982818604,0.26184383034706116,0.5708242654800415,0.5561193823814392,0.5037873983383179,0.5509333610534668,0.5345983505249023,0.6240406036376953,0.44498854875564575,0.6590319275856018,0.529462993144989,0.6347010135650635,0.4521465301513672,0.6803222894668579
218,0.550932765007019,0.31740397214889526,0.5876964926719666,0.34361499547958374,0.5977194309234619,0.33784741163253784,0.5062172412872314,0.34570544958114624,0.49346813559532166,0.32822710275650024,0.5585039854049683,0.3115916848182678,0.489903062582016,0.2590647339820862,0.5750170946121216,0.5401135087013245,0.5081411600112915,0.5471738576889038,0.5408053398132324,0.6249305009841919,0.45220983028411865,0.6576312780380249,0.5347292423248291,0.6379184722900391,0.5145199298858643,0.633711576461792
219,0.5521784424781799,0.31840813159942627,0.572148859500885,0.33940932154655457,0.5558874607086182,0.32629773020744324,0.5277425050735474,0.33886033296585083,0.49549293518066406,0.3233822286128998,0.5441346168518066,0.31250447034835815,0.48984819650650024,0.2664090096950531,0.5632956027984619,0.5631915330886841,0.5271468162536621,0.5668444633483887,0.5378825664520264,0.6233246922492981,0.4779275357723236,0.6414591073989868,0.5322614908218384,0.6365158557891846,0.5166759490966797,0.6351369619369507
220,0.3108927607536316,0.5905749201774597,0.49634289741516113,0.5279712677001953,0.5294046401977539,0.5374631881713867,0.3151416778564453,0.5696327686309814,0.45709681510925293,0.5006790161132812,0.5140116810798645,0.5992543697357178,0.31797850131988525,0.5620789527893066,0.5325775146484375,0.5644727349281311,0.5062146186828613,0.5645512938499451,0.46288174390792847,0.5544413924217224,0.43698370456695557,0.5532011985778809,0.5229949951171875,0.6265199780464172,0.5169480443000793,0.6220447421073914
221,0.3126077651977539,0.6091246604919434,0.5247722268104553,0.5670878887176514,0.54914790391922,0.5495467185974121,0.4982123076915741,0.5591742396354675,0.4671963155269623,0.4983431100845337,0.5252711176872253,0.6006652116775513,0.3138960301876068,0.5927709937095642,0.5562505125999451,0.5523431301116943,0.52696293592453,0.5511054396629333,0.49716728925704956,0.560788094997406,0.4629356265068054,0.5543418526649475,0.5284574627876282,0.6311208009719849,0.5191198587417603,0.6252066493034363
222,0.5424140691757202,0.30833059549331665,0.5796118974685669,0.34426018595695496,0.6074919700622559,0.35289764404296875,0.5327085852622986,0.34715843200683594,0.5016558170318604,0.3492163121700287,0.5912070274353027,0.3175068199634552,0.5174944996833801,0.3232322931289673,0.5694936513900757,0.4916146695613861,0.545475423336029,0.5034801959991455,0.5604072213172913,0.5716097950935364,0.5349941253662109,0.5865374803543091,0.5562480688095093,0.6383951902389526,0.5340142250061035,0.6344772577285767
223,0.5486418008804321,0.3271123766899109,0.5806625485420227,0.35346436500549316,0.6162832975387573,0.36256143450737,0.5133637189865112,0.3548085391521454,0.4970904588699341,0.3608597218990326,0.5883380174636841,0.33598119020462036,0.5203813910484314,0.3344273269176483,0.5762885808944702,0.4824232757091522,0.5317444801330566,0.4863084554672241,0.5894419550895691,0.5643635988235474,0.5352832078933716,0.5742970705032349,0.5663261413574219,0.6360899209976196,0.5407770872116089,0.632793664932251
224,0.5457339286804199,0.32644885778427124,0.579971432685852,0.35856205224990845,0.6195497512817383,0.37590742111206055,0.5137919187545776,0.3529241681098938,0.4933553636074066,0.3669605851173401,0.5866362452507019,0.3260186016559601,0.5185732841491699,0.3309520483016968,0.5800963640213013,0.4848036766052246,0.5265891551971436,0.48575037717819214,0.5841664671897888,0.5694735050201416,0.5364047288894653,0.5774128437042236,0.5797243118286133,0.6425799131393433,0.5362319946289062,0.6447558403015137
225,0.5543652772903442,0.3238617181777954,0.5882502794265747,0.3556355834007263,0.611126184463501,0.3830372989177704,0.5144639611244202,0.34843096137046814,0.49517810344696045,0.37546277046203613,0.5814210176467896,0.33755403757095337,0.5139020681381226,0.349399209022522,0.5805119872093201,0.4794549345970154,0.528954803943634,0.4793272912502289,0.5890715718269348,0.5612379312515259,0.5382201075553894,0.5700986981391907,0.5804571509361267,0.6461136341094971,0.5374002456665039,0.6447953581809998
226,0.5575580596923828,0.3192477524280548,0.5911669135093689,0.3499698340892792,0.6127234101295471,0.3772595524787903,0.518455982208252,0.3474535644054413,0.4974477291107178,0.3800088167190552,0.5865559577941895,0.3394821286201477,0.5046277046203613,0.35236549377441406,0.5818314552307129,0.4724723994731903,0.5297483205795288,0.4714980125427246,0.5841699838638306,0.5570743083953857,0.537329912185669,0.56234210729599,0.573549747467041,0.6425365209579468,0.5368161201477051,0.6446195840835571
227,0.5592718720436096,0.3198528289794922,0.5939102172851562,0.3534712791442871,0.6056066751480103,0.38560962677001953,0.5185768008232117,0.35094162821769714,0.5004716515541077,0.3848057687282562,0.5747448205947876,0.33999770879745483,0.5112191438674927,0.35423848032951355,0.5814660787582397,0.4737871289253235,0.5263761281967163,0.4718620777130127,0.5800847411155701,0.556085467338562,0.535085916519165,0.5619323253631592,0.5741902589797974,0.6402839422225952,0.5354567170143127,0.6431145071983337
228,0.5535423159599304,0.3202957808971405,0.5907678604125977,0.3511870503425598,0.6082965135574341,0.38752269744873047,0.5151789784431458,0.35420113801956177,0.5026065111160278,0.39443302154541016,0.5749301910400391,0.3450825810432434,0.5097258687019348,0.3640076518058777,0.5804510116577148,0.4749918580055237,0.5260339975357056,0.4760400652885437,0.5750722289085388,0.5591813325881958,0.5339543223381042,0.5654220581054688,0.5766844153404236,0.6450459957122803,0.5372846126556396,0.648303747177124
229,0.5517334342002869,0.31971079111099243,0.5872802734375,0.3531084656715393,0.6063793897628784,0.39043399691581726,0.5203144550323486,0.35653775930404663,0.4978425204753876,0.3960157036781311,0.5836127996444702,0.3482522666454315,0.5013535022735596,0.36610352993011475,0.5785940885543823,0.4751686751842499,0.5248823165893555,0.4752846658229828,0.5746541023254395,0.55945885181427,0.5327486395835876,0.5629212856292725,0.5774902105331421,0.6436465978622437,0.5367346405982971,0.6458866596221924
230,0.5552828311920166,0.31799787282943726,0.5915043950080872,0.3568858802318573,0.607219398021698,0.3945278525352478,0.520534873008728,0.35689887404441833,0.49562153220176697,0.3994458317756653,0.5855882167816162,0.35588857531547546,0.5054393410682678,0.3722260594367981,0.5816899538040161,0.4778495728969574,0.5229640007019043,0.47691524028778076,0.5766786336898804,0.5636148452758789,0.5327250957489014,0.5668830871582031,0.5767585635185242,0.6456683278083801,0.5356969833374023,0.6502417325973511
231,0.5548713803291321,0.3178364634513855,0.5886775255203247,0.3517639636993408,0.6064625978469849,0.38989099860191345,0.5177696943283081,0.35320407152175903,0.4938136339187622,0.3954106569290161,0.5796681642532349,0.35783621668815613,0.506989598274231,0.3760716915130615,0.5787716507911682,0.47790151834487915,0.5213423371315002,0.47397446632385254,0.5768859386444092,0.56119304895401,0.5295557975769043,0.5641939043998718,0.5806514024734497,0.6465258598327637,0.5351144075393677,0.6475445032119751
232,0.5545751452445984,0.3184822201728821,0.5893279910087585,0.35071033239364624,0.6040250062942505,0.39315515756607056,0.5179587602615356,0.35446697473526,0.49340319633483887,0.39665400981903076,0.5854467153549194,0.36207467317581177,0.49644267559051514,0.3814566731452942,0.5785108208656311,0.4783850312232971,0.5214055776596069,0.47455093264579773,0.5789919495582581,0.5631709098815918,0.5285230875015259,0.5649635195732117,0.5809165835380554,0.6464771032333374,0.5359606742858887,0.6474975943565369
233,0.5573641061782837,0.31722593307495117,0.5902975797653198,0.3551914095878601,0.6027301549911499,0.39923399686813354,0.521044909954071,0.3564950227737427,0.495614230632782,0.40144288539886475,0.5897558331489563,0.3655652701854706,0.5026751756668091,0.3972563147544861,0.5778055191040039,0.4750165641307831,0.5237424969673157,0.47491371631622314,0.5730026364326477,0.5587424635887146,0.5270063877105713,0.5606224536895752,0.5792707204818726,0.6444059014320374,0.534203290939331,0.6459315419197083
234,0.5574691891670227,0.31753015518188477,0.5906751155853271,0.35564321279525757,0.6042976379394531,0.3996044993400574,0.5243319272994995,0.35752710700035095,0.4976949691772461,0.39919549226760864,0.5911809206008911,0.365019291639328,0.4990491569042206,0.4094361662864685,0.5785179138183594,0.4753478169441223,0.5262451171875,0.47566521167755127,0.5734724402427673,0.5585143566131592,0.5299453735351562,0.5608309507369995,0.5789754986763,0.6452652812004089,0.5383971929550171,0.6426516175270081
235,0.5574276447296143,0.31653904914855957,0.5922478437423706,0.3554641902446747,0.6049997806549072,0.4025297164916992,0.5216759443283081,0.35542356967926025,0.4978131055831909,0.39862340688705444,0.5937153100967407,0.37540513277053833,0.49908918142318726,0.4106314182281494,0.579016923904419,0.47915172576904297,0.5250054001808167,0.4744945466518402,0.5733731389045715,0.5570154190063477,0.5270596146583557,0.5596511363983154,0.5737413167953491,0.6415058970451355,0.5367673635482788,0.6416652202606201
236,0.5564549565315247,0.31631118059158325,0.5894894599914551,0.3545333743095398,0.604508638381958,0.4012886881828308,0.5201718211174011,0.3545564115047455,0.4984595477581024,0.39690452814102173,0.594437837600708,0.37587064504623413,0.5027247071266174,0.4155697524547577,0.5785061717033386,0.4787265658378601,0.5254417657852173,0.47432321310043335,0.5738686323165894,0.5574547052383423,0.5286979079246521,0.5610514283180237,0.5735588073730469,0.6417831182479858,0.5353744029998779,0.6448782682418823
237,0.5547043085098267,0.31795012950897217,0.5894407033920288,0.35585206747055054,0.6048301458358765,0.40206989645957947,0.5189300775527954,0.35682499408721924,0.49922603368759155,0.39958569407463074,0.5947086215019226,0.37748247385025024,0.5030970573425293,0.4273083806037903,0.5782684087753296,0.47651809453964233,0.5254456996917725,0.47746747732162476,0.5750064849853516,0.558152437210083,0.5290207266807556,0.5619639158248901,0.579861044883728,0.6436951756477356,0.5382890701293945,0.6425052285194397
238,0.556228756904602,0.31813228130340576,0.5880264639854431,0.3581606149673462,0.6037856340408325,0.4065268933773041,0.5187779664993286,0.3585032820701599,0.4996184706687927,0.4071542024612427,0.5929858684539795,0.39645057916641235,0.49606871604919434,0.44107434153556824,0.5786973834037781,0.47820591926574707,0.5266374349594116,0.4786480665206909,0.5771452784538269,0.5587016344070435,0.5320808291435242,0.5605893731117249,0.5867591500282288,0.6467518210411072,0.540358304977417,0.6432108283042908
239,0.5574550032615662,0.3172077536582947,0.5900192260742188,0.35877037048339844,0.6038938164710999,0.40753409266471863,0.5193225741386414,0.35889336466789246,0.4999527335166931,0.40818923711776733,0.5933758020401001,0.39654776453971863,0.49569833278656006,0.4441680610179901,0.5794534683227539,0.47930166125297546,0.5275639891624451,0.48022231459617615,0.5780543684959412,0.5602706670761108,0.5321509838104248,0.5626086592674255,0.5802769064903259,0.6469146013259888,0.5409752726554871,0.6447560787200928
240,0.5573858618736267,0.32182201743125916,0.5838162899017334,0.3656122386455536,0.5999624133110046,0.41946953535079956,0.5246406197547913,0.36752867698669434,0.5060828328132629,0.4171012043952942,0.5979501008987427,0.37891194224357605,0.5038363933563232,0.44763195514678955,0.5779306888580322,0.48293954133987427,0.5308276414871216,0.48269784450531006,0.5755695700645447,0.5589690208435059,0.5363324284553528,0.5626541972160339,0.5710722804069519,0.6419333219528198,0.5390166640281677,0.6423289775848389
241,0.5576401948928833,0.3205009400844574,0.5866031646728516,0.36418864130973816,0.6005781888961792,0.4192295968532562,0.5241959691047668,0.3660907745361328,0.505845308303833,0.415058434009552,0.5930436849594116,0.4003893733024597,0.49792855978012085,0.45652610063552856,0.5786334276199341,0.4835667014122009,0.5299222469329834,0.48298221826553345,0.5758586525917053,0.5581093430519104,0.5333447456359863,0.5611329674720764,0.5726232528686523,0.6411609649658203,0.5383309125900269,0.6412087678909302
242,0.5578492283821106,0.3198773264884949,0.5841594338417053,0.36474037170410156,0.5996992588043213,0.42046746611595154,0.5236072540283203,0.36617597937583923,0.5045570135116577,0.4167005717754364,0.5964269638061523,0.395660400390625,0.4919500946998596,0.45060500502586365,0.5762503147125244,0.48258060216903687,0.5287968516349792,0.48206353187561035,0.575502336025238,0.5579104423522949,0.5295273065567017,0.5606452226638794,0.5719862580299377,0.6405797004699707,0.537071943283081,0.6410736441612244
243,0.5547395944595337,0.3203750252723694,0.584764301776886,0.3629067838191986,0.600010871887207,0.4201553761959076,0.5211528539657593,0.3656085133552551,0.5062956809997559,0.4186549782752991,0.5985896587371826,0.3744993805885315,0.48808085918426514,0.45744261145591736,0.5759832262992859,0.4826906621456146,0.526688814163208,0.48282214999198914,0.5778177976608276,0.5600395798683167,0.5295248627662659,0.5637338161468506,0.5870329141616821,0.6503500938415527,0.5390993356704712,0.6416553854942322
244,0.5544762015342712,0.319474995136261,0.5836939215660095,0.3618069887161255,0.5998315215110779,0.42124447226524353,0.5198888778686523,0.3658859133720398,0.5005632042884827,0.4211216866970062,0.5975212454795837,0.374374121427536,0.4873201549053192,0.46032243967056274,0.5758203268051147,0.4831426739692688,0.5264650583267212,0.4833190143108368,0.5788059234619141,0.5614677667617798,0.5282169580459595,0.5656455755233765,0.5741573572158813,0.6429356932640076,0.5370912551879883,0.6422182321548462
245,0.5548529624938965,0.3202492892742157,0.5833113789558411,0.36365002393722534,0.5986925959587097,0.4232341945171356,0.5206089615821838,0.3662452697753906,0.5025712847709656,0.4203266501426697,0.5965612530708313,0.37515875697135925,0.4930785596370697,0.45359691977500916,0.575583279132843,0.4836697578430176,0.5263286232948303,0.4836992025375366,0.5781029462814331,0.5618464350700378,0.528974711894989,0.5666996836662292,0.5743077993392944,0.643406093120575,0.5374037027359009,0.6426559090614319
246,0.555004894733429,0.3199855387210846,0.5834150910377502,0.36275017261505127,0.5988011360168457,0.42305421829223633,0.5197184681892395,0.36575108766555786,0.502409040927887,0.42132672667503357,0.5957677364349365,0.3734724521636963,0.4930371046066284,0.44989681243896484,0.5760537981987,0.48411068320274353,0.5260524749755859,0.4844580590724945,0.5789790749549866,0.5614398717880249,0.5284212827682495,0.56695556640625,0.575161337852478,0.6433207392692566,0.5372406244277954,0.6423420906066895
247,0.5568930506706238,0.3205984830856323,0.5851002335548401,0.366266131401062,0.5979927778244019,0.42652198672294617,0.520472526550293,0.3666449785232544,0.5026459097862244,0.4237205386161804,0.5954309105873108,0.3756549060344696,0.49832555651664734,0.4513642191886902,0.5753699541091919,0.4855102002620697,0.5255633592605591,0.4852412939071655,0.57706218957901,0.5607293248176575,0.5286338329315186,0.5659828186035156,0.5744742155075073,0.643357515335083,0.5372917056083679,0.6421938538551331
248,0.556708574295044,0.3200174570083618,0.584232747554779,0.36361169815063477,0.598476767539978,0.42387816309928894,0.5207464694976807,0.36575421690940857,0.50345379114151,0.4199225902557373,0.5960668921470642,0.3759346008300781,0.4954192042350769,0.45880115032196045,0.5755805373191833,0.4842413365840912,0.5265567898750305,0.483956903219223,0.5781527757644653,0.5601168870925903,0.5293655395507812,0.5644806623458862,0.5746119618415833,0.6421143412590027,0.537609338760376,0.641608476638794
249,0.5560632944107056,0.3204239010810852,0.5861397981643677,0.36405420303344727,0.5994372367858887,0.4231460988521576,0.5202361345291138,0.36574065685272217,0.5029314160346985,0.41974326968193054,0.5965040326118469,0.3752809464931488,0.49452298879623413,0.4567895531654358,0.5759564638137817,0.48560458421707153,0.5257724523544312,0.48546120524406433,0.577413022518158,0.5611395239830017,0.5285990238189697,0.5666499733924866,0.5744215250015259,0.643219530582428,0.5384470820426941,0.6426197290420532
250,0.5546903610229492,0.32066020369529724,0.585354745388031,0.3629985749721527,0.5997860431671143,0.4207908809185028,0.5196239948272705,0.3651999235153198,0.5030125379562378,0.41824018955230713,0.5971089601516724,0.37497660517692566,0.4939916133880615,0.45768576860427856,0.5767757296562195,0.48676371574401855,0.5262956619262695,0.48634013533592224,0.5783048272132874,0.5635043382644653,0.5287403464317322,0.5692323446273804,0.5735654830932617,0.6439349055290222,0.5392429828643799,0.6434938907623291
251,0.5548770427703857,0.3206993341445923,0.5858534574508667,0.3636510968208313,0.5997968912124634,0.4217861592769623,0.5194875597953796,0.36535316705703735,0.5033154487609863,0.42002353072166443,0.5972102284431458,0.37591859698295593,0.4946751594543457,0.4571262001991272,0.5762724280357361,0.48685193061828613,0.5258654356002808,0.48625075817108154,0.5773838758468628,0.5637452006340027,0.5286126136779785,0.570034921169281,0.5733040571212769,0.6442440748214722,0.5391313433647156,0.6436794996261597
252,0.5546791553497314,0.32289719581604004,0.5843783617019653,0.3665883541107178,0.6013049483299255,0.41566723585128784,0.5190706253051758,0.36545872688293457,0.5042824745178223,0.41754573583602905,0.5947914719581604,0.3644889295101166,0.5104188919067383,0.4196661710739136,0.5793944597244263,0.4869699478149414,0.526894748210907,0.48658668994903564,0.579358696937561,0.5637136697769165,0.5354769825935364,0.5705766081809998,0.5765264630317688,0.6514866948127747,0.542353630065918,0.6437476873397827
253,0.5547715425491333,0.3230295479297638,0.5854119062423706,0.3658915162086487,0.6010380983352661,0.4179717004299164,0.5196004509925842,0.3645278215408325,0.5056891441345215,0.41595661640167236,0.5968651175498962,0.37352532148361206,0.4980645179748535,0.44232887029647827,0.5816406011581421,0.48688697814941406,0.5274609327316284,0.48676082491874695,0.5820666551589966,0.5642887353897095,0.5374621152877808,0.5716444253921509,0.5781567692756653,0.6523592472076416,0.5407981276512146,0.6449928283691406
254,0.5543547868728638,0.3226231038570404,0.5839057564735413,0.36459779739379883,0.6004624962806702,0.41617605090141296,0.518898069858551,0.3634481430053711,0.5057557821273804,0.4140622019767761,0.5963988304138184,0.3731439709663391,0.5104014873504639,0.4131539463996887,0.5814474821090698,0.4855952262878418,0.5272006392478943,0.48561176657676697,0.581375241279602,0.5633649826049805,0.5362187623977661,0.5704646706581116,0.5775771141052246,0.6517868041992188,0.5438558459281921,0.644011914730072
255,0.5538945198059082,0.32194289565086365,0.5827393531799316,0.36393973231315613,0.6006719470024109,0.4158388078212738,0.5191898941993713,0.36337634921073914,0.5057123899459839,0.413976788520813,0.5956448912620544,0.3727976977825165,0.5110914707183838,0.4132508635520935,0.579071044921875,0.4842075705528259,0.5262460112571716,0.4845186471939087,0.5794442296028137,0.5614109635353088,0.5338166952133179,0.5675548911094666,0.5776931047439575,0.6512762308120728,0.5414842367172241,0.643823504447937
256,0.555049479007721,0.32057952880859375,0.5824720859527588,0.36149442195892334,0.6005600094795227,0.41590890288352966,0.5183625221252441,0.3612815737724304,0.5056459903717041,0.41227543354034424,0.595885694026947,0.37365493178367615,0.49870234727859497,0.4389449954032898,0.5780554413795471,0.4828701615333557,0.5254442691802979,0.4824070930480957,0.5779026746749878,0.5610079765319824,0.5325862169265747,0.5666253566741943,0.5776224732398987,0.6511891484260559,0.5402277708053589,0.6439692974090576
257,0.5545140504837036,0.3207361698150635,0.5828038454055786,0.3611966371536255,0.6007113456726074,0.41429901123046875,0.5180377960205078,0.36071282625198364,0.5054665803909302,0.4105907082557678,0.5958731770515442,0.3735153079032898,0.49909138679504395,0.4392405152320862,0.5787869691848755,0.4833889603614807,0.5256159901618958,0.48283737897872925,0.5781518220901489,0.562419056892395,0.5338560938835144,0.5683645606040955,0.5778610706329346,0.6523004770278931,0.5406335592269897,0.6450752019882202
258,0.5550282597541809,0.32073938846588135,0.5821778774261475,0.36084598302841187,0.6006431579589844,0.41229212284088135,0.5188182592391968,0.3598833978176117,0.5077512264251709,0.40754494071006775,0.5961992740631104,0.3735687732696533,0.5343101024627686,0.385248064994812,0.5790444612503052,0.48232313990592957,0.5267589092254639,0.4815007448196411,0.5786013603210449,0.5620421171188354,0.5363993048667908,0.567084550857544,0.5776500701904297,0.6517793536186218,0.5412681102752686,0.6449739336967468
259,0.5556820631027222,0.32068800926208496,0.5820146799087524,0.36105188727378845,0.6002579927444458,0.4120196998119354,0.520561695098877,0.3601953983306885,0.5099563598632812,0.40670305490493774,0.5965547561645508,0.3735133409500122,0.535652756690979,0.3854670226573944,0.5802326202392578,0.48239022493362427,0.528834342956543,0.48153626918792725,0.5810823440551758,0.5626617074012756,0.5389682054519653,0.5674154758453369,0.5779374241828918,0.6512447595596313,0.5420581698417664,0.6444571018218994
260,0.5559760332107544,0.32036930322647095,0.5822118520736694,0.3613160252571106,0.600242018699646,0.4112905263900757,0.5207169055938721,0.3602633476257324,0.5095752477645874,0.40703606605529785,0.5954873561859131,0.3738119304180145,0.5351735353469849,0.3858985900878906,0.5787591934204102,0.48234260082244873,0.5277022123336792,0.48131513595581055,0.5778177380561829,0.562271773815155,0.5359114408493042,0.5664591789245605,0.5775331258773804,0.6512609720230103,0.5406352281570435,0.644768238067627
261,0.5557478666305542,0.3204730153083801,0.5824160575866699,0.3609845042228699,0.600387692451477,0.41066333651542664,0.520484209060669,0.3594713807106018,0.5095416307449341,0.40574854612350464,0.5954632759094238,0.37339553236961365,0.5344235301017761,0.38480067253112793,0.5786575675010681,0.48200470209121704,0.5278948545455933,0.48106929659843445,0.5774726867675781,0.5621216297149658,0.5366801023483276,0.5665360689163208,0.5774898529052734,0.6512768268585205,0.5413214564323425,0.6446845531463623
262,0.5566863417625427,0.31981074810028076,0.5820732712745667,0.361240953207016,0.6003649234771729,0.4106881618499756,0.5205009579658508,0.35947856307029724,0.5097702741622925,0.4058583974838257,0.5956255197525024,0.3735833764076233,0.5345580577850342,0.38525885343551636,0.578143835067749,0.481171578168869,0.5278985500335693,0.4802856147289276,0.5778428316116333,0.5610851645469666,0.5365422368049622,0.5646706819534302,0.5779874324798584,0.6504074931144714,0.541023313999176,0.6442949771881104
263,0.5563954710960388,0.31956928968429565,0.582387387752533,0.3611702620983124,0.6008360385894775,0.41138511896133423,0.5198133587837219,0.3593689799308777,0.508181095123291,0.4074723720550537,0.5954417586326599,0.3741159439086914,0.5336276292800903,0.3861478269100189,0.5776349306106567,0.48162776231765747,0.5271533727645874,0.48057231307029724,0.5772475004196167,0.5611447691917419,0.5349397659301758,0.5649211406707764,0.5778661370277405,0.6500898599624634,0.5404982566833496,0.6447950601577759
264,0.5566232204437256,0.32081207633018494,0.5795605182647705,0.3645124137401581,0.5992475748062134,0.41213488578796387,0.5211843848228455,0.3652249574661255,0.5102095603942871,0.41276347637176514,0.597356915473938,0.3720882534980774,0.5554081201553345,0.36307626962661743,0.5767834186553955,0.48228341341018677,0.5296010375022888,0.4816623330116272,0.5760481953620911,0.5597811937332153,0.5386718511581421,0.5630620121955872,0.5737951993942261,0.6421827077865601,0.5408800840377808,0.643963098526001
265,0.5580260753631592,0.32036876678466797,0.581606388092041,0.36393412947654724,0.6017054915428162,0.41307398676872253,0.5204991102218628,0.36342138051986694,0.5101101398468018,0.4126746356487274,0.5960814952850342,0.36623692512512207,0.5422671437263489,0.3735968768596649,0.580313503742218,0.484009712934494,0.5307331085205078,0.4827237129211426,0.5801002383232117,0.5621058940887451,0.5404990911483765,0.5645081996917725,0.5750440359115601,0.6441464424133301,0.5431685447692871,0.6448425054550171
266,0.5579041242599487,0.3208310008049011,0.5808635354042053,0.3644910752773285,0.6004759073257446,0.41603875160217285,0.521946132183075,0.3648301064968109,0.5090650320053101,0.41615816950798035,0.5980975031852722,0.3752528131008148,0.5172248482704163,0.4189146161079407,0.5786441564559937,0.48319578170776367,0.5305719375610352,0.4817293882369995,0.5781376957893372,0.5607733726501465,0.5397399067878723,0.5631989240646362,0.5746967792510986,0.6425503492355347,0.5421028733253479,0.6441948413848877
267,0.5571906566619873,0.321430504322052,0.5804993510246277,0.3645341992378235,0.6007187366485596,0.41565388441085815,0.5213136076927185,0.36546385288238525,0.5079801678657532,0.4176062345504761,0.5982896089553833,0.37499696016311646,0.5167099237442017,0.4184931516647339,0.5778852701187134,0.4830223321914673,0.5297794342041016,0.4817039668560028,0.5775271654129028,0.5610393285751343,0.538777232170105,0.5634787082672119,0.5743293166160583,0.6434015035629272,0.5419206619262695,0.6445640325546265
268,0.5576504468917847,0.3205566108226776,0.5809795260429382,0.36332082748413086,0.6014020442962646,0.4128590524196625,0.5219247937202454,0.3640095889568329,0.5089684724807739,0.41607874631881714,0.5987233519554138,0.37454670667648315,0.5174310803413391,0.4163632392883301,0.5774475336074829,0.48206016421318054,0.5297160744667053,0.48071372509002686,0.5774174928665161,0.5608566999435425,0.538841962814331,0.5632760524749756,0.5730272531509399,0.6423813700675964,0.5416210889816284,0.6439857482910156
269,0.5579755306243896,0.3208466172218323,0.5813192129135132,0.3636915385723114,0.6016372442245483,0.4137837588787079,0.5225098133087158,0.36459416151046753,0.5095264315605164,0.41728565096855164,0.5986821055412292,0.37440603971481323,0.517766535282135,0.41621825098991394,0.5778577327728271,0.48260730504989624,0.5300179123878479,0.48125776648521423,0.5773745179176331,0.5610255002975464,0.5391049385070801,0.563124418258667,0.5733370780944824,0.6429631114006042,0.5419013500213623,0.6442281007766724
