FrameNo,head_x,head_y,left_shoulder_x,left_shoulder_y,left_elbow_x,left_elbow_y,right_shoulder_x,right_shoulder_y,right_elbow_x,right_elbow_y,left_hand_x,left_hand_y,right_hand_x,right_hand_y,left_hip_x,left_hip_y,right_hip_x,right_hip_y,left_knee_x,left_knee_y,right_knee_x,right_knee_y,left_foot_x,left_foot_y,right_foot_x,right_foot_y
0,0.5497426986694336,0.32102787494659424,0.5795605182647705,0.36113661527633667,0.6022114753723145,0.4228146970272064,0.516243577003479,0.3627750873565674,0.5059996843338013,0.4071919620037079,0.5908204913139343,0.41204556822776794,0.5052207112312317,0.4666842818260193,0.5818975567817688,0.4866044223308563,0.5306601524353027,0.48510539531707764,0.5817315578460693,0.5598319172859192,0.5400483012199402,0.5644152164459229,0.5771911144256592,0.6411184668540955,0.5419231653213501,0.6428776979446411
1,0.5506017208099365,0.3217126727104187,0.5809283256530762,0.3622485101222992,0.6018028855323792,0.4236857295036316,0.5142025947570801,0.3632533550262451,0.505875825881958,0.4086131453514099,0.5911562442779541,0.4105830192565918,0.5060787200927734,0.46535563468933105,0.5811192989349365,0.4873199462890625,0.5292116403579712,0.4863503873348236,0.5795966386795044,0.5607209801673889,0.5403097867965698,0.5659107565879822,0.5725817680358887,0.6359908580780029,0.540612518787384,0.6388418674468994
2,0.55176842212677,0.3194807469844818,0.5807818174362183,0.3606504797935486,0.6030691862106323,0.4236072897911072,0.5154950022697449,0.36175501346588135,0.5075247287750244,0.4064924418926239,0.594344973564148,0.41086792945861816,0.5060761570930481,0.4661513566970825,0.5826051831245422,0.4848869740962982,0.5313294529914856,0.4835454225540161,0.58111572265625,0.5581926703453064,0.5358583331108093,0.5619556307792664,0.5740393400192261,0.6325485110282898,0.5409431457519531,0.6366477012634277
3,0.5513373017311096,0.3184497058391571,0.5803976058959961,0.36006098985671997,0.6032183766365051,0.4220518469810486,0.5148391723632812,0.36212748289108276,0.5070222020149231,0.40772029757499695,0.5952880382537842,0.4117978513240814,0.5060000419616699,0.4676518440246582,0.5826427936553955,0.48661109805107117,0.5307880640029907,0.4853123128414154,0.581473171710968,0.5608869791030884,0.5425129532814026,0.5657784342765808,0.5731400847434998,0.6364481449127197,0.5423008799552917,0.6412899494171143
4,0.5546256303787231,0.32011252641677856,0.5807430744171143,0.35999295115470886,0.6037891507148743,0.42346590757369995,0.5173904895782471,0.3619869351387024,0.5085960626602173,0.40793949365615845,0.59344083070755,0.4166732430458069,0.5069438815116882,0.46660345792770386,0.5745580196380615,0.48409056663513184,0.5337638258934021,0.48431918025016785,0.5845881700515747,0.5597286224365234,0.5381628274917603,0.5641322135925293,0.5747218132019043,0.6337422132492065,0.5433723330497742,0.6396691799163818
5,0.5544246435165405,0.32040342688560486,0.5820607542991638,0.36057040095329285,0.6046136021614075,0.4231598973274231,0.5180637240409851,0.3627288043498993,0.5081368684768677,0.40916451811790466,0.5939271450042725,0.41677314043045044,0.506980299949646,0.4672885537147522,0.5758418440818787,0.48458215594291687,0.534713625907898,0.48461803793907166,0.5859001278877258,0.5602870583534241,0.5378789901733398,0.5648412704467773,0.5781621932983398,0.639015793800354,0.5426321029663086,0.6386262774467468
6,0.5535202026367188,0.32228726148605347,0.5804099440574646,0.36089226603507996,0.6032356023788452,0.4243950843811035,0.517444372177124,0.3638980984687805,0.5076079368591309,0.4107827842235565,0.5937870740890503,0.41154807806015015,0.5065990686416626,0.46676191687583923,0.5746303796768188,0.48533523082733154,0.5344012379646301,0.4854488968849182,0.5843706727027893,0.5605251789093018,0.5377676486968994,0.5648273229598999,0.5745083093643188,0.6337332129478455,0.5425403714179993,0.6393416523933411
7,0.5556730031967163,0.3232079744338989,0.5809615850448608,0.3621997535228729,0.6033056974411011,0.4256734549999237,0.5187711715698242,0.3651266098022461,0.5086055397987366,0.41106921434402466,0.592921793460846,0.4110907018184662,0.5075376629829407,0.46658313274383545,0.5754711031913757,0.48665475845336914,0.535765528678894,0.487001895904541,0.585608959197998,0.5608224272727966,0.5388981103897095,0.5650249123573303,0.5741921067237854,0.6345775723457336,0.5427277088165283,0.6395548582077026
8,0.5575058460235596,0.3228461742401123,0.5802262425422668,0.36155760288238525,0.603319525718689,0.42455166578292847,0.5197842121124268,0.3643263280391693,0.5096331834793091,0.4102180600166321,0.5936028957366943,0.41137728095054626,0.508423924446106,0.46610838174819946,0.5754244327545166,0.4861604571342468,0.536443829536438,0.48644325137138367,0.5859658718109131,0.5605286359786987,0.5400023460388184,0.5644912719726562,0.5741829872131348,0.6343104243278503,0.5431259870529175,0.6392137408256531
9,0.5569645166397095,0.32242703437805176,0.582705020904541,0.36070555448532104,0.6043230295181274,0.4248769283294678,0.5196537971496582,0.36372110247612,0.5090149641036987,0.40937504172325134,0.5925081968307495,0.4148486256599426,0.5083332657814026,0.4671750068664551,0.576647162437439,0.48562073707580566,0.5362155437469482,0.48576563596725464,0.5868207216262817,0.5602116584777832,0.5391974449157715,0.5643869042396545,0.5748329162597656,0.6327875852584839,0.5431873798370361,0.6385899782180786
10,0.5571669340133667,0.32192325592041016,0.5830479264259338,0.36049574613571167,0.6047788262367249,0.42456841468811035,0.5197175145149231,0.36302030086517334,0.5097476840019226,0.4090763330459595,0.5925378799438477,0.4181097745895386,0.5087121725082397,0.46723443269729614,0.5771192312240601,0.4852844178676605,0.5364563465118408,0.4854084849357605,0.5873315334320068,0.5604598522186279,0.5391970872879028,0.5646276473999023,0.5786027312278748,0.6394587755203247,0.5430933237075806,0.638460099697113
11,0.5579994320869446,0.3217960000038147,0.5844613909721375,0.3612547814846039,0.6055115461349487,0.4254518449306488,0.5195550918579102,0.36309510469436646,0.5098490118980408,0.4090091586112976,0.5922120809555054,0.42172369360923767,0.508580207824707,0.4676182270050049,0.5773986577987671,0.48651108145713806,0.5357619524002075,0.4867849349975586,0.5874943137168884,0.5613731145858765,0.5387318134307861,0.5657129287719727,0.5743527412414551,0.6317318081855774,0.5426080226898193,0.6383503675460815
12,0.5558481812477112,0.3227056860923767,0.5836564302444458,0.3646537959575653,0.6058740019798279,0.4267027974128723,0.5184101462364197,0.36699557304382324,0.5124551653862,0.4128461480140686,0.5918151140213013,0.43322882056236267,0.5085494518280029,0.4700974225997925,0.5825860500335693,0.48839765787124634,0.5297247767448425,0.4879452884197235,0.580680787563324,0.5596437454223633,0.5412188768386841,0.5640002489089966,0.574724018573761,0.6377524137496948,0.5414950847625732,0.6425443887710571
13,0.5577080845832825,0.3231547474861145,0.5840098857879639,0.3648490309715271,0.606880784034729,0.4257655739784241,0.5194190144538879,0.36672067642211914,0.5147375464439392,0.4110374450683594,0.5951641798019409,0.42304033041000366,0.5101084113121033,0.4700772166252136,0.5749518871307373,0.4854312837123871,0.5315122604370117,0.48750054836273193,0.5839556455612183,0.5595532059669495,0.5363617539405823,0.5651814937591553,0.5884298086166382,0.6433849930763245,0.5420699119567871,0.6418473720550537
14,0.5572795271873474,0.3247632384300232,0.5834608674049377,0.3664289116859436,0.6051067113876343,0.4259185492992401,0.5192966461181641,0.3673733174800873,0.5138787031173706,0.4088693857192993,0.590619683265686,0.43224260210990906,0.5089889764785767,0.4678806662559509,0.5821324586868286,0.48790442943573,0.530738353729248,0.4876008629798889,0.579343855381012,0.5580344200134277,0.5413763523101807,0.5626966953277588,0.573133111000061,0.6370667219161987,0.540459930896759,0.6411372423171997
15,0.5559351444244385,0.3247528076171875,0.5837881565093994,0.3683397173881531,0.6051748991012573,0.42605262994766235,0.5198980569839478,0.36946552991867065,0.5131146907806396,0.4125518798828125,0.5894426107406616,0.4378705620765686,0.5077250003814697,0.46738332509994507,0.5807883739471436,0.48776447772979736,0.5294879674911499,0.48770424723625183,0.5764927268028259,0.5563434362411499,0.5398934483528137,0.560816764831543,0.5731199979782104,0.6362850666046143,0.5399861335754395,0.6417304277420044
16,0.5565223693847656,0.324116051197052,0.5841999053955078,0.36658167839050293,0.6054602861404419,0.42394670844078064,0.5207863450050354,0.3682808578014374,0.5141012072563171,0.41001248359680176,0.5901081562042236,0.43594783544540405,0.5082888007164001,0.4664679765701294,0.5817692279815674,0.4864586293697357,0.5305026769638062,0.48647791147232056,0.5778613686561584,0.5568003058433533,0.541008710861206,0.5611088275909424,0.5736743211746216,0.6368873715400696,0.5403516292572021,0.6414158344268799
17,0.5567363500595093,0.3231787085533142,0.5850697755813599,0.36605462431907654,0.6059677600860596,0.4234781265258789,0.5207052826881409,0.367607444524765,0.5136551260948181,0.4092806577682495,0.5904828310012817,0.435953825712204,0.5081815719604492,0.46584081649780273,0.5820304155349731,0.48615485429763794,0.5299134254455566,0.486076682806015,0.5784937143325806,0.556614339351654,0.5413092970848083,0.5609002113342285,0.5738903284072876,0.6364029049873352,0.5405910015106201,0.6410614252090454
18,0.5563147068023682,0.32285159826278687,0.5850334763526917,0.3655894994735718,0.6055632829666138,0.4230833649635315,0.5204573273658752,0.367045521736145,0.5131887793540955,0.40797948837280273,0.5897563099861145,0.43510112166404724,0.5081014633178711,0.46595096588134766,0.5819956064224243,0.4860162138938904,0.5298237204551697,0.4859156608581543,0.5779987573623657,0.5567748546600342,0.5411102771759033,0.5610172748565674,0.5737824440002441,0.6367402076721191,0.5404398441314697,0.6411922574043274
19,0.5558885931968689,0.32225701212882996,0.5846033692359924,0.36493122577667236,0.6053841710090637,0.42283540964126587,0.5203101634979248,0.3667147159576416,0.5131629705429077,0.40849387645721436,0.5898717641830444,0.43482261896133423,0.5079290270805359,0.4656529426574707,0.5823818445205688,0.4856231212615967,0.5301114320755005,0.4855678081512451,0.5785499215126038,0.5566650629043579,0.5414639711380005,0.5611096620559692,0.5738292932510376,0.636901319026947,0.5407443642616272,0.6412566304206848
20,0.5556103587150574,0.3218735158443451,0.5854282379150391,0.36462363600730896,0.605542004108429,0.42276912927627563,0.5201354622840881,0.36651498079299927,0.5127084851264954,0.40810903906822205,0.5894427299499512,0.43598267436027527,0.5077157020568848,0.46587157249450684,0.5828443169593811,0.4857143759727478,0.5301086902618408,0.4857023358345032,0.57846999168396,0.5570828914642334,0.5416762232780457,0.5610802173614502,0.5739989280700684,0.6368578672409058,0.5408170819282532,0.6411741971969604
21,0.5549027323722839,0.32167237997055054,0.5851663947105408,0.36372873187065125,0.6053233742713928,0.4215080142021179,0.520143985748291,0.3664087653160095,0.5122169256210327,0.40703094005584717,0.5890373587608337,0.43655920028686523,0.5078104734420776,0.46545156836509705,0.5821479558944702,0.4843486249446869,0.5301239490509033,0.48442888259887695,0.5777413249015808,0.5553073883056641,0.5407886505126953,0.5587851405143738,0.5739333033561707,0.6350073218345642,0.540751576423645,0.6408911347389221
22,0.5531262159347534,0.3220973014831543,0.5846675634384155,0.36372607946395874,0.6047933101654053,0.42194244265556335,0.5192033648490906,0.3666380047798157,0.5105987787246704,0.40672874450683594,0.5885352492332458,0.43799644708633423,0.5068173408508301,0.46462541818618774,0.5813814401626587,0.4833526611328125,0.5300896167755127,0.4832916259765625,0.5757526159286499,0.5539129972457886,0.5383850336074829,0.5572153329849243,0.5731258392333984,0.6350589990615845,0.5404360294342041,0.6407822370529175
23,0.5533106923103333,0.32143115997314453,0.5848492980003357,0.3634513318538666,0.6049764156341553,0.42224058508872986,0.518998384475708,0.3662451505661011,0.5111619234085083,0.40759825706481934,0.588555634021759,0.43902677297592163,0.5070581436157227,0.46516990661621094,0.581146240234375,0.4835220277309418,0.5297989845275879,0.4836420714855194,0.5762766599655151,0.5542136430740356,0.538788914680481,0.5575255751609802,0.5736358761787415,0.63450688123703,0.5405955910682678,0.6405907273292542
24,0.5558094382286072,0.31844428181648254,0.5861527919769287,0.3603828549385071,0.5989638566970825,0.41896331310272217,0.5214452147483826,0.362598180770874,0.5144493579864502,0.4037178158760071,0.5907858610153198,0.4328773021697998,0.5105778574943542,0.46697789430618286,0.5756378173828125,0.48112449049949646,0.5335911512374878,0.48283621668815613,0.5841192007064819,0.5555031299591064,0.5352081656455994,0.5602849721908569,0.5897294282913208,0.6410834789276123,0.5423206686973572,0.6405574679374695
25,0.5555082559585571,0.31773388385772705,0.5851263999938965,0.36324793100357056,0.6051258444786072,0.42240506410598755,0.5211387872695923,0.3639945983886719,0.5128308534622192,0.41184860467910767,0.5902092456817627,0.43336522579193115,0.5092278122901917,0.4675496220588684,0.5820629596710205,0.4830329418182373,0.5308219790458679,0.48279863595962524,0.5784912705421448,0.5549538135528564,0.5397206544876099,0.5585774183273315,0.5811793804168701,0.6378889679908752,0.5410034656524658,0.6413462162017822
26,0.556850790977478,0.3173801302909851,0.5866355895996094,0.3626139163970947,0.6051528453826904,0.4207380414009094,0.5209654569625854,0.3635147511959076,0.5126586556434631,0.4082791209220886,0.5892736315727234,0.43435579538345337,0.5089784264564514,0.46633180975914,0.5821614265441895,0.4833288788795471,0.5305966734886169,0.48338794708251953,0.5786059498786926,0.5553972125053406,0.5397969484329224,0.5588181614875793,0.5809972286224365,0.6377533674240112,0.5411733984947205,0.6410520076751709
27,0.5561462640762329,0.3177148699760437,0.5868479013442993,0.36365529894828796,0.6055727005004883,0.4236132800579071,0.5203662514686584,0.363552063703537,0.5117864608764648,0.4121074676513672,0.5897777080535889,0.4328816831111908,0.5092318058013916,0.46739137172698975,0.5812413096427917,0.4831775426864624,0.5294257402420044,0.4828641414642334,0.5771962404251099,0.5547177791595459,0.5373871922492981,0.5587700009346008,0.5750771760940552,0.63482666015625,0.5404303073883057,0.6411004662513733
28,0.555251955986023,0.31878143548965454,0.5857109427452087,0.36417192220687866,0.6059083938598633,0.4250292181968689,0.5197292566299438,0.36433646082878113,0.5118992328643799,0.41248494386672974,0.592451274394989,0.4187217652797699,0.5092681050300598,0.46676844358444214,0.5815473198890686,0.48405808210372925,0.5299769639968872,0.48377323150634766,0.5780752897262573,0.5550389289855957,0.5387891530990601,0.5593674182891846,0.5817488431930542,0.6380537152290344,0.5401807427406311,0.6412766575813293
29,0.5538384914398193,0.31870579719543457,0.5841415524482727,0.362947553396225,0.6055321097373962,0.4234597682952881,0.5198362469673157,0.3628877103328705,0.5108125805854797,0.41034969687461853,0.5930501222610474,0.4152301251888275,0.5091742277145386,0.462039589881897,0.5803728699684143,0.4821356236934662,0.529891312122345,0.482136607170105,0.5772796273231506,0.55479896068573,0.5386104583740234,0.5590577125549316,0.5804749727249146,0.6410611867904663,0.5402176976203918,0.640388011932373
30,0.5535059571266174,0.31929507851600647,0.5836567878723145,0.3622983694076538,0.6051931977272034,0.4220468997955322,0.5197148323059082,0.361930787563324,0.5113197565078735,0.40884125232696533,0.5928670763969421,0.41631242632865906,0.5097763538360596,0.461212158203125,0.580707311630249,0.48156723380088806,0.5298553705215454,0.4814802408218384,0.5774667263031006,0.5543164610862732,0.5395086407661438,0.5585769414901733,0.5888039469718933,0.6414896249771118,0.5403838157653809,0.640326738357544
31,0.5524489879608154,0.31910428404808044,0.5826559066772461,0.3615570664405823,0.604596734046936,0.4211941659450531,0.5194507837295532,0.3616684079170227,0.5112504363059998,0.4099371135234833,0.5929132699966431,0.4171997308731079,0.5098325610160828,0.462749719619751,0.5800455808639526,0.4805634617805481,0.5298125743865967,0.48046499490737915,0.5771626234054565,0.5540115237236023,0.5394331216812134,0.5584235191345215,0.5885459184646606,0.6421235799789429,0.5404821634292603,0.6407957673072815
32,0.5511738657951355,0.3194255530834198,0.581185519695282,0.3615751266479492,0.6044521331787109,0.42250990867614746,0.5190551280975342,0.36192843317985535,0.5102003216743469,0.40796226263046265,0.5931909084320068,0.4155848026275635,0.5090502500534058,0.4614565372467041,0.5786694288253784,0.48056960105895996,0.5290955901145935,0.4805137515068054,0.5761811137199402,0.5540926456451416,0.5378319621086121,0.5588732957839966,0.5880228877067566,0.6429346799850464,0.5398332476615906,0.6413661241531372
33,0.5509216785430908,0.3195222318172455,0.5805218815803528,0.3617853820323944,0.6043025851249695,0.42295390367507935,0.5189418792724609,0.3624497354030609,0.5093714594841003,0.40793082118034363,0.592894971370697,0.4149254560470581,0.5084298849105835,0.4609578847885132,0.5787851810455322,0.48034390807151794,0.5295089483261108,0.4802623391151428,0.5760015249252319,0.5539200901985168,0.5378679633140564,0.5583930611610413,0.5803220272064209,0.6425830721855164,0.5398187637329102,0.6415740847587585
34,0.5499250888824463,0.32028108835220337,0.5794261693954468,0.3624214828014374,0.6046189069747925,0.42544421553611755,0.5187273025512695,0.36371225118637085,0.5102956891059875,0.41094642877578735,0.5952262878417969,0.41125211119651794,0.5087927579879761,0.46116364002227783,0.5792875289916992,0.48162612318992615,0.5299980044364929,0.4815598130226135,0.5762532949447632,0.5544025897979736,0.5317819118499756,0.5610352754592896,0.5794410109519958,0.642654538154602,0.5398688316345215,0.6410682797431946
35,0.5496702194213867,0.3201954960823059,0.5796560049057007,0.3628193140029907,0.6047593951225281,0.42597973346710205,0.5185801982879639,0.3640073537826538,0.5100985765457153,0.41137784719467163,0.5951568484306335,0.4112709164619446,0.5084744691848755,0.4617488384246826,0.5795236229896545,0.4822622537612915,0.5298098921775818,0.4821420907974243,0.5764883756637573,0.5549914836883545,0.5391726493835449,0.5601072311401367,0.5878599882125854,0.6439605951309204,0.5398499965667725,0.6413628458976746
36,0.5521372556686401,0.32199275493621826,0.5845285058021545,0.364011287689209,0.6016669273376465,0.42459022998809814,0.520423173904419,0.3668695092201233,0.5132861733436584,0.41220614314079285,0.5961015224456787,0.4196997284889221,0.5100399255752563,0.47041982412338257,0.5767602920532227,0.4837179183959961,0.5331965088844299,0.4847981333732605,0.5841001272201538,0.5556157827377319,0.5347735285758972,0.5610825419425964,0.59147047996521,0.6397196054458618,0.5413039922714233,0.6396505832672119
37,0.5508939027786255,0.322404682636261,0.5835292935371399,0.36516863107681274,0.601017951965332,0.4264284372329712,0.5181725025177002,0.36729368567466736,0.511074423789978,0.412415087223053,0.5951967239379883,0.4183223247528076,0.5087555050849915,0.4709966778755188,0.582782506942749,0.48526453971862793,0.529570996761322,0.4847647547721863,0.5785027742385864,0.5552990436553955,0.5368219017982483,0.5601131319999695,0.5819340944290161,0.6387243270874023,0.5394411087036133,0.6401911377906799
38,0.5512828826904297,0.32207491993904114,0.5833045840263367,0.3645549416542053,0.606255292892456,0.42516016960144043,0.51871657371521,0.3669282793998718,0.5115814208984375,0.41069352626800537,0.5951368808746338,0.419615238904953,0.5090340375900269,0.4716043472290039,0.5823628306388855,0.4845850169658661,0.5298841595649719,0.48411452770233154,0.5779743194580078,0.5550422668457031,0.537216067314148,0.5595719218254089,0.5816875696182251,0.6386839151382446,0.5395249128341675,0.6401536464691162
39,0.551243782043457,0.32211875915527344,0.5831697583198547,0.3646954298019409,0.6061268448829651,0.4250742793083191,0.5191613435745239,0.36749204993247986,0.5116631388664246,0.4117584228515625,0.5953013896942139,0.4184437692165375,0.5088460445404053,0.4715574383735657,0.582665741443634,0.4849800765514374,0.5301114320755005,0.48448556661605835,0.5780432224273682,0.5553182363510132,0.5373892188072205,0.5596698522567749,0.5755778551101685,0.6363118886947632,0.5394734144210815,0.6403509974479675
40,0.5513802170753479,0.3229673504829407,0.5809024572372437,0.3647512197494507,0.6056267023086548,0.4286189079284668,0.5187562704086304,0.36830779910087585,0.5111812353134155,0.4162435233592987,0.5948657989501953,0.4148792028427124,0.5079918503761292,0.46982377767562866,0.5802124738693237,0.4852277636528015,0.5289471745491028,0.4854114055633545,0.576529860496521,0.5554428100585938,0.5359746217727661,0.559817910194397,0.5744867324829102,0.6375972032546997,0.5384260416030884,0.6409802436828613
41,0.5516098737716675,0.323271244764328,0.580999493598938,0.3648679256439209,0.6053727865219116,0.4278104901313782,0.519397497177124,0.3686717450618744,0.5109564065933228,0.41587623953819275,0.5949774980545044,0.41497915983200073,0.5076910257339478,0.47068023681640625,0.5811159610748291,0.4854221045970917,0.5301467180252075,0.48539847135543823,0.5767786502838135,0.5555558800697327,0.5371355414390564,0.5601637363433838,0.5743184089660645,0.6377754211425781,0.5388579368591309,0.6411052942276001
42,0.5526036024093628,0.3225893974304199,0.5830206274986267,0.36627811193466187,0.6058540344238281,0.4281720519065857,0.5195827484130859,0.36761102080345154,0.5112420320510864,0.4131981134414673,0.5945991277694702,0.4169831871986389,0.5082169771194458,0.4694073796272278,0.5817167162895203,0.48585647344589233,0.5298874974250793,0.48521098494529724,0.5776540040969849,0.5555411577224731,0.5370118021965027,0.5601761937141418,0.5753188729286194,0.6367044448852539,0.539344072341919,0.6403602361679077
43,0.552663266658783,0.3229263722896576,0.583613932132721,0.36680078506469727,0.6055643558502197,0.4287797808647156,0.5183551907539368,0.36827725172042847,0.5104139447212219,0.41405391693115234,0.592922031879425,0.4169280230998993,0.5072849988937378,0.46948522329330444,0.5812115669250488,0.48725563287734985,0.5288017988204956,0.48662853240966797,0.577049970626831,0.5568609833717346,0.5359672904014587,0.5617455840110779,0.5746710300445557,0.6374771595001221,0.538972020149231,0.6407209634780884
44,0.5528213381767273,0.32232239842414856,0.5841729640960693,0.3666333854198456,0.6056274175643921,0.42891407012939453,0.5178861618041992,0.3682677149772644,0.5098830461502075,0.41433393955230713,0.5917243957519531,0.41780874133110046,0.5068591833114624,0.47131872177124023,0.5807915329933167,0.4873427152633667,0.528229296207428,0.48701369762420654,0.5767403841018677,0.5565009117126465,0.5346248745918274,0.5619161128997803,0.5742710828781128,0.6369211077690125,0.5414668321609497,0.6390771865844727
45,0.5528116226196289,0.3226925730705261,0.5844700932502747,0.3673805594444275,0.6062778830528259,0.42808210849761963,0.518142580986023,0.36853334307670593,0.5113290548324585,0.4149129390716553,0.5926637649536133,0.4180326461791992,0.5077286958694458,0.4708934426307678,0.5821183919906616,0.48769915103912354,0.5286755561828613,0.4873145520687103,0.5777386426925659,0.5568440556526184,0.5358545780181885,0.562604546546936,0.5756872892379761,0.6370872259140015,0.5391303896903992,0.6406669020652771
46,0.5529765486717224,0.3224709630012512,0.584323525428772,0.36681437492370605,0.6056180000305176,0.42807039618492126,0.5179439783096313,0.3676674962043762,0.5109157562255859,0.4142618775367737,0.5913100242614746,0.41878533363342285,0.5073432922363281,0.47086450457572937,0.5813441276550293,0.4873378276824951,0.5283212661743164,0.4869125485420227,0.5773419737815857,0.5569964051246643,0.535230815410614,0.5624615550041199,0.5746351480484009,0.6370776891708374,0.5418949127197266,0.6393296122550964
47,0.5530209541320801,0.3227183222770691,0.581977128982544,0.3670497536659241,0.6034004092216492,0.42776262760162354,0.5173443555831909,0.36795923113822937,0.5105049014091492,0.41461893916130066,0.5906554460525513,0.41842350363731384,0.5070497989654541,0.4693703055381775,0.5776540040969849,0.48671647906303406,0.5264332294464111,0.48671993613243103,0.5750434994697571,0.5579544305801392,0.5320263504981995,0.5625593066215515,0.572843074798584,0.637585461139679,0.540328860282898,0.6395934224128723
48,0.553098738193512,0.3210045397281647,0.5825516581535339,0.36251696944236755,0.6050867438316345,0.422359824180603,0.5185989141464233,0.36611485481262207,0.5131167769432068,0.41027113795280457,0.5908198356628418,0.4292137026786804,0.5092942714691162,0.4706133306026459,0.5827303528785706,0.4850623309612274,0.530312180519104,0.4850451946258545,0.5820050239562988,0.5569748282432556,0.5412425994873047,0.5597911477088928,0.5907196998596191,0.6438323259353638,0.5421672463417053,0.6422688364982605
49,0.5529150366783142,0.32081207633018494,0.5814160108566284,0.3630973994731903,0.6039008498191833,0.4215340316295624,0.5182613134384155,0.36528974771499634,0.5124040842056274,0.4080424904823303,0.5921822786331177,0.4186187982559204,0.508712112903595,0.46843013167381287,0.5797752141952515,0.4831894338130951,0.5281146168708801,0.483475923538208,0.5791682600975037,0.5558423399925232,0.5378478169441223,0.561296284198761,0.5806607007980347,0.6392942667007446,0.5406329035758972,0.6418602466583252
50,0.5524863600730896,0.32139331102371216,0.5809904932975769,0.36418265104293823,0.603428065776825,0.42332857847213745,0.5172670483589172,0.36614176630973816,0.5118154287338257,0.40956735610961914,0.5911952257156372,0.4177968502044678,0.5083131790161133,0.4676778018474579,0.5786800384521484,0.48425281047821045,0.5273407697677612,0.4844106137752533,0.5775743126869202,0.556347668170929,0.5362491011619568,0.56175297498703,0.5801399946212769,0.6394731998443604,0.5401021242141724,0.6418564319610596
51,0.552897572517395,0.321932852268219,0.5802226662635803,0.3641025424003601,0.6026835441589355,0.4218451678752899,0.5172684192657471,0.3664425015449524,0.5122083425521851,0.41025957465171814,0.5911041498184204,0.41686320304870605,0.5087268352508545,0.467843621969223,0.5779777765274048,0.4843537509441376,0.527382493019104,0.48473307490348816,0.5774422883987427,0.5570711493492126,0.5364087820053101,0.5624570846557617,0.5797962546348572,0.6402308940887451,0.5399672985076904,0.6420890688896179
52,0.5529534816741943,0.3219752907752991,0.58039790391922,0.3640826642513275,0.6028346419334412,0.42212414741516113,0.5175254344940186,0.3664805591106415,0.5118352174758911,0.4100067615509033,0.5910435318946838,0.41686373949050903,0.5084506273269653,0.46820589900016785,0.5783173441886902,0.48468825221061707,0.5276702046394348,0.48503822088241577,0.5774933695793152,0.557405412197113,0.5368700623512268,0.5626618266105652,0.5799871683120728,0.6407531499862671,0.5402351021766663,0.642142653465271
53,0.5528544783592224,0.32189634442329407,0.5804145932197571,0.3635389804840088,0.602657675743103,0.4215126633644104,0.517015814781189,0.3655259609222412,0.5115078091621399,0.40945756435394287,0.590866208076477,0.41696053743362427,0.5084492564201355,0.4682064950466156,0.5780320763587952,0.4842594861984253,0.5273680686950684,0.48454201221466064,0.5773428082466125,0.5574374794960022,0.5367189645767212,0.5625711679458618,0.5798967480659485,0.6410348415374756,0.540351390838623,0.642275869846344
54,0.5525057315826416,0.322559654712677,0.5802287459373474,0.36461061239242554,0.6025863885879517,0.4221035838127136,0.5171844363212585,0.3659849166870117,0.5116080045700073,0.4090595245361328,0.590625524520874,0.4175191819667816,0.5082691311836243,0.46742379665374756,0.577540934085846,0.4841111898422241,0.5271010398864746,0.48427850008010864,0.5767965316772461,0.5570710897445679,0.535552442073822,0.5620248317718506,0.5799570679664612,0.6406551599502563,0.5401690006256104,0.6421894431114197
55,0.5526708364486694,0.3227553367614746,0.5806834697723389,0.3642629384994507,0.6025996208190918,0.4220624566078186,0.5167438983917236,0.3661538064479828,0.5113818645477295,0.4090290665626526,0.5903973579406738,0.4186078906059265,0.5080922245979309,0.4691550135612488,0.5776389837265015,0.4847031533718109,0.5268153548240662,0.48497793078422546,0.5767233371734619,0.5576819181442261,0.5349656939506531,0.5628424286842346,0.579801619052887,0.641228199005127,0.5399026870727539,0.642353892326355
56,0.5526667237281799,0.3228205144405365,0.5806088447570801,0.363560289144516,0.6025257110595703,0.42145153880119324,0.5162374973297119,0.36566001176834106,0.5114437937736511,0.40785419940948486,0.5890499353408813,0.42216143012046814,0.5076519846916199,0.4687436819076538,0.577579140663147,0.48447591066360474,0.5265140533447266,0.4849335849285126,0.5767732858657837,0.5577783584594727,0.5351171493530273,0.563076376914978,0.5798315405845642,0.6415274739265442,0.540115475654602,0.6424816846847534
57,0.5528883934020996,0.32260167598724365,0.5803432464599609,0.3633041977882385,0.6022064685821533,0.42055556178092957,0.5163659453392029,0.3655281960964203,0.5111660361289978,0.4072446823120117,0.5891779661178589,0.4206026494503021,0.5079116821289062,0.46861037611961365,0.5770524740219116,0.48425084352493286,0.5265054106712341,0.4846939444541931,0.576673150062561,0.5576995611190796,0.5350970029830933,0.5629706382751465,0.5795488953590393,0.6417578458786011,0.5399925708770752,0.6426812410354614
58,0.5529299378395081,0.3228520452976227,0.5803651809692383,0.3635767102241516,0.6021988987922668,0.4197821319103241,0.5160394906997681,0.3653925359249115,0.5108628869056702,0.40649718046188354,0.5886502861976624,0.4215880036354065,0.507546603679657,0.46800824999809265,0.5769048929214478,0.4838840663433075,0.526189386844635,0.4843005836009979,0.576042890548706,0.5582389831542969,0.5342264175415039,0.5631247758865356,0.5795570611953735,0.6422595977783203,0.543463408946991,0.6416409015655518
59,0.5529500842094421,0.3231249451637268,0.5805901885032654,0.36382901668548584,0.6020983457565308,0.42040830850601196,0.5158694982528687,0.36598795652389526,0.5107376575469971,0.4074329137802124,0.5883464813232422,0.42220014333724976,0.5074663758277893,0.4683525264263153,0.5769808292388916,0.48505276441574097,0.5260298252105713,0.48541539907455444,0.5761978030204773,0.5588100552558899,0.5344108939170837,0.5641781091690063,0.5794219970703125,0.6427574157714844,0.5433517694473267,0.6419155597686768
60,0.55487459897995,0.3224872350692749,0.5803859233856201,0.36248964071273804,0.6035425662994385,0.42112988233566284,0.519911527633667,0.3643578886985779,0.5120797753334045,0.40840551257133484,0.5909452438354492,0.4206547737121582,0.5085821151733398,0.4702429473400116,0.5810729265213013,0.4844505488872528,0.5315629243850708,0.4844406843185425,0.5813379883766174,0.554762601852417,0.534856379032135,0.5602203607559204,0.5899639129638672,0.6448193788528442,0.5422898530960083,0.6424949169158936
61,0.5535613298416138,0.32215797901153564,0.5790832042694092,0.36391425132751465,0.6021561026573181,0.4214774966239929,0.518538236618042,0.36413443088531494,0.5107178688049316,0.4075286090373993,0.5900224447250366,0.4200165271759033,0.5075162649154663,0.4681752324104309,0.5789297819137573,0.48395490646362305,0.5296082496643066,0.48404285311698914,0.5775803327560425,0.555461049079895,0.5393832921981812,0.5597043037414551,0.5738097429275513,0.6384329795837402,0.5416204929351807,0.6426492929458618
62,0.55366051197052,0.3223341107368469,0.5794260501861572,0.36372190713882446,0.6021788716316223,0.4215657114982605,0.5182285308837891,0.36419761180877686,0.5101585984230042,0.4075496196746826,0.5895342826843262,0.42039844393730164,0.5074118375778198,0.46859896183013916,0.5784214735031128,0.48439010977745056,0.5289933681488037,0.48443353176116943,0.577255129814148,0.5560837984085083,0.5383247137069702,0.560462236404419,0.5739359259605408,0.638981819152832,0.5447878837585449,0.6413910388946533
63,0.5533268451690674,0.32239967584609985,0.5790274739265442,0.36374884843826294,0.6018617153167725,0.42166703939437866,0.5177438259124756,0.3641012907028198,0.5100005865097046,0.4074092507362366,0.5895099639892578,0.4184585511684418,0.507197380065918,0.4685930013656616,0.57769775390625,0.4842241704463959,0.5285454988479614,0.4841937720775604,0.5766840577125549,0.5564794540405273,0.5376184582710266,0.560864269733429,0.5734968185424805,0.6392790675163269,0.5442326068878174,0.6415848135948181
64,0.5531835556030273,0.3223477005958557,0.5788854360580444,0.3649282157421112,0.6015416383743286,0.4224056005477905,0.517481803894043,0.36541587114334106,0.5103966593742371,0.4086180329322815,0.5886462926864624,0.4186978042125702,0.5073480606079102,0.46928149461746216,0.5772183537483215,0.4851592481136322,0.5281051993370056,0.4851674735546112,0.5763600468635559,0.5567237734794617,0.5366623997688293,0.5612926483154297,0.5733069777488708,0.6397528648376465,0.5438047051429749,0.6419176459312439
65,0.5528727173805237,0.3220536410808563,0.5790202617645264,0.3639315366744995,0.6012619137763977,0.4214507043361664,0.5176705121994019,0.3648718595504761,0.510765016078949,0.4070852994918823,0.5893805027008057,0.4192817807197571,0.5075322389602661,0.46939611434936523,0.577505350112915,0.4841788411140442,0.5287072658538818,0.4840834140777588,0.5764055848121643,0.5559496879577637,0.5376068353652954,0.5602914690971375,0.5733910799026489,0.6391855478286743,0.5440714359283447,0.6414268016815186
66,0.5528605580329895,0.3219570517539978,0.5789299607276917,0.36377817392349243,0.6013625264167786,0.42245179414749146,0.5171526670455933,0.36447200179100037,0.5106136798858643,0.4072689712047577,0.5896969437599182,0.42024287581443787,0.5076479911804199,0.46977365016937256,0.5772596001625061,0.48428982496261597,0.5285981297492981,0.4842541813850403,0.5765151977539062,0.5561237931251526,0.5378420352935791,0.5605429410934448,0.5734765529632568,0.6391305923461914,0.5409730672836304,0.6434068083763123
67,0.5526753664016724,0.32080867886543274,0.579258382320404,0.3632607161998749,0.6016655564308167,0.4233015775680542,0.5176523923873901,0.36433863639831543,0.511025071144104,0.4080365300178528,0.5884206295013428,0.43005746603012085,0.5075503587722778,0.46992260217666626,0.57767653465271,0.484188437461853,0.5289088487625122,0.4841079115867615,0.5765976905822754,0.5558351278305054,0.5382704734802246,0.5602400302886963,0.5737087726593018,0.6391499042510986,0.5410538911819458,0.6435471773147583
68,0.5520815849304199,0.3205905556678772,0.5788956880569458,0.36275598406791687,0.6012527942657471,0.4223601222038269,0.5171952247619629,0.36313480138778687,0.5105123519897461,0.4056946933269501,0.588625431060791,0.4309208393096924,0.5069401860237122,0.4687841534614563,0.577354907989502,0.4836474657058716,0.5286686420440674,0.48339924216270447,0.5757507085800171,0.5555939674377441,0.5375915169715881,0.5595595240592957,0.573291540145874,0.6390910148620605,0.5409480333328247,0.6436258554458618
69,0.5518156886100769,0.32137632369995117,0.5797551274299622,0.36279794573783875,0.6018931865692139,0.4226895570755005,0.5170434713363647,0.36393028497695923,0.510473370552063,0.407123327255249,0.5889014601707458,0.43059641122817993,0.5071620345115662,0.46946632862091064,0.5784951448440552,0.48458272218704224,0.5292624235153198,0.48420843482017517,0.576694667339325,0.5562839508056641,0.5373439788818359,0.5604858994483948,0.5736050605773926,0.6394927501678467,0.5442357063293457,0.6415266394615173
70,0.55161452293396,0.3213200569152832,0.5790392160415649,0.3631238639354706,0.6011248230934143,0.42318397760391235,0.5163241624832153,0.3633846044540405,0.5101777911186218,0.4067847430706024,0.5909021496772766,0.4175357520580292,0.5069721937179565,0.469770610332489,0.5778595805168152,0.4848334789276123,0.5288006067276001,0.48433804512023926,0.5772087574005127,0.5565569400787354,0.5376948714256287,0.5609796643257141,0.5730813145637512,0.6395297646522522,0.5440793037414551,0.6413758993148804
71,0.5514882802963257,0.32091766595840454,0.5790441036224365,0.36354511976242065,0.6009867191314697,0.4239886999130249,0.5159845948219299,0.36357825994491577,0.5098314881324768,0.4067802429199219,0.5901983976364136,0.41786202788352966,0.5065955519676208,0.4696205258369446,0.577264130115509,0.4852076768875122,0.5283020734786987,0.4846561849117279,0.577052116394043,0.5572277307510376,0.5371395945549011,0.5617944002151489,0.5731897354125977,0.6400019526481628,0.540351390838623,0.6435185670852661
72,0.552369236946106,0.32043004035949707,0.5829721689224243,0.3623853921890259,0.6040708422660828,0.4240055978298187,0.5166734457015991,0.3632274866104126,0.508870005607605,0.4066562056541443,0.5927193760871887,0.4129590690135956,0.5073179006576538,0.46455252170562744,0.5794716477394104,0.4823995530605316,0.5284141302108765,0.4822588562965393,0.5792198777198792,0.5549611449241638,0.5379579067230225,0.5570321679115295,0.5887717604637146,0.6408449411392212,0.5402143001556396,0.64115309715271
73,0.5500434637069702,0.3203365206718445,0.5800696611404419,0.36352431774139404,0.6027828454971313,0.42533859610557556,0.5155477523803711,0.3636448085308075,0.5083142518997192,0.4072563052177429,0.5918920040130615,0.4121251702308655,0.506243884563446,0.4646094739437103,0.5766839981079102,0.4819164276123047,0.5266516208648682,0.4817301034927368,0.5759746432304382,0.5535874366760254,0.5338782668113708,0.5557234287261963,0.5784956216812134,0.6406055688858032,0.539101243019104,0.6402725577354431
74,0.5494322776794434,0.3204773962497711,0.5810427665710449,0.3628976047039032,0.6034091711044312,0.42199939489364624,0.5159599781036377,0.36321139335632324,0.5092190504074097,0.4051969051361084,0.5923407077789307,0.41319888830184937,0.5070409774780273,0.46643707156181335,0.5779507160186768,0.48101091384887695,0.5272358655929565,0.4809205234050751,0.5769529342651367,0.5527749061584473,0.5353528261184692,0.5550714731216431,0.5797014832496643,0.6399178504943848,0.5403802394866943,0.6396480798721313
75,0.5483177304267883,0.3198336958885193,0.5803127884864807,0.3616732954978943,0.603415310382843,0.4202061593532562,0.5160268545150757,0.3620876967906952,0.5109655261039734,0.4074721932411194,0.5922361016273499,0.41286271810531616,0.5073384642601013,0.4651632010936737,0.5779107809066772,0.47976577281951904,0.527136504650116,0.4797278046607971,0.5772823691368103,0.5529172420501709,0.5359638929367065,0.554847240447998,0.5802218317985535,0.6405004262924194,0.5336903929710388,0.6436815857887268
76,0.5480834245681763,0.3194442391395569,0.5801211595535278,0.36063528060913086,0.6032880544662476,0.4191809892654419,0.5162991881370544,0.3613854646682739,0.5096416473388672,0.40285274386405945,0.5896259546279907,0.426713764667511,0.5075135231018066,0.4663228690624237,0.5776644349098206,0.4795560836791992,0.5274832844734192,0.4795055389404297,0.5771644711494446,0.5529760122299194,0.536034107208252,0.5543264746665955,0.5797839164733887,0.6398564577102661,0.5397006273269653,0.6394655704498291
77,0.5480531454086304,0.3200356364250183,0.5803124904632568,0.3610679507255554,0.6036572456359863,0.4202800691127777,0.5154780149459839,0.36146968603134155,0.5093553066253662,0.40405720472335815,0.5923277139663696,0.4134800136089325,0.5073927640914917,0.4648610055446625,0.5778121948242188,0.47991690039634705,0.5273119807243347,0.47988390922546387,0.576880931854248,0.5529156923294067,0.5350875854492188,0.5547164678573608,0.5799808502197266,0.6399081349372864,0.5336242318153381,0.6434367895126343
78,0.5479718446731567,0.32038000226020813,0.5800787210464478,0.36134177446365356,0.6034899950027466,0.42022210359573364,0.5153167247772217,0.36127862334251404,0.5102176070213318,0.4083805978298187,0.5925121307373047,0.4124964475631714,0.5075001120567322,0.46442911028862,0.5772250890731812,0.4800868034362793,0.5271238088607788,0.4800710082054138,0.5765976309776306,0.55299973487854,0.5346505641937256,0.5549894571304321,0.5800818204879761,0.6399292349815369,0.5337380170822144,0.6434012055397034
79,0.5484441518783569,0.32059261202812195,0.5798138380050659,0.3611309230327606,0.6039032936096191,0.41949784755706787,0.5157392621040344,0.36135634779930115,0.5091944932937622,0.4045596718788147,0.5939348340034485,0.4153234660625458,0.507642388343811,0.4656476378440857,0.5779849290847778,0.4798907935619354,0.5279356241226196,0.47981178760528564,0.5772454738616943,0.5519344806671143,0.5359464883804321,0.5541971325874329,0.5802843570709229,0.6394044160842896,0.5341933369636536,0.643447756767273
80,0.5485081076622009,0.32134294509887695,0.5796629190444946,0.3622097373008728,0.6027590036392212,0.4223273694515228,0.5154515504837036,0.3616790175437927,0.509360134601593,0.40517663955688477,0.593045711517334,0.4166507124900818,0.5074158310890198,0.4649919867515564,0.5769475102424622,0.4799017608165741,0.5269807577133179,0.4803036153316498,0.5759583711624146,0.5522019267082214,0.5343273878097534,0.5542752742767334,0.5798476934432983,0.6391403675079346,0.5333425402641296,0.6433463096618652
81,0.5481057167053223,0.32027745246887207,0.5796705484390259,0.3616327941417694,0.602865993976593,0.4220220744609833,0.5152329206466675,0.3608020544052124,0.5091189742088318,0.4101160764694214,0.5926413536071777,0.4187203347682953,0.5071085691452026,0.46367964148521423,0.5769410729408264,0.4793689250946045,0.526692807674408,0.4796450138092041,0.5757356286048889,0.552169680595398,0.5336636304855347,0.554400622844696,0.57989901304245,0.6391933560371399,0.5402451753616333,0.6382994055747986
82,0.5478999018669128,0.32093968987464905,0.5795384645462036,0.3625076413154602,0.6029374599456787,0.42318642139434814,0.5147662162780762,0.3612845838069916,0.5086817741394043,0.40990719199180603,0.5924868583679199,0.4154929518699646,0.5066729187965393,0.46139729022979736,0.5764514207839966,0.47918832302093506,0.5263587236404419,0.47962552309036255,0.5755267143249512,0.559506893157959,0.5336154699325562,0.5545219779014587,0.5798604488372803,0.6393352746963501,0.532989501953125,0.6427583694458008
83,0.5471100807189941,0.3214735686779022,0.5788501501083374,0.3637850284576416,0.6029530763626099,0.4245125949382782,0.5140914916992188,0.36272841691970825,0.5074771046638489,0.4076980948448181,0.5940611362457275,0.4143863618373871,0.50555020570755,0.46168383955955505,0.5756537318229675,0.48094385862350464,0.5255056023597717,0.481395423412323,0.5741406679153442,0.5534292459487915,0.5330421328544617,0.5555592775344849,0.5789659023284912,0.6405494809150696,0.5391947031021118,0.6393042802810669
84,0.5502982139587402,0.3200109899044037,0.5823154449462891,0.36342209577560425,0.6049525737762451,0.42544516921043396,0.5163233280181885,0.36270400881767273,0.5102235078811646,0.4093371331691742,0.5945212841033936,0.4109780490398407,0.5058792233467102,0.4627479910850525,0.5794036984443665,0.4826837480068207,0.5273337364196777,0.48235905170440674,0.5776997804641724,0.5569796562194824,0.5351606607437134,0.5599278211593628,0.5896366238594055,0.6428874731063843,0.540119469165802,0.6421930193901062
85,0.549323320388794,0.32035040855407715,0.5797320008277893,0.3621983230113983,0.6036808490753174,0.41975387930870056,0.5147682428359985,0.3637691140174866,0.5069752931594849,0.4112362265586853,0.5944023132324219,0.4117419719696045,0.5015648007392883,0.46220552921295166,0.5757314562797546,0.4808586835861206,0.5260580778121948,0.48057207465171814,0.574634850025177,0.5563833713531494,0.5329098105430603,0.559791624546051,0.5733771324157715,0.6392523646354675,0.5409002304077148,0.6421041488647461
86,0.5489330887794495,0.3187463879585266,0.5796254277229309,0.3629913330078125,0.603688657283783,0.42294439673423767,0.5145375728607178,0.36293765902519226,0.5051144957542419,0.4148089587688446,0.5952457189559937,0.41190117597579956,0.499092698097229,0.46014827489852905,0.574188232421875,0.4804612398147583,0.5248247385025024,0.48059797286987305,0.5729483366012573,0.557854413986206,0.5298881530761719,0.5613580942153931,0.5731583833694458,0.6402467489242554,0.5396959781646729,0.6420683860778809
87,0.548879861831665,0.3200458288192749,0.5797765851020813,0.3632879853248596,0.6036161184310913,0.42235392332077026,0.5149748921394348,0.3613816201686859,0.5076572895050049,0.4142913222312927,0.5976607203483582,0.4067288637161255,0.4901731610298157,0.45742225646972656,0.573155403137207,0.4805900454521179,0.5239782333374023,0.4801962375640869,0.5705969333648682,0.558794379234314,0.5284332633018494,0.5620734691619873,0.5728655457496643,0.641034722328186,0.539422333240509,0.6419237852096558
88,0.5478256344795227,0.31796103715896606,0.5805612802505493,0.36353129148483276,0.6026321649551392,0.4214443862438202,0.5141588449478149,0.36377960443496704,0.5039552450180054,0.40895959734916687,0.5952597856521606,0.40782630443573,0.4836181402206421,0.4562072455883026,0.5752385854721069,0.4822826087474823,0.525031328201294,0.4814942479133606,0.5732977390289307,0.5595148205757141,0.5299123525619507,0.5626940727233887,0.5733180046081543,0.6400080919265747,0.5403298139572144,0.6415339708328247
89,0.5461968779563904,0.32014259696006775,0.5783400535583496,0.36412104964256287,0.6050963401794434,0.41736850142478943,0.5115468502044678,0.3615889251232147,0.5013042688369751,0.40868300199508667,0.5985814332962036,0.3893709182739258,0.49333080649375916,0.46392691135406494,0.5724070072174072,0.48053428530693054,0.5223544836044312,0.4812227189540863,0.571223258972168,0.5604692697525024,0.5290741920471191,0.563840389251709,0.5712824463844299,0.6413599252700806,0.5381687879562378,0.642209529876709
90,0.544694185256958,0.3188730478286743,0.5786394476890564,0.3623048961162567,0.6040511727333069,0.42033764719963074,0.5127548575401306,0.3613104224205017,0.49958571791648865,0.4082336127758026,0.6008595824241638,0.38853248953819275,0.4936114549636841,0.4491960406303406,0.5743163228034973,0.4792006015777588,0.5226475596427917,0.47961997985839844,0.5726441144943237,0.5579153895378113,0.5303422808647156,0.5627926588058472,0.5726598501205444,0.6417160034179688,0.5402452945709229,0.6419607400894165
91,0.5441843271255493,0.3188602924346924,0.5794816017150879,0.3626343011856079,0.6052905321121216,0.4129405915737152,0.5107243061065674,0.36114010214805603,0.4928959608078003,0.40657469630241394,0.5990568399429321,0.38060176372528076,0.48754745721817017,0.4175349175930023,0.5731226205825806,0.4803631007671356,0.5201601982116699,0.48045942187309265,0.5724784135818481,0.5589999556541443,0.528429388999939,0.5633971691131592,0.5780569314956665,0.646564245223999,0.5397670269012451,0.6410413980484009
92,0.5431926846504211,0.31842154264450073,0.5801864266395569,0.36318284273147583,0.6080693006515503,0.4133661389350891,0.5108590126037598,0.3606262803077698,0.4896894097328186,0.40602177381515503,0.5976653695106506,0.3705340623855591,0.49418890476226807,0.39532598853111267,0.5716865062713623,0.4781211018562317,0.5176877379417419,0.47934478521347046,0.5710630416870117,0.5606367588043213,0.5237777233123779,0.5598664283752441,0.5727479457855225,0.6404929161071777,0.5327898859977722,0.6427266001701355
93,0.5420821905136108,0.3188183903694153,0.5801429748535156,0.3616323173046112,0.610993504524231,0.4123186767101288,0.511135995388031,0.356681227684021,0.484843373298645,0.3960443437099457,0.5959466099739075,0.3608631491661072,0.49396413564682007,0.3791026771068573,0.5727872848510742,0.4738737940788269,0.5170242190361023,0.4745950698852539,0.5717792510986328,0.5590104460716248,0.525017499923706,0.5581264495849609,0.5744897127151489,0.641627848148346,0.5323213338851929,0.6438051462173462
94,0.5438854694366455,0.3223349452018738,0.5847792625427246,0.3671696186065674,0.6211325526237488,0.39386245608329773,0.5111204981803894,0.35784876346588135,0.47606533765792847,0.3816604018211365,0.5944348573684692,0.34845003485679626,0.4911178946495056,0.3648286759853363,0.5755985379219055,0.48412764072418213,0.5195858478546143,0.48406076431274414,0.5744869709014893,0.5620094537734985,0.5317298173904419,0.5700469017028809,0.5786856412887573,0.651816189289093,0.53598952293396,0.6463631391525269
95,0.5440333485603333,0.32792606949806213,0.5854551792144775,0.366376131772995,0.6156659722328186,0.38268133997917175,0.5070707201957703,0.35837122797966003,0.4751245677471161,0.36986321210861206,0.599126935005188,0.34888777136802673,0.47984036803245544,0.3524645268917084,0.5786297917366028,0.4869095981121063,0.5233259797096252,0.4873031973838806,0.5806159973144531,0.5583214163780212,0.5374979972839355,0.5611861348152161,0.5757609009742737,0.6396305561065674,0.5321528315544128,0.6401383280754089
96,0.5485635995864868,0.32549333572387695,0.5432168841362,0.3670101761817932,0.5176262855529785,0.3625130355358124,0.5556125640869141,0.3667214810848236,0.5507612228393555,0.36259493231773376,0.5198231935501099,0.3264978229999542,0.5255235433578491,0.32837995886802673,0.5249538421630859,0.48389989137649536,0.5249786376953125,0.4872426688671112,0.5168720483779907,0.5099206566810608,0.5161818265914917,0.51090008020401,0.5251613855361938,0.622368335723877,0.5230537056922913,0.6217706799507141
97,0.5527353882789612,0.32422447204589844,0.5152083039283752,0.3745572566986084,0.4904349744319916,0.3556508421897888,0.5757188200950623,0.3560280501842499,0.6069884896278381,0.3444349765777588,0.5152106285095215,0.32229265570640564,0.5291982889175415,0.3234580159187317,0.5266203880310059,0.47842127084732056,0.5481797456741333,0.4790605902671814,0.5298265814781189,0.5139251351356506,0.5440438985824585,0.5164570212364197,0.5312680006027222,0.6309413909912109,0.5311172604560852,0.6288669109344482
98,0.5490731596946716,0.32737159729003906,0.5264866948127747,0.3699708580970764,0.49570605158805847,0.35702943801879883,0.5674454569816589,0.3661186695098877,0.5516650676727295,0.3489333987236023,0.5199389457702637,0.32396700978279114,0.5313177108764648,0.325934499502182,0.5262253284454346,0.4775117337703705,0.5441591739654541,0.47858262062072754,0.5218285322189331,0.5151458382606506,0.5325180888175964,0.5308541059494019,0.5296382904052734,0.624575138092041,0.5292138457298279,0.6225965023040771
99,0.22802621126174927,0.5354446172714233,0.28059840202331543,0.5419385433197021,0.36512529850006104,0.39691850543022156,0.2512214779853821,0.5360651612281799,0.3014744222164154,0.42019397020339966,0.4450468420982361,0.2794862389564514,0.3092859387397766,0.38251471519470215,0.3213249146938324,0.5236571431159973,0.30010703206062317,0.5237287282943726,0.252497136592865,0.5772176384925842,0.245278000831604,0.5753008127212524,0.30770617723464966,0.5679432153701782,0.30402085185050964,0.5924721360206604
100,0.22441057860851288,0.4192809462547302,0.28076836466789246,0.5162959694862366,0.36502188444137573,0.3786179721355438,0.25704896450042725,0.5132073163986206,0.30055972933769226,0.4172646701335907,0.3275684118270874,0.3575877845287323,0.3143385648727417,0.3676005005836487,0.3178904354572296,0.527346134185791,0.30081483721733093,0.5420565009117126,0.25212496519088745,0.5826569199562073,0.24851350486278534,0.581031084060669,0.30771031975746155,0.5720599293708801,0.307452529668808,0.5940651893615723
101,0.21992819011211395,0.41812360286712646,0.2521718740463257,0.5008484721183777,0.3236037492752075,0.36861452460289,0.26087048649787903,0.5156634449958801,0.3219636082649231,0.39735567569732666,0.3237021863460541,0.358326256275177,0.32404017448425293,0.36044514179229736,0.3138519823551178,0.5457372665405273,0.3178648352622986,0.5443120002746582,0.2500878572463989,0.584847629070282,0.2904049754142761,0.5533818602561951,0.30745893716812134,0.5723689794540405,0.30687132477760315,0.5946349501609802
102,0.21865461766719818,0.41474801301956177,0.243763267993927,0.4967181086540222,0.28240782022476196,0.4008229970932007,0.27733883261680603,0.5126697421073914,0.3203028440475464,0.4149446189403534,0.30786117911338806,0.3592190742492676,0.32375630736351013,0.36840349435806274,0.298392653465271,0.5313403010368347,0.3209504783153534,0.5450458526611328,0.24888268113136292,0.5812777280807495,0.29465073347091675,0.5252125859260559,0.3066489100456238,0.570271372795105,0.30896928906440735,0.5919910669326782
103,0.2172027826309204,0.4076588749885559,0.2236042618751526,0.4917304515838623,0.25630009174346924,0.40015709400177,0.29716938734054565,0.49261388182640076,0.3409348726272583,0.41250288486480713,0.2810400724411011,0.3714374005794525,0.32464587688446045,0.37251004576683044,0.2973136305809021,0.5296807289123535,0.3434510827064514,0.544243574142456,0.24925528466701508,0.5789787173271179,0.31478118896484375,0.5464004874229431,0.3067341148853302,0.5709912776947021,0.31125080585479736,0.5911647081375122
104,0.21641330420970917,0.4094589650630951,0.24577969312667847,0.4759933650493622,0.28589481115341187,0.3985881209373474,0.2626994252204895,0.4936385154724121,0.3049558401107788,0.4130097031593323,0.3134857416152954,0.3663350045681,0.3165457844734192,0.3795391321182251,0.29995954036712646,0.5281462669372559,0.32213184237480164,0.5421926379203796,0.25966280698776245,0.5653112530708313,0.2655275762081146,0.5638211965560913,0.3080900311470032,0.5692210793495178,0.3088732361793518,0.5906438827514648
105,0.21990150213241577,0.4094105660915375,0.2463260143995285,0.4750233590602875,0.28708651661872864,0.38104575872421265,0.27860182523727417,0.4921877980232239,0.32424721121788025,0.39052873849868774,0.30438822507858276,0.36309564113616943,0.32847678661346436,0.3698154091835022,0.2984602451324463,0.5265005826950073,0.3227231502532959,0.5399980545043945,0.2587227523326874,0.5680564641952515,0.29353398084640503,0.5688349008560181,0.3057103157043457,0.5714946985244751,0.3064144253730774,0.5786927938461304
106,0.22060547769069672,0.4044581353664398,0.24580000340938568,0.45081889629364014,0.3227381110191345,0.3651210069656372,0.27814483642578125,0.4691731333732605,0.3454018235206604,0.3774285912513733,0.313581258058548,0.3620227575302124,0.3304862976074219,0.3696102499961853,0.2966804504394531,0.5303492546081543,0.32415512204170227,0.5442093014717102,0.2583184242248535,0.5726393461227417,0.29629117250442505,0.5732061266899109,0.30685919523239136,0.5753405690193176,0.3075225353240967,0.5944653749465942
107,0.22942326962947845,0.39020729064941406,0.26730799674987793,0.448566198348999,0.32908448576927185,0.36335086822509766,0.27783703804016113,0.46690988540649414,0.33173877000808716,0.3751797080039978,0.31271860003471375,0.34305745363235474,0.32909658551216125,0.36232686042785645,0.3004336357116699,0.5278646945953369,0.3196563720703125,0.5281580686569214,0.27415066957473755,0.5729796886444092,0.29153022170066833,0.5738304853439331,0.3036804497241974,0.5837464928627014,0.3058541417121887,0.5811027884483337
108,0.22692768275737762,0.38345402479171753,0.2719038128852844,0.44496092200279236,0.3377637267112732,0.3808385729789734,0.25798946619033813,0.44821521639823914,0.319501668214798,0.3841370940208435,0.32009562849998474,0.368760347366333,0.31118863821029663,0.3715634047985077,0.3216962218284607,0.5678322315216064,0.30247053503990173,0.5674701929092407,0.29851192235946655,0.6038411259651184,0.2743588089942932,0.5905060172080994,0.30655473470687866,0.5960577726364136,0.3056577742099762,0.5948352813720703
109,0.2179148644208908,0.40479832887649536,0.28441911935806274,0.47609496116638184,0.3535498380661011,0.3923656642436981,0.24973437190055847,0.49415767192840576,0.28069183230400085,0.3996356725692749,0.30914604663848877,0.3653343915939331,0.31035247445106506,0.3813168704509735,0.3243669867515564,0.5518778562545776,0.29794639348983765,0.56531822681427,0.30732598900794983,0.6045383214950562,0.2555820345878601,0.5902146697044373,0.3095150887966156,0.6088683605194092,0.3039996027946472,0.5962769389152527
110,0.2194843292236328,0.4022153317928314,0.2908356189727783,0.4509021043777466,0.37383121252059937,0.37797459959983826,0.24933843314647675,0.4712609052658081,0.2812225818634033,0.38126134872436523,0.47025448083877563,0.25714045763015747,0.3106446862220764,0.36741194128990173,0.3239317536354065,0.5517634153366089,0.2963525950908661,0.5652375221252441,0.30785226821899414,0.6042715907096863,0.25303882360458374,0.5895320177078247,0.3085024952888489,0.6078656911849976,0.3002033829689026,0.5949118137359619
111,0.21978136897087097,0.4040808081626892,0.298686683177948,0.518988847732544,0.3774913549423218,0.36705195903778076,0.25244808197021484,0.4743063449859619,0.3027256727218628,0.37638017535209656,0.47514665126800537,0.25926673412323,0.311148464679718,0.3682483434677124,0.32750967144966125,0.5490267276763916,0.29940205812454224,0.5474064946174622,0.30818817019462585,0.5974950790405273,0.2531259059906006,0.589102566242218,0.3094859719276428,0.6080173254013062,0.30182749032974243,0.5775372982025146
112,0.5463208556175232,0.320530503988266,0.5761367678642273,0.33740171790122986,0.5835545063018799,0.33797287940979004,0.510808527469635,0.34252414107322693,0.49429377913475037,0.3304818868637085,0.5980747938156128,0.29765933752059937,0.4852985739707947,0.2796870470046997,0.5412644743919373,0.4657321870326996,0.47817885875701904,0.486585795879364,0.5806942582130432,0.3438411355018616,0.46219176054000854,0.47411033511161804,0.5547651052474976,0.32210856676101685,0.30591124296188354,0.603478193283081
113,0.5503906011581421,0.32532215118408203,0.5796071290969849,0.35751157999038696,0.581048846244812,0.3469718396663666,0.5117049217224121,0.35772037506103516,0.4776906669139862,0.308022677898407,0.6174386143684387,0.2598811388015747,0.46967869997024536,0.25590959191322327,0.5570340156555176,0.5039458274841309,0.5109407305717468,0.512031078338623,0.5798073410987854,0.5927141308784485,0.5204570293426514,0.5989710688591003,0.5389001965522766,0.6229029297828674,0.5310263633728027,0.6197443008422852
114,0.552802562713623,0.320510596036911,0.5795629024505615,0.3524540066719055,0.5806692242622375,0.3477599024772644,0.5117363929748535,0.3530643880367279,0.4771154820919037,0.30904459953308105,0.6143382787704468,0.2623271048069,0.47154971957206726,0.25595855712890625,0.5585533976554871,0.5061739683151245,0.5122512578964233,0.5132952332496643,0.5810353755950928,0.5931123495101929,0.530498743057251,0.6106566190719604,0.5582824945449829,0.6337087154388428,0.532934844493866,0.6225119829177856
115,0.5499181747436523,0.31691133975982666,0.5826627016067505,0.35775941610336304,0.5803813934326172,0.34803634881973267,0.5106670260429382,0.3518070876598358,0.4756701588630676,0.3090466856956482,0.6074943542480469,0.2667815685272217,0.46892982721328735,0.2564215660095215,0.5593615770339966,0.5080687999725342,0.5114280581474304,0.5158991813659668,0.5847024917602539,0.5938834547996521,0.5317229628562927,0.6139283776283264,0.5423582196235657,0.6242506504058838,0.5314942598342896,0.6224890947341919
116,0.5499999523162842,0.31379133462905884,0.5840746760368347,0.35708683729171753,0.5805820822715759,0.34927648305892944,0.5101770758628845,0.35122954845428467,0.4751226603984833,0.3077053725719452,0.6097189784049988,0.2594911456108093,0.4686751067638397,0.25519487261772156,0.5629575252532959,0.5075541734695435,0.5133804082870483,0.5155981779098511,0.5864429473876953,0.5920435190200806,0.5315606594085693,0.6113523840904236,0.5454588532447815,0.6240637302398682,0.5323376655578613,0.6232206225395203
117,0.5472618937492371,0.3146461546421051,0.5791689157485962,0.35309359431266785,0.5807597041130066,0.3493797779083252,0.5077747106552124,0.35216543078422546,0.4752524793148041,0.30587154626846313,0.6149689555168152,0.25759345293045044,0.46758782863616943,0.25142741203308105,0.5586000680923462,0.512825071811676,0.5073096752166748,0.5194300413131714,0.5683497786521912,0.6096508502960205,0.48874908685684204,0.6156391501426697,0.5406134724617004,0.6224976778030396,0.5276174545288086,0.6209521889686584
118,0.5449512600898743,0.315218985080719,0.5795141458511353,0.3496723175048828,0.5923414826393127,0.3471222519874573,0.5063995122909546,0.35018444061279297,0.47482189536094666,0.30422520637512207,0.6027633547782898,0.2723015546798706,0.4669641852378845,0.2521991729736328,0.555418848991394,0.5123013854026794,0.49453943967819214,0.5205098390579224,0.5626769065856934,0.6130384206771851,0.48017510771751404,0.6180256605148315,0.5330884456634521,0.6177932024002075,0.5247454643249512,0.6204050183296204
119,0.5480024814605713,0.31756478548049927,0.577606201171875,0.35581499338150024,0.580783486366272,0.3494212329387665,0.5100708603858948,0.3535233736038208,0.4750938415527344,0.3044167757034302,0.6175099015235901,0.25919246673583984,0.4684750735759735,0.25415611267089844,0.5611444115638733,0.5109506845474243,0.5107869505882263,0.5181708335876465,0.5853089094161987,0.6073434352874756,0.5151341557502747,0.6141787767410278,0.5420926809310913,0.6233458518981934,0.529660165309906,0.6215927004814148
120,0.29380083084106445,0.3499172627925873,0.32403820753097534,0.385120153427124,0.4966481328010559,0.31772148609161377,0.2765362858772278,0.4265187978744507,0.314109742641449,0.35059699416160583,0.47623878717422485,0.25809401273727417,0.30451852083206177,0.34067755937576294,0.34635409712791443,0.5504785180091858,0.3213038146495819,0.562296986579895,0.3133319318294525,0.6054466962814331,0.2896764278411865,0.6035903692245483,0.31250855326652527,0.6098368167877197,0.30334174633026123,0.6078052520751953
121,0.29545944929122925,0.35005658864974976,0.3221498131752014,0.3846777081489563,0.5020522475242615,0.3322061002254486,0.2904147505760193,0.44426918029785156,0.3143288493156433,0.3515167236328125,0.47694575786590576,0.25608178973197937,0.31122076511383057,0.3573479652404785,0.34953558444976807,0.565320611000061,0.3249104917049408,0.5652434825897217,0.3172658085823059,0.6188859939575195,0.293992280960083,0.6053560972213745,0.3138749301433563,0.6099143028259277,0.3104843497276306,0.6080992221832275
122,0.22536009550094604,0.3839806020259857,0.2686689496040344,0.4525057077407837,0.36165618896484375,0.3634715974330902,0.2765120267868042,0.47037577629089355,0.34222230315208435,0.36549317836761475,0.4767165184020996,0.2579506039619446,0.3118821382522583,0.35981425642967224,0.3272826075553894,0.5660749673843384,0.3244674801826477,0.5646260380744934,0.3103010058403015,0.6040515899658203,0.2941945493221283,0.6029204726219177,0.3113369941711426,0.6093939542770386,0.3073294758796692,0.5973793864250183
123,0.2274101972579956,0.38394391536712646,0.28295695781707764,0.4506586492061615,0.38237521052360535,0.36265861988067627,0.27597862482070923,0.4705362319946289,0.34181758761405945,0.36519062519073486,0.4762282371520996,0.25645628571510315,0.31187504529953003,0.3606277406215668,0.34238237142562866,0.5509862303733826,0.32472971081733704,0.5649864673614502,0.3124300241470337,0.605069637298584,0.29466956853866577,0.6040104627609253,0.31258589029312134,0.6097820401191711,0.3108111023902893,0.6076037883758545
124,0.04771328717470169,0.4007304906845093,0.29106152057647705,0.42963701486587524,0.3831835389137268,0.36304521560668945,0.2766162157058716,0.4699513912200928,0.3414768874645233,0.36480647325515747,0.47617125511169434,0.2574024796485901,0.31339964270591736,0.35876893997192383,0.3443475365638733,0.5671665072441101,0.324954092502594,0.5669585466384888,0.31296464800834656,0.6058046221733093,0.29450723528862,0.605012059211731,0.3128245770931244,0.6099556088447571,0.31106889247894287,0.6079174280166626
125,0.540732204914093,0.3185655474662781,0.3029584288597107,0.44486042857170105,0.40938469767570496,0.35403046011924744,0.2760476768016815,0.44773420691490173,0.32031652331352234,0.36319512128829956,0.4774637222290039,0.2583298087120056,0.31291016936302185,0.3584528863430023,0.3425844609737396,0.5665253400802612,0.3222671151161194,0.5660734176635742,0.31336650252342224,0.6179932951927185,0.29386353492736816,0.6173199415206909,0.3126660883426666,0.6096838712692261,0.31050142645835876,0.6075517535209656
126,0.29870307445526123,0.3494226336479187,0.3260464668273926,0.3847557008266449,0.5454813838005066,0.3380224406719208,0.27597156167030334,0.42499420046806335,0.3152807056903839,0.35156017541885376,0.4775254726409912,0.25864773988723755,0.3076552748680115,0.3422161340713501,0.34521421790122986,0.5662844181060791,0.3214085102081299,0.5651021599769592,0.3159405589103699,0.6192935705184937,0.29232096672058105,0.6054456233978271,0.31418922543525696,0.6098230481147766,0.3107849955558777,0.6072906851768494
127,0.27861183881759644,0.34992489218711853,0.32384198904037476,0.38640937209129333,0.5428726673126221,0.33629655838012695,0.2699161171913147,0.4447934031486511,0.31274718046188354,0.3511045575141907,0.47606396675109863,0.25799041986465454,0.3062670826911926,0.34236642718315125,0.34286224842071533,0.5501300692558289,0.303506076335907,0.548278272151947,0.315292626619339,0.605465829372406,0.2887617349624634,0.6038329005241394,0.31405937671661377,0.6095723509788513,0.30719274282455444,0.5967376232147217
128,0.27661633491516113,0.3504442870616913,0.32288870215415955,0.3871016502380371,0.4986065626144409,0.31589454412460327,0.2679590582847595,0.44614264369010925,0.3123213052749634,0.35156577825546265,0.47610634565353394,0.25941798090934753,0.3061302602291107,0.3423043191432953,0.34538549184799194,0.551084578037262,0.3180024027824402,0.5629050731658936,0.322884738445282,0.6035147905349731,0.288899689912796,0.6037120223045349,0.3135194182395935,0.5997553467750549,0.3079583942890167,0.5967623591423035
129,0.5414091348648071,0.31978344917297363,0.32732725143432617,0.3978758752346039,0.5471584796905518,0.3363740146160126,0.2715320587158203,0.4451497793197632,0.31344789266586304,0.35178422927856445,0.4778287410736084,0.2560626268386841,0.30671000480651855,0.3415234088897705,0.3651762008666992,0.5651829242706299,0.32053375244140625,0.5642354488372803,0.32004332542419434,0.6193498373031616,0.2891850173473358,0.604928731918335,0.3160424828529358,0.6097509264945984,0.3102603554725647,0.6071454882621765
130,0.5437493324279785,0.31769654154777527,0.3317103981971741,0.44315552711486816,0.5499604940414429,0.33651185035705566,0.27213358879089355,0.44674038887023926,0.3158814609050751,0.35349828004837036,0.4807380139827728,0.25617361068725586,0.3058404326438904,0.34264618158340454,0.36641567945480347,0.5493828058242798,0.3215087056159973,0.5633718967437744,0.3265755772590637,0.6160231828689575,0.29021546244621277,0.616965651512146,0.31589627265930176,0.6097760200500488,0.3028531074523926,0.6078299283981323
131,0.5454894304275513,0.3199172914028168,0.5695167779922485,0.33892807364463806,0.5828753113746643,0.34079575538635254,0.49420925974845886,0.3345755338668823,0.4922165274620056,0.31912362575531006,0.5492518544197083,0.30545753240585327,0.4757162928581238,0.255268931388855,0.5226324796676636,0.5218755602836609,0.4586102366447449,0.5296473503112793,0.5136414170265198,0.6027123332023621,0.4144783020019531,0.5992802381515503,0.5171257853507996,0.6193158626556396,0.31040841341018677,0.6067929863929749
132,0.540895938873291,0.321586012840271,0.565315306186676,0.34802207350730896,0.5535489320755005,0.34658345580101013,0.466190904378891,0.3750622272491455,0.4909515380859375,0.32157963514328003,0.5399110317230225,0.3056873083114624,0.4765242338180542,0.2591400146484375,0.5018614530563354,0.5138927698135376,0.43516215682029724,0.5323286652565002,0.5149645805358887,0.6002694368362427,0.2873532176017761,0.6092326641082764,0.5152909755706787,0.6184755563735962,0.3083832263946533,0.604451060295105
133,0.5407678484916687,0.319447785615921,0.5769808888435364,0.346733033657074,0.579026460647583,0.3451269268989563,0.4945306181907654,0.355490505695343,0.47568339109420776,0.3065810203552246,0.5511662364006042,0.3000931143760681,0.47762930393218994,0.25720086693763733,0.526506781578064,0.5077700614929199,0.46467143297195435,0.51617431640625,0.535048246383667,0.5962914228439331,0.3020201623439789,0.5967564582824707,0.5227929949760437,0.6172791719436646,0.3080916404724121,0.6039530634880066
134,0.5419878959655762,0.31927919387817383,0.5805691480636597,0.3467579483985901,0.5797957181930542,0.34675896167755127,0.4972393214702606,0.3525792360305786,0.4918994605541229,0.327758252620697,0.5550047159194946,0.30062440037727356,0.4769814610481262,0.2578209340572357,0.5327896475791931,0.5061095952987671,0.4711032807826996,0.5147261619567871,0.5375314950942993,0.5947593450546265,0.44761890172958374,0.5795683264732361,0.5305763483047485,0.6159700751304626,0.5236642956733704,0.6187992095947266
135,0.5437219142913818,0.31792983412742615,0.5778994560241699,0.3473444879055023,0.5802478790283203,0.34902262687683105,0.5057120323181152,0.35057303309440613,0.49164289236068726,0.32889997959136963,0.591137170791626,0.27792054414749146,0.47624310851097107,0.2557944357395172,0.5477793216705322,0.5006744861602783,0.49386876821517944,0.5118461847305298,0.5557255744934082,0.591931939125061,0.4868103265762329,0.5972303748130798,0.5365884304046631,0.6187224984169006,0.528301477432251,0.6206982135772705
136,0.5427534580230713,0.3184671700000763,0.5818325877189636,0.3488982617855072,0.5803972482681274,0.3481897711753845,0.4978310763835907,0.3530017137527466,0.4831922948360443,0.32292765378952026,0.5584324598312378,0.2991255223751068,0.4743978679180145,0.2556241750717163,0.5446957349777222,0.5020667314529419,0.47583895921707153,0.5155443549156189,0.5404188632965088,0.5960637331008911,0.4561522603034973,0.598048746585846,0.5336347818374634,0.6169903874397278,0.5250834226608276,0.619522213935852
137,0.5420098304748535,0.3192262053489685,0.5798335075378418,0.3441072106361389,0.5802074670791626,0.34561586380004883,0.4980740249156952,0.3463604152202606,0.4921741187572479,0.3276992738246918,0.5525147914886475,0.30224528908729553,0.47630709409713745,0.25810906291007996,0.5294561386108398,0.5082436203956604,0.4678073525428772,0.5160765647888184,0.5360409617424011,0.5975374579429626,0.41797298192977905,0.5786889791488647,0.5275044441223145,0.6171184778213501,0.30872076749801636,0.6032507419586182
138,0.5439735651016235,0.31707292795181274,0.5818697214126587,0.3479980230331421,0.5801750421524048,0.3482142388820648,0.5009651184082031,0.3474639654159546,0.4763568043708801,0.3088926374912262,0.5582461953163147,0.2994905114173889,0.47603315114974976,0.2583654522895813,0.5439872741699219,0.503585696220398,0.4761049151420593,0.5162291526794434,0.5406774282455444,0.5978562831878662,0.45883461833000183,0.599952220916748,0.5336205959320068,0.6193007826805115,0.5240229368209839,0.6210413575172424
139,0.5448342561721802,0.3154199719429016,0.5826436281204224,0.3488110899925232,0.580168604850769,0.3483678996562958,0.5005670785903931,0.3474005460739136,0.4755208194255829,0.3095059096813202,0.5850104689598083,0.28373804688453674,0.47418373823165894,0.2624867558479309,0.5459354519844055,0.5024271607398987,0.47740602493286133,0.515468955039978,0.5532257556915283,0.5944238305091858,0.4595986306667328,0.5993133783340454,0.5345004796981812,0.6185836791992188,0.525335967540741,0.6206474900245667
140,0.5453070402145386,0.31564557552337646,0.5827211141586304,0.34827324748039246,0.5798182487487793,0.34866905212402344,0.5046576261520386,0.34592053294181824,0.4758370816707611,0.30884626507759094,0.5851282477378845,0.2849248945713043,0.4746203124523163,0.262978732585907,0.5460976362228394,0.501282274723053,0.4903181195259094,0.5116941928863525,0.5527008771896362,0.5938217639923096,0.4836638569831848,0.5991036891937256,0.5342813730239868,0.6193472146987915,0.5252386927604675,0.6209812760353088
141,0.5474066734313965,0.31920287013053894,0.5815739631652832,0.35364803671836853,0.5797922015190125,0.35034650564193726,0.5077496767044067,0.3517676591873169,0.49108123779296875,0.33079564571380615,0.5903023481369019,0.28168684244155884,0.474546879529953,0.2622719407081604,0.5529263019561768,0.5017728209495544,0.4996742010116577,0.5117969512939453,0.5631599426269531,0.5889214277267456,0.49729394912719727,0.5976051688194275,0.5394084453582764,0.6243216395378113,0.5301225185394287,0.6214590668678284
142,0.5462364554405212,0.3188943862915039,0.5810102224349976,0.35236865282058716,0.5794774293899536,0.3501306176185608,0.5048536658287048,0.35133737325668335,0.47700390219688416,0.31041136384010315,0.5655609369277954,0.2993827164173126,0.47480008006095886,0.2637956738471985,0.5507071018218994,0.5006434917449951,0.49617812037467957,0.5113092064857483,0.5590289235115051,0.5919446349143982,0.4925156235694885,0.5979684591293335,0.5371652841567993,0.6181269288063049,0.5288326740264893,0.6203112602233887
143,0.5477017164230347,0.3191145360469818,0.5833842754364014,0.35561591386795044,0.580377459526062,0.34987950325012207,0.5069334506988525,0.3518591523170471,0.49066638946533203,0.3319537341594696,0.5935244560241699,0.28010743856430054,0.47473955154418945,0.2620229721069336,0.5552136301994324,0.5019618272781372,0.5005311965942383,0.5117790102958679,0.5635532140731812,0.5919532775878906,0.5152530074119568,0.5971835851669312,0.5389169454574585,0.6221998929977417,0.5304954051971436,0.6196359395980835
144,0.5341096520423889,0.3202102780342102,0.5761076211929321,0.3506776988506317,0.5770259499549866,0.3480886220932007,0.47147831320762634,0.3620235323905945,0.4888336658477783,0.3324023485183716,0.5456658601760864,0.3058534860610962,0.47869551181793213,0.262472927570343,0.5239207744598389,0.5255310535430908,0.4393868148326874,0.5391806364059448,0.5322131514549255,0.6227273344993591,0.28579849004745483,0.6195470690727234,0.522451639175415,0.6201775670051575,0.3009583652019501,0.6073477864265442
145,0.5407266616821289,0.31821903586387634,0.5734941959381104,0.34916919469833374,0.5800549387931824,0.3487466275691986,0.49271005392074585,0.3532959818840027,0.4922834038734436,0.3318355679512024,0.5587555170059204,0.29934418201446533,0.4806431233882904,0.2580644488334656,0.5360265970230103,0.5099499225616455,0.470170795917511,0.5192821025848389,0.5429078340530396,0.6123775839805603,0.44615185260772705,0.6207685470581055,0.534709095954895,0.618674635887146,0.525384247303009,0.6203227639198303
146,0.5404703617095947,0.3167450428009033,0.5766368508338928,0.3531266152858734,0.5800857543945312,0.3500741422176361,0.4972096085548401,0.3547946810722351,0.49208223819732666,0.3347780406475067,0.563002347946167,0.2973138093948364,0.47950321435928345,0.262633353471756,0.5485754013061523,0.5035922527313232,0.49110063910484314,0.5152190923690796,0.5436400771141052,0.6090724468231201,0.4576244056224823,0.6187665462493896,0.5355715751647949,0.6189903020858765,0.5270740985870361,0.6208468675613403
147,0.5393655300140381,0.3169257640838623,0.5737139582633972,0.3513890504837036,0.5814677476882935,0.3503071963787079,0.4968627691268921,0.3545778691768646,0.49241578578948975,0.33582624793052673,0.5612794160842896,0.2982487678527832,0.48294350504875183,0.2603771686553955,0.5466256141662598,0.501350998878479,0.4911794662475586,0.5140242576599121,0.5425975918769836,0.6063463687896729,0.48001527786254883,0.6152660250663757,0.5337477326393127,0.6174713373184204,0.5260226726531982,0.6196540594100952
148,0.5419522523880005,0.3194562792778015,0.576511025428772,0.3579046428203583,0.5827919840812683,0.3507874011993408,0.5016250610351562,0.35688459873199463,0.4916773736476898,0.336051881313324,0.5920592546463013,0.2835749387741089,0.4804123640060425,0.26465904712677,0.550748348236084,0.5024283528327942,0.4971604347229004,0.5140660405158997,0.5583115816116333,0.5953795313835144,0.511841356754303,0.5994600653648376,0.5366748571395874,0.6186063289642334,0.528854250907898,0.6209447979927063
149,0.5427924394607544,0.32076552510261536,0.5748560428619385,0.35677462816238403,0.5812734365463257,0.3497171401977539,0.5089327096939087,0.3523198366165161,0.49329206347465515,0.33472520112991333,0.5962690114974976,0.2759367823600769,0.48043474555015564,0.26342594623565674,0.5541704893112183,0.49756908416748047,0.5079320073127747,0.5065807104110718,0.5641261339187622,0.5936720371246338,0.5190715789794922,0.5990825891494751,0.5396281480789185,0.625413715839386,0.5324366092681885,0.6241410374641418
150,0.5393317937850952,0.3229096531867981,0.5730043649673462,0.3456271290779114,0.5806733965873718,0.34833234548568726,0.4980509281158447,0.35899314284324646,0.5073086023330688,0.3466075360774994,0.546116054058075,0.30503764748573303,0.4868016242980957,0.2652479112148285,0.5266749858856201,0.5033836960792542,0.4705706238746643,0.516119122505188,0.5308363437652588,0.5934948325157166,0.30440205335617065,0.6019880771636963,0.5259706974029541,0.6187484860420227,0.3088151812553406,0.6059343218803406
151,0.5490947961807251,0.3226717710494995,0.580458402633667,0.35828492045402527,0.5845773220062256,0.35541054606437683,0.5153779983520508,0.35030901432037354,0.4982714354991913,0.34287533164024353,0.5849194526672363,0.2954282760620117,0.4804126024246216,0.259269118309021,0.5650506615638733,0.47750627994537354,0.5230098366737366,0.481922447681427,0.5733931064605713,0.5555006861686707,0.5385725498199463,0.5598901510238647,0.5629748106002808,0.6291354298591614,0.5372936129570007,0.6341500282287598
152,0.546501636505127,0.31488561630249023,0.28888803720474243,0.4490665793418884,0.36474213004112244,0.3621947765350342,0.30082717537879944,0.4664772152900696,0.3494521379470825,0.3752312660217285,0.32928138971328735,0.36104220151901245,0.33224689960479736,0.3631262183189392,0.32342529296875,0.5656062364578247,0.3254770040512085,0.5642129182815552,0.298542320728302,0.591124951839447,0.2955540716648102,0.5754753351211548,0.30821290612220764,0.6000216007232666,0.30832427740097046,0.5980949997901917
153,0.22833791375160217,0.40470200777053833,0.24623841047286987,0.468597948551178,0.28317925333976746,0.37989646196365356,0.2981952130794525,0.4678857922554016,0.3462388515472412,0.3949921727180481,0.3146701753139496,0.35746321082115173,0.3362392783164978,0.36677879095077515,0.29835745692253113,0.5663363933563232,0.32287049293518066,0.5649114847183228,0.25702106952667236,0.5747367739677429,0.3099527955055237,0.5570532083511353,0.3042146563529968,0.5756525993347168,0.30742350220680237,0.59855055809021
154,0.2256268560886383,0.40573593974113464,0.24981318414211273,0.4727565050125122,0.3075627088546753,0.393288254737854,0.2806447744369507,0.47199946641921997,0.3284476101398468,0.39534616470336914,0.3125324249267578,0.359020471572876,0.33256328105926514,0.3683740794658661,0.2978138029575348,0.5499980449676514,0.32023775577545166,0.5610983371734619,0.2587164342403412,0.5712868571281433,0.29698050022125244,0.5546462535858154,0.30427658557891846,0.570816159248352,0.3065156936645508,0.5950016975402832
155,0.546046257019043,0.31521421670913696,0.2720469534397125,0.4763607382774353,0.34407660365104675,0.3732892870903015,0.28295010328292847,0.49059194326400757,0.3464208245277405,0.3759952485561371,0.32608380913734436,0.3609866499900818,0.3337031602859497,0.3675268590450287,0.3199689984321594,0.5692962408065796,0.3218725323677063,0.5817315578460693,0.2972830533981323,0.5912280082702637,0.29519861936569214,0.5894208550453186,0.3071657121181488,0.6000507473945618,0.3078482151031494,0.5979300737380981
156,0.22757557034492493,0.38506704568862915,0.25238722562789917,0.44881078600883484,0.3186500370502472,0.36333924531936646,0.27551358938217163,0.46722471714019775,0.325040340423584,0.3764131963253021,0.3139892816543579,0.3595302700996399,0.33484578132629395,0.36878132820129395,0.29862457513809204,0.5271418690681458,0.3179172873497009,0.5274231433868408,0.29095253348350525,0.5779058933258057,0.2924010157585144,0.5756688714027405,0.3027777671813965,0.6018267273902893,0.3047467768192291,0.5998483300209045
157,0.22712481021881104,0.39158010482788086,0.26972633600234985,0.4733409881591797,0.3199957013130188,0.39596837759017944,0.25524163246154785,0.4700041711330414,0.3009157180786133,0.3988167941570282,0.32691484689712524,0.3666912913322449,0.31447833776474,0.3789714276790619,0.31757885217666626,0.5273284316062927,0.31255531311035156,0.5268455743789673,0.3068416118621826,0.5547538995742798,0.28921133279800415,0.5546903610229492,0.30660396814346313,0.6000321507453918,0.3044493794441223,0.5970076322555542
158,0.22165827453136444,0.4001278877258301,0.26795512437820435,0.4480714797973633,0.318655788898468,0.3958040177822113,0.2565210461616516,0.44779619574546814,0.300874799489975,0.3976115882396698,0.3129221796989441,0.36737436056137085,0.314931184053421,0.3792620599269867,0.3163655400276184,0.5250241160392761,0.31418871879577637,0.5245375633239746,0.2981029152870178,0.5732016563415527,0.28934869170188904,0.5709732174873352,0.3056686222553253,0.6004950404167175,0.30436038970947266,0.5980602502822876
159,0.22926877439022064,0.35513192415237427,0.2913980484008789,0.4506884813308716,0.3797670006752014,0.36285674571990967,0.2518130838871002,0.45096683502197266,0.28486257791519165,0.3634035587310791,0.46233224868774414,0.25258681178092957,0.3108745813369751,0.3589506149291992,0.3244612216949463,0.5238985419273376,0.2986031770706177,0.5237064361572266,0.3003186881542206,0.573212206363678,0.2576926350593567,0.5691260099411011,0.3059388995170593,0.5745047330856323,0.30704617500305176,0.5597040057182312
160,0.0424233078956604,0.3970577120780945,0.2979557514190674,0.5174269676208496,0.35746484994888306,0.3913833498954773,0.25201135873794556,0.4731776714324951,0.28129345178604126,0.41468608379364014,0.31167522072792053,0.36479395627975464,0.31099334359169006,0.5357369184494019,0.32345983386039734,0.521247386932373,0.2982668876647949,0.5208100080490112,0.301640123128891,0.5521668791770935,0.257381409406662,0.5643609762191772,0.3055175542831421,0.5722213387489319,0.3062845766544342,0.5574460625648499
161,0.5440539121627808,0.335116982460022,0.576518177986145,0.3689151406288147,0.5806353092193604,0.3583163917064667,0.5154041051864624,0.37273138761520386,0.495339959859848,0.34768936038017273,0.5560027956962585,0.3176509141921997,0.4613571763038635,0.2560763359069824,0.5536741018295288,0.48117029666900635,0.5140097141265869,0.4875217378139496,0.5546801090240479,0.5512256622314453,0.5286805033683777,0.5565998554229736,0.5488091707229614,0.6240096092224121,0.5340752005577087,0.619729220867157
162,0.5388194918632507,0.3378072679042816,0.5781623125076294,0.36942923069000244,0.5791522264480591,0.3562621474266052,0.5084612965583801,0.3777579069137573,0.4919067621231079,0.3492600619792938,0.5541501045227051,0.3208933472633362,0.46249693632125854,0.25658750534057617,0.5518766641616821,0.48425552248954773,0.5076367259025574,0.49104779958724976,0.5517057180404663,0.5383865237236023,0.5246685147285461,0.5560394525527954,0.5415136814117432,0.62828528881073,0.5281752347946167,0.619949996471405
163,0.5392406582832336,0.33664628863334656,0.5613875389099121,0.3693540096282959,0.5438761711120605,0.3383191227912903,0.525070071220398,0.3741043508052826,0.5079891681671143,0.3458665609359741,0.5512566566467285,0.3160785138607025,0.4694976508617401,0.25620120763778687,0.5492956638336182,0.4837738871574402,0.5242427587509155,0.48793694376945496,0.5539502501487732,0.5509933829307556,0.532447099685669,0.5592405796051025,0.5441705584526062,0.634415864944458,0.5419144630432129,0.6317332983016968
164,0.5414881706237793,0.34264129400253296,0.5798609256744385,0.38005194067955017,0.5828284025192261,0.3625558018684387,0.5126945972442627,0.37884682416915894,0.4936702847480774,0.3434790074825287,0.604544997215271,0.26814618706703186,0.4675336480140686,0.25853458046913147,0.559795618057251,0.4900220036506653,0.5177634954452515,0.498573899269104,0.5628629922866821,0.5655826330184937,0.533179759979248,0.5694881081581116,0.5583473443984985,0.6335865259170532,0.5369877815246582,0.6279009580612183
165,0.5369569063186646,0.34528619050979614,0.5744797587394714,0.3829757571220398,0.5855315327644348,0.35229045152664185,0.509994387626648,0.38306379318237305,0.49165284633636475,0.3447290360927582,0.5532844066619873,0.3177557587623596,0.4656637907028198,0.2573590874671936,0.5511260032653809,0.4977738559246063,0.5105026960372925,0.5043011903762817,0.5571069717407227,0.570429801940918,0.5251364707946777,0.5767791271209717,0.5527900457382202,0.6357944011688232,0.529306948184967,0.6249382495880127
166,0.5460324287414551,0.3517777919769287,0.5811271667480469,0.391754686832428,0.5840848684310913,0.3565177619457245,0.5167316198348999,0.3842575252056122,0.4994812607765198,0.3429403305053711,0.6071939468383789,0.27132952213287354,0.4646022319793701,0.26381754875183105,0.5581924915313721,0.5052592158317566,0.5176798701286316,0.5071809887886047,0.5724411010742188,0.5758243799209595,0.5305103063583374,0.5815064311027527,0.5607805252075195,0.6349902153015137,0.5361776947975159,0.6315803527832031
167,0.5411190986633301,0.3599115014076233,0.58268803358078,0.3950970768928528,0.5848507881164551,0.36100655794143677,0.5187376737594604,0.3917376697063446,0.48992669582366943,0.33829402923583984,0.6023478507995605,0.2824651598930359,0.4585883319377899,0.2663647532463074,0.5637252330780029,0.5028218626976013,0.5192578434944153,0.5063750743865967,0.5690661668777466,0.5754317045211792,0.531388521194458,0.5804358124732971,0.5579039454460144,0.6375870704650879,0.5359079241752625,0.6355382204055786
168,0.5428920388221741,0.3596613109111786,0.5711176991462708,0.38658374547958374,0.6030066013336182,0.3459659218788147,0.5220473408699036,0.38936251401901245,0.4950115382671356,0.3438875377178192,0.6018388867378235,0.2861727774143219,0.46332642436027527,0.2680107057094574,0.5565251708030701,0.48693129420280457,0.529005765914917,0.49090778827667236,0.5574839115142822,0.5435618162155151,0.5329275131225586,0.5546115040779114,0.5494867563247681,0.6332545280456543,0.5366736650466919,0.6230471134185791
169,0.5462089776992798,0.3641921877861023,0.5659787654876709,0.3870365619659424,0.5955742001533508,0.3638918399810791,0.5288967490196228,0.3958519399166107,0.5277529954910278,0.37866586446762085,0.46594327688217163,0.277866929769516,0.4624500274658203,0.27823305130004883,0.5663982629776001,0.4841565489768982,0.5341892838478088,0.4909459948539734,0.550491452217102,0.5287536382675171,0.5374796390533447,0.5417594909667969,0.5493427515029907,0.6320697665214539,0.5364036560058594,0.6286919713020325
170,0.5438116192817688,0.36843714118003845,0.5662250518798828,0.3912007510662079,0.5984529256820679,0.3695361614227295,0.528159499168396,0.40020260214805603,0.5309428572654724,0.3840576112270355,0.6055086851119995,0.29110249876976013,0.4653944969177246,0.28126776218414307,0.5646325349807739,0.48947545886039734,0.5329083800315857,0.5037701725959778,0.5530413389205933,0.5421878099441528,0.5311189293861389,0.5494968891143799,0.5498793721199036,0.6330561637878418,0.5375624895095825,0.625613272190094
171,0.5483561754226685,0.3679463267326355,0.5754532814025879,0.39346152544021606,0.6019507646560669,0.36114394664764404,0.5226843357086182,0.3968477249145508,0.4996979832649231,0.37028276920318604,0.607518196105957,0.29846417903900146,0.4676750898361206,0.2927577495574951,0.5654651522636414,0.4902913570404053,0.5316170454025269,0.5017232298851013,0.5646306872367859,0.5539131164550781,0.5408593416213989,0.5685790777206421,0.5540355443954468,0.6329681277275085,0.542870283126831,0.6361628770828247
172,0.5432429313659668,0.3705790936946869,0.5786867141723633,0.39817118644714355,0.5897878408432007,0.3787526786327362,0.5237448811531067,0.4030190408229828,0.4971953332424164,0.3719876706600189,0.5976148843765259,0.30403727293014526,0.4685050845146179,0.2967153489589691,0.5658228397369385,0.4993160665035248,0.5346826910972595,0.5047571659088135,0.5683979392051697,0.5652193427085876,0.5457746982574463,0.5811773538589478,0.556627631187439,0.6358080506324768,0.5440508127212524,0.631578266620636
173,0.5476629734039307,0.3768414258956909,0.5831537842750549,0.4018963575363159,0.599763810634613,0.37402212619781494,0.5237312316894531,0.4044574499130249,0.4944177269935608,0.3695177733898163,0.6031235456466675,0.30463236570358276,0.47192686796188354,0.29878300428390503,0.5688014030456543,0.49329864978790283,0.5389372706413269,0.5002443790435791,0.5684666633605957,0.5594421029090881,0.5491505861282349,0.5659143328666687,0.557807207107544,0.6336851119995117,0.5344321727752686,0.63397216796875
174,0.5411402583122253,0.37567755579948425,0.5677386522293091,0.40405189990997314,0.5957885980606079,0.3770512044429779,0.5326006412506104,0.4118537902832031,0.5407248139381409,0.37883085012435913,0.6057630181312561,0.31458738446235657,0.46969419717788696,0.29651468992233276,0.5557926893234253,0.502580463886261,0.5391150116920471,0.5087274312973022,0.5576006174087524,0.5701200366020203,0.5488170981407166,0.5846333503723145,0.5496261119842529,0.637026846408844,0.546409547328949,0.6295448541641235
175,0.544790506362915,0.385614275932312,0.5781653523445129,0.41126641631126404,0.6004387140274048,0.37304171919822693,0.5213721394538879,0.41543424129486084,0.4931550621986389,0.36654001474380493,0.6069628000259399,0.311565101146698,0.47382867336273193,0.3008635938167572,0.5637848377227783,0.511266827583313,0.5352331399917603,0.5167092680931091,0.5630913972854614,0.5746104717254639,0.5459638833999634,0.586056113243103,0.5570310354232788,0.6371182203292847,0.5432803630828857,0.6379584670066833
176,0.5457687377929688,0.3909817337989807,0.5784278512001038,0.4145137667655945,0.5922072529792786,0.3791496753692627,0.5150322914123535,0.4185667037963867,0.4927862584590912,0.3702952265739441,0.5977516770362854,0.32235369086265564,0.47291475534439087,0.30768027901649475,0.5713323950767517,0.5099213123321533,0.5330073833465576,0.5147225856781006,0.5697595477104187,0.5701127648353577,0.5448962450027466,0.5750055313110352,0.566665530204773,0.6364741325378418,0.5364162921905518,0.6401723623275757
177,0.5362218618392944,0.39651352167129517,0.5797218680381775,0.4220924377441406,0.6010953783988953,0.37690991163253784,0.523543119430542,0.426144003868103,0.4910541772842407,0.37425094842910767,0.5983708500862122,0.33147406578063965,0.4762958288192749,0.3221215009689331,0.5636460185050964,0.5110440850257874,0.533516526222229,0.5221583843231201,0.5636555552482605,0.5713925361633301,0.5417110919952393,0.5893748998641968,0.5476114749908447,0.6387670040130615,0.536025881767273,0.6365377902984619
178,0.5448535680770874,0.39186614751815796,0.5745753049850464,0.4228832721710205,0.6051685810089111,0.3819051682949066,0.5222235918045044,0.4267570674419403,0.48543164134025574,0.37874835729599,0.6046446561813354,0.34280288219451904,0.4762234389781952,0.3239392638206482,0.5596190690994263,0.5127813220024109,0.5333813428878784,0.524385392665863,0.5584586262702942,0.5749338865280151,0.5414570569992065,0.588804304599762,0.5467475652694702,0.6343424320220947,0.5397255420684814,0.6288636922836304
179,0.5440887808799744,0.4036567211151123,0.5616506934165955,0.4296643137931824,0.5948448777198792,0.3821406066417694,0.5400912165641785,0.43022483587265015,0.5510011911392212,0.3888159990310669,0.6042730808258057,0.3441758155822754,0.605290412902832,0.3469144105911255,0.5524702668190002,0.507278323173523,0.5509658455848694,0.5102401375770569,0.554127037525177,0.5633035898208618,0.5558436512947083,0.573111355304718,0.5475302338600159,0.6398516893386841,0.5410285592079163,0.6370116472244263
180,0.5381370782852173,0.40955251455307007,0.5663491487503052,0.4273069500923157,0.6072043180465698,0.39136803150177,0.5188512802124023,0.43522095680236816,0.4873921871185303,0.3986348807811737,0.6016126275062561,0.34780603647232056,0.4783451557159424,0.33620959520339966,0.5583258867263794,0.514441967010498,0.5312986969947815,0.5240728855133057,0.5591269135475159,0.5653075575828552,0.542089581489563,0.57095867395401,0.5500739812850952,0.6407039761543274,0.5341783165931702,0.638336181640625
181,0.5362998247146606,0.4114755392074585,0.535033643245697,0.43425068259239197,0.5312632322311401,0.4138333201408386,0.5474414825439453,0.43714994192123413,0.5452041029930115,0.4189797341823578,0.4739740788936615,0.3346220850944519,0.4786636233329773,0.33767491579055786,0.533683717250824,0.5223340392112732,0.5373432040214539,0.5242202877998352,0.5414990186691284,0.5621476173400879,0.5472385287284851,0.576215922832489,0.5473637580871582,0.6435775756835938,0.5440160036087036,0.6400838494300842
182,0.5419743061065674,0.4149579405784607,0.5608347654342651,0.4355872869491577,0.5568652153015137,0.4195147156715393,0.5380154848098755,0.44425326585769653,0.5391571521759033,0.42264264822006226,0.5970616936683655,0.35200151801109314,0.48239633440971375,0.350877970457077,0.5524500608444214,0.522397518157959,0.5441733598709106,0.5240733623504639,0.5549918413162231,0.5726963877677917,0.5484555959701538,0.5842718482017517,0.5532993078231812,0.6449015140533447,0.5493871569633484,0.6412206888198853
183,0.5416557192802429,0.4237627387046814,0.5648348927497864,0.44409748911857605,0.5917750000953674,0.417780339717865,0.5315842032432556,0.45077216625213623,0.5320378541946411,0.41891592741012573,0.5961171388626099,0.35194796323776245,0.4810168147087097,0.3542099595069885,0.5572739839553833,0.5261677503585815,0.5411016941070557,0.5290287733078003,0.5547839403152466,0.5865808129310608,0.5469913482666016,0.5912607312202454,0.5592097043991089,0.6422617435455322,0.5418590903282166,0.6360551714897156
184,0.5399212837219238,0.42867201566696167,0.5541704297065735,0.44688257575035095,0.5523160696029663,0.4354221522808075,0.5491124391555786,0.4510592222213745,0.5473518967628479,0.43866288661956787,0.480455219745636,0.35536035895347595,0.47837507724761963,0.3569125831127167,0.5519706010818481,0.520390510559082,0.5519875884056091,0.5219310522079468,0.5542064905166626,0.5821105241775513,0.5574269890785217,0.5860166549682617,0.557721734046936,0.6415742635726929,0.5466033220291138,0.6356642246246338
185,0.5448078513145447,0.4349893033504486,0.5808953046798706,0.44977861642837524,0.5928274393081665,0.43455594778060913,0.5223267078399658,0.4537275731563568,0.5020291209220886,0.4210309684276581,0.5971961617469788,0.365695595741272,0.4768773019313812,0.3630220890045166,0.5687901377677917,0.5122131109237671,0.5322727560997009,0.5151678323745728,0.5643457174301147,0.5775245428085327,0.5419251918792725,0.5845670700073242,0.5677807331085205,0.6383844017982483,0.5337571501731873,0.6332509517669678
186,0.5440201163291931,0.43643516302108765,0.5749101638793945,0.4516270160675049,0.5945694446563721,0.4360682964324951,0.521099328994751,0.4578460454940796,0.5010921955108643,0.4254034757614136,0.5953835248947144,0.3731326460838318,0.47272858023643494,0.36412501335144043,0.5710540413856506,0.522228479385376,0.5326229333877563,0.5254650115966797,0.5687863826751709,0.5738054513931274,0.5420820713043213,0.581196129322052,0.5724611282348633,0.6401482820510864,0.5313246250152588,0.6335107088088989
187,0.5443216562271118,0.44058284163475037,0.5768539309501648,0.45129650831222534,0.5905570983886719,0.45458316802978516,0.5236671566963196,0.4547674357891083,0.5027368068695068,0.42767736315727234,0.6018553972244263,0.37421321868896484,0.4785279631614685,0.3720806837081909,0.5657508969306946,0.5196877717971802,0.534959077835083,0.523377001285553,0.5631234645843506,0.5712543725967407,0.5447961091995239,0.5762784481048584,0.569637656211853,0.6427714228630066,0.5384368896484375,0.6361178159713745
188,0.5489774942398071,0.4326575994491577,0.5728883147239685,0.4482378363609314,0.5832258462905884,0.46986669301986694,0.5361672043800354,0.4511028230190277,0.5225852727890015,0.45992597937583923,0.5634326338768005,0.42942655086517334,0.526513397693634,0.43070363998413086,0.568318247795105,0.5149272680282593,0.5443780422210693,0.5196622610092163,0.5635935068130493,0.5741128325462341,0.5501154661178589,0.5757003426551819,0.5676922798156738,0.6402013897895813,0.544937252998352,0.6336638927459717
189,0.5402616858482361,0.44471895694732666,0.5691681504249573,0.4616001546382904,0.5907726287841797,0.4573100507259369,0.5221966505050659,0.46765536069869995,0.5154753923416138,0.4618586003780365,0.6032321453094482,0.38089510798454285,0.49364861845970154,0.3927401900291443,0.5661446452140808,0.5291798114776611,0.5356693267822266,0.5336683392524719,0.5648374557495117,0.5745671987533569,0.542576253414154,0.5834770798683167,0.5688509941101074,0.6367920637130737,0.5386198163032532,0.633325457572937
190,0.5464404821395874,0.44200050830841064,0.575653076171875,0.4473458528518677,0.5876904726028442,0.4661703109741211,0.5298625826835632,0.4568784832954407,0.5189776420593262,0.47355544567108154,0.5596461892127991,0.47079452872276306,0.5243737101554871,0.4567525386810303,0.5663654208183289,0.5193907618522644,0.5427938103675842,0.5233443975448608,0.5580816268920898,0.5778200626373291,0.5424768328666687,0.5832860469818115,0.5570322871208191,0.6305615305900574,0.5419732332229614,0.6245161294937134
191,0.5410899519920349,0.4423553943634033,0.5735504627227783,0.44682854413986206,0.5854496955871582,0.4694424867630005,0.527787983417511,0.4548279047012329,0.5180567502975464,0.47482606768608093,0.5616587400436401,0.4642777144908905,0.526848316192627,0.4622821807861328,0.5652062296867371,0.5208557844161987,0.5356506109237671,0.5264860391616821,0.5576940178871155,0.5769965052604675,0.5405565500259399,0.5836033821105957,0.5597866773605347,0.6315299868583679,0.5402761697769165,0.6249856948852539
192,0.540212094783783,0.4469783306121826,0.5686824917793274,0.46318429708480835,0.5849985480308533,0.477718323469162,0.5241403579711914,0.47132787108421326,0.5210087299346924,0.4784342646598816,0.5670789480209351,0.45588696002960205,0.5075072646141052,0.43964505195617676,0.5662409663200378,0.5307357311248779,0.5380273461341858,0.5334526300430298,0.5638427734375,0.5728698968887329,0.5414658784866333,0.5838671922683716,0.5639002323150635,0.6292064785957336,0.5410448908805847,0.6223142743110657
193,0.5412836074829102,0.44780755043029785,0.5615975856781006,0.46539080142974854,0.5677188634872437,0.48031753301620483,0.5345385074615479,0.47438788414001465,0.5333459973335266,0.48088428378105164,0.5627844929695129,0.45125097036361694,0.5233253240585327,0.448195219039917,0.5612835884094238,0.5342804193496704,0.5432704091072083,0.54254150390625,0.5581920146942139,0.5809420347213745,0.5418950915336609,0.5840122103691101,0.5616294145584106,0.6294644474983215,0.5387041568756104,0.6244453191757202
194,0.5424522161483765,0.4480767846107483,0.5664465427398682,0.46355006098747253,0.5647220015525818,0.47964009642601013,0.5349706411361694,0.4699353575706482,0.5289880633354187,0.4793843626976013,0.5594512224197388,0.4504810571670532,0.5166780948638916,0.4467166066169739,0.5628284215927124,0.5325310826301575,0.5427626967430115,0.5402382612228394,0.5583202242851257,0.5802450180053711,0.545194149017334,0.5856803059577942,0.5622121095657349,0.6279561519622803,0.5410159230232239,0.6230044960975647
195,0.5403107404708862,0.44794994592666626,0.5764303207397461,0.46544182300567627,0.5840162634849548,0.4802095592021942,0.5182250142097473,0.47016751766204834,0.5056430101394653,0.475678026676178,0.5722019672393799,0.45952510833740234,0.4969531297683716,0.42450055480003357,0.5690554976463318,0.5295939445495605,0.5301250219345093,0.5338529348373413,0.5676774978637695,0.5820345282554626,0.5336334705352783,0.587155818939209,0.5774617195129395,0.6331583261489868,0.5364086627960205,0.6227410435676575
196,0.5437588691711426,0.44940146803855896,0.5763206481933594,0.466962069272995,0.585629403591156,0.47805213928222656,0.5223496556282043,0.47143635153770447,0.5088319182395935,0.47515779733657837,0.5704008936882019,0.4531317353248596,0.4973185062408447,0.4221585690975189,0.567196249961853,0.5299248695373535,0.5312409400939941,0.5345609784126282,0.5657484531402588,0.5840557813644409,0.5376288294792175,0.5882288217544556,0.5743887424468994,0.6354374289512634,0.5380865335464478,0.6233605742454529
197,0.5402292609214783,0.45868831872940063,0.5741130113601685,0.4728509783744812,0.5905073881149292,0.49323469400405884,0.5153610110282898,0.47632843255996704,0.5106707811355591,0.4868655204772949,0.5783997774124146,0.491016149520874,0.5209094285964966,0.4713920056819916,0.5693212151527405,0.5385475158691406,0.5327132940292358,0.5438573956489563,0.5716749429702759,0.5793811082839966,0.5360468029975891,0.5858089923858643,0.5732678174972534,0.6361056566238403,0.5361790657043457,0.6266067028045654
198,0.5392846465110779,0.4576719403266907,0.576924204826355,0.4669950008392334,0.5863595008850098,0.4919348359107971,0.5199483633041382,0.46873459219932556,0.5113033652305603,0.4866418242454529,0.5735871195793152,0.49107858538627625,0.5100358724594116,0.4525848627090454,0.5680909156799316,0.5379674434661865,0.5298995971679688,0.5416519045829773,0.5639213919639587,0.5851863026618958,0.5320556163787842,0.5880569815635681,0.5735506415367126,0.6355046629905701,0.5300613045692444,0.6206762194633484
199,0.5393331050872803,0.4574405550956726,0.576269268989563,0.47166985273361206,0.5869218111038208,0.48801225423812866,0.519294023513794,0.4738205671310425,0.5100537538528442,0.48234498500823975,0.569364070892334,0.47694557905197144,0.5044518709182739,0.4443681836128235,0.5668389797210693,0.5320011377334595,0.5304434299468994,0.5343871116638184,0.565008819103241,0.5829464793205261,0.5349270105361938,0.5867649912834167,0.5670711994171143,0.6236352920532227,0.5315653085708618,0.619916558265686
200,0.5396726727485657,0.45656847953796387,0.5741769075393677,0.4734737277030945,0.5879170298576355,0.48708128929138184,0.521496057510376,0.4726508557796478,0.5086795091629028,0.4835923910140991,0.5694124698638916,0.4914393126964569,0.5221940279006958,0.4862857460975647,0.5680519342422485,0.5299620628356934,0.5318242311477661,0.5331712961196899,0.5683753490447998,0.5725563168525696,0.5349514484405518,0.5806698203086853,0.5702309608459473,0.6256031394004822,0.5346488356590271,0.62149977684021
201,0.540067195892334,0.45674723386764526,0.571578323841095,0.47022151947021484,0.5885500907897949,0.4885593056678772,0.5193576812744141,0.47339367866516113,0.5059113502502441,0.48417744040489197,0.5713042616844177,0.49336469173431396,0.5219122171401978,0.4870932698249817,0.5674651265144348,0.5295202136039734,0.5305516719818115,0.5321589708328247,0.5691618323326111,0.5730524063110352,0.5344371795654297,0.5800496935844421,0.5714695453643799,0.6259796023368835,0.5340157747268677,0.6222102642059326
202,0.5404248833656311,0.4566587209701538,0.5761328935623169,0.4736914336681366,0.5882620811462402,0.4870973229408264,0.5199623107910156,0.4716586470603943,0.5065977573394775,0.484322726726532,0.5724619030952454,0.49298879504203796,0.5210115313529968,0.48569783568382263,0.5678181648254395,0.5278018116950989,0.5305192470550537,0.5303391218185425,0.5691863298416138,0.5716184377670288,0.5337902307510376,0.5787416696548462,0.5714799165725708,0.6250714063644409,0.5332557559013367,0.6215358972549438
203,0.5401343703269958,0.45653581619262695,0.5750012397766113,0.47226259112358093,0.5879635214805603,0.48584073781967163,0.5203677415847778,0.47037649154663086,0.506710946559906,0.4832063615322113,0.5702718496322632,0.4928467869758606,0.5214701294898987,0.4858880639076233,0.5675408840179443,0.5278306007385254,0.5308103561401367,0.5304416418075562,0.5667271614074707,0.5718308091163635,0.5339188575744629,0.5788381099700928,0.56943279504776,0.6236724853515625,0.5336335897445679,0.6206710338592529
204,0.5391992330551147,0.4621182382106781,0.5723879933357239,0.4756430983543396,0.5882870554924011,0.48878130316734314,0.5186848640441895,0.47905582189559937,0.5101665258407593,0.4860706329345703,0.5662646889686584,0.4735756516456604,0.5014217495918274,0.43697524070739746,0.5659928917884827,0.5326181054115295,0.5330277681350708,0.5411798357963562,0.5652588605880737,0.5834337472915649,0.5353156328201294,0.5897364616394043,0.5656454563140869,0.6270382404327393,0.5327014327049255,0.6238183379173279
205,0.5400265455245972,0.459719181060791,0.5766655206680298,0.4748401641845703,0.5912964344024658,0.47564905881881714,0.5190569758415222,0.47706374526023865,0.5128248333930969,0.4781896770000458,0.5687757730484009,0.45153021812438965,0.4927421808242798,0.41838523745536804,0.5662000179290771,0.5315030813217163,0.5320266485214233,0.5350386500358582,0.5649670362472534,0.5822904706001282,0.5346118211746216,0.5884665250778198,0.5652704834938049,0.6283228397369385,0.5316280126571655,0.623751163482666
206,0.5410914421081543,0.4595819115638733,0.571721076965332,0.47174352407455444,0.5866937637329102,0.4911128282546997,0.5246143341064453,0.47542017698287964,0.5120061039924622,0.48560628294944763,0.5626676082611084,0.4714958667755127,0.5032739639282227,0.4375581443309784,0.5645701885223389,0.5367920398712158,0.5347872972488403,0.5420517325401306,0.5616693496704102,0.5872777104377747,0.5377336740493774,0.5928359627723694,0.56294184923172,0.6318610906600952,0.534639835357666,0.6265667080879211
207,0.5416773557662964,0.46082228422164917,0.5735652446746826,0.47700998187065125,0.5879286527633667,0.4976699948310852,0.517011821269989,0.4800833463668823,0.5133475065231323,0.49543434381484985,0.5801967978477478,0.49052783846855164,0.5232729315757751,0.4856712818145752,0.5683918595314026,0.5391980409622192,0.5344188213348389,0.5430394411087036,0.5705835223197937,0.5796248912811279,0.5355505347251892,0.5858601331710815,0.5697788000106812,0.6338123083114624,0.5318747758865356,0.6270476579666138
208,0.5447933673858643,0.4517256021499634,0.5752903819084167,0.4676392674446106,0.59049391746521,0.49028250575065613,0.5204896926879883,0.47565171122550964,0.5067055225372314,0.4754795432090759,0.5724756717681885,0.4545325040817261,0.5027134418487549,0.4374627470970154,0.5690678358078003,0.5312078595161438,0.5317700505256653,0.5339672565460205,0.5693511366844177,0.5801246166229248,0.534715473651886,0.5858177542686462,0.5698300004005432,0.6334378719329834,0.5313947200775146,0.6263003349304199
209,0.5404393076896667,0.4494210183620453,0.5759404897689819,0.4680916965007782,0.58888840675354,0.4794875383377075,0.5211460590362549,0.4724277853965759,0.5122725963592529,0.48438510298728943,0.5681705474853516,0.4548078179359436,0.4908313751220703,0.4152164161205292,0.5667102336883545,0.5286425948143005,0.5345834493637085,0.5318751931190491,0.5657458305358887,0.5773015022277832,0.5410025119781494,0.5824823379516602,0.567720353603363,0.6258487701416016,0.5353573560714722,0.6215355396270752
210,0.5416727066040039,0.4481475353240967,0.5728265643119812,0.46713659167289734,0.5856623649597168,0.49310585856437683,0.521797239780426,0.47324901819229126,0.5117592811584473,0.4878307580947876,0.5684496164321899,0.4749637246131897,0.5251423716545105,0.49005743861198425,0.5666182041168213,0.5304549336433411,0.5334912538528442,0.5335763692855835,0.5661187767982483,0.5687007308006287,0.5392219424247742,0.5752624273300171,0.5679805278778076,0.6280494332313538,0.5337653160095215,0.6253732442855835
211,0.5436792373657227,0.4448167681694031,0.5470564365386963,0.46285974979400635,0.5481588840484619,0.47903233766555786,0.5528699159622192,0.4655474126338959,0.5593191981315613,0.4851013123989105,0.5457406044006348,0.4591643512248993,0.5507267117500305,0.4733489751815796,0.5506420731544495,0.5299350023269653,0.5534341931343079,0.5309596657752991,0.5440151691436768,0.5785495638847351,0.5582045316696167,0.5802719593048096,0.5501469373703003,0.6266624927520752,0.5500893592834473,0.6245436668395996
212,0.5480392575263977,0.4449341893196106,0.5744736194610596,0.45978638529777527,0.5782691240310669,0.4785026013851166,0.5284923911094666,0.4655183255672455,0.5120235085487366,0.4740327298641205,0.5655121803283691,0.4484056830406189,0.49281513690948486,0.4058091640472412,0.5671541690826416,0.5286124348640442,0.5381491184234619,0.530299961566925,0.563427209854126,0.5719008445739746,0.5380933284759521,0.5787355303764343,0.56552654504776,0.6264922618865967,0.537366509437561,0.621999979019165
213,0.551439642906189,0.4420868754386902,0.5627626776695251,0.45580917596817017,0.5636923313140869,0.46113401651382446,0.5418556928634644,0.46215879917144775,0.5372083187103271,0.4626636505126953,0.5552048683166504,0.4240477681159973,0.5407747030258179,0.4249706268310547,0.5582761168479919,0.5277997255325317,0.5465937256813049,0.5311731100082397,0.5564839243888855,0.5795000195503235,0.553744375705719,0.5833907127380371,0.5563924312591553,0.6345525979995728,0.5442286133766174,0.6291576027870178
214,0.5495144128799438,0.43665811419487,0.578825831413269,0.4546530842781067,0.605859100818634,0.4289844036102295,0.5191317200660706,0.456951379776001,0.4908929765224457,0.4214903712272644,0.6064472198486328,0.38583478331565857,0.4763181209564209,0.37479299306869507,0.566332221031189,0.5297008752822876,0.5300145149230957,0.5334925651550293,0.5671454668045044,0.5699822902679443,0.5430494546890259,0.5783501267433167,0.5645022988319397,0.6274223327636719,0.5375766754150391,0.6211680173873901
215,0.5484779477119446,0.43239784240722656,0.577731192111969,0.4500511884689331,0.5920158624649048,0.4369220435619354,0.530124843120575,0.4540210962295532,0.513592004776001,0.43721672892570496,0.5981012582778931,0.38397106528282166,0.47554606199264526,0.3694528043270111,0.5629872679710388,0.523194432258606,0.5340614318847656,0.5266917943954468,0.5612289309501648,0.5716993808746338,0.5457710027694702,0.5790278911590576,0.559693455696106,0.6337729692459106,0.5364781618118286,0.6278971433639526
216,0.5440714955329895,0.4292778968811035,0.5798359513282776,0.43982911109924316,0.6048339605331421,0.42357370257377625,0.5196166634559631,0.44540536403656006,0.489013135433197,0.4181637763977051,0.5994421243667603,0.37750300765037537,0.4747089743614197,0.3564705550670624,0.5633066296577454,0.5056644678115845,0.5304007530212402,0.5091651678085327,0.5584017038345337,0.5705446004867554,0.5403876304626465,0.5794533491134644,0.5557348728179932,0.629745364189148,0.5353618860244751,0.6263102293014526
217,0.5446077585220337,0.42479023337364197,0.5761187672615051,0.4416905641555786,0.6071779727935791,0.4091068208217621,0.5230523347854614,0.4463913142681122,0.4916483759880066,0.42036426067352295,0.6033051013946533,0.3668031096458435,0.4744184911251068,0.3545880913734436,0.5563348531723022,0.5252326726913452,0.52840256690979,0.5300836563110352,0.560451865196228,0.5938396453857422,0.5403220653533936,0.6002768278121948,0.5577400326728821,0.6350700855255127,0.5348097085952759,0.6355298161506653
218,0.5471794605255127,0.4130644202232361,0.5807186365127563,0.42738550901412964,0.6022276878356934,0.42319291830062866,0.5178702473640442,0.4357492923736572,0.49061235785484314,0.425163596868515,0.6036563515663147,0.3596658408641815,0.4732002913951874,0.347051203250885,0.5628927946090698,0.5171487331390381,0.5306551456451416,0.5214608907699585,0.5673460960388184,0.5704178810119629,0.5400066375732422,0.5756902694702148,0.5615220069885254,0.6309228539466858,0.5372663736343384,0.6256136894226074
219,0.5536879301071167,0.40752387046813965,0.5841178894042969,0.42800602316856384,0.6025487184524536,0.41817817091941833,0.5186551809310913,0.4331521987915039,0.48745065927505493,0.40685707330703735,0.602459192276001,0.3576076924800873,0.47367149591445923,0.33828291296958923,0.558443009853363,0.5058147311210632,0.5215991735458374,0.5192040205001831,0.5611137747764587,0.563477098941803,0.5357009172439575,0.5860080718994141,0.5535160899162292,0.6269524693489075,0.5384489893913269,0.6314948201179504
220,0.548030436038971,0.40276965498924255,0.5769979357719421,0.4436541199684143,0.5834643840789795,0.4282380938529968,0.4967634379863739,0.46910127997398376,0.4915943741798401,0.42850932478904724,0.6034132838249207,0.3571505546569824,0.48467880487442017,0.3555041551589966,0.5451415777206421,0.5116919875144958,0.49808749556541443,0.5225090980529785,0.5243298411369324,0.47792088985443115,0.49377721548080444,0.4584033191204071,0.5394097566604614,0.6206854581832886,0.5341402292251587,0.618610143661499
221,0.5478760004043579,0.39240071177482605,0.5773754119873047,0.41752010583877563,0.602829098701477,0.39465755224227905,0.5213258862495422,0.42249929904937744,0.4889407157897949,0.3965245187282562,0.6029815077781677,0.3489719033241272,0.4740801453590393,0.33033809065818787,0.5612620115280151,0.515541672706604,0.5318551063537598,0.5216035842895508,0.5651726722717285,0.5888434648513794,0.5452393293380737,0.5977747440338135,0.557403028011322,0.6334985494613647,0.5394559502601624,0.627550482749939
222,0.5432843565940857,0.3903295397758484,0.5706125497817993,0.41159290075302124,0.599409818649292,0.3976594805717468,0.5215280055999756,0.41556140780448914,0.496701180934906,0.3967416286468506,0.6071772575378418,0.33670574426651,0.47616299986839294,0.3280563950538635,0.5548034906387329,0.5011278390884399,0.5250719785690308,0.5068734288215637,0.5532125234603882,0.5602766275405884,0.5373611450195312,0.5780726075172424,0.5461312532424927,0.628670871257782,0.5387245416641235,0.627927839756012
223,0.543709397315979,0.3839895725250244,0.5520687699317932,0.41226714849472046,0.5397461652755737,0.39537233114242554,0.5501575469970703,0.4156917333602905,0.5396106243133545,0.3986864686012268,0.48196762800216675,0.3094891309738159,0.600432276725769,0.3364275395870209,0.5495373010635376,0.4986625611782074,0.5502133369445801,0.5006842017173767,0.5521854162216187,0.5680705904960632,0.5575820803642273,0.5722181797027588,0.5463770031929016,0.625994086265564,0.5447791814804077,0.6264752745628357
224,0.5481968522071838,0.37892386317253113,0.5548113584518433,0.40783578157424927,0.5531815886497498,0.3768225610256195,0.5535402894020081,0.4106692969799042,0.5535358786582947,0.38033562898635864,0.48078951239585876,0.2860966920852661,0.6107884049415588,0.3109128475189209,0.5484876036643982,0.501729428768158,0.5500396490097046,0.5038059949874878,0.5517669916152954,0.5691139698028564,0.559951663017273,0.5725306272506714,0.5463604927062988,0.6305407285690308,0.5451873540878296,0.6292786598205566
225,0.5518457889556885,0.370652437210083,0.5621894598007202,0.39325833320617676,0.5836844444274902,0.3854326009750366,0.5442183613777161,0.40074586868286133,0.541303277015686,0.3814627528190613,0.6097221374511719,0.30615904927253723,0.5512957572937012,0.35863396525382996,0.5516592860221863,0.48964378237724304,0.5365597605705261,0.5033328533172607,0.5486506223678589,0.5576630234718323,0.5410852432250977,0.5608795285224915,0.5410133600234985,0.6232523918151855,0.5403085947036743,0.6210234761238098
226,0.5557649731636047,0.36327970027923584,0.58042311668396,0.3955732583999634,0.561535656452179,0.368807852268219,0.5330851078033447,0.3937264680862427,0.5352168083190918,0.3697309195995331,0.6162790060043335,0.2777847647666931,0.47477981448173523,0.2715245187282562,0.5655171871185303,0.4971291720867157,0.5410004258155823,0.5009523630142212,0.5739558935165405,0.5637370347976685,0.5523480176925659,0.5705026984214783,0.5595572590827942,0.6349564790725708,0.5444411635398865,0.6337743401527405
227,0.5512830018997192,0.3621790111064911,0.5801472663879395,0.3908027112483978,0.5803334712982178,0.3845204710960388,0.5283064842224121,0.39774322509765625,0.5202107429504395,0.3812834918498993,0.5411558747291565,0.3382115066051483,0.49464142322540283,0.31235992908477783,0.5522876381874084,0.5032674074172974,0.5181971788406372,0.5103508234024048,0.5540673732757568,0.5752488374710083,0.5281735062599182,0.5880733132362366,0.5450717210769653,0.6218744516372681,0.5332403182983398,0.6197453737258911
228,0.5482261180877686,0.3589829206466675,0.5770161151885986,0.39263781905174255,0.5869658589363098,0.3661577105522156,0.5231591463088989,0.39352697134017944,0.4953179955482483,0.3425145745277405,0.6092692613601685,0.26759642362594604,0.47232335805892944,0.2615286111831665,0.5601822733879089,0.495963990688324,0.5235726237297058,0.5014888048171997,0.5688166618347168,0.5623205304145813,0.5345905423164368,0.5723609328269958,0.5614603161811829,0.6329100131988525,0.5382710695266724,0.6267134547233582
229,0.5402230620384216,0.35646897554397583,0.5705041885375977,0.3968551754951477,0.5811736583709717,0.3703826665878296,0.5109634399414062,0.4215337932109833,0.49762850999832153,0.34208258986473083,0.5695719718933105,0.34527307748794556,0.47459495067596436,0.2489684671163559,0.5431197881698608,0.5013483762741089,0.5031042098999023,0.5089516043663025,0.5378965139389038,0.5508816242218018,0.47346031665802,0.5490151643753052,0.5410727858543396,0.6308009624481201,0.5265183448791504,0.6188249588012695
230,0.22671280801296234,0.36982235312461853,0.25029322504997253,0.47192320227622986,0.30391883850097656,0.3922428488731384,0.28005123138427734,0.47173118591308594,0.3235645890235901,0.3940992057323456,0.3097265362739563,0.36679691076278687,0.3138043284416199,0.36831045150756836,0.3010009825229645,0.5266071557998657,0.32232967019081116,0.5395053029060364,0.2590416967868805,0.5654314756393433,0.2611335217952728,0.5638296604156494,0.3064320385456085,0.559231162071228,0.303401380777359,0.591792643070221
231,0.5446172952651978,0.3313506841659546,0.2992830276489258,0.5166699886322021,0.3540423810482025,0.3893800675868988,0.25887203216552734,0.4928010106086731,0.3062437176704407,0.395000696182251,0.30873042345046997,0.35862016677856445,0.31310319900512695,0.3781219720840454,0.325893759727478,0.5280349254608154,0.30604714155197144,0.540952742099762,0.2955326735973358,0.5634370446205139,0.25949281454086304,0.495708703994751,0.31226691603660583,0.5559566617012024,0.3044312000274658,0.5924636125564575
232,0.22827136516571045,0.3892984092235565,0.265796422958374,0.49799418449401855,0.31857144832611084,0.39191943407058716,0.2802354097366333,0.49289172887802124,0.3210979700088501,0.3931879997253418,0.32227379083633423,0.3686797022819519,0.31426554918289185,0.3679463863372803,0.31774038076400757,0.5264536142349243,0.32353687286376953,0.5384441018104553,0.28195053339004517,0.4945896565914154,0.2805977463722229,0.46445366740226746,0.3043413758277893,0.5713841915130615,0.30599841475486755,0.5920063257217407
233,0.22962763905525208,0.37506720423698425,0.25267940759658813,0.4739617705345154,0.30370426177978516,0.39409884810447693,0.2781781554222107,0.48881882429122925,0.3051987588405609,0.41478392481803894,0.3118318021297455,0.36804908514022827,0.3165976405143738,0.38105902075767517,0.31756120920181274,0.5230403542518616,0.32176685333251953,0.5224007368087769,0.260711669921875,0.5596210956573486,0.27958250045776367,0.4650481939315796,0.3083624839782715,0.5583088994026184,0.303737610578537,0.5909000635147095
234,0.23108160495758057,0.37479883432388306,0.2721835970878601,0.4718661308288574,0.32221201062202454,0.4174378514289856,0.2583913505077362,0.4696774482727051,0.30474889278411865,0.42046961188316345,0.31089141964912415,0.3627167344093323,0.31678250432014465,0.5376918911933899,0.3176926374435425,0.5253562927246094,0.31410038471221924,0.5247581005096436,0.25296783447265625,0.580418586730957,0.24678528308868408,0.5786842107772827,0.30650901794433594,0.5752878189086914,0.30538564920425415,0.5954592227935791
235,0.2162088006734848,0.4088156819343567,0.23143313825130463,0.47075557708740234,0.2596791982650757,0.4388620853424072,0.2641962468624115,0.48994308710098267,0.30922943353652954,0.46606501936912537,0.316458523273468,0.5371859669685364,0.3199782967567444,0.5375980138778687,0.2991679906845093,0.5224182605743408,0.319141149520874,0.5221278667449951,0.2564839720726013,0.4634130001068115,0.28212690353393555,0.4343949258327484,0.3052603006362915,0.5712249279022217,0.3046359717845917,0.5921238660812378
236,0.24134521186351776,0.3844996690750122,0.2717069983482361,0.44614991545677185,0.3073810040950775,0.39818066358566284,0.27682632207870483,0.4639539122581482,0.3068099915981293,0.41817089915275574,0.31782904267311096,0.3651641309261322,0.32105395197868347,0.3793522119522095,0.3174944519996643,0.5301374197006226,0.3219025135040283,0.5430261492729187,0.27693215012550354,0.568629801273346,0.29257023334503174,0.5697789192199707,0.30823588371276855,0.5736291408538818,0.3094845414161682,0.5701454877853394
237,0.24015365540981293,0.3827272355556488,0.2676438093185425,0.4450418949127197,0.30546465516090393,0.39629417657852173,0.2778140902519226,0.4468379020690918,0.30762171745300293,0.3985024690628052,0.3150433599948883,0.35806211829185486,0.3202076554298401,0.36585110425949097,0.30136391520500183,0.5269498825073242,0.32014036178588867,0.5273925065994263,0.2598925530910492,0.5675165057182312,0.2928064167499542,0.5677285194396973,0.30682143568992615,0.5707178711891174,0.3090253472328186,0.5675998330116272
238,0.23650214076042175,0.369925856590271,0.2734295129776001,0.44308388233184814,0.3224736154079437,0.3644200563430786,0.28281816840171814,0.4448380172252655,0.32664018869400024,0.37890756130218506,0.32312893867492676,0.3636741042137146,0.33108389377593994,0.3705706000328064,0.3215382695198059,0.527167558670044,0.3291463851928711,0.5394926071166992,0.2931341826915741,0.5739670991897583,0.2951117157936096,0.57201087474823,0.303926944732666,0.5836347937583923,0.3057410418987274,0.5807380676269531
239,0.5357223749160767,0.31868046522140503,0.5505334734916687,0.352519154548645,0.5366592407226562,0.327947199344635,0.5292619466781616,0.3597709834575653,0.4925636649131775,0.3218768239021301,0.5462213158607483,0.29754960536956787,0.5006752610206604,0.27877160906791687,0.5209617018699646,0.5050199031829834,0.49916887283325195,0.510317325592041,0.5334933996200562,0.5792757272720337,0.3052768409252167,0.5938522815704346,0.5340486764907837,0.6178202629089355,0.3095272183418274,0.6030638217926025
240,0.23164480924606323,0.3894155025482178,0.2477550506591797,0.4456689953804016,0.2805262804031372,0.39421188831329346,0.29717913269996643,0.46454963088035583,0.3472096621990204,0.39484477043151855,0.3019462823867798,0.364530086517334,0.3516240119934082,0.381663978099823,0.29666733741760254,0.5469310283660889,0.325019508600235,0.559882402420044,0.25739797949790955,0.5895465612411499,0.2967013418674469,0.5923558473587036,0.3014967441558838,0.6008753776550293,0.30548015236854553,0.5993003845214844
241,0.2262895107269287,0.3949374556541443,0.24031738936901093,0.4780612885951996,0.25282159447669983,0.41499266028404236,0.299910306930542,0.5279129147529602,0.3448490798473358,0.4400692880153656,0.30766427516937256,0.3613515794277191,0.31865862011909485,0.3663000464439392,0.298376202583313,0.5439698696136475,0.342046320438385,0.5440951585769653,0.2540966868400574,0.5753623247146606,0.29757189750671387,0.5760941505432129,0.30901044607162476,0.5729429721832275,0.3077930212020874,0.5977334380149841
242,0.2221435010433197,0.41733038425445557,0.24199914932250977,0.5036243796348572,0.2784293293952942,0.4410187900066376,0.2963674068450928,0.5323677062988281,0.3420681655406952,0.47094428539276123,0.3091680109500885,0.363871306180954,0.3252585232257843,0.5377996563911438,0.2981855273246765,0.5277055501937866,0.3242926001548767,0.5273759961128235,0.25737494230270386,0.5733268857002258,0.2975902557373047,0.5553605556488037,0.31013137102127075,0.5709204077720642,0.3081818222999573,0.5951535105705261
243,0.22771356999874115,0.5141417384147644,0.22680386900901794,0.5222506523132324,0.25503307580947876,0.4405807852745056,0.2939392626285553,0.5355035066604614,0.3433837294578552,0.47237810492515564,0.31983429193496704,0.5374346375465393,0.32485532760620117,0.5372418761253357,0.2977825701236725,0.526878297328949,0.32329732179641724,0.5263978242874146,0.26184287667274475,0.582352876663208,0.31104856729507446,0.5498417019844055,0.3113689720630646,0.5663545727729797,0.3098876178264618,0.5917266607284546
244,0.5494402647018433,0.32083702087402344,0.5609793663024902,0.34457239508628845,0.5449457168579102,0.3336775302886963,0.5565001964569092,0.34383201599121094,0.518224835395813,0.33482205867767334,0.5512152314186096,0.3092239797115326,0.5416283011436462,0.30058470368385315,0.4809248149394989,0.5231444835662842,0.48184263706207275,0.5247282981872559,0.4395960569381714,0.5968655943870544,0.40956252813339233,0.5967745780944824,0.5287803411483765,0.6266328692436218,0.3115779161453247,0.603256106376648
245,0.5487809777259827,0.32040780782699585,0.561892569065094,0.3457005023956299,0.5453453660011292,0.33802828192710876,0.5540417432785034,0.34535086154937744,0.5183563232421875,0.3362273871898651,0.5503221750259399,0.31154364347457886,0.5428547263145447,0.311659038066864,0.4586451053619385,0.541556179523468,0.4592449367046356,0.5433634519577026,0.4403088688850403,0.6166931390762329,0.3075876235961914,0.6085623502731323,0.5221948027610779,0.6256338357925415,0.31196168065071106,0.603631854057312
246,0.5485652685165405,0.3190212845802307,0.26122599840164185,0.5031241178512573,0.2981027662754059,0.4159875810146332,0.31298717856407166,0.5152768492698669,0.36548781394958496,0.41215071082115173,0.3101269602775574,0.36079728603363037,0.47829851508140564,0.25622501969337463,0.3224676251411438,0.5475907921791077,0.3448035418987274,0.5468506217002869,0.2911069095134735,0.5764971971511841,0.2949451208114624,0.5748424530029297,0.31454241275787354,0.568183183670044,0.31034156680107117,0.5966609120368958
247,0.2262125313282013,0.4165132939815521,0.2469508945941925,0.5015010833740234,0.3000928461551666,0.4183397889137268,0.2955946624279022,0.5148589015007019,0.34473463892936707,0.4423068165779114,0.31125491857528687,0.36097270250320435,0.3193727731704712,0.36505410075187683,0.3057064414024353,0.546977698802948,0.34209054708480835,0.5463021993637085,0.29001307487487793,0.5758928060531616,0.30978596210479736,0.5545531511306763,0.3135409355163574,0.5670803189277649,0.3104880452156067,0.5943363904953003
248,0.22607466578483582,0.415383517742157,0.24469324946403503,0.5001344680786133,0.27853453159332275,0.4407016634941101,0.2961587607860565,0.5293192863464355,0.3449252247810364,0.4421711564064026,0.31077343225479126,0.3607140779495239,0.3197076916694641,0.3646753430366516,0.3030443787574768,0.5455152988433838,0.34123653173446655,0.5448496341705322,0.2589693069458008,0.5728757977485657,0.309947669506073,0.5536555051803589,0.3109581172466278,0.5674556493759155,0.3086952865123749,0.5939375162124634
249,0.2275904417037964,0.4134634733200073,0.2632880210876465,0.5002832412719727,0.3020457625389099,0.4176259934902191,0.27956607937812805,0.49585971236228943,0.3244539499282837,0.4176456332206726,0.3118511438369751,0.36092767119407654,0.31859615445137024,0.36522239446640015,0.3218092620372772,0.5469961762428284,0.32586607336997986,0.5591423511505127,0.29200801253318787,0.5761589407920837,0.29489943385124207,0.5563461184501648,0.31322234869003296,0.5680743455886841,0.3083825707435608,0.5947930812835693
250,0.2263127565383911,0.41601356863975525,0.2507972717285156,0.5014820098876953,0.3022894859313965,0.41858965158462524,0.29210737347602844,0.5299432277679443,0.34308356046676636,0.44177764654159546,0.31341463327407837,0.3605494499206543,0.3190004825592041,0.36449503898620605,0.3071780204772949,0.5461835861206055,0.3246910870075226,0.5449483394622803,0.2917017936706543,0.5757749676704407,0.29453736543655396,0.5557577610015869,0.31299930810928345,0.5666552782058716,0.3085494637489319,0.594685971736908
251,0.22681185603141785,0.4146071672439575,0.24875062704086304,0.500407338142395,0.3012910485267639,0.41855379939079285,0.2936543822288513,0.5291405320167542,0.34344884753227234,0.441578209400177,0.31302592158317566,0.36112305521965027,0.3195020258426666,0.3646692633628845,0.306252121925354,0.5464637279510498,0.32596707344055176,0.5451003313064575,0.2907460927963257,0.5748459696769714,0.2954317331314087,0.5549283027648926,0.31247109174728394,0.5667232275009155,0.3085499703884125,0.5944218635559082
252,0.2403964400291443,0.3618602156639099,0.24380984902381897,0.39720794558525085,0.2554149925708771,0.38374364376068115,0.29789814352989197,0.41730591654777527,0.3646373450756073,0.3837159276008606,0.26498275995254517,0.37336915731430054,0.3353148102760315,0.3716769814491272,0.29737144708633423,0.5498142242431641,0.3422670066356659,0.5501675009727478,0.2534219026565552,0.5855312943458557,0.313645601272583,0.5744902491569519,0.303295373916626,0.5958683490753174,0.30849388241767883,0.5950132012367249
253,0.23746567964553833,0.3738008737564087,0.23873823881149292,0.40609294176101685,0.25915008783340454,0.3682882785797119,0.2935817241668701,0.41370248794555664,0.3450849950313568,0.3840307891368866,0.27428537607192993,0.3644149899482727,0.3317190408706665,0.3705780506134033,0.29620659351348877,0.5511429309844971,0.32571280002593994,0.5505985021591187,0.2538450062274933,0.5860709547996521,0.31087765097618103,0.5894486308097839,0.3057575225830078,0.5993097424507141,0.30808520317077637,0.5971337556838989
254,0.23893976211547852,0.37177038192749023,0.240695521235466,0.405544251203537,0.2599911689758301,0.3683313727378845,0.29293784499168396,0.41259369254112244,0.345089852809906,0.3837979733943939,0.27685701847076416,0.3439314365386963,0.32678288221359253,0.36575910449028015,0.29819974303245544,0.5504505634307861,0.32565900683403015,0.5500636100769043,0.25523918867111206,0.5856676697731018,0.3098769783973694,0.589369535446167,0.3063931465148926,0.5988566875457764,0.30798277258872986,0.596819281578064
255,0.24008452892303467,0.3740108609199524,0.24885646998882294,0.41649219393730164,0.28001829981803894,0.36502718925476074,0.29167479276657104,0.41544681787490845,0.34517702460289,0.3826178312301636,0.2903013229370117,0.3406001031398773,0.3275163173675537,0.365061491727829,0.3002634644508362,0.5517875552177429,0.3255246877670288,0.563693642616272,0.2561936378479004,0.5862459540367126,0.3089771270751953,0.590391993522644,0.3044685125350952,0.5978894829750061,0.30755871534347534,0.596731424331665
256,0.23706088960170746,0.37825578451156616,0.24731503427028656,0.4213286340236664,0.2584706246852875,0.3855700194835663,0.29374849796295166,0.43519124388694763,0.34471583366394043,0.38518890738487244,0.29161760210990906,0.3663395345211029,0.329845666885376,0.37111741304397583,0.3004232347011566,0.5510264039039612,0.3258299231529236,0.5628877878189087,0.25676068663597107,0.5845476388931274,0.29717159271240234,0.5734734535217285,0.3030065596103668,0.5839837789535522,0.30801981687545776,0.5954831838607788
257,0.2367475926876068,0.3764376640319824,0.2461535930633545,0.4194866418838501,0.25789007544517517,0.38586074113845825,0.2921141982078552,0.41767066717147827,0.344706267118454,0.3855332136154175,0.2917933762073517,0.3665483593940735,0.3302954435348511,0.3713848292827606,0.2995312809944153,0.5506466627120972,0.3261929452419281,0.5499595403671265,0.2559870481491089,0.5844348073005676,0.2981364130973816,0.5731956958770752,0.3044244050979614,0.5970560908317566,0.30805614590644836,0.5957387685775757
258,0.23664748668670654,0.3796943128108978,0.2512114346027374,0.42266345024108887,0.2799326479434967,0.3870265483856201,0.27711978554725647,0.42369768023490906,0.3229687213897705,0.4027751684188843,0.3044241666793823,0.36795103549957275,0.3299340605735779,0.3715597987174988,0.3030282258987427,0.5507423281669617,0.323498398065567,0.5502874851226807,0.27149248123168945,0.5712511539459229,0.29457730054855347,0.5721719264984131,0.3036608099937439,0.5845947265625,0.3072430491447449,0.5958489775657654
259,0.23800718784332275,0.3817424476146698,0.2568228840827942,0.42439329624176025,0.3021398186683655,0.3829895257949829,0.2750481367111206,0.4404360055923462,0.3225550055503845,0.385812371969223,0.31132036447525024,0.36277109384536743,0.3171408176422119,0.369645893573761,0.30674657225608826,0.5520057678222656,0.3219030499458313,0.5640097856521606,0.2910338044166565,0.574512243270874,0.2922079563140869,0.5733940005302429,0.3071058392524719,0.5979032516479492,0.3071393370628357,0.5962852239608765
260,0.24211129546165466,0.3814625144004822,0.273350328207016,0.42161792516708374,0.34538733959198,0.3643903434276581,0.2752876877784729,0.43836459517478943,0.3236904740333557,0.38235926628112793,0.3259567618370056,0.3629727363586426,0.33148276805877686,0.37061697244644165,0.32242536544799805,0.5678020119667053,0.32169055938720703,0.5666823387145996,0.2964719533920288,0.5905745625495911,0.2939019799232483,0.5899938344955444,0.3074296712875366,0.5990855693817139,0.3067771792411804,0.5974006652832031
261,0.24554622173309326,0.3793862760066986,0.2868458032608032,0.4165757894515991,0.3460129499435425,0.3631359934806824,0.27458977699279785,0.4217888116836548,0.32268479466438293,0.3658204674720764,0.3106229901313782,0.3439577519893646,0.31581854820251465,0.3617638051509857,0.3211095333099365,0.5684443712234497,0.3076174557209015,0.5664322972297668,0.29706084728240967,0.601773202419281,0.2934601902961731,0.5927364826202393,0.3102026581764221,0.6066876649856567,0.30622297525405884,0.5984410047531128
262,0.24737349152565002,0.3637322783470154,0.2700432240962982,0.40345582365989685,0.3160916864871979,0.35022616386413574,0.2933523952960968,0.4153307378292084,0.3473249673843384,0.3652319610118866,0.30094751715660095,0.3272837996482849,0.3299420177936554,0.3616410493850708,0.303370863199234,0.566794216632843,0.3241792619228363,0.5667428970336914,0.2915791869163513,0.6004539728164673,0.2966115474700928,0.6002939939498901,0.30493175983428955,0.6058615446090698,0.3098260164260864,0.6054877638816833
263,0.25271716713905334,0.36862093210220337,0.25359317660331726,0.40280741453170776,0.2817758321762085,0.34786996245384216,0.2959696054458618,0.41327449679374695,0.36286088824272156,0.36731764674186707,0.2998666763305664,0.33988040685653687,0.33033594489097595,0.3644426763057709,0.3017277121543884,0.5536690950393677,0.329050749540329,0.5653034448623657,0.26015982031822205,0.598168134689331,0.3079926371574402,0.6007199287414551,0.3033391833305359,0.605943500995636,0.30941566824913025,0.6056468486785889
264,0.22723840177059174,0.39288803935050964,0.2532320022583008,0.44539785385131836,0.3027324974536896,0.3959383964538574,0.2798802852630615,0.4654499292373657,0.32415875792503357,0.41598448157310486,0.31359928846359253,0.3650473952293396,0.33317187428474426,0.38173434138298035,0.3027949333190918,0.5488842725753784,0.3246306777000427,0.5611581802368164,0.27353811264038086,0.5752265453338623,0.29535767436027527,0.5768601298332214,0.3028917610645294,0.5860329866409302,0.30693158507347107,0.5980820059776306
265,0.24341383576393127,0.3917618691921234,0.2957034707069397,0.4311811625957489,0.378445029258728,0.3676432967185974,0.2709517776966095,0.46747732162475586,0.3164668381214142,0.3826003670692444,0.35791945457458496,0.36233529448509216,0.31432363390922546,0.3666938245296478,0.328224778175354,0.566480278968811,0.30412840843200684,0.5655993223190308,0.31389009952545166,0.6051496267318726,0.26122090220451355,0.5921875238418579,0.31226515769958496,0.5994901657104492,0.308453768491745,0.5975496768951416
266,0.5469062328338623,0.30626094341278076,0.4967324137687683,0.4788073003292084,0.49700865149497986,0.45031675696372986,0.4630715847015381,0.465629518032074,0.42085716128349304,0.424710750579834,0.31902822852134705,0.5353074073791504,0.40564990043640137,0.4744703769683838,0.42912209033966064,0.5588035583496094,0.3903377652168274,0.5611687898635864,0.42147907614707947,0.5946058034896851,0.36908769607543945,0.5794035196304321,0.44364213943481445,0.6725102663040161,0.31611496210098267,0.6030823588371277
267,0.23679667711257935,0.38904184103012085,0.26471132040023804,0.44957995414733887,0.31872791051864624,0.40301308035850525,0.29078519344329834,0.4674283266067505,0.3427621126174927,0.41930779814720154,0.3157198131084442,0.36622220277786255,0.3304276466369629,0.37063270807266235,0.3255694508552551,0.564990222454071,0.32410958409309387,0.5645318031311035,0.2952495813369751,0.5786314010620117,0.2953749895095825,0.5772008299827576,0.31094738841056824,0.59747314453125,0.3102226257324219,0.5955857038497925
268,0.21867090463638306,0.41181308031082153,0.24910548329353333,0.4713491201400757,0.28200778365135193,0.4148622453212738,0.27673792839050293,0.48888099193573,0.3238765001296997,0.43933022022247314,0.3107442855834961,0.35909968614578247,0.31706365942955017,0.3657381534576416,0.30553871393203735,0.5498690009117126,0.3214884102344513,0.5627776980400085,0.2923085391521454,0.5742393136024475,0.29527097940444946,0.5294201970100403,0.30899015069007874,0.5714899301528931,0.30957871675491333,0.5938023924827576
269,0.24578092992305756,0.5403398871421814,0.25135233998298645,0.5257975459098816,0.2870446741580963,0.4725438356399536,0.27114564180374146,0.535751223564148,0.32419055700302124,0.5143256187438965,0.31955686211586,0.5391183495521545,0.31917375326156616,0.5391889214515686,0.3141113221645355,0.5284993052482605,0.3155154883861542,0.5430591106414795,0.3077961504459381,0.5465297698974609,0.29592418670654297,0.4644744396209717,0.30988797545433044,0.5964711904525757,0.3090381622314453,0.5943139791488647
270,0.25003987550735474,0.5382035970687866,0.2825615406036377,0.5410394072532654,0.34037506580352783,0.4688616991043091,0.25307953357696533,0.5368560552597046,0.32186686992645264,0.5100783109664917,0.32167837023735046,0.5358425974845886,0.31848523020744324,0.5361102819442749,0.3276922404766083,0.5494579076766968,0.31848597526550293,0.5622081756591797,0.3140782415866852,0.5506761074066162,0.2911662459373474,0.5263833999633789,0.3604769706726074,0.5238978862762451,0.3086070120334625,0.5966246724128723
271,0.25026172399520874,0.5157077312469482,0.295876681804657,0.5202960968017578,0.3212490677833557,0.4141879677772522,0.27457138895988464,0.5160269737243652,0.30337563157081604,0.4355848431587219,0.3085792660713196,0.362993448972702,0.3188869059085846,0.5364830493927002,0.32824820280075073,0.5482189655303955,0.3230142593383789,0.5607149600982666,0.2957165241241455,0.5538177490234375,0.24578873813152313,0.5858473777770996,0.31208354234695435,0.5678467154502869,0.30814772844314575,0.5949018001556396
272,0.5509099960327148,0.30491721630096436,0.5184762477874756,0.44963735342025757,0.4829730689525604,0.3376958966255188,0.5988462567329407,0.3384523391723633,0.4923255145549774,0.3398985266685486,0.4802229106426239,0.27092450857162476,0.5481740832328796,0.3055975139141083,0.5290392637252808,0.5217142105102539,0.5414758920669556,0.5252275466918945,0.5304161310195923,0.5763014554977417,0.524368166923523,0.5926145315170288,0.5361901521682739,0.6355987787246704,0.5379897952079773,0.6308658123016357
273,0.5513259172439575,0.31185421347618103,0.5032644271850586,0.492887943983078,0.48285171389579773,0.33667024970054626,0.6096915602684021,0.338804692029953,0.4941116273403168,0.3382546603679657,0.486031174659729,0.2952428460121155,0.5480731725692749,0.3088468313217163,0.5268616080284119,0.5252348780632019,0.5475984811782837,0.5407061576843262,0.5298209190368652,0.57436203956604,0.5257145166397095,0.5890930891036987,0.534189760684967,0.6297399401664734,0.5295740365982056,0.6327736377716064
274,0.5405513644218445,0.315920352935791,0.4957539439201355,0.46927008032798767,0.48695406317710876,0.34137994050979614,0.5398997068405151,0.46660715341567993,0.49644944071769714,0.3427501320838928,0.49923405051231384,0.32630348205566406,0.5044609904289246,0.32811498641967773,0.5056265592575073,0.5202754735946655,0.5256757736206055,0.5234847664833069,0.5371265411376953,0.5563769936561584,0.5057032108306885,0.5712549090385437,0.5332180857658386,0.6259691119194031,0.5309121012687683,0.6238638758659363
275,0.5396027565002441,0.31908997893333435,0.5251620411872864,0.49393317103385925,0.5316193103790283,0.5021959543228149,0.5360916256904602,0.48783454298973083,0.5281468629837036,0.4753006100654602,0.5312196016311646,0.5598682165145874,0.5289297699928284,0.5586507320404053,0.5301476716995239,0.520162045955658,0.5283879041671753,0.5225511789321899,0.5307106375694275,0.5492631196975708,0.5250598192214966,0.5610731840133667,0.5382301211357117,0.6242860555648804,0.5303405523300171,0.6203498244285583
276,0.5539398193359375,0.33031606674194336,0.5752884149551392,0.35978376865386963,0.6139423847198486,0.3773024082183838,0.5320847034454346,0.36345726251602173,0.4938662648200989,0.3761199712753296,0.5804545879364014,0.33125951886177063,0.5177617073059082,0.34009286761283875,0.5695496201515198,0.48365694284439087,0.5439688563346863,0.48696625232696533,0.5704485177993774,0.5527507662773132,0.5537197589874268,0.5540733337402344,0.5858191251754761,0.6387755870819092,0.5457866787910461,0.634830892086029
277,0.5585352778434753,0.32784193754196167,0.5911464691162109,0.3589087724685669,0.6140275001525879,0.37952303886413574,0.5139946937561035,0.35590505599975586,0.4885585308074951,0.38704001903533936,0.583465576171875,0.33408451080322266,0.5003942847251892,0.34951215982437134,0.5791237950325012,0.48207056522369385,0.5256253480911255,0.48318785429000854,0.5808128118515015,0.5543085932731628,0.5391910076141357,0.5540856719017029,0.5899850130081177,0.6358002424240112,0.5339124202728271,0.6350625157356262
278,0.5585989952087402,0.3234303593635559,0.589741051197052,0.35707077383995056,0.6144240498542786,0.38325434923171997,0.5175725221633911,0.35334691405296326,0.49000227451324463,0.37974128127098083,0.5788118243217468,0.336250364780426,0.5064830780029297,0.3496567904949188,0.5800414085388184,0.4795543849468231,0.5259801149368286,0.48047977685928345,0.5803946256637573,0.5545657277107239,0.5425335764884949,0.5550517439842224,0.5804194808006287,0.6368930339813232,0.5385746955871582,0.636414110660553
279,0.5622098445892334,0.32394397258758545,0.5904408693313599,0.35307228565216064,0.6091618537902832,0.38003331422805786,0.5164972543716431,0.35070905089378357,0.4953955411911011,0.3788306415081024,0.5776658058166504,0.336976021528244,0.497335284948349,0.3508450984954834,0.5799860954284668,0.4754140079021454,0.5290374755859375,0.4781297445297241,0.5796469449996948,0.5502370595932007,0.5434305667877197,0.5518141984939575,0.5809142589569092,0.6366271376609802,0.5354266166687012,0.6397820711135864
280,0.5604274272918701,0.32248514890670776,0.593830943107605,0.3547765910625458,0.6113015413284302,0.385721892118454,0.5167500972747803,0.3528267741203308,0.49501466751098633,0.38442307710647583,0.5774787664413452,0.3448431193828583,0.49750909209251404,0.36024510860443115,0.5800457000732422,0.47475504875183105,0.5257389545440674,0.4756614565849304,0.5778592228889465,0.5490226149559021,0.5426125526428223,0.5511900782585144,0.5815435647964478,0.6362320184707642,0.5369381904602051,0.6385994553565979
281,0.5606479644775391,0.3217526078224182,0.5948635339736938,0.3572690486907959,0.6091873049736023,0.3951301574707031,0.5156800746917725,0.3543964624404907,0.4951117932796478,0.3924151659011841,0.5866227746009827,0.3527165353298187,0.4928177297115326,0.3659750819206238,0.5834560394287109,0.4764546751976013,0.5279492139816284,0.4761119484901428,0.578407883644104,0.5492226481437683,0.5452220439910889,0.5527793765068054,0.5824388265609741,0.638890266418457,0.5392138957977295,0.6442290544509888
282,0.5594202280044556,0.32304704189300537,0.5933309197425842,0.3559153079986572,0.6086103916168213,0.3944212794303894,0.5194479823112488,0.35782700777053833,0.49530506134033203,0.39461374282836914,0.5834319591522217,0.35804879665374756,0.49672257900238037,0.3753748834133148,0.5820162296295166,0.4775601625442505,0.5264639854431152,0.47663962841033936,0.5800133347511292,0.5581918358802795,0.5435671806335449,0.5558968782424927,0.5804593563079834,0.6437382102012634,0.5360638499259949,0.6456880569458008
283,0.5542793273925781,0.3233877420425415,0.5866695642471313,0.35590410232543945,0.6066867709159851,0.3988831043243408,0.5179836750030518,0.35835951566696167,0.49210667610168457,0.3970189094543457,0.5871283411979675,0.36433494091033936,0.49607259035110474,0.3853268623352051,0.5776033997535706,0.47540682554244995,0.5227441787719727,0.4760472774505615,0.575537919998169,0.5542962551116943,0.5428610444068909,0.5583253502845764,0.5806305408477783,0.6437157988548279,0.5385651588439941,0.6409500241279602
284,0.5523924231529236,0.3239675462245941,0.5836125016212463,0.35632699728012085,0.6025617718696594,0.40575549006462097,0.5181625485420227,0.3574146032333374,0.4993206858634949,0.39628005027770996,0.5888708829879761,0.3622688949108124,0.5041689276695251,0.38807007670402527,0.5775390267372131,0.475342720746994,0.5249797105789185,0.4767742156982422,0.5749927759170532,0.5572630167007446,0.5442418456077576,0.5594276189804077,0.5798532962799072,0.6405209302902222,0.534827470779419,0.6438022255897522
285,0.5523037910461426,0.32350414991378784,0.5864078402519226,0.36121293902397156,0.6038752794265747,0.4118459224700928,0.5204823613166809,0.36101314425468445,0.5016473531723022,0.4027073085308075,0.5922014713287354,0.369965523481369,0.49514836072921753,0.4100375771522522,0.5792838335037231,0.47876033186912537,0.5277979969978333,0.47984597086906433,0.5760493874549866,0.5563037395477295,0.5403375625610352,0.55852210521698,0.5805320143699646,0.6457874178886414,0.5378448963165283,0.6453064680099487
286,0.5533183217048645,0.3244248628616333,0.5884276032447815,0.36529940366744995,0.601869523525238,0.4124530255794525,0.520696222782135,0.3635958135128021,0.4956578016281128,0.41035836935043335,0.5940930843353271,0.37120383977890015,0.49921879172325134,0.4179524779319763,0.5787050127983093,0.48321911692619324,0.5274671316146851,0.48322558403015137,0.5756258964538574,0.5587525963783264,0.5381724834442139,0.5600689649581909,0.5735412240028381,0.641438364982605,0.54034823179245,0.6449665427207947
287,0.5531703233718872,0.3229471445083618,0.5853564143180847,0.3638586401939392,0.6007859706878662,0.4122620224952698,0.5188087224960327,0.364773154258728,0.5038869380950928,0.4135148525238037,0.5959306359291077,0.3800714910030365,0.4983600378036499,0.4463476836681366,0.5790948867797852,0.48729950189590454,0.5280748009681702,0.4882377088069916,0.5803409218788147,0.559004008769989,0.5416638255119324,0.5610979795455933,0.5896053314208984,0.650954008102417,0.5397173762321472,0.6452171206474304
288,0.5592912435531616,0.32157713174819946,0.582886815071106,0.36390477418899536,0.5960181951522827,0.4139985740184784,0.5226307511329651,0.3681883215904236,0.5064831376075745,0.41957277059555054,0.5856261253356934,0.43129563331604004,0.50074303150177,0.4599621295928955,0.5805831551551819,0.4887668788433075,0.5340607166290283,0.48909658193588257,0.5775542259216309,0.5606681108474731,0.5421093106269836,0.5625129342079163,0.5732660293579102,0.6419326066970825,0.5427895784378052,0.6440712213516235
289,0.5594186186790466,0.32227781414985657,0.5832375288009644,0.3671169877052307,0.602313756942749,0.42238542437553406,0.5201830863952637,0.36789965629577637,0.5043107867240906,0.42402201890945435,0.5889075994491577,0.4236201047897339,0.5005736947059631,0.46209585666656494,0.5803784132003784,0.4887564182281494,0.5320683717727661,0.4886935353279114,0.5792495608329773,0.5589706301689148,0.5405272245407104,0.5622341632843018,0.5741360187530518,0.6405977010726929,0.5418757796287537,0.6435675621032715
290,0.5571038722991943,0.3213038444519043,0.582362949848175,0.36421334743499756,0.6030620336532593,0.41985243558883667,0.5212730765342712,0.36741870641708374,0.5079991221427917,0.42379170656204224,0.5923872590065002,0.42588722705841064,0.5061452388763428,0.47087252140045166,0.5818442106246948,0.486930787563324,0.5339680910110474,0.48665666580200195,0.5814515352249146,0.5586302876472473,0.5344234704971313,0.5634245872497559,0.5808409452438354,0.6424741148948669,0.5431469678878784,0.6430274248123169
291,0.5562602877616882,0.32004013657569885,0.5802307724952698,0.3630834221839905,0.6025230288505554,0.41911810636520386,0.5217913389205933,0.36539337038993835,0.5089138746261597,0.41886910796165466,0.5917539000511169,0.4241843819618225,0.5054407119750977,0.46263396739959717,0.5806189775466919,0.484255850315094,0.5326899290084839,0.48408758640289307,0.5806699991226196,0.5569237470626831,0.5345603227615356,0.5615940690040588,0.5892744660377502,0.6430429220199585,0.5429325103759766,0.6437996625900269
292,0.5547798871994019,0.32066264748573303,0.5789467692375183,0.361965149641037,0.6022039651870728,0.41747722029685974,0.5226565599441528,0.3645487427711487,0.5083892345428467,0.4211910367012024,0.5997755527496338,0.39768487215042114,0.503142237663269,0.46047183871269226,0.579314112663269,0.48306262493133545,0.5325700640678406,0.48331886529922485,0.5788369178771973,0.5570210218429565,0.5342728495597839,0.5611487030982971,0.5876415371894836,0.6445022225379944,0.5415667295455933,0.6431081891059875
293,0.5559937953948975,0.3203270733356476,0.5796564221382141,0.36225172877311707,0.6018050909042358,0.4193054139614105,0.5228256583213806,0.3647329807281494,0.5080724954605103,0.4231937825679779,0.5980292558670044,0.4002571105957031,0.5011005401611328,0.4633742570877075,0.5798501968383789,0.48322850465774536,0.5326878428459167,0.48302143812179565,0.5792418718338013,0.5572298765182495,0.5343753099441528,0.5609468221664429,0.587469220161438,0.6459180116653442,0.5413244962692261,0.6441452503204346
294,0.555947482585907,0.32039275765419006,0.5797743201255798,0.36217817664146423,0.601510763168335,0.41980451345443726,0.5222956538200378,0.36465901136398315,0.5088291764259338,0.4235740303993225,0.5980996489524841,0.39499661326408386,0.5014184713363647,0.4594229459762573,0.5792584419250488,0.483307808637619,0.5321117043495178,0.4834737181663513,0.5774351358413696,0.5571085214614868,0.5346426367759705,0.5603440999984741,0.5736554861068726,0.6392874717712402,0.5408932566642761,0.6434903144836426
295,0.5548821687698364,0.3206635117530823,0.5801941752433777,0.3619305491447449,0.6021096110343933,0.4198267161846161,0.5218271017074585,0.365067720413208,0.5082054734230042,0.4249681830406189,0.5975713133811951,0.3944286108016968,0.5016182661056519,0.4612825810909271,0.5796339511871338,0.48332473635673523,0.5319517850875854,0.48370152711868286,0.5770556330680847,0.5574328899383545,0.5345930457115173,0.5608616471290588,0.5866928696632385,0.64692622423172,0.5410959720611572,0.6435344815254211
296,0.554486870765686,0.3209735155105591,0.5802838802337646,0.36195144057273865,0.6017687916755676,0.4196510910987854,0.5216315388679504,0.3651840388774872,0.507475733757019,0.4247012734413147,0.5932278633117676,0.37265896797180176,0.5004241466522217,0.45896679162979126,0.5791452527046204,0.4834429919719696,0.531233549118042,0.48408639430999756,0.5768364667892456,0.5582516193389893,0.5403561592102051,0.5601617693901062,0.5864778757095337,0.6480966806411743,0.5410829782485962,0.6439434289932251
297,0.5544388294219971,0.32099825143814087,0.5805960893630981,0.36165064573287964,0.6016874313354492,0.4198456406593323,0.5200357437133789,0.3651134967803955,0.5066514611244202,0.425688236951828,0.5956480503082275,0.3936285972595215,0.4998999834060669,0.46033501625061035,0.5801791548728943,0.485126256942749,0.5309919714927673,0.48574671149253845,0.5785608887672424,0.5595202445983887,0.5355528593063354,0.562617301940918,0.5872735977172852,0.6490175724029541,0.5415173172950745,0.6440973281860352
298,0.5537424087524414,0.32159966230392456,0.5798889994621277,0.3614391088485718,0.5998950004577637,0.41924452781677246,0.5207754969596863,0.3656933009624481,0.5067422986030579,0.4252920150756836,0.5945333242416382,0.39374539256095886,0.5024922490119934,0.4560837149620056,0.5794382691383362,0.4854290187358856,0.5312471389770508,0.48633086681365967,0.5773370265960693,0.5595982670783997,0.5357018113136292,0.5622713565826416,0.5863840579986572,0.649351179599762,0.5409106612205505,0.6432051062583923
299,0.5536919832229614,0.3216208219528198,0.5798548460006714,0.36173027753829956,0.6002280116081238,0.42085981369018555,0.5206193923950195,0.36576220393180847,0.5064997673034668,0.4250323176383972,0.5946139097213745,0.39497679471969604,0.49911701679229736,0.4623042345046997,0.579573392868042,0.485620379447937,0.5312597155570984,0.48646700382232666,0.577323317527771,0.5593160390853882,0.5358877778053284,0.562241792678833,0.586627721786499,0.6490017771720886,0.5411446690559387,0.6430944204330444
300,0.5564266443252563,0.32210952043533325,0.5790086984634399,0.36429640650749207,0.6019616723060608,0.415405809879303,0.5205652713775635,0.3695220947265625,0.5087844729423523,0.42902815341949463,0.5953280925750732,0.3762621581554413,0.5024822950363159,0.47469016909599304,0.5799464583396912,0.4856301248073578,0.5334746837615967,0.4873795211315155,0.5813774466514587,0.5612775087356567,0.5377050638198853,0.5638629198074341,0.5734409689903259,0.6441371440887451,0.5419608354568481,0.6449733376502991
301,0.555371880531311,0.32243239879608154,0.5800921320915222,0.36293262243270874,0.6028985977172852,0.41538602113723755,0.5178918242454529,0.36759793758392334,0.5068064332008362,0.4270637631416321,0.5944030284881592,0.3781709372997284,0.5011272430419922,0.4740259051322937,0.5798096656799316,0.48514148592948914,0.5307634472846985,0.48658356070518494,0.5802794694900513,0.5611319541931152,0.5427240133285522,0.563969612121582,0.572647213935852,0.6438651084899902,0.5424340963363647,0.645362138748169
302,0.5557997226715088,0.32272693514823914,0.5797666907310486,0.36358827352523804,0.602361261844635,0.4162635803222656,0.5172238349914551,0.36705705523490906,0.5059342384338379,0.42752501368522644,0.5941433906555176,0.37697872519493103,0.5011827945709229,0.47151869535446167,0.5794367790222168,0.4854281544685364,0.5300211310386658,0.48690736293792725,0.580295205116272,0.5614634156227112,0.5428289175033569,0.5643622875213623,0.5725035667419434,0.642157256603241,0.542083740234375,0.6442042589187622
303,0.5577545166015625,0.32196542620658875,0.5794907808303833,0.36328381299972534,0.6035642027854919,0.4160275459289551,0.5174375772476196,0.36706578731536865,0.5055594444274902,0.42734047770500183,0.596272885799408,0.38074252009391785,0.5010877847671509,0.47134289145469666,0.580478310585022,0.48486191034317017,0.5310077667236328,0.4859914183616638,0.5815759897232056,0.5613729357719421,0.5425293445587158,0.5646911859512329,0.5731356143951416,0.6411402821540833,0.5423636436462402,0.6439465880393982
304,0.5586175918579102,0.3214073181152344,0.5795473456382751,0.36245208978652954,0.6047222018241882,0.41531723737716675,0.5174679160118103,0.3658629059791565,0.5054201483726501,0.4260101914405823,0.5956122875213623,0.3818361461162567,0.5014384984970093,0.4652439057826996,0.5805885195732117,0.48475468158721924,0.5308710336685181,0.4857560396194458,0.5824452638626099,0.5614846348762512,0.5368759036064148,0.5649793148040771,0.573832094669342,0.6409077644348145,0.5427371859550476,0.6440941095352173
305,0.5586340427398682,0.320687472820282,0.5791168212890625,0.3626989722251892,0.6043604612350464,0.4155346155166626,0.5179839730262756,0.365690678358078,0.5057523250579834,0.42496395111083984,0.5953145027160645,0.38316309452056885,0.501956045627594,0.4592157304286957,0.5800049304962158,0.4844028651714325,0.5306055545806885,0.48504817485809326,0.5819671750068665,0.5613680481910706,0.5365849137306213,0.564537763595581,0.5741387605667114,0.6430225372314453,0.5422494411468506,0.6450859904289246
306,0.5571123361587524,0.32113033533096313,0.5781151652336121,0.36188456416130066,0.6029050350189209,0.4135291278362274,0.5177820324897766,0.365348219871521,0.5064207911491394,0.42339056730270386,0.5943361520767212,0.3803492784500122,0.5027852654457092,0.45893391966819763,0.5789433121681213,0.4828011989593506,0.5302079916000366,0.4837130904197693,0.5799401998519897,0.5600826144218445,0.5364858508110046,0.5631417036056519,0.5885040760040283,0.648379921913147,0.5418311953544617,0.6435615420341492
307,0.5567371249198914,0.3215489387512207,0.5788185000419617,0.36323606967926025,0.6033536195755005,0.4152317941188812,0.5178090929985046,0.3664775788784027,0.5062662959098816,0.4241707921028137,0.5946974158287048,0.3828689455986023,0.5023912191390991,0.4586842656135559,0.5809230804443359,0.48489901423454285,0.5311082601547241,0.48558926582336426,0.5829887390136719,0.5618664026260376,0.5374740958213806,0.5650757551193237,0.581157386302948,0.6482340097427368,0.5435208082199097,0.6452821493148804
