FrameNo,head_x,head_y,left_shoulder_x,left_shoulder_y,left_elbow_x,left_elbow_y,right_shoulder_x,right_shoulder_y,right_elbow_x,right_elbow_y,left_hand_x,left_hand_y,right_hand_x,right_hand_y,left_hip_x,left_hip_y,right_hip_x,right_hip_y,left_knee_x,left_knee_y,right_knee_x,right_knee_y,left_foot_x,left_foot_y,right_foot_x,right_foot_y
0,0.5410704016685486,0.32241290807724,0.5770935416221619,0.3608531653881073,0.5930825471878052,0.4232749938964844,0.5066426396369934,0.3653790354728699,0.5062904953956604,0.419696569442749,0.5825774669647217,0.40669500827789307,0.5037847757339478,0.458740234375,0.5685543417930603,0.4811267554759979,0.5220081210136414,0.4820217788219452,0.5713391304016113,0.5568133592605591,0.5360314846038818,0.55452561378479,0.5669753551483154,0.6366680860519409,0.5323690176010132,0.6373788714408875
1,0.5402045249938965,0.32208913564682007,0.5767072439193726,0.36129674315452576,0.5924127697944641,0.42073553800582886,0.5063890218734741,0.3649463653564453,0.5048139691352844,0.42000746726989746,0.5823816657066345,0.4059268832206726,0.5020759105682373,0.4551748037338257,0.5649350881576538,0.479667603969574,0.518787682056427,0.4805520474910736,0.5662374496459961,0.5590220093727112,0.5288150906562805,0.5576448440551758,0.5678192377090454,0.6372092962265015,0.5312002897262573,0.63866126537323
2,0.5401654243469238,0.3213841915130615,0.5770693421363831,0.3605828285217285,0.5926105976104736,0.4201282262802124,0.506155788898468,0.3637734353542328,0.5045264363288879,0.41915902495384216,0.5818294286727905,0.4047766923904419,0.5018427968025208,0.4538216292858124,0.5667394399642944,0.47988781332969666,0.5198752880096436,0.48034629225730896,0.568587064743042,0.5589107275009155,0.5310232639312744,0.556935727596283,0.5680700540542603,0.6377276182174683,0.5319096446037292,0.6383578181266785
3,0.5400038957595825,0.32180875539779663,0.5764235258102417,0.36077019572257996,0.5921139717102051,0.41809388995170593,0.5061783194541931,0.3657578229904175,0.5049058198928833,0.4219316840171814,0.5819764137268066,0.40382611751556396,0.5017465949058533,0.45511573553085327,0.5663877129554749,0.4797367453575134,0.5204684138298035,0.48032212257385254,0.5678985118865967,0.5593496561050415,0.5311340093612671,0.5569412708282471,0.5667420029640198,0.6388809084892273,0.5319433212280273,0.6392226219177246
4,0.539878249168396,0.3219555616378784,0.576350212097168,0.36134612560272217,0.5917683839797974,0.41866788268089294,0.5065487027168274,0.36514198780059814,0.5045840740203857,0.42200061678886414,0.5816211104393005,0.40368372201919556,0.5017046332359314,0.45448243618011475,0.565645158290863,0.47931867837905884,0.5201013088226318,0.4801347851753235,0.565541684627533,0.5592846274375916,0.5296417474746704,0.5569366812705994,0.5664840340614319,0.6388192176818848,0.5345805883407593,0.6431949138641357
5,0.5400480628013611,0.3224809169769287,0.5764081478118896,0.36125922203063965,0.5919585227966309,0.4189310669898987,0.5060497522354126,0.3649996519088745,0.5043435096740723,0.42247337102890015,0.5816420316696167,0.40436869859695435,0.501056969165802,0.45449352264404297,0.565464198589325,0.4792967736721039,0.519498348236084,0.48017117381095886,0.5668450593948364,0.558512806892395,0.5299633741378784,0.5563509464263916,0.5672273635864258,0.6380029320716858,0.5312946438789368,0.6383606195449829
6,0.539634108543396,0.3222370147705078,0.5761121511459351,0.36085206270217896,0.5918279886245728,0.41885608434677124,0.5053108930587769,0.3642132878303528,0.5042751431465149,0.42130526900291443,0.5818021297454834,0.404511034488678,0.5008141994476318,0.45371004939079285,0.5651657581329346,0.47846031188964844,0.5189749598503113,0.4792250990867615,0.5666974782943726,0.558474600315094,0.5297410488128662,0.5557782053947449,0.5672726035118103,0.6378700733184814,0.5312926769256592,0.6384169459342957
7,0.5395621061325073,0.32223138213157654,0.5765283107757568,0.3611701428890228,0.5919073224067688,0.4185398519039154,0.5052213072776794,0.3644581437110901,0.5042657852172852,0.4224090576171875,0.5815637707710266,0.40498918294906616,0.500072717666626,0.45355457067489624,0.564922571182251,0.4787532687187195,0.5185058116912842,0.47951003909111023,0.5669605731964111,0.5587321519851685,0.528822660446167,0.5557479858398438,0.5672518014907837,0.6374977827072144,0.5311906337738037,0.6384164094924927
8,0.539215087890625,0.32200929522514343,0.5763678550720215,0.36070844531059265,0.5915209054946899,0.41828447580337524,0.5051600337028503,0.36411818861961365,0.5044151544570923,0.422033429145813,0.5811207294464111,0.40473103523254395,0.498989999294281,0.4533199071884155,0.5646323561668396,0.4784703254699707,0.518447756767273,0.4793655574321747,0.5663574934005737,0.5588510036468506,0.5281800031661987,0.5556524395942688,0.5672513842582703,0.6374400854110718,0.534748375415802,0.6414181590080261
9,0.5393712520599365,0.322083055973053,0.5764323472976685,0.36083734035491943,0.591492235660553,0.418501615524292,0.5056169033050537,0.3642542362213135,0.5046033263206482,0.42201948165893555,0.580837607383728,0.4043424725532532,0.4996565282344818,0.4534994065761566,0.564777135848999,0.478465735912323,0.518751323223114,0.4793879985809326,0.5667169094085693,0.5592531561851501,0.5283337235450745,0.5560958981513977,0.567386269569397,0.6376094222068787,0.5347661972045898,0.6418531537055969
10,0.5393527746200562,0.32206952571868896,0.5763180255889893,0.3607415556907654,0.5913971066474915,0.418581485748291,0.50572270154953,0.36421942710876465,0.5045807361602783,0.4221592843532562,0.5807792544364929,0.40423235297203064,0.49964138865470886,0.45343124866485596,0.564743161201477,0.47835052013397217,0.518790602684021,0.4793034493923187,0.5667592287063599,0.5590164661407471,0.5286067724227905,0.5558753609657288,0.5674189925193787,0.637540876865387,0.5348184704780579,0.6417326927185059
11,0.5392875075340271,0.32196706533432007,0.576400637626648,0.3604309558868408,0.5914623141288757,0.4184432625770569,0.5055105090141296,0.3640304207801819,0.5045496225357056,0.42200350761413574,0.5810695886611938,0.40450137853622437,0.49967271089553833,0.4535839557647705,0.5648744106292725,0.47823986411094666,0.5188412666320801,0.4791993498802185,0.5670148730278015,0.5589326620101929,0.5287933349609375,0.5559223890304565,0.5674110054969788,0.637475311756134,0.5349259376525879,0.6416946649551392
12,0.5414415597915649,0.32556456327438354,0.5757417678833008,0.36507949233055115,0.5920302271842957,0.4248232841491699,0.5071495771408081,0.36811619997024536,0.5073695182800293,0.42501670122146606,0.580833911895752,0.3915862441062927,0.5059432983398438,0.4597340524196625,0.5673746466636658,0.4834746718406677,0.5212609171867371,0.4841485917568207,0.5787385702133179,0.5533078908920288,0.5347480773925781,0.5557874441146851,0.5686298608779907,0.6394944190979004,0.5314585566520691,0.6398199200630188
13,0.5411010384559631,0.3254181146621704,0.5762556195259094,0.36579519510269165,0.5923354625701904,0.42494529485702515,0.5070154666900635,0.368537962436676,0.5067968368530273,0.42485511302948,0.5806527733802795,0.4076535105705261,0.5060391426086426,0.4616653323173523,0.5686317682266235,0.48471158742904663,0.5221264958381653,0.4851722717285156,0.5791618824005127,0.5548142194747925,0.5353966951370239,0.5579658150672913,0.5694074630737305,0.6400696635246277,0.5312200784683228,0.640053927898407
14,0.5407907366752625,0.32512709498405457,0.5764307975769043,0.3653073012828827,0.5924605131149292,0.4246034324169159,0.5070900917053223,0.3686370849609375,0.5066902041435242,0.4251030385494232,0.5808768272399902,0.4077870547771454,0.5053465962409973,0.4621586799621582,0.568783700466156,0.4845157265663147,0.5221046805381775,0.4849996566772461,0.5790680646896362,0.5552561283111572,0.5351895689964294,0.5583345890045166,0.5693953037261963,0.6408374309539795,0.5309631824493408,0.6402684450149536
15,0.5410222411155701,0.325326144695282,0.5766016840934753,0.3653833866119385,0.5926467180252075,0.4245993494987488,0.5070629715919495,0.36886829137802124,0.5068192481994629,0.42531293630599976,0.5809961557388306,0.4081777334213257,0.5050061345100403,0.4625001847743988,0.569089412689209,0.48501282930374146,0.5222926735877991,0.4854123294353485,0.5792310237884521,0.5557655692100525,0.5351015329360962,0.5590920448303223,0.569599986076355,0.6416434049606323,0.531143844127655,0.6406832933425903
16,0.541080892086029,0.3254699110984802,0.5766621828079224,0.36552947759628296,0.5926468968391418,0.4247150123119354,0.507036030292511,0.3690582513809204,0.5069414377212524,0.4255407452583313,0.5810236930847168,0.40773218870162964,0.5048389434814453,0.4624600112438202,0.5690701603889465,0.48518428206443787,0.522205114364624,0.4856036901473999,0.5793152451515198,0.5559805631637573,0.535268247127533,0.5593428015708923,0.5698087215423584,0.6418493986129761,0.5312038660049438,0.6408170461654663
17,0.5413309931755066,0.3256293833255768,0.5768781900405884,0.3655643165111542,0.5928504467010498,0.4246874451637268,0.5067390203475952,0.3692774474620819,0.5072171688079834,0.4260537326335907,0.5816273093223572,0.40762412548065186,0.5046762824058533,0.46277934312820435,0.568914532661438,0.4852740168571472,0.5218695402145386,0.4856792092323303,0.5789409875869751,0.556067168712616,0.5348164439201355,0.5594375729560852,0.5694276094436646,0.6414681077003479,0.5307461619377136,0.6407042145729065
18,0.5415798425674438,0.32521504163742065,0.5771569013595581,0.36511117219924927,0.5930837392807007,0.4248446822166443,0.5068325996398926,0.36896181106567383,0.5072883367538452,0.42593058943748474,0.5818675756454468,0.4076533913612366,0.5047910213470459,0.462585985660553,0.5690535306930542,0.4851714074611664,0.5218313932418823,0.48559296131134033,0.5790528059005737,0.5559707880020142,0.5351376533508301,0.5593360066413879,0.5694941282272339,0.6415740847587585,0.5307919383049011,0.6407809257507324
19,0.5419550538063049,0.3252190351486206,0.5772626399993896,0.3648543357849121,0.5931106805801392,0.4249572157859802,0.5071818828582764,0.36916157603263855,0.5072808861732483,0.4264090657234192,0.5819967985153198,0.4077349305152893,0.5052700042724609,0.46300601959228516,0.5693188309669495,0.48522889614105225,0.5222593545913696,0.4856919050216675,0.5792285203933716,0.5559259653091431,0.5355347394943237,0.5593922734260559,0.5692411661148071,0.6412996649742126,0.5309146642684937,0.6405709385871887
20,0.5417929887771606,0.3249768614768982,0.5770182013511658,0.36470067501068115,0.5928601026535034,0.42477869987487793,0.507055401802063,0.3687363564968109,0.5071036219596863,0.4257420301437378,0.5820103883743286,0.40779948234558105,0.5048929452896118,0.4634019732475281,0.5689759850502014,0.4849188029766083,0.5220016241073608,0.4853779673576355,0.5787509083747864,0.5560305118560791,0.5353678464889526,0.5594698190689087,0.5689056515693665,0.6414940357208252,0.5307159423828125,0.6405442357063293
21,0.5414279699325562,0.3251262903213501,0.5770823955535889,0.3651462197303772,0.5929127931594849,0.4252980947494507,0.5069026947021484,0.369143009185791,0.5069147348403931,0.42569905519485474,0.5820218324661255,0.40806686878204346,0.5051493644714355,0.4638177752494812,0.5690075159072876,0.4849735200405121,0.521958589553833,0.485398530960083,0.578762412071228,0.5560002326965332,0.5351611971855164,0.5595165491104126,0.5689767599105835,0.6412298679351807,0.530708909034729,0.6404908895492554
22,0.540485143661499,0.3235594928264618,0.5769491195678711,0.36328285932540894,0.5926561951637268,0.42388594150543213,0.5064032077789307,0.3677200973033905,0.5068634748458862,0.42453211545944214,0.5817592144012451,0.40667352080345154,0.5043610334396362,0.4628649652004242,0.5683804750442505,0.48366913199424744,0.5213230848312378,0.4843195378780365,0.5781487822532654,0.5553499460220337,0.535346508026123,0.5587821006774902,0.5688679218292236,0.6408280730247498,0.5306931138038635,0.6404194831848145
23,0.5410701036453247,0.3240606486797333,0.5769752264022827,0.363547682762146,0.592868447303772,0.4242512881755829,0.5067831873893738,0.3680715262889862,0.5069857835769653,0.4253464341163635,0.5820108652114868,0.40692514181137085,0.504767656326294,0.4631456732749939,0.568621039390564,0.48377296328544617,0.5215528011322021,0.48437759280204773,0.5784105658531189,0.5552414059638977,0.5354658961296082,0.5583537220954895,0.5690178871154785,0.6409860849380493,0.5306633710861206,0.6401070356369019
24,0.5384969711303711,0.32347095012664795,0.5756785869598389,0.36297154426574707,0.5929062366485596,0.42563456296920776,0.5057093501091003,0.36866435408592224,0.5083250999450684,0.42661258578300476,0.5828213691711426,0.3922293186187744,0.5024594068527222,0.4640921354293823,0.5681835412979126,0.4833157956600189,0.5222063660621643,0.4844024181365967,0.578070342540741,0.552186131477356,0.535783052444458,0.5549088716506958,0.570717990398407,0.6380344033241272,0.5319736003875732,0.6377754211425781
25,0.5390209555625916,0.32386940717697144,0.5764394998550415,0.36384981870651245,0.5935252904891968,0.4252402186393738,0.5065760016441345,0.3692912757396698,0.5084245204925537,0.42595112323760986,0.582633376121521,0.4064140319824219,0.503392219543457,0.4644623398780823,0.5685434341430664,0.48444515466690063,0.5229170918464661,0.485132098197937,0.5762196779251099,0.5541378259658813,0.5359046459197998,0.555905818939209,0.5685527324676514,0.6390191316604614,0.5311646461486816,0.638579249382019
26,0.5388975143432617,0.32394570112228394,0.5766536593437195,0.3642343282699585,0.5936017632484436,0.4258981943130493,0.5065194964408875,0.3697770833969116,0.5079760551452637,0.426910936832428,0.5826419591903687,0.4072365164756775,0.5029089450836182,0.4652606248855591,0.568742036819458,0.48465901613235474,0.5232778787612915,0.4853770136833191,0.5764665603637695,0.5540477633476257,0.5358271598815918,0.5562127232551575,0.5688564777374268,0.6386559009552002,0.5313445329666138,0.6384917497634888
27,0.5387933254241943,0.3239907920360565,0.5765963792800903,0.3644167184829712,0.5934605002403259,0.4261525273323059,0.5067338943481445,0.37013694643974304,0.5082979202270508,0.42714381217956543,0.5825772881507874,0.4069063663482666,0.5034166574478149,0.46545693278312683,0.5686793327331543,0.4847506284713745,0.5234180092811584,0.48539790511131287,0.5763372778892517,0.5542826652526855,0.5359281897544861,0.5563827753067017,0.5685892701148987,0.6386922001838684,0.5314522385597229,0.6386032104492188
28,0.5390424132347107,0.32451707124710083,0.576332688331604,0.3647806644439697,0.5933509469032288,0.4262450933456421,0.5072145462036133,0.3704144358634949,0.5083810091018677,0.42729172110557556,0.5826632976531982,0.40688344836235046,0.5029653906822205,0.4657401442527771,0.5683407783508301,0.48486560583114624,0.5234450101852417,0.4854947328567505,0.5762400031089783,0.5546183586120605,0.5359760522842407,0.5565047264099121,0.5685102343559265,0.6388972997665405,0.5316283702850342,0.6386095285415649
29,0.5391785502433777,0.3250095844268799,0.5762324333190918,0.36550530791282654,0.5932137370109558,0.42693984508514404,0.5074533224105835,0.3707852363586426,0.5083536505699158,0.4272507429122925,0.5825958847999573,0.4068804979324341,0.502622127532959,0.46473389863967896,0.5681042671203613,0.4847775101661682,0.5235295295715332,0.48521751165390015,0.5759483575820923,0.5544558763504028,0.5361629724502563,0.5559318661689758,0.5681285858154297,0.6390931010246277,0.5314974784851074,0.6384607553482056
30,0.5392807722091675,0.32475847005844116,0.5759955048561096,0.3648274838924408,0.5931937098503113,0.4259432554244995,0.5066872835159302,0.36955761909484863,0.5085459351539612,0.4256677031517029,0.5827112197875977,0.4070954918861389,0.5027767419815063,0.46334582567214966,0.5676246881484985,0.48407894372940063,0.5228888988494873,0.48448705673217773,0.5755666494369507,0.5537050366401672,0.5359188318252563,0.5546823143959045,0.5681323409080505,0.6388749480247498,0.5309414267539978,0.6379886269569397
31,0.539326012134552,0.3245636820793152,0.5760495066642761,0.36479663848876953,0.5933486819267273,0.42529791593551636,0.5068190097808838,0.3697434365749359,0.5085421204566956,0.4247390925884247,0.5827139616012573,0.407212495803833,0.500988781452179,0.46205735206604004,0.5671106576919556,0.48367559909820557,0.5227757692337036,0.4842005968093872,0.5748763084411621,0.5536981821060181,0.5354384183883667,0.5541836023330688,0.5676990151405334,0.6389299035072327,0.5308115482330322,0.638209342956543
32,0.5396292209625244,0.3241558372974396,0.5761191844940186,0.36426013708114624,0.5931840538978577,0.423362135887146,0.5071519613265991,0.36908408999443054,0.5082219839096069,0.4255606532096863,0.5828259587287903,0.4065845012664795,0.501257061958313,0.4599887728691101,0.566175103187561,0.4829336106777191,0.5219314098358154,0.48333773016929626,0.5681217312812805,0.5565873980522156,0.5349730849266052,0.5535064935684204,0.5674384832382202,0.6392245292663574,0.5300977230072021,0.637597918510437
33,0.5397219061851501,0.32294994592666626,0.5760728120803833,0.36279845237731934,0.5927028059959412,0.42210835218429565,0.5066977143287659,0.3668766915798187,0.5081040859222412,0.42212975025177,0.5828084945678711,0.4060598313808441,0.5018327236175537,0.45965123176574707,0.5654336214065552,0.48203688859939575,0.5212820768356323,0.4825915992259979,0.5674161911010742,0.5558164119720459,0.5345356464385986,0.5524318218231201,0.5669401288032532,0.6393222808837891,0.5346978306770325,0.6412101984024048
34,0.5399746894836426,0.32211869955062866,0.5761958360671997,0.3612406849861145,0.5931088924407959,0.4210871160030365,0.5065390467643738,0.36601489782333374,0.5081578493118286,0.4214728772640228,0.583561897277832,0.40658554434776306,0.5037623047828674,0.4613110423088074,0.5661471486091614,0.48151451349258423,0.5218062400817871,0.48179730772972107,0.5691298246383667,0.5558767318725586,0.5356985330581665,0.5525121688842773,0.567530632019043,0.639396071434021,0.5298852920532227,0.6381732225418091
35,0.5400758981704712,0.32240986824035645,0.57524573802948,0.36127620935440063,0.5918703675270081,0.41903671622276306,0.5070134401321411,0.3647250533103943,0.5082001686096191,0.4173806309700012,0.5837661623954773,0.4054271876811981,0.5079704523086548,0.4613514840602875,0.5670212507247925,0.4824671447277069,0.5217479467391968,0.4824618995189667,0.567837119102478,0.5558269023895264,0.5374654531478882,0.5521790981292725,0.5669287443161011,0.6385876536369324,0.5307289361953735,0.6382949948310852
36,0.5383245348930359,0.32292842864990234,0.5723043084144592,0.3619554936885834,0.5906437039375305,0.4186868667602539,0.504968523979187,0.3661651611328125,0.5053565502166748,0.41496890783309937,0.5833050608634949,0.4055037498474121,0.49832355976104736,0.4553685188293457,0.5649399161338806,0.48053228855133057,0.5202864408493042,0.48171183466911316,0.5663586258888245,0.5565423369407654,0.5354561805725098,0.5514671206474304,0.5670651197433472,0.6390511989593506,0.528610110282898,0.6371519565582275
37,0.5402794480323792,0.32666295766830444,0.5745797157287598,0.36881357431411743,0.5909476280212402,0.42311617732048035,0.5093631744384766,0.3719037175178528,0.5075093507766724,0.4211883544921875,0.5850647687911987,0.4063148498535156,0.5022440552711487,0.4553643465042114,0.5659923553466797,0.4841608703136444,0.5228250026702881,0.4848122298717499,0.5736085772514343,0.5555035471916199,0.5355088710784912,0.5544229745864868,0.5677797198295593,0.639083743095398,0.5304561853408813,0.6385224461555481
38,0.5393735766410828,0.3221724331378937,0.5761545896530151,0.36366114020347595,0.5910133719444275,0.4168812036514282,0.5089535713195801,0.3656691908836365,0.5053248405456543,0.41620633006095886,0.5837265849113464,0.40441808104515076,0.5007989406585693,0.45290273427963257,0.5662583708763123,0.4811902642250061,0.5219984650611877,0.4822327494621277,0.5675104856491089,0.5589743256568909,0.532879650592804,0.5537928342819214,0.5688199400901794,0.6387040019035339,0.5348654389381409,0.6435514688491821
39,0.5410348773002625,0.3216656446456909,0.5771985650062561,0.3626176714897156,0.5924817323684692,0.4173409640789032,0.5084431171417236,0.3646549880504608,0.506732702255249,0.414683073759079,0.5857772827148438,0.4040301442146301,0.4989773631095886,0.45382246375083923,0.5671112537384033,0.4808580279350281,0.5218659043312073,0.48102545738220215,0.5755051970481873,0.5530179142951965,0.5356300473213196,0.5543893575668335,0.5695193409919739,0.6383102536201477,0.5372185707092285,0.6420472860336304
40,0.5398116111755371,0.32061833143234253,0.5764328837394714,0.3596808612346649,0.5930778980255127,0.4190220832824707,0.5085768103599548,0.36299929022789,0.5075497627258301,0.4138635993003845,0.5889641046524048,0.398871511220932,0.49729058146476746,0.4505975842475891,0.5659542083740234,0.4792376160621643,0.5206028819084167,0.4802350699901581,0.5754750370979309,0.5514460802078247,0.5352234840393066,0.5527348518371582,0.5688815116882324,0.6372990012168884,0.5361069440841675,0.6406550407409668
41,0.5401792526245117,0.3203076720237732,0.5779092311859131,0.3585352301597595,0.5936448574066162,0.41788622736930847,0.5093064308166504,0.36151790618896484,0.5061217546463013,0.41261929273605347,0.5862153768539429,0.40222224593162537,0.4951361417770386,0.45067712664604187,0.567237377166748,0.47880494594573975,0.5212726593017578,0.4795754551887512,0.5760836601257324,0.5507986545562744,0.5350085496902466,0.552319347858429,0.5688877105712891,0.6379534006118774,0.530689537525177,0.6390117406845093
42,0.5394873023033142,0.31883788108825684,0.5775259137153625,0.3586429953575134,0.5898303985595703,0.4154388904571533,0.5089408755302429,0.3598354756832123,0.5038261413574219,0.4091578722000122,0.581052839756012,0.39522308111190796,0.49130070209503174,0.43669721484184265,0.5630154609680176,0.4778846204280853,0.5175159573554993,0.47896572947502136,0.5679916143417358,0.5558254718780518,0.5272221565246582,0.5518084168434143,0.5665162205696106,0.6381324529647827,0.5331947207450867,0.6412757635116577
43,0.5391629934310913,0.3201012909412384,0.573168158531189,0.35775434970855713,0.587017297744751,0.4108559489250183,0.5100680589675903,0.36164891719818115,0.49860405921936035,0.4112491011619568,0.5850668549537659,0.3826109766960144,0.497150182723999,0.43303531408309937,0.5605976581573486,0.47586700320243835,0.5179685354232788,0.4772432744503021,0.5671780705451965,0.5537326335906982,0.5307600498199463,0.5525452494621277,0.5653972625732422,0.6364510655403137,0.5350507497787476,0.6389766335487366
44,0.5401460528373718,0.3207285404205322,0.5748748779296875,0.3586202561855316,0.5870041251182556,0.41094160079956055,0.5106770992279053,0.36077994108200073,0.4961894154548645,0.41033005714416504,0.5824646949768066,0.3778092563152313,0.49629759788513184,0.41155582666397095,0.5617245435714722,0.4758501648902893,0.5204434990882874,0.47687071561813354,0.5706597566604614,0.5548710823059082,0.5276182889938354,0.5524889230728149,0.5684577226638794,0.6384334564208984,0.5326743125915527,0.6412802338600159
45,0.541570246219635,0.3197292983531952,0.576017439365387,0.3549821972846985,0.5870364904403687,0.4038984775543213,0.5117140412330627,0.35790154337882996,0.4955922067165375,0.40636682510375977,0.5805101990699768,0.37983858585357666,0.4975479245185852,0.4018065333366394,0.5619341135025024,0.4726869761943817,0.516607403755188,0.47313353419303894,0.5707536935806274,0.5525931715965271,0.5288587808609009,0.549574077129364,0.5678343176841736,0.6369106769561768,0.5334721207618713,0.6389515995979309
46,0.5396040678024292,0.3194243013858795,0.5771618485450745,0.3551827073097229,0.5859662294387817,0.40050727128982544,0.5105432868003845,0.3569188117980957,0.49489256739616394,0.40585383772850037,0.5812605619430542,0.3738704323768616,0.4962906837463379,0.3930254876613617,0.5610204339027405,0.46923109889030457,0.520759642124176,0.4710036516189575,0.5698252320289612,0.5527850389480591,0.5263728499412537,0.5485434532165527,0.568403959274292,0.6379255056381226,0.5311299562454224,0.6394957304000854
47,0.5396087765693665,0.3197973370552063,0.5784945487976074,0.3505304455757141,0.5939190983772278,0.3935266137123108,0.5150408744812012,0.355132520198822,0.4941568374633789,0.4001358151435852,0.5736334919929504,0.36762505769729614,0.4898049831390381,0.38063833117485046,0.5689852237701416,0.4726030230522156,0.5210403800010681,0.47319597005844116,0.5746855735778809,0.5559762716293335,0.5294226408004761,0.5519366264343262,0.5719020366668701,0.63941490650177,0.534926176071167,0.6425482034683228
48,0.5426971912384033,0.3206605017185211,0.579534113407135,0.35542088747024536,0.6027278304100037,0.38763076066970825,0.5109933614730835,0.3503298759460449,0.48380035161972046,0.3792867064476013,0.5768651962280273,0.3431205451488495,0.49531158804893494,0.35504692792892456,0.5759096145629883,0.4813989996910095,0.5225187540054321,0.48125192523002625,0.5826044082641602,0.5584998726844788,0.5401648283004761,0.5644124746322632,0.5782328248023987,0.6410546898841858,0.5323559045791626,0.647537350654602
49,0.5451990962028503,0.32422611117362976,0.5825418829917908,0.35743415355682373,0.6065711379051208,0.3903518617153168,0.5086381435394287,0.3516983687877655,0.48152798414230347,0.38277947902679443,0.5692745447158813,0.33477088809013367,0.5005064010620117,0.3538845479488373,0.5768752098083496,0.4860946536064148,0.5215746164321899,0.48654651641845703,0.5853337049484253,0.5570516586303711,0.5384729504585266,0.5624773502349854,0.5776121616363525,0.6355067491531372,0.5292702317237854,0.6427887082099915
50,0.5514461994171143,0.3265283703804016,0.5906639099121094,0.36170464754104614,0.6028230786323547,0.3902840316295624,0.5128026008605957,0.3526126742362976,0.48723965883255005,0.37728697061538696,0.5776430368423462,0.3383467197418213,0.5061378479003906,0.3492395877838135,0.5743616819381714,0.4838699698448181,0.5278457403182983,0.4878248870372772,0.5851409435272217,0.5529670119285583,0.5437280535697937,0.5535603165626526,0.5577056407928467,0.6261879205703735,0.5284663438796997,0.6327236890792847
51,0.5457347631454468,0.3228694498538971,0.5811500549316406,0.35432684421539307,0.5994423031806946,0.3738259971141815,0.5282021164894104,0.34973058104515076,0.4920693039894104,0.36019206047058105,0.5839686393737793,0.344944566488266,0.5088216066360474,0.34462618827819824,0.5873157382011414,0.4508216381072998,0.5488743782043457,0.4727497100830078,0.5782166123390198,0.5420346856117249,0.5434134006500244,0.5514723062515259,0.5752724409103394,0.6090132594108582,0.5421665906906128,0.6193646192550659
52,0.5457026362419128,0.3069154918193817,0.581070065498352,0.3291478157043457,0.5930440425872803,0.34938952326774597,0.520469069480896,0.32560834288597107,0.48539096117019653,0.33525189757347107,0.5902726650238037,0.339313805103302,0.48714685440063477,0.33987975120544434,0.5744137167930603,0.3847067058086395,0.5458519458770752,0.38532838225364685,0.5738584399223328,0.40469738841056824,0.561439037322998,0.37719497084617615,0.5582612752914429,0.4363897740840912,0.49990010261535645,0.3633521497249603
53,0.5454362630844116,0.3118935227394104,0.5367839932441711,0.46681973338127136,0.5368972420692444,0.48357003927230835,0.5211542844772339,0.46104711294174194,0.5121220350265503,0.4880865812301636,0.5816938281059265,0.5449264049530029,0.5147664546966553,0.49170631170272827,0.5414863228797913,0.5218324065208435,0.5329790115356445,0.5236796140670776,0.5377569198608398,0.5621572732925415,0.532884418964386,0.562354326248169,0.5337556004524231,0.6254919767379761,0.5339317321777344,0.6192449331283569
54,0.5537166595458984,0.31133851408958435,0.5857321619987488,0.32943764328956604,0.5586479306221008,0.332092821598053,0.526221513748169,0.45806238055229187,0.5254715085029602,0.46524888277053833,0.588505744934082,0.546616792678833,0.5128000974655151,0.3415606617927551,0.5679062604904175,0.5302247405052185,0.548194169998169,0.5277720093727112,0.5412425398826599,0.5690216422080994,0.538162112236023,0.569739580154419,0.5547165870666504,0.6293995380401611,0.5498689413070679,0.6280385255813599
55,0.5540452003479004,0.31113189458847046,0.5327820181846619,0.4703821837902069,0.5595427751541138,0.33279240131378174,0.5196229219436646,0.4668954014778137,0.5063218474388123,0.44259917736053467,0.5894489884376526,0.548823356628418,0.5140707492828369,0.49026426672935486,0.5419297218322754,0.5259491801261902,0.531038761138916,0.5274502038955688,0.5378913283348083,0.568271815776825,0.5320683717727661,0.5681756734848022,0.5529051423072815,0.6297085285186768,0.5349615812301636,0.6247054934501648
56,0.812097430229187,0.5247888565063477,0.8203518390655518,0.5360418558120728,0.818500280380249,0.5522893667221069,0.8127922415733337,0.5355864763259888,0.8044509887695312,0.5488651990890503,0.8179866075515747,0.5769537687301636,0.813137412071228,0.5749483108520508,0.8184055685997009,0.5751232504844666,0.8134046792984009,0.5762770175933838,0.8130432963371277,0.5899385809898376,0.8021221160888672,0.5903255343437195,0.8113353252410889,0.6305397152900696,0.8069177865982056,0.6305572390556335
57,0.5603417754173279,0.30510401725769043,0.5992842316627502,0.31771349906921387,0.6017968654632568,0.3237355053424835,0.5124682784080505,0.4930722117424011,0.5065284967422485,0.3360064923763275,0.5940327048301697,0.3058004379272461,0.5298240184783936,0.33144712448120117,0.5716004371643066,0.5283526182174683,0.5338349342346191,0.5260558128356934,0.535830557346344,0.582175612449646,0.5197945833206177,0.5988222360610962,0.533249020576477,0.6307172775268555,0.5279516577720642,0.6294783353805542
58,0.5534597635269165,0.3083857297897339,0.5610372424125671,0.33327674865722656,0.5993950963020325,0.3298060894012451,0.5547670722007751,0.3325257897377014,0.5157252550125122,0.3322240114212036,0.594010055065155,0.29597580432891846,0.5376722812652588,0.31623178720474243,0.5544863343238831,0.5038990378379822,0.5444247722625732,0.5184361934661865,0.5391028523445129,0.6114470958709717,0.5316452980041504,0.612892746925354,0.5513877272605896,0.6378614902496338,0.5336712598800659,0.6357441544532776
59,0.553718090057373,0.3110714256763458,0.582099437713623,0.3271573781967163,0.5510280132293701,0.33054614067077637,0.5521014928817749,0.3306538760662079,0.5356212854385376,0.3309343457221985,0.5931223630905151,0.29898935556411743,0.5320241451263428,0.3124210238456726,0.5697339773178101,0.4333377480506897,0.5491987466812134,0.4358094334602356,0.5840019583702087,0.3542226552963257,0.5317772030830383,0.457680881023407,0.5374574661254883,0.6343750953674316,0.5343745946884155,0.6334786415100098
60,0.8143395185470581,0.5265200138092041,0.8221501111984253,0.5379329323768616,0.819647490978241,0.5539603233337402,0.8141399621963501,0.538622260093689,0.8076013326644897,0.5505548715591431,0.8197221159934998,0.5815125703811646,0.8155229091644287,0.5795125961303711,0.8202618956565857,0.586723268032074,0.814562976360321,0.5869357585906982,0.8128597736358643,0.6051486730575562,0.8067356944084167,0.5925382971763611,0.8125325441360474,0.6339108943939209,0.8088425397872925,0.6336113214492798
61,0.8133227825164795,0.5263607501983643,0.8180248737335205,0.5372511148452759,0.8171103000640869,0.5502822399139404,0.8121429681777954,0.5365490913391113,0.8069179058074951,0.5457164645195007,0.821849524974823,0.5766421556472778,0.8155703544616699,0.5754228830337524,0.8137773275375366,0.5804610252380371,0.8106560707092285,0.5749418139457703,0.8142778873443604,0.5894672870635986,0.8045546412467957,0.5894057750701904,0.810435950756073,0.6314878463745117,0.809752881526947,0.6313651204109192
62,0.8125183582305908,0.528196394443512,0.8195101618766785,0.538275420665741,0.8175464868545532,0.5520069599151611,0.8132109045982361,0.5392825603485107,0.8069939613342285,0.5479867458343506,0.8227039575576782,0.5771787166595459,0.8162190318107605,0.5766209363937378,0.8138515949249268,0.5822089910507202,0.8134710192680359,0.5776684880256653,0.8139244318008423,0.5888165235519409,0.8045486807823181,0.5890577435493469,0.8125661611557007,0.6288076043128967,0.81022709608078,0.6296106576919556
63,0.8127734661102295,0.5281164646148682,0.8191704750061035,0.5385003685951233,0.8173157572746277,0.552241325378418,0.8119500875473022,0.5394191741943359,0.8061129450798035,0.5479638576507568,0.8225555419921875,0.5776025056838989,0.8155090808868408,0.5770726203918457,0.8133675456047058,0.582348108291626,0.8077058792114258,0.5841454267501831,0.8122478723526001,0.5999388694763184,0.8039500713348389,0.5896143317222595,0.8117759227752686,0.6291207075119019,0.8099185228347778,0.6296396255493164
64,0.5457248687744141,0.320605993270874,0.5950432419776917,0.33334094285964966,0.586392879486084,0.34072285890579224,0.5145686864852905,0.34939175844192505,0.5016374588012695,0.3413350284099579,0.5951721668243408,0.3111650049686432,0.4576922357082367,0.2521069049835205,0.5730937719345093,0.5225213766098022,0.5283656120300293,0.5220273733139038,0.5511305332183838,0.6169827580451965,0.5164507627487183,0.6202722191810608,0.5329569578170776,0.6309360265731812,0.5281583070755005,0.6303224563598633
65,0.552392840385437,0.31938618421554565,0.585338830947876,0.3415113389492035,0.5957992076873779,0.33871328830718994,0.5305159091949463,0.34458404779434204,0.5100134611129761,0.3407963216304779,0.5951825380325317,0.30942586064338684,0.46141403913497925,0.25080814957618713,0.5713067054748535,0.4831196069717407,0.5298703908920288,0.4834485650062561,0.5395384430885315,0.5354459881782532,0.5202926397323608,0.5113908052444458,0.5319163799285889,0.6283459663391113,0.5295884609222412,0.6274442672729492
66,0.5472733378410339,0.32429638504981995,0.585472822189331,0.33880385756492615,0.5820435881614685,0.33924612402915955,0.5261369347572327,0.34351930022239685,0.5047475695610046,0.3372518718242645,0.5626975297927856,0.3187258541584015,0.5199613571166992,0.31405001878738403,0.5744487643241882,0.5254730582237244,0.5327286720275879,0.523612380027771,0.5393838286399841,0.6085482239723206,0.5213342308998108,0.6114441156387329,0.5322389602661133,0.6304275393486023,0.5291306972503662,0.6293783783912659
67,0.5032290816307068,0.49000924825668335,0.5265687108039856,0.5033980011940002,0.8149437308311462,0.5549388527870178,0.5122649669647217,0.49686670303344727,0.5113351941108704,0.33203375339508057,0.8183863162994385,0.5832191705703735,0.45990926027297974,0.24455885589122772,0.5687767863273621,0.5491621494293213,0.5364934206008911,0.561085045337677,0.536707878112793,0.5966532230377197,0.5179492235183716,0.6101071834564209,0.530429482460022,0.6309957504272461,0.5286703109741211,0.6292966604232788
68,0.501372754573822,0.4882277250289917,0.5211257934570312,0.5027177929878235,0.5177343487739563,0.4911026656627655,0.5129561424255371,0.49601706862449646,0.509518563747406,0.45248138904571533,0.8173934817314148,0.5845239758491516,0.5428778529167175,0.3164018392562866,0.5509821176528931,0.5470905900001526,0.5468772649765015,0.5495671033859253,0.5226248502731323,0.595199704170227,0.5194357633590698,0.5949917435646057,0.5312538146972656,0.6305546760559082,0.5294829607009888,0.6285374760627747
69,0.5005330443382263,0.49330446124076843,0.5268991589546204,0.5225849151611328,0.5190728902816772,0.4877520501613617,0.5126585960388184,0.49662360548973083,0.5109252333641052,0.4464004933834076,0.5241650342941284,0.5972142219543457,0.5482504367828369,0.3247152268886566,0.5503571033477783,0.549836277961731,0.5338460206985474,0.5494334101676941,0.5208253860473633,0.599611759185791,0.5115285515785217,0.6104205250740051,0.5286852717399597,0.6330591440200806,0.5264636278152466,0.6313864588737488
70,0.4991544485092163,0.4918358325958252,0.5258806943893433,0.5240367650985718,0.5177309513092041,0.489018976688385,0.5078747272491455,0.49818241596221924,0.506168007850647,0.44982242584228516,0.5234664082527161,0.5906413197517395,0.5021854639053345,0.4679238200187683,0.5371766090393066,0.560308575630188,0.5313746333122253,0.5622750520706177,0.5197647213935852,0.5946745276451111,0.510149359703064,0.6053115725517273,0.5280579328536987,0.6284302473068237,0.5248206853866577,0.6264621019363403
71,0.5108720064163208,0.4793208837509155,0.5399404168128967,0.4633796811103821,0.564454972743988,0.3509601354598999,0.5089446306228638,0.46216437220573425,0.5060024261474609,0.3490394949913025,0.5552942752838135,0.32182151079177856,0.5268805027008057,0.32783690094947815,0.5705052614212036,0.5324447751045227,0.5302103757858276,0.530203104019165,0.5371748805046082,0.6088823080062866,0.5077219009399414,0.6187084317207336,0.5320971608161926,0.629817008972168,0.5258119106292725,0.6292287111282349
72,0.5485723614692688,0.31822073459625244,0.5856884121894836,0.33760207891464233,0.5845905542373657,0.3416598439216614,0.5260297656059265,0.34032344818115234,0.5054863095283508,0.3408450484275818,0.5773249864578247,0.3216151297092438,0.5109261274337769,0.29981109499931335,0.5574636459350586,0.527191162109375,0.5289753675460815,0.5423656702041626,0.5393186807632446,0.6173765063285828,0.5135979652404785,0.6257258057594299,0.5526782274246216,0.6338872313499451,0.5286663174629211,0.630170464515686
73,0.5416764616966248,0.3190433382987976,0.576761782169342,0.336779922246933,0.5832364559173584,0.3440154194831848,0.5289992094039917,0.3365935683250427,0.5072056651115417,0.3411942720413208,0.5576727390289307,0.3208041191101074,0.5198963284492493,0.316616952419281,0.5551408529281616,0.5411053895950317,0.5306681394577026,0.5434549450874329,0.5250244140625,0.614901065826416,0.5078782439231873,0.6221653819084167,0.5283700823783875,0.6282930374145508,0.5260453224182129,0.6280516386032104
74,0.5399355292320251,0.32397669553756714,0.5831404328346252,0.3443223834037781,0.5834992527961731,0.3465852737426758,0.5098350644111633,0.3510436415672302,0.4842734932899475,0.32556605339050293,0.6029080748558044,0.2714229226112366,0.465182900428772,0.25048714876174927,0.570776641368866,0.5263136625289917,0.5157760977745056,0.5315862894058228,0.5534498691558838,0.612083911895752,0.5166198015213013,0.6199217438697815,0.5377594828605652,0.6278241872787476,0.5293476581573486,0.6282438039779663
75,0.542773962020874,0.322736918926239,0.5812049508094788,0.34962576627731323,0.5848058462142944,0.34879088401794434,0.511215329170227,0.357296347618103,0.4807538390159607,0.3235930800437927,0.6054151654243469,0.26543310284614563,0.46276265382766724,0.2472841739654541,0.5688135027885437,0.5222627520561218,0.5168499946594238,0.5311108827590942,0.5626829862594604,0.6201031804084778,0.5202031135559082,0.628340482711792,0.5419812798500061,0.6316792964935303,0.534777820110321,0.6326653957366943
76,0.535523533821106,0.3200138807296753,0.5828378200531006,0.33806782960891724,0.5833932757377625,0.3496946692466736,0.5081636309623718,0.3425411581993103,0.4958374500274658,0.342602014541626,0.5634692311286926,0.31938907504081726,0.5011782646179199,0.30340832471847534,0.5698187947273254,0.5382009744644165,0.5235104560852051,0.543510913848877,0.5521596074104309,0.6245157718658447,0.5099819898605347,0.6322959661483765,0.5392509698867798,0.6343503594398499,0.5282956957817078,0.6349660158157349
77,0.543511152267456,0.3130864202976227,0.5296684503555298,0.4720785319805145,0.5440322756767273,0.4763997495174408,0.5186310410499573,0.46858590841293335,0.5105915665626526,0.3379058539867401,0.5498567223548889,0.3191289007663727,0.5395880937576294,0.31874537467956543,0.5389233827590942,0.5603353977203369,0.5342880487442017,0.5629839301109314,0.522179126739502,0.6213328242301941,0.5114123225212097,0.6215702891349792,0.5313344597816467,0.6324599981307983,0.5294433236122131,0.6308661699295044
78,0.5274412631988525,0.31431251764297485,0.5246775150299072,0.473080575466156,0.5315713882446289,0.3360435366630554,0.5165172815322876,0.46977779269218445,0.5162258148193359,0.3352894186973572,0.5469807982444763,0.3146147131919861,0.5390998721122742,0.3147289752960205,0.536578893661499,0.5611145496368408,0.5332984924316406,0.5642145872116089,0.5216540694236755,0.6155428886413574,0.5093528628349304,0.6227075457572937,0.5285061001777649,0.6321637630462646,0.44853782653808594,0.6879991292953491
79,0.8133864402770996,0.5257458090782166,0.8186325430870056,0.538274884223938,0.817165732383728,0.5554521083831787,0.8092798590660095,0.5368682146072388,0.8051577806472778,0.5509426593780518,0.8206695914268494,0.5830263495445251,0.8124982714653015,0.5818143486976624,0.8131260871887207,0.5841885805130005,0.8061445951461792,0.5859119892120361,0.8117564916610718,0.6017454266548157,0.8032993078231812,0.5908606648445129,0.8088778853416443,0.6347323656082153,0.8085801005363464,0.6362178325653076
80,0.5275107026100159,0.3137441873550415,0.5618196725845337,0.33110311627388,0.5440359711647034,0.3371772766113281,0.5300877094268799,0.330816388130188,0.5122226476669312,0.3357502222061157,0.5466063022613525,0.31634271144866943,0.5207765698432922,0.31317371129989624,0.5538721680641174,0.5445775389671326,0.531411349773407,0.5459425449371338,0.5162848830223083,0.6070742607116699,0.5093828439712524,0.6093575358390808,0.5238679051399231,0.6251828670501709,0.4447725713253021,0.6853355169296265
81,0.5279123783111572,0.31463193893432617,0.5634592771530151,0.3286982774734497,0.5483949184417725,0.33683085441589355,0.5266992449760437,0.32772910594940186,0.510249137878418,0.33517569303512573,0.5481641292572021,0.3184342384338379,0.5194166898727417,0.3151344656944275,0.5538850426673889,0.5432222485542297,0.5285948514938354,0.5445058345794678,0.5168805122375488,0.6069666147232056,0.4670701026916504,0.6212253570556641,0.5245974659919739,0.6248620748519897,0.44495201110839844,0.6850297451019287
82,0.5278151631355286,0.3143722414970398,0.5628746747970581,0.3269123435020447,0.5469360947608948,0.33561867475509644,0.5264451503753662,0.3261493444442749,0.5088074207305908,0.3346836566925049,0.5509275794029236,0.31978750228881836,0.52101069688797,0.31697383522987366,0.5528810024261475,0.5439174175262451,0.5281261205673218,0.5450444221496582,0.5160860419273376,0.6062042713165283,0.4665047526359558,0.6207955479621887,0.5247334837913513,0.6249840259552002,0.44477757811546326,0.6850061416625977
83,0.5276757478713989,0.31504249572753906,0.562250018119812,0.32775893807411194,0.5455024242401123,0.337135910987854,0.5263600945472717,0.32719239592552185,0.5082787871360779,0.33570870757102966,0.5515923500061035,0.32137173414230347,0.5240062475204468,0.3193664252758026,0.553493320941925,0.543125331401825,0.527306079864502,0.544514536857605,0.5178106427192688,0.6079931259155273,0.4625072181224823,0.6344308853149414,0.5261933207511902,0.6262986063957214,0.44539618492126465,0.6846677660942078
84,0.8149017691612244,0.5257132649421692,0.8191865682601929,0.5413810014724731,0.8169968128204346,0.5585516691207886,0.8149843215942383,0.540203332901001,0.8077173233032227,0.5544413924217224,0.8188488483428955,0.584812343120575,0.812509298324585,0.5840081572532654,0.8122568130493164,0.5870052576065063,0.806770920753479,0.5888433456420898,0.8094826936721802,0.608590841293335,0.8028481006622314,0.6049079895019531,0.8060278296470642,0.6517771482467651,0.8024389147758484,0.6419850587844849
85,0.5446739792823792,0.31285348534584045,0.5337932109832764,0.49672719836235046,0.5450377464294434,0.3364322781562805,0.5367928147315979,0.3304349482059479,0.5210086107254028,0.33548399806022644,0.5494043231010437,0.3155820965766907,0.5399867296218872,0.3155902624130249,0.555253267288208,0.562006950378418,0.5383691787719727,0.5655266046524048,0.5392519235610962,0.6202006340026855,0.5216807126998901,0.6241668462753296,0.5336398482322693,0.6353536248207092,0.533100962638855,0.6348789930343628
86,0.545596718788147,0.3168204426765442,0.5380332469940186,0.46652087569236755,0.5513434410095215,0.3400530219078064,0.5347927212715149,0.33399447798728943,0.5117606520652771,0.3379218578338623,0.5528131127357483,0.3178924322128296,0.5387862324714661,0.3180467486381531,0.5557420253753662,0.5460278987884521,0.5484806895256042,0.5502787828445435,0.5507188439369202,0.6191052198410034,0.5238880515098572,0.6250317096710205,0.5510120391845703,0.6394972801208496,0.5337778925895691,0.6357764601707458
87,0.5442280173301697,0.3188360631465912,0.5642009973526001,0.33088624477386475,0.5531097054481506,0.33879193663597107,0.5465505123138428,0.3303423821926117,0.5119539499282837,0.33722859621047974,0.553226113319397,0.31988397240638733,0.5382359623908997,0.3200402557849884,0.5551649332046509,0.5451904535293579,0.5362862944602966,0.5484620332717896,0.5504074692726135,0.6180987358093262,0.522623598575592,0.6246833801269531,0.5509476065635681,0.6382532119750977,0.5335269570350647,0.6345944404602051
88,0.5446315407752991,0.3114447593688965,0.5332395434379578,0.49866339564323425,0.5420926809310913,0.553870439529419,0.5360780358314514,0.49670183658599854,0.5151467323303223,0.33663856983184814,0.5306788682937622,0.5918962955474854,0.5398743152618408,0.3167007863521576,0.5551583766937256,0.5508599281311035,0.5520801544189453,0.5542904138565063,0.5290281772613525,0.6220691800117493,0.5221723318099976,0.6230385303497314,0.5350359678268433,0.6353455781936646,0.5333989262580872,0.6343916654586792
89,0.5309396386146545,0.5494632720947266,0.5297327041625977,0.5569454431533813,0.5422461032867432,0.5564426183700562,0.5380007028579712,0.5396456718444824,0.5427199602127075,0.5436274409294128,0.5307447910308838,0.5917730331420898,0.5297424793243408,0.5902990102767944,0.5535038113594055,0.5651438236236572,0.5505439043045044,0.5679380893707275,0.5483509302139282,0.6163568496704102,0.5422505140304565,0.617499828338623,0.5510101914405823,0.6374644637107849,0.5343044400215149,0.6341974139213562
90,0.5326505899429321,0.5507820844650269,0.5304426550865173,0.5578582286834717,0.5421208143234253,0.5581563115119934,0.5375730395317078,0.5545894503593445,0.5432169437408447,0.5438160300254822,0.5293442606925964,0.5917496681213379,0.5286768078804016,0.5899600982666016,0.5526200532913208,0.5660881400108337,0.5505325198173523,0.5684882998466492,0.5488137006759644,0.616475522518158,0.5425471067428589,0.617026686668396,0.5502397418022156,0.6386535167694092,0.5345491170883179,0.6346715688705444
91,0.5322650074958801,0.5514997243881226,0.5294052362442017,0.5593940019607544,0.5423316955566406,0.5589810609817505,0.5374956130981445,0.5561877489089966,0.5427330732345581,0.5584095120429993,0.5310587286949158,0.5923314094543457,0.5308302640914917,0.5909483432769775,0.5526245832443237,0.566554844379425,0.5615700483322144,0.5673336982727051,0.5484334826469421,0.6154800653457642,0.5428563952445984,0.6163816452026367,0.5512969493865967,0.6366899609565735,0.535149335861206,0.6338787078857422
92,0.5310863256454468,0.5512878894805908,0.5274485945701599,0.5595242977142334,0.541784405708313,0.5593160390853882,0.5361030101776123,0.55635005235672,0.5424144864082336,0.5587788820266724,0.5309192538261414,0.5924089550971985,0.530709981918335,0.5912162065505981,0.5646220445632935,0.5648185610771179,0.5624250173568726,0.5672940015792847,0.5484834313392639,0.6142956018447876,0.5433906316757202,0.6151587963104248,0.5512242913246155,0.6354880928993225,0.547571063041687,0.6342565417289734
93,0.5318180322647095,0.55060213804245,0.5281822681427002,0.5583335161209106,0.5423625707626343,0.5574457049369812,0.5367348194122314,0.5555833578109741,0.5436214804649353,0.5442836284637451,0.5313369035720825,0.59183669090271,0.5311166048049927,0.5908088684082031,0.5655312538146973,0.5636376142501831,0.5631594061851501,0.5661755204200745,0.5488759279251099,0.6148666143417358,0.5439331531524658,0.6159312725067139,0.552003800868988,0.6361029744148254,0.5485475063323975,0.6348992586135864
94,0.8147397041320801,0.5264754295349121,0.818403422832489,0.5440022349357605,0.8188356757164001,0.5653858184814453,0.814277172088623,0.5445677042007446,0.8072512149810791,0.558597207069397,0.8152166604995728,0.5885893106460571,0.8100165128707886,0.5873202085494995,0.8108110427856445,0.5890262126922607,0.8064808249473572,0.5906381011009216,0.8101271390914917,0.6066457629203796,0.8012484312057495,0.6057153940200806,0.805020272731781,0.6533637046813965,0.8019145727157593,0.6426436901092529
95,0.5314680337905884,0.5501213669776917,0.5285261273384094,0.5574307441711426,0.5424067378044128,0.5570873618125916,0.5376922488212585,0.5398133993148804,0.5433045625686646,0.5430654883384705,0.5310217142105103,0.5914137363433838,0.5306144952774048,0.5901474356651306,0.5653238296508789,0.5632644891738892,0.5623059868812561,0.565789520740509,0.5507537722587585,0.6163264513015747,0.5446997880935669,0.6172860264778137,0.5532610416412354,0.6375445127487183,0.5482327938079834,0.6363105177879333
96,0.813994288444519,0.5261398553848267,0.8179690837860107,0.5381816625595093,0.8172711730003357,0.5560136437416077,0.8148115873336792,0.5367892384529114,0.8091386556625366,0.5528906583786011,0.8208452463150024,0.5852901935577393,0.8149620890617371,0.5839548707008362,0.8146406412124634,0.5861215591430664,0.8120814561843872,0.5886902213096619,0.8099231123924255,0.6077685356140137,0.8044945597648621,0.6052395105361938,0.8096811175346375,0.635053277015686,0.806063175201416,0.6352346539497375
97,0.8126911520957947,0.5227736830711365,0.8185156583786011,0.5342515707015991,0.8190927505493164,0.550341010093689,0.8119640350341797,0.532371997833252,0.8091250658035278,0.5491316914558411,0.8186261057853699,0.5788512229919434,0.8153077960014343,0.5772165060043335,0.8190642595291138,0.5747125744819641,0.8147205710411072,0.5755327939987183,0.8132673501968384,0.5897244215011597,0.8070537447929382,0.5906782150268555,0.8122603893280029,0.6312565803527832,0.8138178586959839,0.6294358372688293
98,0.8117119669914246,0.5223497748374939,0.8177796602249146,0.5338212251663208,0.8187410235404968,0.5496077537536621,0.8106333017349243,0.5313044190406799,0.8071412444114685,0.5460842847824097,0.8181833624839783,0.5784547924995422,0.8144840002059937,0.5765803456306458,0.8181566596031189,0.5744587182998657,0.8135644793510437,0.5750747919082642,0.813674807548523,0.5908626914024353,0.8056933879852295,0.590605616569519,0.8113240003585815,0.6314556002616882,0.8124544024467468,0.6293920278549194
99,0.8119632601737976,0.522700846195221,0.8178682327270508,0.5340724587440491,0.818869948387146,0.5493001937866211,0.8105405569076538,0.5315043926239014,0.8076186180114746,0.5458111763000488,0.8185278177261353,0.5784833431243896,0.8153886795043945,0.5765305757522583,0.8182629346847534,0.5749288201332092,0.813595175743103,0.5754610300064087,0.8123034238815308,0.5904375314712524,0.8066830635070801,0.5913609266281128,0.8121230006217957,0.6313838362693787,0.8136457204818726,0.6295161247253418
100,0.812477707862854,0.5230073928833008,0.8184148669242859,0.5342323780059814,0.8193322420120239,0.5497585535049438,0.8108718395233154,0.5319340825080872,0.8075894713401794,0.5464441776275635,0.8188351392745972,0.5785043239593506,0.8152245283126831,0.5766944885253906,0.8190605640411377,0.5751634836196899,0.8141223788261414,0.5757569074630737,0.8126572966575623,0.5905457735061646,0.806623637676239,0.5915663242340088,0.8123548030853271,0.631426215171814,0.8136100769042969,0.6295288801193237
101,0.8129857778549194,0.5232118964195251,0.8187655806541443,0.534418523311615,0.8193295001983643,0.549308180809021,0.8109985589981079,0.5323558449745178,0.8077390193939209,0.5459900498390198,0.8189131021499634,0.5775886178016663,0.8153443336486816,0.5759154558181763,0.818407416343689,0.5833313465118408,0.8139652609825134,0.5757076144218445,0.8128591775894165,0.5908563733100891,0.8068880438804626,0.5917878150939941,0.812701404094696,0.631530225276947,0.8135671019554138,0.6297740936279297
102,0.8127254843711853,0.5229951739311218,0.8185689449310303,0.5341826677322388,0.8192951679229736,0.5494139194488525,0.810790479183197,0.5320276021957397,0.8078755736351013,0.5461337566375732,0.8188531398773193,0.5777770280838013,0.8153595328330994,0.5761473774909973,0.818785548210144,0.5752317905426025,0.8136247992515564,0.5756536722183228,0.812739372253418,0.5910903215408325,0.8068496584892273,0.5920809507369995,0.8125269412994385,0.6316367387771606,0.8134004473686218,0.6299046277999878
103,0.8128668665885925,0.5227009057998657,0.818767249584198,0.5337855219841003,0.8200463652610779,0.5485103726387024,0.8099967837333679,0.5316305160522461,0.8077243566513062,0.5452936291694641,0.8192987442016602,0.5768373012542725,0.8152457475662231,0.5753360986709595,0.8188755512237549,0.5746291875839233,0.8131663799285889,0.5750255584716797,0.8129175901412964,0.59043288230896,0.807205855846405,0.5915632247924805,0.813721776008606,0.6301347017288208,0.8144086599349976,0.62874436378479
104,0.8131086826324463,0.5231599807739258,0.8188774585723877,0.5343379974365234,0.8200548887252808,0.5487691164016724,0.8100609183311462,0.5323575139045715,0.8078910708427429,0.5456538200378418,0.8196084499359131,0.5773390531539917,0.8156523704528809,0.5759484171867371,0.818915843963623,0.575093686580658,0.8131800889968872,0.5755572319030762,0.8129501342773438,0.590707004070282,0.807057797908783,0.5918909311294556,0.8140490055084229,0.6302342414855957,0.8147825002670288,0.6290203928947449
105,0.8138048648834229,0.5247817039489746,0.8190707564353943,0.5357379913330078,0.8191453814506531,0.5508329272270203,0.8114171028137207,0.5346845388412476,0.8084401488304138,0.5477532148361206,0.8190945386886597,0.5783522129058838,0.8159933090209961,0.5771083831787109,0.8175698518753052,0.5847213268280029,0.8135589957237244,0.5772907137870789,0.8127066493034363,0.5914002656936646,0.8075370788574219,0.5925791263580322,0.8126875162124634,0.6309099197387695,0.8141860365867615,0.6297635436058044
106,0.813417911529541,0.5241198539733887,0.8189918994903564,0.5351682305335999,0.8193179965019226,0.550469160079956,0.8109683394432068,0.5337990522384644,0.8081175684928894,0.5472989082336426,0.8190516233444214,0.5777730941772461,0.8156733512878418,0.5764023065567017,0.8173784613609314,0.5840448141098022,0.813100278377533,0.5767158269882202,0.8125512003898621,0.5909905433654785,0.8069736957550049,0.5919312834739685,0.8129087686538696,0.6304203271865845,0.813710629940033,0.6292257308959961
107,0.8133417367935181,0.5241597890853882,0.8187395930290222,0.5353042483329773,0.8193208575248718,0.5503582954406738,0.8107219934463501,0.533849835395813,0.8083593845367432,0.5472313165664673,0.819115161895752,0.5778213739395142,0.8158590793609619,0.576484203338623,0.8171079158782959,0.5842301845550537,0.8127803802490234,0.5767643451690674,0.8123953342437744,0.5909948348999023,0.8070666193962097,0.5919779539108276,0.8127977848052979,0.6306778192520142,0.8139681816101074,0.6294479370117188
108,0.28785014152526855,0.5283324122428894,0.30167555809020996,0.5199465155601501,0.3185558319091797,0.5810039639472961,0.2734483480453491,0.5168435573577881,0.28867679834365845,0.4061335325241089,0.3058263063430786,0.36216625571250916,0.30511903762817383,0.3663080632686615,0.3289428949356079,0.5918550491333008,0.32188159227371216,0.5949891805648804,0.30019235610961914,0.680303692817688,0.2815614640712738,0.6783389449119568,0.2968313992023468,0.7118295431137085,0.29485008120536804,0.7100108861923218
109,0.19224673509597778,0.5557690858840942,0.28863656520843506,0.5431843400001526,0.3156568109989166,0.5826983451843262,0.2555968761444092,0.5387712717056274,0.2716178596019745,0.43346232175827026,0.29848557710647583,0.36791396141052246,0.29695579409599304,0.37505561113357544,0.34247887134552,0.6061515212059021,0.32006633281707764,0.609388530254364,0.3015868067741394,0.6631688475608826,0.27755874395370483,0.6634947061538696,0.30147209763526917,0.7304046154022217,0.2936297655105591,0.690415620803833
110,0.19223886728286743,0.5521499514579773,0.2991451919078827,0.5410711169242859,0.31553131341934204,0.5830650925636292,0.2566757798194885,0.5164399743080139,0.27246469259262085,0.43235743045806885,0.29960164427757263,0.3660712242126465,0.29781660437583923,0.37454622983932495,0.34391412138938904,0.6067958474159241,0.3203761577606201,0.6104233264923096,0.30171555280685425,0.6840211153030396,0.27954328060150146,0.6826872825622559,0.3009265661239624,0.7316747903823853,0.29306894540786743,0.7099064588546753
111,0.14875279366970062,0.4736083149909973,0.30066820979118347,0.5210782289505005,0.31625646352767944,0.582243800163269,0.2564118206501007,0.5154154300689697,0.2634880542755127,0.3966902494430542,0.2998867630958557,0.36674630641937256,0.29717111587524414,0.3755551278591156,0.3455260992050171,0.5913808941841125,0.3191564083099365,0.6091065406799316,0.30307334661483765,0.6656630039215088,0.27533629536628723,0.6656621694564819,0.3017648458480835,0.7312390208244324,0.2939984202384949,0.6652791500091553
112,0.23027396202087402,0.512905478477478,0.3003542423248291,0.5218628644943237,0.31610536575317383,0.5821385979652405,0.25579431653022766,0.5165167450904846,0.27204081416130066,0.4328852593898773,0.29955077171325684,0.3676813542842865,0.29716387391090393,0.3759194016456604,0.34450680017471313,0.5917015671730042,0.3183300197124481,0.6094364523887634,0.3025893568992615,0.6654300689697266,0.2748170793056488,0.6655670404434204,0.3080778419971466,0.663403332233429,0.27830275893211365,0.6662534475326538
113,0.23018674552440643,0.5146253705024719,0.2987825274467468,0.5220678448677063,0.3159310519695282,0.5828592777252197,0.25596243143081665,0.5176299810409546,0.2724301815032959,0.43383845686912537,0.29906365275382996,0.36843937635421753,0.29750025272369385,0.37605440616607666,0.3431953191757202,0.5919263958930969,0.3186478912830353,0.6096979975700378,0.30134451389312744,0.6459293961524963,0.2744665741920471,0.6432622671127319,0.3108813762664795,0.615276575088501,0.2945026457309723,0.6640849113464355
114,0.23123173415660858,0.5133993625640869,0.3009965121746063,0.5215116739273071,0.31622904539108276,0.5823206901550293,0.2569640874862671,0.516863226890564,0.2726563811302185,0.4332941174507141,0.29943665862083435,0.36734628677368164,0.29732510447502136,0.3758472800254822,0.3456505537033081,0.5914360284805298,0.3201896846294403,0.6092507839202881,0.3020198941230774,0.6464614272117615,0.27478551864624023,0.643683910369873,0.30871984362602234,0.6629019379615784,0.29478180408477783,0.6649597883224487
115,0.2306286096572876,0.5131928324699402,0.30110836029052734,0.5215374827384949,0.31621962785720825,0.5803859233856201,0.25644710659980774,0.5162357091903687,0.27226749062538147,0.43441903591156006,0.2996637225151062,0.36969348788261414,0.29747000336647034,0.3767504394054413,0.34378930926322937,0.5906051993370056,0.31873995065689087,0.609143853187561,0.30042940378189087,0.6453850865364075,0.2735123038291931,0.6429418325424194,0.30763792991638184,0.6606428027153015,0.2938939929008484,0.6632778644561768
116,0.5407587289810181,0.3192913234233856,0.529875636100769,0.5013494491577148,0.5284222960472107,0.3352977931499481,0.5149616003036499,0.49758291244506836,0.5100668668746948,0.3343062102794647,0.5468865633010864,0.32057589292526245,0.524223804473877,0.3146827220916748,0.5277526378631592,0.5600897669792175,0.5075973272323608,0.5631500482559204,0.458965003490448,0.6224868297576904,0.4383307695388794,0.6269485950469971,0.5201873779296875,0.6339485049247742,0.4423341155052185,0.6885944604873657
117,0.5419292449951172,0.3204464316368103,0.5777568817138672,0.3402217626571655,0.5478812456130981,0.3389144837856293,0.5306339263916016,0.34503838419914246,0.5068484544754028,0.33724135160446167,0.5544674396514893,0.31683263182640076,0.5277204513549805,0.3219507336616516,0.5379295349121094,0.5261157751083374,0.526831328868866,0.5274384617805481,0.5187677145004272,0.6160385608673096,0.4461140036582947,0.6419379711151123,0.5268576145172119,0.630461573600769,0.448065847158432,0.686173677444458
118,0.5397381782531738,0.32057642936706543,0.5787512063980103,0.3405703902244568,0.5463953614234924,0.3376246690750122,0.5280571579933167,0.3451475501060486,0.5040358901023865,0.3357445001602173,0.5544151663780212,0.3169092535972595,0.4949142336845398,0.28245073556900024,0.5360386967658997,0.5431966185569763,0.5109031200408936,0.5457595586776733,0.5149176120758057,0.6219251155853271,0.44348418712615967,0.6429692506790161,0.5273734331130981,0.6307287216186523,0.4467851519584656,0.6869876384735107
119,0.5355176329612732,0.32400840520858765,0.5824010968208313,0.34668266773223877,0.5809226036071777,0.3458099961280823,0.5141950845718384,0.3530762791633606,0.4968385696411133,0.3344682455062866,0.571367084980011,0.3161790072917938,0.4974992871284485,0.2850714325904846,0.5679836273193359,0.5197658538818359,0.5146253108978271,0.5261241793632507,0.5362434983253479,0.6155499815940857,0.47488221526145935,0.6271795034408569,0.5303962826728821,0.6297471523284912,0.527309000492096,0.6323990225791931
120,0.5413070321083069,0.31958359479904175,0.5613123178482056,0.34834909439086914,0.5300778150558472,0.3369079530239105,0.5506061911582947,0.34418177604675293,0.5140056610107422,0.3367244601249695,0.5520012974739075,0.31300318241119385,0.542864203453064,0.31319013237953186,0.5355987548828125,0.5477238893508911,0.5294756889343262,0.5512324571609497,0.5296690464019775,0.620380163192749,0.512141764163971,0.6224350929260254,0.5389642715454102,0.6368342041969299,0.5321335792541504,0.6363267302513123
121,0.5394740700721741,0.3268686532974243,0.5565934181213379,0.35560545325279236,0.5201064944267273,0.33927902579307556,0.5529533624649048,0.3542660176753998,0.5183808207511902,0.3387555480003357,0.5512720346450806,0.3163391947746277,0.5447887182235718,0.3165700435638428,0.5500577688217163,0.5472405552864075,0.5342041254043579,0.5501617193222046,0.5277852416038513,0.6128394603729248,0.5150855183601379,0.6173017621040344,0.5382400751113892,0.6325945854187012,0.5317315459251404,0.6315762400627136
122,0.5402109026908875,0.31860801577568054,0.5584261417388916,0.3410227298736572,0.5443717837333679,0.3393203020095825,0.5557551980018616,0.3411923050880432,0.5385170578956604,0.33934658765792847,0.5461229085922241,0.31804001331329346,0.5434277057647705,0.31789007782936096,0.5343316793441772,0.5414363741874695,0.5330578088760376,0.5448254346847534,0.5276116132736206,0.6115840673446655,0.5147686004638672,0.6179076433181763,0.5342546701431274,0.6320853233337402,0.5308027267456055,0.6321520209312439
123,0.536659836769104,0.31957629323005676,0.5697977542877197,0.34639352560043335,0.5856225490570068,0.3426991105079651,0.5302402377128601,0.3521052598953247,0.510298490524292,0.3415551781654358,0.5918816924095154,0.2789352238178253,0.4983721375465393,0.2833636403083801,0.5619727969169617,0.5048335790634155,0.5260484218597412,0.5109342336654663,0.5358690023422241,0.6044650077819824,0.5208815336227417,0.6078832149505615,0.5340957045555115,0.645836353302002,0.532701849937439,0.6304375529289246
124,0.5366977453231812,0.3222355842590332,0.5823476314544678,0.34449857473373413,0.5834746956825256,0.34659409523010254,0.5170142650604248,0.3475726842880249,0.5042771100997925,0.341839998960495,0.5620490312576294,0.31796032190322876,0.5260485410690308,0.3237742781639099,0.5533655881881714,0.5187616348266602,0.5242810845375061,0.5241751074790955,0.5508549809455872,0.6135026812553406,0.5157057046890259,0.6153908371925354,0.5387246608734131,0.6325294971466064,0.5269037485122681,0.6289305090904236
125,0.5435508489608765,0.3306754529476166,0.5298518538475037,0.49538251757621765,0.5410802364349365,0.5293586850166321,0.5288611650466919,0.5108060836791992,0.5374644994735718,0.3455025553703308,0.5259796380996704,0.5914944410324097,0.5443429350852966,0.33321303129196167,0.5498417019844055,0.543636679649353,0.532306432723999,0.5471593141555786,0.5319205522537231,0.5925021767616272,0.5155325531959534,0.6018431782722473,0.5387170314788818,0.6338989734649658,0.529454231262207,0.6281716823577881
126,0.4976125955581665,0.5292542576789856,0.5187181234359741,0.5395267009735107,0.5309944152832031,0.5515111684799194,0.5248374342918396,0.5371408462524414,0.529475212097168,0.5482618808746338,0.5268416404724121,0.5925582647323608,0.5255401730537415,0.5898498296737671,0.5329335927963257,0.5646029710769653,0.5312163233757019,0.5660904049873352,0.5314229726791382,0.5879657864570618,0.516219973564148,0.5985763072967529,0.5353975296020508,0.6268933415412903,0.5315456390380859,0.624215841293335
127,0.8152176141738892,0.5291783213615417,0.4982922077178955,0.5270448327064514,0.5252955555915833,0.5317256450653076,0.5205468535423279,0.5406363010406494,0.5081421136856079,0.5098987817764282,0.5234004259109497,0.5951622724533081,0.5244557857513428,0.6047336459159851,0.5288504362106323,0.5637180209159851,0.511824369430542,0.5668343305587769,0.5165513157844543,0.5738545060157776,0.5073310136795044,0.584505558013916,0.528916597366333,0.6236461400985718,0.5261675119400024,0.6213008761405945
128,0.8123919367790222,0.5243880152702332,0.4978315532207489,0.5031852722167969,0.5272396802902222,0.5452108383178711,0.4858822226524353,0.4970674216747284,0.5050625801086426,0.5135887265205383,0.5239027738571167,0.5918512344360352,0.5166198015213013,0.5892603397369385,0.529524564743042,0.5618375539779663,0.511218249797821,0.5647198557853699,0.5171562433242798,0.5820198059082031,0.5084391832351685,0.5815764665603638,0.5295685529708862,0.6227290630340576,0.5262813568115234,0.6199169158935547
129,0.8139544725418091,0.5240280628204346,0.4946041703224182,0.5214422345161438,0.5248320698738098,0.5488049983978271,0.5176827907562256,0.5347692966461182,0.48368918895721436,0.5105500817298889,0.5183176398277283,0.5860743522644043,0.5143779516220093,0.5879786014556885,0.509192168712616,0.5603716373443604,0.5069823861122131,0.562345027923584,0.5107201933860779,0.5669442415237427,0.44252562522888184,0.5799771547317505,0.5257381796836853,0.6196191906929016,0.457700252532959,0.6585243940353394
130,0.8153795599937439,0.5278554558753967,0.501090943813324,0.5201839208602905,0.5295467972755432,0.524581253528595,0.5074719786643982,0.5184414386749268,0.5111700892448425,0.5027885437011719,0.5242063403129578,0.5949187278747559,0.29350951313972473,0.36822080612182617,0.5326992869377136,0.5591897964477539,0.5290946364402771,0.5618357062339783,0.5178655982017517,0.585586428642273,0.507371187210083,0.585979700088501,0.5322200655937195,0.6294434070587158,0.5298051834106445,0.6274617910385132
131,0.5172373056411743,0.5340002775192261,0.5209084749221802,0.5396571755409241,0.5424746870994568,0.5528600811958313,0.5242434740066528,0.5371094942092896,0.5306838154792786,0.5493451952934265,0.5264887809753418,0.5789345502853394,0.5222938656806946,0.58084636926651,0.5341591835021973,0.5627174377441406,0.5319773554801941,0.5648143887519836,0.5338588953018188,0.582539439201355,0.5279212594032288,0.5822147130966187,0.5315345525741577,0.6233763694763184,0.5305626392364502,0.6208431720733643
132,0.5422101616859436,0.3413378894329071,0.5679210424423218,0.3519567847251892,0.5556651949882507,0.34844422340393066,0.5253744721412659,0.35231250524520874,0.5073469877243042,0.35114023089408875,0.546797513961792,0.3393065631389618,0.518434464931488,0.33800384402275085,0.5425696969032288,0.5543307065963745,0.5325690507888794,0.5579584836959839,0.520659863948822,0.6178129315376282,0.5133481621742249,0.619803786277771,0.5325806736946106,0.6396085023880005,0.5302028656005859,0.6391652822494507
133,0.5426782369613647,0.3421900272369385,0.5257238149642944,0.46733126044273376,0.5364018678665161,0.5046148896217346,0.5087300539016724,0.4664197862148285,0.5181804895401001,0.4963746666908264,0.5845144987106323,0.5528960227966309,0.5330496430397034,0.3410305976867676,0.5657749176025391,0.5445322394371033,0.5488793849945068,0.5448604822158813,0.5531488656997681,0.6111987829208374,0.5456116199493408,0.6111359000205994,0.5369557738304138,0.6310639381408691,0.5354486703872681,0.6292479038238525
134,0.543228805065155,0.3501635193824768,0.5613585710525513,0.37718257308006287,0.5384013652801514,0.5187931656837463,0.5215601325035095,0.37757986783981323,0.5086768865585327,0.4284780025482178,0.5782713890075684,0.5352206826210022,0.5153400301933289,0.500298798084259,0.5662946701049805,0.5429025888442993,0.5481667518615723,0.5430275201797485,0.5546960830688477,0.6060397028923035,0.5454916954040527,0.6054368019104004,0.5401376485824585,0.6383755803108215,0.5329346656799316,0.6361232995986938
135,0.5460619926452637,0.3586568534374237,0.5675342679023743,0.38262712955474854,0.5373021364212036,0.5063578486442566,0.5078458786010742,0.3844338059425354,0.5059497356414795,0.42299020290374756,0.6165052652359009,0.5498976707458496,0.5103756785392761,0.4782714545726776,0.5879194736480713,0.5439069867134094,0.5489308834075928,0.5445672869682312,0.5714806914329529,0.6074432134628296,0.5484182238578796,0.6090922355651855,0.5559571385383606,0.6368280649185181,0.5315133929252625,0.6391013860702515
136,0.550866425037384,0.3557935953140259,0.5895527601242065,0.36913353204727173,0.5980182886123657,0.37937530875205994,0.518756628036499,0.3767065703868866,0.5122894048690796,0.38284236192703247,0.5784727334976196,0.3537493944168091,0.5197139978408813,0.36727461218833923,0.5825216770172119,0.4983477294445038,0.5361129641532898,0.4976435601711273,0.5931479930877686,0.5760597586631775,0.5430320501327515,0.5806814432144165,0.552368700504303,0.6421065926551819,0.5349413156509399,0.6365625858306885
137,0.5510528087615967,0.3585653305053711,0.5859508514404297,0.37251290678977966,0.5935094952583313,0.3795822858810425,0.515679657459259,0.3789505362510681,0.5110691785812378,0.3834097385406494,0.580469012260437,0.3475685119628906,0.5000780820846558,0.32283324003219604,0.5732687711715698,0.5054808855056763,0.531832218170166,0.5059349536895752,0.5794336795806885,0.585326611995697,0.5427515506744385,0.5902047157287598,0.5479863286018372,0.6429604887962341,0.5364288687705994,0.6362898349761963
138,0.5526986718177795,0.5058643817901611,0.5546802282333374,0.5213843584060669,0.5687676072120667,0.5442289710044861,0.5461620092391968,0.5117779970169067,0.5460445880889893,0.5412406325340271,0.5491392612457275,0.5611730217933655,0.5428599119186401,0.5521829724311829,0.561924397945404,0.5502147078514099,0.5540261268615723,0.550801157951355,0.5614745616912842,0.5938378572463989,0.5534054040908813,0.5908298492431641,0.5517494082450867,0.6329436302185059,0.5450801849365234,0.6314928531646729
139,0.5482269525527954,0.3759351670742035,0.5618175864219666,0.47832125425338745,0.5789787769317627,0.532514214515686,0.5282613635063171,0.462043821811676,0.5100429058074951,0.39804860949516296,0.6000503301620483,0.551742434501648,0.5290365219116211,0.3876839280128479,0.5642795562744141,0.5374729633331299,0.5426994562149048,0.5332003235816956,0.5625866651535034,0.5887937545776367,0.5443947315216064,0.5915911793708801,0.5491277575492859,0.6368521451950073,0.5337405800819397,0.6358580589294434
140,0.5503992438316345,0.36914846301078796,0.5744246244430542,0.39915597438812256,0.5848388671875,0.3830873668193817,0.5337605476379395,0.4159807860851288,0.5197798609733582,0.38866299390792847,0.5754175186157227,0.3569737374782562,0.5258358716964722,0.35333406925201416,0.5620675683021545,0.5301332473754883,0.5431315898895264,0.5331229567527771,0.5610634684562683,0.5901772379875183,0.5492622256278992,0.5964643955230713,0.5500940084457397,0.6347675323486328,0.5372167825698853,0.6352646350860596
141,0.54338139295578,0.3739132583141327,0.5763938426971436,0.4081134498119354,0.5967763066291809,0.3692978322505951,0.5231403112411499,0.41392695903778076,0.49869757890701294,0.37451833486557007,0.5930930376052856,0.31767189502716064,0.4682562053203583,0.2872619926929474,0.5624903440475464,0.5162596702575684,0.5351151823997498,0.5189254283905029,0.5614760518074036,0.5893027782440186,0.544140636920929,0.5947197079658508,0.5520001649856567,0.6393634080886841,0.5333044528961182,0.6344667673110962
142,0.548308253288269,0.3820565342903137,0.5809705257415771,0.40626293420791626,0.5904783010482788,0.3880997598171234,0.5212417840957642,0.4138903021812439,0.4961010217666626,0.3854106068611145,0.5784927606582642,0.37099534273147583,0.46325308084487915,0.28507617115974426,0.5696171522140503,0.5130346417427063,0.5380939841270447,0.515060544013977,0.5647915601730347,0.5858981609344482,0.5467385649681091,0.5931978225708008,0.5487851500511169,0.6399803161621094,0.541652500629425,0.6363751888275146
143,0.5437948703765869,0.3868383765220642,0.5688043832778931,0.40969085693359375,0.5881335735321045,0.3885217308998108,0.5214663743972778,0.4169650673866272,0.5155026316642761,0.39408057928085327,0.5844756364822388,0.3491741418838501,0.47159481048583984,0.29352065920829773,0.5646779537200928,0.5043220520019531,0.5378696918487549,0.5071085691452026,0.5604583024978638,0.5840640664100647,0.5477026700973511,0.5889811515808105,0.548291802406311,0.6378445625305176,0.541354775428772,0.6358888149261475
144,0.5360919237136841,0.3922984302043915,0.5790514945983887,0.4120820164680481,0.5877028107643127,0.37965258955955505,0.5130090713500977,0.4168466031551361,0.49055808782577515,0.3676998019218445,0.5950468182563782,0.31826549768447876,0.4718511700630188,0.3043292760848999,0.5581066608428955,0.4999264180660248,0.5223549604415894,0.5053594708442688,0.5606036186218262,0.5606280565261841,0.5372421145439148,0.575869083404541,0.5453451871871948,0.636471688747406,0.5369867086410522,0.6367400884628296
145,0.5398731827735901,0.3879854679107666,0.5813940763473511,0.40308138728141785,0.5965460538864136,0.3796999156475067,0.5142794847488403,0.4047592878341675,0.4891916513442993,0.3698945641517639,0.5937392711639404,0.3289656639099121,0.46666237711906433,0.30378952622413635,0.5622318983078003,0.49619990587234497,0.5206645131111145,0.505826473236084,0.551970362663269,0.5672634840011597,0.5388584136962891,0.5771796703338623,0.5440594553947449,0.6364732980728149,0.5359261631965637,0.6365528106689453
146,0.5529778003692627,0.387959361076355,0.5872539281845093,0.3946823477745056,0.605166494846344,0.3827265202999115,0.5305124521255493,0.4035761058330536,0.521294116973877,0.397161602973938,0.6020129919052124,0.3376632630825043,0.5152910947799683,0.3821219801902771,0.5657950639724731,0.5042821168899536,0.5309032797813416,0.505815863609314,0.5512229204177856,0.5633860230445862,0.5401866436004639,0.56709885597229,0.5341888666152954,0.6367384195327759,0.5396919250488281,0.6340721249580383
147,0.551287829875946,0.3880670666694641,0.5889771580696106,0.4005539119243622,0.5907424688339233,0.4025064706802368,0.530298113822937,0.409306138753891,0.5180580615997314,0.41798144578933716,0.6045576333999634,0.3402038514614105,0.5175046324729919,0.40273338556289673,0.5684871077537537,0.5047558546066284,0.5337082147598267,0.5063678026199341,0.5467319488525391,0.5530054569244385,0.5337330102920532,0.5560088157653809,0.5306621789932251,0.6330984830856323,0.535413384437561,0.6399195790290833
148,0.5295559763908386,0.4064602553844452,0.5493781566619873,0.43158966302871704,0.5457082390785217,0.4375340938568115,0.5059148669242859,0.4360145032405853,0.5099803805351257,0.43985021114349365,0.5274527668952942,0.4308304488658905,0.5148094296455383,0.46934735774993896,0.5501644611358643,0.5310795903205872,0.5267684459686279,0.5352513790130615,0.5364876985549927,0.5700438022613525,0.5263488292694092,0.5701877474784851,0.532646656036377,0.6253620982170105,0.535112738609314,0.620766282081604
149,0.5333008766174316,0.4077486991882324,0.5858272314071655,0.4138054847717285,0.6023114919662476,0.40900346636772156,0.5043815970420837,0.4216744899749756,0.49283266067504883,0.4158882796764374,0.6065728664398193,0.3432864844799042,0.5054101943969727,0.4058986306190491,0.5621591210365295,0.5172381401062012,0.515213668346405,0.5233166813850403,0.5496069192886353,0.5682680606842041,0.5274876356124878,0.5726850628852844,0.5370789766311646,0.6287611722946167,0.5303484201431274,0.6165398359298706
150,0.5312292575836182,0.41171520948410034,0.5565349459648132,0.4266856908798218,0.5858883857727051,0.42532914876937866,0.5217899680137634,0.4299338757991791,0.5113798379898071,0.4378441274166107,0.6058889627456665,0.3391607999801636,0.5175184011459351,0.43972572684288025,0.5508266687393188,0.505988597869873,0.5267698764801025,0.5064050555229187,0.5439009070396423,0.554826021194458,0.535050630569458,0.5643566846847534,0.5332517027854919,0.6265552639961243,0.537842333316803,0.632213830947876
151,0.5431978702545166,0.4170747995376587,0.5701438188552856,0.43574345111846924,0.5847599506378174,0.43268799781799316,0.5259221792221069,0.4414111375808716,0.5131065249443054,0.4404066205024719,0.6055753827095032,0.3458608388900757,0.5227990746498108,0.4139312207698822,0.5594435334205627,0.5174145102500916,0.5301117897033691,0.5232303738594055,0.5520159602165222,0.5774927139282227,0.5348576307296753,0.5864768624305725,0.5498942136764526,0.6327399015426636,0.5341414213180542,0.6273850202560425
152,0.5414189696311951,0.4176653325557709,0.5517897605895996,0.4388466477394104,0.5519067049026489,0.4399181008338928,0.5458118915557861,0.4411557912826538,0.5454242825508118,0.44178342819213867,0.5947580337524414,0.34287798404693604,0.5975090265274048,0.34481287002563477,0.5447742938995361,0.5213680863380432,0.5407083034515381,0.5229985117912292,0.5445029735565186,0.5795084834098816,0.5450268983840942,0.5862233638763428,0.5404096841812134,0.6293903589248657,0.537976861000061,0.6286565661430359
153,0.5370039939880371,0.42413824796676636,0.562012791633606,0.4484178423881531,0.5615458488464355,0.4357820153236389,0.5324259400367737,0.45105862617492676,0.5338934659957886,0.43701982498168945,0.5903304219245911,0.3419496715068817,0.4863895773887634,0.3535476326942444,0.5491018295288086,0.5262966752052307,0.5330972075462341,0.5294191241264343,0.5492246747016907,0.5842686891555786,0.5393502712249756,0.5917312502861023,0.550815224647522,0.6323726773262024,0.5356727838516235,0.6297144889831543
154,0.539902925491333,0.4269060492515564,0.5489823818206787,0.44601351022720337,0.5459383130073547,0.43868371844291687,0.5523840188980103,0.4477280378341675,0.5474616289138794,0.4410610795021057,0.4854571223258972,0.35750484466552734,0.5470744371414185,0.42663002014160156,0.5437802672386169,0.5213052034378052,0.5450873374938965,0.5143979787826538,0.5447561740875244,0.5804525017738342,0.5478910803794861,0.5872781276702881,0.5419781804084778,0.6322247385978699,0.5415307283401489,0.6313760280609131
155,0.5367947220802307,0.426550030708313,0.5503528118133545,0.44520336389541626,0.5460514426231384,0.44292303919792175,0.542370080947876,0.44671720266342163,0.5362526178359985,0.4442253112792969,0.481197714805603,0.361979216337204,0.5382325649261475,0.43067580461502075,0.5463732481002808,0.5135682225227356,0.5413715839385986,0.5138517618179321,0.5426889657974243,0.5816161036491394,0.5445889234542847,0.588253378868103,0.5460163354873657,0.6288020610809326,0.5387839078903198,0.6329030990600586
156,0.5395623445510864,0.43286919593811035,0.5665572881698608,0.4500366151332855,0.5678876638412476,0.4661102294921875,0.5231480598449707,0.4511920213699341,0.5016577243804932,0.46365827322006226,0.5411738753318787,0.4521350562572479,0.5048975944519043,0.4364897608757019,0.5562021732330322,0.5257130861282349,0.5287235379219055,0.5273377895355225,0.5478248596191406,0.5678964853286743,0.5283324718475342,0.5755507946014404,0.5359621047973633,0.6200375556945801,0.5364505052566528,0.6178495287895203
157,0.5391134023666382,0.43422752618789673,0.5686701536178589,0.4491310715675354,0.5643342137336731,0.4614599645137787,0.5251979827880859,0.4539812505245209,0.5118780136108398,0.4637153148651123,0.5614659190177917,0.42833182215690613,0.47607797384262085,0.3707899749279022,0.56069415807724,0.5229523181915283,0.5358707904815674,0.5294681787490845,0.5587254762649536,0.5845675468444824,0.540993869304657,0.5956735610961914,0.555261492729187,0.6327352523803711,0.5357862710952759,0.6314534544944763
158,0.5396912097930908,0.4355926513671875,0.5638725161552429,0.44717082381248474,0.5566529631614685,0.4649076461791992,0.5327918529510498,0.45487165451049805,0.5158941149711609,0.4666514992713928,0.5548129081726074,0.4356100261211395,0.5239015817642212,0.44990015029907227,0.5584985017776489,0.5236617922782898,0.5387905836105347,0.5271377563476562,0.551170289516449,0.5829658508300781,0.5427330136299133,0.5901049971580505,0.5561017394065857,0.6322731375694275,0.5378422141075134,0.6270163655281067
159,0.5405607223510742,0.43670910596847534,0.5615930557250977,0.45117101073265076,0.5545110106468201,0.4674806594848633,0.5344976186752319,0.45430082082748413,0.5137428641319275,0.46943554282188416,0.5449932217597961,0.4348096251487732,0.47729355096817017,0.38153237104415894,0.561536431312561,0.5258045196533203,0.5365800857543945,0.5314717888832092,0.5419926643371582,0.590228259563446,0.5379623174667358,0.5916613340377808,0.552208423614502,0.6355850696563721,0.5355919599533081,0.6274659633636475
160,0.5394468307495117,0.44598495960235596,0.5622727870941162,0.4586549699306488,0.570935070514679,0.48640692234039307,0.5187082290649414,0.4644959568977356,0.5109779238700867,0.47669562697410583,0.5507997274398804,0.4661140441894531,0.4952029883861542,0.4128454923629761,0.5633453130722046,0.5265318155288696,0.532101035118103,0.5311896800994873,0.5597043633460999,0.5822720527648926,0.5387057662010193,0.5908156037330627,0.5564770698547363,0.6317598223686218,0.535370945930481,0.6281108856201172
161,0.5339670181274414,0.4461858868598938,0.5610960125923157,0.4545629620552063,0.5622217655181885,0.476155161857605,0.5157577395439148,0.46386000514030457,0.5041513442993164,0.47210440039634705,0.5491369962692261,0.46550822257995605,0.5026556253433228,0.4399704933166504,0.5596907734870911,0.5270243883132935,0.5263754725456238,0.5334999561309814,0.5554941892623901,0.5839335918426514,0.5291761159896851,0.5918534994125366,0.5553814172744751,0.6333977580070496,0.5300267934799194,0.6221717596054077
162,0.534258246421814,0.4464690387248993,0.5629482269287109,0.45831143856048584,0.5696541666984558,0.47789740562438965,0.5152422785758972,0.46270251274108887,0.5058959126472473,0.47170302271842957,0.553195059299469,0.4663432240486145,0.5055658221244812,0.4420722424983978,0.5630145072937012,0.5280448198318481,0.5280005931854248,0.5338225960731506,0.5588623285293579,0.582712709903717,0.5339560508728027,0.5913845300674438,0.5587446689605713,0.6334272623062134,0.532890796661377,0.6220035552978516
163,0.5343272686004639,0.44505566358566284,0.5618546009063721,0.4567210376262665,0.5598981380462646,0.47846513986587524,0.5162167549133301,0.4602571129798889,0.5034120082855225,0.46879279613494873,0.547513484954834,0.4658595323562622,0.5027663707733154,0.4419440031051636,0.5608254671096802,0.5269362330436707,0.5259943008422852,0.5400719046592712,0.5558218955993652,0.5846894383430481,0.5248392820358276,0.5969247221946716,0.5547453761100769,0.6333655118942261,0.5280704498291016,0.623077392578125
164,0.5338906049728394,0.44780728220939636,0.5626544952392578,0.4597196578979492,0.5587918758392334,0.47930821776390076,0.5189240574836731,0.46819114685058594,0.502212643623352,0.4716697931289673,0.5495402812957764,0.4654970169067383,0.4760017395019531,0.39550086855888367,0.5573731660842896,0.531491219997406,0.528232753276825,0.5350693464279175,0.5469281673431396,0.5861693620681763,0.5288815498352051,0.596264123916626,0.5543072819709778,0.6317983865737915,0.5297362208366394,0.6237210035324097
165,0.5367438793182373,0.44786641001701355,0.5645448565483093,0.4607257544994354,0.5633511543273926,0.4781299829483032,0.5163446664810181,0.4685388207435608,0.5030509233474731,0.4695414900779724,0.5534316301345825,0.46443185210227966,0.4746083915233612,0.3941453695297241,0.5581541061401367,0.5326439142227173,0.5261674523353577,0.5358759760856628,0.5496431589126587,0.5869026184082031,0.5312324166297913,0.5988858342170715,0.5529419779777527,0.631244421005249,0.5302289128303528,0.6244797706604004
166,0.5356772541999817,0.449789822101593,0.5701678991317749,0.46185433864593506,0.5759549140930176,0.4900209605693817,0.5104513168334961,0.46517807245254517,0.49931859970092773,0.47037336230278015,0.5557370185852051,0.46806201338768005,0.5015459060668945,0.4429803788661957,0.5621456503868103,0.5297557711601257,0.5218848586082458,0.5346733331680298,0.5514063239097595,0.582316517829895,0.5283839702606201,0.5922867059707642,0.55418860912323,0.6237193942070007,0.5278103351593018,0.6195668578147888
167,0.5389900207519531,0.45073169469833374,0.5779772996902466,0.46164268255233765,0.5879968404769897,0.4897417724132538,0.5080857276916504,0.46347421407699585,0.4952723979949951,0.4694826602935791,0.5585334300994873,0.48428162932395935,0.5003495216369629,0.4472794532775879,0.5654155611991882,0.5326348543167114,0.5191821455955505,0.5364046692848206,0.5576594471931458,0.585246205329895,0.5263193845748901,0.5988556146621704,0.5558062791824341,0.6296756863594055,0.5261363983154297,0.6230137348175049
168,0.535403311252594,0.45399221777915955,0.5746188163757324,0.4635791778564453,0.5854030251502991,0.4973878562450409,0.5126661658287048,0.46473222970962524,0.5030409097671509,0.4819433391094208,0.564539909362793,0.5162249803543091,0.5077966451644897,0.4602541923522949,0.5630817413330078,0.5400285124778748,0.5249385833740234,0.5468666553497314,0.5600697994232178,0.5908284187316895,0.5260145664215088,0.6000626087188721,0.5594658851623535,0.6353598833084106,0.5293358564376831,0.6246227025985718
169,0.5366383790969849,0.4570605456829071,0.5727154016494751,0.4669451415538788,0.585107684135437,0.500922441482544,0.5133916139602661,0.4676191806793213,0.5028671622276306,0.4834555387496948,0.5546201467514038,0.4823763072490692,0.5089396238327026,0.46165722608566284,0.5626256465911865,0.5395933389663696,0.5267734527587891,0.545867383480072,0.5560529232025146,0.59687340259552,0.5295628905296326,0.6059808731079102,0.559219241142273,0.6355897784233093,0.529865562915802,0.624130129814148
170,0.5362991094589233,0.45592933893203735,0.5751264095306396,0.4658814072608948,0.5863513946533203,0.49380868673324585,0.5110992789268494,0.46676117181777954,0.5024963617324829,0.4823235869407654,0.5560706853866577,0.4812450110912323,0.5075657963752747,0.45996540784835815,0.5619317293167114,0.5415067672729492,0.5243690609931946,0.5473601222038269,0.5566248893737793,0.5963315367698669,0.5286339521408081,0.6056521534919739,0.5596438646316528,0.6351431608200073,0.528628945350647,0.6234009265899658
171,0.536169171333313,0.45820483565330505,0.5756241679191589,0.468217670917511,0.5846031904220581,0.49066299200057983,0.5110644102096558,0.46864843368530273,0.5020722150802612,0.48125994205474854,0.5561802387237549,0.47738146781921387,0.5079850554466248,0.45816195011138916,0.5603320002555847,0.5434771776199341,0.5241720676422119,0.5491037368774414,0.5508951544761658,0.5989035964012146,0.5291138291358948,0.6058593988418579,0.5592265129089355,0.6344128847122192,0.5290122628211975,0.6231118440628052
172,0.5355184078216553,0.4612683951854706,0.5728323459625244,0.47299766540527344,0.5823143720626831,0.4921205937862396,0.5106782913208008,0.4733648896217346,0.49770304560661316,0.4682060182094574,0.5583473443984985,0.4755368232727051,0.49919217824935913,0.4384334683418274,0.560187578201294,0.5495487451553345,0.5208212733268738,0.5537022352218628,0.5506935715675354,0.6007046103477478,0.5284848213195801,0.6067142486572266,0.5584620833396912,0.6355509161949158,0.5274938344955444,0.6239784359931946
173,0.5387730598449707,0.46110281348228455,0.5727331638336182,0.4721776843070984,0.5824355483055115,0.49295076727867126,0.5096621513366699,0.4729500412940979,0.5003105401992798,0.48293113708496094,0.5586028695106506,0.4766448140144348,0.5077914595603943,0.45725879073143005,0.5591362118721008,0.5467178821563721,0.521088182926178,0.5534094572067261,0.5554354786872864,0.5976710915565491,0.5284106135368347,0.6054731607437134,0.5594192147254944,0.6358597874641418,0.5273225903511047,0.6241893768310547
174,0.5362424850463867,0.4569738805294037,0.5785912275314331,0.4646987318992615,0.585299551486969,0.49285969138145447,0.5093858242034912,0.46651625633239746,0.49752792716026306,0.4658277928829193,0.5565922260284424,0.4795231521129608,0.5078940391540527,0.46117013692855835,0.5623295307159424,0.5449655055999756,0.5221116542816162,0.5497344732284546,0.5583196878433228,0.6002215147018433,0.5282015204429626,0.6094558238983154,0.5595724582672119,0.63747638463974,0.5277979969978333,0.6258913278579712
175,0.5396624803543091,0.45257970690727234,0.5788865685462952,0.45893606543540955,0.5884290337562561,0.4921538233757019,0.5171312689781189,0.4674072861671448,0.5048994421958923,0.4802723526954651,0.5548722743988037,0.4820804297924042,0.5096930861473083,0.4630291163921356,0.5643652081489563,0.5403611660003662,0.5279217958450317,0.5463370084762573,0.5585958361625671,0.6001599431037903,0.5284851789474487,0.6105464100837708,0.5589374899864197,0.6344009637832642,0.5296209454536438,0.6235102415084839
176,0.5379546284675598,0.4501144587993622,0.5780848264694214,0.46004581451416016,0.5879366397857666,0.4948376417160034,0.5108147263526917,0.4621984362602234,0.4979427754878998,0.47294461727142334,0.5581362247467041,0.49045443534851074,0.5067133903503418,0.46169090270996094,0.5648511052131653,0.5372479557991028,0.5230941772460938,0.542908787727356,0.558211088180542,0.596267580986023,0.523927628993988,0.6059663891792297,0.5584009885787964,0.6311382055282593,0.5265688300132751,0.6217897534370422
177,0.5409581661224365,0.44974082708358765,0.573479950428009,0.4593231678009033,0.5840896964073181,0.4894140660762787,0.5137276649475098,0.46424782276153564,0.4992395341396332,0.4629778563976288,0.5514480471611023,0.4650021493434906,0.5005408525466919,0.4390404224395752,0.5634178519248962,0.5329662561416626,0.5234472751617432,0.5363609194755554,0.549784779548645,0.5899714231491089,0.5298287868499756,0.5991916656494141,0.5568086504936218,0.6298533082008362,0.5295212268829346,0.6188961267471313
178,0.5367669463157654,0.44712263345718384,0.5858303904533386,0.4495841860771179,0.5887810587882996,0.47972357273101807,0.507836103439331,0.4569709300994873,0.4914810061454773,0.4620780944824219,0.5508140921592712,0.4732639789581299,0.502618670463562,0.4541916847229004,0.5738345384597778,0.5278536081314087,0.5241970419883728,0.5320264101028442,0.5646070241928101,0.5823761224746704,0.5206989645957947,0.5945397615432739,0.5584730505943298,0.6276118755340576,0.5201724171638489,0.6124756336212158
179,0.531652569770813,0.4446101784706116,0.5854964256286621,0.44175291061401367,0.5878512859344482,0.47929617762565613,0.5014996528625488,0.451945960521698,0.4861699044704437,0.46339285373687744,0.5526098608970642,0.47582122683525085,0.5000432133674622,0.455522745847702,0.5698126554489136,0.5236440896987915,0.5146089792251587,0.5299012064933777,0.5489597320556641,0.5715970993041992,0.5164124369621277,0.5820701122283936,0.5533168315887451,0.6155384182929993,0.5203202962875366,0.6106499433517456
180,0.5398160219192505,0.4402112662792206,0.5848974585533142,0.4370703101158142,0.5884910821914673,0.47768092155456543,0.5165040493011475,0.45387911796569824,0.5034180879592896,0.4753727614879608,0.5544665455818176,0.46955567598342896,0.5044093132019043,0.4457028806209564,0.570911169052124,0.5268106460571289,0.5313401222229004,0.5324105620384216,0.5620434880256653,0.5839966535568237,0.5325468182563782,0.5923197269439697,0.5549584031105042,0.6298426389694214,0.5326372981071472,0.623650074005127
181,0.543095052242279,0.432664692401886,0.5704049468040466,0.4465636909008026,0.5851955413818359,0.4585350453853607,0.5349204540252686,0.45188412070274353,0.5118935108184814,0.46476995944976807,0.5548864006996155,0.43650680780410767,0.51267009973526,0.43190670013427734,0.5606829524040222,0.52534019947052,0.5391234159469604,0.5296044945716858,0.5492067933082581,0.5858865976333618,0.5415778160095215,0.5911942720413208,0.5567213296890259,0.6337289214134216,0.5417696237564087,0.6297870874404907
182,0.5443577766418457,0.426291823387146,0.5647622346878052,0.43743473291397095,0.5686559677124023,0.46686217188835144,0.5384565591812134,0.4438786506652832,0.5308548808097839,0.456393837928772,0.5462095141410828,0.4567510783672333,0.5130462646484375,0.43601489067077637,0.5566291809082031,0.5129966139793396,0.5438852310180664,0.5134815573692322,0.547562837600708,0.5760973691940308,0.5464187860488892,0.5820200443267822,0.5466484427452087,0.6326351165771484,0.5473560094833374,0.6288871765136719
183,0.5392652750015259,0.42628562450408936,0.5693814754486084,0.4405158460140228,0.5728445649147034,0.4694201350212097,0.5206623077392578,0.4470142722129822,0.5002415180206299,0.46741601824760437,0.5487232208251953,0.47564658522605896,0.5197816491127014,0.464631050825119,0.5618936419487,0.5206851959228516,0.5311068892478943,0.5255625247955322,0.5530248284339905,0.5848448276519775,0.5377459526062012,0.5886326432228088,0.5568376779556274,0.6345840692520142,0.5310284495353699,0.6253460049629211
184,0.5326876640319824,0.42148828506469727,0.5702323317527771,0.4332086741924286,0.5861113667488098,0.4415772557258606,0.5089553594589233,0.4396040439605713,0.4879721403121948,0.44878384470939636,0.5390387177467346,0.4330568015575409,0.4932895302772522,0.4118567407131195,0.5615634322166443,0.5176064968109131,0.5269948840141296,0.5209527015686035,0.5467592477798462,0.5764156579971313,0.5240634679794312,0.5820629596710205,0.5457272529602051,0.6338969469070435,0.5289344787597656,0.6240560412406921
185,0.534699559211731,0.4112498462200165,0.5881226062774658,0.41148480772972107,0.5971734523773193,0.4224446415901184,0.50212562084198,0.4211495518684387,0.48361676931381226,0.4277680814266205,0.5455828905105591,0.43412697315216064,0.5053978562355042,0.4336559474468231,0.5713114738464355,0.5037225484848022,0.5248454809188843,0.5167722702026367,0.5652070045471191,0.5616828203201294,0.5281749963760376,0.5681993961334229,0.5488027930259705,0.631070077419281,0.5318416357040405,0.6239974498748779
186,0.5401183366775513,0.409359872341156,0.56858891248703,0.4255748987197876,0.593053936958313,0.41868656873703003,0.5016988515853882,0.43680521845817566,0.5008272528648376,0.43136999011039734,0.6092215180397034,0.3492482304573059,0.5091906785964966,0.42981213331222534,0.5661643147468567,0.5340011119842529,0.522813618183136,0.5397350192070007,0.5493510961532593,0.5824781656265259,0.524786114692688,0.5883702039718628,0.536161482334137,0.6279852390289307,0.5272320508956909,0.6223129034042358
187,0.529704749584198,0.5385547280311584,0.5685780644416809,0.5614721775054932,0.5925604104995728,0.4193071126937866,0.505401074886322,0.5434170961380005,0.5078799724578857,0.4233328700065613,0.6088032126426697,0.35217487812042236,0.5174989700317383,0.4218205213546753,0.5611100196838379,0.5389248132705688,0.5176584720611572,0.5458982586860657,0.5493308901786804,0.5819997787475586,0.5240312814712524,0.5934228897094727,0.5416969060897827,0.6219519972801208,0.5242013931274414,0.6238735318183899
188,0.5535163283348083,0.40046918392181396,0.5941147208213806,0.42523670196533203,0.6059908866882324,0.3956681489944458,0.5278170704841614,0.43890148401260376,0.49211376905441284,0.39677780866622925,0.6022347211837769,0.3454952836036682,0.4845770001411438,0.34921497106552124,0.5653073787689209,0.529884934425354,0.5269789695739746,0.5343562364578247,0.5560483336448669,0.5857594013214111,0.5366640090942383,0.5954852104187012,0.5425804853439331,0.628386378288269,0.5308219194412231,0.623473048210144
189,0.5450979471206665,0.3908393085002899,0.5803701877593994,0.39958345890045166,0.601403534412384,0.3893556296825409,0.5315989851951599,0.4058374762535095,0.5143383741378784,0.3949819803237915,0.6020501255989075,0.33629584312438965,0.4789331555366516,0.3279182016849518,0.551059365272522,0.5052467584609985,0.5228848457336426,0.5091602802276611,0.541517972946167,0.574091911315918,0.5383886098861694,0.5918423533439636,0.5354642868041992,0.6256399750709534,0.5347134470939636,0.6234023571014404
190,0.54538494348526,0.3880176246166229,0.5811246037483215,0.4082145690917969,0.6020189523696899,0.37790894508361816,0.5184623003005981,0.40961402654647827,0.4906861484050751,0.3736583888530731,0.601038932800293,0.3311747908592224,0.4761678874492645,0.3132862448692322,0.5610712766647339,0.507879376411438,0.5224812626838684,0.5241502523422241,0.55486661195755,0.59572434425354,0.5338914394378662,0.6096598505973816,0.5396048426628113,0.6293687224388123,0.5296664834022522,0.6257752180099487
191,0.5561704635620117,0.3780193328857422,0.5906673073768616,0.39744266867637634,0.6021437048912048,0.3820139765739441,0.5354506969451904,0.40240931510925293,0.5185341835021973,0.3965846002101898,0.5985897779464722,0.3333602845668793,0.47250303626060486,0.2979327440261841,0.568047821521759,0.5085692405700684,0.5337744951248169,0.5130348205566406,0.5571433901786804,0.589322566986084,0.5351037383079529,0.5949164628982544,0.5418562293052673,0.6288379430770874,0.5316708087921143,0.6231299638748169
192,0.5578134059906006,0.36957013607025146,0.5986707210540771,0.3826061189174652,0.6056230068206787,0.36433881521224976,0.5263304710388184,0.39393696188926697,0.5044975280761719,0.3729567229747772,0.603000283241272,0.3171987533569336,0.47493481636047363,0.2856679856777191,0.5804397463798523,0.5108987092971802,0.5279494524002075,0.5130399465560913,0.5729672312736511,0.5876319408416748,0.5299478769302368,0.6081516742706299,0.5428456664085388,0.6384299993515015,0.5294073224067688,0.6341279745101929
193,0.5539975166320801,0.36088424921035767,0.5875745415687561,0.38108670711517334,0.5918147563934326,0.3754534423351288,0.5194953083992004,0.3825129270553589,0.4962960481643677,0.35522639751434326,0.5982034206390381,0.29848188161849976,0.47506508231163025,0.2926693558692932,0.5585346221923828,0.5017408728599548,0.5195807814598083,0.5052151679992676,0.5639635324478149,0.5781083703041077,0.531413197517395,0.5874443650245667,0.5487312078475952,0.6360733509063721,0.5287111401557922,0.6297438740730286
194,0.5534307956695557,0.3526173233985901,0.5833156108856201,0.3792966604232788,0.6009384393692017,0.36442655324935913,0.5183295011520386,0.37932345271110535,0.4987599551677704,0.3495193421840668,0.5988565683364868,0.29329079389572144,0.47627565264701843,0.2842750549316406,0.5562946200370789,0.503436267375946,0.5230453610420227,0.505119800567627,0.5561391115188599,0.5769309997558594,0.5341883897781372,0.5816437005996704,0.5497944951057434,0.6271200180053711,0.5357399582862854,0.6240694522857666
195,0.5613464117050171,0.3473048210144043,0.6056812405586243,0.3408389091491699,0.5968328714370728,0.35028132796287537,0.5236691236495972,0.3900265395641327,0.5241411924362183,0.3820807635784149,0.6102410554885864,0.28446194529533386,0.5420478582382202,0.3306610584259033,0.5685591101646423,0.5299105048179626,0.5316655039787292,0.5299798250198364,0.567024827003479,0.5956326127052307,0.5409293174743652,0.6012361645698547,0.5455451011657715,0.6384319067001343,0.531667947769165,0.6376281380653381
196,0.5503581166267395,0.354449599981308,0.5880603194236755,0.3748464584350586,0.5900595188140869,0.3739226460456848,0.5195230841636658,0.3802069425582886,0.49281954765319824,0.34230896830558777,0.553611695766449,0.3371930718421936,0.4628162980079651,0.26815617084503174,0.5678718090057373,0.5161422491073608,0.5290931463241577,0.5189387798309326,0.5645266771316528,0.5820032358169556,0.5415798425674438,0.5891951322555542,0.5482712388038635,0.6352861523628235,0.5407123565673828,0.6300355792045593
197,0.5333096981048584,0.5287701487541199,0.5515539646148682,0.533389151096344,0.5678853988647461,0.5545170903205872,0.5253438949584961,0.5329480171203613,0.5225650072097778,0.5507980585098267,0.5422680377960205,0.5771868824958801,0.5226988792419434,0.5733510255813599,0.5644826889038086,0.5636237263679504,0.5460280776023865,0.5666130185127258,0.5599629878997803,0.6033935546875,0.5382938385009766,0.5904042720794678,0.5553281307220459,0.632674515247345,0.5427457094192505,0.6282119154930115
198,0.496382474899292,0.49423298239707947,0.5049891471862793,0.4968063235282898,0.5555130243301392,0.5550210475921631,0.4775713086128235,0.49076446890830994,0.48501914739608765,0.5011404156684875,0.5647810697555542,0.5782440900802612,0.5191658139228821,0.5857622623443604,0.5393112897872925,0.5628096461296082,0.5124176740646362,0.5651780366897583,0.5239153504371643,0.589313805103302,0.5163115859031677,0.5983620882034302,0.5340892672538757,0.6254425644874573,0.5306805372238159,0.62458336353302
199,0.30595946311950684,0.5179362297058105,0.49825620651245117,0.5055617690086365,0.5316392779350281,0.5417046546936035,0.30970367789268494,0.5296341776847839,0.3159247636795044,0.5439740419387817,0.5441662073135376,0.5593728423118591,0.29924309253692627,0.3701978921890259,0.5547645688056946,0.569747805595398,0.5339109301567078,0.5725302696228027,0.5377723574638367,0.6074796319007874,0.51225346326828,0.6184230446815491,0.5580107569694519,0.637396514415741,0.5301907658576965,0.6367013454437256
200,0.8120768070220947,0.5175644755363464,0.4930576980113983,0.4945793151855469,0.5022205114364624,0.502656877040863,0.3062136173248291,0.5236442685127258,0.45641323924064636,0.4598226249217987,0.8271329402923584,0.5753036737442017,0.2986193597316742,0.37137722969055176,0.5354976654052734,0.5585060119628906,0.5103167295455933,0.5632237195968628,0.5110030174255371,0.5915548801422119,0.48184680938720703,0.6091635823249817,0.5209201574325562,0.6324670314788818,0.4409337043762207,0.6898433566093445
201,0.8135101795196533,0.5234865546226501,0.5032738447189331,0.5015600323677063,0.5566830039024353,0.5523242354393005,0.3066212236881256,0.52714604139328,0.3152751326560974,0.5410808324813843,0.5635735988616943,0.5795025825500488,0.29890596866607666,0.37086617946624756,0.5544216632843018,0.5660293698310852,0.5312610864639282,0.5697863101959229,0.5133044123649597,0.5946426391601562,0.5016361474990845,0.6207406520843506,0.5218853950500488,0.6356339454650879,0.44034963846206665,0.6899116039276123
202,0.5388672351837158,0.32203733921051025,0.5613489151000977,0.3319827616214752,0.5515520572662354,0.33209192752838135,0.5248693227767944,0.33399927616119385,0.5060829520225525,0.33480411767959595,0.5450185537338257,0.3268688917160034,0.5248132944107056,0.3280143141746521,0.5526205897331238,0.5420008301734924,0.5307765007019043,0.5450847148895264,0.5241243839263916,0.6041054725646973,0.5118730664253235,0.6160058975219727,0.531673789024353,0.6319605708122253,0.5281571745872498,0.6316471099853516
203,0.5336501598358154,0.3165929615497589,0.49542903900146484,0.4693286418914795,0.816963791847229,0.551184356212616,0.5001834630966187,0.491416871547699,0.8027874231338501,0.5454438328742981,0.8253599405288696,0.5750951170921326,0.30153048038482666,0.36856627464294434,0.5518339276313782,0.5577293634414673,0.5316615104675293,0.5621454119682312,0.5234716534614563,0.6025157570838928,0.5125110149383545,0.6158860921859741,0.5309717655181885,0.633324146270752,0.5292078256607056,0.6337090134620667
204,0.5411338806152344,0.322795033454895,0.5705543756484985,0.34099316596984863,0.819625735282898,0.5557947158813477,0.5269087553024292,0.34200984239578247,0.5100396275520325,0.33910131454467773,0.5535862445831299,0.3223849833011627,0.5331766605377197,0.3222044110298157,0.5374698638916016,0.5603373050689697,0.5278103947639465,0.5641502141952515,0.5099440813064575,0.6217024326324463,0.5013468265533447,0.6240592002868652,0.526394248008728,0.6402090787887573,0.4465233087539673,0.685386598110199
205,0.244845911860466,0.38606128096580505,0.3084559738636017,0.42778632044792175,0.3880762755870819,0.4624652862548828,0.2593557834625244,0.46576330065727234,0.27642813324928284,0.40173956751823425,0.3074207901954651,0.3645561933517456,0.3005850911140442,0.37674134969711304,0.33379679918289185,0.5912747383117676,0.32443416118621826,0.5943552255630493,0.30157336592674255,0.6907305121421814,0.3005811870098114,0.6913604140281677,0.30947816371917725,0.7285277247428894,0.2956085503101349,0.7223901748657227
206,0.5411933660507202,0.3150239586830139,0.570666491985321,0.33309897780418396,0.5549808740615845,0.3259878158569336,0.5255422592163086,0.3391572833061218,0.505984902381897,0.33036938309669495,0.5534504652023315,0.31354737281799316,0.5192762613296509,0.3171844482421875,0.5579147934913635,0.5607833862304688,0.5108176469802856,0.5663343667984009,0.5114939212799072,0.6273282170295715,0.44348928332328796,0.6603500247001648,0.5534239411354065,0.6361422538757324,0.44727712869644165,0.6862208247184753
207,0.5419391393661499,0.31712085008621216,0.5852265954017639,0.3355883061885834,0.5881896018981934,0.3348817527294159,0.5077790021896362,0.34083351492881775,0.490690678358078,0.30466875433921814,0.5758258700370789,0.3084561228752136,0.486569344997406,0.2624824345111847,0.5769054889678955,0.530500054359436,0.5093882083892822,0.539687991142273,0.5600124001502991,0.6213076114654541,0.4471477270126343,0.6608715653419495,0.5552254319190979,0.6420276165008545,0.5433293581008911,0.6428521871566772
208,0.24287471175193787,0.37472623586654663,0.3131294846534729,0.4183959364891052,0.38213419914245605,0.35988742113113403,0.25962409377098083,0.42530953884124756,0.27276766300201416,0.36579620838165283,0.4855465292930603,0.25436559319496155,0.29566431045532227,0.3429079055786133,0.3478100001811981,0.5874699354171753,0.3058561682701111,0.590715765953064,0.29929864406585693,0.6973114013671875,0.2829224765300751,0.6964865922927856,0.30983495712280273,0.7412196397781372,0.2798394560813904,0.7207414507865906
209,0.549376368522644,0.32040274143218994,0.5903664231300354,0.3395196199417114,0.5784707069396973,0.3351789116859436,0.5162861943244934,0.3446127772331238,0.503212571144104,0.33361193537712097,0.5781497955322266,0.30593329668045044,0.5124880075454712,0.30052250623703003,0.5789690017700195,0.5205768346786499,0.5352019667625427,0.5360718965530396,0.5648831129074097,0.6186419725418091,0.5457383394241333,0.6210450530052185,0.5616150498390198,0.6358821988105774,0.550478458404541,0.6448656320571899
210,0.5543203353881836,0.3183167278766632,0.5925521850585938,0.3383732736110687,0.5750712156295776,0.3356019854545593,0.5269280672073364,0.34021708369255066,0.505571722984314,0.3319122791290283,0.5595716238021851,0.3093731105327606,0.5130935907363892,0.3009732961654663,0.596680760383606,0.5390605926513672,0.536232590675354,0.5424771308898926,0.5649901628494263,0.6194337010383606,0.5461537837982178,0.6215485334396362,0.562084436416626,0.6383622884750366,0.5505880117416382,0.6393082141876221
211,0.5519458055496216,0.31777456402778625,0.5378804206848145,0.47015708684921265,0.556152880191803,0.3305298388004303,0.5330899357795715,0.3404485881328583,0.5132104754447937,0.32850614190101624,0.5546553134918213,0.2954261898994446,0.5348925590515137,0.2963348627090454,0.5777193903923035,0.5405822992324829,0.55181485414505,0.5442685484886169,0.5618759393692017,0.6215899586677551,0.5173813104629517,0.6290062069892883,0.5604816675186157,0.6407095193862915,0.5519112944602966,0.640680730342865
212,0.5528823137283325,0.32083094120025635,0.5390399098396301,0.4637591540813446,0.5687664747238159,0.3369389772415161,0.5322151780128479,0.3421589732170105,0.5117496252059937,0.331646203994751,0.5532881617546082,0.29631754755973816,0.5334362983703613,0.29689040780067444,0.5743749737739563,0.5228095054626465,0.5496108531951904,0.5369179844856262,0.5605342984199524,0.6175253987312317,0.5490538477897644,0.6192622780799866,0.5583794116973877,0.6374921798706055,0.5517420172691345,0.6377076506614685
213,0.5519694089889526,0.31918931007385254,0.5367578268051147,0.46630439162254333,0.5561568737030029,0.33064061403274536,0.5326241254806519,0.34088295698165894,0.511395275592804,0.3298580050468445,0.5529398918151855,0.2960873246192932,0.5327662825584412,0.2968493700027466,0.5756582617759705,0.5346792936325073,0.5502212047576904,0.53872150182724,0.5579118132591248,0.6182411313056946,0.5176140666007996,0.6263197660446167,0.5574792623519897,0.6376399397850037,0.5520197153091431,0.6373608708381653
214,0.5526368618011475,0.3208901286125183,0.5845209360122681,0.3423158526420593,0.5706771612167358,0.337868332862854,0.5314234495162964,0.34302282333374023,0.5105197429656982,0.3320086598396301,0.5535998344421387,0.29718393087387085,0.5321827530860901,0.2979222536087036,0.5738670825958252,0.519434928894043,0.5494260787963867,0.5341312289237976,0.558795690536499,0.618319571018219,0.5490622520446777,0.6202194690704346,0.5572957992553711,0.6385756731033325,0.552479088306427,0.6386178731918335
215,0.5521965026855469,0.3209526836872101,0.5927517414093018,0.3385830521583557,0.5864089131355286,0.34175407886505127,0.5240250825881958,0.34475719928741455,0.4942138195037842,0.3104721009731293,0.5804613828659058,0.30462998151779175,0.4899587035179138,0.26424869894981384,0.5742079615592957,0.49941155314445496,0.530430793762207,0.504219651222229,0.5769694447517395,0.6138154864311218,0.5340672731399536,0.6218011379241943,0.5607470273971558,0.6405181884765625,0.5470672249794006,0.6377816200256348
216,0.22631603479385376,0.38157933950424194,0.27888941764831543,0.4422341585159302,0.29200994968414307,0.3933296799659729,0.27792108058929443,0.443034827709198,0.303882896900177,0.39647233486175537,0.3073909282684326,0.3694954812526703,0.30511295795440674,0.3691396713256836,0.3253660202026367,0.5878665447235107,0.3265422284603119,0.5900644659996033,0.2986971139907837,0.6924578547477722,0.2984617352485657,0.6762129664421082,0.29598483443260193,0.7250187397003174,0.2989107072353363,0.7225247621536255
217,0.8151772022247314,0.527765154838562,0.8202972412109375,0.5396355986595154,0.819541871547699,0.5562434792518616,0.8143329620361328,0.5389818549156189,0.8079336881637573,0.5532780885696411,0.8196389079093933,0.5830632448196411,0.8150345683097839,0.5812903642654419,0.8175468444824219,0.5853124856948853,0.8141026496887207,0.5788452625274658,0.8122007846832275,0.5909777879714966,0.8035392761230469,0.5925103425979614,0.8118197321891785,0.6304244995117188,0.8079950213432312,0.6301645636558533
218,0.8148805499076843,0.5280987620353699,0.8202361464500427,0.5400880575180054,0.8197569251060486,0.5564110279083252,0.814058244228363,0.5392690300941467,0.8077187538146973,0.5535388588905334,0.8197076320648193,0.5836167931556702,0.814786434173584,0.5816705226898193,0.8178486824035645,0.5859440565109253,0.8122638463973999,0.58665931224823,0.8107652068138123,0.6059613227844238,0.8012489676475525,0.6028131246566772,0.811600387096405,0.6314433217048645,0.8076977133750916,0.6309959888458252
219,0.8142627477645874,0.5284608602523804,0.8202440738677979,0.5398158431053162,0.8192383646965027,0.5565793514251709,0.8134667873382568,0.5397384166717529,0.8081797957420349,0.5536183714866638,0.8196885585784912,0.5829105973243713,0.815342128276825,0.5811248421669006,0.8146214485168457,0.5841509103775024,0.8116689920425415,0.5870645046234131,0.8122619986534119,0.5920276045799255,0.8027437925338745,0.6027435660362244,0.8116111159324646,0.6307824850082397,0.8091413974761963,0.6341514587402344
220,0.8136909008026123,0.5284743309020996,0.8198224306106567,0.5398110747337341,0.8188612461090088,0.5565259456634521,0.8134051561355591,0.5403029322624207,0.8080209493637085,0.5535844564437866,0.819535493850708,0.5829949378967285,0.8155138492584229,0.5812873840332031,0.8137664198875427,0.5840613842010498,0.807854413986206,0.585610568523407,0.811906099319458,0.5918948650360107,0.8021583557128906,0.6023498773574829,0.8119789958000183,0.6301311254501343,0.8091696500778198,0.633542001247406
221,0.8138892650604248,0.5292776226997375,0.5047162175178528,0.49869129061698914,0.8191925883293152,0.5555613040924072,0.5138418674468994,0.4994700849056244,0.8081018328666687,0.5527306199073792,0.8197519779205322,0.5824862718582153,0.47616368532180786,0.2498587816953659,0.5577044486999512,0.5762908458709717,0.5537313222885132,0.5793638825416565,0.518113374710083,0.6275102496147156,0.5123708248138428,0.6296519041061401,0.555608868598938,0.638811469078064,0.5529254674911499,0.6382657885551453
222,0.8136515617370605,0.5275822877883911,0.8192288279533386,0.539673924446106,0.8189010620117188,0.5566880702972412,0.8133549094200134,0.5400165915489197,0.8075183629989624,0.5539366006851196,0.8196091055870056,0.5835863351821899,0.8151766061782837,0.5816392302513123,0.8121198415756226,0.5838109254837036,0.8119907379150391,0.5870487689971924,0.811053991317749,0.6046897768974304,0.8009160757064819,0.6017239093780518,0.8126499652862549,0.6292030811309814,0.8088206648826599,0.6291087865829468
223,0.2394886016845703,0.37770211696624756,0.29453983902931213,0.4230289161205292,0.35596638917922974,0.3733918070793152,0.25876080989837646,0.4286174476146698,0.271383136510849,0.370026171207428,0.3061975836753845,0.3614897131919861,0.29491686820983887,0.34323832392692566,0.3300524652004242,0.5892937183380127,0.30634593963623047,0.6073460578918457,0.2991962730884552,0.6979607939720154,0.28573551774024963,0.6964441537857056,0.31133997440338135,0.7399686574935913,0.28502482175827026,0.7174050807952881
224,0.8137987852096558,0.5273075103759766,0.8192429542541504,0.5392270684242249,0.8188187479972839,0.5574320554733276,0.8135824203491211,0.5395067930221558,0.8078916072845459,0.5546028017997742,0.819572389125824,0.5839866399765015,0.8151577711105347,0.58221834897995,0.812645673751831,0.5837161540985107,0.812330961227417,0.5870591402053833,0.8109251260757446,0.6045690774917603,0.8016515970230103,0.6013928651809692,0.8121492266654968,0.6295292377471924,0.8088247776031494,0.6294189095497131
225,0.2397015541791916,0.3783692717552185,0.2927054762840271,0.4236094355583191,0.3542884290218353,0.3845467269420624,0.25964751839637756,0.428831547498703,0.27103391289711,0.38114768266677856,0.3030564785003662,0.36235007643699646,0.28861746191978455,0.36324235796928406,0.3270860016345978,0.6062532663345337,0.3058662414550781,0.6079320907592773,0.2957558035850525,0.6801059246063232,0.2668300271034241,0.6805816888809204,0.30972081422805786,0.7387199401855469,0.28439459204673767,0.7161064147949219
226,0.23959819972515106,0.3794252276420593,0.2933318018913269,0.42456719279289246,0.35367608070373535,0.38649147748947144,0.25866544246673584,0.44332560896873474,0.27119362354278564,0.3830460011959076,0.30439406633377075,0.36221450567245483,0.30046170949935913,0.3673580288887024,0.3260159492492676,0.6068028211593628,0.3045298159122467,0.6087696552276611,0.29533708095550537,0.6816068887710571,0.26614731550216675,0.6823198795318604,0.30965888500213623,0.7387747764587402,0.2847018837928772,0.7166654467582703
227,0.8136482238769531,0.5257666110992432,0.8191400766372681,0.5366488695144653,0.8201448917388916,0.5515196323394775,0.808942973613739,0.5366254448890686,0.8074509501457214,0.5487476587295532,0.8205401301383972,0.578943133354187,0.8163516521453857,0.5770626664161682,0.8167972564697266,0.5845247507095337,0.8109585046768188,0.5849092602729797,0.8115851283073425,0.5910221338272095,0.8023308515548706,0.6005005836486816,0.813805103302002,0.6284943222999573,0.8098499178886414,0.6284313797950745
228,0.8173419237136841,0.5284820795059204,0.8238248229026794,0.538764238357544,0.8243697881698608,0.5555895566940308,0.8128294944763184,0.5398114919662476,0.8074745535850525,0.5496782660484314,0.820624828338623,0.5818728804588318,0.8170381784439087,0.5781219005584717,0.8200744986534119,0.5886235237121582,0.8128816485404968,0.5889187455177307,0.8127098083496094,0.6081562042236328,0.8033254146575928,0.6057153940200806,0.8133593797683716,0.6449666023254395,0.8099882006645203,0.6332183480262756
229,0.8162633180618286,0.5274402499198914,0.8227636218070984,0.5375472903251648,0.8237802982330322,0.5546406507492065,0.8125407695770264,0.5360895395278931,0.8050343990325928,0.5471080541610718,0.8198932409286499,0.5819730758666992,0.8139121532440186,0.5791953206062317,0.8191845417022705,0.5869268774986267,0.8066951036453247,0.5844881534576416,0.8111310005187988,0.6059107780456543,0.8003301024436951,0.6026281714439392,0.8107963800430298,0.6449249982833862,0.8062536716461182,0.6458877325057983
230,0.8179950714111328,0.5262014269828796,0.8234841227531433,0.5387383103370667,0.8250160217285156,0.5566797852516174,0.8146482706069946,0.5375410318374634,0.8073909282684326,0.5491125583648682,0.820966899394989,0.5832886695861816,0.8173391222953796,0.5780845880508423,0.8220939040184021,0.5870604515075684,0.8161479830741882,0.5796610116958618,0.8146440982818604,0.6051069498062134,0.8023543357849121,0.6020327806472778,0.8171373605728149,0.6280280351638794,0.8126342296600342,0.6282997727394104
231,0.5586069822311401,0.32172608375549316,0.5971835851669312,0.33924970030784607,0.5936232805252075,0.34240084886550903,0.5156546235084534,0.3418201208114624,0.49926862120628357,0.32833436131477356,0.5869823694229126,0.31261777877807617,0.508959174156189,0.3022769093513489,0.5978747606277466,0.5089569091796875,0.5351036190986633,0.5092008113861084,0.5972265005111694,0.6055312752723694,0.5501230955123901,0.6241796016693115,0.5613690614700317,0.6424529552459717,0.5499282479286194,0.643518328666687
232,0.8181272745132446,0.5278981924057007,0.824184775352478,0.5403727293014526,0.8244966268539429,0.5573761463165283,0.8146849870681763,0.5379711985588074,0.8083081245422363,0.5493600368499756,0.8204296827316284,0.58306485414505,0.8170360326766968,0.5785001516342163,0.8210413455963135,0.5881094932556152,0.8146532773971558,0.5883761644363403,0.8128547668457031,0.6071593761444092,0.8059090971946716,0.6040307283401489,0.8141767382621765,0.6316693425178528,0.8102500438690186,0.6312294006347656
233,0.8175143003463745,0.5260201692581177,0.8242716789245605,0.5389890670776367,0.8243088126182556,0.5547447204589844,0.8137725591659546,0.5361031293869019,0.8091763854026794,0.5472802519798279,0.8196906447410583,0.5800501108169556,0.8167808055877686,0.5756938457489014,0.8201600909233093,0.5864536762237549,0.8150475025177002,0.5781881213188171,0.8116447329521179,0.607066810131073,0.8064143657684326,0.6036233305931091,0.8102419376373291,0.6455102562904358,0.809010922908783,0.6320638656616211
234,0.8161383867263794,0.5257899761199951,0.8218115568161011,0.5395504236221313,0.8201587200164795,0.5535574555397034,0.8148903250694275,0.5381388068199158,0.8060314059257507,0.5493270754814148,0.8186007738113403,0.5815036296844482,0.812860369682312,0.578864336013794,0.8190172910690308,0.5852530002593994,0.8152192831039429,0.5785857439041138,0.8110285997390747,0.6055127382278442,0.7985235452651978,0.6017531156539917,0.8092563152313232,0.6449931859970093,0.8075270056724548,0.6323550939559937
235,0.2346176952123642,0.4652249813079834,0.28894323110580444,0.4910513758659363,0.3149470090866089,0.508057713508606,0.25977471470832825,0.4895917773246765,0.25649040937423706,0.4923257827758789,0.30668047070503235,0.5639439225196838,0.2900368273258209,0.5499340295791626,0.324097603559494,0.5697046518325806,0.3183765411376953,0.5713431239128113,0.3029497265815735,0.6087055802345276,0.27879980206489563,0.6094556450843811,0.3108351528644562,0.6060047149658203,0.2812705636024475,0.6521583795547485
236,0.5235635638237,0.4656704366207123,0.5266820192337036,0.4727572798728943,0.5304247736930847,0.495723694562912,0.5214888453483582,0.4685031771659851,0.5119937658309937,0.48035669326782227,0.5808660984039307,0.5461875200271606,0.5131831765174866,0.48558831214904785,0.5736417770385742,0.5379805564880371,0.5495301485061646,0.5270051956176758,0.5474145412445068,0.5644364356994629,0.5435715913772583,0.5645276308059692,0.5573429465293884,0.6305333971977234,0.554951012134552,0.628642201423645
237,0.496735155582428,0.48686739802360535,0.5376982092857361,0.4994443356990814,0.5164601802825928,0.49065494537353516,0.506725013256073,0.4897920489311218,0.5101506114006042,0.48201489448547363,0.5833841562271118,0.550335168838501,0.5119017958641052,0.49652713537216187,0.5536863803863525,0.5291639566421509,0.5488616824150085,0.5301731824874878,0.541866660118103,0.5605318546295166,0.5352418422698975,0.5608592629432678,0.5488743782043457,0.6365330815315247,0.5311886072158813,0.6372098922729492
238,0.545676052570343,0.3199377655982971,0.5785366892814636,0.3388148248195648,0.6012604236602783,0.35392749309539795,0.5230219960212708,0.33809125423431396,0.5043880939483643,0.3469674289226532,0.5886626243591309,0.3479350209236145,0.49988555908203125,0.3507450222969055,0.5620731115341187,0.4565616846084595,0.5349645018577576,0.45408666133880615,0.5486307144165039,0.5233634114265442,0.528863787651062,0.5029494166374207,0.5586363077163696,0.6337347030639648,0.549115777015686,0.5989576578140259
239,0.5540578961372375,0.3240579664707184,0.5921472907066345,0.3563868999481201,0.6098275184631348,0.3651302456855774,0.5220619440078735,0.35333508253097534,0.5021939277648926,0.3699829578399658,0.5933266878128052,0.3417701721191406,0.5025545358657837,0.3468787670135498,0.5941356420516968,0.5025118589401245,0.5475344657897949,0.5029675364494324,0.6030932664871216,0.5645649433135986,0.5512209534645081,0.5715628862380981,0.5639564990997314,0.6326019763946533,0.5493199825286865,0.6317456364631653
240,0.5632196664810181,0.32771992683410645,0.5944163799285889,0.36373305320739746,0.6113967895507812,0.3766222894191742,0.5160155892372131,0.36274659633636475,0.49303683638572693,0.3791353106498718,0.5821128487586975,0.3257039785385132,0.5125510692596436,0.3433271646499634,0.5845376253128052,0.49153512716293335,0.5277836918830872,0.4949573278427124,0.6014087200164795,0.5684226751327515,0.5495165586471558,0.5795144438743591,0.5727907419204712,0.6402885913848877,0.5515902638435364,0.6384110450744629
241,0.5672366619110107,0.32341626286506653,0.5923908352851868,0.3582230508327484,0.6122150421142578,0.3824644982814789,0.5173686742782593,0.35200056433677673,0.49782079458236694,0.37898802757263184,0.5829019546508789,0.33125022053718567,0.517087459564209,0.3447239398956299,0.5806793570518494,0.4848279654979706,0.5256497263908386,0.4843350052833557,0.5902799367904663,0.5611066818237305,0.5460397601127625,0.5608121156692505,0.580485463142395,0.64137202501297,0.5493654608726501,0.6424239873886108
242,0.5610107779502869,0.322447270154953,0.5922509431838989,0.3584470748901367,0.6127287745475769,0.3823455572128296,0.5166053771972656,0.34992024302482605,0.5059016942977905,0.3814835548400879,0.5960899591445923,0.3541024923324585,0.5096074342727661,0.35098692774772644,0.5785913467407227,0.47892433404922485,0.5309253334999084,0.4794297218322754,0.5935080647468567,0.5556499361991882,0.5426000356674194,0.5552020072937012,0.5801771879196167,0.6386958360671997,0.5490692853927612,0.6445701122283936
243,0.5641790628433228,0.31867843866348267,0.591553270816803,0.35584697127342224,0.6110086441040039,0.3863764703273773,0.5176099538803101,0.35303160548210144,0.5012377500534058,0.37607476115226746,0.5854049324989319,0.3436468243598938,0.5054929256439209,0.354470431804657,0.576894223690033,0.47861215472221375,0.5276573896408081,0.4796832203865051,0.5898810625076294,0.560254693031311,0.5421900749206543,0.5545241832733154,0.5809226036071777,0.6389597654342651,0.5475746989250183,0.6450064182281494
244,0.559419572353363,0.32164931297302246,0.5918483734130859,0.35770684480667114,0.60561203956604,0.38881373405456543,0.5210130214691162,0.35566407442092896,0.4975322186946869,0.37675198912620544,0.5928018093109131,0.35662728548049927,0.5049084424972534,0.36174076795578003,0.5771842002868652,0.47854089736938477,0.5268997550010681,0.478556364774704,0.5891051292419434,0.5603158473968506,0.5418320894241333,0.5557553172111511,0.5792469382286072,0.6400554776191711,0.5479908585548401,0.6452994346618652
245,0.5608282089233398,0.32053709030151367,0.5878852605819702,0.35449475049972534,0.6080564260482788,0.3928341567516327,0.5226240158081055,0.3574903607368469,0.5014221668243408,0.39062339067459106,0.5910297632217407,0.3585192859172821,0.501111626625061,0.36923977732658386,0.5820110440254211,0.4776093363761902,0.5245704650878906,0.4758293628692627,0.5895110368728638,0.5522376298904419,0.5462438464164734,0.5523167848587036,0.5786451101303101,0.6374503374099731,0.5432953834533691,0.6428332328796387
246,0.560465395450592,0.32025042176246643,0.5863910913467407,0.3570058345794678,0.6068923473358154,0.3956620693206787,0.5197692513465881,0.3577308654785156,0.5036007165908813,0.39007484912872314,0.5939668416976929,0.37072938680648804,0.5131615400314331,0.3724682033061981,0.5775975584983826,0.4784422516822815,0.5263760089874268,0.47678622603416443,0.5916669368743896,0.5568652153015137,0.5411839485168457,0.5530351400375366,0.5813788175582886,0.637263298034668,0.5474491715431213,0.6437731981277466
247,0.5574658513069153,0.323808491230011,0.5831712484359741,0.3544590473175049,0.6035555601119995,0.3912990093231201,0.5209479928016663,0.35536569356918335,0.5079318284988403,0.3882834315299988,0.5927320718765259,0.3715522289276123,0.5180355906486511,0.3778338134288788,0.5808681845664978,0.4732661843299866,0.528688907623291,0.47236403822898865,0.5894818305969238,0.5538525581359863,0.5470003485679626,0.5518618226051331,0.5785933136940002,0.6363382935523987,0.549900472164154,0.6407428979873657
248,0.5562275648117065,0.3228113353252411,0.5828772187232971,0.3544432818889618,0.6014893651008606,0.3935414254665375,0.5186274647712708,0.35367733240127563,0.5084071159362793,0.3906472623348236,0.5863960981369019,0.36464521288871765,0.5171806812286377,0.38209423422813416,0.57974773645401,0.47617316246032715,0.5272413492202759,0.47490352392196655,0.5861260294914246,0.5558862090110779,0.5482827425003052,0.5518307089805603,0.5773288607597351,0.6368830800056458,0.5463970303535461,0.6430364847183228
249,0.5538595914840698,0.32360702753067017,0.5813694000244141,0.3589157462120056,0.6008988618850708,0.4010661244392395,0.5162574648857117,0.3584960103034973,0.505104124546051,0.4005874991416931,0.5952483415603638,0.3737621307373047,0.4986589550971985,0.4138057827949524,0.57939612865448,0.4774220585823059,0.5263705253601074,0.47612473368644714,0.5856369137763977,0.5531405210494995,0.5458993911743164,0.5524699687957764,0.5757328271865845,0.6383383870124817,0.5457006692886353,0.6429198980331421
250,0.5592968463897705,0.3234792649745941,0.5809101462364197,0.3646470308303833,0.5999289751052856,0.4093662202358246,0.518726110458374,0.3641689717769623,0.5097951292991638,0.4134097695350647,0.5975615978240967,0.3805009722709656,0.5076570510864258,0.43602454662323,0.5798834562301636,0.4818132519721985,0.5282460451126099,0.4796496331691742,0.5867689847946167,0.5546571016311646,0.5426844358444214,0.5517880916595459,0.5751941204071045,0.6380495429039001,0.5479725003242493,0.6389966011047363
251,0.5594896674156189,0.32420599460601807,0.5805624723434448,0.365759015083313,0.6000840663909912,0.414521187543869,0.5157691240310669,0.364977091550827,0.5054699778556824,0.41719889640808105,0.5972162485122681,0.3814217746257782,0.5076553821563721,0.4514412581920624,0.5771118402481079,0.48480531573295593,0.5266231894493103,0.48287901282310486,0.5831526517868042,0.5569078922271729,0.5406540632247925,0.5542277097702026,0.5747824907302856,0.639528214931488,0.5432836413383484,0.6409600973129272
252,0.5576977133750916,0.32209688425064087,0.5800613164901733,0.3636787533760071,0.5975780487060547,0.4123208522796631,0.514736533164978,0.366951584815979,0.5037762522697449,0.41805896162986755,0.5945095419883728,0.3852967917919159,0.49634331464767456,0.4644387364387512,0.5751713514328003,0.4905484616756439,0.5253243446350098,0.4894145131111145,0.5779635906219482,0.5582886934280396,0.5346537232398987,0.5587450265884399,0.5704262256622314,0.6397989392280579,0.5429945588111877,0.6444791555404663
253,0.5615570545196533,0.3211985230445862,0.5817098021507263,0.3612215518951416,0.5997958779335022,0.40502405166625977,0.5132289528846741,0.3638395071029663,0.5052248239517212,0.414997398853302,0.5961976051330566,0.3849230408668518,0.5005630254745483,0.4672194719314575,0.5769058465957642,0.4881638288497925,0.5245801210403442,0.4870053231716156,0.5835227966308594,0.5583178400993347,0.5371768474578857,0.5587060451507568,0.5743803977966309,0.63791823387146,0.5430624485015869,0.6412364840507507
254,0.5611532926559448,0.32234567403793335,0.5807198286056519,0.36190348863601685,0.5995643138885498,0.40550583600997925,0.513587236404419,0.3641427755355835,0.5070429444313049,0.41628575325012207,0.5967025756835938,0.3828530013561249,0.5013447999954224,0.46804314851760864,0.5788061022758484,0.48682913184165955,0.5265591144561768,0.4856805205345154,0.5858123302459717,0.5562176704406738,0.5397252440452576,0.5571840405464172,0.575444221496582,0.6370384693145752,0.5440502166748047,0.6401381492614746
255,0.5592138767242432,0.3230016231536865,0.5801148414611816,0.3629380166530609,0.5991489291191101,0.4075583815574646,0.5147127509117126,0.3651524484157562,0.5064395666122437,0.4166668653488159,0.5914629697799683,0.4010695815086365,0.49976325035095215,0.4621812701225281,0.5801069140434265,0.4872470498085022,0.5274965763092041,0.48518943786621094,0.5859591960906982,0.5559386014938354,0.5405422449111938,0.5559290051460266,0.5748416781425476,0.6388721466064453,0.5432305932044983,0.641229510307312
256,0.5594052076339722,0.322098046541214,0.5793120265007019,0.36322659254074097,0.5991888046264648,0.40751513838768005,0.5150499939918518,0.36428770422935486,0.509038507938385,0.41567540168762207,0.5943970680236816,0.3828582167625427,0.5014674663543701,0.46142932772636414,0.5812127590179443,0.4868874251842499,0.5284738540649414,0.48498913645744324,0.5882315039634705,0.5551853179931641,0.5407371520996094,0.5547524094581604,0.5776289701461792,0.6386466026306152,0.544082522392273,0.641516923904419
257,0.558937668800354,0.3238377571105957,0.5792026519775391,0.3652862310409546,0.5994354486465454,0.40827155113220215,0.5158153176307678,0.3666081130504608,0.5085099339485168,0.41640815138816833,0.5939550399780273,0.3814931809902191,0.4990399479866028,0.4592873752117157,0.580661416053772,0.48794206976890564,0.5284904837608337,0.48593875765800476,0.5864853262901306,0.5551414489746094,0.5398181676864624,0.5537111759185791,0.5760869979858398,0.6402484774589539,0.5426265001296997,0.6426316499710083
258,0.5595439672470093,0.3233965039253235,0.5789900422096252,0.365607351064682,0.6001825928688049,0.41414475440979004,0.5159151554107666,0.36721575260162354,0.5086259841918945,0.4176728129386902,0.5958083271980286,0.38107725977897644,0.4944830536842346,0.46081849932670593,0.5807541012763977,0.48734042048454285,0.5289495587348938,0.4857792258262634,0.5866478085517883,0.5542653203010559,0.5408058166503906,0.5537228584289551,0.5755857229232788,0.6395221948623657,0.542016863822937,0.6418790221214294
259,0.5596145391464233,0.3229258954524994,0.5786191821098328,0.36427173018455505,0.5997375249862671,0.4093678891658783,0.5160205960273743,0.36691558361053467,0.5083150267601013,0.41803571581840515,0.5956372618675232,0.38120242953300476,0.4897235631942749,0.46004045009613037,0.580296516418457,0.48759278655052185,0.5288756489753723,0.4860759377479553,0.5858893990516663,0.5539895296096802,0.5405876636505127,0.553191602230072,0.5745258331298828,0.6395443081855774,0.5413152575492859,0.6418834924697876
260,0.5597954988479614,0.3226858973503113,0.5785375833511353,0.36462676525115967,0.599325954914093,0.40804487466812134,0.5160104036331177,0.36677074432373047,0.5079690217971802,0.4159266948699951,0.5950964689254761,0.380969375371933,0.4868873953819275,0.4581877589225769,0.5791516304016113,0.4866220951080322,0.5284945368766785,0.48513519763946533,0.5840531587600708,0.5529547929763794,0.5399923324584961,0.55199134349823,0.5734931826591492,0.6392682194709778,0.5416661500930786,0.641446590423584
261,0.5599530935287476,0.3231236934661865,0.5785900354385376,0.3648298978805542,0.5990606546401978,0.40808022022247314,0.5157468914985657,0.3670390844345093,0.5082923173904419,0.4162777364253998,0.5948526859283447,0.38008829951286316,0.4925346374511719,0.46452420949935913,0.5788835287094116,0.486799955368042,0.5280699729919434,0.4856024980545044,0.583973228931427,0.5530363321304321,0.5388653874397278,0.5518383979797363,0.5737372040748596,0.6394531726837158,0.5442168712615967,0.6419159770011902
262,0.5612272620201111,0.3226933479309082,0.5792685747146606,0.3654690682888031,0.5989896655082703,0.40703925490379333,0.5165871381759644,0.36691638827323914,0.5082015991210938,0.41409969329833984,0.5943310260772705,0.3819080591201782,0.4927107095718384,0.46413499116897583,0.578841507434845,0.4879116415977478,0.5284214615821838,0.4863984286785126,0.5819341540336609,0.5527964234352112,0.5380845069885254,0.5519005656242371,0.5729203820228577,0.6386737823486328,0.5439033508300781,0.6414545774459839
263,0.5595589876174927,0.3222079873085022,0.5795434713363647,0.36345893144607544,0.5983296632766724,0.40579068660736084,0.5149227380752563,0.36546260118484497,0.5065547227859497,0.41209113597869873,0.5931422710418701,0.3818908631801605,0.4856254458427429,0.4574975371360779,0.5785317420959473,0.48711246252059937,0.527454674243927,0.485622376203537,0.5835068225860596,0.5535566210746765,0.5365837812423706,0.5528374910354614,0.5740161538124084,0.6384657621383667,0.5422301292419434,0.6406160593032837
264,0.557643473148346,0.32575270533561707,0.5783928036689758,0.3676477372646332,0.5995280146598816,0.4164468050003052,0.5149354934692383,0.3710710406303406,0.5080888271331787,0.42213138937950134,0.5944379568099976,0.3958359360694885,0.48871374130249023,0.47041580080986023,0.575839638710022,0.4874442517757416,0.5324933528900146,0.4884014129638672,0.5917436480522156,0.5588836669921875,0.5413368940353394,0.5592999458312988,0.5783685445785522,0.64142245054245,0.5458296537399292,0.6431793570518494
265,0.5576192140579224,0.3248225748538971,0.5787835717201233,0.36681437492370605,0.5996279716491699,0.41624021530151367,0.5151921510696411,0.368602991104126,0.5073780417442322,0.41939398646354675,0.595526397228241,0.3968040347099304,0.4928843379020691,0.471962571144104,0.5752148628234863,0.48636752367019653,0.5314556360244751,0.48650461435317993,0.5910901427268982,0.5585693120956421,0.543051540851593,0.5579474568367004,0.5774263739585876,0.6403696537017822,0.5439288020133972,0.6422766447067261
266,0.5600194931030273,0.3247474431991577,0.5787435173988342,0.3663577437400818,0.6006453037261963,0.4172235131263733,0.5149465799331665,0.36887192726135254,0.5073680877685547,0.42170751094818115,0.5971026420593262,0.38253623247146606,0.4897761344909668,0.47119244933128357,0.5768116116523743,0.4856841266155243,0.5314091444015503,0.48628079891204834,0.5932620763778687,0.558557391166687,0.5398567914962769,0.5591611862182617,0.5791969895362854,0.6407200694084167,0.5458312034606934,0.6427357196807861
267,0.559407114982605,0.32271796464920044,0.5783098936080933,0.3645645081996918,0.5990803241729736,0.4117368459701538,0.512654721736908,0.36796772480010986,0.5079541206359863,0.41793256998062134,0.592064619064331,0.4002903699874878,0.4938046932220459,0.47066164016723633,0.5805684328079224,0.4889652132987976,0.5289140939712524,0.4876546263694763,0.5878959894180298,0.5603169202804565,0.5423638820648193,0.5603625774383545,0.575507402420044,0.6419110298156738,0.5416114330291748,0.6435191631317139
268,0.5599654316902161,0.3228223919868469,0.5782938599586487,0.36415964365005493,0.5976872444152832,0.41066932678222656,0.5136585235595703,0.36773571372032166,0.5061147212982178,0.4173458218574524,0.5890845060348511,0.40742677450180054,0.4965131878852844,0.4691846966743469,0.5794755816459656,0.4891209304332733,0.5289597511291504,0.4874466359615326,0.585494875907898,0.559363603591919,0.5418883562088013,0.5576505064964294,0.5755743384361267,0.6423366069793701,0.5414563417434692,0.6441879272460938
