FrameNo,head_x,head_y,head_z,left_shoulder_x,left_shoulder_y,left_shoulder_z,left_elbow_x,left_elbow_y,left_elbow_z,right_shoulder_x,right_shoulder_y,right_shoulder_z,right_elbow_x,right_elbow_y,right_elbow_z,left_hand_x,left_hand_y,left_hand_z,right_hand_x,right_hand_y,right_hand_z,left_hip_x,left_hip_y,left_hip_z,right_hip_x,right_hip_y,right_hip_z,left_knee_x,left_knee_y,left_knee_z,right_knee_x,right_knee_y,right_knee_z,left_foot_x,left_foot_y,left_foot_z,right_foot_x,right_foot_y,right_foot_z
3,-0.003962082610183229,0.7796,0.07243445048725146,-0.151453617836159,0.5803,0.07519401072119172,-0.2329455115910026,0.84519,0.006642477745996488,0.18116889288215202,0.56415,0.03245948440526008,0.2891784438612675,0.79913,-0.024905683085908625,-0.22365080210097635,1.1328,-0.03767988794555943,0.291784547948843,1.0432,-0.1015750076263317,-0.07908107095451443,1.5e-05,-0.0216567305401128,0.07592547584918405,-0.000225,-0.053619927704865206,-0.13572289217909644,-0.47555,-0.023558879420323794,0.13478283904119215,-0.51948,-0.020183425972715517,-0.1419798960012107,-0.86193,-0.0004198279235565136,0.14833943321597914,-0.91701,-0.031870049924059674
4,-0.004578421416946629,0.77937,0.07187599236413257,-0.15176183800004905,0.58031,0.07465534911074266,-0.23291281764882726,0.84547,0.006482368076878624,0.18147276292248582,0.56511,0.030957905569971193,0.2888590380868459,0.79936,-0.024989492102524234,-0.22383657982487004,1.1328,-0.03850313495424206,0.2913994069937152,1.0433,-0.10134056692021762,-0.07875135261892681,0.0003,-0.021998172803427314,0.07597569864034896,-0.000226,-0.053611521085592,-0.13523564431167762,-0.48226,-0.0228111291172842,0.13512575944675986,-0.51921,-0.020484548199469516,-0.14203355150428684,-0.86208,-0.0003210094688547577,0.14747210159645996,-0.91352,-0.027517311491557422
5,-0.004977691548078702,0.77928,0.07165598244984285,-0.1519548314687751,0.58039,0.07448223203755487,-0.23287352507590056,0.84564,0.006359681102375218,0.18185511751879016,0.56579,0.034508451156593754,0.288768718775895,0.79954,-0.024925841320365967,-0.22391613473262847,1.1329,-0.03878155014177957,0.2912691245595139,1.0434,-0.10133079515791006,-0.07841425574811559,0.000329,-0.02207893603571333,0.07619062467271238,-0.000279,-0.05369409711487727,-0.1342986574359051,-0.52332,-0.016115107567540643,0.13481850904477485,-0.51957,-0.020499420673374263,-0.14155513743536496,-0.86233,-0.00019923517494339904,0.1473166419603199,-0.91385,-0.027247212803054116
6,-0.00526256475711589,0.77935,0.071520390212702,-0.1522085020624907,0.58035,0.07408017329820954,-0.23282942022259606,0.84598,0.0062066982212577865,0.18175176210775387,0.56625,0.031676373004598385,0.28866349154787463,0.79966,-0.0247163867179263,-0.22398358413654712,1.1331,-0.039048899310304586,0.2911997668094639,1.0435,-0.10120585316133568,-0.07834466424392039,0.000383,-0.022634460132889903,0.07612599451169429,5e-06,-0.054239154857035635,-0.13582123668805648,-0.50343,-0.020776531965824737,0.13496997477282854,-0.51892,-0.02079216994019685,-0.14119961283998855,-0.86225,8.941385429874632e-05,0.1521323152649574,-0.92048,-0.041975196868193565
7,-0.005218481541959698,0.77938,0.07152277141859245,-0.15227902726501047,0.5803,0.07385296811382867,-0.23192134805701733,0.8507,0.0038126420518872495,0.181826327519311,0.56623,0.03117785119023184,0.28860819930021564,0.79958,-0.024511675293357935,-0.22389758020382805,1.1331,-0.03890667299924771,0.2914562879011832,1.0434,-0.10130591778796841,-0.07789504808503397,0.000279,-0.02370682681908834,0.07649711440413473,-0.00025,-0.054040582388060206,-0.13426957365475814,-0.4775,-0.024876259497148657,0.1350650324531733,-0.5194,-0.02077136038932542,-0.14144447902906296,-0.86364,-0.0007234142637238539,0.1490207663097869,-0.91871,-0.030885403177615855
8,-0.005232354162263458,0.77939,0.0713058853876778,-0.15243451451118334,0.58033,0.07348944546490899,-0.2321366940558884,0.85116,0.0031672312518767273,0.18185708907296796,0.56641,0.031582659449555454,0.28852951441716845,0.79966,-0.024382042391747856,-0.2239103562579915,1.1331,-0.039094305012614336,0.29145559330847254,1.0435,-0.10130985701898046,-0.07761382745961232,0.000355,-0.02438090096919162,0.07668000564386875,-0.000149,-0.054120556098919165,-0.13413529909629346,-0.47782,-0.025266504731519455,0.13516247133940854,-0.51924,-0.02079463405361019,-0.14140878319927042,-0.86357,-0.0008089116773421501,0.14906437604476827,-0.9181,-0.03081084319495187
9,-0.005245762919347212,0.7794,0.07108587128532647,-0.1525617968415903,0.58036,0.07317070543233359,-0.23229503536771073,0.85154,0.0024995838681700355,0.18186557379128665,0.56659,0.031803541792795126,0.28849039549241945,0.79973,-0.024258370609491434,-0.22392082501724841,1.1331,-0.039211264001493426,0.2914581481625406,1.0435,-0.10135295542638365,-0.07734656538667181,0.000433,-0.025070791528894777,0.07684801300892032,-6.6e-05,-0.05422735275283881,-0.13402082043008282,-0.47752,-0.02576901804973363,0.1352507567408243,-0.51909,-0.020812232005106235,-0.14141384303880972,-0.86357,-0.0006648443388374212,0.14912272004864144,-0.91738,-0.030883071840322303
10,-0.005271600434239101,0.77963,0.07068019478511453,-0.15267151666366588,0.58074,0.0727788042194703,-0.23230034455023452,0.85136,0.0023542985881829445,0.1818710067533912,0.56702,0.03189194135683687,0.2884813417447937,0.80007,-0.02413695384930598,-0.2239167331557912,1.1331,-0.03947599642615994,0.2914479768310421,1.0438,-0.10152581532345509,-0.07711833390206427,0.00079,-0.025855342603990486,0.0770132395988905,0.000189,-0.05433264365447245,-0.13392693020220772,-0.4777,-0.02610035567981745,0.13530103901754092,-0.51897,-0.020815005567471512,-0.1414029032036167,-0.86392,-0.0006028014503976532,0.1492551361295716,-0.91699,-0.030823155385895334
11,-0.005291003349602521,0.77983,0.0702419054664272,-0.15275841466348322,0.58112,0.07240115658260793,-0.23213660145398626,0.85227,0.0016704760977433314,0.18203207478363642,0.56752,0.03211435109051086,0.28848039959292154,0.8004,-0.024027121648427328,-0.2238707698249522,1.133,-0.04007914099607514,0.29147858699508544,1.0441,-0.1016977426856091,-0.07690962732857799,0.001118,-0.026618173231445642,0.07723320142840624,0.000369,-0.05438666025892035,-0.13385052857168012,-0.47778,-0.026473288369257143,0.13536116937178763,-0.5188,-0.02081951561161345,-0.14134185473988475,-0.86426,-0.0005445169320761716,0.1494059829597214,-0.9167,-0.03083147607299115
12,-0.005117205488720484,0.77997,0.06973604056000175,-0.15283737471572478,0.58151,0.07201093957868573,-0.23198421940027025,0.853,0.0010373973430016434,0.18222276274127877,0.568,0.032619919189593644,0.28848722174044744,0.80072,-0.02393084362236149,-0.22375098376004066,1.1329,-0.04083949308468477,0.2915832932785728,1.0443,-0.10191015171130781,-0.07674054860318026,0.001454,-0.027346599881574448,0.0774400729463292,0.000614,-0.05445156923420308,-0.13378325459976204,-0.47698,-0.02661004805886768,0.13533093054648662,-0.51859,-0.020818245397295494,-0.1412854208659659,-0.86466,-0.0006275784627297332,0.14953075673701133,-0.91676,-0.031218015210079254
13,-0.004766953391871592,0.78002,0.06920007743752693,-0.15289936711515187,0.5819,0.07165936321086037,-0.23183721865623896,0.85326,0.0007769135982991018,0.18245678526470815,0.5685,0.032680197365808135,0.2884952095566201,0.80103,-0.023885542465722925,-0.22359284727407464,1.1328,-0.04161269994691913,0.2917327250970914,1.0445,-0.10215684814746817,-0.07658590671891587,0.001733,-0.027984138811861188,0.07763645887532435,0.000839,-0.05451259846402545,-0.13368269004632882,-0.47698,-0.02661559518359822,0.13536216139225676,-0.51838,-0.020871477288793742,-0.14124079506812842,-0.86507,-0.0007776069205881267,0.1495954998972483,-0.91676,-0.03148430325562868
14,-0.004228600609958673,0.78001,0.06861368483678353,-0.1529691238139771,0.58231,0.07132134101784784,-0.23167347377616782,0.85343,0.000496215158242018,0.18273645143265402,0.56899,0.0327689826940244,0.2884952095566201,0.80131,-0.023885542465722925,-0.2233778797492376,1.1328,-0.042409128200602685,0.291928097987885,1.0447,-0.10243093833981912,-0.07649680232479288,0.002006,-0.028475069975007285,0.07777537865828947,0.001042,-0.054565525715049176,-0.13359232086678102,-0.47698,-0.026621375442058122,0.1354647598552251,-0.51819,-0.02092307724418651,-0.1412440703411171,-0.86548,-0.000968945031237442,0.14948508726628493,-0.9161,-0.03147701964912147
15,-0.0035112363337720855,0.77998,0.06793683293625336,-0.15302005259863038,0.58272,0.0709749218225169,-0.231508513358853,0.85358,0.00022241037245603057,0.18301224747209432,0.56951,0.03277823172797603,0.28852527473374345,0.80159,-0.02388779748779389,-0.22314200053209657,1.1328,-0.04320213576356849,0.29218030191754957,1.0449,-0.10272824992361923,-0.07645758063819559,0.002244,-0.028920650112917924,0.07792316171103167,0.001119,-0.05462001579967189,-0.13367973802730848,-0.47753,-0.026598853451797015,0.13557199695039354,-0.51799,-0.02100595791394631,-0.14120847424851832,-0.86597,-0.0011701834922524697,0.1494238651543753,-0.91553,-0.03153628897519596
16,-0.0026449329531513053,0.77995,0.06722356478701003,-0.153042131743404,0.58303,0.0706193539508439,-0.231508513358853,0.85322,0.00022241037245603057,0.18339729225767415,0.57002,0.033234298075230234,0.2885957741100533,0.80186,-0.023891089590453468,-0.22287680059913978,1.1328,-0.04405920810331565,0.2924568406344745,1.045,-0.10306031518533973,-0.07644263906178435,0.002428,-0.029308131401878233,0.07807622090737168,0.001187,-0.05470792986234532,-0.13386251029593915,-0.47838,-0.02654124010421499,0.13548393506575232,-0.51801,-0.02092950463099888,-0.14115868887394767,-0.86645,-0.0013485382412188641,0.14933756379389773,-0.91505,-0.03162261437806049
17,-0.0017036177478400253,0.77991,0.06654987221301964,-0.15306259818598172,0.58334,0.07033051987264638,-0.231508513358853,0.85301,0.00022241037245603057,0.18380161199097494,0.57054,0.03379967808306882,0.28870167188839735,0.80211,-0.023923978198539003,-0.22258180887443108,1.1329,-0.04503526132028356,0.2927370259631305,1.0452,-0.10337169948424696,-0.07643084238648072,0.002623,-0.029575237819719102,0.07819168616515826,0.001281,-0.05480749277835465,-0.13397669331821424,-0.47919,-0.02649775174457568,0.13550650932884903,-0.51789,-0.020801479623107293,-0.14113624017425472,-0.86689,-0.0015667515677644551,0.14926413644095454,-0.91487,-0.03180869077054421
18,-0.0006926215385103292,0.77985,0.06592583402130299,-0.15308549570304678,0.58347,0.07002789848590668,-0.2313731470427254,0.85301,-0.0001040554916983405,0.18423341622112116,0.57102,0.034175404189199156,0.28885519735219606,0.80233,-0.024032283008983354,-0.2223264828452143,1.1329,-0.046121094465294526,0.29301993979403224,1.0453,-0.10372519738280438,-0.07642912692243654,0.002715,-0.029830412381897847,0.07832435701796607,0.001281,-0.05491313578482101,-0.13408762689371062,-0.47994,-0.0264934225613275,0.13554617502434096,-0.51789,-0.020691699695064233,-0.14111024460002447,-0.86734,-0.0018800249788935158,0.1491997646194599,-0.91463,-0.03171305987283084
19,0.00036207933451714094,0.77974,0.06552662221231548,-0.15305468784843873,0.58349,0.06968432916816358,-0.23123716004487108,0.85301,-0.00031182588519691745,0.18479453490738645,0.57126,0.03442069344686016,0.2890116249664182,0.80233,-0.02418171661132487,-0.2221852899696758,1.133,-0.047105568726967806,0.2933649938463288,1.0454,-0.10395663139282385,-0.07642898390894619,0.002715,-0.030025399508516862,0.07846253233962361,0.001206,-0.055027872790555134,-0.134231924961706,-0.48035,-0.026505549703315576,0.1355842778862339,-0.51798,-0.020590783036798278,-0.1410980910114107,-0.86779,-0.002214212486565198,0.1491889503476706,-0.91433,-0.03142886442683343
20,0.0013494016899553603,0.77962,0.06518295439821016,-0.1530407977780483,0.58349,0.06935998973802203,-0.23112521040651865,0.85301,-0.0005407435089674756,0.18530586643525826,0.57142,0.03444121340310502,0.2891858386057463,0.80237,-0.024345456062502855,-0.22215507875440757,1.133,-0.04774046027870875,0.29370987425044776,1.0454,-0.10418905021059635,-0.07642554158008014,0.002715,-0.030201675287828654,0.0785568503671382,0.001206,-0.055103398347062536,-0.13441248967262387,-0.47991,-0.026493004378642767,0.13561015146470629,-0.51798,-0.020444046681599458,-0.14102600475911486,-0.8679,-0.0023812680827897427,0.14914499510015677,-0.91409,-0.031102269974620907
21,0.002274152999704718,0.77952,0.06489906002504145,-0.1530372028187371,0.58349,0.0689196761267544,-0.23105188457459214,0.85292,-0.0008735322142630203,0.18580784500392306,0.57159,0.03423592697734515,0.2893930195726212,0.80242,-0.024552579327648972,-0.2221991871753579,1.1331,-0.048393725498356376,0.2941183081037698,1.0455,-0.10446415344114893,-0.07641820748456027,0.002715,-0.030453778859883682,0.0787142507679199,0.001013,-0.055166692215910675,-0.13453225347897133,-0.48054,-0.026308403103757764,0.13566244360857102,-0.51804,-0.020320246311284866,-0.1409371743707791,-0.86808,-0.0025685383743688436,0.14919522750827652,-0.91409,-0.031162914060684548
22,0.003109905081418049,0.77905,0.06476692578303042,-0.1530253226154948,0.58328,0.06846876276393297,-0.23099297154141196,0.85254,-0.0012880599630585784,0.1862595911644681,0.57159,0.03409128463764891,0.28959742216865336,0.80237,-0.024775459516843276,-0.22224508194668177,1.1327,-0.04911470931923249,0.29456606035622857,1.0454,-0.10463144635916444,-0.07640583278341063,0.002444,-0.030711848359769776,0.07889087865206443,0.00043,-0.05519580562420703,-0.1346628832095279,-0.4808,-0.026300600956956247,0.1357197216809912,-0.51851,-0.020225757039831285,-0.14089118521373017,-0.86842,-0.002941185657243585,0.14916359771373122,-0.91409,-0.031572646358773215
23,0.003820172583875711,0.7786,0.06471784345471814,-0.15300220514930102,0.58305,0.06802399138135898,-0.2309367130994937,0.85205,-0.0017752303518476856,0.18668149566466433,0.57159,0.03400775265147502,0.2898394805930294,0.8023,-0.025015133710674386,-0.22229710427282087,1.1327,-0.049928031935162404,0.2949853102651629,1.0453,-0.10478762098533187,-0.07640487620610623,0.002123,-0.030925256618653682,0.0790646091942629,-0.00018,-0.05521831559327465,-0.13476156167539377,-0.4816,-0.026111594183600484,0.13579739050118228,-0.51906,-0.020130801500918994,-0.1408968158663994,-0.86842,-0.002857943265696262,0.14915903299251498,-0.91421,-0.0316561218840499
24,0.004429587722096507,0.77822,0.06466115845399192,-0.1530170908078064,0.58282,0.06759404438791576,-0.2308992086607635,0.85153,-0.002368759977962119,0.18706318948244868,0.57153,0.0339841130773411,0.2900982831534454,0.80223,-0.02527502259986004,-0.2224540083144479,1.1327,-0.05093305438352917,0.29545623163623524,1.0452,-0.10493869071184049,-0.07638231334378723,0.001808,-0.0311313049558078,0.07923949819239204,-0.000828,-0.05524001440276691,-0.13481945864571782,-0.4824,-0.0259216548753273,0.1359179985060311,-0.51964,-0.020137851973696858,-0.1408968158663994,-0.86842,-0.002857943265696262,0.14916002501298412,-0.91443,-0.03170808356123019
25,0.004990985222626453,0.77757,0.06456826148741752,-0.15301332220031752,0.58222,0.06715471558440114,-0.23086088584974182,0.85056,-0.0030152360890098456,0.18735434047250754,0.57134,0.03396526895391409,0.2903282360739816,0.80192,-0.02552576281270364,-0.2227112533927336,1.1327,-0.051873674375714,0.29590160268280347,1.0448,-0.1050619004146998,-0.07636913469577836,0.00118,-0.031338744882621936,0.07937024448981332,-0.001802,-0.055252914236511165,-0.1349306397803757,-0.48448,-0.025803554260188412,0.13607179735520128,-0.52052,-0.02012943092899147,-0.1408968158663994,-0.86842,-0.002857943265696262,0.14910574882818114,-0.91434,-0.0317279605771842
26,0.005541266835547018,0.77697,0.06442959950098452,-0.15296582007826653,0.58157,0.06673306104760514,-0.2308475185077073,0.84971,-0.0037456539927929744,0.18757756919888874,0.57129,0.03333086771201886,0.2905282974655721,0.80161,-0.025773263195723258,-0.2229945198714594,1.1326,-0.0527315182438102,0.2963260620370678,1.0445,-0.10518853080827686,-0.07633098855758885,0.000551,-0.03154855639837173,0.07952022307907482,-0.002757,-0.055266158962372046,-0.13509133468805568,-0.48496,-0.02579349709131592,0.1361454223987091,-0.52144,-0.020114996492096825,-0.14082631649008956,-0.86765,-0.0028612353683558356,0.1490446264534653,-0.91424,-0.03167148885586196
27,0.006044776982707712,0.77641,0.06445759113734648,-0.15291650756345496,0.58091,0.06620649834869555,-0.23080058898260908,0.84902,-0.004631257526928903,0.18783513039585112,0.57118,0.03283358788152166,0.2906920922142402,0.80131,-0.025996091112081968,-0.22325856127106108,1.1324,-0.05353791897502043,0.29670388572634654,1.0441,-0.10529170667667542,-0.07628942653715896,-5.9e-05,-0.03174475425375703,0.0796524727245434,-0.003659,-0.05525901534470071,-0.13524183422185018,-0.48598,-0.02578320678871408,0.13619801197033232,-0.52241,-0.020047097029974575,-0.1408087780241452,-0.86707,-0.0027617697853016022,0.1490247308240175,-0.91437,-0.03189949798710208
28,0.006502748031023086,0.77591,0.06453829131643497,-0.1529057930288594,0.58034,0.0658065618553014,-0.23075405662246312,0.84831,-0.005576701200269221,0.18796856075581445,0.57098,0.03226579184504373,0.290837753641447,0.80102,-0.026206582795110237,-0.22353240087959603,1.1322,-0.054284712700755605,0.29700170925814073,1.0438,-0.1053878843451317,-0.07625227001519985,-0.000685,-0.03191986676866073,0.07977706982900114,-0.004561,-0.05520888988649087,-0.1352753483201399,-0.48672,-0.025973274685045438,0.1362375040176466,-0.52331,-0.01993830190968452,-0.14079322359913904,-0.86662,-0.002558380847886784,0.1489726862393143,-0.91456,-0.03213706978930738
29,0.0069723060428839535,0.77539,0.06460984041494269,-0.15284841878689126,0.5797,0.06521054407338665,-0.23069274012482846,0.84759,-0.0066110629779455934,0.18807547638083746,0.57081,0.03241143884681834,0.290972872398413,0.80071,-0.02641927722737389,-0.22381440195248128,1.1318,-0.05507779239088237,0.2972839543225417,1.0435,-0.1055148241876607,-0.07621348876985136,-0.001307,-0.032114558871760006,0.07989720675791383,-0.005385,-0.055161024258829405,-0.13529025623720933,-0.48879,-0.02582747086476403,0.13613711311239104,-0.52416,-0.019931769977200964,-0.14073135497929273,-0.866,-0.0021499187641160697,0.14879229339275118,-0.9144,-0.032526663707264085
30,0.007427905502263682,0.77464,0.06466557310385056,-0.1527954097917518,0.57921,0.06476253286098868,-0.23058240675631772,0.8469,-0.007712962495956689,0.18817752985688582,0.57062,0.032529511231508636,0.29108174623816435,0.80041,-0.0266080508670003,-0.22407127390820175,1.1314,-0.05578594548052074,0.2974742673737959,1.0431,-0.10564484704150692,-0.07618299757691138,-0.001907,-0.032264125870637095,0.07995605487664911,-0.005907,-0.05510945974660134,-0.13532056897349426,-0.49118,-0.025711444410802357,0.1361335662378538,-0.52477,-0.019836709892617488,-0.1407334868421987,-0.86576,-0.0018164829304680545,0.14869190248749561,-0.91459,-0.032520131774780525
31,0.007863746916792778,0.77398,0.06475322161428443,-0.15271776858159353,0.57868,0.06422386706247799,-0.2304827897062255,0.84623,-0.008818049570956173,0.18822376657309628,0.57051,0.032043092516743185,0.2911750914791194,0.80012,-0.026769716157001078,-0.22428835638884945,1.131,-0.05644120435806138,0.2976054919598694,1.0428,-0.10576445100469312,-0.07614103358305188,-0.002458,-0.03243500893948641,0.08000152246874925,-0.006355,-0.05506467472601838,-0.13535571981636685,-0.49125,-0.025795619337267105,0.1362001714432711,-0.52533,-0.01974691152619961,-0.14077024860344428,-0.86566,-0.001564267600025742,0.14871318551854185,-0.91498,-0.032687368231898835
32,0.008271492769704535,0.77335,0.06484277785043394,-0.15266265176593508,0.57812,0.06361504677977406,-0.23040147962577212,0.84561,-0.009911785220378229,0.18829503266927777,0.57033,0.03152585935506941,0.2912260923909337,0.79984,-0.026941177251696383,-0.22443493949318732,1.1305,-0.05709975533826161,0.297718930520837,1.0425,-0.10586974911904284,-0.07607687085289963,-0.00298,-0.032693071226656406,0.08007931747275983,-0.006779,-0.05504386757938565,-0.13532069275307504,-0.49316,-0.025654558694857006,0.13623532228614374,-0.52579,-0.019662736599734866,-0.14085850817865014,-0.86544,-0.0013161723614892491,0.1487035609577863,-0.91514,-0.032626776418670796
33,0.008619281916547221,0.77272,0.0649378289384784,-0.15260840319116492,0.57758,0.0630013024583051,-0.23032237710303155,0.84511,-0.01096045284689106,0.18834955462941935,0.57013,0.031028840888750173,0.2912667242806849,0.79956,-0.027113856287874053,-0.22452176358202078,1.1301,-0.0575921592147677,0.2977696838734896,1.0422,-0.10592743878184743,-0.07600540047385318,-0.003498,-0.03301334764620514,0.08016302132328845,-0.007154,-0.055024102321818924,-0.13528497109707255,-0.49503,-0.025509558821434852,0.13634375087616882,-0.52624,-0.019566096851881497,-0.1409630906825567,-0.86544,-0.0011606490517359,0.14867116265954644,-0.91548,-0.03292569170812779
34,0.008904105256987514,0.77246,0.06501555065192086,-0.15256539187934626,0.57736,0.062381416156588695,-0.23025086523151145,0.84485,-0.011994581490838076,0.1883433754221843,0.57007,0.03047550751961548,0.29131082913398937,0.79952,-0.027266839168991492,-0.22463277463614686,1.13,-0.05827932189264087,0.29788629797025207,1.0422,-0.10595713983294458,-0.0759649776754444,-0.003666,-0.033348458071839435,0.0802770805659828,-0.007224,-0.055010704965512885,-0.1352857155583801,-0.49586,-0.02557136857614527,0.1363727741642262,-0.52636,-0.01957426072047054,-0.14101096592717294,-0.86544,-0.0009714614174863752,0.1485881347882347,-0.91598,-0.03322380305072555
35,0.009143284952911307,0.77223,0.06506476521336158,-0.1525123588418198,0.57719,0.061760778180848644,-0.23020460625673692,0.8446,-0.013056751019328142,0.18830745429179424,0.56999,0.03009902555139988,0.291368949621088,0.79947,-0.0273979231458133,-0.2247412807048017,1.1299,-0.059067453501615595,0.2980472903056905,1.0421,-0.10602309791000941,-0.07591337229115845,-0.003831,-0.03370077168825626,0.08039062126838287,-0.007253,-0.055017524708800086,-0.13526815305004875,-0.49622,-0.025644529756433117,0.13636362067940674,-0.52641,-0.019568585007681827,-0.14103195153046075,-0.86552,-0.000860125868560397,0.14855893606817672,-0.91623,-0.03361974804027205
36,0.009363125407084987,0.77198,0.0650503716485248,-0.15244659961872675,0.577,0.061269901694776835,-0.23019607702129005,0.84416,-0.013987370303537687,0.1883021931940444,0.56992,0.029608486744728622,0.291440912093803,0.79941,-0.027508093026092494,-0.22486541510944658,1.1298,-0.0599442178083614,0.2983027695083437,1.0421,-0.10612907138316022,-0.0758482151362984,-0.003991,-0.03402805832894076,0.08053191023604492,-0.007273,-0.05502822179330896,-0.13527286737705568,-0.49639,-0.0259016168528049,0.13636079243996715,-0.52641,-0.01964221245542838,-0.14106201670758411,-0.8657,-0.0008578708464894308,0.1484775244667067,-0.91603,-0.03304487748862926
37,0.009556209616465767,0.77175,0.06498789374772941,-0.1523998419579833,0.57681,0.060786437403270416,-0.23020168719921816,0.8438,-0.014883002776097512,0.18828190039964438,0.56992,0.0293206374742841,0.29151577671694157,0.79941,-0.02765939169826884,-0.22492626945025973,1.1296,-0.06098039238303703,0.29866354985000126,1.042,-0.10655925569839442,-0.0757857816752067,-0.004141,-0.0343477567226435,0.08067436006387636,-0.007249,-0.05505537039457669,-0.13512038380232294,-0.49672,-0.02601583050976733,0.13627280446630985,-0.52642,-0.019680515412124677,-0.14110227725859292,-0.8657,-0.0008558489581478139,0.14860478097090374,-0.91595,-0.03295663474309429
38,0.009591612826977314,0.77175,0.06492377188963502,-0.1524087238412542,0.57681,0.06050571492082635,-0.23024815278367192,0.84398,-0.015664811543931033,0.18824307711883087,0.56999,0.028985284297965652,0.291502529586842,0.79946,-0.027792107611196135,-0.22499702173719988,1.1296,-0.06207270099963433,0.29886757932346825,1.0421,-0.1070146027901352,-0.07571825293141102,-0.004141,-0.03465007587314736,0.08081901264094318,-0.007208,-0.0550930616660852,-0.13498633276063282,-0.49517,-0.026464931075589494,0.13636029553782117,-0.52636,-0.019817793642029506,-0.1410469850109339,-0.86583,-0.0010605603827161802,0.14877549760429146,-0.91577,-0.032967443585990436
39,0.00960169884671419,0.77175,0.0648773146813045,-0.15243422608098425,0.57681,0.06018832141779147,-0.23029498970686801,0.84423,-0.016275963163928493,0.1882203532499435,0.57007,0.028683647718978966,0.29149275542029573,0.79947,-0.02790512736906319,-0.22506638483871869,1.1296,-0.06315713115420754,0.29908822915339434,1.0421,-0.10743327886128516,-0.07564968470278799,-0.004141,-0.03492922350079894,0.0809750761291391,-0.007176,-0.055123626149593284,-0.1348742353003126,-0.49347,-0.026923361178647486,0.13640038244065233,-0.52636,-0.019820800338124132,-0.14099541328598975,-0.86583,-0.0011711965304540863,0.14895956110497258,-0.9156,-0.032729795468562556
40,0.009719128911529396,0.77175,0.06481192982160826,-0.1524491357818766,0.57681,0.05993100118769035,-0.23032786086486687,0.84449,-0.0169230864033287,0.1881662747557052,0.57016,0.02849212874743589,0.2914883144786603,0.79947,-0.028045488610285225,-0.22514383549360398,1.1296,-0.06440260351281604,0.29930210670439145,1.0422,-0.10789036243480261,-0.07558667562008901,-0.004141,-0.03522262230021269,0.08112749060136534,-0.007157,-0.05515760891958041,-0.13472239823351662,-0.49141,-0.02738676759330613,0.1364367728631556,-0.52615,-0.019902358520730384,-0.14092818918266856,-0.86583,-0.0013658267437629754,0.14909825434650867,-0.91487,-0.032403928647986704
41,0.009826144894161983,0.77238,0.06465293114406287,-0.15257135827274423,0.57772,0.0594681938166102,-0.23059669050245934,0.84479,-0.017871817991266983,0.18798382395722,0.57115,0.02832121442348348,0.2913586749847499,0.80067,-0.028492772191046525,-0.22553692331542208,1.1303,-0.06617121369155479,0.299503232243612,1.0433,-0.10870770478502878,-0.07554429522736772,-0.003154,-0.03547176664053128,0.08125378153171897,-0.005942,-0.055207293936541446,-0.13449234557578657,-0.49056,-0.027521766758752994,0.13655055872047847,-0.52496,-0.020005687019574083,-0.1410180872862802,-0.86583,-0.0014149625857424047,0.14925810683951019,-0.91414,-0.032188412568583805
42,0.009929707147150822,0.77333,0.06433613490078356,-0.15273488320368667,0.57864,0.059001499487353594,-0.23090868284148408,0.84495,-0.018777398898966492,0.1877206766247165,0.57219,0.027750235018078773,0.2912207502469084,0.80186,-0.028929456020254058,-0.2259763493744674,1.1311,-0.06797227025330735,0.2997048787273657,1.0445,-0.1095220927119959,-0.07550412479659788,-0.002106,-0.03565858028160646,0.08137833357605721,-0.004744,-0.05524956435469839,-0.13426603926698133,-0.48858,-0.027793187934409852,0.13669649353305677,-0.52379,-0.020099452847452612,-0.1410783912887046,-0.86569,-0.0014114373493534747,0.14942753580849327,-0.91321,-0.031688234775724786
43,0.010038424168395378,0.77416,0.0640255377190647,-0.15292812601539715,0.57961,0.058539029795673984,-0.23119542228376325,0.84518,-0.01965493892212295,0.18744624394448764,0.5731,0.027518367159110792,0.29109215264206395,0.80307,-0.029370830754497285,-0.22641116084369955,1.1318,-0.06963198076608484,0.29983915150200746,1.0457,-0.11031546199674921,-0.07547322201327347,-0.001006,-0.0358518831992844,0.08145868343413588,-0.003541,-0.05527185561546884,-0.1340565269628129,-0.48648,-0.028102264938410525,0.13669584880894298,-0.52264,-0.020045521554766296,-0.14112867356542125,-0.86543,-0.0014086637869882013,0.14933949796623908,-0.91209,-0.031784408256119445
44,0.0101572842906898,0.77506,0.063674565823711,-0.15311655654672984,0.58063,0.058046264197380355,-0.23147876267347295,0.84546,-0.02039802655057544,0.18716511468013655,0.57387,0.02753645960851416,0.2909442061785147,0.80428,-0.02980676290968116,-0.226807745671458,1.1325,-0.07124766033654174,0.29992730955619656,1.0468,-0.11108242233306498,-0.07543988575122304,8.3e-05,-0.036048661484754385,0.08154076736975255,-0.002376,-0.05526703612237496,-0.1338538127637834,-0.48294,-0.028680246731819122,0.13670607000903834,-0.52146,-0.019814791133996493,-0.14117878219396018,-0.86495,-0.0014049054168699115,0.14962764885250365,-0.91253,-0.031474740584663506
45,0.0102793914555243,0.77597,0.0633016974283004,-0.15330498707806256,0.58175,0.057553498599086726,-0.23176222684276343,0.84584,-0.021084228463082583,0.1868757242142413,0.5747,0.027392525046129216,0.290797996196742,0.8055,-0.03023284698733491,-0.22712904288491578,1.1331,-0.07272430115293019,0.2999892226931711,1.048,-0.1118254618767435,-0.07541292219891069,0.00115,-0.03624126980972166,0.08159799557357583,-0.001245,-0.05523041737461974,-0.13386502598434782,-0.48264,-0.02885901547540863,0.13663574428090616,-0.52039,-0.019810514223583906,-0.14110547862059775,-0.86398,-0.0011619433084408479,0.14987089698791342,-0.91218,-0.03193801841126398
46,0.010394145911345099,0.77673,0.06289864728890175,-0.15348513236546413,0.58294,0.05705013324923931,-0.23210056562001957,0.84648,-0.02248475367592412,0.1865397719943444,0.5756,0.027157288769279087,0.29065612741941105,0.80671,-0.030634310871163348,-0.22741154264376998,1.1336,-0.07409608608004059,0.3001026096017188,1.0492,-0.11239175456517411,-0.07540316664585825,0.002251,-0.036410535367897685,0.08165042111397613,-5.9e-05,-0.05523255342558735,-0.13365161950928686,-0.47957,-0.029261182948486758,0.13656559220095163,-0.51924,-0.019805252505418307,-0.14104214690434622,-0.86295,-0.0008603590022897567,0.15007110798529463,-0.91144,-0.032011907223188495
47,0.010501369201497137,0.77756,0.06249895595043046,-0.15366475670833266,0.58413,0.056549722322650944,-0.23257573559363143,0.84708,-0.02385505929737422,0.18623383508297392,0.57657,0.026861926946659613,0.2905218492933005,0.80791,-0.03105031373755761,-0.2276992518479542,1.1342,-0.07549741523974136,0.30024142305518986,1.0503,-0.11292902156130868,-0.07536671192932591,0.003357,-0.03653779908481082,0.08169659051150303,0.001069,-0.05523561720299497,-0.13355728224786265,-0.47718,-0.029474809915667827,0.13651201060885934,-0.51815,-0.019821190290360263,-0.14098767124515568,-0.86214,-0.0006089998915422869,0.15030108673204082,-0.91068,-0.03203215014899165
48,0.010569897178478053,0.77841,0.062092887093743686,-0.15383986619858192,0.58532,0.05607491639764088,-0.2330816653370773,0.84788,-0.02522704912776537,0.18593548882282385,0.57756,0.026552026141474325,0.29039464087387745,0.80911,-0.03148381000977675,-0.22793305798990066,1.135,-0.07711133428603462,0.30037909488240105,1.0513,-0.11358793845135803,-0.07532846364970391,0.004471,-0.03664913222949809,0.08174420617576425,0.002215,-0.05522472002368274,-0.13355638996458732,-0.47609,-0.02964251264024485,0.13630864811807022,-0.51696,-0.01999552530503041,-0.14088085535732645,-0.86149,-0.0005790939371643905,0.15052278023485582,-0.91001,-0.032041793323241016
49,0.01060853362651327,0.7793,0.061690058066880896,-0.15402326093276225,0.58657,0.05561071022418461,-0.23357938374757597,0.84868,-0.0264948824700666,0.18572989294811204,0.57856,0.026192261862672934,0.2902994077615322,0.81035,-0.031908728418783734,-0.2281813267991904,1.1359,-0.07886486289952624,0.3003997554478976,1.0523,-0.11427699442951465,-0.07528356446649496,0.00563,-0.036682434832206734,0.08179367008018942,0.003386,-0.05517454710111471,-0.13355638996458732,-0.47608,-0.02964251264024485,0.1361052615848941,-0.51597,-0.019997233556358476,-0.14079951588301737,-0.86081,-0.0006360841987809313,0.1506405876102979,-0.90897,-0.03148884990634246
50,0.010649691269274812,0.77948,0.06148580810129384,-0.15409720923023845,0.58685,0.05542167940844185,-0.23388847393617726,0.84868,-0.027441592169663263,0.18566638758368287,0.57877,0.025889692748768827,0.2902944458753637,0.81035,-0.0320520440832648,-0.22826512852566547,1.1362,-0.08026152938463992,0.30042669317400006,1.0523,-0.11470010004152237,-0.07524741679467586,0.005669,-0.0366847469355907,0.0818314851312787,0.003386,-0.05508678023999325,-0.13358089840002535,-0.47619,-0.029608743770077484,0.13596339459138607,-0.51557,-0.019995573389804386,-0.1407264117840425,-0.86069,-0.0006246041851453235,0.1507062764900529,-0.9085,-0.03105872205200548
51,0.010665769663468437,0.77961,0.06125450205891675,-0.15411033258075726,0.58706,0.055232077779569205,-0.23419089158304332,0.84868,-0.028465635414289182,0.18555148414248718,0.57877,0.02569874459035564,0.29027593943133717,0.81035,-0.03227217475248082,-0.22838651395332343,1.1363,-0.08215928215514304,0.3004204142295712,1.0523,-0.11536917445805378,-0.07524741679467586,0.005671,-0.0366847469355907,0.08186750181080095,0.003386,-0.054980418598429226,-0.13349189436351194,-0.4744,-0.029795029253903565,0.13582678691180491,-0.51521,-0.01990649846696157,-0.14063854758996597,-0.86054,-0.0005294155125036767,0.1507796521905763,-0.90793,-0.03133364023360266
52,0.010693784721801583,0.77973,0.06099875187513071,-0.15412983104525285,0.58726,0.05506390878753348,-0.2344534458438528,0.84868,-0.02955154068646111,0.18545287780378222,0.57883,0.025369871073685164,0.2902624189158661,0.81035,-0.03252161652055785,-0.2285113723445347,1.1363,-0.08407673108070643,0.3004202370137477,1.0523,-0.11617640736657187,-0.07524741679467586,0.005689,-0.0366847469355907,0.08190861136878852,0.003386,-0.05483941503733211,-0.13338582293699025,-0.47304,-0.02982693305423609,0.1358970387289532,-0.51485,-0.019796019137730436,-0.14050791785940936,-0.86054,-0.0005372176593051968,0.1508897433513942,-0.90737,-0.03111239616857545
53,0.010799954101694124,0.77973,0.06067946507181239,-0.1541610877172329,0.58752,0.054886643391991286,-0.23470927769433017,0.84853,-0.030656908979963926,0.1854056953680537,0.57882,0.025159873888564208,0.2903510996984112,0.8103,-0.03288249838323205,-0.2285006649452308,1.1361,-0.0860891637756307,0.30066829564571235,1.052,-0.11707310515016889,-0.07525547371335504,0.005673,-0.03664981720525396,0.08202426167553048,0.003213,-0.05460391980054272,-0.1333876831983477,-0.47363,-0.02977989541582086,0.135792803521402,-0.51475,-0.01963852621247107,-0.14050791785940936,-0.86054,-0.0005372176593051968,0.15079508283600165,-0.90776,-0.03107336558024249
54,0.010841014411500581,0.77961,0.0603422113824944,-0.15421295865375842,0.58767,0.05465005639753899,-0.2350255871954096,0.8483,-0.03175973684483083,0.1853010131269534,0.57868,0.025199656150920825,0.29041244380607867,0.81027,-0.033283238823485425,-0.22856757649752113,1.1359,-0.08813868148576887,0.30079472842614924,1.0517,-0.11814128807084823,-0.0752655621373306,0.005673,-0.03658609732058921,0.08213990717379503,0.003029,-0.05433389921108492,-0.133353624113138,-0.47406,-0.02975949985957255,0.13577997938246453,-0.51506,-0.01948090469915352,-0.14050861245212,-0.86033,-0.0005411568903172445,0.1507874423161843,-0.9082,-0.031116697121375027
55,0.010875528363391286,0.77959,0.060008142845926093,-0.1542581071799518,0.58783,0.054394006381755816,-0.23527717401099327,0.84806,-0.03214997789114001,0.18522391511989222,0.57859,0.025165525558965934,0.29050159566455985,0.81027,-0.033699036786598954,-0.22861709918965778,1.1357,-0.09026234518394795,0.3009186802635018,1.0514,-0.11928112882376807,-0.07528133829528838,0.005667,-0.03644521753907288,0.08224367549347177,0.002806,-0.05405061466185665,-0.13336456394833102,-0.47429,-0.02982154274801232,0.13577196752390489,-0.51514,-0.019353579092449995,-0.14050861245212,-0.86042,-0.0005411568903172445,0.15072413642614266,-0.90878,-0.031187784140485668
56,0.010915142406463418,0.77952,0.059656928199888264,-0.15430568678063256,0.58799,0.05412416905743048,-0.23534355748345895,0.84777,-0.03258404497648903,0.1851395737579659,0.57855,0.0251479035650829,0.2905893583376198,0.81026,-0.03412271321173657,-0.22866895321908798,1.1355,-0.09228405514327245,0.30101993405817695,1.0511,-0.12049210886863417,-0.07530129403070367,0.005667,-0.03624165976195779,0.08235791497664409,0.002564,-0.05366763380008348,-0.13354996498201363,-0.47627,-0.029606074753383397,0.13576906537348143,-0.51511,-0.019312450300552834,-0.1403353169222772,-0.86087,-0.0007676909039586559,0.1507248550612403,-0.90926,-0.0313564716728157
57,0.010991715280930002,0.77945,0.0593022429945358,-0.15441530686551438,0.58814,0.053848008891963936,-0.2353883845395069,0.84738,-0.033068622663806634,0.18506577506628033,0.57852,0.02513248432043524,0.2906902185349885,0.81026,-0.034587285295041986,-0.2286976621722916,1.1352,-0.09411691514774793,0.3010892624143713,1.0508,-0.12165379625301406,-0.07531435611184789,0.005633,-0.036039317522086375,0.08246160698109822,0.00228,-0.053252330334877265,-0.13351803954353286,-0.47627,-0.029655367413869593,0.13576906537348143,-0.51474,-0.019312450300552834,-0.14005860455717456,-0.86135,-0.001098771357926135,0.15072353978680286,-0.90964,-0.03147910637448352
58,0.011071416226833289,0.77953,0.058948021652403336,-0.15451073766842438,0.58828,0.05359473243854604,-0.23542611606265754,0.84658,-0.03334019646990864,0.18505423859174752,0.5786,0.02477911919799762,0.290800579513532,0.81026,-0.0350555634756301,-0.22872756083652898,1.1344,-0.09572617151945406,0.30115338132523567,1.0505,-0.1228450278699843,-0.07533523957370318,0.005608,-0.03582950360209788,0.08256535125838797,0.002042,-0.05279641902230692,-0.1334753737442466,-0.47636,-0.02987409928070949,0.1359176049087247,-0.51437,-0.01939144401213618,-0.13979312945502337,-0.8617,-0.0014359937921410472,0.1508219965197171,-0.91027,-0.03132384442890813
59,0.011137386945507395,0.77947,0.05860231387945395,-0.15456556062397026,0.58828,0.05334140371229255,-0.23549200441680007,0.84587,-0.034001806419039084,0.18509082670481544,0.57871,0.0245259190598023,0.29089714837505604,0.81023,-0.03548688522906246,-0.22872793931056296,1.1336,-0.09716801057314814,0.30121390349296584,1.0502,-0.12399906992606946,-0.07533069889487394,0.005517,-0.03557340131347911,0.08268473108438383,0.001862,-0.052303663040968076,-0.13343652820486898,-0.47636,-0.030114496918115654,0.1360109501496798,-0.51436,-0.019553109302136957,-0.13942877641261878,-0.86204,-0.0017307409049182598,0.15087423879498496,-0.91041,-0.03125791458229191
60,0.011194204179362047,0.7794,0.058262281819293285,-0.15461539765096066,0.58828,0.05305876388717805,-0.2355729502938028,0.84508,-0.034691224118983226,0.18513118520919514,0.57879,0.024236514168474887,0.29097106906249937,0.81019,-0.03593147575074269,-0.22872141994226422,1.1329,-0.09822520379003755,0.3012440630558142,1.05,-0.1250949560518913,-0.07534157265221496,0.005417,-0.035278025685843234,0.0828004594901713,0.001699,-0.051797062669774074,-0.13321917947414147,-0.47437,-0.030955008386955394,0.13610290620521356,-0.51434,-0.019722653054161834,-0.1391026740540749,-0.86232,-0.0018968921966739903,0.1508614645246444,-0.91045,-0.031042422545275995
61,0.011253286052242465,0.77941,0.057883264230919156,-0.15467218060505775,0.58825,0.05273673175194305,-0.23566803558418037,0.8442,-0.03534565500727762,0.18512716547489888,0.57886,0.023983366303115154,0.29105605336471657,0.81016,-0.0363709090999285,-0.22868649796763493,1.1322,-0.09940925634617179,0.30129461336643354,1.0498,-0.12619037591025445,-0.07536206135335673,0.005281,-0.03499110895031614,0.08292307674175242,0.001551,-0.051257152483155335,-0.13312347885350587,-0.47619,-0.03139125417915281,0.13616427613909096,-0.51434,-0.019892896207374777,-0.13877344602833294,-0.86262,-0.0020453169488755044,0.1508243055984466,-0.91056,-0.030850047354038075
62,0.011317406126513923,0.77941,0.05751554339104817,-0.15469934541558056,0.5882,0.05229473393173433,-0.23575488549922374,0.84334,-0.03606855617082418,0.1851254031669123,0.57889,0.023743020938544586,0.2911579055825544,0.81012,-0.03688744286041422,-0.22864227468621845,1.1315,-0.10082849709438219,0.3013296092520467,1.0493,-0.12748918470603238,-0.07539790019663968,0.005132,-0.03471062441007883,0.08298382715731016,0.001392,-0.050722580329924764,-0.13301785624435622,-0.47821,-0.03194399269277062,0.13620937301286454,-0.51434,-0.020097840765672496,-0.1384427050375889,-0.86304,-0.002242748954998274,0.15078761774818486,-0.91068,-0.030712588263239478
63,0.01140725979042187,0.77938,0.057051896629944074,-0.15472043253988507,0.58812,0.05188720438288104,-0.23584091704197568,0.84249,-0.03684440381930404,0.1851008190366675,0.57891,0.023488421997973127,0.2912925016111645,0.80999,-0.03750621576631943,-0.228550499414154,1.1305,-0.1026115218556902,0.3013650263449991,1.0487,-0.12890078012594802,-0.07541636220096246,0.004983,-0.034417972476211325,0.08304973474536233,0.001232,-0.05019907179146799,-0.13295539812046178,-0.47934,-0.032856704576532184,0.13626632783131634,-0.51472,-0.020177947873067027,-0.13809608815169333,-0.86345,-0.002465319695240647,0.15078761774818486,-0.9104,-0.030712588263239478
64,0.011507085311440712,0.77924,0.05652962767111796,-0.15471579569150787,0.58799,0.05145279961813147,-0.23598698098560345,0.8417,-0.03790312442662776,0.18500677741917881,0.57883,0.023243024006579332,0.2914751964011654,0.80977,-0.0382553209750228,-0.22852991989493301,1.1296,-0.1047983177957332,0.3013752145835929,1.0479,-0.1305130431937488,-0.07543164145677422,0.004797,-0.034101511508093874,0.08308661664111841,0.001098,-0.04965013670808796,-0.13297998760217533,-0.48016,-0.03432067566825123,0.13624139640471625,-0.51512,-0.020434516429144504,-0.13763754566983227,-0.86403,-0.0027441812959114915,0.1508835178432081,-0.91058,-0.030917351960643442
65,0.011609430243362967,0.77897,0.055802813723185046,-0.1546844927185768,0.58785,0.05088168743660698,-0.23630788103410902,0.84099,-0.03931992510381178,0.18492067374926593,0.5787,0.02298505664812572,0.29175252588034906,0.80937,-0.03927395405909957,-0.22867725637969302,1.1287,-0.10753429878255648,0.3014600679709376,1.0469,-0.13250808702851935,-0.0754532387452498,0.004497,-0.033757535408443756,0.08310728977079979,0.000959,-0.0491816085640996,-0.13301040899476863,-0.48111,-0.03633601051359896,0.13621301605694972,-0.51557,-0.020883407903624307,-0.1372237287230025,-0.86468,-0.002988755486120674,0.15097286917607683,-0.91078,-0.031101667828963498
66,0.01166111737176467,0.77861,0.054863569111405136,-0.1546478324783479,0.58776,0.050110607008385405,-0.2367421715588082,0.84036,-0.04097668119333025,0.18487450737639352,0.5787,0.02255047102248239,0.29205897660096086,0.80873,-0.04058813401475119,-0.2289200753197829,1.1276,-0.11098455079687856,0.30161750272890137,1.0456,-0.1348977293232959,-0.0754746221339056,0.004042,-0.03328565327200544,0.08312697568848945,0.000621,-0.04869564409559937,-0.13312244324704245,-0.48395,-0.03841108095247986,0.13616181210310202,-0.51648,-0.021749677004487523,-0.1368163367587464,-0.86545,-0.0032697675631913024,0.15108099855452062,-0.91087,-0.03135225122330032
67,0.011671345241584776,0.77824,0.05379861399935631,-0.15459787702324548,0.5876,0.04912698896640696,-0.23726812249510557,0.8397,-0.04292291848939871,0.18476091742581235,0.57858,0.02207903351535449,0.2923301268729094,0.80789,-0.04216010046796266,-0.22922424193518606,1.1269,-0.11484031047171236,0.3018359102557902,1.044,-0.1375174549104898,-0.07554948737745991,0.003431,-0.03271396787311234,0.08314884992998231,2.6e-05,-0.048116646239334676,-0.13326496566760176,-0.48605,-0.04077423379553465,0.13601033923975664,-0.51675,-0.02306942393919506,-0.13639592118116528,-0.86645,-0.003476919058786023,0.15122718092626042,-0.91087,-0.03155978848306955
68,0.011654533864285731,0.77788,0.05263789940153593,-0.1545246046275617,0.58724,0.047930081636647984,-0.23784768084970515,0.83901,-0.0451155908574496,0.1846279786165263,0.57842,0.021613038587285947,0.292642429979142,0.8069,-0.04390179153409278,-0.22958799570173885,1.1258,-0.11926435649286973,0.302147736934618,1.0423,-0.14041360202732817,-0.07572602576178121,0.002805,-0.03207967598536568,0.08318178297777155,-0.00062,-0.04749796585790715,-0.13346699954450394,-0.48751,-0.04341730517417427,0.13575882098368816,-0.51719,-0.024783793376295556,-0.13604749390250911,-0.8674,-0.0038043979611419934,0.1514301925530484,-0.9106,-0.032193671184670494
69,0.011735125930057207,0.77751,0.05129246455772718,-0.1543764177401425,0.58683,0.046639746158411016,-0.2382383411646818,0.8383,-0.047676661828411224,0.18470723252888044,0.5783,0.021141106582250734,0.29297006220978333,0.80567,-0.045902073044641965,-0.22964524531143718,1.1246,-0.12413846384521535,0.30264826396250405,1.0404,-0.14350650579148821,-0.07598616585519867,0.002074,-0.03136667098412323,0.08320190631205555,-0.001156,-0.04682524002116733,-0.13366161463454043,-0.48874,-0.04567277629275017,0.13540083235232284,-0.51786,-0.026929223202650447,-0.13603863962927104,-0.8685,-0.004157296816120901,0.1514091552973408,-0.91066,-0.03254333020982542
70,0.011785912399060357,0.77704,0.04974919992242765,-0.15428315354546293,0.58578,0.044980340906523836,-0.23869863439890285,0.83747,-0.05063264070833076,0.18479360601651895,0.57803,0.020709551695089028,0.29328057718181955,0.80416,-0.04811460676238309,-0.22980380571969916,1.1229,-0.12947195787792332,0.3031606471512455,1.0384,-0.14687769615512763,-0.0763121715012033,0.001192,-0.030647129241919813,0.08326959303776517,-0.001855,-0.04618222485247944,-0.13383147551380029,-0.49118,-0.04847891176376669,0.13496112755643735,-0.51852,-0.03005637777070034,-0.13605580675647308,-0.86977,-0.004427419547011195,0.1513837768371915,-0.91067,-0.03291760942880565
71,0.011837365230325572,0.77633,0.04799663990743393,-0.15419360987349828,0.58481,0.043415010931467116,-0.23919197065547748,0.83659,-0.05383360358502096,0.184854155794282,0.57773,0.020189130976426856,0.29353959433989546,0.80254,-0.05033126057203002,-0.2300098700338351,1.1211,-0.13478692142421786,0.30367878477223703,1.0364,-0.1503890146262597,-0.07664491398297221,0.000102,-0.02980454842038027,0.08333061203021697,-0.002671,-0.04549640149143072,-0.13403408198765526,-0.49118,-0.05158593213974623,0.13449110824044402,-0.51931,-0.03347062993517108,-0.13608083792026698,-0.8709,-0.0047997291504854045,0.1513213872728122,-0.91055,-0.033329025935835394
72,0.01189799318455853,0.77544,0.04608304009264361,-0.154135694212256,0.58372,0.04184307270870425,-0.2396620398400677,0.83554,-0.057305726273190076,0.18496215960932205,0.57734,0.019592309247652855,0.29404419275449767,0.80073,-0.05271002189674946,-0.23021533949245412,1.1191,-0.14021368678689708,0.3045472615856618,1.0343,-0.15381385506408207,-0.07704804648690239,-0.001065,-0.028911985154121245,0.08339434509948235,-0.003656,-0.04474911567202691,-0.13458764833567047,-0.49328,-0.05489812601969123,0.13394885128254128,-0.51996,-0.03729456212489491,-0.13610604273223864,-0.8721,-0.00517302356171262,0.15088680467182336,-0.91042,-0.03372050896601393
73,0.011862810000600138,0.77422,0.043735484950891544,-0.15408251692040761,0.58259,0.04018667415291169,-0.24004930645394362,0.83414,-0.06094171700059535,0.18495119216409622,0.57687,0.018896645021790105,0.2944628112787678,0.79874,-0.05540363629586786,-0.23042832569130978,1.1162,-0.14574066940665417,0.3053402014418016,1.032,-0.15766708687446476,-0.07748715061023534,-0.002268,-0.02803338765305946,0.08347279560796861,-0.004792,-0.044027779746318066,-0.1353249789727854,-0.49328,-0.058100744874873905,0.13344194107425283,-0.52069,-0.04160908539412559,-0.1361512411270289,-0.87332,-0.005486944101194158,0.15055720173969328,-0.91022,-0.034207675166741426
74,0.011820889980877438,0.77307,0.04151096888847563,-0.15417949186599839,0.58138,0.038542535515227,-0.24033672714948398,0.83256,-0.06441456732040113,0.18489579661159758,0.57633,0.018179367298196678,0.2947309801378402,0.7968,-0.05802908986868604,-0.23066165098551653,1.1133,-0.15080712371978905,0.30604743657680356,1.0298,-0.16131532185371414,-0.07793883612182156,-0.003453,-0.027076414717902418,0.08352314093788275,-0.005926,-0.04323548538955674,-0.13603797303881707,-0.49328,-0.06093499335759445,0.13300183376194635,-0.52138,-0.04600545225252746,-0.13616421665557996,-0.87451,-0.0059060582093542445,0.1501631014226649,-0.91022,-0.03494544880419273
75,0.011723254722333556,0.77179,0.03920082682438322,-0.15426728750055982,0.57985,0.037123218451794046,-0.24064791181915476,0.82864,-0.06779183901532913,0.18475779617894925,0.57539,0.017454315658250345,0.2949529603654762,0.795,-0.06051337825342295,-0.23096976520805496,1.1097,-0.15543391155000882,0.3066770527602114,1.0276,-0.16500064184817748,-0.07830525735351884,-0.004884,-0.02607355057906733,0.0835802609509646,-0.007109,-0.042422046206762154,-0.1368713551605688,-0.49348,-0.0645095841368508,0.13266948448934132,-0.52203,-0.050481745357430094,-0.13608635192864713,-0.87565,-0.006385868676413553,0.1497533745534694,-0.91022,-0.0353687310890326
76,0.011571871436235823,0.77033,0.036821974138593234,-0.15435872974685225,0.5783,0.03568322042554782,-0.24090752476388141,0.82418,-0.07127974685799504,0.18458789435020712,0.57406,0.01660592991544811,0.29515095310220707,0.79319,-0.06296094334473344,-0.23125242705946022,1.1056,-0.15980117640089206,0.30721282680051804,1.0254,-0.1686998777392411,-0.0784725142853783,-0.006342,-0.02511595874600642,0.08364607058564588,-0.008299,-0.041611154665319575,-0.13777501492567876,-0.49325,-0.06842515153237874,0.13239805990088752,-0.52251,-0.0548428682280659,-0.13617716992556692,-0.87671,-0.00690092313123894,0.1493850997301394,-0.91022,-0.03561451484460092
77,0.011375037387708847,0.76843,0.034277497697880834,-0.15446828127221893,0.57629,0.03408293186928998,-0.24112662781461477,0.81968,-0.07448032397051074,0.1843910031429427,0.57229,0.01571965521057272,0.29535209554852304,0.79129,-0.06556340865983182,-0.23158901601549023,1.1014,-0.16378322460184075,0.3076663672994174,1.0228,-0.1725775446944937,-0.07847587913561463,-0.007979,-0.02424819110557329,0.08377954174024267,-0.009765,-0.0408081319689463,-0.13870839257155673,-0.49388,-0.07233649429032968,0.13212690869780513,-0.52279,-0.05908726524355196,-0.13630303902816557,-0.87772,-0.007384411465132336,0.1490037015562906,-0.91027,-0.03604990022904188
78,0.011089749098065838,0.76604,0.03171510904824305,-0.15466921982381235,0.57405,0.03230988796163187,-0.2412507711383742,0.81495,-0.0773727085291692,0.18420170258689875,0.57022,0.014818841523131506,0.29551702122051343,0.78937,-0.06808333098457092,-0.23199575526765182,1.097,-0.1673568870342413,0.3080428356174654,1.0201,-0.1762588449546608,-0.07851908332952057,-0.009774,-0.023491188200936233,0.08399387408049631,-0.011601,-0.039955395404747615,-0.13963179836032383,-0.493,-0.07630645924600263,0.13186622625397965,-0.52255,-0.06321470327015893,-0.1365601825854345,-0.87863,-0.007806166359537906,0.14839416085466614,-0.91059,-0.036339453562752845
79,0.010822127862425358,0.76334,0.02916077491304572,-0.15506220790843672,0.57192,0.03065701883028986,-0.2413900200697678,0.80982,-0.0799476473119572,0.18404219382260678,0.56768,0.013799046958469556,0.29568762741376986,0.78744,-0.07062862517715898,-0.23240484989949395,1.0924,-0.17065596896444518,0.3083775802880995,1.0172,-0.1798312455488666,-0.07853331410396602,-0.012054,-0.022800219688586587,0.08437671068794757,-0.013773,-0.03903387430786745,-0.14058640916865117,-0.49221,-0.07999269502313691,0.1317713760360032,-0.52272,-0.06680477394302176,-0.13695281802223477,-0.8792,-0.0082476937242263,0.14802787007227436,-0.91098,-0.03668916067268174
80,0.010558757090571781,0.76065,0.02686665594565688,-0.15549818504631563,0.56937,0.02904828518693963,-0.24162313518664943,0.80456,-0.08236387522800348,0.1838265984807512,0.56492,0.01286428353996721,0.29585193240403346,0.78527,-0.07326724297255387,-0.23277281573943895,1.0877,-0.17395214874422565,0.30869203394815636,1.0142,-0.18328837136313442,-0.07855615578054964,-0.014605,-0.02225598512719706,0.08489145204875075,-0.016233,-0.03812444188515618,-0.14153536349809936,-0.49194,-0.08353167590477806,0.1317836133074045,-0.52259,-0.0706513368567395,-0.13734736358898939,-0.87983,-0.00870005397419783,0.14738345191314875,-0.91137,-0.03694616307770771
81,0.010259481397583248,0.75739,0.024495603002429707,-0.15590218687711688,0.56695,0.02744812940680157,-0.24178617213456044,0.79916,-0.08467060862257161,0.18358140903770845,0.56133,0.011876859043096509,0.29577779975544205,0.78321,-0.07587600289834481,-0.23312401161713409,1.0828,-0.17703804593232023,0.30861546665743184,1.0112,-0.18671716669823257,-0.07858692578775425,-0.017335,-0.021768231904084563,0.0854294863077483,-0.018865,-0.03725567198688336,-0.14227736394509308,-0.49177,-0.08814288348378174,0.131815097916494,-0.52238,-0.07502220744729585,-0.13754690760369273,-0.88041,-0.009255847268684246,0.14715275274748202,-0.91185,-0.037160356669957054
82,0.009972665097090154,0.75411,0.022506184391435164,-0.1563235775680718,0.56456,0.025922119614704375,-0.24192432752446819,0.79378,-0.08677864398476064,0.18335978587823146,0.55726,0.010965497876937097,0.29573043296859836,0.78104,-0.07850572919351397,-0.23354414403754012,1.077,-0.18011178774797812,0.3085764830678901,1.0081,-0.1896448757479413,-0.07865019204656956,-0.020336,-0.02129201096744326,0.08598529697489696,-0.021733,-0.03633215723211018,-0.14291217716551524,-0.49162,-0.0928948422562436,0.1319596755740187,-0.52259,-0.07909722171732543,-0.13771529468360985,-0.88088,-0.009750116215025181,0.14712906090051253,-0.91256,-0.03758265833510553
83,0.009616598616872654,0.75051,0.020285274068692363,-0.15671520050966178,0.56197,0.024449755708728538,-0.24206188805885903,0.78831,-0.08899848116333434,0.18318869255463263,0.5525,0.009937591716521706,0.2956783278123608,0.7788,-0.08121991582171283,-0.2339879923473026,1.0707,-0.18343520446544237,0.308586763908386,1.0052,-0.19275389396987552,-0.07862179486913218,-0.023963,-0.020963958227302924,0.08657530012379087,-0.025066,-0.03551418334237088,-0.1435359766397605,-0.49228,-0.09769951437990941,0.1320466020365579,-0.52266,-0.08349919216135507,-0.13782333324397444,-0.88133,-0.011399412025204291,0.14708854922269632,-0.91336,-0.038273113115638274
84,0.00903460197506964,0.74657,0.018130602421101948,-0.15715038331763628,0.55943,0.022960702343787096,-0.24270398379980573,0.78505,-0.09137305755912756,0.18283825005735962,0.54802,0.008929124535050216,0.29562907493794977,0.77634,-0.0840331017655072,-0.2349526230975148,1.065,-0.18671756451817043,0.3086844877356193,1.0019,-0.19565493689503033,-0.07859870206574116,-0.027365,-0.02081571611981809,0.08716491332044868,-0.028354,-0.03480783762083859,-0.14403995887141557,-0.49275,-0.10182466915399682,0.13224967151992348,-0.5223,-0.0878759475560425,-0.1380057653515414,-0.88173,-0.012952325263646373,0.1471182617519956,-0.91422,-0.039486709904362864
85,0.008498030269485958,0.74223,0.015911057241393495,-0.15762637166353954,0.55623,0.021643343207270307,-0.24359166258110157,0.7824,-0.09398865049023077,0.18256078787948068,0.54346,0.007989023083159692,0.29558170636728315,0.77373,-0.08706595211105889,-0.23598733201669767,1.0592,-0.1901094190923766,0.30886444510425987,0.99856,-0.19837754875599617,-0.07846849354252379,-0.030997,-0.02071073164248191,0.0877333438436698,-0.031809,-0.034238901121508,-0.14448661316205358,-0.49275,-0.10579746413293224,0.13238454892188584,-0.52193,-0.09217873782358285,-0.13818412964003818,-0.88233,-0.014597344163412889,0.1471473037309712,-0.91504,-0.040876872687441584
86,0.007913062995168797,0.73776,0.013457358545958793,-0.1584697942019173,0.55044,0.01945150301652729,-0.2445487765910772,0.7784,-0.09717079328588094,0.1823032435896136,0.53872,0.0067011799487846635,0.29557070417673276,0.77012,-0.09000773387587474,-0.23726700507832582,1.0533,-0.1940267187816196,0.3090907407101276,0.99509,-0.20106771423394823,-0.07826432710487541,-0.03536,-0.020485767054739822,0.08846016197966436,-0.035703,-0.03375069481553743,-0.14485100986889726,-0.49275,-0.1097644548110208,0.13242600538808622,-0.5222,-0.09660823061186122,-0.13833287756878357,-0.88334,-0.016765452798535665,0.1470337360389541,-0.9158,-0.0419240610082941
87,0.007364761932965045,0.73343,0.011021564846733379,-0.15937513344491538,0.54416,0.017196454268697724,-0.24551224167264263,0.77415,-0.10050413020803632,0.18207271272065584,0.53382,0.00527859901314074,0.2956551808738665,0.76592,-0.09304149271395686,-0.23897875575547162,1.0472,-0.19843647043214266,0.30931993846641875,0.98981,-0.20379900850379745,-0.07810934156932595,-0.040026,-0.02026330023975285,0.08917964183207738,-0.039752,-0.03339624631156014,-0.14522061602107095,-0.49344,-0.11376098972169973,0.1323252716068102,-0.52258,-0.10121065961243363,-0.13841678081627537,-0.88407,-0.018680984381428605,0.14689794138019566,-0.91662,-0.043097304721532184
88,0.00687085602666762,0.72854,0.008583287800185035,-0.1600394045001836,0.53698,0.01515681705459987,-0.246517977172365,0.76924,-0.10396201917452991,0.18198005493711972,0.52844,0.003831707332623443,0.2960069448497347,0.7608,-0.09611425809798496,-0.24099175305936796,1.0405,-0.20271187004557134,0.30967889771237816,0.98438,-0.20654302895921323,-0.07796160900559641,-0.045327,-0.019955274121357183,0.0899897762706031,-0.044575,-0.03301716559256406,-0.14550853540258024,-0.49418,-0.11781254527848915,0.13213139027514378,-0.52292,-0.10582306527859431,-0.1384454158584951,-0.88499,-0.020628600625547826,0.14665456232991345,-0.91749,-0.04418963738051648
89,0.006411844407542235,0.72342,0.005991621090612237,-0.16073406398654352,0.52966,0.012944838483724885,-0.24752946888816027,0.76407,-0.10768290408391334,0.18186224221020894,0.52272,0.0020693917645772802,0.2965249604749684,0.75497,-0.09916556680278915,-0.24318085009015972,1.0337,-0.20700698985644728,0.31010971969385887,0.97908,-0.20951296034230493,-0.0779327647946099,-0.050687,-0.01950951071831409,0.09076932458747249,-0.049605,-0.03263878427475604,-0.14577847106841893,-0.49484,-0.12205004863970413,0.13186897134954167,-0.52328,-0.1099603513827314,-0.13865781518981457,-0.88565,-0.02246664184490474,0.14643072982890076,-0.91835,-0.04545905457414923
90,0.006055393403981785,0.71819,0.0032041705202772667,-0.16137908770412357,0.5213,0.010380893592788414,-0.24860238040642987,0.75853,-0.11129141636378223,0.1817613232251287,0.51782,0.00046047307227168113,0.2971267466489984,0.74883,-0.1022600784606677,-0.24545044418058212,1.0268,-0.21147069265398202,0.31065648343795554,0.97371,-0.21309228282123044,-0.07788490521625738,-0.056423,-0.01875434884112489,0.09154902731860992,-0.054748,-0.032121316738521345,-0.14598254063867916,-0.49558,-0.12505019123806405,0.13164567491633442,-0.52352,-0.11341506116835984,-0.13894924670053657,-0.88636,-0.024177019778157584,0.1462282542699182,-0.91916,-0.04701046446454399
91,0.005798772109501794,0.71288,0.00028031236516450346,-0.1619484782948705,0.51229,0.0075548330210439135,-0.2498050534143677,0.75277,-0.11488720245808451,0.18164747679627138,0.51202,-0.0019128132548781734,0.29774664210210267,0.74263,-0.10519429958853464,-0.2475619222597797,1.0214,-0.21572872744964403,0.31127339747818367,0.9686,-0.2170799910687041,-0.0779286285708734,-0.062567,-0.017597176309364335,0.09232201904019297,-0.06054,-0.031250312835910066,-0.1461553775793463,-0.49626,-0.12770044167753966,0.13143753574318104,-0.52371,-0.11672622215577785,-0.1392326423103119,-0.88733,-0.02618735008145604,0.14614490136081512,-0.91972,-0.047886296236372375
92,0.005613230621416348,0.70757,-0.0026550636509872667,-0.1624594011021635,0.50312,0.004599658087983627,-0.2510077504646925,0.74689,-0.11831036178904475,0.18155022489766334,0.50632,-0.004479925848477673,0.2984177121151989,0.73616,-0.10829899700334386,-0.24979276698037248,1.0162,-0.2197423208312166,0.3118329595350079,0.9633,-0.22104743234798757,-0.07796656507472921,-0.068597,-0.015981035900341903,0.09298057056338455,-0.066334,-0.030152998436431933,-0.14631779562935343,-0.49675,-0.1302916036518346,0.13130133678417868,-0.52416,-0.11957180220975044,-0.13930411323234973,-0.88836,-0.02711097116572332,0.14618376915875678,-0.92022,-0.048702444687503156
93,0.005424739518549264,0.70232,-0.005624444075274453,-0.16306099230058563,0.49372,0.0013030402711930594,-0.25209866974101963,0.74059,-0.121560299501146,0.18153215300042558,0.50018,-0.007404214207468663,0.29906330571477496,0.7297,-0.11149059063414751,-0.25222751917867436,1.0111,-0.2237605768873763,0.3123119764474273,0.95857,-0.22483820308724578,-0.07800880733986197,-0.074808,-0.014228069103441158,0.0936543887007786,-0.072339,-0.02886544489668347,-0.14644258189340376,-0.49755,-0.1327269328674242,0.13113428010197145,-0.52535,-0.12213168346967831,-0.13936769607540864,-0.88944,-0.028105032140748776,0.1462445166270845,-0.92065,-0.049394507361754394
94,0.0052285604315066405,0.69711,-0.008712289240726749,-0.16343597976244406,0.48433,-0.002320899629446708,-0.253172296326741,0.73395,-0.12419387614791977,0.18156552726472827,0.49396,-0.010785377048634744,0.2997871629900589,0.72271,-0.11469903054242356,-0.2547555907917215,1.0062,-0.2273866703664948,0.3127544791577628,0.95024,-0.22849052992795235,-0.07803558111216598,-0.081263,-0.012070643747810835,0.09431644801027245,-0.07859,-0.027166601033724737,-0.1465314968956609,-0.49828,-0.13484365063849657,0.13089915511794167,-0.52612,-0.12467448531840444,-0.13933317126573155,-0.89069,-0.029348924836087392,0.14602835225592195,-0.9212,-0.04998697167683161
95,0.005064801280852141,0.69202,-0.01165658320372992,-0.16358462973781862,0.47786,-0.004776391267555285,-0.25441862180296543,0.72842,-0.12630959654705431,0.18157330133593003,0.48749,-0.014196550389849894,0.30046619499311794,0.71625,-0.11798892408763466,-0.25741468573263154,1.0017,-0.23025855373725101,0.3131853492240175,0.94206,-0.23180571483772824,-0.07799832136279167,-0.087266,-0.009659482884020005,0.09487416935036679,-0.084716,-0.02498835588985241,-0.14656543933658148,-0.49925,-0.13653342811222038,0.13065502625488312,-0.52824,-0.12703799988324674,-0.13920018793931738,-0.89121,-0.030034431535468076,0.1460202130501357,-0.92182,-0.0506090084549478
96,0.004967036270842954,0.68673,-0.014698824976307817,-0.16372504255403605,0.47212,-0.006897229130533474,-0.2559748763148238,0.72286,-0.128340205296745,0.1815920891533087,0.481,-0.017660437082268995,0.30113416338140314,0.70985,-0.12128397480534019,-0.2599452810220681,0.99756,-0.23240167937077824,0.31364747596225223,0.93553,-0.23494363435196194,-0.07787213210830363,-0.093062,-0.006899464537694794,0.09539755279098679,-0.090666,-0.022492320077992983,-0.1465803045203457,-0.50024,-0.13794224996977072,0.1304380622023474,-0.53055,-0.12895951662788036,-0.13912321906330571,-0.89224,-0.031152787378715432,0.14600143143691485,-0.92244,-0.0513489890296961
97,0.004881986045622634,0.68167,-0.017945378604263155,-0.16388242480689086,0.46666,-0.009459831679991027,-0.25788856376818997,0.71812,-0.13026717191057852,0.18152993287750763,0.47488,-0.021410617424249705,0.30160177116651643,0.70422,-0.12467874828221628,-0.26263113825708007,0.99406,-0.2344463482713913,0.31396825665151196,0.92924,-0.23807693927638246,-0.0775590294755466,-0.098225,-0.00398353471320302,0.09573391528301217,-0.096056,-0.01979576203597748,-0.14653325121566674,-0.50112,-0.13888473921985203,0.1301891985375408,-0.53299,-0.13060124342498727,-0.13898912172066452,-0.89345,-0.032350265521604304,0.14580521077997413,-0.92294,-0.05205869774021736
98,0.0048284689024082955,0.67634,-0.021335590384577503,-0.1635927734423846,0.46129,-0.012021039615134062,-0.2600681733572564,0.71325,-0.13197462675309984,0.18142193526662534,0.46877,-0.0250176629626431,0.3019801994831157,0.69905,-0.12829134513340185,-0.2655939073315822,0.99042,-0.23639141881283027,0.31433420990935207,0.92156,-0.24112682094836194,-0.07729752741859813,-0.10338,-0.0007498166249628405,0.0961073693825518,-0.10142,-0.016808224247842063,-0.14641505024291826,-0.50193,-0.13907820376451416,0.12998550744131457,-0.5352,-0.13215954696965315,-0.13899237651891208,-0.89459,-0.033520478496360764,0.1457607310202815,-0.92353,-0.05254130581202894
99,0.004837022878082328,0.67121,-0.024523507389378623,-0.16330785866344932,0.45647,-0.01426358383292426,-0.2625223394061325,0.70845,-0.1338570637386438,0.18127724802165845,0.46225,-0.02889037346062044,0.30223603397010507,0.69305,-0.1321960922078315,-0.268836490395998,0.98664,-0.23819576220319807,0.3146202128783044,0.91346,-0.24411183389670077,-0.07689450326025823,-0.1082,0.0024630090048830162,0.09654250945722105,-0.10668,-0.013764545205068854,-0.1462476329249062,-0.5025,-0.13910772395471754,0.12972037250022705,-0.53792,-0.13343285112146233,-0.13874133825789423,-0.8958,-0.033766813210733604,0.14568097663813548,-0.92412,-0.05305120309435991
100,0.004808197435438475,0.66576,-0.028015553937444156,-0.16317704016144266,0.45076,-0.016458648187227514,-0.265315383867716,0.70321,-0.13576098144579862,0.18111291627405116,0.45655,-0.032298616420963544,0.30253210318189333,0.68684,-0.13633335845764322,-0.2727956517828191,0.97961,-0.23997529616272356,0.3146496431031176,0.90499,-0.24745777679248773,-0.07650255295406272,-0.11333,0.006160114894288031,0.09703493000854918,-0.11173,-0.010643639567176275,-0.14607674264334078,-0.50379,-0.13911754798986065,0.12939034479311193,-0.54168,-0.1346134787988172,-0.13850816171678915,-0.89677,-0.03428720988700878,0.1456283354140925,-0.92473,-0.053580097130563054
101,0.004641784313937862,0.66016,-0.03145287726715761,-0.16307688169207624,0.44513,-0.018539655703075104,-0.26844442863397044,0.69682,-0.13755488190311943,0.18091529572875162,0.45105,-0.03543494789580409,0.3029453074349771,0.68002,-0.14049737133529303,-0.27689896519949075,0.97166,-0.2423995937939071,0.31441091602448495,0.89562,-0.25117276123147636,-0.07606274182868314,-0.11828,0.009771609207448767,0.09769410329945025,-0.1169,-0.006939834689410352,-0.14590121372957526,-0.50531,-0.13915865273937084,0.12918772319598454,-0.54535,-0.135532252159542,-0.1383248720712713,-0.89811,-0.03514811691209682,0.14567154263265292,-0.92548,-0.05477474943825106
102,0.004437444382960675,0.65432,-0.03500739512371823,-0.1630592283656657,0.43913,-0.02051269608787888,-0.27180054999654757,0.68976,-0.13936966822653424,0.18073506582742865,0.44604,-0.03824230130830297,0.30325137254626316,0.67309,-0.14486588654616883,-0.2809559644213223,0.9626,-0.2446188182787348,0.3141149812167702,0.88439,-0.25590323928232733,-0.07552645801132751,-0.12322,0.013642288820545476,0.09833206506605026,-0.12185,-0.0031662869178356243,-0.14577956383566046,-0.50681,-0.1391597943656306,0.12895722172088248,-0.54943,-0.13591808770738042,-0.13800142608781218,-0.89894,-0.03579003489422864,0.14566012637005504,-0.92626,-0.05599124837739909
103,0.004221113110769674,0.64832,-0.038560814009899844,-0.16316563018144736,0.43307,-0.022267884867924602,-0.2751485357209843,0.68199,-0.14136866587259794,0.18057780735415463,0.4407,-0.040861789573705884,0.3034749066883836,0.66585,-0.14935693191304128,-0.28496191464656556,0.95283,-0.24735475738494195,0.3137681657091761,0.87682,-0.2613253900551934,-0.0748030132565414,-0.12803,0.017555108479918043,0.09914422364230746,-0.12659,0.0005643601369005741,-0.14566255257394575,-0.50834,-0.13912965527752338,0.12876549365799705,-0.55201,-0.13602644060259875,-0.13765500689248128,-0.89909,-0.035840963678881954,0.14558066763184455,-0.92695,-0.05696017061830493
104,0.003998347239050201,0.64132,-0.04208162007760609,-0.16328113561345162,0.42626,-0.023959527411483227,-0.278543430495778,0.67329,-0.14346093484863282,0.18041975633479906,0.43499,-0.04319783406713504,0.30367073281688406,0.65793,-0.15371717870965687,-0.28894000903622113,0.94255,-0.2504510075406933,0.3132110916522831,0.86732,-0.2669033976291518,-0.07388607510622879,-0.13325,0.021378976996028563,0.10018775495920954,-0.13167,0.004248117375189306,-0.14558959629693866,-0.50967,-0.13888866278460033,0.1286849725559794,-0.55507,-0.13602239682591552,-0.1372734867228746,-0.89909,-0.035865588060768866,0.14550956804854906,-0.92783,-0.058054448850408266
105,0.0037794514958362953,0.6342,-0.04552288985104769,-0.16338639580297354,0.419,-0.02559306629761414,-0.28176279635680623,0.66461,-0.1455943085741779,0.1801432069149366,0.42918,-0.04528451310770973,0.30376458116414307,0.65001,-0.15790713008022395,-0.2930141807367234,0.93162,-0.2541497269075589,0.312460030322372,0.85739,-0.27300568464950015,-0.07287785447536056,-0.13855,0.025294385168811023,0.10124210233172386,-0.13688,0.00805080321786316,-0.14548771468524507,-0.51105,-0.13836845115728053,0.1286339956865521,-0.55877,-0.1360235624945623,-0.13691201000468353,-0.8991,-0.03588870909460847,0.1454454642609571,-0.92922,-0.05905146424869275
106,0.003528879657126045,0.62757,-0.04862551434551126,-0.16347237926095148,0.41245,-0.026714167472778164,-0.2845054107197053,0.6555,-0.14773051232298545,0.17984336638070272,0.42353,-0.046927405573463456,0.3037605195492306,0.642,-0.1620188916860669,-0.2969846141318205,0.91945,-0.25818152038628495,0.3118178927008093,0.84769,-0.2792388747857765,-0.07182404006857275,-0.14347,0.029180429969896886,0.1023429688023591,-0.14169,0.01183513222230121,-0.14537203738888604,-0.5133,-0.1370789478563514,0.12856505914384125,-0.56325,-0.13601140712212562,-0.13666077048545522,-0.89925,-0.03550043766380531,0.1454454642609571,-0.93042,-0.05905146424869275
107,0.0032603265069839262,0.62113,-0.0515594537118835,-0.1635763464346,0.40564,-0.027649320843516637,-0.28714369192168243,0.64591,-0.15031159200003819,0.179423935688299,0.41809,-0.048384711956579146,0.30354964830618564,0.63415,-0.1660941871745998,-0.30074010226064457,0.90647,-0.2624339913049699,0.3111439516365234,0.83955,-0.28588278202789463,-0.07078675768182799,-0.14816,0.03281147145274297,0.1035483889260365,-0.14625,0.015671090032996413,-0.14526447168828052,-0.51567,-0.1357778599961155,0.12854119900016284,-0.56841,-0.1352253214438795,-0.13650002392535546,-0.89936,-0.035049500258596905,0.14537597737985752,-0.93147,-0.06007900868732061
108,0.0029440549307323226,0.61506,-0.05418238190191375,-0.16366074123276902,0.39876,-0.028531061461863103,-0.2893156645585774,0.63656,-0.15278196340219202,0.178896152100677,0.41278,-0.0496502902768094,0.303326549563543,0.62733,-0.16972053891581731,-0.30421289829151854,0.89377,-0.2666956914032811,0.31041727317864676,0.83217,-0.2923650762528476,-0.06978899378902319,-0.15294,0.03652360725497529,0.10473226465448972,-0.15076,0.019471245063989145,-0.14516851458936875,-0.51806,-0.134312256968291,0.12857640327927816,-0.5714,-0.13427702789295132,-0.1362914760316233,-0.8996,-0.03467299424799432,0.1454199548859354,-0.93239,-0.06098135395325776
109,0.00264885845759172,0.60945,-0.05631146716141966,-0.16403638497436782,0.39314,-0.029106574953796753,-0.2911899116170491,0.62756,-0.15506112946981637,0.17837226446777046,0.40777,-0.05060583501573458,0.30312136240941007,0.62081,-0.1730149581714341,-0.3068816489708629,0.8836,-0.2709468523989974,0.3096922350329988,0.82524,-0.298147015346902,-0.06901527753788238,-0.15694,0.03967919328022015,0.10574765054117756,-0.15478,0.02309903950429515,-0.14508992230822368,-0.51985,-0.13294513471576766,0.1286179345875963,-0.57448,-0.13300491345217588,-0.13605353172726853,-0.8996,-0.03407218520343429,0.1454136020305227,-0.9334,-0.06153567213014546
110,0.002338508912458818,0.60386,-0.05819823984508767,-0.16446310353876475,0.38735,-0.029395871111391365,-0.2925433762350711,0.61967,-0.15738135220217686,0.17785519898238983,0.40292,-0.05146510172859391,0.3029381306204698,0.6146,-0.1758969238394326,-0.3093008209179487,0.8737,-0.27453122223070187,0.30888657961578514,0.81879,-0.3032344036109049,-0.06833365492687253,-0.16073,0.04274439810472373,0.1065625743036768,-0.15834,0.026108246087651315,-0.14497134286144125,-0.52145,-0.1316967602067357,0.12860037743073366,-0.577,-0.13172238012074045,-0.1357873825071479,-0.89977,-0.03342659354253,0.14531665647878766,-0.93432,-0.062143065380024634
111,0.0020088146966826224,0.59867,-0.05969370857564799,-0.1648856785892847,0.3821,-0.029488905119571612,-0.29359388178695284,0.61254,-0.15965345213075957,0.17727180167696333,0.39774,-0.052297440952721375,0.30277975634714593,0.60859,-0.17840756471170982,-0.3115369231686455,0.86502,-0.2782291063181806,0.3082945354994889,0.81198,-0.3072831051020449,-0.06781434232997721,-0.16453,0.045770188980958554,0.10734753262624644,-0.16198,0.029235448740475182,-0.14492343643914632,-0.5232,-0.13044607840279718,0.128583391087001,-0.57856,-0.1303790218423476,-0.13562861998798634,-0.89959,-0.032871732782961016,0.14524166629224547,-0.93519,-0.06233800504228546
112,0.0015342131319619652,0.59327,-0.06098592657380648,-0.16526382553253183,0.37726,-0.029560325630021173,-0.2944260412361693,0.60593,-0.1616086530542147,0.176699767197892,0.39331,-0.05277739986216423,0.3025263261773002,0.60354,-0.180535891084476,-0.31367228543390846,0.85618,-0.2815284286722544,0.30790920484177725,0.8054,-0.31067776565712657,-0.0673265838328204,-0.16809,0.048674615369843514,0.10806169414474782,-0.16546,0.03242184440415097,-0.1448871145761582,-0.52503,-0.12920350819461213,0.12865503744103937,-0.58037,-0.12905129189994477,-0.13552197596451185,-0.89947,-0.0324396875859536,0.1453126848292654,-0.93607,-0.06274146677206853
113,0.0011347014909773006,0.58907,-0.061967463862307406,-0.16553684320112946,0.37283,-0.0295538177399246,-0.2951116692334676,0.60018,-0.16336629757155058,0.17616397531935615,0.39001,-0.0531094044749259,0.302054501820015,0.59965,-0.18263586293568554,-0.31552845260716167,0.84766,-0.28468404959767263,0.30760729743650667,0.8006,-0.31411759878078865,-0.0668099354441418,-0.17105,0.05169681431142161,0.10870108899348152,-0.16823,0.03547215573701731,-0.14484448972635425,-0.5271,-0.12746449033323776,0.12874000483616124,-0.58244,-0.12770560228425837,-0.13546990733742165,-0.89947,-0.032374742547090385,0.14539216225839413,-0.93671,-0.06315454344565238
114,0.0007430346526749523,0.58537,-0.06270871286755074,-0.16578773364017949,0.36845,-0.029536995504839198,-0.2958610483705338,0.59462,-0.1649096157205172,0.1757078861705465,0.38722,-0.0533925063794375,0.30156528860257625,0.59572,-0.18466168879885422,-0.317116462476969,0.83954,-0.28747062897988923,0.3073980184209164,0.79595,-0.31714728561173894,-0.06634468932029128,-0.17371,0.05444477283444231,0.10928623169979927,-0.17067,0.038329963290587535,-0.1448070743218803,-0.52911,-0.1257550167044537,0.12880242201057338,-0.58244,-0.12666056443980567,-0.13545799952414653,-0.89905,-0.03219203457248883,0.14549676702086475,-0.93718,-0.06388581756913034
115,0.0002831757329693121,0.58133,-0.06337599674564699,-0.16597410265194426,0.36416,-0.029442192596372065,-0.29664230307748385,0.58961,-0.16634577068529932,0.17500485062217624,0.3839,-0.053694005994242774,0.3011021226117875,0.5921,-0.18653979349907113,-0.3184606257882038,0.83245,-0.2900260399043259,0.30715862435960595,0.791,-0.3202325879443166,-0.0659150056296978,-0.17639,0.05715229234979912,0.10988330626177914,-0.17319,0.04119785205541727,-0.14477365460931563,-0.53087,-0.12447131770437145,0.1287269660995638,-0.58257,-0.12559121585047955,-0.1354733785171521,-0.8986,-0.03199131465176809,0.14556019312284132,-0.93762,-0.0646778643667301
116,-0.00021446519889962296,0.57712,-0.06395233822682687,-0.16616069518048357,0.36027,-0.02940624501935632,-0.2974120693946751,0.58526,-0.16708330700095966,0.17439206047377295,0.3806,-0.053944400151562606,0.3006725205878853,0.58854,-0.18816995977925824,-0.3195580644328296,0.82657,-0.29221878439953775,0.306958526438868,0.7857,-0.32263432915063267,-0.06548371164114712,-0.17887,0.05994380833496561,0.1103807085536011,-0.17523,0.04390358522040051,-0.14474951216115117,-0.53224,-0.12312505727555519,0.1284418945795462,-0.58257,-0.1251347794053146,-0.13557565372615207,-0.89813,-0.03176511831752722,0.14555957244111453,-0.93762,-0.06479655983738587
117,-0.0007596124408811925,0.57304,-0.06449288654525907,-0.1663702831794588,0.35657,-0.029385535826094458,-0.29826585381982434,0.58105,-0.16766386893165494,0.1738532925338298,0.37742,-0.054120519732783395,0.3002678241643735,0.58483,-0.18977405479040838,-0.3205987699919552,0.81987,-0.29414736728321295,0.3068551006844936,0.77992,-0.32454540296221923,-0.06502078964187406,-0.18116,0.06274193256783824,0.1109467757865854,-0.17726,0.04688356120817985,-0.14473635941677665,-0.53319,-0.12189871025887704,0.12821355614502877,-0.58122,-0.12441418134861297,-0.13556935073933626,-0.89802,-0.03126867066433789,0.1456012239613676,-0.9372,-0.06438757921332086
118,-0.0013560694232131899,0.56917,-0.06514014620584933,-0.16654256264644557,0.353,-0.029383590252975423,-0.2990559111475927,0.57732,-0.16828613046737723,0.1732485400701961,0.37447,-0.05426774220976631,0.29983415432140104,0.58136,-0.19131211540927104,-0.3215271269639533,0.81403,-0.29584190360107177,0.30673832984664884,0.77408,-0.3263018096837473,-0.06451541395931162,-0.18318,0.0655965429474653,0.11158867562079032,-0.17911,0.049832903609944655,-0.14472960582876584,-0.53425,-0.12047830384201987,0.12804596874648486,-0.58122,-0.12357939786539753,-0.13562335175494483,-0.89778,-0.030768697774759612,0.14582552218684766,-0.93692,-0.06438245027127505
119,-0.0019057477270692132,0.56568,-0.06600584751823713,-0.1666582586337228,0.34997,-0.029291094639414855,-0.3000133857933731,0.57378,-0.16887887181289618,0.1726779704713529,0.37164,-0.05445145484644625,0.29940279177333523,0.57835,-0.19277950300364624,-0.32245660151982414,0.8088,-0.2978307165761875,0.30657355641696116,0.76843,-0.32861839115584557,-0.06395294827793883,-0.18523,0.06864823384879817,0.11229264176540622,-0.18091,0.05301906613989108,-0.1448381270206931,-0.53572,-0.11907818843573985,0.12787910176686154,-0.57924,-0.12251017786412961,-0.1356324037187476,-0.89687,-0.030244156964191644,0.1460286095084424,-0.93602,-0.06472796516213718
120,-0.0024554783037608278,0.56256,-0.0669121566779891,-0.16664848446717656,0.34693,-0.02917807488154781,-0.30083762598593206,0.57049,-0.16946464318892146,0.17220590747402081,0.36884,-0.05442203501385244,0.2989447871431025,0.57533,-0.19428280994458855,-0.3233884074129886,0.80374,-0.2997175758124487,0.30639027654324696,0.76515,-0.33115510329715986,-0.0634054854423519,-0.18694,0.0716954621703473,0.112488054752993,-0.18253,0.056200465637640834,-0.1450993864818063,-0.53572,-0.1190625841421368,0.12788565052901596,-0.5775,-0.12253062569321349,-0.13560935659589188,-0.89582,-0.029767924006356854,0.1461772211708466,-0.93618,-0.06532483916374676
121,-0.002882131953712907,0.56025,-0.06766754509660734,-0.16663471639254399,0.34424,-0.029042404545361472,-0.3014602659956883,0.56772,-0.17011642491484713,0.17178412675340535,0.36616,-0.0543953887436239,0.2982370835686764,0.57054,-0.19558977423283233,-0.32436885883828664,0.79926,-0.30170755445621117,0.3061473614336092,0.76141,-0.33391484825811363,-0.06287057033567647,-0.18848,0.07457938845731277,0.11278358526046386,-0.18401,0.059258607347757286,-0.14535079786538935,-0.53572,-0.11904871633031044,0.12788565052901596,-0.57512,-0.12253062569321349,-0.13552660032612862,-0.89458,-0.029183414468526313,0.14627959254939457,-0.93663,-0.06624154255135598
122,-0.0032725213649811985,0.55794,-0.06843034330555227,-0.16662905991366483,0.34176,-0.028895149649868352,-0.3018951976768554,0.56497,-0.17091300161091424,0.17137254140667532,0.36356,-0.05436850933966601,0.2975536907391237,0.56592,-0.19675886543565438,-0.32533484759624154,0.79503,-0.30355792353277533,0.30587083427231077,0.75805,-0.3365772781124129,-0.061817114237879216,-0.1899,0.08270185626272841,0.11342238502140742,-0.18538,0.06741357318860655,-0.1457632514530077,-0.53572,-0.11902676096511759,0.12788582417719363,-0.57274,-0.12252964088546049,-0.13536565429164127,-0.89332,-0.028500994968524443,0.14633723839291124,-0.93717,-0.06712395852850352
123,-0.003638985175134852,0.5558,-0.06920142194995091,-0.16643437983175907,0.33905,-0.02877005502284882,-0.3020856158167722,0.56158,-0.17210809195561236,0.17097281400462355,0.35987,-0.05421679248480492,0.29687607816803085,0.56188,-0.19783758745892863,-0.3267085791824538,0.79084,-0.3059354982485399,0.3054275567756782,0.75541,-0.3398398698829198,-0.06063068210380826,-0.1936,0.09185488962829876,0.1140686233461176,-0.18916,0.07706193538266187,-0.14767396462878946,-0.53094,-0.1215127366608745,0.12862575147054808,-0.564,-0.12674110958421028,-0.13524474529138825,-0.89182,-0.027757698248729572,0.14627307760143077,-0.93782,-0.0697913406520165
124,-0.003930265916659041,0.55414,-0.0699146775350094,-0.16616126242596763,0.33667,-0.02866082186554865,-0.30218271454194373,0.55828,-0.17369534487735167,0.17083960537761184,0.35687,-0.053993265167258137,0.2962013437049744,0.55771,-0.198784811510758,-0.32808985155128945,0.78707,-0.3082406634580403,0.30493908266807823,0.7526,-0.3430132581425257,-0.059236051156183384,-0.19724,0.10097933533858314,0.11473540745328255,-0.19287,0.08642946333588582,-0.1495979988456547,-0.526,-0.12401667202991494,0.1293713094165717,-0.55501,-0.1310358206745074,-0.13505363434258372,-0.89037,-0.026961792723401948,0.1462187150188835,-0.93836,-0.0725183297810045
125,-0.0041594112452657695,0.553,-0.07047134387886154,-0.16592039371262537,0.33466,-0.028676892426610402,-0.30229891456665864,0.55523,-0.17539092665192235,0.17073182329552342,0.35395,-0.053740712157415285,0.29547908129365713,0.5537,-0.1995408783128318,-0.3296362339432307,0.78324,-0.3104456354528498,0.3043364754068,0.74985,-0.34608528751879386,-0.05774988536036399,-0.20098,0.11004702392098033,0.11546478424428466,-0.19661,0.0955818537611653,-0.15156539702216268,-0.5206,-0.12711206286389265,0.1302055241027535,-0.54648,-0.1355187868641366,-0.1348960855768429,-0.88847,-0.026010701567721513,0.1461878688513052,-0.93864,-0.07522712610297959
126,-0.004335274813777355,0.55193,-0.07093890885324518,-0.16576190636265817,0.33301,-0.028641881572573684,-0.3023942768100535,0.55226,-0.1769683314961316,0.17066464906079912,0.35113,-0.053488211420408036,0.2947040814887489,0.54988,-0.20013533209774043,-0.3311814747089121,0.7803,-0.31252895755374444,0.30360991095670037,0.7474,-0.3492268482932898,-0.05630126301408534,-0.2046,0.11874054744702327,0.11617111631666974,-0.20036,0.10424074855227577,-0.15353281924105766,-0.51528,-0.13003482693452825,0.1310947834774327,-0.53796,-0.14009269304644348,-0.13475354624918826,-0.88702,-0.025432671689538944,0.14611718512388014,-0.93886,-0.07764356311036821
127,-0.004415186634845926,0.55079,-0.07115024295095188,-0.16556085116677563,0.33156,-0.02853821958239106,-0.30246939612764523,0.54936,-0.17831575759359464,0.1706837263179555,0.34828,-0.053207255804234604,0.2939991358104243,0.54592,-0.20044766459782884,-0.33274182108222766,0.77737,-0.31429483387876866,0.30289723836081417,0.74479,-0.35228962444754475,-0.054900617433439665,-0.20827,0.12710439350953648,0.11687314324819364,-0.20408,0.11261608300454785,-0.1554532602824346,-0.50931,-0.13338219996521888,0.1321630687718178,-0.52976,-0.14486063458654239,-0.13459426278549375,-0.88562,-0.024874856506710907,0.14607418893533392,-0.93878,-0.07921192382390656
128,-0.004438184509520542,0.54968,-0.07114821865837156,-0.1653344192945667,0.33012,-0.028463402423610732,-0.30242874197933,0.54663,-0.17906418744349695,0.1707038454641779,0.34551,-0.05292039134154311,0.2935543079669531,0.54306,-0.2008972512854351,-0.33421767470400326,0.77485,-0.31546635258843214,0.3022782876960941,0.74259,-0.3544753508884889,-0.05353688019517578,-0.21176,0.13510919392834594,0.1175868028237983,-0.20766,0.12065427552588917,-0.15724855442395644,-0.50323,-0.13688364523045116,0.13331420650551412,-0.52179,-0.14973457364217904,-0.13440265671836613,-0.88487,-0.02430649384516469,0.14607958715211394,-0.93761,-0.08136964179881792
129,-0.004438184509520542,0.54875,-0.07114821865837156,-0.16504599680675358,0.32906,-0.02844013294738759,-0.3021604885063362,0.54447,-0.17938565295366365,0.17071481112558082,0.34305,-0.05262785116606289,0.2932681669478367,0.541,-0.20108034502421115,-0.335640292246219,0.77307,-0.3162207790782773,0.30185563159929857,0.74058,-0.3560661248585556,-0.0522464891861551,-0.21525,0.14276137368602534,0.1182209741899123,-0.21117,0.12835108464905193,-0.1590079292189111,-0.49752,-0.14041173257785033,0.13449724385148126,-0.5149,-0.15488830264534237,-0.13410550016924985,-0.8842,-0.023772989407210034,0.1461072604204094,-0.93671,-0.08374655790802789
130,-0.004438184509520542,0.54862,-0.07114821865837156,-0.164717661064287,0.32804,-0.028420854975012073,-0.30175961947802465,0.54302,-0.17941571991460992,0.17081386449783484,0.34087,-0.05218126698648965,0.29325831887030657,0.54091,-0.20107860854243448,-0.3369564376293151,0.77283,-0.31614102112848547,0.3015527446603193,0.73936,-0.35663212795235966,-0.05099440532189234,-0.21835,0.15011568004331377,0.11870122595192983,-0.21432,0.13565870904040367,-0.16076437782105532,-0.49196,-0.14415357548048877,0.13576372849227658,-0.50699,-0.16025983098042818,-0.13385659198731512,-0.88353,-0.02328276423755232,0.14625534221916606,-0.93532,-0.08636200658480918
131,-0.004425237211418102,0.54862,-0.07094233916091772,-0.16414267456619533,0.32758,-0.027924154333768006,-0.30120755632320795,0.54268,-0.179452137947146,0.1709211292030361,0.33952,-0.051630526318826475,0.2929999615596168,0.54091,-0.2011041330407286,-0.33817062927355657,0.77283,-0.31605893184140005,0.30117407142107044,0.73936,-0.3579158750372159,-0.05032803544264414,-0.22121,0.15164317216572581,0.11887314602394332,-0.217,0.13740539146398237,-0.16233257132386747,-0.48652,-0.14780676164296908,0.1376652489391347,-0.49912,-0.16663690868029826,-0.13362668536772995,-0.88301,-0.022785126873329228,0.14636318750930088,-0.93519,-0.08914806013659093
132,-0.004374396763180873,0.54862,-0.07037758766793782,-0.16363057096698314,0.32714,-0.02720820328538975,-0.30064390860908435,0.542,-0.17948044438392863,0.171015567985477,0.33876,-0.05132528818822828,0.29302020448542,0.54091,-0.20087415429398245,-0.33874412506521023,0.77283,-0.3160288889228407,0.30117407142107044,0.73936,-0.3579158750372159,-0.04982251542833533,-0.22193,0.1517977377347676,0.11895169751045495,-0.21767,0.13740169498365448,-0.16239049412040144,-0.48652,-0.14784731962173636,0.1386971099968259,-0.49803,-0.16775304610804648,-0.13361256999674204,-0.88301,-0.022647486921636865,0.14656121142371045,-0.93551,-0.0901557557897134
133,-0.004178557061937274,0.54862,-0.06942817110424365,-0.16299974366666656,0.32714,-0.026279638308032035,-0.30015616740716544,0.542,-0.17936336099505296,0.17112211227175772,0.33876,-0.0510089840386176,0.2930792929506007,0.54102,-0.20088457318464248,-0.3391507983943686,0.77283,-0.3159165643781002,0.30114921390545424,0.73936,-0.358287199832937,-0.04953663577339684,-0.22199,0.15177779223672289,0.11894480385618386,-0.21781,0.13740291052089815,-0.16239049412040144,-0.48652,-0.14784731962173636,0.13991151802255025,-0.49673,-0.16938877626521065,-0.13353703482327983,-0.88317,-0.02262221959945909,0.1467627822126573,-0.93566,-0.09125851152741933
134,-0.003888171628342891,0.54873,-0.06810956339155722,-0.16211291443534082,0.32714,-0.02505096833018356,-0.299691096637891,0.542,-0.17868379556070058,0.17139416552991907,0.33876,-0.0503299089141109,0.29310645776112354,0.54367,-0.20044257536443374,-0.33911728251225604,0.77307,-0.3153233724313863,0.30114921390545424,0.7404,-0.358287199832937,-0.049372639146102515,-0.22199,0.15176918373882342,0.11881921473125702,-0.21781,0.13740474673986863,-0.1623991524868978,-0.4864,-0.14806918677272907,0.14105855769063153,-0.49618,-0.16979411562901342,-0.13353703482327983,-0.88317,-0.02262221959945909,0.14694470671514073,-0.93648,-0.09229992377787355
135,-0.003290942031679161,0.54921,-0.06552297513501755,-0.1609248848782156,0.32737,-0.023208272812362776,-0.29904954766768727,0.54275,-0.17654267087520686,0.17203067513532466,0.33876,-0.04902359175421961,0.293849011183018,0.54672,-0.19980178334229798,-0.3389629520156153,0.77429,-0.31289325266112666,0.301181588161307,0.74501,-0.35781565778013796,-0.04936082145306636,-0.22199,0.1517670999606914,0.11902488273312978,-0.21781,0.13724663072864374,-0.16235107776789393,-0.48631,-0.14802689231218513,0.14170099002499603,-0.49601,-0.16983631392000936,-0.13353703482327983,-0.88408,-0.02262221959945909,0.14675174085644754,-0.93638,-0.09183941951363836
136,-0.002631560812842864,0.55102,-0.062480249644894265,-0.15961292217465597,0.32762,-0.021123419132972176,-0.2982273565079359,0.54409,-0.17372259965326464,0.17286479279926936,0.33936,-0.047402811472165504,0.2946575749548128,0.5505,-0.19895939113735966,-0.33876352107755525,0.77606,-0.30986182934839973,0.3012753100924732,0.75012,-0.3569386080668272,-0.049375155532351445,-0.22195,0.15153607932487928,0.11899095285639402,-0.21759,0.13671443737706493,-0.1622161308752827,-0.48618,-0.14783744750181924,0.14170099002499603,-0.49565,-0.16983631392000936,-0.1336975560827821,-0.88507,-0.022611177622833583,0.14668250866980118,-0.93624,-0.09136823918262679
137,-0.0018595480045527305,0.55408,-0.05915580243914171,-0.15822170199109636,0.3289,-0.018704249357851723,-0.29735485546143514,0.54669,-0.17027168065626472,0.17376067934586664,0.34102,-0.04548931015373742,0.29557729760270146,0.55558,-0.1976593487338356,-0.33854330044294906,0.77932,-0.3063669755786271,0.3016908760078401,0.75579,-0.3543514658268286,-0.04942266781434861,-0.22101,0.1507828870631961,0.11893615696788964,-0.21668,0.1358508324844184,-0.161847161459242,-0.48578,-0.14758772451523888,0.14170099002499603,-0.49518,-0.16983631392000936,-0.1349730135033723,-0.88876,-0.02685009545268845,0.14666345723885474,-0.93619,-0.09141869751175977
138,-0.0010087061363179082,0.5587,-0.05533246448451898,-0.15679790986111922,0.33166,-0.015985179485521264,-0.2964541201053127,0.55103,-0.165739233655115,0.17482562173888175,0.34381,-0.04330809794499677,0.29670142641426817,0.56133,-0.19577593841874075,-0.33802885123585996,0.7849,-0.3025279858660432,0.30222863858786464,0.76283,-0.35153201350279023,-0.04949353426391473,-0.21873,0.14967841345720728,0.11885922485329865,-0.21463,0.13462557722540314,-0.16097365683664555,-0.48498,-0.14718326231143902,0.14174549561089855,-0.49392,-0.16912320856115734,-0.13620801268238897,-0.89181,-0.031262677126474,0.14655901720544717,-0.93485,-0.09270205883244145
139,-0.00010309839385021571,0.56468,-0.0512618802983385,-0.1552545257891494,0.3358,-0.013048571645446289,-0.29551051947551643,0.55657,-0.16119403642601174,0.17590445598611024,0.347,-0.04104810111601516,0.298061266146267,0.56783,-0.1934771483232171,-0.3372027845961344,0.79198,-0.29841900619868866,0.30294706739982386,0.77026,-0.3482062414056454,-0.04982615467250138,-0.21543,0.1483967002818862,0.118780556256931,-0.21154,0.13339047388885775,-0.15931870516800312,-0.48415,-0.14672365924959374,0.14168795128839862,-0.49247,-0.16772192748623055,-0.137226899142663,-0.89459,-0.03554378905926323,0.14630353800279391,-0.93377,-0.09259608535929065
140,0.0008563739430360057,0.57191,-0.04712768317740316,-0.15392167365184992,0.34069,-0.010384546461613325,-0.2946167060041137,0.56348,-0.15687360849832457,0.17702516348654343,0.35082,-0.03872339238189968,0.2995004372692497,0.57438,-0.19095879837160742,-0.3358229183198153,0.80136,-0.2943365964863402,0.3036990601786696,0.77777,-0.3446325308884709,-0.05052064593957682,-0.21103,0.14664061859814942,0.11838451401185385,-0.20762,0.13162238465465204,-0.1571354783610614,-0.48313,-0.14603226883206466,0.14128567616757037,-0.49118,-0.16591461602243618,-0.13807196734473823,-0.89701,-0.039645356532052305,0.14602347645371871,-0.93243,-0.09234158677632877
141,0.00207295679826521,0.58082,-0.04275044042010007,-0.1527365426775023,0.34675,-0.0076944740511303185,-0.2938416643185893,0.57128,-0.15242054097293276,0.1785672821526727,0.35805,-0.03585154871979415,0.30089957314182103,0.58111,-0.18797644714982215,-0.33409149552999623,0.81112,-0.2897576910360284,0.30465148747167115,0.78553,-0.34107385385176947,-0.051281666096846985,-0.20537,0.1446627196320168,0.1178137426118088,-0.20233,0.12956016836898004,-0.1544558279433173,-0.48129,-0.14517455463800935,0.14057863337166432,-0.4898,-0.16364739514992344,-0.1389467311690174,-0.89877,-0.04431845018098898,0.14582252099502993,-0.93097,-0.09232950771911466
142,0.0032966760584496524,0.58941,-0.03845365927926293,-0.15170290325741828,0.35438,-0.004942149660865182,-0.2930000174276476,0.58146,-0.147877675081123,0.18015712824145047,0.36572,-0.03293938021265072,0.3022401673199546,0.58852,-0.18475022532707738,-0.3320385110604625,0.82129,-0.2856010391660911,0.30567748993958366,0.79406,-0.33755861290187184,-0.05229184680369088,-0.19824,0.14234289228078556,0.1169840148574955,-0.19565,0.12719836802735035,-0.15150402453021808,-0.47907,-0.14352202427205057,0.1397178968152506,-0.48823,-0.16006348212357177,-0.13968134043917824,-0.90002,-0.049175678837351966,0.14557205176331905,-0.92948,-0.09242547210816696
143,0.004779519892186816,0.59757,-0.03340139719532988,-0.15084992828544588,0.36358,-0.0022930209933239576,-0.29216990701123874,0.5922,-0.1436881743117509,0.18164390300750088,0.37418,-0.030323819700057722,0.30363585427135953,0.59485,-0.18196019702369445,-0.32994675317871225,0.83263,-0.28116690464353367,0.306919032529286,0.80309,-0.3343758512083178,-0.05352529346390356,-0.18965,0.14009289553936347,0.11593399961545943,-0.18802,0.12473325058765468,-0.14804314344791092,-0.47621,-0.14105552834987103,0.13814026938540064,-0.48765,-0.15421061174293074,-0.14043688544402996,-0.90108,-0.05386370142109063,0.1451086765263391,-0.92948,-0.09113743973677495
144,0.00625690074954789,0.60574,-0.029053893336527324,-0.15026181130154376,0.37468,5.777478322879781e-06,-0.2914034996498237,0.60369,-0.13962960070069383,0.18279772565744867,0.38241,-0.028272007259197818,0.3045669450970721,0.60229,-0.1790984021543382,-0.32801189755476595,0.84465,-0.27733466851896044,0.30818609961728255,0.80945,-0.3314514468254534,-0.05444582843477472,-0.18049,0.1379705008146708,0.11478602213841642,-0.18014,0.12230571506531888,-0.1443511419925978,-0.47249,-0.13848762545957985,0.13632169754740167,-0.48629,-0.1486300386119668,-0.14150796609479785,-0.90108,-0.05855599672718026,0.14458551644764478,-0.92885,-0.0902460517561175
145,0.007914097048041878,0.61297,-0.02474621920443959,-0.14975791189998716,0.38714,0.0022300682401413287,-0.29067648459852913,0.61595,-0.1355640811625301,0.18385577020813107,0.39121,-0.026475440887261833,0.3057853426105479,0.61052,-0.17610449041563314,-0.32601162643643616,0.85748,-0.27318903039520004,0.30957189040638344,0.8167,-0.32831442851360965,-0.055789183611088665,-0.17044,0.13585158083735438,0.11339948805141511,-0.17147,0.11993039777586398,-0.14072691141134874,-0.46825,-0.13595854406627925,0.133678170449392,-0.48455,-0.142660301223933,-0.14232614643936753,-0.90108,-0.0631385403356754,0.14422007699904604,-0.92797,-0.08880571186240913
146,0.009565872405624789,0.61958,-0.02061325801806464,-0.14962662852620218,0.39961,0.004183955052566149,-0.289827176713029,0.62825,-0.131956758593695,0.18492120593564637,0.39972,-0.024924895592685133,0.3071103084526914,0.618,-0.17296690129065945,-0.32416721211919874,0.87112,-0.26883313372214074,0.3109856091582329,0.82357,-0.32605560154133645,-0.057133447279933025,-0.16021,0.13360081559223771,0.11194847519300931,-0.16215,0.11758675836572834,-0.1372348457842225,-0.46436,-0.13279690245853126,0.13160297778247992,-0.48194,-0.13709540451373303,-0.14232614643936753,-0.90108,-0.0631385403356754,0.14390035510594767,-0.92618,-0.08745162105634272
147,0.011146868409226077,0.62839,-0.01696232928189397,-0.14951541443004274,0.41139,0.005908847925997846,-0.28895336574355945,0.64154,-0.12959257704617483,0.1861236224653081,0.41221,-0.02323095831840479,0.3085662254955369,0.62709,-0.17006564198402174,-0.3223019359782542,0.88465,-0.264531686882062,0.3124589871883931,0.83324,-0.32374636851276584,-0.05841070012486021,-0.15004,0.13060712737030722,0.11047299058316172,-0.15251,0.11459756095403016,-0.13461692771998354,-0.46021,-0.12958266771151428,0.13027916520066757,-0.47862,-0.13187623597379916,-0.1425770368784176,-0.90026,-0.06312171810059,0.14393452463128864,-0.92359,-0.08489674015040247
148,0.012768429604310728,0.63682,-0.013421111371259883,-0.14940119844626604,0.42347,0.007708353054929104,-0.28808362259316017,0.65509,-0.12713628983733025,0.18738078625570884,0.42463,-0.021572060128609766,0.3100186695748291,0.63619,-0.16718407883244427,-0.3203480271395386,0.89858,-0.2602458683779733,0.31438480597180896,0.84606,-0.32157783859287936,-0.05963374464665937,-0.13878,0.12687277359787252,0.10871677511474684,-0.14218,0.11084552267750629,-0.13283795293951658,-0.46021,-0.12536754627430008,0.1294621710779306,-0.47938,-0.12625902842881626,-0.1425770368784176,-0.89918,-0.06312171810059,0.14409180714694966,-0.92244,-0.08244987864834165
149,0.014264453947304113,0.64909,-0.009837449394291186,-0.1492896094437184,0.44051,0.0100688368812898,-0.28720752837117114,0.66862,-0.12452880850198045,0.18861847740782392,0.43755,-0.019850833643810024,0.31170741943007024,0.64617,-0.1639989377168227,-0.31887208355237284,0.91144,-0.2555609894545107,0.31625275004346487,0.85929,-0.31979512017844436,-0.060710571353553996,-0.12655,0.12309232914737225,0.10714707826388739,-0.13098,0.10717229306361038,-0.1315230996411601,-0.46021,-0.12032932627078685,0.1290456523861988,-0.47952,-0.11992547988321892,-0.14187625518871116,-0.89596,-0.062026772885808816,0.14428719430832654,-0.92057,-0.07949897643763235
150,0.015478926034784277,0.66047,-0.006526032394163964,-0.14925497062626422,0.45637,0.012165677636408172,-0.28606039873769973,0.68246,-0.12142078765198418,0.1894341126701291,0.44791,-0.01862281079431402,0.3134836603568226,0.65713,-0.16095107483110593,-0.31763656164500026,0.9248,-0.2507423293070836,0.31816517565863633,0.87211,-0.31712666964181535,-0.06186583460906962,-0.11425,0.1155787909788091,0.10548668075823744,-0.11948,0.09922995612016411,-0.13064284763471068,-0.46025,-0.11430059038296245,0.1289207094595109,-0.47952,-0.11291731398442123,-0.14119313217688403,-0.89336,-0.06016815943737144,0.14452502910368384,-0.91947,-0.07561628927406672
151,0.016599225512478895,0.67243,-0.0033513396404825663,-0.149377356062372,0.47111,0.014120629759870202,-0.2845222000686729,0.69429,-0.11868635080784162,0.19027450571085686,0.46116,-0.017139204196493556,0.31532940863941583,0.66847,-0.15785454237086843,-0.3164346758316752,0.93745,-0.24565372728965995,0.3204278238219521,0.88517,-0.31270235915440103,-0.06292981771084392,-0.10096,0.10650977091271935,0.1039549867213591,-0.10587,0.08930515192172314,-0.12976533568613363,-0.46247,-0.10523524577946808,0.12915596985719283,-0.48508,-0.10219629008064773,-0.1402414163836885,-0.89098,-0.0548282986668099,0.14499175088812444,-0.91868,-0.07181762440652066
152,0.01744792597827737,0.6851,-0.0007897993774077404,-0.14954600582472308,0.48478,0.015928379260674703,-0.28319958960621,0.70661,-0.11527418118067131,0.19105640514192074,0.47344,-0.015756980524397744,0.3171615144107801,0.67997,-0.15454744191238012,-0.3149443176619402,0.94951,-0.24048398527231477,0.3225119928363049,0.89668,-0.3078505615988953,-0.06387580412273475,-0.088959,0.09705032955984241,0.10262628205270463,-0.093157,0.07932221583540586,-0.12923414676333955,-0.46538,-0.09680947944468873,0.12948732625663964,-0.49059,-0.09225479588024982,-0.1393591340353498,-0.88931,-0.04965186371041279,0.14539521843494316,-0.91805,-0.06762905198400437
153,0.018042907765586223,0.69862,0.001714935673005927,-0.1498543648914663,0.49684,0.017634850381425725,-0.2821770120170768,0.71817,-0.1121238899125181,0.19180749493455362,0.48543,-0.014434311584941389,0.31883557986572636,0.69093,-0.15115764164502576,-0.31320956616288975,0.96089,-0.23484962308689022,0.32453181585537294,0.90838,-0.3026726358586357,-0.06489441332029373,-0.077456,0.08703505466083698,0.10105940894250508,-0.080994,0.06910000209979392,-0.12869196813675557,-0.46901,-0.08826379969777126,0.13000018951887654,-0.49731,-0.08243567920540336,-0.13862055311566673,-0.88819,-0.04419623366200591,0.14579220934676843,-0.91758,-0.06393791202243042
154,0.01842366773019713,0.71209,0.004237135278380074,-0.15011626194140157,0.50804,0.0193168821692452,-0.2813270852336727,0.7293,-0.10880099592340972,0.1925087254416321,0.49773,-0.01281853165687492,0.32027259686723897,0.7013,-0.14773010504604342,-0.31128884281702673,0.97152,-0.2293699039491372,0.3264375057207628,0.9193,-0.29739335123503846,-0.06585285788384844,-0.065895,0.07635320552229395,0.09964701306493125,-0.0692,0.05859060064752213,-0.12813014143988533,-0.47252,-0.07937633938772296,0.1305941188700511,-0.50359,-0.07279027864732318,-0.13805740315637827,-0.88742,-0.03898688186707466,0.14626676934159097,-0.91758,-0.0602675575693409
155,0.01873988641319736,0.72707,0.0072398423477629,-0.15037858019867612,0.51881,0.02111170058120238,-0.2806243088000906,0.74015,-0.10539122976069391,0.1932296280613838,0.51007,-0.0110335979290197,0.32166121589577945,0.7115,-0.1445194592864531,-0.30907500848255365,0.98074,-0.2238403255258297,0.3281884563689332,0.92955,-0.2916095314048854,-0.0667659105501098,-0.054675,0.06542777359359507,0.09814493841245871,-0.058097,0.04770505731067396,-0.12795819406753672,-0.47728,-0.07033889870459024,0.13109242151157394,-0.50972,-0.06282338853668931,-0.137836853916335,-0.88635,-0.03410805956730637,0.1467084617460605,-0.9173,-0.05643807825488653
156,0.01908909344147691,0.73816,0.010464188242886464,-0.15057538500819617,0.5291,0.02293253798936098,-0.28001137881770033,0.74897,-0.10156960486587666,0.19366977275552677,0.51788,-0.009401228899597183,0.3228776053259301,0.72087,-0.14124899743004535,-0.30681830887440664,0.98839,-0.21829799687456858,0.32973837764743086,0.93835,-0.2856988762778745,-0.06767305739450757,-0.044196,0.05493894917888113,0.09662996571006482,-0.047964,0.03709189172678706,-0.12831955406299392,-0.48308,-0.06075555670121358,0.13157936132674158,-0.51613,-0.05320887874074004,-0.13756946596927278,-0.88551,-0.028214961597158087,0.14702458425951279,-0.91717,-0.052744864132135375
157,0.019399849691092402,0.7488,0.014006034590954784,-0.150721733892822,0.53812,0.02475158664290733,-0.27944654759670084,0.75669,-0.09761764766826127,0.19409230507274144,0.52565,-0.007753569213585179,0.32396857447085403,0.72959,-0.13794118919424572,-0.3044822057481149,0.99547,-0.21305398865724762,0.3310275862355583,0.94254,-0.2795391651469611,-0.06848966265201148,-0.035709,0.045286102766893786,0.09539650679536499,-0.039424,0.02702717394108897,-0.12866402210044342,-0.48966,-0.05142194187247892,0.1326449048578762,-0.52364,-0.04411373272853896,-0.13742280980664007,-0.88472,-0.022257927438286584,0.14727997799555562,-0.91732,-0.04974158624962266
158,0.019660556797720642,0.75476,0.017540459127502926,-0.1506654923579991,0.54159,0.026049539218990433,-0.27904216372421986,0.76319,-0.09376940473366407,0.19454130582394544,0.53266,-0.006070974988759036,0.3248074358556614,0.73592,-0.13502657642801433,-0.3019995952122921,1.0012,-0.2074397972704653,0.3323590411994557,0.94596,-0.27308227520836736,-0.0692824396413558,-0.028984,0.03549197219572178,0.09420232843239838,-0.032382,0.01692608256255851,-0.12922460464045857,-0.49683,-0.042622920835123104,0.1332677524084456,-0.53212,-0.03580160923759215,-0.13733459916889726,-0.8839,-0.01674752973182392,0.14743527647027843,-0.91823,-0.047190801393201254
159,0.019885230395155752,0.75983,0.021089360756826506,-0.15058355089288145,0.54514,0.027493243342519343,-0.2788508443819131,0.76814,-0.09072639686163031,0.1950773025283376,0.53914,-0.004298116130056311,0.32548111152255643,0.73928,-0.13230013825783082,-0.2996165109084823,1.0056,-0.2026203980131993,0.33349015781874525,0.94798,-0.26730085884266885,-0.06984264052885399,-0.023498,0.029072727305109937,0.09324986220601073,-0.026943,0.010735426612855694,-0.1295975803729012,-0.50043,-0.03448755986568795,0.13387370264953857,-0.54107,-0.028449130723150966,-0.1370416662487997,-0.88287,-0.012091663936472527,0.14755083177087955,-0.91964,-0.045441288325944254
160,0.02006249261119461,0.76437,0.02482432194896291,-0.15052500206315195,0.54821,0.028861868943089966,-0.27865314992562973,0.77161,-0.08770482162643348,0.19560434343847496,0.54217,-0.0026912235141539446,0.3261183451145285,0.73928,-0.129953136479122,-0.2975345770618751,1.0092,-0.19835715377220733,0.33413669985279615,0.94798,-0.263576549054506,-0.07013390064078814,-0.020437,0.0240520283948788,0.09285436386187086,-0.025012,0.006309870030934882,-0.13018360729606876,-0.5007,-0.02974880502445352,0.13417133919370552,-0.54107,-0.025954922133722975,-0.1370103320981899,-0.88249,-0.011222906679808981,0.14765609196040144,-0.91993,-0.043807749439813345
161,0.020246125132732853,0.76823,0.02857237585693082,-0.1504951292251245,0.55073,0.030240628027755668,-0.2785973002042903,0.77214,-0.08525733703840718,0.19620811101693122,0.54444,-0.0008795431584606231,0.3270896154449743,0.73928,-0.12859110345999375,-0.2959739002992995,1.0117,-0.1948041848668049,0.3346317414134688,0.94798,-0.2618056075384737,-0.07041816255278005,-0.01798,0.019111329642132312,0.09256988262116603,-0.023509,0.0016961773207853394,-0.13076648272582841,-0.50101,-0.02476182635662443,0.13450219240840372,-0.54129,-0.023214744739771292,-0.13723854496930368,-0.88249,-0.010156070288670195,0.14771052310246385,-0.91993,-0.04240488870161664
162,0.020319104676862296,0.77076,0.03238969677429402,-0.15045037251241455,0.55179,0.031646210055482044,-0.2784522229296629,0.77214,-0.08293728260275557,0.19668333264296287,0.54471,0.0009517570370703582,0.32830440372855557,0.73928,-0.12838187051308128,-0.29478966160822717,1.0125,-0.19194640973174487,0.3350424344769235,0.94723,-0.2616647842178546,-0.0707047870571686,-0.016876,0.014496999420585093,0.09227705905521706,-0.022769,-0.002912998132506164,-0.13155745723194817,-0.50193,-0.019630518986112636,0.13468316677103429,-0.54208,-0.020345581572561996,-0.13724469121503716,-0.88169,-0.00886641016923432,0.14754613884974765,-0.91995,-0.04086088681772565
163,0.020316372995113182,0.77231,0.03619802823806065,-0.15040415270329943,0.55179,0.0329449143055888,-0.27915576871962855,0.77214,-0.08082299233852469,0.19705841092290052,0.54471,0.0026758177331942037,0.33040311195774746,0.73918,-0.12851533499795334,-0.29386546862484736,1.0125,-0.18946926069919323,0.3354844322971322,0.94723,-0.26169194902837745,-0.07109836146633772,-0.016876,0.010399086392658907,0.09145587860685306,-0.022769,-0.007167029946118364,-0.13243324774357618,-0.49981,-0.015268165609809616,0.13501059689077602,-0.54191,-0.017567229809972187,-0.13773460879699026,-0.87976,-0.007498556097012721,0.14728024789172603,-0.92024,-0.039201505608225454
164,0.020356349768531116,0.77268,0.039897286387688365,-0.1504805748085682,0.55179,0.03429672185913564,-0.2806767289869815,0.77214,-0.0783919473234882,0.1973415331473044,0.54471,0.0045694221813429095,0.3335663805382747,0.7311,-0.12871567442854387,-0.2936897535761437,1.0125,-0.18668751228827268,0.3357653879133057,0.94035,-0.26171102628553383,-0.07136860177265096,-0.016876,0.006269271968638899,0.09064139233837257,-0.022769,-0.011653759391767693,-0.13316444632709618,-0.49782,-0.01175583410047593,0.1353390671157609,-0.54191,-0.015186093251246842,-0.1381967186281297,-0.87771,-0.0061457595476512444,0.14707761117132623,-0.92035,-0.03793203195369551
165,0.020483196311317793,0.77268,0.04376095756347222,-0.15078137083412377,0.55179,0.03535503265989785,-0.2841776034390838,0.76943,-0.07653582823500897,0.1976607964512271,0.54471,0.00609211582839355,0.3375932540114484,0.71677,-0.1289708097476388,-0.29344929001573444,1.0125,-0.18296267977175396,0.3361170165539666,0.92586,-0.26173241083759674,-0.0717050212685649,-0.016876,0.0019023472013949012,0.0900230606489808,-0.022769,-0.015788198642971405,-0.1337004234094363,-0.49578,-0.009094328404970799,0.1355816313613975,-0.54191,-0.01323456600656417,-0.1386689997907676,-0.87565,-0.004965822895361224,0.1468629927266674,-0.92047,-0.03673051003412341
