FrameNo,head_x,head_y,head_z,left_shoulder_x,left_shoulder_y,left_shoulder_z,left_elbow_x,left_elbow_y,left_elbow_z,right_shoulder_x,right_shoulder_y,right_shoulder_z,right_elbow_x,right_elbow_y,right_elbow_z,left_hand_x,left_hand_y,left_hand_z,right_hand_x,right_hand_y,right_hand_z,left_hip_x,left_hip_y,left_hip_z,right_hip_x,right_hip_y,right_hip_z,left_knee_x,left_knee_y,left_knee_z,right_knee_x,right_knee_y,right_knee_z,left_foot_x,left_foot_y,left_foot_z,right_foot_x,right_foot_y,right_foot_z
5,-0.019389230555881914,0.75094,0.08193385480648921,-0.18073408761707768,0.55053,0.02659590662531518,-0.23782513697983934,0.82965,-0.06586859358237918,0.15790789831797372,0.54745,0.11685165803188446,0.2710493046873383,0.79099,0.07088207581970521,-0.22417568158725895,1.1178,-0.11281460594217346,0.3202625004665065,1.0291,0.0020328836515957627,-0.06929390166089304,-0.001596,-0.049161635455001726,0.08390984884234842,-0.00162,-0.0230585183664137,-0.16925091510723245,-0.4675,-0.06478839426443904,0.1505995460688341,-0.4722,0.03419787936204689,-0.23135951771405647,-0.88299,-0.024735953349713142,0.2006385967517108,-0.91602,0.05954312048846935
6,-0.018721457608771537,0.75202,0.08174595778387436,-0.18056406379257772,0.5507,0.026207530648840835,-0.23778098047411503,0.82946,-0.06617660527534264,0.15808231143168938,0.54731,0.11678391538826899,0.2713022049935365,0.79112,0.07077232412211075,-0.22366836444221466,1.1177,-0.11379135018420619,0.32186583054160794,1.0287,0.0015205149657109354,-0.06936962731220381,-0.001679,-0.0492562220594104,0.08389363286355761,-0.001805,-0.023029899456024662,-0.16916798875693734,-0.46779,-0.06456764050925753,0.15054618620969348,-0.47379,0.034558085865920005,-0.2312544142656169,-0.88215,-0.02458338446321882,0.20114802970525483,-0.9173,0.06252792853352743
7,-0.018834392675292775,0.75443,0.0810964797852094,-0.180485225736094,0.55385,0.02535730387859077,-0.23799455524588498,0.8319,-0.06778716009181535,0.15797453113342386,0.54987,0.11612823832804359,0.27157644355084654,0.79363,0.06956256620678863,-0.22407793100268195,1.1195,-0.1159604237727566,0.32226241893701213,1.0319,-0.0009014127055110358,-0.06938370243154962,0.00135,-0.049245503336753246,0.08398207748771885,0.000876,-0.023116862370286873,-0.16890330798469064,-0.46461,-0.06411073779663384,0.15360287304365874,-0.49366,0.04354033450415439,-0.23051728046637754,-0.87857,-0.022544405855675586,0.20505361306762954,-0.92311,0.05995808425817882
8,-0.01850777960958644,0.75609,0.08077023922165252,-0.18033410373674977,0.55535,0.02484577466015431,-0.23771322293950045,0.83294,-0.06880679783797052,0.15811195896911934,0.55109,0.1158671356854372,0.2719051782420883,0.79504,0.06908032404482621,-0.22383333463133315,1.1203,-0.11746277413639453,0.32312649847324065,1.0324,-0.0015979488173323772,-0.0695143916476579,0.002353,-0.04926448566519323,0.08396939636227177,0.00202,-0.023079496756985403,-0.1688648355678783,-0.4636,-0.06363787325668122,0.1534391317312334,-0.48911,0.04245338796333224,-0.23039719340606177,-0.87765,-0.02253440095963869,0.20552555050155794,-0.92161,0.0603337424252098
9,-0.018181806459516482,0.75772,0.08042459271807774,-0.18015586857930255,0.55686,0.024353242195590034,-0.23735171682745368,0.83396,-0.06982042219193642,0.15827307686796144,0.55233,0.11558685542806485,0.2722708501265762,0.7964,0.06844618835517054,-0.2235766567985315,1.121,-0.11914881728238702,0.32384637967866753,1.0329,-0.002398098834562379,-0.06972472891641808,0.003391,-0.04925791045641308,0.08395741223377405,0.003115,-0.023028807698361766,-0.16875303553531654,-0.4625,-0.06323534406181555,0.15361448699682126,-0.48805,0.042495477520595425,-0.2302500430562398,-0.87671,-0.02244752878603125,0.20596362475701835,-0.92036,0.06130456215446071
10,-0.017891117548854696,0.75931,0.08003718471968554,-0.17995086756010764,0.55835,0.023881676100403967,-0.23702392250426121,0.83497,-0.07081562060516003,0.15844096704573257,0.55359,0.11526816766832503,0.2726362744519025,0.79773,0.06769828123362417,-0.2232822973111762,1.1217,-0.12104856371078315,0.3244858893878674,1.0333,-0.003375904199570706,-0.06990934461673529,0.004451,-0.04924172270807088,0.08395440553767944,0.004168,-0.022988720795530614,-0.16862409420176264,-0.46138,-0.06287244031079975,0.15355178131376526,-0.48442,0.041468994204943155,-0.23015260417000463,-0.87639,-0.02242425512174649,0.20644977551530552,-0.91925,0.06182996337278514
11,-0.0175564073128271,0.7608,0.0796189526574302,-0.1797391441305806,0.55992,0.02342957302654878,-0.23665680978193218,0.83595,-0.07191862933092069,0.15863011621216289,0.55486,0.11494408960236144,0.27305862955329374,0.79901,0.06685785445613024,-0.22301973948272086,1.1224,-0.12294071708372015,0.32501153932876053,1.0337,-0.004571794303066437,-0.07009580374873904,0.005533,-0.04915173386380445,0.0839587040862403,0.005259,-0.02290368243665493,-0.16849039045642789,-0.46019,-0.06242137012947156,0.15346092058354024,-0.48086,0.040429422981936775,-0.23025525428539276,-0.87487,-0.022014860503058356,0.2074607320159845,-0.91848,0.06133702528972097
12,-0.017160013505908563,0.76226,0.07912731666420286,-0.17955093711602244,0.56141,0.022995662759706523,-0.23630713578835372,0.83692,-0.07303791352102386,0.15882794778747658,0.55612,0.11457077114874722,0.27351040510769453,0.8003,0.06596575140802097,-0.22272520634718782,1.123,-0.1248414483198693,0.3254982938616792,1.0344,-0.005950211520269977,-0.07025752852429151,0.006624,-0.04906956880448783,0.08397586462114204,0.006347,-0.0228052064698311,-0.1683571577870292,-0.4589,-0.06202521604858269,0.1542012058761875,-0.48455,0.04222017776288534,-0.23025270121514757,-0.87323,-0.02156863804527264,0.2081329561421009,-0.91886,0.06149820445793767
13,-0.016733152548437037,0.76367,0.07861262090651053,-0.179370196973104,0.56285,0.022604099226243794,-0.2359954649194744,0.83788,-0.07417202210025779,0.15905480265084762,0.5574,0.11420561656372205,0.2739833657397707,0.8016,0.06495350181404422,-0.22244468884544893,1.1237,-0.12672028065172283,0.3260169996592885,1.035,-0.00750983336402776,-0.07041814711674889,0.007826,-0.048947607057382395,0.0840017147776432,0.007479,-0.02270418286165526,-0.16821129866925771,-0.45742,-0.06164308240996534,0.15493251133219296,-0.48815,0.044004272023292185,-0.2302626766399043,-0.87081,-0.0208210121422296,0.2086394753895949,-0.9192,0.061447388595078783
14,-0.01625225575260801,0.76501,0.07801606472997609,-0.17919640275729223,0.56424,0.02225192800290156,-0.23568262838194828,0.83879,-0.07525515381006445,0.15929115829539348,0.55872,0.1138441680759796,0.2744658770216185,0.80291,0.06388708779365176,-0.22218218088559052,1.1243,-0.12855456350096145,0.3264685053959637,1.0357,-0.009091458657752356,-0.07056514964460306,0.009032,-0.04880496675170239,0.084016855828442,0.008614,-0.022548183667488408,-0.16808843502192214,-0.45598,-0.06124571038759411,0.15481075991726145,-0.48831,0.04452199549481166,-0.23017116940174256,-0.86986,-0.02013063367691944,0.2089511186484414,-0.91934,0.06094690135326783
15,-0.015795771843084838,0.76501,0.07765586000992589,-0.17912238054883214,0.56438,0.02217765342680252,-0.2354565161960619,0.8388,-0.07596162269076173,0.15949655469571772,0.55882,0.11371588589197167,0.2749090200357328,0.80296,0.06298635460949474,-0.22183133943954236,1.1246,-0.13002599487201988,0.32681909749902743,1.0358,-0.010273537410318938,-0.07070931191182417,0.009108,-0.048649640512097914,0.08403443035796684,0.008647,-0.022388709105529515,-0.16806233971049814,-0.45571,-0.06104817802386178,0.15543941882552464,-0.49172,0.04590923627314156,-0.23008114930237306,-0.86909,-0.019719759752570978,0.2090580583158514,-0.91958,0.06097388111483529
16,-0.015345322963899212,0.76502,0.07722046500853014,-0.1790557753434148,0.56451,0.022087855060384652,-0.23520572192655978,0.8388,-0.07663530750904465,0.15969262396304487,0.55892,0.11358291280292802,0.27538483294963556,0.803,0.06207310433111351,-0.22148084528984952,1.1251,-0.13149545662757225,0.3271637855640504,1.0358,-0.011422132699283112,-0.0707679671484722,0.009161,-0.0484609593969492,0.0840550758776154,0.008679,-0.0222236159120949,-0.168049862867916,-0.45542,-0.06088858689503821,0.15543941882552464,-0.49147,0.04590923627314156,-0.23018449401047186,-0.86852,-0.019306425902870798,0.20905666913043006,-0.91931,0.06098175957685938
17,-0.014947359110665578,0.76503,0.07677175377452833,-0.179027520559052,0.56465,0.021985201920342024,-0.23497187126748514,0.8388,-0.07709772492788868,0.1599016669751001,0.559,0.11343394965610684,0.27580996642186945,0.80304,0.061216920629571375,-0.22117162953784453,1.1251,-0.1327884046616061,0.3274433573462712,1.0359,-0.01260454913125024,-0.07082117259334476,0.009221,-0.04823983911150276,0.08408557187903277,0.008679,-0.022039523560549397,-0.16802887726462823,-0.4551,-0.06077725134611224,0.15531451948483105,-0.49147,0.04586893547049064,-0.2302719129548222,-0.86796,-0.018925823842749375,0.20926397744453157,-0.91906,0.060439520457185786
18,-0.014529920214907557,0.76503,0.07640263351186542,-0.1789240039865984,0.56465,0.021974007313271364,-0.23454113296879198,0.83866,-0.07764016895084302,0.16016181063616342,0.559,0.11334070655658424,0.2762369102868639,0.803,0.06046564509014286,-0.22081250463168817,1.1246,-0.1338461122307282,0.32781317452845904,1.0358,-0.013838071020702815,-0.07086106180561126,0.009221,-0.04807120385200832,0.0841189628181575,0.008612,-0.02186609044610937,-0.16803408670995823,-0.4551,-0.06074770711352187,0.15516836115547822,-0.49147,0.04583402497406349,-0.23054520400879128,-0.86804,-0.0188156058776962,0.20935018085163823,-0.91906,0.060065812051335446
19,-0.014128932835908402,0.76502,0.0760346741093719,-0.17882048741414489,0.56465,0.021962812706200704,-0.23410970007738813,0.83854,-0.07818655220480941,0.16040533394076756,0.559,0.11328413447765244,0.27665343526119834,0.80296,0.059773458015895065,-0.2204722575083006,1.1243,-0.13485434627847032,0.32813642995664516,1.0356,-0.0149802911956902,-0.07089232088183,0.009198,-0.047911201132800334,0.08415368586139058,0.008546,-0.0216944532989977,-0.16800471612554552,-0.4549,-0.06074151286043885,0.15445975195832728,-0.48794,0.044381915472092956,-0.2307271320789206,-0.86935,-0.019050770027385373,0.20926896694073285,-0.91855,0.05966258345528174
20,-0.013803247496642091,0.76492,0.0757021774029416,-0.17880681907670606,0.56465,0.021942883417411102,-0.2334781060571999,0.83714,-0.07860117612315293,0.160587164057526,0.55896,0.11323191562435579,0.27702930251957164,0.8029,0.059139089192510035,-0.22011050383709224,1.124,-0.13575419920054554,0.3284656633338558,1.0355,-0.016041238594636284,-0.07090997591463905,0.009135,-0.047816833236688824,0.08420473904604044,0.008511,-0.021563600051666548,-0.1679755191893105,-0.45466,-0.060734333799602816,0.15383543603832875,-0.48444,0.04256693044955521,-0.2309894592553097,-0.86903,-0.018829968187429887,0.208817169127768,-0.91799,0.0599789356896664
21,-0.013460577674890423,0.76443,0.07545187879475396,-0.17873354132955357,0.56436,0.021930418596022485,-0.23281800969348737,0.83586,-0.07900468174964836,0.1608309847898886,0.5586,0.11323124445361633,0.27751414335489005,0.80253,0.058577752961354694,-0.21964724346057846,1.1238,-0.13653867279701154,0.32892949452349957,1.0351,-0.016886537138059675,-0.07083760425577826,0.00885,-0.04768019011394298,0.08424403161896714,0.008103,-0.021440913077163136,-0.16794545401218713,-0.45443,-0.06073207877753185,0.15449830363759226,-0.48809,0.04376016410054171,-0.23130839395379527,-0.86895,-0.01869124307037495,0.20843978890439252,-0.91855,0.060564297259130165
22,-0.013130189409394909,0.76393,0.07519636833699758,-0.17864781078220593,0.56407,0.021904918140115356,-0.2321469734945818,0.83463,-0.07947023026458355,0.16106304731476673,0.55825,0.11323966968638333,0.27797658357528954,0.80215,0.05814345693033792,-0.21910881924934478,1.1235,-0.13751907086349136,0.3293593405389174,1.0347,-0.01759668388559106,-0.07075851499506274,0.008587,-0.04755860932253467,0.08429282497306864,0.007683,-0.021314520005377036,-0.16780155132532104,-0.4541,-0.061087489830698075,0.15455121646318382,-0.48816,0.043517668259571346,-0.2316093191104004,-0.8685,-0.01859706743593492,0.20819676071811147,-0.91855,0.06084841220184338
23,-0.012860730636527984,0.76342,0.07502150276083965,-0.17856190658668059,0.56366,0.021878432876455203,-0.2315108147531774,0.83344,-0.07996832970820375,0.16127332990645266,0.55787,0.11325643964863313,0.278456759952198,0.80176,0.057781337271856,-0.21857386800166445,1.1232,-0.13847977277491094,0.32976944053067814,1.0344,-0.0182524330729774,-0.07069286093805667,0.008278,-0.04740690386845128,0.08434677069118714,0.007287,-0.021211588671485565,-0.16761289727721382,-0.454,-0.06163911076044308,0.15470481940561223,-0.48815,0.042934481208894364,-0.23169145291461396,-0.86737,-0.018534377419142677,0.2078366954439058,-0.91851,0.06139316351970428
24,-0.01263893499228047,0.76294,0.0749326675640265,-0.178456306236095,0.56324,0.021855420576348403,-0.23090593672614002,0.83233,-0.08046179051962382,0.16145059530199485,0.5575,0.11328769632061318,0.27889600522777397,0.80137,0.057593761719386585,-0.21809693928771182,1.1228,-0.13928417566016654,0.3301832111765568,1.034,-0.01875623645983491,-0.07062917649655662,0.007971,-0.04725554571072324,0.08439475048147459,0.006871,-0.021103616731964345,-0.1674455022177658,-0.45399,-0.06218534138396432,0.15450362352305358,-0.48467,0.041196134518259424,-0.23183778489214443,-0.8675,-0.018568303107816816,0.20757851178139372,-0.91832,0.061417703210245395
25,-0.012408214188465464,0.76246,0.07487383805878502,-0.17835053223733177,0.56283,0.021831423468488577,-0.23031705837383493,0.83124,-0.08103727578110886,0.16162647151211573,0.55709,0.11332683145461733,0.2793397154873723,0.80098,0.05743845168903721,-0.21761323829483023,1.1223,-0.14012698604778961,0.3306093847540338,1.0336,-0.019215204957512576,-0.07055836767129482,0.00766,-0.047110039318200285,0.08448571451653923,0.006476,-0.020986034657119765,-0.16728691334678192,-0.45404,-0.0627392173357803,0.1550126459721959,-0.4884,0.04164941163688461,-0.23202281458708474,-0.8681,-0.01861311395460968,0.20733786480100308,-0.91881,0.0617459013681148
26,-0.012187626868745523,0.76197,0.07484368454524558,-0.17823595205010445,0.5624,0.0218150716889235,-0.22977456812735397,0.83024,-0.08152244413588174,0.16178213062264332,0.55666,0.11336544804832718,0.2797847650637952,0.8006,0.05733313372036212,-0.2171800430954398,1.1219,-0.14091371466632657,0.3310111238070566,1.0333,-0.01959318608571388,-0.07048837240984708,0.00733,-0.046982954057942214,0.08456312197255236,0.006069,-0.020877950959211265,-0.16713591512701848,-0.45412,-0.0633076322701621,0.15562119108570543,-0.4925,0.04211414472675842,-0.23213029924141473,-0.86937,-0.018809766056260186,0.20703353880800557,-0.91926,0.06237765344764133
27,-0.011958635333991089,0.76151,0.07484649114653687,-0.1780446211521712,0.56197,0.021766558932909557,-0.2292467382387809,0.82925,-0.0820396448790453,0.16194781145887874,0.5562,0.11340481631606067,0.2802060747084746,0.8002,0.057304863890151325,-0.21677234835195652,1.1215,-0.1417861738322112,0.33138438455894204,1.0329,-0.019809658742421188,-0.07040818177451387,0.006981,-0.04685610193141349,0.084649454588133,0.005635,-0.0207398615697311,-0.16697802084874525,-0.45423,-0.06385756899096603,0.15574115615026338,-0.49304,0.041664139856467435,-0.232203748852922,-0.86937,-0.019199440477501082,0.20698335626848277,-0.91968,0.06225913883787933
28,-0.011741925355492809,0.76104,0.07484408589825942,-0.17780335527387672,0.56153,0.021722789354766913,-0.2287716715700087,0.82829,-0.08248796135233358,0.1621027759766957,0.55575,0.11344737214078257,0.2805900259525685,0.79978,0.05731570096349607,-0.21640054891265334,1.121,-0.14251264831692068,0.331765186093451,1.0326,-0.019953721892864304,-0.07033059586184567,0.006576,-0.046714477688589606,0.08474789992026953,0.005209,-0.020561050170260796,-0.16681079943747493,-0.45436,-0.06440281480673427,0.15545482457587395,-0.48972,0.040063095438124315,-0.23214064065344506,-0.86937,-0.0194421694522008,0.20667295258926693,-0.91961,0.06292535918876127
29,-0.011537435043460307,0.76057,0.07486491165838596,-0.1775615684510492,0.56109,0.02167606535336523,-0.22858492765185576,0.82829,-0.08302874939679547,0.16223439772772139,0.5553,0.11350713596476439,0.2809969227985015,0.79931,0.05736917017678529,-0.21604323618308047,1.1205,-0.14327213999777383,0.33219483085065843,1.0322,-0.020029262495219684,-0.07026204686713225,0.006143,-0.04657343147161169,0.08484825778659907,0.004772,-0.02037580897973941,-0.1666335563004968,-0.45443,-0.06494730894847883,0.15649147565537885,-0.49375,0.04063377795876194,-0.2321313375628349,-0.8688,-0.01961010531050717,0.20631975754736112,-0.91992,0.06371908600724051
30,-0.011442367746160732,0.76049,0.07491315281285135,-0.17736798012680632,0.56104,0.021614750096562135,-0.22847116405309692,0.82828,-0.08350117171167637,0.16229018687752644,0.55527,0.11353626620273162,0.2813281108227947,0.79918,0.057448891520005305,-0.21582032357537595,1.1202,-0.1440756385785606,0.3325081589388618,1.0319,-0.02007860324047986,-0.07017229836931127,0.006051,-0.04644895574249602,0.08496379455113083,0.004711,-0.02017875250042057,-0.16645653668029325,-0.45457,-0.06543294775877202,0.156270036847017,-0.49106,0.039125410014873144,-0.23204548145208356,-0.86796,-0.019981844100851492,0.20620800559957334,-0.92006,0.06366181033905903
31,-0.011355005262707595,0.76042,0.07495901997414242,-0.17717456545074112,0.56099,0.021554419647512046,-0.22836816664135343,0.82822,-0.08391253594587053,0.16232575892773823,0.55524,0.11356487790040458,0.2816301019108528,0.79904,0.057521433802389284,-0.2156587826853717,1.1199,-0.14464625626217778,0.3328563146159694,1.0316,-0.020037522533356687,-0.0700882279885177,0.005955,-0.04633258920489511,0.08506032975331301,0.004643,-0.019989108215667135,-0.16641617639209064,-0.4549,-0.06554666691782714,0.15719657093949413,-0.49532,0.04014783388757843,-0.23192266410569906,-0.86755,-0.020332849655546954,0.20621477787850234,-0.9208,0.06362340283669154
32,-0.011265266381841407,0.76035,0.07501444499792125,-0.17694500791133416,0.56095,0.021461875949177502,-0.22827194150853897,0.82852,-0.08428549267769721,0.16236167827430542,0.5552,0.11359151998257148,0.28191877195782744,0.79891,0.05761193575805684,-0.21551750876355763,1.1199,-0.14515952196239093,0.33322637400585003,1.0313,-0.019947900839770952,-0.06997589320640653,0.00586,-0.046249825101999986,0.08515715276629884,0.00458,-0.01981261372805819,-0.16637517137977426,-0.45452,-0.06560645478419593,0.15696684510337827,-0.49231,0.03903199024251839,-0.23186746981141093,-0.86701,-0.02041552123396439,0.20603807972844423,-0.92079,0.06433756931851917
33,-0.011177444843645653,0.76025,0.0750289148779806,-0.17671956805959438,0.56091,0.021335097113216885,-0.22818816917591966,0.82874,-0.08464541377500537,0.16239759762087255,0.55518,0.11361816206473842,0.28222076304588556,0.79873,0.05768447804044082,-0.21536812324599008,1.1196,-0.14566120310329725,0.33371356843702615,1.0307,-0.019831532518347128,-0.06987381328373249,0.005775,-0.046178008047013976,0.08525420891301404,0.00453,-0.019625923866563783,-0.16628145301625394,-0.4536,-0.06567725639674163,0.1574489743435463,-0.49642,0.040213663376585086,-0.23168268767563213,-0.86599,-0.02048448181906223,0.20621360864220975,-0.92141,0.06437867406802933
34,-0.01111134615732916,0.76014,0.07504564699282701,-0.17653453836465405,0.56087,0.02137990796000975,-0.22818816917591966,0.82874,-0.08464541377500537,0.1624240161862649,0.55514,0.11364109804962266,0.2825180656331467,0.79852,0.05778361013215614,-0.2153304674176463,1.1194,-0.14564440909866044,0.33422028537508486,1.0302,-0.01971070642561694,-0.06976240622806133,0.00567,-0.04610150008699226,0.08531911610447385,0.004477,-0.019429671334104198,-0.16628145301625394,-0.45458,-0.06567725639674163,0.1579811142588824,-0.50056,0.041111711877784264,-0.23159293739398823,-0.86618,-0.02076313014032909,0.20636926775273737,-0.92206,0.06441729066173918
35,-0.011044089015081984,0.76005,0.07506156794809808,-0.17635918309906617,0.56084,0.021421997517272938,-0.22818816917591966,0.82874,-0.08464541377500537,0.16245008745530196,0.5551,0.11366600365001289,0.2828187913153642,0.7983,0.057920916592509565,-0.21527137895246556,1.1192,-0.14563399020800044,0.33475180817634,1.0296,-0.019500210554527053,-0.06965673437073061,0.005562,-0.04602701882378955,0.0853897014129611,0.004382,-0.01922530961012986,-0.1661467278565943,-0.45541,-0.06621096992603864,0.15799604800216174,-0.5026,0.04102701841102522,-0.23152196515791934,-0.8666,-0.02110804598761272,0.20679904164099427,-0.9226,0.06318926362418155
36,-0.010985521494434254,0.75996,0.07507494126201714,-0.17623254727659593,0.5608,0.021452450242393725,-0.22818816917591966,0.82874,-0.08464541377500537,0.16246578970227588,0.55506,0.11369212719188551,0.28311500214496244,0.79806,0.05808382805444132,-0.2152024424097547,1.1191,-0.14562183483556373,0.33529868592821366,1.0289,-0.01926162152605853,-0.06966634450605397,0.005453,-0.04598403457901236,0.08540930744778233,0.004269,-0.019037044893842957,-0.16603824761414934,-0.45605,-0.06676860424797292,0.15757352817170744,-0.50078,0.0398528097443595,-0.23140557279410853,-0.86718,-0.021422613655446735,0.20743954693830913,-0.92293,0.061457171835588464
37,-0.010942814823090119,0.75827,0.07558713862653857,-0.1761414594619505,0.55917,0.021626918033183666,-0.22810526686801152,0.82742,-0.08459728678316594,0.16247690140182364,0.55341,0.11403222354607526,0.28339506191021474,0.79621,0.058741450687785725,-0.21495046021304173,1.1174,-0.1456687919706948,0.33585277942491965,1.0266,-0.01837290256209515,-0.06969216581169074,0.003847,-0.045877906071177685,0.085409911920254,0.002574,-0.018856192372121446,-0.16590659825309081,-0.45738,-0.06734246176141409,0.15711178967931036,-0.49873,0.03867067034283409,-0.23138714026106594,-0.86785,-0.021757500564306476,0.20809009978754164,-0.92432,0.05949533443397858
38,-0.010901076129828102,0.7566,0.0762200010772218,-0.17606299809567788,0.55754,0.02181540626624513,-0.22799954273784523,0.82606,-0.0845634133673274,0.16249659577306094,0.55176,0.11443882056001115,0.283649000537833,0.79438,0.059432038244438254,-0.2146579440799485,1.1158,-0.14583045307263395,0.33646092558965407,1.0242,-0.017445205282634435,-0.06974878713880366,0.002239,-0.045643172125366754,0.08534726998823576,0.00088,-0.018593072649650818,-0.16576782931674797,-0.45872,-0.06795669639272875,0.15709249068920234,-0.5001,0.03860735724007636,-0.231494623131573,-0.87065,-0.022357276716339514,0.20794592549912702,-0.92557,0.05956434729191201
39,-0.010850761977592625,0.75492,0.07686757615864852,-0.17601534636783617,0.5559,0.022063449231946038,-0.22791165450138168,0.82464,-0.08448597527662696,0.16252526998094005,0.55012,0.11485207809448873,0.2838632494275725,0.79255,0.06005977896579177,-0.21435094123712506,1.1142,-0.1459590969784294,0.3370417110371239,1.022,-0.016650276188936594,-0.06981663611191324,0.000623,-0.04533324549397155,0.08527988006986878,-0.000817,-0.01831454329948733,-0.16564354709013535,-0.46041,-0.06860394822018713,0.15710873970691916,-0.50135,0.038400029071649494,-0.2315033518414074,-0.87256,-0.023056413905755604,0.2078921203902602,-0.9269,0.059639140408305355
40,-0.010798942073071133,0.75324,0.07751237046499387,-0.1759794528474789,0.55428,0.022320588601153404,-0.22782341896856284,0.8232,-0.08441050680143256,0.1625354635710026,0.54848,0.1152549690111419,0.28408647815395366,0.79073,0.06069418020768701,-0.21402424223924132,1.1126,-0.14608426792067153,0.3376216781123023,1.0197,-0.015908293580172032,-0.0699055704255044,-0.000971,-0.0450189133641056,0.08520699049112947,-0.002513,-0.018010582595923197,-0.16559613935380932,-0.46219,-0.069275924787142,0.15650932760348787,-0.49953,0.03696209683045726,-0.23146648677532222,-0.87454,-0.023726187723475088,0.20825516886116485,-0.92848,0.057637777920455185
41,-0.010757783809893808,0.75157,0.07813700715729766,-0.17597449274513338,0.55267,0.022580396987054868,-0.22772521157863304,0.82169,-0.08427641612851612,0.16254600445742046,0.54683,0.11565589031228907,0.284295046522427,0.7889,0.06129654906119156,-0.21369290460915752,1.111,-0.14617815814854662,0.33821241137449604,1.0175,-0.01522736905209425,-0.0700199264755414,-0.002585,-0.04464103018927515,0.08511887214559105,-0.004202,-0.01766056665745814,-0.16553263220555722,-0.46394,-0.06998161795142863,0.15591581953809733,-0.49787,0.0354906811256626,-0.2313704833754594,-0.87653,-0.02444341317423292,0.20833397752379282,-0.92902,0.05782429653801063
42,-0.010698549306568229,0.74991,0.07878006257762765,-0.1759719637172752,0.55105,0.022853992681498497,-0.22763233741361405,0.82016,-0.08416966693895467,0.16252839029666932,0.54518,0.1160437237060821,0.2845033174631419,0.78707,0.06184301700650377,-0.21336446912949714,1.1093,-0.14631317716831885,0.3387681433996078,1.0155,-0.014635881168646822,-0.07017204770807081,-0.004202,-0.04423325067702162,0.08499617136607124,-0.005896,-0.017304463415819954,-0.16546999329819345,-0.4657,-0.07068238707695021,0.15539613420677928,-0.49573,0.03417647293956238,-0.2313519493214001,-0.87925,-0.02529716518087192,0.20807817328334827,-0.92963,0.05829604349409046
43,-0.010624473584440988,0.74825,0.07950595360759793,-0.17596201768637418,0.54943,0.02314311216626096,-0.22755985399636597,0.81864,-0.08406245148193452,0.16252027691709298,0.54353,0.11643526319715786,0.28469154495244114,0.78528,0.06238798160376866,-0.21304240876381353,1.1077,-0.146469628824928,0.33932258597649206,1.0135,-0.014152255870572013,-0.07037942512467878,-0.00581,-0.04377124244432332,0.0847942960140743,-0.007582,-0.016850623860188096,-0.16542409852686954,-0.46724,-0.07140337089782632,0.15560326708888023,-0.49737,0.03403834267802433,-0.2314832941194085,-0.88138,-0.02627990296076854,0.20794168759952497,-0.93049,0.05866697833757552
44,-0.010545997172320382,0.7466,0.08021840462538139,-0.17596921295646534,0.54786,0.023471857094873275,-0.2274994760829577,0.81714,-0.08394417000590186,0.16251268448204959,0.54188,0.11682384826497455,0.28489430902006757,0.78345,0.0629080928734789,-0.21275336559427366,1.106,-0.1466115937718069,0.3398869763681003,1.0115,-0.013782635138117276,-0.07057324596223524,-0.007418,-0.04329973583468894,0.08456983437778719,-0.009242,-0.0163550726783357,-0.1654626208122788,-0.46879,-0.07181836491408058,0.15547765446455772,-0.49632,0.032619982191895776,-0.23165232057197066,-0.88363,-0.027048937458261507,0.208415621561152,-0.93207,0.05632469150628937
45,-0.010465841359736095,0.74495,0.08092709006033046,-0.17595705936785155,0.54629,0.023806044602544953,-0.2274705525320941,0.81563,-0.08382026508991608,0.1624862641328343,0.54021,0.11720403633047285,0.2851031507739123,0.78161,0.0633937358718337,-0.21248344776666409,1.1042,-0.14681785662919655,0.34048071330173413,1.0096,-0.01357944691592159,-0.07077476680516075,-0.009073,-0.042796077865560486,0.0843373206312983,-0.010888,-0.015859925874151623,-0.1655268412441598,-0.47033,-0.07249073143327159,0.1557422168086924,-0.49717,0.03181062703742652,-0.23185999487334572,-0.88596,-0.027886727637571565,0.20860199770820845,-0.9336,0.054806998213226384
46,-0.010385921705535645,0.7449,0.08118793071834311,-0.1759233974475941,0.54626,0.02384548918550103,-0.2274705525320941,0.81548,-0.08382026508991608,0.16247653983488494,0.54014,0.11725918556464154,0.28531755105326534,0.78135,0.06344474097170957,-0.21237400132995995,1.104,-0.14709303198691012,0.34093871079667515,1.0093,-0.0134702576553338,-0.07099343616179447,-0.009259,-0.042304582481584814,0.08406692994392974,-0.010932,-0.015305455066818763,-0.1656310488416782,-0.47123,-0.07328184569595395,0.15594010003642592,-0.49717,0.030976314009731415,-0.23195279155973497,-0.88782,-0.02868496868825436,0.20877058604633603,-0.93487,0.05367812312170944
47,-0.010285811398367636,0.74486,0.08125940047697379,-0.17588904093462593,0.54626,0.023880994537445067,-0.2274705525320941,0.81533,-0.08382026508991608,0.16247601889035196,0.54006,0.11726213998790058,0.28553195133261833,0.78101,0.06349574607158547,-0.21230221072159963,1.104,-0.1473850013492604,0.3412795732503208,1.009,-0.013387815022584085,-0.07122919935506213,-0.009515,-0.04184859485379187,0.08379045435762673,-0.010994,-0.014768304017133096,-0.16583398477365938,-0.47219,-0.0742040962082937,0.15680641295657702,-0.49941,0.03009434863377882,-0.23197893495593297,-0.88903,-0.029227754578670856,0.2089963082025619,-0.93631,0.05141899817868643
48,-0.010195266166403504,0.74482,0.0812814586040149,-0.1758552053661908,0.54625,0.023919454312648136,-0.2274705525320941,0.81516,-0.08382026508991608,0.16247601889035196,0.53997,0.11726213998790058,0.2856877840913236,0.78065,0.06353337785754229,-0.21223042011323934,1.104,-0.14767697071161073,0.3416109349227916,1.0086,-0.013309078487117099,-0.07135999249642581,-0.00986,-0.0413659747607868,0.0835298023936397,-0.011112,-0.014165406385963673,-0.16593218859594333,-0.47279,-0.07514443498197519,0.1566202968554426,-0.49777,0.028903945006054806,-0.23201371089241743,-0.88941,-0.029779170605135123,0.2082843409023238,-0.93631,0.05205909079963414
49,-0.010104547286261704,0.74477,0.08130253192330299,-0.17582136979775564,0.54625,0.023957914087851206,-0.22750748794151737,0.81503,-0.08407149561260538,0.1624663444609995,0.53988,0.11725941869837089,0.2858375151214236,0.78023,0.06343285115151247,-0.2120179504385818,1.1037,-0.14859400759055888,0.3420633792436932,1.0083,-0.013974623479197978,-0.07148476022440675,-0.010212,-0.04087721509177301,0.08326405274270998,-0.011286,-0.013562392187929564,-0.16594267604611845,-0.47351,-0.07640947490758578,0.15680743972237063,-0.49679,0.02790019277200601,-0.23208981687900954,-0.8887,-0.02969307833599994,0.20754466558846582,-0.9359,0.052568384850324994
50,-0.010112247291630735,0.74465,0.08133468328279704,-0.17582536370584198,0.54624,0.023980564666170486,-0.22758260012381745,0.81484,-0.08433656571667245,0.16242608390999067,0.53976,0.11725739681002928,0.2858836556680861,0.77977,0.06322876281290958,-0.21179158890971092,1.1035,-0.149589829089748,0.3423423045179773,1.0079,-0.01480784715346889,-0.07163917673064922,-0.010666,-0.0403124491733609,0.08301174791244444,-0.011545,-0.012920451947233685,-0.16593569894133312,-0.47437,-0.07788873665589431,0.15744479174245465,-0.49756,0.026819448860390113,-0.23188898341607858,-0.88804,-0.03014100904511372,0.207596189228636,-0.93635,0.05233376747137873
51,-0.010115836822048752,0.74448,0.08134928175091458,-0.17583074679934965,0.54624,0.024011093706513862,-0.22770725012152657,0.81459,-0.08466621913781519,0.16236716909298762,0.53961,0.11724599311161625,0.2859435144207843,0.77927,0.06294687466181875,-0.21159072783674715,1.1032,-0.15067138113628475,0.3425709973841417,1.0076,-0.015701714913803427,-0.07180245169819141,-0.011167,-0.03971472073587939,0.08276448609204737,-0.011862,-0.01225528310237253,-0.1659250253562199,-0.47525,-0.07944654989071445,0.15821778703168352,-0.49901,0.025142196857013764,-0.23178124763494123,-0.88813,-0.030636833612337572,0.20782805763059534,-0.93684,0.051364302647791606
52,-0.010115836822048752,0.74431,0.08134928175091458,-0.1758473671558088,0.54623,0.024047764727104667,-0.22790495434961364,0.81432,-0.0850422630690207,0.16227923098792718,0.53941,0.11722642554461418,0.2860284524220504,0.77871,0.06263793043393785,-0.2115677270148425,1.1027,-0.15189599167118625,0.3428328071836437,1.0071,-0.016725810431264934,-0.07196514863988762,-0.011737,-0.039126029216352644,0.08261331181986756,-0.012179,-0.011703146036571922,-0.16589078548754085,-0.47625,-0.0810804264562459,0.15925211569300946,-0.50088,0.023595305386884174,-0.2316867091153065,-0.8881,-0.031057812790332484,0.2077994555498772,-0.93751,0.05146892540334025
53,-0.01012759743377191,0.74379,0.08134111547808684,-0.17589688092883085,0.54579,0.02415580817337106,-0.2282678184694031,0.81351,-0.08546062969121873,0.16210196559238502,0.53883,0.11719516887263412,0.28608280430166017,0.77781,0.06232968560724503,-0.2117891916494142,1.1023,-0.1531738623280346,0.34310868248553655,1.0063,-0.017829675376720443,-0.07216617676872872,-0.012768,-0.03841209105977699,0.08245321960083637,-0.012932,-0.011129226633340357,-0.16584166174417933,-0.47791,-0.08274112596483804,0.16035863034382503,-0.50258,0.022099728465582398,-0.2315739134946298,-0.88787,-0.031409570019051605,0.2088710998784833,-0.93881,0.04832830135182336
54,-0.010157148879078372,0.74326,0.0812841180037542,-0.17595659007573836,0.54531,0.024264084753366815,-0.2287220936578064,0.81257,-0.0858788677253586,0.16192383195595444,0.53825,0.11716883623941915,0.2860984584638601,0.77689,0.06201055562243349,-0.21211900917920426,1.1018,-0.15464346104776835,0.3434333769677409,1.0054,-0.019037644537430287,-0.07240190149417719,-0.013809,-0.03767990061063672,0.08227848385356817,-0.013816,-0.010466500884160035,-0.16578045832318797,-0.47953,-0.08418239420540222,0.16142555321013258,-0.50421,0.020828687711967414,-0.2314448448138493,-0.88779,-0.03179602865285551,0.20941783694368094,-0.93952,0.04672488169947432
55,-0.010215678552322706,0.74274,0.08112656078446574,-0.17607667713605418,0.5447,0.024254079857329924,-0.2292269485506847,0.81161,-0.08635578023005609,0.1617410596873238,0.53764,0.11711122289183713,0.2860690397946734,0.77591,0.0616591078426663,-0.21253862507541219,1.1014,-0.15617966497291946,0.34378193516126954,1.0044,-0.020265776120659093,-0.07257778608042129,-0.014888,-0.03694731299654421,0.08210438321345893,-0.014843,-0.009818894547630234,-0.16564324865279828,-0.48098,-0.08559401366770485,0.1622310928357461,-0.50533,0.01948515694880403,-0.2313431128079464,-0.8877,-0.032142628709080225,0.20956617343689077,-0.93985,0.04784160560661619
56,-0.010294251676982617,0.7422,0.08096750021712996,-0.17624235797228957,0.544,0.024214711589596417,-0.22979600161687996,0.81051,-0.08692930844021995,0.16153998044905424,0.53703,0.11704225811867766,0.28603017021290883,0.77499,0.06124608344191806,-0.2130706376435217,1.101,-0.15782707585893835,0.3441246890539512,1.0035,-0.021576165287682206,-0.07274481220536567,-0.015935,-0.03624768790152112,0.08192958557640033,-0.015872,-0.009184611656422589,-0.16545493833340053,-0.48235,-0.08694991308270889,0.1630007870257764,-0.50653,0.01822974034311745,-0.23133331281519023,-0.88725,-0.03248614575398772,0.20987347905894144,-0.94144,0.04655949045786548
57,-0.010402723543304324,0.74162,0.08075341179096758,-0.17643723574476,0.54326,0.024168164261026887,-0.23046638774020303,0.80937,-0.08761920078374602,0.16134115863709436,0.53642,0.11696049084472904,0.285977334865947,0.77403,0.06079708742176707,-0.21370172584244926,1.1006,-0.1596036533791086,0.34447183401967146,1.0026,-0.022969045172229002,-0.07292284486377085,-0.016964,-0.03554898812869936,0.08174690226460155,-0.016834,-0.0086035059796389,-0.1652732506871411,-0.48375,-0.08844101656644056,0.16379057453581913,-0.50723,0.016917956561779815,-0.23135030272656879,-0.88725,-0.033023255931615494,0.210426066725937,-0.94262,0.04578670596637746
58,-0.010530032940752734,0.74106,0.08046187565714996,-0.17667098488281796,0.54241,0.024111716582091634,-0.23126326008020562,0.80824,-0.088513157423488,0.1611727012138392,0.53564,0.11653375545066122,0.28599673537707176,0.77311,0.060341535426745536,-0.21450313350981237,1.1001,-0.1614508798813794,0.34484661308802783,1.0017,-0.024345882726162643,-0.07319534996395873,-0.018171,-0.034786727693958325,0.08153283369276454,-0.017911,-0.007936545975926785,-0.165171191859624,-0.48484,-0.08976846110227843,0.16472962200002575,-0.50774,0.015450729973973027,-0.23130527797995618,-0.88779,-0.033336191663344034,0.2108998439464817,-0.94319,0.045230526907716534
59,-0.010671369993188767,0.74048,0.08010592504595693,-0.17693943783019936,0.54146,0.024021733166718386,-0.2321232887044592,0.80708,-0.08950963861521444,0.16089941372751593,0.53478,0.11583772531494933,0.28608088083225636,0.77218,0.059749147426890886,-0.21544124859395042,1.0996,-0.16327144025909632,0.3452258330980195,1.0006,-0.025863081521318318,-0.07350308943495788,-0.019364,-0.034124099277733085,0.08131542074543237,-0.019121,-0.007158478748540656,-0.16517004488189546,-0.48569,-0.09109948314734083,0.16568705034485515,-0.50858,0.014109611051387394,-0.23127647642485044,-0.88831,-0.03367229651368614,0.210735945892974,-0.94294,0.04592968813951961
60,-0.010790599049986815,0.73987,0.0796015586791014,-0.17721039576305198,0.54036,0.023830780820243584,-0.2329877564865253,0.80595,-0.09076888261610136,0.16053062331112172,0.53386,0.11487709134262909,0.286233318106038,0.77122,0.05911498350678662,-0.21648714576017689,1.099,-0.16534455364665604,0.34558791180701914,0.99961,-0.027340654872624173,-0.0738323805138973,-0.020687,-0.033477456110808004,0.08110972094546515,-0.020429,-0.0062971120482942095,-0.16523014405846356,-0.48627,-0.09254386262967082,0.16654175466331253,-0.50931,0.013063130507846177,-0.23131996059642812,-0.88891,-0.03394397486545933,0.21111860768884044,-0.94284,0.04583266262749172
61,-0.010884361310219505,0.73914,0.0789412453909146,-0.1774723979016498,0.53909,0.023473862230968427,-0.23387861700777388,0.80474,-0.09228155988891296,0.16032180916730976,0.5329,0.1137578270068513,0.286458587877246,0.77026,0.05818294137781396,-0.2174589209807495,1.0984,-0.16760768265771156,0.3462134352762806,0.99825,-0.02933330672114238,-0.07416120772961675,-0.022124,-0.032827684872446215,0.08089122585742486,-0.021813,-0.005386214745354813,-0.16532504499772596,-0.48638,-0.09430916085142461,0.16739837089554713,-0.50857,0.011602693028639286,-0.23139596684582642,-0.88903,-0.033973623643720884,0.21154222462842637,-0.94292,0.045733719772793405
62,-0.010818627990760799,0.73854,0.07799833493349409,-0.17765812040547785,0.53816,0.023029866564805084,-0.23467950373060398,0.8038,-0.09413174081444278,0.1603661188464706,0.53216,0.11246995564202768,0.28677527050089063,0.7694,0.05684764661040058,-0.21827086775070753,1.0977,-0.17025895451151202,0.3470278345266011,0.99577,-0.03153331078047444,-0.07444728623852702,-0.023282,-0.032195761548980725,0.08066717883617665,-0.022974,-0.00440927824165061,-0.1655305322161294,-0.48638,-0.09608075787193261,0.16846229365806034,-0.50775,0.010003140480141344,-0.23161036712517946,-0.88903,-0.034024628743596776,0.212174092033986,-0.94351,0.045202369999300156
63,-0.010555491516043715,0.73755,0.07651753136931908,-0.17770738305169254,0.537,0.02244543334219713,-0.2356898769313926,0.80148,-0.09652149603101376,0.16066707518075435,0.53106,0.11093591056939961,0.28743978911532037,0.76815,0.05492178082819344,-0.21922140267353915,1.096,-0.173909472743281,0.3481511485335222,0.99236,-0.03427591568126764,-0.07480642797435427,-0.024912,-0.031258892714198086,0.08038964577196832,-0.024566,-0.0031462836263528478,-0.16586049578406428,-0.48638,-0.09818299312133638,0.17044022915334037,-0.50775,0.008114919048075875,-0.23169567468136498,-0.88974,-0.03428946571393447,0.21264786747070777,-0.94389,0.04504931499102176
64,-0.010271136924725257,0.73634,0.07473787200123873,-0.17752478086359375,0.53569,0.021697783396767097,-0.23671766303472191,0.79867,-0.09915802399896766,0.16070890748447678,0.52958,0.10891344893605145,0.28836943910319185,0.76666,0.05252885899494216,-0.22021663552136922,1.0934,-0.1782278997229346,0.34967029933924837,0.98899,-0.03776614229704225,-0.07509355977310828,-0.026622,-0.03028698719916882,0.08017137482111839,-0.02619,-0.0018738549281480856,-0.16635589084525013,-0.48638,-0.10061394925696546,0.17286532382938513,-0.50775,0.005879064667258713,-0.23185207646937722,-0.88969,-0.03466939660331644,0.2129205378429501,-0.94389,0.04505779249662436
65,-0.009789124406270777,0.73479,0.0725858789872972,-0.1772856192381724,0.53424,0.02068695664755345,-0.23766204992799708,0.79544,-0.10192200616168325,0.16096124768048253,0.52771,0.1064457778831192,0.2898182623969629,0.76513,0.049437479519137496,-0.22119569326246633,1.0905,-0.18286841111065877,0.35156482050120186,0.98523,-0.041715156549600764,-0.07544572673096445,-0.028672,-0.029182358558496165,0.0800529786394684,-0.028126,-0.0005574145215323095,-0.16700295110887725,-0.48572,-0.10310617256462365,0.17554014327583317,-0.50775,0.0036090556520996693,-0.23210817456993438,-0.88969,-0.035059798656194,0.21270883845581,-0.94342,0.045682522333821626
66,-0.00917978209305116,0.73325,0.07004001274074767,-0.1769847385986954,0.53246,0.019441279385664194,-0.23849981862400774,0.79188,-0.10488753623436581,0.16127756431685367,0.52553,0.10373045381672218,0.29163791715195503,0.76352,0.045740290644785166,-0.22286247611844326,1.0814,-0.18833083135364825,0.35391193737367055,0.98147,-0.046906451415717774,-0.07573473740456971,-0.030814,-0.027975205365839063,0.0799949627754654,-0.03036,0.0008945700374503179,-0.1677028244609021,-0.48506,-0.10547164107870823,0.17876097401708954,-0.50691,0.001179435653791694,-0.23245997507495006,-0.88969,-0.03548332245088646,0.21248773624086603,-0.94247,0.046590929076722
67,-0.008443359948466653,0.73137,0.06696923915336525,-0.1765654058596626,0.5306,0.017696589999562688,-0.2392382365200059,0.78806,-0.10824374957842929,0.16186566082601467,0.52326,0.10045278048096819,0.2938638035540252,0.7617,0.041063764826928584,-0.22451769845750041,1.0717,-0.1939739899557333,0.356486010630527,0.97756,-0.052981765964639216,-0.07605726938918075,-0.032905,-0.026629772305853224,0.08014353061858172,-0.03248,0.002424613368860176,-0.16852328177538875,-0.48387,-0.10767153330222859,0.1822144861811279,-0.50513,-0.0009573305320225191,-0.23297363615629252,-0.88969,-0.035967880283878685,0.21269573558003235,-0.94144,0.04685099882680141
68,-0.007569148866814894,0.72905,0.0633185826391589,-0.17595811544905612,0.52845,0.01580734296511076,-0.23994673706084846,0.78401,-0.11182722037970921,0.16256459295730114,0.52058,0.09689205332547658,0.2965034365595871,0.75984,0.03571080885887241,-0.22622161441346522,1.0622,-0.19985928267700118,0.35954998812988703,0.97355,-0.06028059750697635,-0.07641986423423598,-0.035299,-0.025114719178619932,0.0804111959057834,-0.034802,0.003929962595460844,-0.1693705049516231,-0.48251,-0.10989239189512715,0.18586084220810162,-0.50336,-0.003093602219929416,-0.2334347334922217,-0.88957,-0.036289840291952716,0.21301724917497308,-0.94036,0.04692799888049175
69,-0.0066359730995631735,0.72652,0.0596214592996672,-0.17530982002613324,0.52604,0.013858308064290031,-0.24062293904064494,0.77939,-0.11559386542304942,0.16344349494398858,0.51756,0.09323206967827312,0.29937099214379587,0.75667,0.029756292172232534,-0.22804603863708509,1.0521,-0.2058673669184436,0.3628895915881556,0.96949,-0.06839394137627713,-0.07684307431449044,-0.037895,-0.02334228152725642,0.08074381344456441,-0.037411,0.00553916847815431,-0.17029753059477748,-0.48111,-0.1119486067323789,0.1894955878495586,-0.50162,-0.004991265025042407,-0.23399609795382562,-0.88931,-0.03656144651656494,0.2134947691767967,-0.93975,0.047041645912385896
70,-0.005470487868687542,0.72343,0.05562614589811649,-0.17430550488951088,0.52311,0.011848166998008568,-0.24132084525882688,0.77439,-0.11964053354764562,0.1643491387500368,0.51433,0.08942042563710575,0.3023287690855848,0.75307,0.02357804326476514,-0.23003968878765466,1.0414,-0.21241300356258555,0.36624187314721673,0.96246,-0.07698230026193036,-0.07722825482342009,-0.040789,-0.021365130047085845,0.08119212456638394,-0.040484,0.007223607298074139,-0.17128602769282592,-0.47981,-0.11365619962506433,0.19298030503315722,-0.49986,-0.006844302032317923,-0.2346222314018764,-0.8893,-0.03686884349968616,0.2138161313821238,-0.93864,0.047695381587553855
71,-0.004140511512610265,0.71995,0.051446597131529916,-0.173163216930273,0.51977,0.009746595629203752,-0.2419278613529281,0.76773,-0.12368437583704096,0.16541875095293065,0.51119,0.08583062470454411,0.30548194652820004,0.74895,0.017040263212225716,-0.2321451888393829,1.0301,-0.2193032988778948,0.36967117880235517,0.95632,-0.08571954597918217,-0.07761085643589463,-0.043854,-0.019172253396170003,0.08175270377204688,-0.043703,0.008927842010247999,-0.1722675049527838,-0.47854,-0.11528842858822655,0.19653529807629114,-0.49797,-0.008635191605482484,-0.23528358960378368,-0.88967,-0.03720682179598634,0.21423304816994168,-0.93682,0.04815272652524927
72,-0.00275481929729603,0.71635,0.047601809089983606,-0.17189359855585418,0.51604,0.007671537754507685,-0.24225027700294777,0.76199,-0.12732669778171063,0.16679224211527294,0.50713,0.0817267823553587,0.30867766777434363,0.74466,0.010261205260198289,-0.2342703129190104,1.0192,-0.2256791868667311,0.373040801136796,0.95035,-0.09457901240347868,-0.07794178899046993,-0.046887,-0.01700174432124719,0.08242520616943659,-0.047156,0.01067110490651612,-0.17326905149036714,-0.47745,-0.11669166361239562,0.19993172807465107,-0.496,-0.010102702513871506,-0.23588923256686978,-0.88957,-0.03763042609396299,0.2147916360445259,-0.93541,0.04803696562352716
73,-0.0010909552655442162,0.71204,0.043336943150256706,-0.17044128182378865,0.51175,0.005539336987749912,-0.24243057631647488,0.75605,-0.13125671217831808,0.1680812164836883,0.50349,0.07804467085819186,0.3118549342288806,0.73955,0.0032412834033059973,-0.23621182053150594,1.0078,-0.23217501231009255,0.37635825689077584,0.94323,-0.10366091679189782,-0.07825837241991215,-0.050255,-0.01453829309741454,0.08311735485328964,-0.050768,0.012475711290035944,-0.17432455274260802,-0.47669,-0.11784649394907626,0.20343852261920037,-0.49252,-0.01190818334243749,-0.23659278549212723,-0.88941,-0.03813222015666374,0.21555274221139784,-0.93237,0.04792442050924205
74,0.0007653097836554223,0.70752,0.03880442099729155,-0.16876682455535894,0.50687,0.0032990687323387613,-0.24250368661960758,0.74976,-0.13544909943184988,0.16965908619967582,0.49898,0.07399108193485868,0.3149680025101006,0.73386,-0.0038752541590526823,-0.23812440280931496,0.99675,-0.23895005688785076,0.3798517162021031,0.93565,-0.11345304843113246,-0.07860627441112483,-0.053951,-0.011926019336012367,0.08378063528376917,-0.054904,0.014553454313256784,-0.17550726063044908,-0.47598,-0.1189709520639203,0.20692336358237973,-0.48916,-0.013704334633767648,-0.23723075105864636,-0.88884,-0.03854527697592221,0.21658449019244574,-0.93056,0.04656492791874973
75,0.0026403312402817868,0.70244,0.034182802283335284,-0.16706190494485362,0.50191,0.0010012153597941907,-0.24249332380170233,0.74298,-0.1396541846404996,0.17131043313720343,0.49396,0.0696935460953434,0.31809657534772984,0.72724,-0.011137310135127816,-0.2391929525699569,0.99111,-0.24561689282471255,0.38301157867321395,0.92734,-0.12273536329132036,-0.07894854815390698,-0.057957,-0.009247765859397072,0.08432106711276112,-0.059333,0.016757788098828382,-0.17686961511972274,-0.47527,-0.12017075006590057,0.2105114459488183,-0.4864,-0.014991830626636192,-0.23777782650108473,-0.88809,-0.038955507959979804,0.21741240103912263,-0.92834,0.04613110234325329
76,0.004499281515430623,0.69664,0.029381665556004553,-0.16547791659316546,0.49644,-0.0011290921066801317,-0.24232526796373427,0.73566,-0.14377460042477735,0.17286329751560686,0.48821,0.06578176948844397,0.32112793103207554,0.71983,-0.018078371056556547,-0.240098200916431,0.98335,-0.2526915677593796,0.38627622490644187,0.91797,-0.13249676098693092,-0.07933847300411505,-0.062571,-0.006397168621765948,0.08462231924582929,-0.064373,0.019011336445840684,-0.1783335983100597,-0.47348,-0.12194593715981794,0.21394265366748558,-0.48402,-0.016311049558943497,-0.23833182204441986,-0.88799,-0.03955684392095737,0.21869945100700033,-0.92596,0.045684816134429845
77,0.006240616676808875,0.69078,0.02485020212177629,-0.16382179033676167,0.49063,-0.0035533385510108026,-0.24196225865848903,0.72775,-0.14813683669122432,0.17431440584572042,0.48227,0.06204396617442716,0.3240098771564667,0.71163,-0.024690377600421032,-0.24074685247637895,0.97195,-0.2599545458781527,0.389114645909773,0.90822,-0.14133819561078292,-0.07974728765828543,-0.067221,-0.003583411244425898,0.08474407981214865,-0.069637,0.021470845414006807,-0.17975523717125585,-0.47166,-0.12373092005842984,0.21739085308135433,-0.48111,-0.017496282364005557,-0.23889804687117555,-0.88765,-0.040203999578867784,0.22057547728055396,-0.92321,0.044950427667107155
78,0.008086911652720533,0.6844,0.019855933720706584,-0.16203900243167768,0.4845,-0.006177629557261116,-0.24145311506627792,0.71948,-0.15263678922458626,0.17563724160878086,0.4761,0.05816981716542295,0.32692111995428663,0.70387,-0.031410946130846225,-0.2413416731012502,0.96042,-0.26752281440035963,0.391922927824997,0.89748,-0.15029664149634958,-0.0801508141476645,-0.072232,-0.0006499165073640782,0.08482344858496901,-0.074985,0.02401528338690003,-0.18147197106200033,-0.47034,-0.12556996702584783,0.2210701470420191,-0.4793,-0.018552424850138804,-0.2394992488926262,-0.88737,-0.040767965118066476,0.2227645395660212,-0.92157,0.04290142539518435
79,0.009842813406697435,0.67772,0.014683258297834893,-0.16051127252190778,0.47864,-0.008795107412524553,-0.24081482888230238,0.71096,-0.15740844415210836,0.17719930934060066,0.46936,0.054205845747613876,0.3298149498495659,0.69543,-0.03837828741265436,-0.24171346090648205,0.94916,-0.2750314476866429,0.3946558980835332,0.88943,-0.15928867539118985,-0.08059308341457289,-0.077227,0.0023650889479458013,0.08475431629036528,-0.080389,0.026756930469557245,-0.18352396079610814,-0.46885,-0.12758084099781028,0.22500541532366025,-0.47725,-0.01927505099933985,-0.24004957199802043,-0.88775,-0.041620479328897744,0.22473763873853647,-0.92004,0.040810281293162776
80,0.011487472136226055,0.67082,0.009364039401851638,-0.15901807277328373,0.47277,-0.011447105811979,-0.24010068427089631,0.70312,-0.16237996278065636,0.1787267489579038,0.46192,0.04991997078262798,0.33256726004769244,0.68675,-0.045349258476522616,-0.24185241589931822,0.93778,-0.28282396278190997,0.3972851300366642,0.88068,-0.16861378339789057,-0.08104935869832061,-0.082693,0.005471044012888131,0.08446638605106964,-0.086154,0.029898661867576365,-0.18575964090833189,-0.46798,-0.12958653375489132,0.22904687881140384,-0.4757,-0.019908887632263013,-0.24078291493120685,-0.88812,-0.04264437831920173,0.22612995866773972,-0.91812,0.04212807536461076
81,0.013030028684516571,0.66319,0.0033972526371577605,-0.15745811642962873,0.46568,-0.014765638199328952,-0.23925049922539326,0.69477,-0.1680078296401692,0.17963946247063942,0.45516,0.046125820147285494,0.33495469447505855,0.67793,-0.0522088981795265,-0.24165370623286775,0.9259,-0.2910341889948994,0.4000191697942993,0.87124,-0.17824534747667192,-0.08142572394482268,-0.088558,0.008768789030506294,0.08393183569083623,-0.092136,0.033321844000092006,-0.18817062641754656,-0.46738,-0.1316921865929339,0.23299544230791855,-0.47491,-0.02041897616770718,-0.24153027349818737,-0.88802,-0.0436463784052101,0.227894624806989,-0.91676,0.04248594324104979
82,0.01440827256426051,0.6565,-0.002351758217584852,-0.1559435543875058,0.45928,-0.018345016053168968,-0.23831291927792678,0.687,-0.1741889253231455,0.1806538340782941,0.44838,0.04187031321607458,0.3372048266301328,0.66936,-0.05915367357436117,-0.24125520499255235,0.91499,-0.2996864370704846,0.4027780911099376,0.8621,-0.18807560958783237,-0.08188602377134407,-0.09408,0.012093366608139942,0.08325585396986618,-0.098034,0.0369597286481965,-0.190781004551851,-0.46724,-0.13381878175796774,0.23687759650575768,-0.47491,-0.020264500330761874,-0.2423812483748153,-0.888,-0.04452144283675108,0.22912364510584732,-0.91663,0.04380845225992047
83,0.01574824714664994,0.64955,-0.00794707957730587,-0.15458360956684442,0.45304,-0.021968919347236895,-0.23733192728604352,0.67902,-0.1806162229443749,0.1815800921488877,0.44169,0.03799934757599714,0.3390582056607397,0.66066,-0.06569115674213351,-0.240279332480609,0.90237,-0.30959755067292266,0.4053401470445215,0.85273,-0.1972500942811578,-0.08230917909709984,-0.099859,0.015506743319006254,0.08246801094695974,-0.10376,0.04058702797017941,-0.19345999597489796,-0.46724,-0.13613212867428634,0.2408460262378645,-0.47491,-0.01996585260964065,-0.24336726809742534,-0.8877,-0.04549444546091199,0.23049919507280076,-0.91663,0.04533652892305435
84,0.01721802284993394,0.64172,-0.014076982707212249,-0.15317380189298277,0.44576,-0.02610595975345978,-0.23622067511852315,0.67028,-0.18760949961702136,0.18252949529570797,0.43393,0.03393953198107071,0.3405808419167796,0.65148,-0.07202294786564609,-0.2390884906600057,0.88948,-0.31911536007205976,0.407788640638557,0.84256,-0.20658676280477842,-0.0828539602743834,-0.10587,0.01909160516695487,0.0816461803455888,-0.1097,0.04433221641172013,-0.19624322260549615,-0.46724,-0.13860296851586432,0.24457453119232409,-0.47491,-0.01997656729908505,-0.24438791771837498,-0.88708,-0.04638622758186718,0.233038226995782,-0.91663,0.042627267419603265
85,0.018597262938208604,0.63393,-0.020159893258822892,-0.15180311314387016,0.43798,-0.030366671941939084,-0.2349588717647884,0.66117,-0.1950534805611469,0.1833539714918018,0.42717,0.030473036920916345,0.3419842077009722,0.64152,-0.07790867334987975,-0.237758039272204,0.87794,-0.3286187068038536,0.40993893401058734,0.83286,-0.2149808939935437,-0.0833665949006503,-0.11208,0.022649641667604095,0.08082243961426351,-0.1156,0.048088237738543996,-0.19929748464757668,-0.46725,-0.14057326884279575,0.24864769481795107,-0.47674,-0.020099131889688107,-0.24523318803134977,-0.88605,-0.047063293382217125,0.23524939603605574,-0.91775,0.03958907593858449
86,0.019778237602221083,0.6255,-0.026488972089344802,-0.15047382657202618,0.43007,-0.034507756124845204,-0.233134610407964,0.65208,-0.20269275870125913,0.18388015308016542,0.41978,0.026855448091866373,0.3433441614407482,0.63133,-0.08354819689586032,-0.23649478794533646,0.86913,-0.33814405698561417,0.4121483158477984,0.82217,-0.223364606291649,-0.08391961564132971,-0.11882,0.02655189461434888,0.07998910076880836,-0.1219,0.0519735566918161,-0.20275261571796876,-0.46533,-0.14257363613067348,0.2530636808957748,-0.47674,-0.020207957256522975,-0.24609182925400494,-0.88505,-0.04766452898558511,0.2374796218587446,-0.91775,0.03529105397728514
87,0.02090721033741117,0.61664,-0.03269013767036241,-0.14914550619444136,0.42139,-0.03893129927197206,-0.231302237455386,0.64255,-0.2103204522820646,0.1843310470542284,0.41238,0.023376898016884886,0.34478523113805865,0.62123,-0.08907187484877302,-0.23480987789361135,0.85933,-0.3481027706634742,0.4141793627903685,0.81116,-0.23114004507779326,-0.0844611852192379,-0.12586,0.03032009954405803,0.07913426499248719,-0.12853,0.055819545224758106,-0.20576053952282214,-0.46288,-0.1445763828406187,0.2575011254366454,-0.47609,-0.02055365502437507,-0.24711974805602957,-0.88423,-0.048342322417571706,0.23991640618275875,-0.9175,0.0317219748021702
88,0.022018563482956922,0.60778,-0.03895838193697212,-0.1476773767752706,0.4118,-0.043571861846549126,-0.22949534091632823,0.63287,-0.21786124964687564,0.18464761303358396,0.40579,0.020372221331996038,0.3458787640561653,0.61074,-0.09435220492908211,-0.23287990752989293,0.84928,-0.3578964224030027,0.41595904643412945,0.79921,-0.2385840981490798,-0.08606851183995798,-0.13367,0.03873889055787495,0.07697148159327412,-0.13587,0.06479128268012807,-0.20876322983995851,-0.46197,-0.14643604701981222,0.2614451001695569,-0.47531,-0.021152894797884632,-0.24835271417820023,-0.88369,-0.04929692733143893,0.24279464334006154,-0.917,0.028010388097495047
89,0.023104318839640453,0.59878,-0.04517935302719855,-0.14584340360725723,0.39846,-0.048444420868152344,-0.22745799098694236,0.62036,-0.22613313608620925,0.18464053355509286,0.39334,0.016957108759768837,0.346757399792773,0.60052,-0.09950795892266595,-0.23079291469643548,0.83936,-0.36742883872380494,0.41776365972066765,0.78779,-0.24588159572606122,-0.08851640150451316,-0.14556,0.04950030910703305,0.07418410547589403,-0.1471,0.07619957752994061,-0.21447233907309865,-0.46184,-0.15246907874226107,0.27058150519068735,-0.47424,-0.02373053486000773,-0.251383813305825,-0.88385,-0.05548731811704467,0.24848240012995124,-0.91608,0.027138815553719282
90,0.024157716149726248,0.58965,-0.05122833005700318,-0.14426962575272692,0.38649,-0.05276274221615205,-0.22560242487336385,0.60878,-0.23360442609517953,0.18454305907084406,0.3815,0.013766713216122179,0.34757228438961285,0.5897,-0.10487803928461895,-0.2287661519544185,0.82949,-0.37685002404135237,0.4194866102789284,0.77662,-0.253061487185811,-0.09097843601133643,-0.15687,0.05977182876515626,0.0715821886369167,-0.15848,0.08699374710258705,-0.22000708506112,-0.46192,-0.15851198258462706,0.2796763584287585,-0.47259,-0.026014935345462557,-0.254530087476194,-0.88429,-0.06177315893947001,0.25430917163152245,-0.91458,0.02616990386090208
91,0.025247246706198954,0.5793,-0.05737857104142909,-0.14286145660727104,0.37445,-0.05660255154185901,-0.22383311203548895,0.59543,-0.24064413717460112,0.18439443228516744,0.36954,0.010981592199257838,0.34821979975321465,0.57756,-0.10993238631009113,-0.2268030682250085,0.81832,-0.38596765543724276,0.42115339856481887,0.76535,-0.2600380419809817,-0.09336265930489403,-0.16834,0.06972299328426944,0.06874299680307674,-0.17004,0.09737138627200591,-0.22527303080540464,-0.46156,-0.16446687262712578,0.2882763010210294,-0.4723,-0.028084004800469853,-0.25755431458769595,-0.88429,-0.06811769827483996,0.2601182069765846,-0.91391,0.025128815795550045
92,0.026396062798001267,0.56865,-0.06376713790632267,-0.1414689879249662,0.36124,-0.06087160845982112,-0.2219926034447706,0.58189,-0.24808761943275773,0.18431506529616998,0.35777,0.008034030175982088,0.3488047777304693,0.56419,-0.11480482930782104,-0.2249499055758845,0.8078,-0.3940587794750938,0.42292266331791983,0.75289,-0.2674230065870874,-0.09553394781974253,-0.17965,0.0796010224493047,0.06560135723067476,-0.18163,0.10772514311660669,-0.23051863745433812,-0.46112,-0.1699612343630023,0.2966397641891737,-0.47185,-0.02984851148368005,-0.26054959410594736,-0.88455,-0.07416570593088204,0.265717454848284,-0.91308,0.02429850063172962
93,0.02751148919151042,0.5587,-0.06948836443222278,-0.14022225814849787,0.34856,-0.06465966519969016,-0.22036991822836163,0.56819,-0.2556202811594283,0.1844083491129016,0.34677,0.005259070873661422,0.34949518241013183,0.55103,-0.11969929979790471,-0.22284778309240594,0.79583,-0.4031011232566835,0.4247406457303155,0.73973,-0.27439321031066827,-0.09778754138274352,-0.19099,0.08955998911521941,0.06229736017980003,-0.19309,0.11819344710950884,-0.23563850234789963,-0.46031,-0.17518972204795258,0.30460113922411697,-0.47074,-0.03082994337280036,-0.26349558336795126,-0.88484,-0.08026290170173914,0.27139501983193404,-0.91174,0.022620913120918136
94,0.028653778779722354,0.5482,-0.07532162831247564,-0.13885698010292577,0.3361,-0.0682562270104031,-0.21872979606702514,0.55414,-0.2627335433713739,0.1844726612939957,0.33479,0.002014953128670817,0.35041951344367583,0.53841,-0.12534455551757123,-0.22060560044053404,0.78308,-0.41305296313459783,0.4262399686134199,0.72486,-0.28174453882272643,-0.09998776725347203,-0.20211,0.09963092403298038,0.059097831470205864,-0.20444,0.12882943940155583,-0.2403481969063624,-0.45977,-0.18015295457988034,0.3121645696397362,-0.47084,-0.03122456261724521,-0.26600171024029823,-0.88484,-0.08586012039495636,0.27598369944879214,-0.91121,0.024239316152870134
95,0.029940530467152546,0.5369,-0.08123705484780643,-0.1376291779778231,0.32371,-0.0719369397051938,-0.21725176156643572,0.54005,-0.2690427361894027,0.18448187891799536,0.32312,-0.0012622340852990813,0.3516640721915788,0.52522,-0.13182692186968514,-0.21811383905640375,0.76892,-0.42367159417652395,0.4280124899485913,0.71138,-0.29070284045397116,-0.10204273607466202,-0.21328,0.10992040274397138,0.05608217640386004,-0.21555,0.13952831637630522,-0.24468882587923654,-0.4592,-0.1846754030450202,0.31944007268586544,-0.47115,-0.03136836952168545,-0.2679100083175542,-0.88484,-0.09098941844131138,0.281983980225177,-0.91199,0.02004046397584063
96,0.031214455611406587,0.5255,-0.08732736557278896,-0.1364569673119609,0.311,-0.07547514068236269,-0.21551839211751495,0.52601,-0.2762817161143334,0.18435664655152978,0.3107,-0.004525557675504235,0.3527331260681032,0.51077,-0.13817776620796707,-0.21556998321897333,0.75385,-0.43458566754435374,0.4297983323248461,0.69246,-0.29967910175849943,-0.10431729298238675,-0.22421,0.12034378467468475,0.052853850947637546,-0.2267,0.1505349388713627,-0.24922056401709222,-0.45853,-0.18880507003521496,0.3264245707800806,-0.47124,-0.030898384019882784,-0.2703796209878171,-0.8859,-0.096448193235977,0.2861963268591944,-0.91255,0.021028947579590722
97,0.03235730158731623,0.5138,-0.09332503045800447,-0.13545006614359173,0.29769,-0.078882052779429,-0.21362167316965228,0.50989,-0.28358328151038503,0.18390943308183327,0.29511,-0.0087270455206041,0.35370365108455243,0.49548,-0.1448912288906999,-0.21283221223568588,0.73689,-0.4465419006485998,0.4312557873062146,0.67452,-0.3081750905165714,-0.10549869125797712,-0.23511,0.12654281420473476,0.050905882287967524,-0.23766,0.15671049828739486,-0.25347010874296677,-0.45729,-0.1923468026087998,0.33358444818227057,-0.47076,-0.03021368219747484,-0.2726150392702959,-0.88717,-0.10156510696422759,0.2899763999709523,-0.9123,0.021935117138649297
98,0.03327064229665452,0.50088,-0.09927075949224959,-0.13467242508687105,0.28713,-0.08214052026996845,-0.21165825284682438,0.49602,-0.2902841382194862,0.1833807786168109,0.28421,-0.01246665852954125,0.35452012790884696,0.47855,-0.1513069179102355,-0.21024451779503078,0.71746,-0.4587987614816925,0.4329887961193306,0.65529,-0.31800347189163325,-0.10604051017886978,-0.24246,0.1306003717529357,0.04953444124441548,-0.24545,0.1605608454748652,-0.2545985938822476,-0.45729,-0.1926270191151344,0.33607846691426585,-0.47076,-0.0296155128531776,-0.2726150392702959,-0.88902,-0.10156510696422759,0.2904927913383634,-0.91217,0.022058664520909158
99,0.034068765307367785,0.48711,-0.10520228001061332,-0.13394161916952357,0.27702,-0.08519096019089295,-0.20955298778905246,0.47987,-0.2975590855757579,0.18283066747256468,0.27268,-0.0163725231878437,0.3554750005469193,0.45956,-0.15810437465853933,-0.20781096771607827,0.69665,-0.47144835570495636,0.434530647682691,0.63491,-0.32778432531843416,-0.10657567276728233,-0.24983,0.13503481083854327,0.04830970832561364,-0.25267,0.1646503008515142,-0.25559267889966003,-0.45729,-0.1928632287215354,0.3384361753944383,-0.47076,-0.029050517523530835,-0.2726150392702959,-0.88902,-0.10156510696422759,0.2907963933447945,-0.91217,0.02246759706020019
100,0.03505501482935498,0.47275,-0.11131386833774892,-0.13301387574396067,0.2665,-0.08837929723962615,-0.20736774840000585,0.464,-0.30459653744504683,0.18228326078817722,0.26062,-0.020408901009838058,0.35605329085916626,0.44187,-0.16524239821655323,-0.20550249240981994,0.67555,-0.48373414187273556,0.43580840976167573,0.61247,-0.337104031540709,-0.1079012345509254,-0.25808,0.14054839315476425,0.047120548697855175,-0.26064,0.16960914137926958,-0.2564703234684877,-0.45729,-0.19306875246908628,0.34102780666084637,-0.47074,-0.028430059322701838,-0.2726150392702959,-0.88902,-0.10156510696422759,0.2908294514904206,-0.91185,0.024410860078684257
101,0.035889680272600887,0.45795,-0.11732017956826729,-0.13216913079585377,0.25231,-0.09230626833356712,-0.20598643415055398,0.44605,-0.3107603163950305,0.1815767701144828,0.24856,-0.024118945743797852,0.35626720230279874,0.42441,-0.17244467160030388,-0.20318243254425478,0.65397,-0.4960280396362683,0.43695874168828575,0.59078,-0.34633451020969586,-0.10923415625629826,-0.26627,0.14604036918597066,0.04595564754213449,-0.26838,0.1744707166689674,-0.25746654748409775,-0.45889,-0.19202590170760514,0.34297858176593854,-0.47247,-0.025269291617008645,-0.27223295363902816,-0.88907,-0.10039193537815047,0.29017894494213914,-0.9106,0.02712107505736084
102,0.03672022562394097,0.4424,-0.12337798861274593,-0.1314360897107607,0.23882,-0.0959452615690054,-0.2051415066351549,0.42884,-0.3167038925486372,0.18082299726786608,0.2368,-0.02750325224523996,0.3564209557821517,0.40532,-0.17901783369077348,-0.20098166719292393,0.63286,-0.5080484985238641,0.43812696116101846,0.56854,-0.35606954812762553,-0.11092210325066285,-0.27484,0.1516626757361523,0.04478900990463715,-0.27625,0.17934214003619536,-0.2585083706270962,-0.46125,-0.18980304216667304,0.34496202677081894,-0.47479,-0.022121041005539667,-0.2693004848924953,-0.88919,-0.09404529783921634,0.2894921236661612,-0.90958,0.029461364042692357
103,0.03737899205551058,0.42529,-0.12875528828717706,-0.13076424669519024,0.22337,-0.09935235871502708,-0.20429712589049864,0.41076,-0.32241401699194433,0.180265943764159,0.22057,-0.03217597269418698,0.3564930224908403,0.3848,-0.18564601642735362,-0.1989974152929338,0.61022,-0.5190713994304941,0.43942605970729215,0.54695,-0.3660861365172455,-0.11231593878240054,-0.28481,0.15817964616039587,0.04355860856318712,-0.2862,0.18515682115719917,-0.2597887827985632,-0.46404,-0.18703330487386727,0.3470644670783523,-0.47756,-0.018899006127817385,-0.2663001473185275,-0.88903,-0.087450098794287,0.2894250144233062,-0.91187,0.031339239797241486
104,0.03819738203441399,0.40912,-0.13474416078894488,-0.13013115304944944,0.2087,-0.10230934644508663,-0.20329351155074477,0.39215,-0.3286240860943811,0.1796537939195346,0.20509,-0.03647863856173077,0.3564354479217955,0.36441,-0.1914237915327899,-0.19710524501188115,0.58679,-0.5299176057547119,0.44058973671737267,0.52362,-0.3751619480961738,-0.11359695527149034,-0.2939,0.1640970993925457,0.04223654797354597,-0.29549,0.1904374727076537,-0.261017076474343,-0.46677,-0.184386383143623,0.3489365332580102,-0.48029,-0.01604049808707636,-0.26323124454059116,-0.88836,-0.08101340152475701,0.2888825669101304,-0.91227,0.03337903382984611
105,0.03899711293884575,0.39216,-0.1407769404534525,-0.12950148249866508,0.19206,-0.10530450854378427,-0.20211660346497087,0.3698,-0.334204497132794,0.17905618243706026,0.18868,-0.041209281807211756,0.35641498241035163,0.34332,-0.1969513209232899,-0.19567807337294188,0.56492,-0.539566366354551,0.4418519185451414,0.50357,-0.38404776809399344,-0.11525876724578013,-0.30287,0.1710339145812405,0.041009004885807034,-0.30455,0.19556216771982216,-0.26219037354639946,-0.46944,-0.1819937749473853,0.3505162605203984,-0.48291,-0.013827561852914248,-0.26022477941180805,-0.88765,-0.07451054127488148,0.28242854879697055,-0.91227,0.03894181651434891
106,0.03986997679311676,0.37522,-0.14661404801558522,-0.12892651112384582,0.17722,-0.10798945620028308,-0.20102126193792655,0.34927,-0.33897679500060696,0.17877191951753044,0.17549,-0.04501039093384576,0.35645893502135345,0.32275,-0.2016348418390098,-0.19451491909121735,0.54263,-0.5482360994598378,0.44332490569295185,0.48286,-0.3933228966032048,-0.11675494228054692,-0.31158,0.17727898313693632,0.03990228789079826,-0.31372,0.20018014579393195,-0.26336602599813635,-0.47204,-0.1798757472533442,0.35169956147993336,-0.48469,-0.012188177871303003,-0.2573095018348643,-0.88684,-0.06806640776839913,0.27563981804354437,-0.91263,0.04490556858477284
107,0.04083385695528802,0.3579,-0.15237418135023756,-0.1282163951658506,0.1622,-0.1106922067115587,-0.20011350852753648,0.32917,-0.3430307540218509,0.1780188466150931,0.16142,-0.049608008817447515,0.35657284558939095,0.3032,-0.20729099109291832,-0.19352374863254396,0.52175,-0.5564487531796688,0.4446155382118251,0.46224,-0.40173660373509534,-0.11822335764927397,-0.32066,0.1831938556888081,0.038837455549771936,-0.32362,0.2043993386178622,-0.2643667924763986,-0.47412,-0.1781736701528618,0.35238281982696784,-0.4858,-0.01099541048777522,-0.2546762956741437,-0.88589,-0.061750198912198795,0.26882337927649835,-0.91282,0.050738522084939924
108,0.04178978234021258,0.34259,-0.1582677227862891,-0.1274002558661077,0.1461,-0.11370830694918593,-0.19913213185746143,0.31087,-0.3466960234296069,0.17731546113385552,0.14711,-0.05431465495506867,0.35668665998788057,0.28564,-0.21363764740019514,-0.1926361962673409,0.50127,-0.5641313471946497,0.446123351164717,0.4424,-0.41051818674154084,-0.11971004214023653,-0.33089,0.18895319290973303,0.03753094698089825,-0.33412,0.20945933855456766,-0.2653380628068444,-0.47619,-0.17681163713373355,0.3528361769058859,-0.4867,-0.010514377891171912,-0.2521388658288657,-0.88496,-0.05558186803745708,0.2619148108057408,-0.91238,0.05640291664083513
109,0.04265090062860841,0.3278,-0.1635890338365276,-0.12673719678043732,0.13052,-0.11654729860977778,-0.1978258167136664,0.29317,-0.3506492424654171,0.1764412851082463,0.13279,-0.0591468661752297,0.3569587106095299,0.26779,-0.2193268378926343,-0.19177761732159823,0.48023,-0.5718799756019182,0.4478900681990415,0.42357,-0.41955874595657994,-0.12101426326852904,-0.34038,0.19338403168456061,0.03592096918171325,-0.34428,0.2138159556465476,-0.26615416736126285,-0.47822,-0.17604165443505942,0.3528309674605559,-0.48773,-0.010484833658581556,-0.24975133887804224,-0.8841,-0.049715149699315044,0.2555262634070301,-0.91131,0.06038505465130474
110,0.04360057111149114,0.31283,-0.16864087409270564,-0.1263829064132228,0.12002,-0.11821105289923851,-0.19611706435649195,0.27744,-0.35579062996120564,0.17600865986929673,0.11896,-0.06383420192196512,0.35745367383888377,0.25014,-0.22581952696586022,-0.19084144346664844,0.45814,-0.5798383157877427,0.4494210021857729,0.40433,-0.4287018056812164,-0.12211913504802833,-0.34989,0.19752508461236365,0.0344907731643194,-0.35455,0.21797072499656336,-0.26683939284214014,-0.48025,-0.17555322220807557,0.3528309674605559,-0.48875,-0.010484833658581556,-0.24768286862146227,-0.88265,-0.04416971601044597,0.24898260545235762,-0.91036,0.06369200030738248
111,0.04444672804657479,0.29708,-0.1732438703387621,-0.12576375449029223,0.10675,-0.12103138548535869,-0.1943081428270137,0.2616,-0.36126975424344177,0.17599632999599332,0.10333,-0.06917751998981625,0.3578622635805992,0.234,-0.23274377092624787,-0.18994394685436727,0.43646,-0.5868286662675787,0.4506426260347744,0.386,-0.4376455484755699,-0.12299023729215297,-0.35934,0.20103717585267633,0.03342584046568349,-0.36478,0.2218852721411736,-0.26740363541178064,-0.48152,-0.17569333046124289,0.3528309674605559,-0.48967,-0.010484833658581556,-0.24780844029630247,-0.88265,-0.04363032676836023,0.2423518295487391,-0.90934,0.06662920083100894
112,0.04525688931986871,0.28287,-0.17800552758296342,-0.12516122292382081,0.096184,-0.12381504705088807,-0.19254496467924567,0.24484,-0.3666046303262795,0.17591508048707433,0.09312,-0.07274787046523186,0.3575103883119105,0.21833,-0.23869529037889906,-0.18904528457343936,0.41625,-0.5937680398779874,0.45109162950093507,0.36654,-0.4455476302194762,-0.12367371900111315,-0.36709,0.2032318322616654,0.032603910670110106,-0.37272,0.22450230412629507,-0.2678415894553061,-0.48232,-0.17580101637378337,0.3526652866243205,-0.49062,-0.01052420192631505,-0.24789903477644773,-0.88265,-0.043174127644986224,0.23534851152833275,-0.90842,0.06995156154367273
113,0.045851787501814456,0.2672,-0.18235835380889037,-0.12433622578319398,0.08376,-0.1272844965343015,-0.19099373347777926,0.22891,-0.3714285480038106,0.17599095675273405,0.081281,-0.07697897467008306,0.3570878159763473,0.20289,-0.24482174388979888,-0.18803941102355284,0.39707,-0.600394035531596,0.45146246724475875,0.34723,-0.45317917523786894,-0.12431620050623432,-0.37571,0.20533217545161728,0.031791543545501885,-0.38128,0.22715148506667188,-0.26838787235166295,-0.48316,-0.17592780358586724,0.3521466413982456,-0.49208,-0.01144119490855082,-0.24793036714323458,-0.88265,-0.04270849443870522,0.22806019589889262,-0.90741,0.07293224205081525
114,0.04643605351369621,0.25282,-0.18610379880613168,-0.12349269815615369,0.073621,-0.13080144992358883,-0.18936940174498385,0.2155,-0.3754576975942122,0.17615261165051538,0.069929,-0.08089032580415723,0.3571622861494904,0.1889,-0.25083009259749817,-0.1866808393339066,0.37742,-0.6076381768170825,0.4517086567746962,0.33038,-0.46154349772778713,-0.12444246917802387,-0.38438,0.20585824124838087,0.030921334127643925,-0.39001,0.22958738152774558,-0.268759840087675,-0.48404,-0.17640971644455236,0.35143594842296266,-0.49375,-0.012881486717485215,-0.24795118088216758,-0.88309,-0.042417690745001665,0.2272418134434234,-0.90722,0.0727361523861714
115,0.04695801527296023,0.23845,-0.1896571444017452,-0.12262141086307363,0.062432,-0.13464859931670023,-0.18774859106051572,0.20202,-0.3798124045562378,0.17625339351656533,0.057941,-0.08514750127804546,0.3566305977664831,0.17533,-0.25846846333106266,-0.1850923129399012,0.35835,-0.6150347019401082,0.4513959093498711,0.31152,-0.46938696565009447,-0.1245283847743269,-0.39277,0.20621879985708672,0.03014022367501576,-0.39797,0.23205929707258016,-0.26896389181970604,-0.48491,-0.17744081435001774,0.34993366289634514,-0.49538,-0.014324275058343168,-0.24799749507700777,-0.88355,-0.042212617598645766,0.22637535448512744,-0.90676,0.07298548123245403
116,0.047509011100643546,0.22656,-0.1939567862005321,-0.1217419879318532,0.052479,-0.13831153738716273,-0.1857722281706383,0.18892,-0.38508938188492847,0.17674583927368764,0.048069,-0.08891929092969522,0.35553252781563777,0.16204,-0.26496788194991244,-0.18342205169045742,0.33968,-0.6220309528903389,0.4507449504950165,0.29372,-0.47657927074438006,-0.12459548447765154,-0.3998,0.20650144208643992,0.029586865177511378,-0.40414,0.23436828610963506,-0.2690028335286316,-0.48573,-0.17837171904079224,0.34828003898890053,-0.49657,-0.016809175050843415,-0.24802949621029538,-0.88393,-0.04197354244839316,0.2257189822117756,-0.90728,0.07267681403501487
117,0.048036005632405426,0.21391,-0.1979763406240339,-0.1208075203121352,0.042423,-0.14188353546494756,-0.18340772243801595,0.17514,-0.3902065307630046,0.17728405245490717,0.038714,-0.0926627020174014,0.354053477330637,0.14897,-0.27011288045941845,-0.1818866892488509,0.32086,-0.6284925055035198,0.44954730622738415,0.27506,-0.4826291507603974,-0.12442252422297051,-0.40597,0.20681625909725837,0.029293223084422115,-0.40941,0.23559594661692776,-0.2688882016889844,-0.48669,-0.17884906539443823,0.3465934219276992,-0.49777,-0.019106961570271336,-0.24803103500150744,-0.88432,-0.041792052415273964,0.2252277217453522,-0.90815,0.07206521600188406
118,0.04854910830995396,0.2015,-0.2019171104272948,-0.11980704234251681,0.031965,-0.14565713372553496,-0.18115549316536023,0.16078,-0.39457175278523815,0.17774752479256894,0.02926,-0.0965005260613386,0.3525396250829419,0.1357,-0.27557879770834826,-0.1805378454247998,0.30251,-0.6348752494540727,0.44846084487823257,0.25762,-0.48896405421165856,-0.12444079753326762,-0.412,0.20704658514035987,0.02905504386251509,-0.41419,0.23658968433798488,-0.26877183336756055,-0.48757,-0.1793362598256143,0.3450673261260003,-0.49923,-0.02139370611307377,-0.2479849701496517,-0.88503,-0.04170777294313803,0.22443089392247773,-0.90801,0.07232276098959133
119,0.0492836484776083,0.19038,-0.20685456997063306,-0.11870349305017108,0.021502,-0.14972733998067284,-0.17910005714659805,0.14689,-0.3977633170996105,0.1785683579445776,0.019447,-0.10075258825944478,0.3509169933812205,0.12273,-0.2801398574931536,-0.17950344905664778,0.28544,-0.6405112519517259,0.44735540244147254,0.24092,-0.49432749499337786,-0.12432267706380337,-0.4173,0.20749389214309238,0.0290021809829449,-0.41844,0.2384385938857896,-0.2686844144232102,-0.48825,-0.17971686188573574,0.34311473706050183,-0.50071,-0.02385313388011548,-0.2478972056927689,-0.88571,-0.04168722056838295,0.2238006926553567,-0.90887,0.07192325834514568
120,0.05004498754593635,0.18067,-0.21194977240263096,-0.11760508107599438,0.013092,-0.15325012171319402,-0.17712794821072897,0.13314,-0.4003095469291949,0.17924734636164227,0.011716,-0.10443055981038042,0.349226638890209,0.10985,-0.2843168422542842,-0.17831438559843732,0.26798,-0.6461605995328497,0.4460137263559246,0.223,-0.4988694775210269,-0.12399329338296182,-0.42155,0.2083440041303007,0.029133943420646687,-0.42198,0.24034036639058898,-0.2684840279938284,-0.48881,-0.18004708193194674,0.34084941476231684,-0.50242,-0.026151419085512335,-0.24773169850471116,-0.88632,-0.041646867492896436,0.22326110991076792,-0.90974,0.07124018334066809
121,0.05088832702194236,0.17181,-0.2172336012727033,-0.11644182442056403,0.004295,-0.15702548049794512,-0.17552540354641746,0.12157,-0.4027178555885836,0.18018987749233972,0.003535,-0.10833622685554264,0.34808658702985057,0.098517,-0.2886201876686907,-0.1770725847466359,0.25171,-0.6516483340968082,0.4452130756366295,0.20763,-0.5036003821306858,-0.1236685483343204,-0.42594,0.20916283540314198,0.029508824785284334,-0.42562,0.2421936189266583,-0.26830564501441345,-0.48927,-0.1803101019172236,0.3388244144067312,-0.50384,-0.028200182019547965,-0.24760488903406327,-0.88682,-0.04161739957552865,0.22283856425410373,-0.91051,0.07029647196104283
122,0.051378164411329356,0.16456,-0.22184865493782557,-0.11539610175520429,-0.003542,-0.16036462172094734,-0.1739286631829528,0.10862,-0.4052084218317667,0.18088627881194508,-0.003095,-0.11176742565509534,0.34707106317144343,0.087526,-0.2930538894282823,-0.17590029125067513,0.23633,-0.657087399086246,0.4443337605090283,0.19328,-0.5074820447778478,-0.12354343385297546,-0.42968,0.20991600362243815,0.029673580376742843,-0.42892,0.24390827795838538,-0.2680357271868039,-0.48967,-0.18051636477461327,0.3370483186654346,-0.50479,-0.029932922022476223,-0.2474951709958106,-0.88732,-0.041606176738009384,0.222521147872089,-0.91151,0.06927483218087142
123,0.051557321091058796,0.15732,-0.22653879852668385,-0.11454612688702623,-0.01015,-0.16334226218337153,-0.1726678990817721,0.097742,-0.40763637856144164,0.18169217465302853,-0.008384,-0.11512854628567741,0.3463793121181095,0.077183,-0.2978265176853553,-0.1753464737758526,0.22112,-0.6610920696350655,0.4437818354043757,0.17907,-0.5106865694974987,-0.12341948504027733,-0.43298,0.21061819497230705,0.029782073338221485,-0.43178,0.24552162797537164,-0.2676423989411159,-0.49004,-0.18055870731993118,0.335299831200564,-0.50597,-0.03141912240775092,-0.24739664035191244,-0.88783,-0.041646682443941055,0.22203668551080452,-0.9124,0.0683943293583327
124,0.05173847142868124,0.15048,-0.23105596805584472,-0.11373728081074533,-0.016369,-0.16631700049537226,-0.17159479522440668,0.087039,-0.40986387673457386,0.18247723271279204,-0.013562,-0.11837148998589801,0.3456188168611607,0.0679,-0.3012302872081283,-0.1749420899033715,0.2077,-0.6649403125696626,0.4437871588574828,0.16767,-0.514056847180546,-0.12346489911871031,-0.43598,0.21146314559895935,0.029961110736129476,-0.43459,0.2470458742186507,-0.2670891941600394,-0.49036,-0.1806439391813099,0.33392638905412964,-0.50729,-0.032786390000578855,-0.24735714830459823,-0.88824,-0.04175547756423111,0.22157514470897205,-0.91289,0.06738383191239636
125,0.05182511993066527,0.14339,-0.23447283153528078,-0.1129591205933146,-0.022476,-0.16917529835878822,-0.17083264181699992,0.076994,-0.4111917028465246,0.18270387654614892,-0.018388,-0.1214996575921495,0.3451665141580691,0.05905,-0.3045390970039274,-0.17497330469473543,0.19498,-0.6686216609146036,0.44384700427073154,0.15415,-0.5169301063972741,-0.12323323616302309,-0.43869,0.21151414829459653,0.030271340844592078,-0.43705,0.24804492290605454,-0.2666866126923381,-0.49079,-0.18079634706123582,0.3326528409108047,-0.50831,-0.03397154447432213,-0.24715921877591365,-0.88883,-0.04184141301485952,0.22106979469777066,-0.91333,0.06667937654391747
126,0.051730997655043534,0.137,-0.23730215954688208,-0.11219252089280368,-0.027636,-0.1718528578631086,-0.17018980696621444,0.068058,-0.4124187168458806,0.18274516743059716,-0.02293,-0.12449803966634578,0.34499226492072743,0.050994,-0.30786995833446723,-0.1752408493044353,0.18305,-0.6721720580588427,0.4440389665533291,0.14308,-0.519516058926239,-0.12293693761742458,-0.44084,0.21147500532746052,0.03056498603976026,-0.43932,0.24891919603234552,-0.2662069830861726,-0.49124,-0.18092501500941827,0.33103964585107787,-0.50973,-0.035246035235086175,-0.24704987207640328,-0.88936,-0.0420008473251763,0.22064816536676876,-0.91395,0.0660759946522113
127,0.051508641280187846,0.13143,-0.23999163043212346,-0.1115226414434303,-0.032332,-0.17438500349938377,-0.16990207371964328,0.060635,-0.4136474192422393,0.18290061551111064,-0.026738,-0.12722243609386225,0.34499592401921886,0.044265,-0.3107125076499583,-0.17578114176500706,0.17326,-0.675039440847563,0.4437960452395334,0.13448,-0.5209601812324527,-0.1226562914502031,-0.44327,0.2113518682947535,0.030970441427436338,-0.4415,0.24902115155502297,-0.2661571959277791,-0.49179,-0.18114978431083437,0.3301733917186382,-0.51104,-0.0364375606347446,-0.24698924482001053,-0.88987,-0.04217191846763549,0.22017255906254532,-0.91491,0.06514526663426896
128,0.05101163537805346,0.12617,-0.24109469259412686,-0.11103806685819159,-0.03663,-0.17644211007691948,-0.16965601603571212,0.054143,-0.41463976777787503,0.183024879046805,-0.029718,-0.12925168683581031,0.34523826831572674,0.038748,-0.3134114276639546,-0.176777774501196,0.16571,-0.6769312450628973,0.44366147682095614,0.12734,-0.5222125754757808,-0.12258548564959577,-0.44695,0.21105972528422554,0.03164793688867315,-0.44475,0.249181229348622,-0.2658809751133537,-0.49241,-0.18185249482141339,0.3297729029481835,-0.51347,-0.03831259069976749,-0.24691467584080753,-0.89042,-0.042479644754034,0.21966847445718443,-0.91601,0.0643760470878206
129,0.050342621610480864,0.12227,-0.2419133021340165,-0.11070979967524014,-0.040195,-0.1777855164400863,-0.16960275591376528,0.04848,-0.4148842332343515,0.18304609530215907,-0.032471,-0.13081170281986584,0.34566541879040047,0.035085,-0.3160066814997067,-0.1781293886296642,0.16139,-0.6779616038585238,0.4437395704161323,0.12391,-0.5230009924913206,-0.12262342269644293,-0.45132,0.2106874823790191,0.03197338971462589,-0.44871,0.249258923995023,-0.26567545136580284,-0.49373,-0.18273013939024102,0.3299678635507524,-0.51624,-0.040166907383466906,-0.24676380140062487,-0.89169,-0.04310494540436117,0.21907059579349647,-0.9172,0.06396599696465677
130,0.050078331410886065,0.11983,-0.24206144628813045,-0.11047532655061579,-0.042833,-0.17876975337996864,-0.16974874059494044,0.044075,-0.4149201285385316,0.18308938713464085,-0.034548,-0.13192103857482934,0.34612392210660214,0.032941,-0.3180886936776327,-0.1796680200616568,0.15904,-0.6783344487545389,0.4437395704161323,0.12174,-0.5230009924913206,-0.12265972361912299,-0.45503,0.21000074571696253,0.03230854636378681,-0.45262,0.24830259454314815,-0.2653778700417015,-0.49513,-0.18395710530482307,0.3305389407546792,-0.51909,-0.04294494550904315,-0.24661848370212758,-0.89293,-0.043698732206591935,0.2188199564812538,-0.91814,0.063256698060697
131,0.049367352486046845,0.11938,-0.24222742811977013,-0.11052466310781438,-0.04426,-0.17946894284222029,-0.1698589020990964,0.044075,-0.41561988881391315,0.18312868327521337,-0.035905,-0.132604599701091,0.34625011446316906,0.032792,-0.31874677839037413,-0.18098361867400997,0.15904,-0.6786476584146302,0.4437227764114955,0.1216,-0.5229633366629767,-0.12228080468195993,-0.45838,0.20756960988384682,0.0328009994110496,-0.45602,0.24624687715103377,-0.265747224135934,-0.49677,-0.186469410531716,0.3312661000602956,-0.52135,-0.04597470446715442,-0.2466961988232697,-0.89411,-0.04435215424474634,0.21863569707383096,-0.91899,0.0629195801721533
132,0.049006213447256315,0.11938,-0.2423215694744526,-0.11076106505331126,-0.044974,-0.17985587193154454,-0.1705599242126727,0.044075,-0.4162512112325528,0.18314604809298005,-0.036392,-0.1327030804763922,0.34625011446316906,0.032792,-0.31874677839037413,-0.18223028074365227,0.15904,-0.6789487127022846,0.44388845724773085,0.1216,-0.5229239683952432,-0.1217411488016519,-0.46133,0.20461848594018586,0.03342244241963161,-0.45887,0.24365541953280334,-0.2665087648495947,-0.49818,-0.18906102310720588,0.3319556275799552,-0.52135,-0.048848630666560366,-0.24687413120148977,-0.89517,-0.045013093023137316,0.21868627856212888,-0.91968,0.06257513059232836
133,0.04888902132464786,0.11938,-0.24234223360759496,-0.11110227480331221,-0.044974,-0.17993634494878818,-0.17157960585554025,0.044075,-0.41726365843966984,0.18314604809298005,-0.036392,-0.1327030804763922,0.34625011446316906,0.032792,-0.31874677839037413,-0.18350239518442765,0.15904,-0.6789902440106029,0.44414103429996077,0.1216,-0.5228591237139896,-0.12141731844969872,-0.46338,0.20136529521366003,0.034082268888194114,-0.46088,0.24089810743015982,-0.2673137656924461,-0.49953,-0.19175168727112685,0.3326423010339654,-0.52177,-0.051418432131179324,-0.24705241087606514,-0.89628,-0.04567206218602227,0.21870302448199175,-0.92043,0.06219222123730038
134,0.04874067288766892,0.11938,-0.2418809866658751,-0.11147129230412683,-0.044974,-0.180031875488892,-0.17297299171619646,0.046758,-0.4187481704279419,0.18314604809298005,-0.036392,-0.1327030804763922,0.3463190510058799,0.032792,-0.3187346230179375,-0.18494061702024645,0.15976,-0.6779745580596447,0.4443114980227182,0.1216,-0.5217527141518365,-0.1211523674715839,-0.46473,0.1979392542070175,0.034695138221625586,-0.46237,0.23788881313080337,-0.2684379728353316,-0.50077,-0.19459002451322568,0.3332612276562985,-0.52216,-0.05377678533546561,-0.2472806255310018,-0.89715,-0.04633577452677853,0.21861803661212872,-0.92038,0.06255903598887963
135,0.048444309505049986,0.1205,-0.24064365172922997,-0.11183219820918805,-0.044974,-0.180115821469689,-0.17447116133896975,0.050116,-0.4197535995807911,0.18314604809298005,-0.036392,-0.1327030804763922,0.34638280214564776,0.034505,-0.3185202966495684,-0.18648478828682907,0.1626,-0.6765307661426911,0.44437782092364947,0.12346,-0.5197101664111919,-0.12095142480935324,-0.46517,0.19411606469477832,0.034956017192608574,-0.46291,0.23475652783688475,-0.2699549374107752,-0.50162,-0.197446844156964,0.33421035028245566,-0.52261,-0.05610737887371217,-0.24750107588654033,-0.89794,-0.046985932692721964,0.21854277304021508,-0.92014,0.0628707015062902
136,0.04811477210778057,0.12438,-0.2392700065407621,-0.11221391785318224,-0.043293,-0.17990896375678245,-0.17595605800543357,0.055287,-0.42112224193360825,0.18327238470386897,-0.035157,-0.1323254046090812,0.34647735935620066,0.037905,-0.3175592769130736,-0.18815926781382286,0.16779,-0.6748662487010044,0.4443573437781342,0.12746,-0.5170025880306993,-0.12095819607972397,-0.46517,0.19000239295898103,0.034796544259623724,-0.46291,0.23104240985496155,-0.2720152827321522,-0.50247,-0.200389322220889,0.33536575980838945,-0.52306,-0.057995427821007105,-0.24776972474066347,-0.89874,-0.047650682114066825,0.21876483966559535,-0.92049,0.06264787777799309
137,0.047671587678617,0.13049,-0.2374188413504706,-0.11267611051442013,-0.039985,-0.17936089629387497,-0.17757304749885916,0.062315,-0.4226055642108465,0.18336520543264523,-0.03284,-0.13135453679505635,0.34682975114908743,0.04326,-0.31621770320123144,-0.18985453703736271,0.17508,-0.6727383008022724,0.44439359971811926,0.13569,-0.5145591712617432,-0.12129374888527886,-0.46517,0.18686648331189548,0.03460179910842423,-0.46291,0.22737284375989197,-0.2742301989740398,-0.50324,-0.20262794814797525,0.3366655377456566,-0.52334,-0.05897459956988134,-0.24822501599192284,-0.89953,-0.048293508588729064,0.21893662223043608,-0.9203,0.06282540453771325
138,0.04729611766262029,0.13822,-0.23518002843575722,-0.11326451957461198,-0.034245,-0.17832737088156808,-0.179556032130741,0.070844,-0.423280154419581,0.18343847426068316,-0.028295,-0.12935138136453228,0.34715623996964606,0.050559,-0.31369264774638483,-0.1912671862901134,0.18582,-0.6711190040139402,0.4443540212730607,0.14535,-0.5117432640284192,-0.12156241107885149,-0.46517,0.18361036282491333,0.03438979787319082,-0.46291,0.22333468137134696,-0.2763234412796255,-0.50338,-0.2046928056854596,0.3382353296800813,-0.52357,-0.0594695271227769,-0.24873882667905597,-0.89953,-0.0486044548506262,0.21912946609337142,-0.92031,0.06282589903562057
139,0.047019562270873304,0.14819,-0.2323043639707517,-0.11401620600658474,-0.027222,-0.17671337970811388,-0.18118503274228137,0.083155,-0.4236587795740558,0.1834671894180446,-0.022285,-0.12698037410184038,0.34744685752841153,0.059702,-0.3108489808470211,-0.19265302516398822,0.19799,-0.6683272392287806,0.4445722293255619,0.15519,-0.5088920563464319,-0.12185987001905246,-0.46365,0.18072487254094174,0.03413392980428411,-0.46197,0.22085254105877117,-0.27800239734626836,-0.50338,-0.20605504888191295,0.3391934953509266,-0.52366,-0.05925995959854283,-0.24924713049310063,-0.89953,-0.048889044436921346,0.21925049530555943,-0.92031,0.06294573613253612
140,0.04659107674486125,0.15989,-0.2284806793401894,-0.1146427455387023,-0.019727,-0.17494531630011803,-0.18303642323317035,0.096281,-0.42363998462138547,0.18341947533484557,-0.015787,-0.12434867819116524,0.34776949491138287,0.072019,-0.30686239018342026,-0.19392061498034066,0.21179,-0.6649967563722746,0.44525220348049316,0.16945,-0.505492330600342,-0.12240649788495034,-0.45952,0.17895303339016538,0.033684078650420994,-0.45929,0.21850881881853704,-0.27861761678533603,-0.50338,-0.20619399146643347,0.33996454754869954,-0.52337,-0.059083385228065465,-0.24960272721563803,-0.89953,-0.04911827569770545,0.21953723118019275,-0.92032,0.06287444421014474
141,0.046371241874429606,0.1733,-0.2247115923645755,-0.11531552713849914,-0.009304,-0.17245429945574006,-0.18463456968915165,0.11124,-0.4229266628810505,0.18329825820389656,-0.006612,-0.12124253807726752,0.34805276402662066,0.084814,-0.302710118683584,-0.1949240431851565,0.2264,-0.6616095404302687,0.4459698334637681,0.18427,-0.5020758108496155,-0.12240990182342162,-0.45391,0.17738867620166818,0.033840507350625854,-0.45443,0.21617045741324653,-0.27866512069121,-0.50318,-0.20621252195284692,0.34084045563575055,-0.52198,-0.05886801340298449,-0.24997025579383755,-0.89935,-0.04933742574723009,0.21976631585984066,-0.91968,0.06313010846175339
142,0.046147202220746336,0.18791,-0.22035429937080314,-0.11608552767540246,0.00219,-0.16923916350633314,-0.18614979157866074,0.12825,-0.42158946333515157,0.18314580844335449,0.003974,-0.11778650580448552,0.3482741867805762,0.098397,-0.29757363428625244,-0.1958497803112171,0.2426,-0.6577415292134502,0.4465421938333198,0.20009,-0.49772025076997395,-0.12237921177650987,-0.44685,0.17688637437903507,0.03430087992472398,-0.44735,0.2137841468523559,-0.27867434987083617,-0.50294,-0.20592982985489683,0.34157970439080054,-0.52008,-0.058280721926665426,-0.2503501632612483,-0.89912,-0.049428783922592485,0.22001814845076292,-0.91911,0.06325676289771745
143,0.04571924671323073,0.20356,-0.21522062095434707,-0.11695626819773958,0.015147,-0.16562546582352125,-0.18742849131073808,0.14053,-0.419002200883218,0.18294126422951235,0.015834,-0.11403503120579986,0.34950696320016295,0.11466,-0.2929899281111894,-0.1968027303325746,0.26024,-0.6537767737031073,0.4472476924865451,0.21681,-0.4940621677131945,-0.12205685344007647,-0.43832,0.17554192612680222,0.034902522232574555,-0.43881,0.21127043196530043,-0.27867434987083617,-0.50201,-0.20592982985489683,0.34233110851828724,-0.51844,-0.05776236699305725,-0.2506971274434992,-0.89912,-0.04964938504732883,0.22037570695567446,-0.91911,0.06301416669913754
144,0.045266357374876255,0.22099,-0.2098476366581477,-0.11781889712432325,0.028074,-0.16200018358140258,-0.1891946677784775,0.15438,-0.4143989606456458,0.18273731487118708,0.028279,-0.11017175479072952,0.3508649346043788,0.1315,-0.28790689617490056,-0.1979270452790794,0.27948,-0.6490705102275817,0.4481026728268859,0.23801,-0.490215258743953,-0.12176668431054055,-0.42772,0.17433396177456978,0.035595522715787545,-0.42856,0.20837680961083424,-0.27875482288807985,-0.5011,-0.2055886201048959,0.34278302654318704,-0.51675,-0.05721558541073149,-0.2510518559251482,-0.89912,-0.049883540346877996,0.2206487246242721,-0.91925,0.06302067458923409
145,0.04483813631512107,0.2395,-0.2041250576308225,-0.11833848364958136,0.045179,-0.157613769346202,-0.1910378683422942,0.17035,-0.4096468335764751,0.18260301712302446,0.044928,-0.10532138737012742,0.3523041181356771,0.15028,-0.28201751159217553,-0.1989273309096019,0.30108,-0.6439158978602575,0.44889159473255236,0.25993,-0.48651200311859305,-0.12151958954602082,-0.41539,0.1733011790397475,0.03620087112092082,-0.41661,0.20585359394260397,-0.27864351975766416,-0.49927,-0.20501050972342916,0.34262728995402975,-0.51452,-0.056562710143319976,-0.25140142483006417,-0.89912,-0.050089369355319165,0.22110863403299041,-0.9195,0.06271590691415622
146,0.04457442623489289,0.25899,-0.19802822583114277,-0.11881287356387209,0.062204,-0.15313815160010044,-0.1929014979668522,0.18739,-0.4018418746001274,0.18257067311371641,0.061812,-0.10047335128681883,0.35351972207659305,0.17072,-0.27595431053507463,-0.1997641708716345,0.32356,-0.6381333639106863,0.449495283901245,0.28319,-0.4818158281444675,-0.12108807436750986,-0.40173,0.1720978292773282,0.03703218272656562,-0.4031,0.2032179076914883,-0.2779401182220203,-0.49565,-0.20393198003925078,0.3424889181826391,-0.51226,-0.05600831565120969,-0.2541684896933789,-0.89907,-0.055473664670604994,0.2279383386210543,-0.91938,0.05813223641555154
147,0.04420754028626617,0.27955,-0.1915535703421843,-0.11915755007326853,0.077584,-0.14899506119511646,-0.1947153404330167,0.20565,-0.39426168492519587,0.1825944432920047,0.077911,-0.09617390539477366,0.35496939662571236,0.19239,-0.269606134127504,-0.2006830520359787,0.34629,-0.6307913847901894,0.4497272698001825,0.30749,-0.4757026716322642,-0.1205574072429582,-0.38787,0.17115566506503815,0.038173523725453885,-0.38934,0.2009719787691364,-0.2768972434181522,-0.4917,-0.2027631292602986,0.3423858709022987,-0.51047,-0.05553908089331718,-0.2569232255360793,-0.89924,-0.0609278813363547,0.2341141518788506,-0.91884,0.05316824088726714
148,0.043737583014912096,0.3007,-0.18478230685867536,-0.11962782408371508,0.098062,-0.1440820842610063,-0.1966149134465288,0.22241,-0.3866559947943572,0.1827133895787498,0.097354,-0.09062901118650696,0.3566381563873358,0.21487,-0.26242729432862383,-0.20099239785016698,0.37272,-0.6225295868522557,0.449692240021934,0.33248,-0.469342123470774,-0.11929043322243074,-0.37258,0.1696426872623892,0.03985490528284197,-0.37404,0.19853695411659686,-0.27490833427348854,-0.48767,-0.20114314765105942,0.3419745829833271,-0.50733,-0.05551005938908273,-0.2591468820434279,-0.89946,-0.06686013956887682,0.2400193545001496,-0.91807,0.048011323397001926
149,0.04336760986690656,0.32375,-0.17801372200881535,-0.11991383868673874,0.11975,-0.1388319894383524,-0.19850575596638353,0.24566,-0.378754291524485,0.1830397403491443,0.11915,-0.08493584904454554,0.3585102287711516,0.2378,-0.25536491902071545,-0.20109158128460441,0.39941,-0.6151141527687826,0.44888397096294075,0.35965,-0.4622243428385633,-0.11831871647885153,-0.35632,0.16774255685364145,0.04143161599990744,-0.35778,0.19572807385665503,-0.2716872497689128,-0.48349,-0.19925512895030925,0.3403288845366979,-0.50339,-0.05516052166184546,-0.2606893604142281,-0.89933,-0.07239406082560006,0.24550427067491704,-0.91789,0.04149476797593975
150,0.04279330268238393,0.34822,-0.1701438889573583,-0.12017264039446562,0.14207,-0.13367863890922307,-0.20019785236908524,0.27128,-0.37048245316992534,0.18343735899954325,0.14098,-0.07912857779129286,0.36063197605677366,0.26341,-0.2482788278234505,-0.20124747376215504,0.42951,-0.607261930310431,0.44788754297416344,0.38647,-0.4543273984128261,-0.11712471440159491,-0.33926,0.16552622203247686,0.04316897896877208,-0.3408,0.1930389093182867,-0.2675670640162855,-0.47929,-0.196995334852643,0.33712942500805504,-0.49897,-0.055673901369835695,-0.26196455150629366,-0.89906,-0.07788897553637733,0.2508121467547397,-0.91741,0.03448497650106361
151,0.04223443878489595,0.37321,-0.16202763045087362,-0.12021190628849335,0.16478,-0.12861858375245191,-0.20106404422461238,0.29789,-0.36332411455894736,0.18372959903230826,0.16336,-0.07295402551900221,0.3629824883357212,0.28931,-0.24156872409649385,-0.20134898853388603,0.45825,-0.5999484499658125,0.44683609433927557,0.41424,-0.44634876721642447,-0.11562124955616311,-0.32224,0.16337460811298507,0.04473570883218764,-0.32431,0.19052274288200274,-0.2626839376616388,-0.4751,-0.19457055094380615,0.3325472148908988,-0.49418,-0.05617724066119992,-0.26319548813926413,-0.89868,-0.08340451893713227,0.25566448224031857,-0.91654,0.027121711170017045
152,0.04182443348855798,0.39948,-0.15362111323760544,-0.12020069399906273,0.18826,-0.12298098902734389,-0.20136097640426504,0.32608,-0.35743622603412906,0.1840284100857918,0.18636,-0.06618327460390305,0.36419383832262886,0.31574,-0.2327747755402867,-0.20125972452989543,0.48843,-0.5912406585157609,0.44561896486815233,0.44387,-0.4384095042877565,-0.11422137038569133,-0.30522,0.1611539579135887,0.0461067431712571,-0.30767,0.18832746935893271,-0.256904065438621,-0.47119,-0.1920485721402498,0.3266511426431661,-0.4894,-0.05700363769018559,-0.26405324149897885,-0.89824,-0.08844504313347318,0.26004847703510314,-0.91577,0.019419977232824612
153,0.04128256431092593,0.42555,-0.14493321920082458,-0.12039118341345138,0.21323,-0.11689053955435705,-0.20157393856073363,0.35485,-0.3517366166510299,0.18438643160021392,0.21009,-0.058942095031816015,0.3652169091678174,0.34245,-0.22406479700726348,-0.2012422992190391,0.51901,-0.5825861512300431,0.4437775069902701,0.47374,-0.4294633580289484,-0.11301505611749127,-0.28812,0.15874686300762073,0.04715991355177136,-0.29095,0.18647216422241,-0.25076844867109804,-0.46708,-0.1890678495966219,0.31905368432001585,-0.48461,-0.058028492327680495,-0.26494795431050383,-0.89761,-0.09390942461584545,0.26415999914821003,-0.91496,0.011881407745618654
154,0.040692298401153265,0.4515,-0.1351876608712182,-0.12103743693885838,0.23536,-0.11109470860608923,-0.2018211316667667,0.38171,-0.3464187509543119,0.1848825256744453,0.23159,-0.05190808680964905,0.36603530938307105,0.36949,-0.21667034495943244,-0.20152481061196462,0.54926,-0.57297925853194,0.4420153805033717,0.5024,-0.4207367716262265,-0.11189413052917668,-0.27105,0.15590838686266872,0.04836762662234756,-0.27401,0.1841262415597548,-0.24443924714697807,-0.46347,-0.18534219420903209,0.3106075788898854,-0.48081,-0.059020209557096755,-0.26570946027884007,-0.8966,-0.09874715473028843,0.2679271600179081,-0.91425,0.004510589067763686
155,0.039858676242653795,0.47702,-0.12501791657271888,-0.1218499937660505,0.25825,-0.10481642640451663,-0.20219030505597463,0.40899,-0.3393149343034755,0.1852661473819684,0.25386,-0.044696917737611065,0.36661926051608734,0.39614,-0.20811902920837702,-0.20179740180019906,0.58024,-0.562852749062034,0.439829882852226,0.53269,-0.4113943468865331,-0.11120732429904673,-0.25392,0.15304413509261516,0.04895688042403211,-0.25755,0.18167126784152474,-0.238026550243256,-0.46116,-0.18105348596283558,0.30146057155811357,-0.47704,-0.05978011538844224,-0.26570946027884007,-0.89559,-0.09874715473028843,0.26805585735994636,-0.91297,0.003953473286123735
156,0.0389432868102057,0.50232,-0.11464935046225973,-0.12287960903150338,0.28292,-0.09771025856206128,-0.20228249447853142,0.43954,-0.33159363900343886,0.1856524717655273,0.27683,-0.03721313777888245,0.3666633519514975,0.42413,-0.1993278145058843,-0.20149418990187334,0.61333,-0.5527668696980561,0.4378226720109475,0.56416,-0.40300544918548475,-0.11045341836559215,-0.23629,0.14989724109320848,0.04961224912128827,-0.24076,0.1789334782457638,-0.23152167555104866,-0.45859,-0.176250965245683,0.2913537342008808,-0.47389,-0.06022186037646544,-0.26570946027884007,-0.89429,-0.09874715473028843,0.26805585735994636,-0.91251,0.003953473286123735
157,0.03811325363913289,0.52596,-0.10325030712806195,-0.12365748609175901,0.30229,-0.09157106738739275,-0.20222230006354922,0.47002,-0.3236423889990429,0.18618200602706453,0.29729,-0.030483953692690562,0.36655327498281814,0.45128,-0.19110195995690488,-0.20152345725989115,0.64404,-0.5424654502122884,0.43551787984556756,0.59539,-0.39338958556985437,-0.10974605976070709,-0.21976,0.1469452248662722,0.05027132391582711,-0.22509,0.1761861878688281,-0.22552300042001266,-0.45586,-0.17076597694375467,0.2810986529523402,-0.47067,-0.06028357411749711,-0.26570946027884007,-0.89366,-0.09874715473028843,0.26805585735994636,-0.91213,0.003953473286123735
158,0.03740098580803713,0.5477,-0.09187416193134501,-0.12487156202284523,0.32453,-0.08416741128830514,-0.20255531368232005,0.49621,-0.3147856626326188,0.18658165323552983,0.31775,-0.023421257457628072,0.3660267006498373,0.47735,-0.18281753967110054,-0.20141166087342,0.67671,-0.5300270700296452,0.43332424655628143,0.6237,-0.3842313721528098,-0.10895246773444386,-0.2011,0.14300314157239682,0.0506391852101009,-0.20768,0.17297122378377594,-0.22018445283036797,-0.45249,-0.16343761357714282,0.2704921594446216,-0.46666,-0.058813031540512956,-0.26334099274694384,-0.89087,-0.0966307212797983,0.26403218703260034,-0.90869,0.0029891195663532405
159,0.03670292408858405,0.56675,-0.08040006171233724,-0.12602086718366168,0.34442,-0.07713108848109108,-0.20314944250788222,0.52041,-0.3049087799797452,0.18706410479853236,0.33766,-0.01659781723371196,0.36489604083590044,0.50209,-0.1737562148019024,-0.20110183343724758,0.70438,-0.5181934903954096,0.4313917525161735,0.65244,-0.3759206882588726,-0.10761355357718981,-0.18365,0.13936029860576973,0.05099167953256262,-0.19118,0.16964185315967412,-0.21560006726431147,-0.44889,-0.15563297335598383,0.2607715423134191,-0.46275,-0.05626224683996076,-0.2609569520991233,-0.88786,-0.09333567785223329,0.2604476845022005,-0.90518,0.0025286821552346836
160,0.035990131124893666,0.58398,-0.06863510071831294,-0.12726019422767057,0.36429,-0.07010251554784296,-0.20390632597686933,0.54493,-0.2948575100393657,0.18766751523038483,0.3557,-0.01057554425328907,0.3631484731858933,0.52747,-0.16447873091301052,-0.20057158682321527,0.73486,-0.5042698831570427,0.4289057233057291,0.68364,-0.3657376799231784,-0.10667519481123376,-0.1665,0.13544374159401135,0.05127886709437362,-0.17514,0.16615880746598288,-0.21187643609289786,-0.44506,-0.14738100565735118,0.25199519721502556,-0.45884,-0.053019985944550964,-0.2586840168911538,-0.88468,-0.090447102850546,0.25692224461077157,-0.90175,0.002309160921816593
161,0.03499432699734646,0.59913,-0.05709063389911509,-0.12854866013831337,0.38294,-0.06360149012125743,-0.205504766371408,0.569,-0.28377673442097573,0.18833755847768746,0.3725,-0.005276690976707028,0.3614627999819423,0.55014,-0.1558402063949298,-0.2003483430520065,0.76304,-0.49021763201288004,0.42614803978589855,0.71157,-0.35533856065256436,-0.10568038836634248,-0.15035,0.13129343544419508,0.051360105435808504,-0.15975,0.16216219686049715,-0.20921575435444653,-0.44506,-0.13885952264752993,0.2437096343718276,-0.45477,-0.047608546914919586,-0.2570314900928409,-0.88131,-0.08668905133668171,0.2531619549045072,-0.89814,0.004112591631592347
162,0.03384320205908795,0.61221,-0.0452354172677532,-0.1296845649955937,0.39978,-0.05767774289883083,-0.20623626959642288,0.59155,-0.27450286774995913,0.18891826908303955,0.3905,0.0012198453460446242,0.35935839424594423,0.57248,-0.1465545628255105,-0.19968697694056325,0.79226,-0.4748493076127825,0.42303651650004837,0.736,-0.3441996458561576,-0.10516940374668353,-0.13456,0.12670241913857472,0.05170375324073957,-0.14408,0.157287817906603,-0.20714710246170817,-0.44506,-0.12951433054962902,0.23608785545355557,-0.45131,-0.04066354474638259,-0.25560167642784487,-0.87741,-0.08235898333682412,0.24845452839684687,-0.89522,0.007947415183592724
163,0.032290824112166286,0.62245,-0.03408762485356145,-0.13121119515972,0.41637,-0.051323301196998974,-0.206993177107797,0.61506,-0.26462422457292184,0.18898718065222955,0.4056,0.00687573742383675,0.35727263920829455,0.59284,-0.13645328934525472,-0.19874001658074647,0.81977,-0.4594306252411615,0.4197767974076645,0.76095,-0.332335446286075,-0.10493116278983497,-0.12037,0.1224085558144248,0.05220955245745551,-0.13013,0.1528989725969151,-0.20538446139132419,-0.44506,-0.11998853286875234,0.22863884755294747,-0.45131,-0.03268280604018008,-0.2541813911540565,-0.87697,-0.07739900009682624,0.24394562627338798,-0.89522,0.01180810510134938
164,0.030403208935375063,0.63053,-0.023393944759957215,-0.13272155047991954,0.43201,-0.04540668495063442,-0.20725832368295583,0.63875,-0.25511581265011996,0.18891444874468608,0.42135,0.012471114003623412,0.35538883878509436,0.6142,-0.12790047133213467,-0.19752366112167602,0.84587,-0.44381212725328867,0.4158971240744647,0.78452,-0.3213319770682483,-0.10430301427801615,-0.10733,0.11805143825265305,0.053004314340427156,-0.11744,0.1486220047984187,-0.20305912724544933,-0.44525,-0.10772239259929395,0.22150495052327052,-0.45131,-0.024012878579701184,-0.25120445156694565,-0.87633,-0.06951935037779101,0.2399029329778174,-0.89522,0.01567382779160388
165,0.028518996999214917,0.63815,-0.013220578435105268,-0.13409854399967092,0.44558,-0.04024640105858325,-0.2080500089146373,0.65774,-0.24538546144916434,0.18874403217556876,0.43586,0.017526321436852073,0.35345284773904617,0.63209,-0.11974271804647924,-0.19628063953805175,0.86982,-0.4280569218486408,0.41167923931123557,0.80575,-0.3096773450223998,-0.1029236685580876,-0.094869,0.10939951699868206,0.054521095108767306,-0.10508,0.13976076893084394,-0.20083266925600496,-0.44554,-0.09581690105878042,0.21440629515454537,-0.45131,-0.013527246841171098,-0.2484009330730812,-0.87307,-0.06151999633796003,0.2358841496945221,-0.89522,0.020267765636406133
166,0.026525868489998213,0.65392,-0.004790611427711492,-0.13568880152398421,0.46418,-0.034049400009175175,-0.20887590105349618,0.67808,-0.23586422717124791,0.18790458570704818,0.45304,0.02372675155310113,0.35119424955657147,0.64922,-0.11119506139391525,-0.19429315975404743,0.89486,-0.41174396920026435,0.40698460304987727,0.82702,-0.29802554299981376,-0.1013653805238163,-0.079875,0.0990935399269898,0.056420448638717605,-0.089141,0.12849950429634283,-0.19779537137753786,-0.44629,-0.0833846053095047,0.20463378474980842,-0.45507,-8.602307287870065e-05,-0.2456342760776562,-0.87303,-0.05365711658117461,0.23049421907293852,-0.89607,0.026245631216570635
167,0.02442330316103216,0.66883,0.003983581642732641,-0.13723864532385222,0.47873,-0.028830236743285637,-0.20929978253778378,0.69638,-0.22643457582630003,0.18700868310604465,0.46744,0.02926836932497201,0.3488123611679532,0.66501,-0.10194819123671256,-0.1923079872649496,0.91711,-0.3953603435274003,0.4016216555242133,0.84621,-0.28505983076187735,-0.09992605770050197,-0.068167,0.08976170415848815,0.05884125159179546,-0.076323,0.11790897843298884,-0.19473068338795038,-0.44738,-0.0718562867622716,0.1957520716582737,-0.45907,0.012334377426286378,-0.24334463683044008,-0.87301,-0.047292837194032065,0.22584684187324933,-0.89847,0.03158270477459935
168,0.022419969660975207,0.68333,0.012344731078518942,-0.13885308446198938,0.49244,-0.02364784904365809,-0.20948224497034035,0.71352,-0.21802855373135488,0.18601159705370404,0.48012,0.03452001139238557,0.3466882352345079,0.67897,-0.09283864739418866,-0.1902555185453697,0.93953,-0.3782642073512011,0.39616615173603,0.86469,-0.27116609194120284,-0.0984228389401065,-0.057484,0.08043605783459215,0.06136969120923268,-0.064531,0.10735875577652448,-0.19172327168696024,-0.44912,-0.06063660299396746,0.187328804879052,-0.46204,0.02434313247275397,-0.2412526519427141,-0.87301,-0.04136247226179338,0.22141595229869104,-0.90156,0.03615271763870275
169,0.02056942073105524,0.69746,0.020069746978694944,-0.14037092534474688,0.50441,-0.019070884978403698,-0.20975043795024456,0.72742,-0.20959703118050266,0.18497906273073242,0.49259,0.039799927478071546,0.34465326472718955,0.6908,-0.08411955368931634,-0.18862318845035367,0.95866,-0.3622981966265114,0.39126934447873923,0.87845,-0.2595194753215598,-0.0966638249358055,-0.047743,0.0709900005759962,0.0639443308588841,-0.053495,0.0966156249630957,-0.1888523919707444,-0.45107,-0.04979436195924496,0.17928361291591652,-0.46545,0.03576258671874575,-0.2392146440282098,-0.87318,-0.035759453455790895,0.21705618099834645,-0.90509,0.04101045118519248
170,0.018565633527724418,0.71048,0.02725292154456536,-0.1417608133467737,0.51508,-0.014989226940078853,-0.21000821203948877,0.73965,-0.20122459709483112,0.18387201108097762,0.50412,0.044926575276075145,0.34283768577924845,0.70139,-0.07652951593685467,-0.18697939400796576,0.97515,-0.3472034313142857,0.38633262218297204,0.89194,-0.24747372615538196,-0.09464911302055408,-0.038921,0.061556536106431296,0.06657728147348269,-0.043418,0.08612343205307518,-0.18620365100706984,-0.4538,-0.039247177486251596,0.17180408031787558,-0.47038,0.04668064941845776,-0.23737034643370616,-0.87398,-0.030555129159313184,0.21339064262555385,-0.91004,0.04475279168781714
171,0.01624646447232976,0.72344,0.03388089588764333,-0.14374719617853593,0.52599,-0.010116125335794346,-0.21062451261172666,0.75108,-0.19248890172441788,0.1830636841654068,0.51287,0.04830148321519938,0.3410452038227599,0.71,-0.06947358166592621,-0.18590172287131682,0.98768,-0.3332746867577496,0.3819471758474088,0.90317,-0.23688437487978933,-0.09259886690249423,-0.031299,0.05229586723990872,0.06923934914144789,-0.035447,0.07631264738867784,-0.1837034442271698,-0.45607,-0.029988358875989177,0.1662886857466263,-0.47705,0.05688290641009614,-0.2355268155590742,-0.87368,-0.025864745921849678,0.2108113261091768,-0.91534,0.04728740453958452
172,0.013747890945770828,0.7364,0.0400923896960906,-0.14591820797264046,0.5341,-0.006153922818272161,-0.21142799878419777,0.76047,-0.18430407979778762,0.18226612343685133,0.52144,0.05161533307363685,0.33947451689010316,0.71638,-0.06292686931852759,-0.18522154396897408,0.99884,-0.3200862123705883,0.37767055705064584,0.9114,-0.22685462754163704,-0.09003068581733385,-0.024239,0.04301178107519523,0.07216890115829662,-0.027967,0.06629212449909878,-0.1813120818931653,-0.45832,-0.021955059293158673,0.16151654097380508,-0.48403,0.06603730809820417,-0.2339108287890552,-0.87513,-0.022014641019496548,0.20869152183656575,-0.92134,0.04957708985547843
173,0.01115286574496839,0.74912,0.046298046164764996,-0.14816981477974647,0.54134,-0.00231052031707692,-0.21262738496352035,0.76687,-0.1779051366981148,0.18154313168749886,0.52762,0.0546214566456758,0.3378401509448395,0.71901,-0.05607660304947189,-0.18501997325847205,1.0086,-0.3077538537458699,0.3742256951866783,0.91672,-0.21751086883658782,-0.08717840421489242,-0.018047,0.03386714703875755,0.07499464157917203,-0.020749,0.05624415798473227,-0.17980767520657934,-0.45832,-0.017760090816357516,0.15713130481556692,-0.49092,0.07397643297670814,-0.23380290066882192,-0.87694,-0.021129451479983734,0.2066566796076079,-0.92722,0.05173045770683353
174,0.008450508520281114,0.76009,0.052571088363744724,-0.15048443004913567,0.54846,0.0016598701114212966,-0.2139635506867788,0.77206,-0.17199740776391434,0.1800184446148285,0.53349,0.05912207197365396,0.33631116361720975,0.72054,-0.04959361779945414,-0.18540139198550679,1.0166,-0.29706774033852357,0.3711763726937574,0.92049,-0.2089706327547124,-0.08595016653444282,-0.012798,0.02873851279557705,0.0766107739227893,-0.01465,0.05074119403355885,-0.17810141899420637,-0.45841,-0.013788464608147758,0.1536100555916551,-0.49828,0.07972226658925737,-0.2335650854955167,-0.87932,-0.020577774089341517,0.20480798465746314,-0.9328,0.05363435974772461
175,0.005754986084729012,0.76207,0.0592545526450464,-0.15230189772115613,0.54927,0.004423252144575701,-0.21545723756574525,0.77367,-0.16577220901145645,0.17913753632863877,0.53453,0.062102381452772235,0.33507404948238245,0.72077,-0.04372934899444439,-0.18684949757531402,1.0206,-0.2879913098616913,0.3688550928706137,0.92139,-0.2012768326544586,-0.08513315480574997,-0.011717,0.025331627145136412,0.07738609147534828,-0.013699,0.04785294755988422,-0.1771840196956305,-0.45863,-0.011389717533741513,0.15305282215716776,-0.50066,0.08207626656790848,-0.2333240208754327,-0.88093,-0.019986937522308172,0.20466301425532113,-0.93458,0.054226176934449366
176,0.0033970207381378847,0.76378,0.06516387210030311,-0.15358826023161484,0.54942,0.0064780953239172295,-0.2166736100888005,0.77421,-0.16071662419017652,0.1782880824049937,0.53566,0.06507706749193737,0.33416674132171853,0.72077,-0.03938997658572068,-0.1884989210434378,1.0223,-0.2811132358418219,0.36748236486049723,0.92139,-0.19585280114549386,-0.08430549105266774,-0.010883,0.021875848403400497,0.07841670977390547,-0.012693,0.04503713401444498,-0.17661214017381857,-0.45746,-0.010486692720941677,0.15230381792648975,-0.50095,0.08298399376394615,-0.23306268928715854,-0.88093,-0.019453452938678888,0.20443077629844242,-0.93475,0.0546218605598179
177,0.0009261618174991777,0.76506,0.07113756578129313,-0.15492589703925927,0.54942,0.008478203263713183,-0.21783034737593215,0.77422,-0.15588407218853606,0.17743753672368576,0.53665,0.06811553290131897,0.333489786814189,0.72077,-0.0356659522041228,-0.18998566199529754,1.0233,-0.2749274293994845,0.36646977960321614,0.92139,-0.1916650128155115,-0.0827363385683125,-0.010203,0.018453333176138273,0.07954191708111003,-0.011842,0.042162857494029204,-0.1761893932589439,-0.45661,-0.010177587486492404,0.15170943270109627,-0.50113,0.08353312234982922,-0.23277384737582912,-0.88093,-0.01896081174038181,0.20436146663316632,-0.93475,0.054842172089927685
178,-0.001612632008426481,0.76612,0.0772201164723636,-0.15634844602195988,0.54942,0.010556758144349584,-0.21909948133496537,0.77422,-0.15116272714776338,0.17663806764899886,0.53749,0.07103709159465704,0.3328685252869165,0.72077,-0.032603304637926024,-0.19127786890339638,1.0239,-0.2694993541138366,0.3657217825162796,0.92139,-0.18851707692703876,-0.0811612483865748,-0.009747,0.015239011953952553,0.0807053919018462,-0.011179,0.03953801552897436,-0.1758775540933557,-0.45611,-0.010103308722331755,0.1519109794476561,-0.50206,0.08446325132419308,-0.2325875300164842,-0.88042,-0.018405014257833786,0.20433668481235684,-0.93376,0.05492512907491008
179,-0.00406596448431432,0.76708,0.08300803118862833,-0.1578629029754203,0.54942,0.012811022799645275,-0.22075975645671497,0.77422,-0.14733284640287073,0.17588858342327016,0.53798,0.07390552294216805,0.33251589213902605,0.71908,-0.029854782514491522,-0.19265416604661417,1.0244,-0.26474613350318,0.3652111607043909,0.9201,-0.1863122491865512,-0.07946270513087786,-0.009484,0.012078952491137595,0.08189302545742634,-0.010601,0.0369316493732587,-0.17576076634841556,-0.45588,-0.010074592478987628,0.15271589125625118,-0.50243,0.08485091223321559,-0.23245618343465288,-0.87993,-0.0178254005283197,0.2047037200560562,-0.93422,0.054513612210270755
180,-0.006381252630841484,0.76795,0.08880200916567924,-0.15892600736564208,0.54936,0.014463521833076531,-0.22245547628144977,0.77393,-0.14428093974047074,0.17513979379025213,0.53838,0.07677001505866701,0.33358597270289925,0.71548,-0.027170179827533787,-0.1944007184864543,1.0245,-0.2606573005920807,0.3648759475943328,0.91819,-0.1849294505132639,-0.07782374243403024,-0.009345,0.00911858067693215,0.08286688003579605,-0.010179,0.03457596937372812,-0.17569252439841537,-0.45577,-0.010058497875538894,0.1533200470805451,-0.50204,0.08499501199023053,-0.23246603151218298,-0.88075,-0.01782713701009636,0.20508462132775895,-0.93465,0.05425380801243091
181,-0.008615686804427862,0.76875,0.09449448524590208,-0.15973737711831243,0.5492,0.015955292299486036,-0.2243568641080573,0.77348,-0.14138714908929562,0.17442506324244378,0.53838,0.07961411161891767,0.3352946911674382,0.71143,-0.02465221036605425,-0.19640567632175815,1.0246,-0.2568881967093715,0.36514593754910324,0.91494,-0.1846178330806273,-0.07627401147853223,-0.009316,0.0064166400844003265,0.08368425775176248,-0.009905,0.03254911302227114,-0.175601434799947,-0.45567,-0.010287154135131486,0.1540506650791316,-0.50237,0.0851705492801193,-0.2324854079809207,-0.87926,-0.017198958251732753,0.2054800591777889,-0.93474,0.05396915048703641
182,-0.010614169711136715,0.76965,0.09983356494858424,-0.1604945205547767,0.54889,0.017485056273639905,-0.2264536248254584,0.77307,-0.13876744863047144,0.17351448337643705,0.53838,0.08333857403752565,0.3374400519687111,0.7064,-0.02271016839113147,-0.198552076375585,1.0246,-0.25381421446984376,0.3655937396701589,0.91103,-0.1845084106863101,-0.07482259905093548,-0.009316,0.004030423211394499,0.08444638649636645,-0.00976,0.030628273420261545,-0.17541349938693743,-0.45557,-0.011007462597206533,0.15496102941634451,-0.50508,0.08530568540974756,-0.23259118376350688,-0.87807,-0.0167718370934904,0.20588442699586368,-0.93434,0.053749024005882
183,-0.012421635977341684,0.77058,0.10494739225272065,-0.16129951519347027,0.54823,0.01899825937688633,-0.22833365214239,0.77282,-0.13639791338329935,0.17301681126688948,0.53838,0.08535478495689358,0.33989355723906717,0.70147,-0.021018420215918945,-0.20080273746317298,1.0244,-0.25066722786853496,0.36630570340275115,0.90651,-0.1843422552064928,-0.07353206417573538,-0.009316,0.001986469998649095,0.08507014765764137,-0.009629,0.028875966936313897,-0.17517763707689177,-0.45557,-0.011999577999112943,0.15530735244212746,-0.50684,0.08466610714103254,-0.2325294647494512,-0.87807,-0.01700668760616601,0.20629400247544555,-0.93447,0.05390247734251975
184,-0.014038511618859374,0.77152,0.10968865518150521,-0.16213918959910034,0.54749,0.02065055350703683,-0.2300894248427418,0.77258,-0.13404200862616264,0.17249036342844606,0.53835,0.08747660343956316,0.34259167935551327,0.69703,-0.019850147540237194,-0.2029410259212464,1.0243,-0.24758166106970037,0.36743418854203197,0.90295,-0.1840620387001582,-0.0725575948875234,-0.009317,0.00030107995289360874,0.0855701372994661,-0.009562,0.027278520424512023,-0.1749691613103206,-0.45557,-0.012893964299741791,0.155647647650289,-0.50889,0.08400312661997457,-0.23262690363568644,-0.87807,-0.017029961270450786,0.20675259660972642,-0.93473,0.053720344369109704
185,-0.015410555894051544,0.77199,0.11419892330068754,-0.16292672146665632,0.54681,0.022352658837967845,-0.23163583306089297,0.77243,-0.1316065393443127,0.17187684572583056,0.53831,0.08957393031646561,0.3453998187217933,0.69259,-0.01901787516922638,-0.20503756668951875,1.0248,-0.2442145678415625,0.36889163188932905,0.89904,-0.18432291968723735,-0.07194334350396228,-0.009317,-0.0011035966069568182,0.08591727505247027,-0.009562,0.02583385251096261,-0.1747757929352064,-0.45557,-0.013702672325858575,0.1558293815974995,-0.50999,0.0832604007133096,-0.23287990189525548,-0.87771,-0.017207592575842125,0.20722074139377897,-0.93478,0.05348404696928399
186,-0.016471834768240344,0.77245,0.11814457751148712,-0.16375017268077952,0.54624,0.024028122086731926,-0.23294675565920947,0.77211,-0.12912447046105766,0.17139284195372176,0.53777,0.09157021194704393,0.3481960021900244,0.68846,-0.018348148350298167,-0.2069637879893556,1.0253,-0.2407768256313241,0.37044919632415607,0.89506,-0.1852667909874483,-0.07153897933095775,-0.009355,-0.002181759217878918,0.08617154887782602,-0.009562,0.02477187283990532,-0.17487722216188212,-0.45643,-0.01450954351258913,0.15570022031481687,-0.50826,0.0821501041929801,-0.23317859188411502,-0.87882,-0.017701970255915866,0.2076334941929787,-0.93478,0.05315877919228663
187,-0.017321556648363667,0.77289,0.12169090148518716,-0.1644989569623288,0.54588,0.025683242052083298,-0.23402251410783684,0.7719,-0.1268243296479319,0.17088782675211528,0.53712,0.09368565531573675,0.35092394370825514,0.68445,-0.017694516134818677,-0.20856040814088533,1.0259,-0.23742312557143064,0.3720842594986424,0.89145,-0.1871108811195836,-0.0713309055378162,-0.009414,-0.003050830731971793,0.0863580854884595,-0.009562,0.023990392134517542,-0.17498542366748687,-0.45738,-0.015278007196952199,0.15555530691656344,-0.50859,0.08107155465447635,-0.233331376454252,-0.87719,-0.01706583672030557,0.2080043238703768,-0.93473,0.05295609384412149
188,-0.018114830849551743,0.77311,0.12500347632082928,-0.16517910212892564,0.54568,0.02729461648167901,-0.23500800311411021,0.77172,-0.12440266752894949,0.17036554646993585,0.53613,0.09578383841233402,0.35363236271960335,0.68114,-0.017045341690645546,-0.21001218523749962,1.0259,-0.23391188031344226,0.3736972711383879,0.88792,-0.1892330247174689,-0.07121627369816903,-0.009641,-0.0035281770856177667,0.08640708731348756,-0.009788,0.023533967090130278,-0.17515442607766202,-0.45814,-0.01587441493110308,0.15535291597150225,-0.50958,0.08031897648221965,-0.23362823557560983,-0.87566,-0.016476431374158572,0.2084390302509464,-0.93455,0.052621496529888304
189,-0.01871027890431931,0.7732,0.12748782062347203,-0.16581888700731992,0.54557,0.028792271752219607,-0.23610341141684676,0.77163,-0.12135762210231038,0.16984666524032593,0.5352,0.09774756911422736,0.3551616688024217,0.67902,-0.01708031175004881,-0.21123574411153145,1.0259,-0.23054317081546266,0.37529341664633564,0.88399,-0.1918353927770366,-0.07113001080551065,-0.009865,-0.0038907053098296354,0.0863084346738316,-0.010087,0.023114463029734064,-0.1753840797866169,-0.45895,-0.016472378286136874,0.15493413892232694,-0.50858,0.07981459390610901,-0.2337607033089598,-0.87428,-0.015955520345650707,0.2089111707269082,-0.93435,0.051959424501360776
190,-0.019248451290905393,0.77325,0.129860412978327,-0.16647827008740357,0.54555,0.030573837062192667,-0.2369140180172914,0.77165,-0.11854566247612161,0.16927311066096082,0.53432,0.09979101697127908,0.356196513056812,0.67684,-0.01742078549228985,-0.21225251739981774,1.0262,-0.2273106219635151,0.37663172757194957,0.88079,-0.19481831481195178,-0.07108798073379917,-0.01005,-0.004077240757055966,0.08601243053133706,-0.010399,0.02277185750201148,-0.17555209017632295,-0.45895,-0.017016824343107462,0.15445999393068577,-0.50858,0.07939386771616881,-0.23398956803947896,-0.87346,-0.015463791827945682,0.20934096687372916,-0.93442,0.05130714827752777
191,-0.019654864341868587,0.77325,0.13203284420439765,-0.16698898806884027,0.54554,0.032088157749311896,-0.23769165729018912,0.77182,-0.11569031903596469,0.1688392449112467,0.53339,0.10075431158417018,0.35699507914528605,0.67517,-0.018091302607909754,-0.2131522794263893,1.0269,-0.22410821219967478,0.3778333070384016,0.8777,-0.1979471974856551,-0.07130134633680227,-0.010194,-0.004185942732452545,0.08549579400900308,-0.010788,0.02255180136419512,-0.17569941239049963,-0.45895,-0.017505835759344425,0.15433164745264874,-0.50924,0.07914276578153769,-0.23406309512961593,-0.87346,-0.015161974388065227,0.20934096687372916,-0.93442,0.05130714827752777
192,-0.01998002865917747,0.77302,0.13402667071810165,-0.16731794984450238,0.54553,0.03343550334349077,-0.23843771842096134,0.772,-0.11278371331981557,0.16834904324098462,0.53246,0.10192192766939352,0.3576363752048595,0.67364,-0.01913682657414656,-0.21397849032043686,1.0279,-0.22103499311237282,0.3787823094526238,0.87486,-0.20114092484061208,-0.07163450397660145,-0.010322,-0.004266011372027893,0.08496758494855579,-0.011166,0.02242617020380325,-0.1758467844732732,-0.45895,-0.01793697665188302,0.15419588397156897,-0.50963,0.07887614005658773,-0.2342382304460751,-0.87273,-0.014456671176014731,0.20935051752350087,-0.93442,0.0512529838511121
193,-0.020276918958213944,0.77287,0.1360559455024367,-0.16769999809393368,0.54553,0.03502632958639301,-0.23914852897166725,0.77223,-0.11007702357752791,0.16792182599061875,0.53187,0.10278992906397179,0.3581385087307837,0.67218,-0.02031452387062939,-0.2147630016094574,1.0289,-0.21802550112245167,0.37942552277744324,0.87241,-0.20380977789366214,-0.07198915373878922,-0.010397,-0.004350885079264925,0.08442593587592169,-0.011503,0.022296138353418024,-0.17597887551641211,-0.45889,-0.01845478062668669,0.15388441792854596,-0.50963,0.0785693943898806,-0.23433259353370917,-0.87122,-0.014439800856155344,0.20935051752350087,-0.93442,0.0512529838511121
194,-0.020494763272831486,0.77292,0.1378960729041643,-0.168058082894847,0.54563,0.03648125235937956,-0.2398156799187948,0.77249,-0.10750276434160261,0.16745243805928972,0.53121,0.10366674145549157,0.3585048769918051,0.67086,-0.021355722841679636,-0.2155069789620977,1.0299,-0.21513071309933873,0.37998652660324234,0.87022,-0.20612757311918117,-0.07242745507867003,-0.010463,-0.004456601376299383,0.08380538561618192,-0.011736,0.02214711696187671,-0.17636490875481517,-0.45889,-0.01885692405737783,0.1535135161239869,-0.51007,0.07825419944801949,-0.23441896880517063,-0.87007,-0.014468231692934527,0.2092680105967221,-0.93375,0.051548140770450813
195,-0.02063203421259579,0.77308,0.139699636235211,-0.16844516694143064,0.54575,0.03810063802711916,-0.24047323034755386,0.77281,-0.10504054005579133,0.16691205384950483,0.5305,0.10471584293095292,0.3588866500720421,0.66955,-0.02242669917904959,-0.21620578374615756,1.0308,-0.21231934832866683,0.3804693647067044,0.86816,-0.20817483161918673,-0.07306565796698014,-0.010572,-0.004493992195394982,0.08308728711605835,-0.011984,0.022021512248110532,-0.1766977575660782,-0.45875,-0.019215165133806528,0.15311691438913314,-0.51007,0.07808475605360418,-0.23450070544443194,-0.86902,-0.014465381815346675,0.2090926553311342,-0.93315,0.051506051213187624
196,-0.020728409494192288,0.77322,0.14149010204194878,-0.16882061656011063,0.54589,0.03965404157540693,-0.24110731422994086,0.77313,-0.1025386380532946,0.16638486690122262,0.52966,0.10569009901718532,0.3592306177181445,0.66824,-0.023340857949961276,-0.2168657670332268,1.0317,-0.20944021268393084,0.3807094978778537,0.86625,-0.21011257155532725,-0.07397385259388367,-0.010684,-0.0044398763967446395,0.0823376843847932,-0.012224,0.021959401497995846,-0.17707334787143428,-0.45864,-0.019503770266336318,0.1526864272172473,-0.51007,0.07793472340768418,-0.23448954209246436,-0.86901,-0.01458628003523783,0.20888698554543852,-0.93266,0.051751059252345306
197,-0.020833053190049012,0.77324,0.1433908068314722,-0.16911921573089095,0.54604,0.04105954309984913,-0.24167647952009036,0.77359,-0.10017455686338403,0.16588072350815028,0.52873,0.10699437024634799,0.3595179520159406,0.6669,-0.02410659615673305,-0.21744932107973566,1.0325,-0.20682176568717817,0.38065250032609665,0.86455,-0.21174730434055355,-0.07497060600757442,-0.010782,-0.004286632694440604,0.0815441792992656,-0.01243,0.021950475175021213,-0.17752117403487686,-0.45874,-0.01978581942399555,0.15236235876823853,-0.50996,0.07781462494659067,-0.2343292942183335,-0.86859,-0.014458512203462576,0.2086725095712787,-0.93233,0.051988421963208235
198,-0.020830352840827408,0.7732,0.1453104392723614,-0.16932387302137636,0.5462,0.04233538768029424,-0.24210501561253947,0.7738,-0.09837767266637289,0.16536338285357527,0.52767,0.1083734868647396,0.35963022669208433,0.66581,-0.02445539896219314,-0.21803984509573815,1.0334,-0.20433655314364704,0.38051795594990634,0.86333,-0.21282707182053967,-0.07606769084096902,-0.010882,-0.004128740742981656,0.08070155039295207,-0.012565,0.021937964130105965,-0.17791338469669205,-0.45869,-0.020037753535934524,0.15180114391242525,-0.5102,0.07736940715088333,-0.2343112125492921,-0.86734,-0.013985181396051236,0.2085098787074345,-0.93197,0.052219694966659326
199,-0.020776571076507346,0.77314,0.1471476903498755,-0.16953391340536947,0.54633,0.04364176130108273,-0.24252521659246062,0.77376,-0.09662805924150632,0.16486578822265738,0.52651,0.10969820592298618,0.35971680143793333,0.66482,-0.02465845022020742,-0.2186402412316578,1.0342,-0.20202570384523472,0.3803950442177968,0.86227,-0.21356969736959508,-0.07715336235899581,-0.010974,-0.003960712903188942,0.07982109441435577,-0.012666,0.021926906564641135,-0.17828833027793436,-0.4587,-0.020272427375777998,0.1514458704438562,-0.51026,0.07696557951125112,-0.23420409923370442,-0.86734,-0.013959186442236787,0.20827870668200876,-0.93156,0.05278209650885188
200,-0.020664062568794064,0.77312,0.14889375387555034,-0.16970607444424418,0.54644,0.044906073595056634,-0.24293829799709743,0.77376,-0.09491882293451326,0.1644762989277963,0.52564,0.1111008816122275,0.35971680143793333,0.66398,-0.02465845022020742,-0.21925686055908428,1.035,-0.19973802366543597,0.3802565281920842,0.86125,-0.2140510634575373,-0.07814425919900407,-0.011071,-0.0037658194644547473,0.07904977363968874,-0.012693,0.021901583401981933,-0.17873290699459815,-0.45869,-0.0205153173570461,0.15111145879899418,-0.51052,0.07661620170459951,-0.23406761533370404,-0.86734,-0.013926997235339321,0.20803639713082533,-0.93129,0.05323489898389512
201,-0.020542248566231963,0.77309,0.15048914421925302,-0.1698683375369919,0.54655,0.046114251847108864,-0.243436515093565,0.77376,-0.09307228435522838,0.1641523729492865,0.5247,0.11241966778156903,0.35971680143793333,0.66316,-0.02465845022020742,-0.21981501031923392,1.0357,-0.19772435317470397,0.3801105194685221,0.86036,-0.21425958552505947,-0.07911018614459299,-0.011177,-0.0035512917604506936,0.07830347984075404,-0.012727,0.021889812009896845,-0.17916716455779574,-0.45855,-0.020701554756098205,0.1507908891397486,-0.51061,0.07624590980140532,-0.23406761533370404,-0.86734,-0.013926997235339321,0.20778542921314558,-0.93103,0.05390956860993107
202,-0.02037681761597238,0.77297,0.15206176260929438,-0.16999740800159532,0.54663,0.04690383453129529,-0.24400004794722235,0.77376,-0.09102808482415299,0.1638286206189544,0.52374,0.11373746914315752,0.3597069533604032,0.66244,-0.02466018670198409,-0.2203916905657971,1.0364,-0.19566317877809802,0.3799616326369234,0.85945,-0.21433660962113682,-0.08003719185599754,-0.011283,-0.0033847342297792914,0.07756159394452881,-0.012803,0.021916388634627543,-0.1796320581112466,-0.45853,-0.020829222230263886,0.15046094247890907,-0.51079,0.07592879751687377,-0.23395819472320983,-0.86846,-0.013971675306012399,0.2075470378752417,-0.93079,0.054628088317393846
203,-0.02021022099706601,0.77283,0.153685357868763,-0.17012543657713275,0.54671,0.04768750836896365,-0.24459029679403052,0.77376,-0.08906272218615419,0.16351332718073106,0.52281,0.1150648854485468,0.3593145156141676,0.66176,-0.02404701738170662,-0.2209683708123602,1.0371,-0.19360200438149205,0.37979595180068804,0.85881,-0.21437597788887033,-0.0809111369198428,-0.011387,-0.0032311600607908136,0.07687804243522195,-0.012863,0.02194614319939184,-0.17967638648132564,-0.45814,-0.02092334977992993,0.15017981499838087,-0.51071,0.07550758101708788,-0.23393108156510678,-0.86838,-0.013952678552140219,0.20725025444869066,-0.93029,0.05492912585280203
204,-0.020040460863558242,0.77278,0.15514704268330798,-0.17022089320625267,0.54679,0.048171282109421995,-0.24523117521391058,0.77369,-0.08709816349501462,0.1632301087867792,0.52188,0.11626798284332718,0.35875133540833437,0.66112,-0.023214159617284853,-0.2216452683160012,1.0375,-0.19154834672512272,0.37966966327457313,0.85826,-0.21440840022949714,-0.08165880307452796,-0.011445,-0.0031142142565123467,0.07630200861917108,-0.012987,0.021993840607768822,-0.17990046119003114,-0.45783,-0.020977076169335498,0.14990627816907315,-0.51092,0.07510090349986781,-0.23385859636403578,-0.86964,-0.01424858714550259,0.2069663948982709,-0.93016,0.05527204385413104
205,-0.019746244855260178,0.77357,0.15596049086264158,-0.17063278489985573,0.54746,0.050104122049184435,-0.24554632439781193,0.77455,-0.08473498660957282,0.16263872188135708,0.52079,0.11754874727447573,0.3596589044676093,0.66052,-0.02484838952848059,-0.2213357177544013,1.0386,-0.19002139602198484,0.3796503936783209,0.85788,-0.21550845872006041,-0.08214398461390145,-0.011515,-0.0029195071075650923,0.07564128854907727,-0.012768,0.022078392301869074,-0.1805840223162928,-0.45915,-0.021016372309908035,0.14939244522337597,-0.51061,0.07421420642424607,-0.23428625172883621,-0.86878,-0.015278495339934226,0.2072101399358267,-0.93131,0.055559740494130386
206,-0.01959046126731158,0.77316,0.15814066412954628,-0.17058699164954855,0.54733,0.04990200332608756,-0.24657016560896275,0.77223,-0.08192305521383267,0.1624895082281443,0.52034,0.1184525676580116,0.3598326470310012,0.66017,-0.024739566177741937,-0.2223989254494627,1.039,-0.1874469078403918,0.38005749356628726,0.85665,-0.21649271970232972,-0.08230763394484043,-0.011551,-0.002930085220970583,0.07518160506137221,-0.013337,0.02234156732182977,-0.18080866783812816,-0.45967,-0.0210092737523562,0.14937175704784664,-0.51068,0.07415877178351243,-0.23386144151057067,-0.8768,-0.01596008266262824,0.20744408854827218,-0.9312,0.05538470607827217
207,-0.019366247112761577,0.77331,0.15919562574633592,-0.17052237048506946,0.54714,0.0497082816053091,-0.24708566647692146,0.77306,-0.08147577582113297,0.16236534978111247,0.51989,0.1191567052014153,0.34994311474005685,0.66051,-0.020079061906059632,-0.22323810295294672,1.0393,-0.1859701948968424,0.37933830160210236,0.85683,-0.21448713676496417,-0.08276298584505862,-0.011714,-0.0027605811001720233,0.07479683784922549,-0.013455,0.022295046439885925,-0.18087088197050688,-0.45974,-0.02100196610346199,0.14944446219804633,-0.51168,0.07461025595946374,-0.2337497412152027,-0.87672,-0.01544181242036586,0.2079840239406851,-0.93186,0.05485643931609613
208,-0.01928614838149028,0.77334,0.15991039367598076,-0.1705487890504618,0.54716,0.049685345620424884,-0.2481359725544157,0.77128,-0.07943515798734371,0.1625489110281788,0.51938,0.12030401042173615,0.35368073486636564,0.65915,-0.017031735242997136,-0.22484875921301167,1.04,-0.1835734707967605,0.37899552366703365,0.85604,-0.21334937436128312,-0.08347329600339708,-0.0117,-0.002700004875783304,0.07445134878457325,-0.013845,0.022267636474440237,-0.1810780647212047,-0.46014,-0.020805965318225574,0.149528605869408,-0.51087,0.07442099200999164,-0.2343670702586123,-0.87657,-0.015338440024809798,0.20815724734336694,-0.93186,0.054565093039711285
209,-0.019251592316710135,0.77195,0.16137870116366404,-0.17048196032826995,0.54704,0.04953669192255563,-0.2492490840521597,0.77028,-0.07830528242181002,0.16271175827350592,0.51917,0.12162637828836381,0.35459216513503156,0.65866,-0.016729881196544852,-0.22615890795616492,1.0397,-0.18218995705602134,0.3791948165549296,0.85554,-0.21321269098689521,-0.08357964321952889,-0.011779,-0.002632445497300292,0.07420629149723448,-0.01394,0.02254022393915965,-0.18098551202633112,-0.45986,-0.020927743800198555,0.14948551529513668,-0.51238,0.07489572161977912,-0.23358446111156536,-0.87694,-0.014536355912662908,0.20845397733367524,-0.93169,0.05512817412876653
210,-0.018971967563813485,0.77173,0.16224034784158226,-0.1704492904284816,0.54692,0.049524174828331415,-0.25050755954935205,0.76853,-0.07732999763111223,0.16268732018140594,0.5189,0.12251361375860523,0.3552697963970426,0.65821,-0.01642660430532946,-0.2272281363335561,1.0394,-0.18125136732830135,0.3788479467584038,0.85501,-0.21233966100788065,-0.0836289593019863,-0.012233,-0.002352760095444823,0.07419476642347937,-0.013963,0.022559515716551567,-0.17863617960816897,-0.44799,-0.022273227426621498,0.14858465709056734,-0.50863,0.07355491943628595,-0.234184430688677,-0.86794,-0.01332209214126047,0.20490977894027856,-0.92736,0.061637623702136345
