FrameNo,head_x,head_y,head_z,left_shoulder_x,left_shoulder_y,left_shoulder_z,left_elbow_x,left_elbow_y,left_elbow_z,right_shoulder_x,right_shoulder_y,right_shoulder_z,right_elbow_x,right_elbow_y,right_elbow_z,left_hand_x,left_hand_y,left_hand_z,right_hand_x,right_hand_y,right_hand_z,left_hip_x,left_hip_y,left_hip_z,right_hip_x,right_hip_y,right_hip_z,left_knee_x,left_knee_y,left_knee_z,right_knee_x,right_knee_y,right_knee_z,left_foot_x,left_foot_y,left_foot_z,right_foot_x,right_foot_y,right_foot_z
6,-0.03637438352128147,0.758,0.09183381661156595,-0.18513318988176405,0.55943,0.045612921724032196,-0.25093533443028787,0.81123,-0.05135059444991425,0.15257308722700538,0.55618,0.11721885637567281,0.2744921020814468,0.80055,0.10203418180153442,-0.2467568960307766,1.0902,-0.10125010187775856,0.3235754499732025,1.0393,0.03587937556089241,-0.06583567377416735,-0.000417,-0.04738614682268874,0.08557764093660787,-3.9e-05,-0.021995763676785976,-0.10102388333482866,-0.49639,-0.1025688647687539,0.11550205050037206,-0.52982,0.0031251993871591853,-0.1164441135736658,-0.87548,-0.07696558834988024,0.12236574212492948,-0.85689,-0.01322634984473258
7,-0.03510188285076461,0.75799,0.08924139939137662,-0.18584522574151727,0.55979,0.04492888595418861,-0.25210645954264504,0.81181,-0.052080040110129205,0.1516392029071777,0.55596,0.11790816115382254,0.2739293003496476,0.80066,0.10142520051226213,-0.24700758342779322,1.0914,-0.10230465430840249,0.32430396550273866,1.0404,0.03468473162932764,-0.06614389696271186,-0.000311,-0.0472851346152906,0.08544958467361319,-1.5e-05,-0.022242752732227387,-0.1014821043465443,-0.49205,-0.10261919869789032,0.11756322668080094,-0.52955,0.0032987555833397797,-0.11593375002387611,-0.87408,-0.0768654432199633,0.12476985018810784,-0.91265,0.0014724265812343339
8,-0.034687118478018295,0.75809,0.08672214940078411,-0.18647505210225013,0.56133,0.043893792356813933,-0.25293592608762927,0.81341,-0.05324984746638579,0.15110852608824682,0.55788,0.11711699043024297,0.27323458300671,0.80241,0.09989430639005062,-0.24768235705650904,1.0925,-0.10371830403516996,0.32316057958168004,1.0431,0.03264621510118149,-0.06620091847943149,0.00122,-0.04742820993332623,0.0853902823086127,0.001664,-0.02212526558609919,-0.10140309442570584,-0.49177,-0.10306728622551088,0.11745896743086273,-0.528,0.002968635894738326,-0.11581701393135578,-0.87295,-0.07637573240253828,0.12504207352680102,-0.91117,0.0015986147497396817
9,-0.03400473760068446,0.75809,0.08327832415285862,-0.1872080219128713,0.56297,0.04263742646396347,-0.25375001185578494,0.8149,-0.05462205895230416,0.15053652278685412,0.55995,0.11615707990149779,0.272442526514731,0.8043,0.0982243975561576,-0.24841641684097024,1.0936,-0.10531401460818651,0.32208382290842574,1.0458,0.030690526969959563,-0.06626807828872358,0.002728,-0.04757713461232824,0.08532234740332574,0.003198,-0.02201640857601876,-0.10141405651946293,-0.49052,-0.10358099415079573,0.11749637926769083,-0.5267,0.0020654103667193564,-0.1157426221679763,-0.87164,-0.07587622578041872,0.12548640446812623,-0.91007,0.0013246092487345512
10,-0.033096079885825566,0.75792,0.07947838123786274,-0.1879660950144474,0.56469,0.041235489884560966,-0.2544652695522841,0.81631,-0.05597887523596187,0.1500228394469476,0.56195,0.11509677125478095,0.27174637011777525,0.80624,0.09675925241966854,-0.24906127311453038,1.0947,-0.10695492179217045,0.32139228110128315,1.0481,0.029084035784495463,-0.06636964688381941,0.004267,-0.047720956795910124,0.08524201197067925,0.004737,-0.021935123778783955,-0.10156331112215801,-0.48886,-0.10463492349547417,0.11756269061299553,-0.52537,0.0011134629913440788,-0.11565577760440167,-0.87021,-0.07538975479281768,0.1258258278677536,-0.90852,0.0014728008672067056
11,-0.03205330807607903,0.75766,0.07533247096956244,-0.18872320013794136,0.56658,0.03971288821899668,-0.2551133013616392,0.81771,-0.05754418535669323,0.14957943196657641,0.56394,0.11409861004217506,0.2710397449615625,0.80815,0.09541106627205859,-0.24968968267980907,1.0958,-0.1086315151889922,0.32086961970855776,1.0504,0.02761394256685436,-0.06648777154134528,0.005732,-0.047782402424594306,0.08514718982830254,0.006266,-0.02188685617769286,-0.10174441725235005,-0.48704,-0.1056233892609951,0.11770920159017244,-0.52393,-6.296827888239293e-05,-0.11563764606676338,-0.86875,-0.0749742945091047,0.12614022188740992,-0.90694,0.0015901780387705435
12,-0.030967216746393446,0.75737,0.07110788783940843,-0.18946497435320375,0.56844,0.03804575294746894,-0.2556196398256639,0.81894,-0.05910685050311748,0.14915363686313346,0.56595,0.11311573948615866,0.2703185832270227,0.81015,0.0940877334520033,-0.25031367712966224,1.097,-0.11021797253999549,0.32038463818656315,1.0524,0.026333270117192137,-0.06660108632273208,0.007206,-0.04783081482299868,0.08502231693423465,0.007778,-0.021737267540667495,-0.10191996664085672,-0.48377,-0.10664336887461241,0.1179997390337962,-0.52247,-0.0015379248863297348,-0.11566701843499896,-0.86716,-0.07457736471180518,0.1262724883625494,-0.90533,0.0017038731554386635
13,-0.029858477242627284,0.75707,0.06687003594100656,-0.19015879762904306,0.57026,0.03627943749945191,-0.2560306970925692,0.82017,-0.06074918053186453,0.14873327472179504,0.56791,0.1120444693661005,0.26963850041578313,0.81225,0.09281936900522292,-0.2509329830787184,1.0983,-0.11183101970033016,0.3199084370268228,1.0543,0.02529074028286511,-0.0667058280493841,0.008639,-0.04788177726699377,0.08490729452193556,0.009278,-0.021568679745531248,-0.10210466951418286,-0.48057,-0.10766902420101845,0.11829049999419451,-0.52094,-0.003071736825228457,-0.11565156553100954,-0.86598,-0.07426188855144075,0.12611791744203885,-0.9031,0.0024077252922774448
14,-0.028681298718712056,0.75676,0.06239953387492574,-0.1907623256363185,0.57208,0.034404146070251065,-0.2563224598452403,0.82141,-0.06266494943654843,0.1484460971650814,0.56988,0.11102409980024706,0.2689805448340911,0.81442,0.09154069021345371,-0.25150520632923984,1.0996,-0.11353832299838904,0.3194448124468583,1.0562,0.024292060529964916,-0.06680500822587339,0.010014,-0.04792972820641682,0.08479083065137957,0.010705,-0.021351605641006736,-0.10220919679802376,-0.47784,-0.10909179018561775,0.11872955293067457,-0.5193,-0.004640326484434534,-0.11544872576857632,-0.86523,-0.07403014509246933,0.12583517012402312,-0.9031,0.003665738787497156
15,-0.02752642107252208,0.75652,0.05794033096158678,-0.1912554650550176,0.57388,0.03236351148421535,-0.25654454159389295,0.82256,-0.06463037272350608,0.14821632146036862,0.57181,0.10996612667888539,0.26835429117410536,0.81664,0.09037015941362209,-0.25190976291876466,1.1009,-0.11550545872473635,0.31903402499767863,1.0579,0.02333925274683319,-0.06684220499947459,0.011414,-0.04797791949228534,0.0847029880954513,0.012084,-0.021101052881357225,-0.10232158811845657,-0.47631,-0.11041236929763315,0.11922280814097368,-0.5175,-0.006343549399238341,-0.11523606197099998,-0.86523,-0.07396929191506332,0.12549472352624796,-0.90085,0.004905454930032752
16,-0.026415897622621053,0.75639,0.05361749778562221,-0.19158850442155362,0.57563,0.030221132250667457,-0.2566927249136663,0.82367,-0.0667269563025081,0.14795392572446442,0.57373,0.10886280012804957,0.2677472625932438,0.81889,0.08914818547690448,-0.2522264054456161,1.1023,-0.11762565364742368,0.31865382367015527,1.0595,0.02238574556251338,-0.06685663703213053,0.012774,-0.04803428185945899,0.08463379740127859,0.013438,-0.0208583809879705,-0.10240520370999358,-0.47494,-0.1118385559729502,0.11958756726744511,-0.5156,-0.008124262677578174,-0.11502339817342364,-0.86523,-0.07390843873765732,0.125211530958506,-0.89955,0.005878055037772681
17,-0.025371705372350097,0.75628,0.04968812384764251,-0.19184422404807674,0.57563,0.028388891144095818,-0.25669906706614154,0.82367,-0.0685913824279156,0.14774032334266166,0.57386,0.10788586664899984,0.2672113763289829,0.81942,0.08838655898591527,-0.2523115340021552,1.1023,-0.11910084757666199,0.3183954182746916,1.0595,0.022066016534123344,-0.06687298159897952,0.012774,-0.04809707401768372,0.08456205906575386,0.013438,-0.02060701947298433,-0.10248383337297512,-0.47357,-0.11323543154940624,0.12008645491423638,-0.51532,-0.010147367251217183,-0.11482990958637451,-0.86523,-0.07385401294706367,0.12522147698940703,-0.89917,0.0061671745225351515
18,-0.024576603948730576,0.75628,0.04660129590845345,-0.19194842807794932,0.57563,0.026791528780648395,-0.2566204730011736,0.82367,-0.07036162873082144,0.14756631096154407,0.57386,0.10708752105264586,0.26675231468641175,0.81942,0.08770752775812093,-0.2522395643941484,1.1023,-0.12060317389791292,0.3182159711476465,1.0595,0.02175919455219364,-0.06691069450863632,0.012774,-0.04810778552762478,0.08448846768158778,0.013438,-0.020350907567410773,-0.10242129063515928,-0.47357,-0.11462670772829615,0.12040896766493783,-0.51532,-0.011630901721876693,-0.11452335199327725,-0.86558,-0.07426807024033892,0.12543960135912077,-0.89917,0.005506006798476435
19,-0.023908777642801905,0.75628,0.043884996030842435,-0.1920351933790713,0.57563,0.025210441881543484,-0.2564566933757779,0.82367,-0.07232704782971747,0.14739033858187525,0.57386,0.10635787886527337,0.26633078509260366,0.81942,0.08698840481901804,-0.252046960955083,1.1023,-0.12232894703342642,0.31802481568171387,1.0595,0.021403598450072038,-0.06694840741829314,0.012774,-0.04811849703756584,0.08444407323365671,0.013438,-0.02008761660100118,-0.10224913138010748,-0.47357,-0.11548789597188754,0.12071525722413239,-0.51532,-0.013137605311149773,-0.11425730251035038,-0.86613,-0.07479792085384648,0.12548467419050735,-0.89917,0.005538324593432075
20,-0.02326972466153035,0.75563,0.041291566392867275,-0.19184385356202352,0.57548,0.023146308873616885,-0.25612983585298893,0.82341,-0.07464145059496734,0.1472426209865693,0.57386,0.10552558353785826,0.266015402620124,0.81942,0.08601281786950885,-0.25159168125945025,1.1021,-0.124680615674784,0.31790339108839655,1.0593,0.020940477441978335,-0.06694176372742229,0.012288,-0.04824831560854708,0.08446959292347345,0.013012,-0.019863784642979852,-0.10200106382902824,-0.47224,-0.11660681844020318,0.1210218442110854,-0.51552,-0.014588407992230514,-0.11405304416864008,-0.86795,-0.07561080124470466,0.12554572622188517,-0.89963,0.0046737919743455245
21,-0.022682609315052095,0.75457,0.03887175553870331,-0.19150620580983221,0.57463,0.020943474791022328,-0.2557452033556337,0.82271,-0.0772259238182719,0.14708865205686725,0.5734,0.10472874128955162,0.26574665581263,0.81934,0.0850606854451782,-0.2509596054603885,1.1011,-0.1274590677949834,0.3177954611843403,1.0585,0.02045841195284806,-0.06691781230009775,0.011243,-0.04847053246013381,0.08458146624660332,0.012069,-0.019766885935187224,-0.10161794964814391,-0.47109,-0.1180309267662814,0.12129514061652324,-0.51566,-0.015907998108431288,-0.11382948683682179,-0.86972,-0.07636036853280512,0.12541368504734315,-0.90003,0.004098117475843491
22,-0.022161873252977894,0.75361,0.03650015039584006,-0.19109686718647437,0.57368,0.018564412393474193,-0.25528505972720333,0.82199,-0.08000829112709634,0.14699563185370343,0.57291,0.10398935557032019,0.26556368942108055,0.81916,0.08402518204124203,-0.2501860580489479,1.1,-0.1305791436598068,0.3177999796046055,1.0576,0.01962655885050467,-0.06689374911438593,0.010166,-0.04872217697744623,0.08472067384037206,0.011078,-0.019727108481308007,-0.10118462710152688,-0.47109,-0.1195670177696381,0.12163630763321895,-0.51582,-0.017382150769019382,-0.11362592308782216,-0.87145,-0.07716930969265126,0.12531165918132764,-0.90071,0.0035825685231107886
23,-0.02172995734186886,0.75268,0.034430712393451274,-0.19063910654775731,0.57247,0.016141085919876105,-0.25478944378575497,0.82122,-0.0826463056908511,0.14687944253192603,0.57241,0.10326619304259568,0.26547352328356616,0.81895,0.08298167158722361,-0.24941578412667315,1.1,-0.13391100546436346,0.3179045175913839,1.0567,0.01863058053280879,-0.06687530696438855,0.00907,-0.04898801318096913,0.08484823738928235,0.010087,-0.019690399613313807,-0.10067048424131085,-0.47109,-0.12144628813850172,0.12198506530113512,-0.51599,-0.018841764447041647,-0.11344838073926268,-0.87324,-0.07806102697658603,0.12526152829422463,-0.90142,0.0030030593392678905
24,-0.021288719106240108,0.75172,0.03233143994342979,-0.1902301152207548,0.57124,0.013763993137833976,-0.2541769644045596,0.82034,-0.08554397182200055,0.14681991060084199,0.57188,0.10256723671407336,0.2654698820233039,0.81857,0.08179298039888927,-0.24849555565752388,1.0994,-0.13740224930640127,0.3180860556318526,1.0556,0.017313088620172223,-0.06687987471025926,0.007895,-0.049342187058743395,0.08497974016920466,0.009015,-0.01965299615260893,-0.10014302034001132,-0.46962,-0.12334351818064894,0.12235542925406585,-0.51624,-0.0203087380467937,-0.11319324348149598,-0.8753,-0.07916245603907679,0.12527147789277143,-0.90164,0.002485930723265299
25,-0.02080715362133475,0.75079,0.030297157592391006,-0.18985515893657504,0.57,0.011579922675382257,-0.2535290866213301,0.81943,-0.08841204144772402,0.1468263133248516,0.57133,0.1019550480134873,0.26557124625811035,0.81799,0.08046947509406344,-0.24746962710059522,1.0984,-0.14103224649594268,0.318356946789013,1.0542,0.015776788525473172,-0.06688080305711507,0.006678,-0.04976882992833355,0.08509392078724111,0.007911,-0.019626770469303823,-0.09956517442480144,-0.46817,-0.1253537157078276,0.122785031277968,-0.51654,-0.02193890432698084,-0.11274642981326363,-0.87703,-0.07991124342270499,0.12542624650384665,-0.90179,0.0019537205420155877
26,-0.020370960179397348,0.74988,0.02857778058858678,-0.18950949932582406,0.56878,0.009504414199491232,-0.25279403923673477,0.81842,-0.0913713605150771,0.14687969901020217,0.57075,0.10136434422257373,0.2657764004507418,0.81723,0.07901804932701721,-0.2462196202673153,1.0975,-0.14541476539684356,0.3187778922302417,1.0529,0.013965365345896201,-0.06689627038653667,0.005494,-0.05018788214670324,0.08523786434616505,0.006826,-0.01968871602478851,-0.09891030441351423,-0.46813,-0.12751280006660487,0.12313512826270859,-0.51659,-0.02334852594332884,-0.11231541812919901,-0.8785,-0.08057041330080908,0.1255788075572091,-0.90204,0.0013764423378566717
27,-0.019903498044286407,0.74894,0.026767451570911396,-0.18912591050135782,0.56756,0.007328973873087265,-0.2520965239009024,0.81743,-0.09429058787112163,0.14694762127387984,0.57017,0.10074878710410552,0.2661991064161342,0.8163,0.07736940483325219,-0.24498345541965183,1.0964,-0.14977637020120182,0.31930751560448006,1.0515,0.011767949799974031,-0.06691255368401107,0.004289,-0.050642618173672035,0.08538093485572328,0.005765,-0.019780262894176545,-0.09823692795820052,-0.46938,-0.12989201509459816,0.12349909305927556,-0.51682,-0.025009558943259895,-0.11183491849832221,-0.87903,-0.08110712933813913,0.12579638694000284,-0.90231,0.0005456022737149076
28,-0.019443728701828405,0.74798,0.02504106194173271,-0.18872761145038677,0.56636,0.0051276954113756365,-0.2514869226277436,0.81644,-0.09705675603082614,0.14704687412052145,0.56954,0.10007072082973881,0.26672287383710575,0.81523,0.0755507262776166,-0.2437802837257451,1.0954,-0.15395086153248777,0.31995226593668863,1.05,0.009320730764187296,-0.06693226007644189,0.00301,-0.05113552856927894,0.08549062644735028,0.00462,-0.019958929496333565,-0.09756528798466349,-0.47162,-0.13226138204506133,0.12386236326313187,-0.51713,-0.026666652712178905,-0.11137510704297475,-0.87959,-0.08169928001620279,0.1262892948539466,-0.90354,-0.0011556510255828767
29,-0.019032985226785464,0.74711,0.0235984705935992,-0.18848360993455482,0.5654,0.003513543231353021,-0.2509818815999272,0.81543,-0.0994026966865594,0.14715267572931748,0.56889,0.09941310238445601,0.26724686477485193,0.81398,0.07367319239052963,-0.24275197396292603,1.0943,-0.15753677550687295,0.3207502460887604,1.0485,0.006522791580270047,-0.06699737697965986,0.001818,-0.05158973643899864,0.085560338086056,0.0035,-0.020204555812979332,-0.09698746611184056,-0.4736,-0.1344442063355821,0.12414915614165377,-0.51722,-0.028408311359798794,-0.111032306849342,-0.88024,-0.0822612916061592,0.12653351631890727,-0.90411,-0.0020224104362917897
30,-0.01852433240998698,0.74651,0.021813682283473045,-0.18827237805570504,0.56498,0.0020276491929513626,-0.2504708626230862,0.81488,-0.10166736456625136,0.14729831668178317,0.56866,0.09864471920337714,0.2679281791777414,0.81293,0.07130654672959613,-0.2417931475135607,1.0931,-0.16090139314339535,0.32166141902646106,1.0474,0.0033132550284292878,-0.0670940029224968,0.001095,-0.052014975697735256,0.08566658494457825,0.002808,-0.020576760870782352,-0.09663900408785994,-0.47421,-0.13636284497217924,0.1243959119859414,-0.51777,-0.030210847227211672,-0.11103895534869024,-0.88082,-0.08216599838784638,0.12684861028274305,-0.90439,-0.003118344646887601
31,-0.018046943477884637,0.74591,0.020154371339886467,-0.1880808182895285,0.5646,0.0007109089543384586,-0.25004515298625374,0.81437,-0.10379374536589847,0.14747134417772328,0.5684,0.0977786069210207,0.2687087446434496,0.81175,0.06866495884467848,-0.2409176962318625,1.0921,-0.16396592982181396,0.3226159283137717,1.0463,0.0001458843490742892,-0.06722116030991585,0.000365,-0.05246286072631376,0.08578661189892658,0.002129,-0.02099832288310067,-0.09618573425937528,-0.47314,-0.13858793968085692,0.1245996529507645,-0.5181,-0.03182702129557589,-0.11093958050629078,-0.88159,-0.0823840548958852,0.12709283174770372,-0.9046,-0.003985104057596514
32,-0.01737242237165667,0.74519,0.01809115582102931,-0.18783803409476316,0.56431,-0.0004932255210305311,-0.24966712090347282,0.81385,-0.10593767184420605,0.1477132343053904,0.56805,0.09680989377145721,0.26971021106589127,0.8104,0.06574957036203644,-0.24006772136368443,1.0911,-0.16694357028423815,0.32392045710719325,1.0449,-0.0037396160855073593,-0.06746504836096202,-0.000406,-0.05294554449293213,0.08591781182219727,0.001426,-0.021471732409973292,-0.09592178902932155,-0.47329,-0.14008484746543548,0.12491093022233743,-0.51855,-0.03370753783637049,-0.11071557792474628,-0.88226,-0.08284820879650588,0.12712694426915616,-0.90481,-0.004869618238308254
33,-0.01675316947070076,0.74439,0.015995855640945876,-0.18749451169838688,0.56402,-0.0016927976794219764,-0.2493678493985459,0.81331,-0.10792286341338489,0.14796343550319854,0.56751,0.09562128308640706,0.2707881565974902,0.80892,0.06251562270771273,-0.2393393723470342,1.0899,-0.16974972560958004,0.325217568897572,1.0435,-0.007640640310407856,-0.06769178789829997,-0.001258,-0.05341606567439772,0.0860190559224932,0.000664,-0.02199408730097678,-0.09563008413322809,-0.47261,-0.14191195125383807,0.1253510767003033,-0.51855,-0.03574303091617554,-0.11055793298945753,-0.88219,-0.08310879289881798,0.12714317102830888,-0.90498,-0.0056526972204597355
34,-0.016065862693354523,0.74353,0.013814058814058932,-0.18712464464760215,0.56369,-0.0029841900925729123,-0.24907599489666174,0.81267,-0.10992357877288259,0.1482147284586696,0.5669,0.09436889303114049,0.2719587545611566,0.80732,0.05904415552401932,-0.23871818651456853,1.0884,-0.17252400536503804,0.3268351541776483,1.042,-0.011861879685482475,-0.06799116526715406,-0.002145,-0.053854716094456793,0.08604967686689849,-0.00016,-0.0225766200105852,-0.09515773704758705,-0.47231,-0.14441800157868923,0.12571583761059762,-0.5189,-0.03792686824489791,-0.11057554358256283,-0.88262,-0.08352720760579001,0.12716053941372144,-0.90597,-0.0065574260965260145
35,-0.015305478263659114,0.74256,0.01143089253386009,-0.1866909748046298,0.56316,-0.004522250711435621,-0.24884454413439577,0.81203,-0.11181207832137247,0.14827640830706582,0.56515,0.09177316873986804,0.2732822350483308,0.80552,0.05522393780770143,-0.23835935368470187,1.0866,-0.17484698599350004,0.3286511917147651,1.04,-0.016575132984827073,-0.0684821499439673,-0.003485,-0.05456577730640313,0.0860529202643683,-0.001415,-0.023412759640295964,-0.09463091608657839,-0.47422,-0.14677228696390526,0.12634615110167285,-0.5192,-0.04046497500052671,-0.11044850881131744,-0.88308,-0.08395971907025612,0.12711036044184443,-0.90725,-0.007482188807053085
36,-0.014476873522111806,0.74119,0.008908456770102106,-0.18620193701919158,0.56247,-0.0061439677164687664,-0.24857054956860145,0.81122,-0.11394185576935034,0.14831752375951351,0.56337,0.08917889552380734,0.2746854182652312,0.8036,0.05135481738313346,-0.23798432170571526,1.0846,-0.1773194242666906,0.3305814621427539,1.0378,-0.021302768448230716,-0.06897875084801759,-0.004937,-0.055256504851891534,0.08607585500842097,-0.002763,-0.024279951659121803,-0.09420312267161388,-0.47611,-0.14891048545658853,0.12710029800198866,-0.51953,-0.0431294988703286,-0.11038473006151679,-0.88343,-0.08437901403930997,0.1270982344632635,-0.90852,-0.008449997652147743
37,-0.01356773325311466,0.73926,0.006493640841032607,-0.1854080059952718,0.56101,-0.007652013647220773,-0.24813476833746428,0.80917,-0.1161253554186722,0.14848324290871923,0.5606,0.08616589815182266,0.2763576252426429,0.80101,0.047514855426981334,-0.23772168639863023,1.0821,-0.1799030695007489,0.3327655011178293,1.0346,-0.026145079647993875,-0.06945779645645261,-0.006931,-0.05592585924609472,0.08612415440760648,-0.004719,-0.02520461222821639,-0.09361778405855439,-0.47857,-0.15119352700418717,0.12799480071463332,-0.5197,-0.04624449387788018,-0.11034362531200663,-0.88385,-0.08455454295307549,0.1269875778407844,-0.91008,-0.00937730079131073
38,-0.012610854160691302,0.73681,0.003704426721879499,-0.18450750664268434,0.55929,-0.009303736964241385,-0.2475918479645295,0.80713,-0.11851335740122002,0.14859701721041557,0.55787,0.08327473153464655,0.2781653997943927,0.7982,0.04336675318980758,-0.23722103287620658,1.0793,-0.18297276753972358,0.33494217474228166,1.0308,-0.03146390921215679,-0.06990881320153808,-0.009058,-0.056656274125223366,0.08621242654699719,-0.006765,-0.026114101111824866,-0.0928830358855404,-0.48096,-0.15380562292935004,0.1290016279720186,-0.5197,-0.04976616221459024,-0.1103484874609813,-0.88413,-0.08452696833599116,0.12686295545310813,-0.91174,-0.010340575549876455
39,-0.011716448160585938,0.73418,0.0011428221647755876,-0.18356314999595394,0.55716,-0.010916248832035267,-0.24697284564738964,0.80497,-0.1211600784162451,0.14866956298302095,0.55514,0.08050220811529063,0.27987198911098243,0.79539,0.03933179929855904,-0.23679690476389126,1.0765,-0.18647228398408325,0.3370981103226078,1.0271,-0.03678030289335495,-0.07036127380911918,-0.01133,-0.05735546537129796,0.08635429710815107,-0.008911,-0.02691868904603584,-0.09211643618502945,-0.48353,-0.1564831824336705,0.13007801245384149,-0.51999,-0.05339437064951935,-0.11035907999981898,-0.8843,-0.0844668950630574,0.1268003753334558,-0.91338,-0.01171329719996591
40,-0.010758524774857878,0.73117,-0.0016350381245613854,-0.18253861954356124,0.55483,-0.01252274730763989,-0.24618161194803698,0.80167,-0.12415010738483534,0.14883014838170347,0.55177,0.07723038716515752,0.2815660757587802,0.79258,0.035367751565527385,-0.23643657587611783,1.0736,-0.19053138032349623,0.3392792507149055,1.0233,-0.042469990985780345,-0.07073860362090639,-0.013865,-0.05807187182934857,0.08654551260262676,-0.011372,-0.027795810266091778,-0.09129193773037154,-0.4852,-0.15937392668010023,0.13122350712655292,-0.52076,-0.0570114085197648,-0.110588611713016,-0.88438,-0.08460484865176333,0.1267924186949618,-0.91518,-0.013107865481515383
41,-0.009848366659181719,0.72803,-0.004228389663491042,-0.18147060313576788,0.55229,-0.014260691481853854,-0.24531556171031974,0.798,-0.12733409120793335,0.14915954206764231,0.54768,0.07357708389282115,0.2832987123020199,0.78975,0.031185076511327015,-0.2360096898677011,1.0706,-0.19502552855601124,0.3412254745166757,1.0194,-0.047863979576185725,-0.0708091541066447,-0.016789,-0.05885806686174326,0.08677537594591536,-0.014241,-0.028604175804330625,-0.09046570279393697,-0.48735,-0.16227451900406012,0.13246103176578197,-0.5222,-0.06034414639834166,-0.1108073033282138,-0.88443,-0.08468910408151226,0.1270672316330476,-0.91762,-0.01518469644455997
42,-0.008969762643244047,0.72486,-0.006700376715070844,-0.18039846904030749,0.54968,-0.015964400518441748,-0.24439454069508892,0.79425,-0.13054189127799745,0.14956647901036857,0.54356,0.07017506341600967,0.2849513727301621,0.78702,0.02716803002052646,-0.23553936777248055,1.0675,-0.19959325196343727,0.3431647043065651,1.0151,-0.053563829383154786,-0.07069698459658796,-0.019772,-0.05954604069919178,0.08698786966295988,-0.017237,-0.029348585919936672,-0.08935503927777563,-0.48722,-0.16517573022592386,0.13368550696547615,-0.52229,-0.06337252640840216,-0.11112638584866716,-0.88443,-0.08477989144374476,0.1272709485554837,-0.9197,-0.016973497276266267
43,-0.00803400193022827,0.72143,-0.009306476077715368,-0.17932382995937582,0.54707,-0.017567140623928088,-0.2434416182837643,0.79034,-0.13387302545091745,0.15001836500490062,0.53934,0.06674847501820846,0.2865721816308073,0.78436,0.023216447108883428,-0.2348153991259313,1.0642,-0.20473566087355066,0.3448485029785753,1.0114,-0.0590243991365905,-0.07051355682348162,-0.022668,-0.060188956130685874,0.08717998224918827,-0.020136,-0.030023479062747174,-0.08834045307246101,-0.48866,-0.16747447223667347,0.13512882338615875,-0.52356,-0.06649026255980879,-0.11150351494523524,-0.88452,-0.08488700654315535,0.12742217385966753,-0.92092,-0.018407015642864507
44,-0.007092158722516752,0.71792,-0.011912518359046905,-0.17821212990561724,0.54357,-0.01926488854116231,-0.24245019584559452,0.78633,-0.13736491642130774,0.15068010703231066,0.53597,0.06443524210966699,0.2881325369232374,0.78184,0.01943495053194655,-0.2339865745901042,1.0611,-0.20983927232906047,0.3464790174862516,1.0079,-0.06441313019689189,-0.0703897666905376,-0.02556,-0.060626101418874714,0.08744355800174702,-0.02288,-0.03042988381501157,-0.08721639638805524,-0.49017,-0.16987576284179454,0.13650841092563762,-0.52511,-0.06924657426585995,-0.11178372610010111,-0.8846,-0.08496789355502216,0.12756697418127766,-0.92181,-0.019804096122601308
45,-0.006177069355359433,0.71467,-0.014453213628085604,-0.17718425026925197,0.53998,-0.020947968887772537,-0.24136165599133488,0.78218,-0.14106206139894772,0.15140738833368497,0.53233,0.061865492917883624,0.2896873613001921,0.77931,0.015454470516065626,-0.23294696877662222,1.0579,-0.2155048190593041,0.3480921190913872,1.0048,-0.07004863400857622,-0.07025155895036984,-0.028571,-0.061110460397895146,0.08794308323736039,-0.02581,-0.03078656089443414,-0.0860176469448657,-0.4921,-0.17252789401736876,0.13808322353394226,-0.52677,-0.07195830825884762,-0.11186161665324384,-0.88488,-0.085217206735041,0.12779460289981204,-0.92307,-0.021267805850142398
46,-0.005205991364009484,0.71184,-0.017196260753950515,-0.17633018710726253,0.53657,-0.022854628824765133,-0.24011331351267065,0.779,-0.14491685193229223,0.15201840105082925,0.52956,0.059667197109879624,0.2909889639008032,0.77741,0.01135521452624473,-0.23172840917059526,1.055,-0.221494210721782,0.3497480619278097,1.0026,-0.07586951481155622,-0.06989953616941114,-0.031209,-0.06158656538808756,0.08871889001378237,-0.02829,-0.03099399484936375,-0.08476444766869556,-0.49404,-0.17520088701665004,0.13954526456395716,-0.52843,-0.07414565825977407,-0.11179798750923385,-0.88514,-0.08546289013299975,0.12825154159859178,-0.92432,-0.022937830707908727
47,-0.0042702709026358025,0.70941,-0.019675438887559838,-0.1753309077677925,0.53283,-0.02483621046620924,-0.2387913459904986,0.77571,-0.1487860769025314,0.15279772515308387,0.52658,0.0572630001662735,0.2921774734529791,0.7758,0.0075518148569506185,-0.2305457448687485,1.052,-0.22733761770308472,0.3513855464049797,1.0011,-0.08112501141863604,-0.06919163606782751,-0.033827,-0.06189837694364296,0.0897115377609995,-0.030864,-0.03109516030762282,-0.08358881925934562,-0.49569,-0.1774915414740332,0.14080922467567392,-0.53015,-0.0756703371885945,-0.11170042305959495,-0.88548,-0.08578585480315216,0.12879250018915242,-0.92564,-0.02485400523109253
48,-0.0033000917868614902,0.7072,-0.022217590040287657,-0.1742825857312365,0.52927,-0.02698075165435907,-0.23750529781489363,0.77238,-0.15268194395493745,0.15357025293402246,0.52355,0.05472458396169276,0.29333430512583586,0.7743,0.003812893959061009,-0.2292489714556106,1.0488,-0.23325229256439187,0.35299117935465274,0.99944,-0.08631504444655833,-0.06840721358078998,-0.036492,-0.062218019496864285,0.09076276745429655,-0.033424,-0.03107937639395758,-0.08220174258966301,-0.49829,-0.17971444909973924,0.1420153359018406,-0.53183,-0.07703970189900392,-0.11140351228581732,-0.88613,-0.08683625472338007,0.1292365390541879,-0.92694,-0.0263932837914376
49,-0.0023352579171914533,0.70508,-0.024873396058041505,-0.1732043222971379,0.52571,-0.029179923536383285,-0.23620533374268837,0.77009,-0.15648396886424243,0.15439636230705336,0.52066,0.052170229972170065,0.29443936559936074,0.77141,0.00019481900822694576,-0.22774422274569323,1.0458,-0.2390795244389616,0.35435817519108337,0.99764,-0.09130345324929107,-0.06755854064759989,-0.039012,-0.06248165419198337,0.09186406552449045,-0.035926,-0.030932912881138863,-0.08105382576157885,-0.50079,-0.18132965402661425,0.1432327841281525,-0.53371,-0.0785309496370575,-0.11100293711761837,-0.88632,-0.08766833677139119,0.12969665150493964,-0.928,-0.027735781662073987
50,-0.001275854272783641,0.7029,-0.02772576646144556,-0.17212489319439256,0.52223,-0.03132811854898022,-0.23481909235239254,0.7678,-0.16054494593975405,0.15517928315244206,0.51824,0.04980322258944904,0.2954011681101334,0.76871,-0.0030139135967545624,-0.22607671939235097,1.0425,-0.24508114360103717,0.3557813573422712,0.99576,-0.09632257195326097,-0.06677113007796152,-0.041263,-0.06255909833199277,0.09299208680055122,-0.038193,-0.03065582444624095,-0.0796974109083594,-0.50325,-0.18326349444039344,0.14437608636642352,-0.5349,-0.08000480851495742,-0.11053992430026612,-0.88692,-0.08856658179974788,0.12973517557417177,-0.928,-0.027723911696202252
51,-0.00015730989035950445,0.70079,-0.030608325821553765,-0.17093698563302515,0.51849,-0.03363082383312888,-0.23337319168378604,0.7656,-0.164656329071563,0.1559774351688686,0.51601,0.04740742264816131,0.2963720243685317,0.76583,-0.006101229441550622,-0.22437156021066487,1.0393,-0.2510659687584759,0.3571037995080252,0.99421,-0.10094312892382584,-0.0659478476261142,-0.043488,-0.06253476718980268,0.094163794126816,-0.04042,-0.030321277078029098,-0.07841162099485349,-0.50516,-0.18485438862239503,0.1455304023508715,-0.53559,-0.0814259540416534,-0.11010593477097123,-0.88751,-0.08947299069669364,0.12963843128064723,-0.92811,-0.027751124591499074
52,0.0010771323579681375,0.69877,-0.033612608986560655,-0.16950686825766814,0.51436,-0.03627059054492407,-0.23185954418350255,0.76334,-0.16897916046370465,0.15699832436099903,0.51351,0.044612232984222344,0.2978180488167189,0.76292,-0.01015572685741424,-0.22264266109723524,1.036,-0.25712784205437894,0.35843145111910923,0.99235,-0.1055932301269811,-0.06515039369261978,-0.046006,-0.062456095568780554,0.09540617688180698,-0.042953,-0.02996715973857647,-0.07713161133980752,-0.50686,-0.18635491362484885,0.14639686487681333,-0.53635,-0.08248153098870108,-0.10964071439590621,-0.88807,-0.09032616770214114,0.1295126636990653,-0.9285,-0.027786501355384935
53,0.002286098192775635,0.69634,-0.03652999593557311,-0.16819721106519217,0.51077,-0.03868789525020968,-0.2303018897832853,0.76068,-0.17343639197771468,0.15792713193419203,0.51067,0.04199373790269568,0.29919081956014065,0.75952,-0.014025132688547166,-0.22091202550202899,1.0322,-0.2631995634278121,0.35991726682619213,0.98933,-0.11010374580532498,-0.06446467968571963,-0.048572,-0.06234838623426886,0.09652314416004877,-0.045786,-0.029615863425847308,-0.07582381797633482,-0.50863,-0.18801300786778463,0.14736694549622542,-0.53661,-0.0840671676405987,-0.10920977662282545,-0.8887,-0.09110009381988893,0.12899415737584352,-0.92839,-0.0264583616064206
54,0.00361871898016866,0.69379,-0.03960734054367406,-0.16687423283163272,0.50726,-0.04112315962877886,-0.22883634104439257,0.758,-0.17788955567265446,0.15877554218494816,0.50802,0.03942808476043114,0.3004938336047371,0.75588,-0.01755651632666755,-0.21920684227795587,1.0283,-0.2690117618219088,0.3616162191906104,0.98582,-0.11490161625620601,-0.0639629414635003,-0.051084,-0.06220508321139706,0.09743155811566526,-0.048554,-0.0293429731819007,-0.07456407528947896,-0.51056,-0.18945618088683439,0.14792866438947638,-0.53668,-0.0854100272330226,-0.10871719553049584,-0.88926,-0.09182050263957356,0.1285922669332071,-0.92848,-0.025503644856741666
55,0.004920798706024811,0.69115,-0.04277638162695373,-0.16551622753478146,0.50391,-0.04369948464975815,-0.22743223615036112,0.75516,-0.18262771876045095,0.1596858450979376,0.5051,0.036626596297737964,0.3018394653638459,0.75187,-0.021214421624632183,-0.21737948643161206,1.0241,-0.2752288970633872,0.3634721459399937,0.98177,-0.11978350481504507,-0.06369698148039662,-0.05376,-0.06212975534545431,0.09811915642630983,-0.051472,-0.029015599445631694,-0.07338019103005365,-0.51249,-0.19069949020485824,0.14840522354850957,-0.5373,-0.0867882113164968,-0.1082232252527449,-0.88963,-0.09254878992128227,0.1285231068737217,-0.92898,-0.025456944897726975
56,0.0063403102805190854,0.68828,-0.04628316190091969,-0.1643135839206994,0.50088,-0.04625852535625494,-0.2260368377076,0.75224,-0.18748926822393885,0.16068356517145446,0.5022,0.033847629825305904,0.30328524046904864,0.74761,-0.024979566422003982,-0.21550757691459177,1.0198,-0.28181388413703345,0.3654762925382977,0.9771,-0.12521805138421774,-0.06357532677800443,-0.056488,-0.06209408836652611,0.0987165760352552,-0.054359,-0.028574152041236145,-0.07225132741673886,-0.51413,-0.1918611127522177,0.14883715690970525,-0.53782,-0.08831642385782938,-0.1078838481540686,-0.88999,-0.09314897587987679,0.1284333325496908,-0.92953,-0.025350923339802194
57,0.007775043409096361,0.68527,-0.04988778543878919,-0.16307474757467866,0.49778,-0.04890764983573454,-0.22465302382414565,0.749,-0.19234270609167334,0.1617785763092388,0.49907,0.030862424537871178,0.3048822613531765,0.74288,-0.02919935472186689,-0.21354070767059746,1.0153,-0.288707063764537,0.36770049767865687,0.97122,-0.13115197179939012,-0.06358146394977446,-0.05918,-0.06207080027680915,0.09914606940284898,-0.057255,-0.0280729570221139,-0.07131535753495628,-0.5148,-0.1929653592737861,0.14926735378912429,-0.53789,-0.08983478832163183,-0.10769030969842261,-0.89029,-0.09315242061298154,0.12840160480177465,-0.92989,-0.025228574044699328
58,0.00915656147584628,0.68223,-0.05334033939654909,-0.1618431545835231,0.4947,-0.051573282913286,-0.22324026056361784,0.74549,-0.19730273633046252,0.16286758367178866,0.49601,0.02802644376143559,0.3065555378296869,0.73931,-0.033678846861960064,-0.21148815596402953,1.0107,-0.2959709973746318,0.36992056287278485,0.9655,-0.13769587816591322,-0.06363704819629876,-0.06193,-0.061876500530184696,0.09947546929294564,-0.06013,-0.027522393027282866,-0.07039270869425718,-0.5152,-0.19405164612207093,0.14964486135972638,-0.53848,-0.0911695122759153,-0.10744276665952218,-0.89046,-0.09346214055727306,0.1284339274052077,-0.93013,-0.02523912152341751
59,0.010337459979485037,0.67929,-0.05647286868198343,-0.16048031118008416,0.49149,-0.05434980931469171,-0.2218309702666434,0.7419,-0.2022430704141914,0.16389566635018735,0.49301,0.025305633219266845,0.30830936123442504,0.73534,-0.03838479251241045,-0.20952711506326915,1.0062,-0.3031190613492717,0.3719888390848907,0.96027,-0.1443579374204108,-0.06375742244700243,-0.064698,-0.061452968902360364,0.09962970920378039,-0.063001,-0.02685953931046015,-0.06968260165537656,-0.51576,-0.1947387763814339,0.14999399036638486,-0.53875,-0.09245846880610151,-0.10719366078702276,-0.8908,-0.09378072377134171,0.12843050431025124,-0.93048,-0.025277295892055632
60,0.011578681099042002,0.67605,-0.05988415804707191,-0.1590824407133534,0.4883,-0.05726739635850753,-0.22039220786423946,0.73776,-0.20769607534261655,0.16502639914397418,0.48973,0.022175428058409965,0.3102454893995035,0.73093,-0.0438942890164832,-0.20735422338575515,1.0014,-0.31146859078258654,0.37433906828510793,0.95505,-0.15215832989171935,-0.06393924953910637,-0.06749,-0.06096310064601278,0.09960592964081061,-0.06587,-0.026235183216243907,-0.06901245773974629,-0.51629,-0.1953720276209461,0.15019073553550444,-0.53848,-0.09397738004064687,-0.10705839242426607,-0.8908,-0.09374164091017316,0.12819841417534028,-0.93034,-0.024652099787399653
61,0.012669191189223402,0.67278,-0.06316056900163981,-0.1580040757582381,0.48536,-0.059985433338310995,-0.2191370619289676,0.73365,-0.2130291428165166,0.1660355060862332,0.48651,0.01921670803463538,0.3117421211621986,0.72642,-0.048523733299212175,-0.20533188289445548,0.99689,-0.31936741594442225,0.37670718503144773,0.9499,-0.16046328161197063,-0.06418762715955335,-0.070111,-0.06040677919427727,0.09946236044528345,-0.068649,-0.025564931109872218,-0.06845639889302031,-0.5169,-0.19576138421711184,0.15038514936733038,-0.53854,-0.0955982450140468,-0.10696941243013963,-0.89104,-0.09372798218968917,0.12793779765451796,-0.93048,-0.02421064873793385
62,0.013734440549527337,0.66967,-0.06688111382738404,-0.15694451289108483,0.48268,-0.06294236460747332,-0.21804583630576746,0.72933,-0.21823879987233816,0.16704059686184178,0.48346,0.015704887775455457,0.3133373111788247,0.7222,-0.05382730462529583,-0.20321691401347536,0.99267,-0.3276763873989698,0.379172568799668,0.94547,-0.16914709891056665,-0.06459993230478815,-0.072589,-0.059778835353465926,0.09928269585077279,-0.071128,-0.024937598954248647,-0.0680196345605286,-0.51775,-0.1958773019373407,0.1503444230918542,-0.53832,-0.09686455515397534,-0.10680397915306578,-0.89163,-0.09380238535384636,0.1278217045022885,-0.93053,-0.02424330421229002
63,0.014793897630177877,0.66676,-0.07059760285525152,-0.15591885950335055,0.47992,-0.06605251189148244,-0.21713649066792262,0.72496,-0.22333836755116473,0.1680367078008086,0.4804,0.012186406995733815,0.31500600424320074,0.71816,-0.05960532015460199,-0.20118301300525585,0.98859,-0.3357559509199011,0.3815968478183781,0.94119,-0.17765538729539718,-0.0651845289382032,-0.075175,-0.05923915046744466,0.09909602584360375,-0.073622,-0.024282054670143053,-0.06766222566140775,-0.51851,-0.19594628656482554,0.1501791447720398,-0.53795,-0.09817313571206081,-0.10664936193160415,-0.89212,-0.09375785991361844,0.12776365792617375,-0.93079,-0.024259631949468112
64,0.015845017194061704,0.66395,-0.07428408378730862,-0.15498049949656295,0.47729,-0.0691282954498073,-0.21641713661118656,0.72074,-0.2283394304123031,0.16905187017072187,0.47751,0.008617467886879185,0.31668915997492003,0.7141,-0.06552294525110655,-0.19939069934547626,0.98137,-0.3440202725342241,0.3838079901797528,0.9326,-0.18587632090769055,-0.06575958213456268,-0.077483,-0.058805418036841695,0.09894878599395861,-0.075898,-0.023763748364300195,-0.06733899962707737,-0.51955,-0.19605176135200741,0.1500063256696018,-0.53774,-0.09955412577641051,-0.10629470557711608,-0.89281,-0.09404158490409552,0.12773463463811638,-0.93124,-0.024267795818057162
65,0.01689121512341917,0.66128,-0.07795417028391986,-0.15401872102817732,0.47474,-0.0725096548181309,-0.21576150965183138,0.71633,-0.2333821928784685,0.1701626868603197,0.47447,0.004736396993155284,0.318374052188416,0.70985,-0.07145041842514122,-0.1978022210362448,0.97434,-0.3517620511839339,0.3856276609891512,0.92442,-0.19320162623548565,-0.06639368594869947,-0.079723,-0.058526288402268145,0.09871891241329941,-0.0782,-0.02344482025811492,-0.06708704147275141,-0.52047,-0.19627134525048054,0.14974197171896925,-0.53779,-0.10099187296864735,-0.10592087401210075,-0.89366,-0.09431888250776023,0.1279015345792413,-0.93214,-0.025041569305359807
66,0.017798940303360645,0.65869,-0.08179489469445757,-0.15311414672122795,0.47249,-0.0756817686753572,-0.21512614966066626,0.71201,-0.23836760336122984,0.171142849776974,0.4714,0.0006748971892877771,0.32005026199302855,0.70594,-0.0773286512115253,-0.19647840302451897,0.96744,-0.3589818576821602,0.38717396504977364,0.91769,-0.20012834578748878,-0.06709652202268215,-0.0819,-0.05845627088225632,0.09844220788132868,-0.080508,-0.023303725956363035,-0.06687419022198099,-0.52139,-0.19652828754953902,0.14945214135481658,-0.53806,-0.10234272394488979,-0.10536635038894093,-0.89465,-0.09533299717157184,0.12819626183769314,-0.93311,-0.02596441048515482
67,0.018643646783648354,0.65612,-0.08599806860974586,-0.15212532900572318,0.47003,-0.07915888752945233,-0.21455622920627176,0.70781,-0.24321223860814603,0.17198089814095865,0.46837,-0.003502034213024526,0.3216957378540171,0.70204,-0.0834356970760087,-0.19540425991459942,0.96016,-0.3662253800697429,0.3884816319971535,0.9106,-0.2068534411143024,-0.06790887666052996,-0.084088,-0.05862895829455723,0.09806746239488974,-0.082822,-0.02334949516428322,-0.06677627607174805,-0.52233,-0.19683595915886326,0.1491072663021664,-0.5387,-0.10378451491380988,-0.10479984504152212,-0.89575,-0.0964150635703413,0.12836370676573805,-0.93385,-0.02656851163237442
68,0.01933864084732992,0.65358,-0.09038300113504742,-0.1511556865007456,0.4676,-0.08264243377035983,-0.21417282736943266,0.70391,-0.2479780651924343,0.17263758924794395,0.46526,-0.007974954711983388,0.32326528316041414,0.69831,-0.0898607595294925,-0.19445519157737415,0.95304,-0.37310509440184103,0.3895436197346363,0.90313,-0.21402802695917428,-0.0688147976518687,-0.08631,-0.05888719298907333,0.09749997278270926,-0.085128,-0.023511499917507454,-0.06665729100646571,-0.52328,-0.1972516123246635,0.148816222184593,-0.53894,-0.10553159628616374,-0.10423467901092773,-0.89697,-0.09754712203078501,0.1285387423450034,-0.93461,-0.027158073797028198
69,0.019757977076584138,0.65085,-0.09459822285244673,-0.15042755743322409,0.46467,-0.08619598186501541,-0.21406686010043968,0.69982,-0.252437411662255,0.17305435379345915,0.46182,-0.012354113571125345,0.3245371028883879,0.69451,-0.09609461664844676,-0.1939161252785387,0.94564,-0.379041676543567,0.3903201334356805,0.89515,-0.22038983695885916,-0.06977778041156917,-0.089077,-0.059161581772589844,0.0968211404088867,-0.08794,-0.02370430709644652,-0.06648388015058976,-0.52445,-0.19786075407751286,0.148517661326783,-0.53918,-0.10717846040143976,-0.10372815619578789,-0.89821,-0.09840418599440894,0.12869790202911716,-0.93541,-0.02777277469580158
70,0.020136831021877893,0.64771,-0.09915973517711882,-0.14971326856749614,0.46112,-0.09013173991351091,-0.21375130126482564,0.69404,-0.25768229703957884,0.17331761870138557,0.45811,-0.017072074527752105,0.3257422452837833,0.69043,-0.10275655569100942,-0.19342865474703436,0.93751,-0.385261521596373,0.39076293008457336,0.88675,-0.22710496399620766,-0.0709883591034214,-0.092285,-0.059506029491167414,0.09589685536659606,-0.091086,-0.02396781072184431,-0.06622784580107033,-0.52572,-0.19875995506275818,0.14820568325834155,-0.53961,-0.10949787189680049,-0.10348860097306015,-0.8983,-0.09866860478206192,0.12889223659849053,-0.93582,-0.028299023757697623
71,0.020478585526525525,0.64413,-0.10390244251139036,-0.1492074260744836,0.45742,-0.09420985704918305,-0.2133002728082444,0.68803,-0.2635227057009102,0.17325577327123717,0.45414,-0.021904225098954316,0.32669542952485287,0.68571,-0.10919891083509892,-0.19297370272570485,0.9285,-0.39204558517643234,0.3910892862848815,0.87813,-0.23385077689240635,-0.07234848618065692,-0.095544,-0.06010227133284808,0.09474413036877129,-0.094411,-0.024433047306164447,-0.06605689068248448,-0.52691,-0.19994832299712417,0.1480315301905479,-0.53924,-0.11213822617397204,-0.10343973192415186,-0.8983,-0.09883057952101462,0.1291317437364443,-0.93635,-0.02890869607203476
72,0.020818631779845095,0.64012,-0.10884853637883803,-0.14872053349140085,0.45289,-0.09875638095350149,-0.21294365730789416,0.68133,-0.26928837351868373,0.17326792600716184,0.44971,-0.02698327700959764,0.3276068420337344,0.68045,-0.11609541917183384,-0.19244527169901232,0.91849,-0.3994767197230564,0.39140750684704906,0.86938,-0.24078080111125388,-0.07379325204757722,-0.099174,-0.06073679208883805,0.09350635018239993,-0.098166,-0.025014824076263164,-0.06599104862929298,-0.52788,-0.2013583105233213,0.1479639454514219,-0.53965,-0.11492225783741217,-0.10338947368982224,-0.8983,-0.09900043272199145,0.12936242064354694,-0.93736,-0.029698640478008725
73,0.021187346191734818,0.63562,-0.11425667151790997,-0.1480952709207504,0.44802,-0.10345417529954769,-0.21253665979363348,0.67381,-0.27516700882148876,0.17328499076065812,0.44502,-0.03214777406102365,0.3284857841172151,0.67487,-0.12321089250913804,-0.1918739032714849,0.91121,-0.4064027242076077,0.39205634997184863,0.86473,-0.2487796511910717,-0.07529680414344239,-0.10306,-0.061291305474627286,0.09213642730046988,-0.10225,-0.025653410247084656,-0.06600702193482405,-0.52833,-0.2029147297642427,0.1479525470270532,-0.53929,-0.11773699940208944,-0.1033985514798349,-0.89799,-0.09929447624551897,0.12959848064415727,-0.93809,-0.030519113924326075
74,0.02176606197680711,0.63053,-0.12000348559530173,-0.14731368047307153,0.44278,-0.10788679499585564,-0.21232721868549215,0.66518,-0.2811921755762119,0.17344002833676989,0.43928,-0.03740370141497304,0.3295199400614972,0.66857,-0.13057316264021213,-0.19113635532175327,0.90272,-0.41386806566140916,0.39297384908606314,0.8594,-0.2577262480510747,-0.07684409456234711,-0.1073,-0.0618626699463663,0.0906890470939298,-0.10673,-0.026342209592116278,-0.06607736457005159,-0.52869,-0.20470412963952753,0.14819134623284677,-0.53953,-0.12093410355105179,-0.1031098021704076,-0.89866,-0.10029859020135529,0.12996011053578485,-0.93878,-0.03147585256234661
75,0.022447459132370635,0.62464,-0.12593527949903693,-0.1462783196944832,0.43629,-0.11283721447890564,-0.2119138941420287,0.65638,-0.28739463176886415,0.17366524203522313,0.43341,-0.04248174028741475,0.3306600694789302,0.66118,-0.1381909119739395,-0.19003048089627178,0.89338,-0.42204018544485983,0.394235291803993,0.85318,-0.26775963044533146,-0.07842688552471849,-0.11221,-0.06236515255246875,0.0893775108717537,-0.11176,-0.027018225670268327,-0.06619580596666991,-0.52937,-0.20662386181761044,0.14866124176925932,-0.54016,-0.12440524143146792,-0.10285980044698705,-0.89914,-0.10125571879161196,0.1305102190435191,-0.93925,-0.032580103271976635
76,0.023291896337924077,0.61823,-0.13207187316375657,-0.14523762569098417,0.42963,-0.11776029247860065,-0.21110617185377845,0.64765,-0.2942789606907754,0.17396725452915626,0.42752,-0.04724668660962114,0.3319594805762347,0.65322,-0.1459633524401124,-0.18840270644646784,0.88351,-0.4304655252208312,0.39569362394536434,0.84605,-0.2782761634940811,-0.07989062169888528,-0.11755,-0.0627826707106794,0.08821671452981758,-0.1172,-0.027621968042930458,-0.06632706971840277,-0.53026,-0.2091043395593935,0.14921218113604545,-0.54074,-0.12827841400884232,-0.10270259897760156,-0.89928,-0.1022048403317864,0.131141369597804,-0.93968,-0.033683264628182455
77,0.024332495335282325,0.61118,-0.13850896899391918,-0.14398617623604018,0.42219,-0.12301480846598907,-0.2097418199056723,0.63899,-0.3016134711558098,0.17461060412031693,0.42052,-0.05268052229940358,0.33338051752506703,0.64433,-0.15390727804336757,-0.1860788610663185,0.87381,-0.44053497121597707,0.39723131152010666,0.83593,-0.2888396296355748,-0.08135650113673573,-0.12353,-0.06319955135749238,0.08705943202349266,-0.12342,-0.02795194107297129,-0.06652034812812681,-0.53096,-0.21180899174707576,0.14983840811713223,-0.54133,-0.13229062534028524,-0.10261190297643964,-0.89933,-0.10317990455293966,0.13181486448122973,-0.94008,-0.0347962217890828
78,0.02565376873031067,0.6029,-0.14528243646749506,-0.14250097764303826,0.41481,-0.1282128767744422,-0.20769571544024212,0.63031,-0.3094167176927678,0.17527677374991293,0.41411,-0.05772548751480437,0.3350703066328622,0.63466,-0.1621084433734397,-0.1829968339282847,0.86461,-0.45133384193102977,0.3988211416329229,0.82522,-0.29935328457628796,-0.08271202262069714,-0.12938,-0.06358580322676817,0.0860723500144999,-0.12955,-0.028233625484188514,-0.06687583441053291,-0.53158,-0.2145727083575518,0.15079356926384826,-0.54258,-0.1370165609284841,-0.1030865947388237,-0.89866,-0.10336717903258037,0.13280054939424485,-0.94041,-0.03664311790209359
79,0.02709760051178425,0.5942,-0.15218660758261138,-0.1410523190783303,0.40729,-0.13331889169440655,-0.2053988184891328,0.62244,-0.3174905249976262,0.17640694643350735,0.40648,-0.06321361203099904,0.3368852185981255,0.62395,-0.17032816323231226,-0.17971563411428987,0.85273,-0.4628591630884049,0.40081533777999107,0.81385,-0.309683941947773,-0.08383123770829382,-0.13554,-0.06385524633337135,0.08541385130713527,-0.13618,-0.028420816435890547,-0.06722789581415964,-0.53221,-0.21770137464977227,0.15189354942309272,-0.54407,-0.14175757808192999,-0.1035884477440848,-0.89798,-0.10391870379277743,0.1337955614402571,-0.94063,-0.03848532311006868
80,0.028677982891525993,0.58527,-0.15899562128018915,-0.13959554891786882,0.3991,-0.13841332205506407,-0.20324840490516752,0.61447,-0.325021522369681,0.17771093559147763,0.39856,-0.06847815695681134,0.3388385744619403,0.61286,-0.1785843972932689,-0.17670656325326325,0.84112,-0.47341704131053464,0.40302212381365177,0.80183,-0.3200685023814957,-0.0847753420648097,-0.14221,-0.06375872191155109,0.08501482811474896,-0.1432,-0.028507421816426855,-0.06756492373731324,-0.53324,-0.22103047545614848,0.1528209509037691,-0.5457,-0.1461533176663048,-0.10424831702337695,-0.89713,-0.10438030159849844,0.1348133454399307,-0.94083,-0.04028391137034628
81,0.030313124553200285,0.57579,-0.16568328251161057,-0.1381543830510104,0.39053,-0.1432464929546084,-0.20090402809057117,0.60616,-0.33324942595146806,0.17895216384632626,0.39038,-0.07350194252342994,0.3407160718983247,0.60069,-0.18664076765319956,-0.17360310347839253,0.82888,-0.48422228713956417,0.4050023800217326,0.78716,-0.33066562865942395,-0.08568593651109747,-0.14889,-0.06346640401201387,0.08471986648173618,-0.15024,-0.028435549463950775,-0.06732674342942349,-0.53469,-0.22451200818483757,0.15368169909425414,-0.54682,-0.15080451241094583,-0.10493859699232488,-0.89741,-0.10524530886116693,0.13575271615810564,-0.94112,-0.04192573433700118
82,0.03203865943680933,0.56586,-0.17219253672123,-0.13647046416706532,0.3815,-0.1478439288913337,-0.1984901439201341,0.59788,-0.34152599910777576,0.18019984112613555,0.38117,-0.07838953921356792,0.34254147488140896,0.58791,-0.19440169568722665,-0.17011095409003396,0.81635,-0.4951011562282786,0.4068865829613537,0.77231,-0.34048765896289607,-0.08656463134511436,-0.15617,-0.06289429616495,0.08463197405721104,-0.15786,-0.02812712618060289,-0.06666286061999291,-0.53656,-0.22850742551164369,0.1547103632887202,-0.54955,-0.15600489220236718,-0.10571701454072083,-0.89669,-0.10589840159604402,0.13681443136290608,-0.94112,-0.043570354908408326
83,0.033775722418827966,0.55592,-0.1782834333051904,-0.13458960777490475,0.37171,-0.15257926195586768,-0.19574665860138987,0.58906,-0.3498866144144284,0.18168556066367048,0.37129,-0.08359056194528011,0.3439933419434134,0.57338,-0.20142630115901414,-0.1654464569167829,0.80522,-0.5068699695125793,0.40881531552926437,0.75649,-0.350850167861878,-0.08679634773704431,-0.164,-0.06208118023612376,0.08449324537251027,-0.16584,-0.027639812778323412,-0.06562239548473717,-0.53644,-0.23216227602873973,0.15502076076377824,-0.54955,-0.1608749798204165,-0.10635887249430959,-0.89669,-0.10680767293476247,0.13774650885761902,-0.94142,-0.04517081594943671
84,0.0354309135812268,0.54648,-0.18409429238246264,-0.13247525158767076,0.36228,-0.15696879472297456,-0.19255537116159005,0.57957,-0.3581378073267639,0.18320370254183221,0.36142,-0.08891787320310723,0.3453253677204407,0.55955,-0.20794401604456522,-0.16061849003265505,0.79383,-0.5178382344512906,0.4103791945849786,0.74073,-0.36052559458627104,-0.08704728680385969,-0.17229,-0.061199358494077316,0.08435758527369452,-0.17467,-0.027164143420902415,-0.0645037646271443,-0.53586,-0.2360876632713492,0.15534095823159239,-0.54958,-0.16608858448337335,-0.10647470381679419,-0.89669,-0.10995154938028819,0.13871852543319535,-0.94171,-0.0469977827736579
85,0.03708014362427197,0.53732,-0.18986558550143667,-0.12996585471535904,0.35332,-0.16158314487627157,-0.18919088614531823,0.57003,-0.3664498492284438,0.18477974317414092,0.35131,-0.09445836920304368,0.3469898487114246,0.54633,-0.21484989781524838,-0.15535095283515998,0.7824,-0.5295717953717021,0.41195344444657883,0.72596,-0.37060536330252897,-0.08847429402343361,-0.18018,-0.05619309937220957,0.08314746889351265,-0.18314,-0.0221094863260625,-0.06353625576889564,-0.53524,-0.2395015212955222,0.1553946627505764,-0.54995,-0.17146087597068496,-0.1062375858727116,-0.89901,-0.11440604812656639,0.1405873137033526,-0.94212,-0.048958051990200036
86,0.03892477959703668,0.52832,-0.1955414976860976,-0.12761747600469564,0.34342,-0.16603295581959301,-0.18567972542280645,0.55754,-0.3739236869561906,0.18651347325886652,0.34216,-0.09910794767784303,0.3485547073008475,0.5336,-0.2216514945097834,-0.15013365339725337,0.76888,-0.5401566282270295,0.41409878663537825,0.71403,-0.3812749231291084,-0.09005425946132217,-0.19087,-0.050549721906978526,0.08194208312701724,-0.19372,-0.015947180089438885,-0.059642167853126676,-0.53524,-0.2509898536072314,0.15649299018927648,-0.55111,-0.18390927252756728,-0.10466093254665684,-0.90284,-0.1238659828139435,0.14423858089520877,-0.94289,-0.05659300823720463
87,0.04093478695708484,0.51989,-0.2013202558928884,-0.12522680283348833,0.33306,-0.17043469204391057,-0.18221368918410108,0.54482,-0.380968847904812,0.18825588575247548,0.33294,-0.10380676654029299,0.3499741760646121,0.52115,-0.22837718469211382,-0.14495738658169594,0.75299,-0.5500480518785652,0.4161039244014624,0.70242,-0.39207074743941567,-0.09136160920404274,-0.20153,-0.04487452176511494,0.08070454600102775,-0.20411,-0.009792573858184307,-0.055592817991782326,-0.536,-0.26237972918602637,0.15715522027816273,-0.55327,-0.19561206925780972,-0.10273212785158521,-0.90714,-0.13371061142289922,0.14787947549735603,-0.94397,-0.0634204984419618
88,0.04310173209552625,0.51035,-0.2061980748488343,-0.12262929599176146,0.32213,-0.17462733538757602,-0.17888607280156027,0.53059,-0.3878048678880074,0.19022837316237853,0.323,-0.10779483542357146,0.35138320189532973,0.50899,-0.23521641317260564,-0.14006947191061359,0.73876,-0.558995201713469,0.4179087478653256,0.69068,-0.4020184714134858,-0.09248408126185233,-0.21246,-0.0389981618816976,0.07966468906073836,-0.21473,-0.0034345504590663108,-0.0511287396664233,-0.53769,-0.2732192264393615,0.15766109487998775,-0.556,-0.20694641930036745,-0.10036655882402185,-0.91204,-0.14367115775208383,0.15170964304551438,-0.94561,-0.07051518099673722
89,0.04535782847203307,0.50099,-0.2110804825683834,-0.11988870661928284,0.30913,-0.17882521221895845,-0.17577278278738862,0.51663,-0.3945771367314349,0.1921389420838384,0.31405,-0.11131657169938083,0.3527395865020043,0.49459,-0.24152674761689436,-0.13503795198042362,0.72249,-0.5683536635097313,0.41962672319796845,0.67309,-0.41164641827439186,-0.09361089211986494,-0.22391,-0.03307991912812075,0.0787767875379326,-0.22538,0.002988852991270526,-0.04605250087092679,-0.53957,-0.28383908635798083,0.15802329209554417,-0.55936,-0.21838733767159288,-0.09776349430947578,-0.91688,-0.15371167841254316,0.15450956487468942,-0.94561,-0.07378261940480385
90,0.04767179537223824,0.49058,-0.21596284041933564,-0.1172830641394155,0.29621,-0.182833644239975,-0.17300993170284418,0.50179,-0.40114718649415604,0.19370765831500644,0.30012,-0.11537583633550275,0.3539865967991358,0.48059,-0.24704402641344322,-0.12983271174540578,0.7052,-0.5781790527689794,0.42149663176695523,0.65779,-0.4201204516672709,-0.0947037508425777,-0.23649,-0.027118118912398098,0.07789233555670896,-0.23789,0.009640320249921777,-0.040025789817653715,-0.54138,-0.29458582609058603,0.15870343377293997,-0.55936,-0.23042206688743602,-0.09683832799654503,-0.91725,-0.15751886468240417,0.15714516744301757,-0.94539,-0.07646368320520511
91,0.05004492705284673,0.47947,-0.22070276046364995,-0.11484771708559674,0.28256,-0.18674009847974998,-0.1700842538477138,0.48513,-0.40737374325435655,0.19550583056456472,0.28656,-0.11900877957217995,0.3553250938596878,0.46616,-0.2528498016087891,-0.12446590657799667,0.68598,-0.5884024329485028,0.4234545541358093,0.64057,-0.4288632853038867,-0.09610241370054115,-0.24957,-0.021155407179490535,0.07686280079454029,-0.25075,0.016492645634306722,-0.03341423573521118,-0.54309,-0.3049349685002225,0.15913107052526693,-0.56279,-0.24200376049450656,-0.09587027236755347,-0.91795,-0.16116617441687664,0.1596508090472899,-0.94352,-0.07892599109637949
92,0.05244492976128989,0.46705,-0.22508254310659762,-0.11217832346596159,0.26809,-0.19053420413239744,-0.16713942660826603,0.4672,-0.4133633753407044,0.1972084963164062,0.2735,-0.12210007854470038,0.35654251183945496,0.4516,-0.2587175433773522,-0.11989136986371457,0.66503,-0.597242371514448,0.4250946282123719,0.62167,-0.43632180104251644,-0.0971980832126068,-0.26283,-0.014578754054965129,0.07575369491535805,-0.26391,0.023922934198606458,-0.026111889192835358,-0.54423,-0.31531461955288576,0.16019707179288817,-0.56559,-0.25363536147190563,-0.0948749798008781,-0.91878,-0.16473760168153162,0.16225842843280375,-0.94144,-0.08121800356150535
93,0.05479328024150468,0.45342,-0.22931911943921277,-0.10976728715701616,0.25327,-0.1943027852867507,-0.1644344021507076,0.44902,-0.41920236007128986,0.19882945125519622,0.25873,-0.12541902492667348,0.35812368978993264,0.43572,-0.2648054638999053,-0.11500942779018802,0.64414,-0.6074801662765408,0.42678453753210194,0.60075,-0.44365983255587815,-0.09797570968904641,-0.2761,-0.00788814204535494,0.07462767846467436,-0.27675,0.031385780904307284,-0.018856371197532397,-0.54509,-0.32585484173364815,0.1612063640173962,-0.56854,-0.26483017407442594,-0.09451198298239324,-0.91983,-0.1662779695953009,0.16475262973209123,-0.93915,-0.08263643927687377
94,0.057166688952554875,0.43816,-0.2333177292089091,-0.10762961759684661,0.23689,-0.19767278066531202,-0.16206352130410845,0.42915,-0.42429807631252914,0.2003397700462484,0.24256,-0.12868639958370237,0.35964009518631773,0.41833,-0.27012292708020225,-0.11048475036146038,0.61974,-0.616613215831096,0.4282688269347332,0.57876,-0.4508107265537805,-0.09765052893020913,-0.2903,-0.005188663859837964,0.07457300705359095,-0.29072,0.03439094247014865,-0.012031210002234172,-0.54543,-0.33685680954209923,0.16256264625036504,-0.57073,-0.2760348828392504,-0.09437304039787273,-0.91998,-0.16689318903436856,0.16623198035980719,-0.9365,-0.08365502737825548
95,0.05924112591325087,0.4219,-0.2369222680554328,-0.10523934694206026,0.21924,-0.20080530459927762,-0.15966314430969294,0.40757,-0.42973383663512255,0.20124764366857342,0.22478,-0.1318772247882359,0.3614414999755595,0.39957,-0.27550183410536055,-0.10632725778222282,0.59452,-0.6251611369499168,0.4297404141941849,0.55514,-0.45765923229867256,-0.09769443717893166,-0.30338,-0.002682209777734302,0.07538998659604687,-0.30402,0.03657600549606084,-0.00851014272519883,-0.54529,-0.34016565136826604,0.16282087714496202,-0.5721,-0.2811274084214223,-0.09432327728186621,-0.92039,-0.16729058509912678,0.16722723104586643,-0.93412,-0.0833678409024272
96,0.060882809899628174,0.40472,-0.23989231429899072,-0.10302745926668891,0.20139,-0.20367480854796635,-0.15737102404094777,0.38684,-0.434670817967233,0.202273051280969,0.20661,-0.13550426755451828,0.362908166298325,0.38134,-0.28024927445755726,-0.1023093507277966,0.56932,-0.6335508939727389,0.4312813645551554,0.53158,-0.46559216819813787,-0.09777205000379248,-0.31721,-0.00010554172588572719,0.0763422272885434,-0.31775,0.03874836335413895,-0.005284642174063707,-0.54529,-0.3440038600903951,0.1632233081541835,-0.57221,-0.28651944414856817,-0.0942045776231488,-0.91929,-0.16767582579144832,0.16804868929993674,-0.93139,-0.0831316072536392
97,0.06232092408769687,0.38817,-0.24292871818880435,-0.1011631083705213,0.18463,-0.2063009646240515,-0.15532208334809733,0.36547,-0.4387469487351527,0.2031432931173372,0.19102,-0.1385392600003465,0.36422375870652035,0.35769,-0.2841399320646333,-0.09810256967613443,0.54416,-0.6417448791559922,0.43286270459818427,0.50538,-0.47467556864446375,-0.09801371956191507,-0.33086,0.0020309509197081743,0.07720439801307354,-0.33115,0.04056771781156696,-0.0025546765955258705,-0.54529,-0.3483660784411884,0.16380531185385375,-0.5726,-0.2919508962282214,-0.09435056230432397,-0.91963,-0.16771172109562849,0.1687930994155428,-0.93072,-0.0829191135365947
98,0.06353301861435685,0.37054,-0.2454261822743201,-0.09924428359898607,0.16729,-0.20877535576050163,-0.15335071352206706,0.3424,-0.44244074096117425,0.20356104611567571,0.16945,-0.1420602090815431,0.3656007709171899,0.33683,-0.2879182170421948,-0.0939484058061282,0.51818,-0.6492373435397004,0.43429644369019615,0.48373,-0.4829218825007293,-0.0982484534303016,-0.34484,0.0036386138231280125,0.07834286167918997,-0.34608,0.04220224204844224,-0.00018820543545911006,-0.5476,-0.35309701864886095,0.16459569336672433,-0.57647,-0.2985641176114894,-0.0958681574117428,-0.9169,-0.16261786154810084,0.1682607867047181,-0.92744,-0.07840293781172587
99,0.06458022787551744,0.35386,-0.24724192145254456,-0.09740999966376475,0.15019,-0.21100064280827524,-0.15132365606724846,0.32103,-0.4455865378514493,0.20370892937117865,0.15329,-0.14502964177866587,0.3662681507325608,0.31615,-0.2917607037607191,-0.09046026994790805,0.4938,-0.6556591974958877,0.4356612462394973,0.46008,-0.49118035172943153,-0.09835913518115035,-0.35829,0.00502647892825497,0.07971870845348608,-0.35958,0.04336583289305172,0.0011746378905554064,-0.54934,-0.3575378292807994,0.16501891407249186,-0.57919,-0.30441958379568085,-0.09700871959214152,-0.91512,-0.158107393954531,0.16791439775593198,-0.92385,-0.07407737256586969
100,0.06548069659341761,0.33704,-0.24869767283519317,-0.09559886080477004,0.13345,-0.21303707990119986,-0.1494211746991551,0.30058,-0.44894723192322344,0.20407287547682737,0.13697,-0.1480726736930866,0.3672310690433834,0.29372,-0.29486058897257494,-0.08687182066306205,0.46963,-0.6613830276584702,0.4369855869795791,0.43712,-0.49880623670129937,-0.09844908672100473,-0.37194,0.005939733394697826,0.08121344233969365,-0.3733,0.04382638756887517,0.002475828280366285,-0.5512,-0.3621012079161379,0.16520742122976523,-0.58128,-0.31101708067341083,-0.09819906893093375,-0.91254,-0.15337215705954493,0.16751070490851577,-0.91964,-0.06942682076151949
101,0.0662824514022872,0.32161,-0.2501809844094939,-0.0941763875168762,0.1174,-0.2148272669710974,-0.14754364701622594,0.28258,-0.4526271082526447,0.20408581183971902,0.1208,-0.1508526615798435,0.3683555763289841,0.27414,-0.2981858383413638,-0.08355616731386206,0.44544,-0.6667690969922181,0.4382504848228332,0.41587,-0.504828074746791,-0.09865550096800799,-0.38525,0.006246551188565909,0.08272276988554131,-0.38659,0.04425600642244821,0.0038287231712411107,-0.55312,-0.366848400709173,0.1653762081895913,-0.58205,-0.3177906772780361,-0.09946758399206307,-0.90895,-0.1483663834390455,0.16810992110520528,-0.91914,-0.06856365452629883
102,0.06701570770545602,0.30532,-0.25144282599775414,-0.09266235533840081,0.10147,-0.21638807014976574,-0.14621704086185372,0.26469,-0.4564650525085168,0.20409939114290152,0.10587,-0.1531755941235316,0.3696070631657645,0.255,-0.30067635649977287,-0.08071990314695775,0.42064,-0.6703002307443626,0.4394470650212803,0.39608,-0.5105776395849926,-0.09870626331719973,-0.39884,0.006540197547141212,0.08423783262972939,-0.40029,0.044687651972840275,0.005489396621350048,-0.55479,-0.3715616323703693,0.16563874112297058,-0.58225,-0.32526869683263027,-0.09926424732748385,-0.90837,-0.1483102211666752,0.16875870272733665,-0.91877,-0.0682695263114255
103,0.06765871922907365,0.29021,-0.2522331754018122,-0.09133541259061079,0.084959,-0.2178092397188487,-0.1444176067741007,0.2476,-0.45935651182239834,0.2039809497462832,0.090846,-0.15509532630161452,0.37095883938678387,0.23573,-0.30264147762791915,-0.07811582885215818,0.3998,-0.6730904273444545,0.44048564942043744,0.37664,-0.5152584026046111,-0.09858443496662986,-0.41255,0.006574879718316405,0.08570156880389618,-0.41402,0.04510517013105092,0.007067426723490158,-0.55634,-0.37654329293656,0.16584563451233544,-0.58225,-0.3329494581962867,-0.09912984720561548,-0.90804,-0.14826621426674158,0.16941621662694825,-0.91871,-0.06808250900790112
104,0.06837134265420321,0.2753,-0.2531534100751194,-0.09028419197127717,0.071169,-0.21910640401433631,-0.14275942256577484,0.23265,-0.4615620786727247,0.20358212354662134,0.07734,-0.15709496068381124,0.3719168127185333,0.21731,-0.3038129242104217,-0.07545844635063775,0.38102,-0.6757798358743385,0.4412046971303004,0.35599,-0.5182997461220291,-0.09824878436255297,-0.42464,0.006669603907322259,0.08670991577343273,-0.42617,0.04459247881161352,0.00845219718424891,-0.55766,-0.3811833225454106,0.1660619253780355,-0.58225,-0.3397045243144986,-0.09912984720561548,-0.90804,-0.14826621426674158,0.16989959079821568,-0.91871,-0.06794447491591105
105,0.06908414694022652,0.26107,-0.2540228415271768,-0.08932738430817458,0.058419,-0.22032882746626617,-0.1413479630240579,0.21501,-0.4634049790938262,0.20326389057613806,0.063846,-0.15857267099929848,0.3726326759734868,0.19796,-0.30476305041267454,-0.07299854812807573,0.36421,-0.6780978955661143,0.4413892869269833,0.33591,-0.5197497208138637,-0.09799070284147338,-0.43567,0.006743542587843671,0.08770701586306302,-0.43773,0.04401687876708672,0.009573163567196938,-0.5585,-0.38539261742321385,0.1661791886976914,-0.58225,-0.34624350354017774,-0.09870716706643301,-0.90919,-0.14968436147346614,0.1700929057370871,-0.91871,-0.06788906431756439
106,0.0698669008071623,0.24699,-0.2550931785693262,-0.08818179881738394,0.0444,-0.2220459861319957,-0.1410253318452444,0.20026,-0.4636222556973928,0.20289460860906658,0.048758,-0.1605670959361652,0.37290839810194326,0.18377,-0.30488705568626984,-0.07079641236068653,0.3489,-0.6802786289432113,0.4411859502624041,0.31922,-0.519805883086234,-0.09767919957146276,-0.44686,0.006485717622464648,0.08911397435717704,-0.45058,0.041882772678852015,0.010717375383981147,-0.55907,-0.3894861165765461,0.16676489958062707,-0.58182,-0.35417225140863784,-0.09829259852300401,-0.91054,-0.15111409323949754,0.17018823680280337,-0.91871,-0.06802659972358556
107,0.07022340121375273,0.23406,-0.25503031792901076,-0.08738836469561018,0.03233,-0.22337845087614658,-0.14066444998257022,0.18786,-0.4637109364799379,0.2023875978108953,0.038542,-0.1615500710378528,0.3729576144472068,0.17017,-0.3050510000407286,-0.0687529874600391,0.33686,-0.6823654961348204,0.44101215783041525,0.30393,-0.5198568359132741,-0.09713969081528229,-0.45811,0.005389752156765747,0.08979279579578879,-0.46218,0.03950147146848801,0.011864203944623827,-0.55907,-0.3935080744645024,0.16823013576848894,-0.58093,-0.3608695630270247,-0.09768744354294932,-0.91183,-0.1525305280068324,0.1704874753462287,-0.91872,-0.06816879780419383
108,0.07070886335121376,0.22078,-0.2552899629041051,-0.08663142073353344,0.020489,-0.22467673275550698,-0.139417337311733,0.17538,-0.46433384095595104,0.20206018374555976,0.028017,-0.16239983572870578,0.37280128300253257,0.15657,-0.3045099265897018,-0.06668922346404055,0.32601,-0.6839918350198073,0.44040640799484365,0.29122,-0.518552202962324,-0.09652956130744988,-0.46929,0.004336701833337571,0.09053131195587588,-0.47363,0.03690831762012301,0.012977392223157316,-0.55923,-0.39741411284840694,0.16994450008741435,-0.57981,-0.3673097070457556,-0.09697108160202686,-0.91329,-0.15405935944606883,0.17083531133701377,-0.9193,-0.0687593688189876
109,0.07107865656843905,0.20877,-0.25503182732636703,-0.08598682535858432,0.009193,-0.22574096806905103,-0.13811927181385547,0.16277,-0.46513053786395314,0.2016326005079203,0.018774,-0.1629118636331112,0.3719948822713224,0.1453,-0.30477396798930345,-0.06523187628629142,0.31798,-0.6849432230602548,0.4405998965818928,0.27929,-0.5184977771717304,-0.09608875924758391,-0.47976,0.003264964204989146,0.09122970336572842,-0.4839,0.034456340981032785,0.014208311018918958,-0.55923,-0.40076121606137194,0.17159176051495348,-0.5781,-0.373081347461085,-0.09605830488124487,-0.91498,-0.15532000953947245,0.17112162957195373,-0.92011,-0.06974969546628176
110,0.0714139574719219,0.19585,-0.2549523961981894,-0.08548295713470637,-0.001487,-0.22652538939268144,-0.1367308371364302,0.15088,-0.4659214545134952,0.2014084020196341,0.006914,-0.1630224757384621,0.37136517612252445,0.13418,-0.30494592776996765,-0.06375014623650793,0.31133,-0.6855146038960978,0.44039737115431327,0.26817,-0.5168884967576373,-0.0956143901961768,-0.49078,0.0023829375596619573,0.09207597756551697,-0.49568,0.03194311337916855,0.015463845820444286,-0.55932,-0.40371811669584695,0.173000978684767,-0.57539,-0.37853956183484017,-0.09477943685245867,-0.91702,-0.15669888464801146,0.17138820178323655,-0.92092,-0.07068562455343089
111,0.07162667175851092,0.18501,-0.254529026817765,-0.0852229354694009,-0.011547,-0.22707864225853192,-0.1354969974219024,0.14041,-0.4661811457895407,0.2013215058036396,-0.004411,-0.16304795215198226,0.37088319113667845,0.12405,-0.3050918403239819,-0.062108491566561924,0.30605,-0.6857836205213174,0.4402371642296648,0.25855,-0.5150585148611981,-0.0952224974368612,-0.50066,0.001600095899301445,0.09275533437409392,-0.50628,0.029662433803550763,0.01666546918360865,-0.55966,-0.40611588446881774,0.17435641400427773,-0.57258,-0.38334723227847733,-0.0933482090285205,-0.91844,-0.1580204318155334,0.17158975566508805,-0.92175,-0.07136799178059716
112,0.0717783561948618,0.17534,-0.2543296582350622,-0.08508741776365976,-0.019925,-0.22732891201585523,-0.13433085645427778,0.1314,-0.4658841352785692,0.20133135388116974,-0.013823,-0.16304621567020558,0.3700993887109519,0.1165,-0.305311279968133,-0.06043603082583089,0.30188,-0.6853059437784114,0.4399935821373491,0.25094,-0.5129284520066554,-0.09462698741487882,-0.51025,0.0008084786851641178,0.09347462367123395,-0.51615,0.02752384714245428,0.018027535707229814,-0.55949,-0.40823150513075857,0.1758260546046277,-0.56958,-0.3875356635487507,-0.09211622600770437,-0.91946,-0.1591334088307591,0.17187349321974998,-0.92258,-0.07217091954825404
113,0.07173289403165484,0.16827,-0.2538299611350941,-0.08505787353106939,-0.02732,-0.2273237025705252,-0.1332845327292434,0.12602,-0.46490760741801934,0.20131165772610954,-0.022357,-0.1630496886337589,0.3692015493010951,0.11199,-0.30494157144225364,-0.05898486642296259,0.2997,-0.6848977503489592,0.43964514415575556,0.24852,-0.5108371866067162,-0.09396517201947628,-0.51801,-0.00014610047991763311,0.09448371983313103,-0.5241,0.02531958719044214,0.019405592288628537,-0.55863,-0.4103341520479712,0.1771758298776135,-0.56695,-0.39138983099612973,-0.09100004049518219,-0.91954,-0.15982001636176613,0.1722221475828265,-0.92258,-0.07270854407811451
114,0.0718206182368955,0.16349,-0.2536824875313038,-0.08505787353106939,-0.033934,-0.2273237025705252,-0.13317189563347193,0.12411,-0.4630701328237308,0.20158050605462022,-0.030243,-0.1626164213072075,0.3690428624767403,0.10994,-0.3046750784934234,-0.05765999054620924,0.29921,-0.6845219792601337,0.43901924756392874,0.24852,-0.5086120678556514,-0.09324855228202168,-0.52513,-0.0010717230552098021,0.09548566578505645,-0.53135,0.023351676290675524,0.020676200279277752,-0.55766,-0.41237451092182115,0.1785992284102842,-0.56444,-0.39485530883002085,-0.09008543112307556,-0.91928,-0.1604000074793315,0.17254299419508937,-0.9225,-0.07326122613083512
115,0.07165236036545235,0.16105,-0.2526764207896323,-0.08512681007378024,-0.037969,-0.2273358579429619,-0.1327475930202899,0.12411,-0.4611573946575285,0.20142938405527602,-0.035656,-0.16210489208877102,0.3681062256122799,0.10994,-0.304200514078266,-0.056742929624874136,0.29921,-0.6841368828221343,0.43822369848634435,0.24852,-0.5058279159802764,-0.09256673368684566,-0.53034,-0.0018978776432090408,0.09571156228730018,-0.53539,0.023176237497148984,0.021678807784987847,-0.55689,-0.414167651794562,0.179554918489514,-0.56227,-0.3957834556246938,-0.08908045257142118,-0.91944,-0.16097421833843698,0.17272656257744737,-0.9225,-0.0737264171120444
116,0.07132025430909841,0.16059,-0.2510290633398562,-0.08514824271061713,-0.038605,-0.22732948282898507,-0.1325179206204168,0.12411,-0.459177432388005,0.20121168089290153,-0.03637,-0.1613309377405746,0.3670103311103348,0.10994,-0.3033986317673209,-0.05646984518058425,0.29921,-0.6824031224908637,0.4374668987785895,0.24852,-0.5034938735208635,-0.09225880676265243,-0.53165,-0.00287830153589878,0.09576862405566192,-0.53585,0.023192391586149406,0.02226970500098001,-0.55676,-0.41522104701010676,0.18046327295957879,-0.56123,-0.3955217455623857,-0.08821622521322495,-0.91954,-0.16144124197097087,0.17297328724405636,-0.92257,-0.07408908354126922
117,0.07094045929791515,0.16059,-0.24906517822369476,-0.08525364537063805,-0.038605,-0.2271348285732892,-0.13206771503490666,0.12411,-0.458448175964807,0.20097023779878354,-0.03637,-0.1604799352539139,0.36584207518689954,0.10994,-0.3022439551470681,-0.05678926165794346,0.29921,-0.679900569171953,0.4366030320561981,0.24871,-0.5004374484381983,-0.09190464614690322,-0.53165,-0.0038099561168740137,0.09573091114600511,-0.53585,0.02318168007620835,0.022487641297083895,-0.55676,-0.4159848059844177,0.18129457929117926,-0.5609,-0.395283775431821,-0.08739139016514921,-0.91962,-0.16191521153061145,0.17325883340765588,-0.92288,-0.07438397909643
118,0.07034991123952565,0.16059,-0.24675259244350575,-0.08556457177820982,-0.038605,-0.2260625297487657,-0.131866613538073,0.1257,-0.45780346037792297,0.200684265076376,-0.03637,-0.15908845417174325,0.36474627685450234,0.11064,-0.30075156578275475,-0.05783493623852923,0.30057,-0.6762161744222666,0.4357687095663971,0.25047,-0.49737581391020325,-0.091626494184791,-0.53165,-0.004788522152445006,0.09551755515995679,-0.53585,0.0231420288061486,0.022523018060969742,-0.55676,-0.4161105735659997,0.18220293376124402,-0.56035,-0.39502206536951284,-0.08696214257289406,-0.91962,-0.16193091199376247,0.1734638825116248,-0.92305,-0.0745102916649319
119,0.06975814942771541,0.16059,-0.2448362370594282,-0.08598901244155593,-0.038605,-0.22480716122785308,-0.13206338274957957,0.12835,-0.4564571759067197,0.20102452553921302,-0.03637,-0.1575053171538481,0.3640774188194538,0.11384,-0.29920420385710483,-0.05901493881382243,0.30431,-0.6720579062824874,0.435018903870523,0.2546,-0.4947359102342266,-0.09145325697709272,-0.53165,-0.005396679097541338,0.0949111377212916,-0.53585,0.023396592923971133,0.022427258575198214,-0.55676,-0.41613761281311884,0.18249085934691114,-0.56026,-0.3948697536591349,-0.08696214257289406,-0.91962,-0.16193091199376247,0.17384562619800603,-0.92312,-0.07454452261449634
120,0.06904248269991939,0.16526,-0.2428909581244871,-0.08648640938190916,-0.035807,-0.22331080021401745,-0.1324936036713856,0.1365,-0.4551114382062593,0.20115512230826804,-0.034114,-0.15565452151847603,0.3634022577975895,0.11951,-0.29716039427826557,-0.06032232345671629,0.30962,-0.6674651570627363,0.4342911737517766,0.26026,-0.491645326329158,-0.09142935123030346,-0.53006,-0.005946886799478024,0.094121213169643,-0.53365,0.02372440415425889,0.02213407127136551,-0.55741,-0.41621977244354225,0.18259697707438388,-0.56026,-0.39408947228173574,-0.08696214257289406,-0.91897,-0.16193091199376247,0.1743403373694187,-0.92286,-0.07452837155015041
121,0.0682663245165049,0.1722,-0.24063140894947035,-0.08724156877743523,-0.030824,-0.22167711288550299,-0.13255785349712237,0.14721,-0.45474705933764475,0.2013170238340771,-0.030644,-0.153635737751962,0.3626408675424086,0.12818,-0.29451237900653554,-0.06164766777289378,0.31725,-0.6628857288840686,0.43362262826775894,0.26935,-0.48785381648006093,-0.09179325243068155,-0.52577,-0.006324819222489574,0.0933146142048768,-0.52928,0.024532618302884147,0.02165633496548342,-0.55847,-0.41622277611498243,0.18247728004372865,-0.56026,-0.3925468211154468,-0.08726450678351741,-0.91736,-0.1617709873736,0.17471285187617366,-0.92234,-0.07427991040176478
122,0.0673520799682647,0.18257,-0.23784787775582206,-0.08826724085608775,-0.023729,-0.21994896451598353,-0.1326672758914395,0.15949,-0.45429925721658915,0.20180679002641663,-0.022323,-0.15169114805826275,0.36263101946487847,0.13925,-0.29451411548831224,-0.06322906210485443,0.32749,-0.6583514492315943,0.43412264505404957,0.28102,-0.487176702594937,-0.09262821258672914,-0.51861,-0.0065938964192436,0.0929542136555093,-0.52156,0.025165652617922127,0.020870687324247413,-0.55958,-0.4159652906128269,0.18231940445637365,-0.56113,-0.3906148854801532,-0.08729171967881422,-0.91595,-0.1616742430800754,0.17508360585876492,-0.92175,-0.0741942279391911
123,0.06653667791711326,0.19562,-0.23494537530190784,-0.08946663323956812,-0.013053,-0.21775388868347817,-0.1332810171108296,0.17393,-0.45214307500823536,0.20201743325390734,-0.008827,-0.1490849766458817,0.36263101946487847,0.15342,-0.29451411548831224,-0.06537752902971795,0.34082,-0.6534805263341581,0.43501256520724885,0.29479,-0.48617698157338657,-0.09359791535252301,-0.50855,-0.006870485547756799,0.09204785951306224,-0.51048,0.026372602148130038,0.0195987411801809,-0.56017,-0.4147984345777504,0.18175102814465988,-0.56208,-0.38716111241750384,-0.08803015719686447,-0.91425,-0.160596091869931,0.17508360585876492,-0.92088,-0.0741942279391911
124,0.06558314141636215,0.21098,-0.23186414435604621,-0.09100778214379236,0.000401,-0.21540583415791698,-0.13417802124129963,0.18979,-0.44993529703255036,0.2020983390341168,0.006067,-0.1463189046557251,0.36210888522084395,0.16914,-0.29178329586204493,-0.06774905281660797,0.35761,-0.6488418654359878,0.4350299121867863,0.31087,-0.48224422184486243,-0.09446235785137058,-0.49551,-0.007116329331868159,0.09091333763704543,-0.49678,0.028084603641365148,0.018229676456617452,-0.56017,-0.41260281375832497,0.18102353844978342,-0.56342,-0.3823442608790143,-0.08876107797467812,-0.91283,-0.15961815791686454,0.17520468493954985,-0.91999,-0.0741322613659739
125,0.06468532496290963,0.22725,-0.22883401405919265,-0.09260916113945711,0.015586,-0.21294654862910095,-0.13532177408076565,0.20967,-0.4475374793909826,0.20200780776201793,0.023149,-0.1433292049904122,0.36211276690497607,0.19018,-0.2888683370402898,-0.06988548458096974,0.37538,-0.6449030128979729,0.43552227418267625,0.33142,-0.4782987840155458,-0.09540106771360106,-0.4813,-0.007384407295436983,0.08904151381992916,-0.4823,0.029877807644727937,0.016608621160217836,-0.56007,-0.40958851305567195,0.18051746530470464,-0.56453,-0.37659479221036074,-0.0902316259815758,-0.91002,-0.15778567638642302,0.17540921131516285,-0.91943,-0.07385249546083425
126,0.06352748684415165,0.24614,-0.22525063089648859,-0.09429974364602284,0.032744,-0.2104420664893176,-0.1365066316697418,0.23019,-0.44496413283564934,0.2018541682904421,0.044211,-0.14009677635039958,0.36208018247179813,0.21273,-0.28574656859040204,-0.0718788818993538,0.39554,-0.6413146473743593,0.4359104953567401,0.35225,-0.4734172080077375,-0.09647204823903266,-0.46531,-0.007380319001625607,0.08699964213592593,-0.46527,0.03188676086122298,0.0146366522906091,-0.55958,-0.40562066127198676,0.1796675206830714,-0.56463,-0.36924065771742703,-0.09163269067501972,-0.90758,-0.1561744911938443,0.17585527695444178,-0.91943,-0.07373322498898698
127,0.06238828375747832,0.26575,-0.22179596733438675,-0.09610036744480963,0.051724,-0.2077742108082054,-0.13764224887106738,0.25008,-0.4423821038714328,0.2014862024504971,0.065083,-0.1368005965706191,0.3617274184090352,0.23459,-0.2814424359813828,-0.07352077078901186,0.41744,-0.638568031115393,0.4363856367891853,0.37362,-0.4683375288230672,-0.09762953921628414,-0.44783,-0.007127473915493071,0.0849772304485991,-0.44767,0.03345134226433495,0.012370940970301496,-0.55897,-0.40072979466032876,0.1788818980143359,-0.56454,-0.3617330218030816,-0.09293234840035196,-0.90508,-0.15433218562825965,0.17615362143076888,-0.91943,-0.07364000174378973
128,0.061235655084050364,0.28715,-0.21824212840427307,-0.09793750544568042,0.071684,-0.2052447990256448,-0.13869094581401153,0.27181,-0.4396019717303539,0.20099599186112047,0.085807,-0.1336173602334831,0.36154554462783767,0.25481,-0.2771284793372204,-0.07513713518037576,0.44072,-0.635563057545737,0.4367455755688534,0.39487,-0.46271967833779326,-0.09882382677753015,-0.42997,-0.006545010851382484,0.08274684346449292,-0.42948,0.0349284806807096,0.009682216019472542,-0.5582,-0.3947356218951518,0.1778346374104532,-0.56454,-0.3527991511286452,-0.09422448938544764,-0.90347,-0.1525900973197529,0.17605104879401046,-0.91999,-0.07392209898622294
129,0.05962933529737409,0.30941,-0.21424026562015214,-0.09988180663073579,0.092137,-0.20268351167320026,-0.1395548606211769,0.29236,-0.43689080017437293,0.20030943861904524,0.10663,-0.13018442495215374,0.36134112062593055,0.27734,-0.27251387092182433,-0.07690400267318001,0.46573,-0.6317621261779179,0.4369793700767285,0.41804,-0.4560984896130939,-0.09991599354404422,-0.41118,-0.005597265234604349,0.08043901117697022,-0.41061,0.03644171930454515,0.0059612996216923606,-0.55657,-0.3880704939773448,0.1770029650131344,-0.56454,-0.3431875476711809,-0.09549867069725976,-0.90179,-0.15083468797016267,0.17708734994064804,-0.92364,-0.07835956221801177
130,0.05805608497967711,0.33165,-0.21029349739312558,-0.101889834913172,0.11383,-0.20016392392578278,-0.14074656796771184,0.31498,-0.43358755425555084,0.19964084505025356,0.12743,-0.1267381686297409,0.36105914979959003,0.30093,-0.2673442972011881,-0.07863956540923021,0.49156,-0.6277932066789569,0.43703413866489776,0.44415,-0.4496713362461865,-0.10092543707972107,-0.39225,-0.005055319897618931,0.07826907299260173,-0.39173,0.037714246033545215,0.0014396780598160686,-0.55471,-0.38112007280656857,0.17625240857335006,-0.56396,-0.33346009862064885,-0.09638906549404098,-0.90179,-0.15108307699138734,0.17835008474331748,-0.92364,-0.08327496665896342
131,0.05629330516026845,0.35575,-0.20584197222659156,-0.10408954317371968,0.13604,-0.1971907297564628,-0.14289225295408686,0.3368,-0.429538636382928,0.19862538168493604,0.15324,-0.12241888232831355,0.36058024146503415,0.32489,-0.2620368263527431,-0.08072373442358304,0.518,-0.622941409123451,0.43677731386281743,0.46968,-0.44280156616116645,-0.10158230803904184,-0.37281,-0.004785281858074451,0.07625646370226977,-0.3713,0.038952573068083904,-0.00406694049208943,-0.55206,-0.37362238028661215,0.1755048504535372,-0.56229,-0.32300101372485124,-0.09734492386997969,-0.90179,-0.15136331754010895,0.1800332404750368,-0.92336,-0.08919259175546797
132,0.054415194100024565,0.3788,-0.20094368682806793,-0.10609119634217909,0.15581,-0.19464970937220843,-0.1449499722253686,0.36008,-0.42610377228072605,0.1976764273554878,0.17449,-0.1188799014466724,0.3603040268547666,0.35069,-0.2571302485749967,-0.08302801006476485,0.54598,-0.6179354912486297,0.4362006879051861,0.49754,-0.43619127097070887,-0.10205102363622426,-0.35426,-0.004488159511291324,0.07455070462431607,-0.35241,0.03979821836487128,-0.010118419095588659,-0.54854,-0.36601767597208473,0.17513732358071582,-0.55924,-0.3123936849377459,-0.09827297449510472,-0.90082,-0.15162850056597044,0.1813876062954487,-0.92266,-0.09336073201516414
133,0.052199723641384366,0.40431,-0.19509961464791029,-0.10844728413217497,0.18075,-0.19148069527854578,-0.1476424387940694,0.38454,-0.42160293638320345,0.1964860780166956,0.19965,-0.11414466455168638,0.3599091366281687,0.37705,-0.25166580334158667,-0.08572087914988662,0.57299,-0.612165443060755,0.43565650833056857,0.52941,-0.4295346375430242,-0.10246868666917262,-0.33391,-0.00448057064389379,0.07275050311885123,-0.33221,0.04009106566248917,-0.017368650244356326,-0.54318,-0.35786277411556683,0.17568733227281152,-0.55175,-0.3021525917129666,-0.09977285655726768,-0.89924,-0.1524514548779476,0.18280056189507243,-0.922,-0.09693974814721659
134,0.04965954365469186,0.4296,-0.1885715360917648,-0.11087749386782474,0.20445,-0.1881216655613874,-0.15070779834355913,0.4077,-0.4159087225803723,0.1953484420291073,0.22376,-0.10942044140287727,0.359035782464052,0.39897,-0.246021713290567,-0.08916086816194196,0.60282,-0.6052680032750855,0.434116152825115,0.55625,-0.4214898998271743,-0.10311669978760946,-0.3135,-0.004663881850135464,0.07089245932013662,-0.31141,0.04017062848080392,-0.025652310635882948,-0.53707,-0.3496057742658724,0.17678588307139662,-0.54371,-0.2922006378272753,-0.10163940074056474,-0.89736,-0.15309535922783185,0.1840363242263149,-0.92124,-0.10003214066122292
135,0.04708401094650047,0.4557,-0.18174506319069528,-0.11380928857483286,0.23009,-0.1842215143084282,-0.15435766743087942,0.43555,-0.41029726504730446,0.19413559055437934,0.24753,-0.10403929920997342,0.3575109591250404,0.42697,-0.23875611532585644,-0.09299468410565423,0.63385,-0.5977495157071142,0.43279057428922546,0.58683,-0.41443287201476,-0.10372566789228113,-0.29251,-0.004838277513764436,0.069202445688029,-0.29097,0.03968884126294691,-0.034759157387133324,-0.52884,-0.3423468827355326,0.17812830447094125,-0.5348,-0.2823072256360217,-0.10397522776652832,-0.89534,-0.15418756438474068,0.1857667736865831,-0.91967,-0.10328100887422534
136,0.044034897544921923,0.48311,-0.17336725849827653,-0.11680533310757774,0.2551,-0.1799569841868545,-0.15835676169440613,0.46412,-0.40408735803741874,0.1927362925892569,0.27267,-0.09806146806441529,0.35570941628563457,0.45469,-0.23020910161358332,-0.09744466877559813,0.66825,-0.588867306723012,0.43061725605290346,0.62053,-0.4049867570544352,-0.10431528713824789,-0.27113,-0.0050072305983340434,0.06739355812861053,-0.26933,0.03917289281844771,-0.04410578706594766,-0.52039,-0.33437885571203996,0.17969454588473807,-0.52509,-0.2708613622857231,-0.10649633561423957,-0.89397,-0.15463210371956804,0.18745678538001895,-0.91785,-0.1057246660670513
137,0.04090279892791239,0.50971,-0.16480100101596096,-0.12012336587884526,0.28076,-0.1750181221186454,-0.16260712308719397,0.49151,-0.3968555582593069,0.19119686232858019,0.29873,-0.0916920211125589,0.35355455640856515,0.48388,-0.22132837084915877,-0.10247787710279076,0.69995,-0.5791537433225356,0.4279185648287056,0.65682,-0.3952677259465296,-0.10462206468047387,-0.24887,-0.005340566074372496,0.06551202552495983,-0.24767,0.03863702710635242,-0.05366801751551066,-0.5113,-0.3259309773494303,0.18197669863826246,-0.51366,-0.2600203716109932,-0.10864402775280595,-0.89336,-0.1566760994333454,0.18944395183874815,-0.91454,-0.10829870364744941
138,0.03781161582339604,0.53579,-0.15568935292056393,-0.12342681577083461,0.30673,-0.16935573580092425,-0.16775337102657906,0.51886,-0.38771025716276697,0.18975241583726435,0.32381,-0.08545813995121766,0.3510690499264766,0.51289,-0.21155144098710613,-0.10903367980540724,0.73253,-0.5669670025390295,0.4251186349331051,0.69357,-0.3845714278682353,-0.10508588873482591,-0.2273,-0.006107763732479225,0.06365872125904626,-0.22662,0.0378086188145382,-0.06304708209913663,-0.50218,-0.31667907767767783,0.18460122681043456,-0.50243,-0.24904793104959236,-0.11126780440682357,-0.89238,-0.15809324306397426,0.19097042789830404,-0.91105,-0.10785692220872356
139,0.03468144602725908,0.56104,-0.14575192940904183,-0.12658080801809543,0.3328,-0.16367715033408317,-0.17339599449199256,0.54835,-0.3780533787630166,0.1882466216706352,0.35135,-0.07881875112936473,0.34863801731975574,0.54201,-0.20162274618541845,-0.11578106631658718,0.76454,-0.5536361482802528,0.4218694309009291,0.72582,-0.3720758097099651,-0.10467377709209415,-0.20343,-0.007293210902927965,0.06128822346268522,-0.20392,0.036504168663153536,-0.07129627949335215,-0.49117,-0.30554234376008477,0.18773114951093617,-0.4901,-0.23621953349226338,-0.11362732327975665,-0.89009,-0.15876314655573462,0.192024767049544,-0.90672,-0.10755931684223528
140,0.031581772852955284,0.5849,-0.1352100268192575,-0.12935196303748922,0.35798,-0.15849969923740553,-0.17840367832089105,0.5792,-0.3680814580518503,0.18697936844770058,0.37313,-0.07307149358606968,0.3464029008069255,0.57118,-0.19084716480091427,-0.12296209862835256,0.79871,-0.5385946066392712,0.4183446730370056,0.76066,-0.358247798934705,-0.10417444419557668,-0.18075,-0.009030902089087198,0.059327395454206684,-0.18292,0.03478251872162474,-0.07837997886023387,-0.48016,-0.2945656546745891,0.19080374427042074,-0.47795,-0.22323877613978238,-0.11571456894539961,-0.8877,-0.159364732402688,0.19323320247771256,-0.90188,-0.10721423161226004
141,0.028371149893900025,0.60725,-0.12437290542034407,-0.13206862013912846,0.38363,-0.15299785643775074,-0.18359431163424378,0.60792,-0.3573599177797479,0.1856428794704738,0.39583,-0.06698916827302112,0.34402648632989413,0.60024,-0.17973094447953905,-0.13039275775715028,0.83044,-0.523231527360962,0.41458772530097737,0.79268,-0.3436788510073922,-0.1037156452354395,-0.15892,-0.010653889308438302,0.05874763382530042,-0.1623,0.03302006859363588,-0.08287760548621577,-0.47252,-0.28253386948978554,0.19116367141601753,-0.4727,-0.20938581788351587,-0.11676074841611211,-0.88516,-0.15930549968318536,0.19152502093366808,-0.89554,-0.10213366906342886
142,0.02565621143580831,0.63173,-0.11484967019439411,-0.13459740061546954,0.41043,-0.14614283132456,-0.18870085471247755,0.63841,-0.34596352283265414,0.18438194792527324,0.42036,-0.06035635946842573,0.3419037664889654,0.62785,-0.16884415613416703,-0.13832143272420516,0.8623,-0.5066565156485439,0.4104318133151232,0.81997,-0.32794143077516125,-0.1032250205740153,-0.13495,-0.01211184281990648,0.05872782102595106,-0.13902,0.03134721371260706,-0.08712288927967991,-0.46684,-0.2679596399899818,0.18966674036329628,-0.47247,-0.19317954757158418,-0.11746140989388358,-0.88215,-0.15734742065169377,0.1893878081788513,-0.89294,-0.09548376518136797
143,0.022798781114420148,0.65648,-0.10482353829029412,-0.1366529265996219,0.43646,-0.13943790679638857,-0.193751307645502,0.66526,-0.33528834484016595,0.1832164970515796,0.44346,-0.054034697640946594,0.33981996431457534,0.65391,-0.15719908986136263,-0.14597609800219324,0.89087,-0.4900230343688489,0.4067369523642471,0.8476,-0.3126304281119229,-0.1017324067617935,-0.11253,-0.01689126328765827,0.060223607349313264,-0.1174,0.026054546778551735,-0.09168426084127179,-0.4626,-0.25193831390637994,0.18683594467806527,-0.47247,-0.17534008861710695,-0.11852908792443617,-0.87848,-0.15359582584107315,0.1873682496260401,-0.89105,-0.08840694504434547
144,0.0200026203692998,0.67824,-0.09493180891230121,-0.13857405246190588,0.45933,-0.13268897536828356,-0.19854901522958768,0.6888,-0.3233399348230295,0.1820995679304389,0.46428,-0.04787304093691416,0.338245810622523,0.67262,-0.1464288140917364,-0.15372855303041774,0.91868,-0.47260460903716756,0.40266691518006237,0.87127,-0.2958827477555465,-0.0995357858554735,-0.090897,-0.022899096557142194,0.06213819166215888,-0.095542,0.019336955550365437,-0.09740132423328353,-0.46212,-0.23189659276842078,0.1825979496092835,-0.47247,-0.15418460947346707,-0.12050984902264376,-0.87473,-0.14662386159332866,0.18378791814110537,-0.89026,-0.07846766305528886
145,0.017431505878612884,0.6978,-0.0859132663318296,-0.14044144712630685,0.48108,-0.1261295932962156,-0.20301188817764915,0.7102,-0.3113324844254862,0.18106335938570342,0.48384,-0.041938822550991954,0.3372217672220279,0.69218,-0.1371659130821227,-0.1616976898066919,0.94019,-0.4553970130679151,0.39942673015018765,0.89279,-0.28101959529813775,-0.09685283875886574,-0.071361,-0.028785637466437225,0.06403812763829009,-0.076135,0.012673645315459491,-0.10287634967566034,-0.46196,-0.21259407230073762,0.177713784776327,-0.47247,-0.13495052686252587,-0.12312114534487825,-0.87118,-0.13745805930888652,0.17962183397106363,-0.88998,-0.06797062234430143
146,0.015078569891722637,0.71563,-0.07633533914263063,-0.1423769359187403,0.50041,-0.11935679334830893,-0.2065248032201668,0.7304,-0.2998175581163841,0.18030411433287802,0.49935,-0.036366000379976615,0.33625628955835757,0.71037,-0.12748651470820738,-0.16974504039007715,0.96178,-0.4382641338998333,0.3964471616411352,0.9114,-0.2665978938901949,-0.09381769158805135,-0.055047,-0.034291232043909985,0.06599078417834132,-0.05963,0.006051109363379268,-0.10700230870834543,-0.46196,-0.19391678764636117,0.17237075599136403,-0.47365,-0.11622383352378994,-0.12498574829898709,-0.86869,-0.12832306309522948,0.17518419701265237,-0.88998,-0.05777633579617348
147,0.013139178629697856,0.73044,-0.067219622685172,-0.14396089402388365,0.51694,-0.11284999185132512,-0.21003729170387647,0.7477,-0.28939921733429186,0.17968765616686871,0.51355,-0.03125743665525316,0.3353034178683189,0.72613,-0.11880001164067079,-0.1764347864092092,0.98085,-0.42284149151276146,0.39357513479030126,0.92705,-0.2536499071058299,-0.09083028145684025,-0.040427,-0.03982555248168166,0.06789168154025432,-0.044699,-0.00036426725997435946,-0.10976973172784256,-0.46196,-0.1744211632698208,0.16709200107452482,-0.4756,-0.09768889229032644,-0.12631917574819612,-0.86624,-0.11897560139497651,0.16964436791694898,-0.88998,-0.047493091435058754
148,0.011555716340717821,0.74491,-0.0584006073671573,-0.14558169136890226,0.53123,-0.10590391382366227,-0.21308516001950675,0.76047,-0.27873648322288413,0.17929006504805783,0.52447,-0.02646872635891629,0.3351094430036165,0.73944,-0.10986799765994598,-0.18286964808120484,0.99682,-0.4074246774689234,0.39178282733467945,0.94314,-0.24118171822433948,-0.08796389448850822,-0.029546,-0.044604411210267,0.06992511697885534,-0.033031,-0.00637955057142707,-0.1119158006181651,-0.46189,-0.15649143130534374,0.161947574152393,-0.4792,-0.07962782444695557,-0.1276837102635945,-0.86508,-0.10962448587027646,0.16397212452413834,-0.88998,-0.03755305466989956
149,0.010580937913251645,0.75791,-0.05020029468913419,-0.14687743002826592,0.54485,-0.0983826516073431,-0.2158038537456379,0.77152,-0.26706120573481157,0.17918406303374035,0.53664,-0.019763262350142505,0.33530701181805145,0.75055,-0.10131373167369309,-0.18867330754649575,1.0082,-0.39357201935537206,0.39076777889409864,0.95618,-0.2297239096789293,-0.08502573971337128,-0.018996,-0.04900709261111126,0.07223430820525457,-0.021922,-0.012277161687796207,-0.11427331776882031,-0.46242,-0.13862944617254377,0.1565014811799943,-0.48468,-0.06221701931519932,-0.12890337589786766,-0.86388,-0.10034632243452189,0.15764373237475043,-0.89193,-0.02798054043363094
150,0.009729458145476648,0.7704,-0.04180663403331364,-0.1482128103407345,0.55761,-0.09057898269963875,-0.21793401819964214,0.78087,-0.2555563198423354,0.17918802840066003,0.54769,-0.013335928122341273,0.3350776884199118,0.75762,-0.09246918472209259,-0.19407374260379467,1.0186,-0.37941471377867786,0.3899722662672168,0.96796,-0.21835939650587735,-0.08219359625878854,-0.009076,-0.053010110903932844,0.07455984221467987,-0.011756,-0.017708856595558084,-0.1158075627049988,-0.46309,-0.12123256732960731,0.15065934216259935,-0.49107,-0.04722472954007052,-0.1297537746883417,-0.86277,-0.09126198107715534,0.1515425993889775,-0.89454,-0.020445517123121985
151,0.008649838952004872,0.77641,-0.03145687179463939,-0.14896209067174077,0.56202,-0.08333504212937128,-0.22123201201827383,0.78577,-0.2439933428566164,0.17984517003039546,0.55184,-0.00750320449795544,0.33486703976250753,0.76386,-0.08263638109631355,-0.19959380256458775,1.0265,-0.3631968767456686,0.3890633355541086,0.97722,-0.20612130658306796,-0.07954835656551999,-0.004708,-0.056788167013251026,0.07758225660762737,-0.007198,-0.022716090985648467,-0.11716527243635931,-0.46673,-0.10696761446304064,0.1442145175526074,-0.49951,-0.03388215794586717,-0.13021750707192545,-0.86216,-0.08471606011243116,0.1463929702352521,-0.89811,-0.015197004135703397
152,0.008008807047970214,0.78041,-0.022275703236225398,-0.14964504096652406,0.56625,-0.07566105001998939,-0.2245160178131441,0.79072,-0.23181864343777,0.18072695539814337,0.55611,-0.0012744553807389099,0.3347142417744763,0.76891,-0.07336201573932802,-0.20441762329832658,1.033,-0.3474147585884392,0.3884376196673064,0.98551,-0.1942800659542739,-0.0780436424460783,-0.000793,-0.05704071288780221,0.07954042568193352,-0.003388,-0.0238645054911433,-0.1178644655447016,-0.47066,-0.09488242691806448,0.13790883856916938,-0.50807,-0.02219253598629004,-0.1302720780479748,-0.86151,-0.07974196863673702,0.14162265726106643,-0.90141,-0.01077518289007216
153,0.007736414093291771,0.78307,-0.013221449314546286,-0.15004358672396756,0.5694,-0.06816030357185346,-0.22655402852105,0.79313,-0.21997257183767993,0.18209541425253437,0.55894,0.005073616481160493,0.3346784550481598,0.77292,-0.06411778947044972,-0.20887651839270804,1.0363,-0.3318018423157725,0.38776663504237585,0.9919,-0.18304590912640706,-0.07676273562185516,0.001358,-0.05667472558247784,0.08012923376832494,-0.002226,-0.023696710862504376,-0.11930695738893496,-0.4717,-0.08750787701455714,0.13454561895873812,-0.51116,-0.013945258262579578,-0.13045892527096736,-0.86047,-0.07827919144411334,0.1394580793686502,-0.90337,-0.008865038511324072
154,0.007772356085545138,0.78509,-0.004297635265990991,-0.15026032640703965,0.57167,-0.06088440274035625,-0.22844265371138836,0.79457,-0.20862818137849615,0.18366649113640693,0.56094,0.011309163083100152,0.33484766934103805,0.77598,-0.05534512929675749,-0.21309106824254803,1.0395,-0.31699879973786926,0.38693108716508273,0.99565,-0.17214539722353062,-0.07543328300269207,0.003078,-0.05629611663725808,0.080795437289536,-0.001322,-0.023507145917627988,-0.12069239289369976,-0.4717,-0.08057208510143452,0.13129256442010867,-0.51411,-0.005804468364252621,-0.1306920849049772,-0.86084,-0.07701446515551633,0.13774522537821493,-0.90521,-0.007386002606604377
155,0.008245520844617058,0.78669,0.004058477054386974,-0.15044632857884177,0.57307,-0.054185936931524736,-0.22994494466791937,0.79574,-0.197631994681194,0.1855011588186862,0.56261,0.01766226771749741,0.33534641265506265,0.77825,-0.04717439156343648,-0.21726972278820783,1.0424,-0.3023417418411412,0.38607986286702556,0.99851,-0.16150150614956726,-0.07390756102139853,0.004695,-0.055861576149158675,0.08163166765990154,-0.000458,-0.023268307546174996,-0.12196016884499031,-0.4717,-0.0744187490844979,0.12840384244914269,-0.51614,0.0016521937827444072,-0.1309423858399791,-0.86104,-0.07571011342306945,0.13615714873271542,-0.90664,-0.006326675665561637
156,0.008863401854369101,0.78727,0.012077599453863603,-0.15037464220645488,0.57393,-0.04773955367701574,-0.23097928674713952,0.79612,-0.18744687138968916,0.18735239698882775,0.56416,0.02403657185500223,0.3359286308739481,0.77949,-0.03941947583561598,-0.2211085977187704,1.0436,-0.2895540821933598,0.38520832351600426,1.0009,-0.15114551661888398,-0.07243760531093019,0.006106,-0.054460028358585155,0.08260099249465278,0.000225,-0.022793776867783735,-0.1227823653562104,-0.47168,-0.07038930571140808,0.12597074033487315,-0.51817,0.008367713874407984,-0.13102819564977938,-0.86075,-0.07458999705565843,0.1352166399559265,-0.90774,-0.005369450905757005
157,0.00945624146295662,0.78739,0.019979594024760863,-0.15009584699435413,0.57432,-0.041603927447386876,-0.23178086814112514,0.79634,-0.17806351019719444,0.189057748431165,0.56543,0.030662363691312686,0.3366144173177069,0.77972,-0.032136749288947025,-0.22449643798859387,1.0457,-0.2784029639397423,0.3845596967726876,1.0016,-0.1415930256689875,-0.07094677513514554,0.007172,-0.05249733062664324,0.08365426214679392,0.000896,-0.02185664131735439,-0.12333947857876278,-0.4713,-0.06717217191604655,0.1243278487218085,-0.51939,0.01348111275848908,-0.13103085380868712,-0.86036,-0.07371110631489983,0.134218034734426,-0.90856,-0.004370683359432092
158,0.010140215109716197,0.7877,0.027140149732982004,-0.1496290184158729,0.57476,-0.03590122667684725,-0.23243615850706245,0.79674,-0.17060397304423985,0.19058092959568013,0.56563,0.03572984779489567,0.3375906138578629,0.77977,-0.02557961696490571,-0.22691474440974818,1.0515,-0.2686040306277228,0.38428793465968214,1.0018,-0.13383231401644333,-0.06942179994197381,0.007946,-0.05035395882963488,0.08469486990739754,0.001371,-0.020744038742949902,-0.12365410681813122,-0.4707,-0.06481194945386382,0.12303621619448539,-0.52018,0.01804211499641453,-0.13103544613993617,-0.85978,-0.07299400945220016,0.13369382384755107,-0.90883,-0.0032405422416588135
159,0.011006170262847798,0.78793,0.03367175096642889,-0.14902905333754093,0.57498,-0.0304928788787871,-0.23291718179742907,0.79701,-0.16384481506457071,0.19213013037681248,0.56594,0.041283232072949816,0.338903682511224,0.77977,-0.01972363953056047,-0.22823435034808187,1.0518,-0.2602563578881196,0.3845644982716831,1.0018,-0.12791438257306575,-0.0678522416068454,0.008664,-0.04795090002206713,0.08581899406533573,0.001858,-0.019333405949647636,-0.12374011788614199,-0.46897,-0.06305722694127681,0.1218779196414006,-0.5209,0.022077282167067044,-0.1310286275600561,-0.85943,-0.07228403937750093,0.133252119887455,-0.90892,-0.0024055580432242457
160,0.012070471266101349,0.78812,0.03853139379018389,-0.1484347874713933,0.57514,-0.02649190186306559,-0.23307469674897918,0.79696,-0.15932347797914587,0.19354252757162196,0.56602,0.046172775422189526,0.3407170039544106,0.77977,-0.016071271895220438,-0.2284666782703508,1.0516,-0.256347314048952,0.3860524173005053,1.0018,-0.1256414776116411,-0.06635221707418341,0.009089,-0.045689061079654966,0.08690694232100621,0.002196,-0.017711850649023086,-0.12361120416262088,-0.46762,-0.062060701852838025,0.12119950738893456,-0.52131,0.0244850566198977,-0.13083166779327657,-0.8592,-0.07184618569158502,0.13282827586344867,-0.909,-0.0014415117563094867
161,0.013062881303385005,0.78819,0.043378360296969204,-0.14774146823299167,0.57518,-0.022937509026917317,-0.23315652156980776,0.79696,-0.15621039193814149,0.1947890462396314,0.56573,0.05085130854810667,0.3429218450343477,0.77953,-0.012969279017694436,-0.22842980343246191,1.0507,-0.2536194687002692,0.3882479918189796,1.0018,-0.12502079046514433,-0.06495232689107644,0.009692,-0.043671318659215544,0.08795795578766923,0.002926,-0.0159211391443711,-0.1233229588906313,-0.46656,-0.061276738420543105,0.1208915534751243,-0.52203,0.02651948857672716,-0.13061640105685812,-0.85888,-0.07139698058009167,0.13236310357315761,-0.90883,-0.00024308122417782824
162,0.013840093706756719,0.78817,0.04785635257923647,-0.1470375546719294,0.57518,-0.01984631351408532,-0.23328021429237225,0.79689,-0.15424196614315083,0.195711472416245,0.56559,0.05523711644958822,0.34563216882418146,0.77769,-0.011121565307656865,-0.2280357360769351,1.0493,-0.25251424884914986,0.39074191081378107,0.99986,-0.12430688007345037,-0.06379815136103129,0.009935,-0.04194162017513082,0.0889000479502227,0.003261,-0.014244068079312947,-0.1229165607306672,-0.4655,-0.06064456397027023,0.12115231246644563,-0.52236,0.02751692215769638,-0.13036146862494777,-0.85886,-0.07105755539664138,0.1321570348386868,-0.90848,0.00046489100456676563
163,0.014407120851397613,0.78821,0.052184571175522984,-0.14649247397336676,0.57511,-0.017121261582093115,-0.23363050896767748,0.7966,-0.15300398648239188,0.1963792876310937,0.56538,0.059512026839153895,0.3494122659783265,0.77326,-0.01004276898525619,-0.2274708986517778,1.0493,-0.2522623387795979,0.39339166256728775,0.99744,-0.12355533789579956,-0.0627485252959667,0.009996,-0.040546154258837265,0.08971531862093479,0.003261,-0.012682778313293617,-0.12226941585311871,-0.4655,-0.06045632872526349,0.121427633862304,-0.52285,0.028259005124070487,-0.1300557329717878,-0.85883,-0.07071831107408486,0.1321464422998491,-0.90783,0.0005249642775005149
164,0.014707569115030954,0.7882,0.05615303332613998,-0.1459961848450827,0.5749,-0.01492572677226954,-0.23371735709889796,0.79641,-0.15268420936922789,0.19666483999885107,0.56499,0.06342099855116054,0.3530284187780127,0.7679,-0.009013189008119163,-0.22695763295156468,1.0493,-0.25212106485778385,0.3963455150131945,0.98963,-0.12297356841584135,-0.06183118974842855,0.009996,-0.039437010222553914,0.09040770462657881,0.003261,-0.01125383792993666,-0.12175701839379394,-0.46555,-0.06031013076468435,0.12169955798941583,-0.52334,0.028732416434766032,-0.12964394993449307,-0.85882,-0.07051978971453789,0.13192221620153002,-0.90709,0.0010479735095725758
