FrameNo,head_x,head_y,head_z,left_shoulder_x,left_shoulder_y,left_shoulder_z,left_elbow_x,left_elbow_y,left_elbow_z,right_shoulder_x,right_shoulder_y,right_shoulder_z,right_elbow_x,right_elbow_y,right_elbow_z,left_hand_x,left_hand_y,left_hand_z,right_hand_x,right_hand_y,right_hand_z,left_hip_x,left_hip_y,left_hip_z,right_hip_x,right_hip_y,right_hip_z,left_knee_x,left_knee_y,left_knee_z,right_knee_x,right_knee_y,right_knee_z,left_foot_x,left_foot_y,left_foot_z,right_foot_x,right_foot_y,right_foot_z
0,-0.014461403403370023,0.67889,0.04345396705256032,-0.16822855537982948,0.53317,0.014931257275114136,-0.23059150447195811,0.71661,-0.07216717610076565,0.15176006786097132,0.53132,0.048635745484503314,0.21714336246911803,0.73271,-0.001004714688467405,-0.22021973924378224,0.92409,-0.13271601082160567,0.2201618479489095,0.94389,-0.04254058336131795,-0.05782619679832993,-0.00568,-0.04447102854489445,0.06970830710933476,-0.001208,-0.022483859854363686,-0.09377291471029797,-0.36934,-0.04137507612966022,0.10911700739978292,-0.36569,-0.016811433969644542,-0.13793984411434204,-0.8818,0.02167732471295788,0.13773920158870454,-0.89506,0.05334560089366523
1,-0.014638621954969809,0.67853,0.04292719045383096,-0.1683095716001702,0.53373,0.014699670634649498,-0.23050207566045966,0.7158,-0.07267435209356693,0.1516998395533537,0.53123,0.04834385243737557,0.21722348819000636,0.73257,-0.0013439548229623108,-0.22031377550980216,0.92318,-0.13367998498135947,0.2210855182039335,0.94349,-0.044611653920227985,-0.05790006699676064,-0.005684,-0.04455310286355631,0.06933862208285094,-0.001429,-0.021965174997062405,-0.09392520059446605,-0.36931,-0.041317647831033574,0.1094495089146906,-0.36586,-0.01645122327770981,-0.13769128322876262,-0.88181,0.02118906915880618,0.13773396810098754,-0.89502,0.053202518362913516
2,-0.01448729745658355,0.67844,0.04262182854365199,-0.168349335249033,0.53417,0.014522067559706763,-0.23054131836478944,0.71455,-0.07285490959176871,0.15196353187277714,0.53139,0.0479425453720539,0.21751853870242654,0.73261,-0.0024413923816054353,-0.22035616257224824,0.92161,-0.1352248148544967,0.22201481911162665,0.94338,-0.04659948208759072,-0.058055324133858645,-0.005782,-0.044617034243802124,0.06927523266487064,-0.001505,-0.022077894922932318,-0.09385232722498184,-0.36943,-0.04132206054222043,0.10922451788032281,-0.36599,-0.01684527915503448,-0.13785443503713982,-0.88166,0.02142329658551632,0.13833520130011684,-0.89467,0.052326614463924156
3,-0.014297147273145083,0.67818,0.04199837613348878,-0.1684322117307312,0.5346,0.014243443280826888,-0.23003630851465173,0.7126,-0.07376098080931393,0.1520996203916482,0.53149,0.047631450667773224,0.21997553477456513,0.73163,-0.004800580865278473,-0.22019461811459817,0.91956,-0.13660168063887895,0.2232479197163156,0.94256,-0.04800673576007332,-0.0580801606317424,-0.005901,-0.044510732087789794,0.06907513823435409,-0.001746,-0.02214668604791411,-0.09390376074491304,-0.36955,-0.04127223491600773,0.10901880179367607,-0.36628,-0.017348648692943502,-0.13805325863292262,-0.88094,0.021744653361950233,0.13813528594667113,-0.89451,0.05271175061057451
4,-0.014365723334899974,0.67792,0.04124705375011784,-0.16834603414983446,0.53479,0.014100232162016994,-0.23006433799841702,0.71256,-0.0741203070511052,0.15218674190824008,0.53122,0.04719494769945946,0.21996610968819713,0.73141,-0.005092654773299982,-0.22008903823875375,0.91935,-0.1376035678030929,0.22459498339415093,0.94205,-0.05011789384223032,-0.05824525622941572,-0.005935,-0.04450734924447544,0.06892531405936066,-0.001714,-0.022299016992201666,-0.09402529888044056,-0.36959,-0.04130280420799322,0.10889077678578447,-0.36623,-0.017371222956040204,-0.13810356673584911,-0.88118,0.021972377086625413,0.1380595806926771,-0.89427,0.05193175463974024
5,-0.01416386481257394,0.67748,0.040672375460146536,-0.16680388880480618,0.53036,0.016411130631186016,-0.2300556279795009,0.71261,-0.07480316877617879,0.15357427359945258,0.52344,0.0486550726276355,0.2183351695528467,0.72448,-0.00442370165468621,-0.22003272457676984,0.91938,-0.13838364008914975,0.22514975100882645,0.93498,-0.050211988973386135,-0.05916200405672863,-0.00908,-0.043892195262843985,0.06842765924505088,-0.005258,-0.023070149072843046,-0.09465572001926588,-0.37274,-0.0407854153912198,0.10886167780292032,-0.36956,-0.017091019013890436,-0.13772070546559512,-0.88087,0.021643869479804064,0.13787380653642922,-0.89424,0.051948753547657794
6,-0.014256943880873677,0.67722,0.04034219628599338,-0.16668333066855426,0.52904,0.016476051627662247,-0.23012406583624279,0.71276,-0.07539402938559912,0.15418207425165453,0.52082,0.04918161547221972,0.21793164593327324,0.72209,-0.004381125975638951,-0.22011210226870478,0.91954,-0.1389124578101303,0.22604332490904838,0.93245,-0.050845445116179125,-0.059708821702634876,-0.010732,-0.04369921738295731,0.06859511200622767,-0.006689,-0.023202075464343278,-0.09492836813294411,-0.37435,-0.04021814208309778,0.10897065137986543,-0.37095,-0.017017986421660754,-0.13754034379671065,-0.88106,0.02269414500003541,0.13798151113988794,-0.89406,0.05289279841862199
7,-0.014176201666320172,0.67709,0.04027012205489103,-0.16672946943139388,0.52828,0.016277015915882594,-0.22995086825977082,0.71187,-0.07545487837494352,0.15382429579761428,0.52257,0.048676818901485966,0.21934153907374537,0.7233,-0.005408915026198301,-0.22013008420055244,0.91852,-0.1395015296649384,0.22715479966220947,0.9336,-0.05208121365157944,-0.05958449139124827,-0.010718,-0.04400121568373152,0.06873449503199701,-0.00656,-0.023566406868599604,-0.09490430494723229,-0.37434,-0.04046978660041019,0.10906248543964134,-0.37083,-0.017308452435963767,-0.13751808921993647,-0.88122,0.021934468270226864,0.13775929669253992,-0.89397,0.052886109667631645
8,-0.014126947473653149,0.67686,0.039961993795062885,-0.16642638658567285,0.52721,0.016285778828050136,-0.22989455638160985,0.71169,-0.07583182661061783,0.15404117702005152,0.52097,0.04865616616912131,0.21963107914543126,0.72152,-0.005726461159678342,-0.22014466707983063,0.91822,-0.14022505391445042,0.22812914400743356,0.93169,-0.05299997863618099,-0.05984487539875703,-0.011696,-0.043969955987096986,0.06868649360356127,-0.007583,-0.023829742895128694,-0.09508033076314382,-0.37531,-0.04033531016331924,0.10905581289790613,-0.3718,-0.017385785980993024,-0.13747567097981178,-0.88122,0.02203942870517605,0.13772863665989968,-0.89378,0.052772052829176
9,-0.01408451783275073,0.67666,0.039732880884966376,-0.16610273934400327,0.52599,0.016293090665005953,-0.22982544440689842,0.71141,-0.0762237800963167,0.15423553384798896,0.51921,0.04870566792094988,0.2199021385993006,0.71971,-0.006054373910982805,-0.2201772595009893,0.91781,-0.14090402868134755,0.22906312806445497,0.92979,-0.053805024461727455,-0.06010120601262775,-0.012717,-0.043950166687143265,0.06866136867445807,-0.008697,-0.024130677668688618,-0.09525618293087772,-0.37632,-0.040201818533981304,0.10904554361303678,-0.37287,-0.017500309086907383,-0.1374660962876531,-0.88113,0.022157891042102466,0.13769676109001572,-0.89361,0.05266488964499143
10,-0.01405511420941203,0.6765,0.03956036588001157,-0.16592907069159518,0.52513,0.016287157776100892,-0.2297696534732704,0.71111,-0.07659777390873197,0.15424195883056263,0.51844,0.048669230034088434,0.2203090372290565,0.71856,-0.006404028748076114,-0.22021501149888106,0.9174,-0.1416113297393527,0.23001564260788993,0.92855,-0.05465757419314785,-0.06031311332770303,-0.013411,-0.043986516237588646,0.06866064282664432,-0.009446,-0.024351153230021266,-0.09540963448369254,-0.37699,-0.04019536710478194,0.10904668523929657,-0.37359,-0.017621958980822187,-0.13743752003314488,-0.88107,0.022283765573594256,0.13762712995459422,-0.89345,0.052656673503566793
11,-0.014028488956916,0.67636,0.03940360779910496,-0.1658079417422134,0.52429,0.01629125382561972,-0.229726091823063,0.71082,-0.07701758741808012,0.15424352166416164,0.51789,0.04866036676431132,0.22065932833671595,0.71758,-0.0068357603080699755,-0.22022324330656945,0.91698,-0.1424860481153699,0.23091271529787508,0.92752,-0.05554122377804151,-0.06047085621636266,-0.013934,-0.04401331513826234,0.0686576595525209,-0.010053,-0.024558826290564773,-0.09555341160715493,-0.3775,-0.04018619438605289,0.10903334015582611,-0.3742,-0.017776626070880694,-0.1374526274246019,-0.88114,0.02236944384810632,0.13755749881917267,-0.89329,0.05264845736214216
12,-0.01399195854557686,0.67621,0.039242503705279284,-0.165669895008614,0.52356,0.01631457976274008,-0.22964465082773722,0.7106,-0.07747946225424285,0.15424352166416164,0.51719,0.04866036676431132,0.22111080467953537,0.71668,-0.007380640213989063,-0.22023380645155138,0.91666,-0.14346272023024167,0.2317493842482421,0.92655,-0.05631265755192737,-0.06059216121816083,-0.014489,-0.04403368905636236,0.06862485144771956,-0.010736,-0.024706770970291163,-0.0956845622822445,-0.37804,-0.04019104210959537,0.1090118834766022,-0.37487,-0.017942877720245998,-0.13746339361161725,-0.88119,0.02243050192879308,0.13748856227646183,-0.89316,0.052636301989705474
13,-0.013959429255040155,0.67607,0.03905226216077027,-0.16556583166541755,0.52314,0.016069933445369923,-0.2295297954713155,0.71032,-0.0780156639393402,0.15421112514974475,0.51659,0.04855615800338579,0.22176541999636937,0.71576,-0.008040999803126912,-0.22023916015120334,0.91632,-0.1444689365777038,0.23258332469636328,0.9256,-0.05712620492546341,-0.06073108821384203,-0.014821,-0.0441384043363887,0.06860548335510507,-0.011244,-0.02485031496002419,-0.09583245709337403,-0.37836,-0.040216104528492405,0.10899077409373366,-0.37538,-0.01811109898511732,-0.13748457868929262,-0.88134,0.022550648474660564,0.1374294738112811,-0.89306,0.05262588309904546
14,-0.01391305076617089,0.67598,0.03889289454872125,-0.16549404105705723,0.52275,0.015777964083019614,-0.22940045340516357,0.71003,-0.07851884842829385,0.15407699841324782,0.5159,0.04839542524830243,0.22233204733954606,0.71481,-0.008663056435568472,-0.22021437476274802,0.91597,-0.14535814166345123,0.23337122433501578,0.92461,-0.0578514050077933,-0.06087517719049505,-0.015147,-0.04428870858385724,0.06857371954360841,-0.011705,-0.02498690580993445,-0.09597896271908218,-0.37867,-0.04024904540941353,0.10890003357544355,-0.37584,-0.018287536391413284,-0.13750618497430717,-0.88166,0.02255800839639037,0.13737199804829628,-0.89294,0.05254873041490997
15,-0.013875426192930156,0.6759,0.03868527376101334,-0.1654532337353055,0.52238,0.015546534261061739,-0.22928339049102905,0.70962,-0.079009982090482,0.15396172363330982,0.51554,0.048415716258879554,0.22279347149708942,0.71437,-0.009321940907107612,-0.22021332930603618,0.91548,-0.14617029861073438,0.23409847267488854,0.92414,-0.058578160711006085,-0.06102216110485541,-0.015461,-0.04442835359422033,0.0685224356294679,-0.012163,-0.025110691754816852,-0.09613687925591946,-0.37895,-0.04027485950233421,0.10880170240593301,-0.37631,-0.018478512780275066,-0.1375264020739004,-0.88194,0.022557489856096062,0.13731030486045054,-0.89292,0.05255308364054513
16,-0.01383907664248478,0.67583,0.03847336644593806,-0.1654012630615862,0.52205,0.01519420621921272,-0.22909873035100814,0.70924,-0.07953895244190773,0.1538336986254182,0.51524,0.04839314199578285,0.22317107523723945,0.71392,-0.009966157808022763,-0.2202099765544178,0.91508,-0.14705312858250502,0.23479617678217093,0.92367,-0.059310125859548896,-0.061182309241792465,-0.01575,-0.044671862473392304,0.0684622361727147,-0.012587,-0.025195432685934088,-0.09630893520613165,-0.37922,-0.04033566040690462,0.10865308895970587,-0.37675,-0.018672262731502128,-0.13760176359918497,-0.88216,0.02258177237052083,0.1372739144379473,-0.89292,0.052471525457938886
17,-0.013800643313907398,0.67576,0.038249641437826616,-0.16533492945771744,0.52178,0.01481800965756206,-0.2288056416209621,0.70894,-0.08016456254118681,0.1537022505225702,0.51497,0.048332393364048036,0.22345119022255733,0.71345,-0.010575777849524307,-0.22018345468418582,0.91471,-0.1479521817457826,0.23535838900992206,0.92319,-0.060022318537808865,-0.06136811946162083,-0.016022,-0.04491380371048788,0.06838123918628353,-0.012956,-0.025288917915725066,-0.09647942832274485,-0.37947,-0.04040532458125215,0.10849358554688257,-0.37713,-0.018861840317987783,-0.137606973044515,-0.88221,0.0226113166031112,0.13724030238628668,-0.89292,0.052374210351284436
18,-0.01375578500275634,0.67569,0.03798947854285373,-0.1653271633744964,0.52145,0.01442843978199234,-0.22838152599540723,0.70861,-0.08084221063286878,0.15348100405330425,0.51462,0.04820503952689591,0.22377156575888407,0.71291,-0.011183376002684237,-0.22016506845209427,0.91433,-0.14903544623170906,0.23582055762877296,0.92257,-0.06074301276405841,-0.06154802083493112,-0.016327,-0.045154703058517445,0.06827156620815036,-0.013298,-0.025392536629611107,-0.09665356805108903,-0.37976,-0.040454307792786415,0.10831039207091271,-0.37749,-0.019032240289707503,-0.13760181346778183,-0.88223,0.022639642894219193,0.13717059733988132,-0.89292,0.05225123797021608
19,-0.013727963446926231,0.67563,0.03768772539700236,-0.1654087245817571,0.5208,0.01402718080144465,-0.22805316264290781,0.70803,-0.08149510994266727,0.15325638435767883,0.51444,0.0479816407974073,0.22393757163291073,0.71251,-0.011721728164181378,-0.22022777413515027,0.91367,-0.1500619295473613,0.23612979563934205,0.92205,-0.061460209984367645,-0.061695023983201064,-0.016676,-0.04543244947955419,0.06816160301497483,-0.013665,-0.025500268222686882,-0.09683095722621202,-0.38007,-0.04054245018071182,0.10811427471881162,-0.37787,-0.019244520727348037,-0.13757030923664026,-0.88235,0.022576148930567703,0.1370551747379755,-0.89308,0.05204201650150577
20,-0.013714224223158038,0.6756,0.03734490294480553,-0.16555235209942884,0.52033,0.013862741949078602,-0.22784893012740742,0.70755,-0.08207749304648501,0.153139398922174,0.51447,0.0477812825984741,0.22402821598165287,0.71234,-0.012235797811253744,-0.22032637512238643,0.91306,-0.15094242818183842,0.2363260661648796,0.92178,-0.06222778921858727,-0.06184614241489945,-0.01703,-0.0457271683618828,0.06804462719642485,-0.014058,-0.025631575716283245,-0.09699780373109419,-0.38038,-0.0406327953178726,0.10794145026490488,-0.37828,-0.01941613864055012,-0.13756996194028492,-0.88253,0.022574179315061678,0.13694947643401906,-0.89326,0.05177764579862677
21,-0.01371444595610968,0.6756,0.03700063422587438,-0.16567801994381695,0.52005,0.013711624137796006,-0.22778847473536945,0.70721,-0.08265070343157371,0.1530041563856272,0.51471,0.04751170245026509,0.22411144332735222,0.71223,-0.01276539124864496,-0.2205582105628442,0.91253,-0.1518159568468219,0.23648929545188652,0.92159,-0.06315350850641877,-0.062004161713585,-0.017348,-0.0460748908104577,0.06795174341445105,-0.014352,-0.025807375611181523,-0.09717415101715117,-0.38066,-0.04072684655231607,0.10776381353062037,-0.37859,-0.01961805246036622,-0.1375601138627548,-0.88263,0.022575915796838347,0.1368188725296724,-0.89346,0.05153934636478481
22,-0.013727700919341139,0.6756,0.03666117538308231,-0.1659037313971053,0.51979,0.013552004778523832,-0.22781878568783145,0.70678,-0.08316985393591793,0.15288987540998125,0.5147,0.047180831087639985,0.22418134963196812,0.71199,-0.013277025012752595,-0.22083117479519912,0.9119,-0.15268658336138188,0.23666872388801338,0.92126,-0.06422868543897872,-0.062125098401295334,-0.017667,-0.04636225698377261,0.06784947541816717,-0.01466,-0.025981783916419775,-0.09733219133356923,-0.38095,-0.04080954636118211,0.10756943266029594,-0.3789,-0.01984018097553688,-0.13755542536195778,-0.88263,0.022549325987507023,0.13671208246805305,-0.89365,0.05133875503212226
23,-0.013766273073347268,0.6756,0.03630405189052641,-0.16612944285039366,0.51938,0.013392385419251657,-0.22772757052595943,0.70619,-0.0837447485299477,0.15273925388042886,0.51456,0.046710531018710255,0.22422094320029912,0.71186,-0.013904685230821917,-0.22119046443041854,0.9112,-0.15364351123641942,0.23686320984700035,0.92102,-0.06533167012235239,-0.06222002330552032,-0.017975,-0.04663589773833574,0.06774431248417592,-0.014961,-0.02614553298455255,-0.09749162083540862,-0.38123,-0.04088436770802405,0.10743466119968524,-0.37921,-0.020054845023306553,-0.13750568807216118,-0.8825,0.022382427209789245,0.1365729199344038,-0.89386,0.05120658170187625
24,-0.013850151192469358,0.6756,0.035904415229129405,-0.16639918524600264,0.51925,0.013194539418505784,-0.22765652259508373,0.7058,-0.08437803218797013,0.15256226365408104,0.51462,0.04615942444119793,0.2241586827669693,0.71186,-0.014645755158994404,-0.22166331640618633,0.9107,-0.15476262294175203,0.23697020473447603,0.92093,-0.0665719330356309,-0.06232155164897404,-0.018189,-0.04690664115095282,0.06766348193320634,-0.015151,-0.026291791051099172,-0.09762029056741398,-0.38142,-0.04096087326380707,0.10728986801336676,-0.37942,-0.02027026074509988,-0.1374649306190063,-0.8825,0.02220886791152974,0.1364413979205719,-0.89405,0.05103107683049771
25,-0.013965545563926535,0.67563,0.035481959149712854,-0.16670224226551372,0.5191,0.012955279219297788,-0.2278111620751094,0.70537,-0.08499830844192266,0.15237130766253598,0.51462,0.04557234624428287,0.223825935476723,0.71186,-0.015522861333202367,-0.22235399175626358,0.91021,-0.15597091411559866,0.23687212647559575,0.92093,-0.06785851014374958,-0.06238547403268084,-0.018377,-0.04710272003523474,0.06755594741027945,-0.015322,-0.02643057262905131,-0.09772462551215898,-0.38159,-0.041002625141669705,0.10718868456202967,-0.37962,-0.02056023644955719,-0.13742382586949614,-0.88239,0.022033338997764215,0.13631642466889443,-0.89426,0.05087601978820308
26,-0.014155618889151072,0.67568,0.034993532972037986,-0.16706282491660657,0.51897,0.012696736859652676,-0.2282018081195027,0.70496,-0.08566222987402129,0.1521574060691519,0.51462,0.04494263590742334,0.22335186796371154,0.71186,-0.016635079384263916,-0.22316978996380898,0.90966,-0.15716065076064484,0.23659966092920975,0.92093,-0.06930784189529324,-0.06243578275602314,-0.018546,-0.047295383037276297,0.06746382251504543,-0.015468,-0.026564606220654756,-0.09782131993708663,-0.38175,-0.04108770856066489,0.10710047485542071,-0.37978,-0.020866202211792053,-0.13734610718070817,-0.88199,0.021880512935153557,0.13617882496884415,-0.89453,0.050734983188179955
27,-0.014367888546429673,0.67576,0.03443519025237664,-0.16740041209726347,0.51896,0.012422956116253662,-0.22873920734876568,0.70455,-0.08647286361893175,0.15194221502754027,0.5148,0.04420506298519117,0.2228337454659925,0.71198,-0.017958150840141254,-0.22410433591484571,0.90917,-0.15831040024005366,0.2362223154511588,0.92102,-0.07096859786478257,-0.06247914074378137,-0.018635,-0.047492912996769936,0.06740622056824111,-0.015543,-0.02671590729706981,-0.09790846371224263,-0.38183,-0.04122695640607574,0.10701673013283419,-0.37988,-0.021139902451906868,-0.13725697758079106,-0.88165,0.021720560084542467,0.13610083467850764,-0.89479,0.05060141105555783
28,-0.01461764519235182,0.67586,0.03382454336765706,-0.16773799927792038,0.51896,0.012149175372854648,-0.2293268389861484,0.70421,-0.08734414144990582,0.15170732783086838,0.51497,0.04346401709940566,0.22230726381335847,0.71211,-0.019406578287216085,-0.22509623384928656,0.90882,-0.15948041668765262,0.23576095186514986,0.92103,-0.07278632821923697,-0.06250800721333197,-0.018638,-0.04762290040745145,0.06735927785854227,-0.015549,-0.026864313435777512,-0.09794740898881399,-0.38185,-0.04135161299608517,0.1069108083121032,-0.37991,-0.02134541782333449,-0.13713396254384191,-0.88142,0.02154119648543606,0.13606131858880638,-0.89499,0.0505375794125058
29,-0.014885361511557548,0.67597,0.03320057544185403,-0.1681105876956592,0.51896,0.0117859579848253,-0.23007719944074617,0.70391,-0.08827152928041462,0.15144646910235326,0.51547,0.04258232456583318,0.2217536690026214,0.71258,-0.020874002488163096,-0.22612868976249462,0.90848,-0.16070835593178548,0.23520748261781646,0.92139,-0.07459999075462118,-0.06253339350661312,-0.018638,-0.04772079594419058,0.06731761129244122,-0.015549,-0.026979295596434492,-0.09797390146519024,-0.38186,-0.041489305220613115,0.10681438727254698,-0.37991,-0.0215472270974794,-0.1370536391323889,-0.88121,0.021373598306530232,0.13601294644204412,-0.89516,0.050523972964857396
30,-0.015175676136246962,0.67611,0.0325320057606005,-0.16848451543022253,0.51896,0.011372748535121668,-0.23108524665571,0.70364,-0.08934995860698343,0.15121674148241449,0.51611,0.04186960497115566,0.2211405885617513,0.71318,-0.022292005440565733,-0.22713450359353576,0.90814,-0.16197221452248553,0.23457756008753564,0.92192,-0.07632559140536416,-0.06257475543223963,-0.018638,-0.047728089167652595,0.06727050935999691,-0.015549,-0.027023140869383934,-0.09796888971042489,-0.38188,-0.04169049140879256,0.10671032571317343,-0.37991,-0.021705704830491793,-0.13694818660377114,-0.88108,0.021121073527135988,0.1359737277801013,-0.89531,0.0505160422299977
31,-0.015492352245015748,0.67628,0.03183441759976701,-0.16876963681883703,0.51933,0.010974182613655056,-0.23205992937817482,0.7034,-0.09044484425878849,0.15096466311615359,0.51671,0.04122605505291837,0.2205291947340611,0.71375,-0.023661985946800128,-0.2281652470673542,0.90783,-0.16338262860749064,0.23394649593099504,0.92244,-0.07792954216219235,-0.06259757965873658,-0.018638,-0.047731098267985925,0.06722520820335835,-0.015549,-0.027031128685556613,-0.09793867492751084,-0.3819,-0.04186184795781668,0.1065847317797692,-0.37991,-0.02174206640213066,-0.136849159057727,-0.88108,0.020904986634603193,0.13593741126858191,-0.89546,0.05054924028703517
32,-0.01581945926563804,0.67646,0.031109604522443195,-0.1690397505531883,0.51956,0.010605679465073115,-0.23307117617132053,0.70315,-0.0916203032854468,0.15074029276351258,0.51738,0.04071330370493793,0.21987123915236909,0.71435,-0.024940664738569346,-0.22922786611105647,0.90746,-0.1649002058766803,0.23331947555113766,0.92292,-0.07961401402103817,-0.06261235177503176,-0.018603,-0.047733702990650925,0.06719073993200292,-0.015501,-0.027037206371774956,-0.09788424913691719,-0.3819,-0.04205533654486578,0.10645119989878915,-0.37987,-0.02179099734082934,-0.13673924154508674,-0.88106,0.020684727377329,0.13589298316130904,-0.89564,0.05057085378476585
33,-0.01615768938658582,0.67664,0.030378768435975347,-0.16928223018490354,0.51973,0.010253218647104313,-0.23409053456021972,0.70277,-0.0928073468714119,0.15052381048985047,0.51797,0.04027099224771566,0.2192372710615821,0.71483,-0.026182620236912146,-0.2302366061349081,0.90697,-0.1663778200226196,0.2327324182945307,0.92329,-0.08135236489973471,-0.06261101726668471,-0.018589,-0.04771823628164507,0.06715430204514147,-0.015453,-0.027043631354348632,-0.09779368048298187,-0.3819,-0.04228103838119934,0.10630399968037033,-0.37985,-0.02181999899073841,-0.13657782621848621,-0.88115,0.02046034802814899,0.13584786046132558,-0.89582,0.05059640651350858
34,-0.016495750667833323,0.67683,0.029612422189086062,-0.1694965547694498,0.51994,0.009913845736489613,-0.2349546550459305,0.70239,-0.09406856048780485,0.15031231414474383,0.51855,0.039857991889354405,0.21877205960563167,0.71532,-0.027345063483377313,-0.2312928500646336,0.90645,-0.16787396465497237,0.23221022976156436,0.92365,-0.08317066606731904,-0.06262972140127585,-0.01857,-0.04766974756801812,0.06713594280266696,-0.015389,-0.027014374932561907,-0.09775061573492047,-0.38191,-0.04252527070394637,0.10616612659494862,-0.37979,-0.021844309735611783,-0.136307758785086,-0.88106,0.020080473599664233,0.13580134857592072,-0.896,0.05062983770427539
35,-0.016761219177684174,0.67701,0.028906601057157037,-0.16964814427708425,0.52017,0.009564210753721679,-0.2356818205557048,0.70203,-0.095242668796861,0.15012874933003162,0.51909,0.03951693476979863,0.2184632757639034,0.71576,-0.028358073127500973,-0.2324192202481038,0.90592,-0.1696058682925312,0.23175640695817895,0.92397,-0.08491598691550924,-0.06266174898118915,-0.018532,-0.047620561857441804,0.06711729574938882,-0.015318,-0.026971968713630695,-0.09765258020934543,-0.38193,-0.04279331927365945,0.10602807986134924,-0.37975,-0.021867635672732148,-0.13564642105791985,-0.88104,0.019439577031857277,0.13579509724152472,-0.89602,0.05066529078338383
36,-0.017016775315975816,0.6772,0.02824822194131156,-0.16978854639036414,0.52039,0.009266304314404672,-0.23644019286886225,0.70162,-0.0962973822340733,0.1499749023960875,0.51968,0.039180102287819846,0.21824719243901647,0.71624,-0.029263348774310152,-0.23360353727049488,0.90525,-0.1714698407146648,0.23134604428398428,0.92429,-0.08656225617526836,-0.06270831073519087,-0.018468,-0.047529260142976607,0.06709349873633236,-0.015242,-0.026888838080470646,-0.09752123005986829,-0.38194,-0.04301995364491043,0.10588933853503918,-0.37969,-0.021887022378840455,-0.13470908781692587,-0.88103,0.018557949335305215,0.13579092968526071,-0.89603,0.050688926169456125
37,-0.017233390986173488,0.67739,0.02767997406280711,-0.16987333300201665,0.52064,0.00899851292080794,-0.23716224867050034,0.70122,-0.09738529372832311,0.14984625849029207,0.52024,0.03887309944499639,0.21811227494026092,0.71664,-0.0301106493517498,-0.23473920876075222,0.90457,-0.17343693254429973,0.23094495887418984,0.92452,-0.08814596400629338,-0.0627830750007198,-0.018388,-0.04737591313583296,0.06706182806972918,-0.015126,-0.026772571280063523,-0.09736559499172766,-0.38193,-0.04315396381454267,0.10573531616909446,-0.3796,-0.02181974600268369,-0.13361088602007426,-0.88123,0.017685393999872647,0.1357862411844637,-0.89603,0.05071551597878746
38,-0.017422194097080065,0.67755,0.027161309059831197,-0.16990528248288447,0.52073,0.008776593496979651,-0.23793858065694132,0.7008,-0.09845332820661887,0.14972967021973946,0.52063,0.03861290110685879,0.21800278398642864,0.71689,-0.030986975621485502,-0.23582563986335897,0.90387,-0.17539534196505135,0.23055255587327872,0.92454,-0.08977891222496905,-0.06286066750568833,-0.018315,-0.047148938680942734,0.0670067004737088,-0.015018,-0.026626931491004997,-0.09723270783486139,-0.38193,-0.04315896416853031,0.1055651943912236,-0.37953,-0.021718753029195154,-0.13252461607888474,-0.88139,0.016822919875699546,0.13577182838571736,-0.89603,0.05079725502228747
39,-0.017577047476925515,0.6777,0.02666893884266688,-0.1699265655139307,0.52082,0.008609357039861334,-0.2386728915682099,0.70035,-0.09935656211076108,0.1496347381027984,0.52112,0.03828747232329305,0.21795178664226017,0.7171,-0.03196468481694587,-0.2368587627592449,0.90314,-0.1772529633155952,0.23016186531175728,0.92454,-0.09159433528451688,-0.06295487796287728,-0.018231,-0.04686803052912751,0.06694601613600307,-0.014907,-0.026449777853850075,-0.09712420533385238,-0.38193,-0.043140847676739966,0.10536547851216548,-0.37945,-0.021565098977338257,-0.13149232489473972,-0.88154,0.016036223675672805,0.13580033072924175,-0.896,0.05080837331413555
40,-0.01771851792589712,0.67785,0.02618705181019166,-0.16996677619634265,0.52082,0.00854946462782136,-0.23945520328749836,0.69989,-0.10010274531471564,0.1495472229889001,0.52155,0.03797756733004613,0.21792100639768497,0.71727,-0.032941875472111935,-0.23782292507003297,0.90239,-0.17892580253036028,0.229801884651473,0.92454,-0.09335357202930744,-0.06305927658123558,-0.018163,-0.04653510121458029,0.06687403985827158,-0.01482,-0.02624313706541778,-0.09703557263608129,-0.38193,-0.04312521934074994,0.10507117122022128,-0.37939,-0.021370244626839025,-0.13045440305792552,-0.8816,0.015332769867193383,0.13581737229304008,-0.89593,0.050884488917682436
41,-0.017844167156791442,0.67797,0.025753648682865997,-0.17021779041497348,0.52082,0.0084757566767906,-0.24038717212590294,0.69934,-0.10063364557299664,0.14948768927399317,0.52192,0.03768173505190634,0.21789322804072703,0.71738,-0.03399367838277759,-0.23875230966051367,0.90158,-0.18045034976904362,0.22946274177250875,0.92454,-0.09523098570445948,-0.06318723427044359,-0.018097,-0.046074320540319166,0.06677148948007722,-0.01474,-0.025949483494126385,-0.09701587648102103,-0.38192,-0.0431217463771966,0.10479401244198533,-0.37933,-0.02116322769118701,-0.12943774020977053,-0.8816,0.014634706364937734,0.13588561424304027,-0.89587,0.05090058352113117
42,-0.01793545025776282,0.67809,0.0254248016128212,-0.17047088841173633,0.52082,0.008413866418795983,-0.2414639359344489,0.69876,-0.10097683750268843,0.14942502989188824,0.52225,0.037403629313320766,0.21784089137973417,0.71749,-0.03502137963991223,-0.23970600499586778,0.90073,-0.18183702392230522,0.22912997400752128,0.92451,-0.09708696674277456,-0.06339726387407478,-0.018035,-0.04552240699129311,0.06664310337081389,-0.014661,-0.025653277473005567,-0.09703532507691973,-0.38191,-0.04301144790885923,0.1045228790771321,-0.37927,-0.02095007117952627,-0.1284717069346875,-0.8816,0.01393583891582284,0.13596387791874823,-0.89581,0.05091742979860356
43,-0.018049892860392987,0.67823,0.02518122843962014,-0.17096277134370944,0.52065,0.008324087906703487,-0.24255689889211476,0.69797,-0.10117057178765175,0.1493438898919667,0.52255,0.03711515695691077,0.21771688967378464,0.71759,-0.036103349869133716,-0.24055945903175702,0.89968,-0.1830435545719882,0.2287966354294039,0.92446,-0.09888212283413231,-0.06363300062071675,-0.017972,-0.04487652992382388,0.06649259003200297,-0.014599,-0.025346757106895913,-0.09707474321325012,-0.38191,-0.042787896548925466,0.10425012098888951,-0.37922,-0.0207564942560611,-0.12760673511518375,-0.88163,0.013407005528578507,0.13606235869404945,-0.89575,0.05093479461637025
44,-0.01819080630125111,0.67839,0.02495532712889901,-0.17145552251657087,0.52049,0.008239233433376042,-0.24384682340038308,0.69715,-0.10139903570814843,0.14926240259568987,0.52285,0.0368286542160068,0.21758616555750304,0.7177,-0.03720478311968609,-0.24142794654811936,0.89861,-0.18404965070751542,0.22847721274788688,0.92449,-0.1005834367823889,-0.06387510046014203,-0.017917,-0.04416577211152052,0.06632135067025931,-0.01455,-0.024951487476150495,-0.09712671388696943,-0.38191,-0.04243556850707644,0.10395988392025424,-0.37918,-0.020452271567903215,-0.12719192436406193,-0.88163,0.013300417345585458,0.13613389995942532,-0.8957,0.05093217787251176
45,-0.01835575469737245,0.67857,0.02476783572478405,-0.1719498365230313,0.52023,0.008163242229825715,-0.24528876040744807,0.69636,-0.10168679718516824,0.14916203751664422,0.52308,0.03659162499648279,0.217389407048934,0.71778,-0.03827724295077801,-0.24227090956618752,0.89759,-0.1847973895323528,0.2281340501346264,0.92455,-0.1022077025921812,-0.06414076417889439,-0.017862,-0.04336168829217166,0.0661392784232325,-0.014486,-0.024558127975359414,-0.09722494888693202,-0.38187,-0.041936037842569905,0.10366698985611839,-0.37912,-0.020092668916086003,-0.12702433339787217,-0.88159,0.013328952728035824,0.13619524585091575,-0.89565,0.050929794262382616
46,-0.018549840544177132,0.6788,0.024584345441471537,-0.17244901267846638,0.51998,0.008114825643359726,-0.24683456128332193,0.69556,-0.10196139443961133,0.14905819947404522,0.52328,0.03637429193201902,0.2171231411845242,0.71789,-0.0393010332073492,-0.24320595420319324,0.89658,-0.185368433774778,0.22774107632058538,0.92463,-0.10377982586389943,-0.06446978125204661,-0.017694,-0.042411384253679574,0.06590346055289055,-0.01437,-0.02407879517653652,-0.09742424534247385,-0.38172,-0.04126647311619278,0.10334665216719505,-0.379,-0.019629254668295473,-0.1269947891652818,-0.88148,0.013334162173365832,0.1362531187788528,-0.89557,0.05094710680731371
47,-0.018780074062800925,0.67906,0.024398543054775054,-0.17294598127618876,0.51973,0.008111477079802941,-0.24836448626404414,0.6948,-0.10221085295993483,0.14895475859639845,0.52362,0.03609711872835088,0.21678503662698012,0.71807,-0.040378107628254244,-0.2441659044405892,0.8956,-0.18591340674816614,0.22729538915534048,0.92474,-0.10534093538944078,-0.06483633277820056,-0.017479,-0.041438251180213145,0.06567025221369101,-0.014208,-0.0235797091413404,-0.09773045742303868,-0.38153,-0.040451261388041046,0.10304705492663664,-0.37883,-0.019151013627135484,-0.12696524493269143,-0.88131,0.01333937161869584,0.1362824394946686,-0.89548,0.0510111715840951
48,-0.0190874650740376,0.67933,0.024235691078394996,-0.17369510571880173,0.51952,0.008156070459130211,-0.249900886095937,0.69407,-0.10236600306969851,0.1488114044640982,0.52398,0.03581595402083508,0.21634150536702812,0.71837,-0.04143315455680548,-0.24515135513389227,0.89462,-0.1865441102689019,0.22675876199741785,0.9249,-0.10684700022648463,-0.06520058841022565,-0.017153,-0.04020171778618854,0.06554196165355984,-0.013937,-0.02301338279356799,-0.09805663904403522,-0.38125,-0.0395227967682929,0.10285074112480247,-0.37856,-0.018694162566931596,-0.12696400535306077,-0.88113,0.013505104727766837,0.1362765354566279,-0.89543,0.05104465504769752
49,-0.019437019553521347,0.6796,0.024133438127959074,-0.1744368131583719,0.51931,0.008216187628776316,-0.2514307870342723,0.69337,-0.10244283482667993,0.1486825869101251,0.52439,0.03550993598576463,0.21580110603397085,0.71868,-0.042572300096598875,-0.24615650198225558,0.89368,-0.187178286753191,0.22616478285609115,0.92508,-0.1083733320317186,-0.06556391391157203,-0.01681,-0.03894166557295633,0.06541008156301066,-0.013635,-0.022432457977678066,-0.09838108418325511,-0.38096,-0.038604180226074876,0.10273917065832422,-0.37827,-0.018280248287146736,-0.12696537049609513,-0.88094,0.013685609953133015,0.13628568894144738,-0.89541,0.051050330760486234
50,-0.01987034217756281,0.67991,0.024005244900783,-0.1749481945548406,0.51924,0.008294578108719548,-0.25278255433617697,0.69283,-0.10249333395044635,0.14854704694581983,0.52484,0.035184454929363285,0.21519983188535924,0.71906,-0.043654145925823826,-0.24712572948405173,0.89289,-0.18778582115531323,0.22547118131320348,0.92529,-0.10979537876080447,-0.06589730763233059,-0.016463,-0.03780529475893533,0.06530321402276161,-0.013313,-0.02194155744921928,-0.09867697711035373,-0.38064,-0.03773231591570714,0.10263971290840186,-0.37796,-0.017825611997371725,-0.12698196681016727,-0.88083,0.013894907737065906,0.13629454499850838,-0.89542,0.05100010556508261
51,-0.02037451628274687,0.68028,0.023841203833784956,-0.17544764409564714,0.51922,0.008362887377403299,-0.2539022591132035,0.69239,-0.10253540784144577,0.1484270854489077,0.52532,0.03482821169888921,0.21456715324279982,0.71937,-0.044788238838794,-0.2480781629812111,0.89222,-0.18843101138577925,0.224760785765679,0.92546,-0.11117976966154652,-0.066138243586932,-0.016092,-0.036640436026822154,0.06517764956063754,-0.012866,-0.021350380178130908,-0.09894193661944063,-0.38031,-0.03686312062203349,0.10249965933230885,-0.37755,-0.01728471459876127,-0.12699218801026263,-0.88077,0.014125638157835713,0.13629454499850838,-0.89542,0.05100010556508261
52,-0.020900358562735893,0.68068,0.023656079830544033,-0.1756776727109902,0.51922,0.00840051497529852,-0.2549174793396945,0.69219,-0.10270934142567767,0.14831523554774906,0.52587,0.03448355302772192,0.21398661713831446,0.71978,-0.04587252055098368,-0.2489182238488559,0.8918,-0.18913762141871954,0.22401390005845748,0.92571,-0.11252997769749809,-0.06635167883543296,-0.015719,-0.03558547138537803,0.06506488038658652,-0.01241,-0.0208087335097355,-0.09914671590568393,-0.37998,-0.03604728580791626,0.10237014602221793,-0.3771,-0.016763282625720407,-0.12699325572553855,-0.88076,0.014362044291394233,0.13629454499850838,-0.89544,0.05100010556508261
53,-0.021440161799444753,0.68106,0.02346950956056879,-0.17593389637495102,0.51911,0.008356351256858133,-0.2556664541765168,0.69205,-0.10283835961744549,0.14820199646116905,0.52643,0.03414677281857874,0.2134096777769632,0.72022,-0.046919612702288234,-0.249552045901498,0.89149,-0.18974694038739237,0.22319517565810165,0.92605,-0.11393346989778354,-0.06654067715524105,-0.015362,-0.034594231437076045,0.06497081053864923,-0.011955,-0.020350100907635452,-0.09927764663164479,-0.37967,-0.035304740762145057,0.10225162482015561,-0.37666,-0.01634450138848346,-0.12696703663453376,-0.88075,0.01461646237107192,0.13627484884344812,-0.89544,0.05099663260152927
54,-0.02196131077015938,0.68142,0.023292321100664953,-0.1762098161939721,0.51908,0.008308714574864404,-0.25621846746273663,0.69198,-0.10293264817367992,0.1480903202081881,0.52704,0.03380112933965844,0.21287689313751337,0.72076,-0.04787159249617373,-0.25003003519543476,0.89128,-0.19031862757010837,0.2224181749051599,0.9265,-0.11522806243210772,-0.06672360259730821,-0.015024,-0.033671985112797904,0.06489522130852853,-0.011518,-0.019881101687710987,-0.09938704498357497,-0.37938,-0.03468431187774737,0.10217202485227767,-0.37623,-0.015973690324579178,-0.1269143989781366,-0.88068,0.014893816435633839,0.13622650073907286,-0.89544,0.051155652917222946
55,-0.022506732638343963,0.68173,0.023108821820813415,-0.17650195920450007,0.51913,0.008237908774257084,-0.25663226036717945,0.69193,-0.10300459560054703,0.14797777571431875,0.52766,0.033460409899503205,0.21238883403309475,0.7213,-0.04878928487959757,-0.2504240304238007,0.89111,-0.19090596713120142,0.22167188405345523,0.92695,-0.11646646865167459,-0.06691901930738968,-0.014827,-0.03301290597534859,0.06486601777999318,-0.011143,-0.019519682050832904,-0.09944591171580405,-0.37924,-0.03435046204947623,0.10211529417101617,-0.37588,-0.01569226603670834,-0.1268268838642383,-0.88056,0.015203721428880743,0.136172174685673,-0.89544,0.051233400456875314
56,-0.023044744716201868,0.68204,0.022889058302278102,-0.17684989136483314,0.51918,0.008137972735682533,-0.25693740116482244,0.69186,-0.10323203810671888,0.14788123089518176,0.52814,0.03320171490941293,0.21197338212550498,0.72171,-0.049542876090055886,-0.25074387966412565,0.89094,-0.1915106955524481,0.22098701300422488,0.92726,-0.11759250224172693,-0.06709243737598172,-0.014679,-0.032455552251501874,0.0648297421405317,-0.010815,-0.019193018496113892,-0.09946732031025397,-0.37916,-0.03417146017215736,0.10210444267223923,-0.37557,-0.0154118908506196,-0.1267141897645783,-0.88061,0.015370829297940886,0.13614057071733762,-0.89541,0.051412635467923545
57,-0.023516891241472628,0.68231,0.022675831524703743,-0.1770048060140532,0.51918,0.008037546387262274,-0.257109331551631,0.69177,-0.10363907734572647,0.1477999911580665,0.52847,0.033028983600399665,0.21159027686373527,0.72199,-0.05013438801589031,-0.2510446035625203,0.89083,-0.19205112606318406,0.2203792141358458,0.92744,-0.11852216913669365,-0.06724243698297575,-0.014679,-0.032203774337653895,0.06480151380279456,-0.010629,-0.018900475916394977,-0.0994399097243925,-0.37916,-0.03409656251009284,0.10201005616263392,-0.37541,-0.015147260567385568,-0.12660739970295898,-0.88067,0.015571420630603443,0.13608475574132267,-0.89541,0.05161400251699674
58,-0.023949885803068352,0.68255,0.022407567271347975,-0.17725567062689337,0.51918,0.007790226865136418,-0.2571580972956997,0.69159,-0.10439909175493556,0.14771371562379884,0.52875,0.03288481171622375,0.21132003934980323,0.72224,-0.0505597768804176,-0.25130305704275796,0.8907,-0.19271610861825827,0.21984905826144793,0.92757,-0.11931629428353227,-0.06737042833152555,-0.014679,-0.03198467113207168,0.06480079819235138,-0.0105,-0.018631514045674064,-0.09930603054705714,-0.37916,-0.03404960118690019,0.10192829850564009,-0.3753,-0.014879388050088847,-0.1264074122223523,-0.88067,0.015704164773979335,0.13602923819306617,-0.89542,0.05187127047426229
59,-0.024274501643235837,0.68273,0.022100533793837206,-0.17754431484765812,0.51909,0.007469227622428409,-0.25705350944032435,0.69133,-0.10545294059632979,0.14761754214340417,0.52895,0.03279677387396954,0.2111157364909648,0.72234,-0.05089839811700865,-0.25148627099346904,0.89041,-0.19386538345408513,0.21943072824582172,0.92757,-0.11993838752254565,-0.06747235321951572,-0.014679,-0.03177518767876763,0.06480710001576007,-0.010429,-0.01830445092176413,-0.09912859150333726,-0.37916,-0.03401932932267315,0.10179492406358262,-0.37526,-0.014629755804163255,-0.12617058728569328,-0.88094,0.015800756437058736,0.13597168673527452,-0.89551,0.052082485600865605
60,-0.024507658950431364,0.68274,0.021718238528235692,-0.1779238972772776,0.51896,0.006800149017835384,-0.25690660129819526,0.691,-0.10668921200576065,0.1475351607800291,0.52911,0.03274569245887107,0.21094765040645197,0.72237,-0.051154476363240435,-0.25151717323380207,0.89,-0.19530258387557908,0.21909465581398982,0.92757,-0.12056628506240594,-0.06749110722270375,-0.014695,-0.03166882844144231,0.06476727750176135,-0.010423,-0.018072847451628595,-0.09897084861467764,-0.37921,-0.033992530421999456,0.10169582741503201,-0.37526,-0.014493899798605766,-0.12593515153445559,-0.88123,0.015905226562162218,0.1359448710049299,-0.89558,0.05211938975518577
61,-0.02466197936455032,0.68274,0.021309227269483377,-0.178309804952277,0.5187,0.006051767252707063,-0.2567123370721599,0.69055,-0.10813646540806549,0.14744032661645884,0.52919,0.03270764667829112,0.21082116418977237,0.72237,-0.051358540659456324,-0.2514125577683939,0.88944,-0.19699005405439632,0.21895671060140715,0.92757,-0.12110847609730557,-0.06751073187101882,-0.01473,-0.031574807841686134,0.06471859893070162,-0.010411,-0.017791018786089435,-0.09885267168431618,-0.37929,-0.033971692640679424,0.10162053258801525,-0.37526,-0.014406649073539904,-0.12572491881136655,-0.88157,0.0159798670481104,0.135919791756362,-0.89563,0.05214644583197581
62,-0.024746038344566172,0.68274,0.020858787386836764,-0.17878985219813592,0.51834,0.00526140047598676,-0.2564765709316622,0.68999,-0.10981908786334024,0.14731334349763328,0.52919,0.032679163568676346,0.2107098592755337,0.72237,-0.05153352699054057,-0.2512923380093828,0.88877,-0.19893878369432672,0.21901225397587357,0.92754,-0.12159624134161154,-0.06753829446690968,-0.014786,-0.03149335660898977,0.06466644739608855,-0.010411,-0.01748949396549003,-0.0987843798657191,-0.3794,-0.03401346856092906,0.1014755423315479,-0.37526,-0.014373320024205567,-0.1255080874575262,-0.88193,0.016017084839444102,0.13585189710271714,-0.89586,0.05212838161302105
63,-0.024750818206433736,0.68274,0.020229395495468174,-0.17929095895826652,0.51792,0.004244941910696753,-0.25617526551720016,0.68934,-0.11175822660185684,0.14718137445025223,0.52919,0.03262136936020056,0.2106250726638812,0.72237,-0.051801318384137304,-0.25107023663867795,0.88791,-0.20140772496157694,0.21913264203159366,0.92739,-0.12233658363814737,-0.06775557766277654,-0.014883,-0.03144738909008914,0.06456748414407351,-0.010462,-0.01722770153865035,-0.0987355847277947,-0.37958,-0.03429019953952549,0.10098968481295754,-0.37537,-0.014456958960289337,-0.1252701707632043,-0.88225,0.01604989713230706,0.1357236984466479,-0.89614,0.05210679215767736
64,-0.024726995987583145,0.68265,0.01949538084855094,-0.17964173983278028,0.51738,0.003239758455761608,-0.25578884845329436,0.68852,-0.11400729437600739,0.147059948073112,0.52919,0.032561372402489394,0.21056871448476913,0.72229,-0.05217274772552968,-0.25069991541905245,0.88677,-0.20442932423916077,0.21931844558169727,0.92707,-0.12339032793387042,-0.0680152646733359,-0.01499,-0.03140280594813245,0.0644300611168554,-0.010528,-0.01693207354337553,-0.09865726939966692,-0.37975,-0.034734347836133994,0.10049397921683707,-0.37549,-0.014542334378149783,-0.1249580582122446,-0.88283,0.01600745004131797,0.13557835848958652,-0.89634,0.05212482814618352
65,-0.024620478768343917,0.68242,0.018568800532547225,-0.17992638657781285,0.51674,0.0020898605339692636,-0.25537204295829685,0.68756,-0.11642870350693504,0.14688893401196582,0.52916,0.032494662651400906,0.21054333959226573,0.72201,-0.052604716607314514,-0.25024448254998316,0.88543,-0.20776085255237847,0.21954649550757085,0.92653,-0.12474125103727385,-0.0683536744143459,-0.015117,-0.03134367180241645,0.0643004047932741,-0.010601,-0.01660562869695368,-0.09856749329181311,-0.37997,-0.035243493444441304,0.09996461650893652,-0.37564,-0.014632629026297878,-0.12467241409527414,-0.88367,0.015999937489143017,0.13543063732663468,-0.8966,0.052098780919533474
66,-0.02441824053115233,0.68212,0.017393056642315326,-0.18019778619274587,0.51608,0.0008072466992496211,-0.2548504795273922,0.68632,-0.11909869818624491,0.14637869602557982,0.52748,0.0320482791870468,0.21054465665052607,0.72017,-0.05313047535936486,-0.2497259655238239,0.88376,-0.211507736603638,0.21995699623192963,0.92431,-0.1262630884646296,-0.06882156264269787,-0.015511,-0.03134493899207992,0.06411343254986923,-0.011056,-0.016040510673708847,-0.098433560678235,-0.38051,-0.03606065074571208,0.099452851752532,-0.3762,-0.01481120907586176,-0.12443132186515732,-0.88449,0.015957152718753385,0.1353041012413582,-0.89688,0.05195258714701595
67,-0.024144461649000668,0.68157,0.01579430928150819,-0.18042212893535403,0.51531,-0.00033912598615380013,-0.2542613188706011,0.68503,-0.12180652955479235,0.14585704712806472,0.52574,0.03160902251069314,0.21062342079602592,0.7181,-0.054095458369258644,-0.24904007926442653,0.8819,-0.2155703539913783,0.22074567150956834,0.9218,-0.12848996773985796,-0.06925324371367905,-0.0159,-0.03133271389672097,0.06388829074630364,-0.011528,-0.015437444202839155,-0.09826690651244874,-0.38104,-0.037351319715287976,0.09897308812941512,-0.37679,-0.015228864275678228,-0.12439832871140061,-0.8853,0.015770039245681065,0.13517119004210496,-0.89717,0.051784960737661506
68,-0.023844461892021298,0.68086,0.014046855949996212,-0.18050537318814872,0.51449,-0.0015946555136347983,-0.25366161554356925,0.68358,-0.12451656367257516,0.14531071614693392,0.52392,0.031136981771925126,0.21068918893823355,0.71577,-0.0556202021350995,-0.24836691919059573,0.87994,-0.21950320988945035,0.22177236500254568,0.91904,-0.13120289982000263,-0.06971863897775332,-0.01637,-0.03131932553695395,0.06364219219031464,-0.01212,-0.014738561164884926,-0.0981764803290124,-0.38168,-0.03901590618205656,0.098504364078685,-0.37752,-0.015824303411331217,-0.12434675520263352,-0.88612,0.015477551343036439,0.1350084371825029,-0.89753,0.051556223974784716
69,-0.0235000057973205,0.67982,0.012064554510047317,-0.18039907289338372,0.51374,-0.0028309791959012474,-0.2530284978554414,0.68208,-0.1273009246392926,0.1448126851854044,0.52119,0.03016066719077927,0.21076825407913766,0.71236,-0.05733553233756602,-0.24766076596300818,0.87786,-0.2236231792605947,0.22286911262210668,0.91514,-0.1341979531849675,-0.07031287040929451,-0.017084,-0.0313296698962143,0.06336100468124342,-0.013038,-0.013927060342493278,-0.09818785649481704,-0.38259,-0.041254896933009225,0.09803234970911825,-0.37861,-0.016752367221056875,-0.12425906287291173,-0.8873,0.014980223427765275,0.13485766604715987,-0.89793,0.051259535476950085
70,-0.02299318563184663,0.67838,0.009599107224082951,-0.1802556617571949,0.51264,-0.004220181213613946,-0.25227536701798176,0.6803,-0.1301900369496169,0.14426077520402422,0.51824,0.029144389486383034,0.2109419574768702,0.70885,-0.05958758276542419,-0.24697140674005746,0.87557,-0.22770549280339525,0.22410768093422467,0.91109,-0.13793972396044493,-0.07097392815878886,-0.017898,-0.031174097881271193,0.06309643993287004,-0.01401,-0.013134967864358225,-0.0981942191220334,-0.38363,-0.04409819792252386,0.09757630313876497,-0.37978,-0.01824320809977901,-0.12420257556275018,-0.88861,0.014199166333955404,0.13471731380247684,-0.89832,0.05090375851393472
71,-0.022394816813161817,0.67676,0.00687360639729428,-0.17997551737802125,0.51109,-0.005866546642921001,-0.2514830673871761,0.67821,-0.1330133480013831,0.14380737360797805,0.51454,0.027511855262330506,0.21115254998307495,0.70452,-0.06233678024765976,-0.24629015911286015,0.87294,-0.2317993909055026,0.2254394484491529,0.90622,-0.14215246597559159,-0.07173889243297292,-0.019247,-0.030895703091050407,0.06290531277481044,-0.015588,-0.012039514346653317,-0.09817746071541016,-0.38521,-0.04730297563022957,0.09726867410789712,-0.38155,-0.020115065033245703,-0.12417094398438197,-0.88987,0.0133863099854842,0.1345938793420114,-0.89853,0.05056721143852089
72,-0.021677855285669498,0.67462,0.0038268178965781756,-0.1797147957685364,0.50906,-0.00763311089093114,-0.25088968930552413,0.67581,-0.1358026852797012,0.14332757927274942,0.51029,0.025625887766353307,0.21165392214059628,0.69965,-0.06523779075430439,-0.24568186776267004,0.87007,-0.23565229651468692,0.22682737823645144,0.90081,-0.14656854465531746,-0.07252296281517773,-0.020968,-0.0305435048006667,0.06268582628671683,-0.017551,-0.01076019199417747,-0.0980285818717923,-0.38714,-0.051026694750937115,0.09725510721405059,-0.38368,-0.02227828507276811,-0.12412576784815574,-0.89125,0.012496638632278054,0.13449659006156683,-0.89878,0.050370326203141025
73,-0.020892647620115376,0.67198,0.00041026262526248263,-0.17926606661888098,0.50672,-0.009602103310990071,-0.25039888564445345,0.67319,-0.13847099575007,0.14314796741664124,0.50507,0.023304430340263957,0.2122020555265069,0.6939,-0.06846158507020764,-0.24517488721104355,0.86711,-0.23904581544350884,0.2281863105619025,0.89452,-0.15122328449067282,-0.07331019671198392,-0.023161,-0.030029396065359364,0.0624491486290342,-0.020101,-0.00938337367415341,-0.09771992444615679,-0.38954,-0.055080686190691286,0.09731053813228954,-0.3864,-0.024821293608597902,-0.12394512209096234,-0.89266,0.011011443995064457,0.13438325123779307,-0.89903,0.05014928704139457
74,-0.020057883525658397,0.66887,-0.003223994645020596,-0.1789072596152242,0.50388,-0.011694586652411652,-0.24992432921727675,0.67001,-0.14133510210239442,0.14320327215106068,0.49958,0.0206872734121546,0.21285033404233447,0.68781,-0.07219574293590057,-0.24463027487346023,0.86361,-0.24259516713103596,0.2295920798105497,0.88782,-0.15648917594602568,-0.07400526065343661,-0.02577,-0.029473649614815363,0.0622039051293329,-0.023326,-0.007952217279536017,-0.09731645511551512,-0.3923,-0.05967238266359011,0.09763326710962504,-0.38976,-0.028079755670244164,-0.1237072979985425,-0.89379,0.009547501133794014,0.134190780497423,-0.89938,0.049916325640940784
75,-0.01908757047035716,0.66516,-0.006884106880282239,-0.17836223142177043,0.50069,-0.013921779564653552,-0.24940385576021204,0.66654,-0.14434444146187037,0.14363813705653558,0.49491,0.018163444274913666,0.21400997347988954,0.68045,-0.07698716614564388,-0.24414125399511735,0.85997,-0.24600200710094133,0.23098333830707965,0.88024,-0.1619607113608643,-0.07450520166749601,-0.028532,-0.028774847080145334,0.06201599437912608,-0.026615,-0.006638895327402153,-0.09673752899826889,-0.39513,-0.06474085467700502,0.09787163789536332,-0.39315,-0.031441434472346846,-0.12353459018892489,-0.89491,0.008049737129520614,0.13405415055927777,-0.89984,0.049251499904373344
76,-0.017987391379716486,0.66064,-0.010612708624705617,-0.1778180696853821,0.49653,-0.016547172488512913,-0.24887360813660112,0.66198,-0.14746680057921338,0.14413846732499092,0.48946,0.015268342614787133,0.21550330592720898,0.67327,-0.08159789908106563,-0.24370665890736803,0.8554,-0.24921535848379758,0.23239543458492962,0.8727,-0.16755042370606435,-0.07511952998669551,-0.032139,-0.02792257616298957,0.06190217013140843,-0.030909,-0.0053541424170604375,-0.09628523870349293,-0.39873,-0.06983977941554073,0.09812516113267813,-0.39749,-0.03498118742532837,-0.12339192173022072,-0.8963,0.006319220816135805,0.1339115925407049,-0.9004,0.04844753086806624
77,-0.016852056637725814,0.65538,-0.014390959942925326,-0.17721077570712976,0.49142,-0.019242667623729906,-0.2483173631549371,0.6565,-0.15067901033580985,0.14465326026078948,0.48359,0.012233631387462215,0.21783774469888503,0.66621,-0.08631417893083022,-0.24319677620531818,0.84988,-0.25256774862072234,0.23385555749700943,0.86525,-0.17352768403849253,-0.0757664729081933,-0.036471,-0.026660746595922807,0.061907909595234886,-0.035817,-0.004073692863756995,-0.09571717851045584,-0.40294,-0.07473145230087216,0.09843277248118602,-0.40237,-0.03864340864451614,-0.12337112668220591,-0.89759,0.004646418207942576,0.13379602390065423,-0.90088,0.04760567286968596
78,-0.015573637581160506,0.64923,-0.018577568799244562,-0.17649386164399564,0.48541,-0.022214322924413436,-0.2478324341380514,0.6498,-0.1543505827303817,0.14539904800619027,0.47772,0.009443751526462825,0.22051277432265817,0.65917,-0.09123441434307791,-0.24267074243892228,0.84314,-0.2564148499290598,0.23545869081268,0.8577,-0.18002805814866402,-0.07630766284866038,-0.041503,-0.025157891497007,0.062006404252976946,-0.041337,-0.0027088544841690383,-0.09504629633767585,-0.40772,-0.0796303805622622,0.09886196221686355,-0.40781,-0.04240198180075362,-0.12324321831860344,-0.89853,0.0029996105535637953,0.1336612301814795,-0.90142,0.046815258008191675
79,-0.014214837411413437,0.64257,-0.022517471602448637,-0.17563701475969482,0.47824,-0.025346111936601825,-0.247498104392154,0.64187,-0.1579167043801587,0.14621307770159128,0.46904,0.00666996626891217,0.22328400146921293,0.64866,-0.09589398514972931,-0.24230534836014078,0.83444,-0.2615392510811156,0.23727917285907812,0.84689,-0.18568792078999566,-0.07680891549208696,-0.047367,-0.023478418130901464,0.062122811119644385,-0.047712,-0.00125556186346505,-0.09440962285589624,-0.41321,-0.08433530169630882,0.09927781710644121,-0.41403,-0.045825784614996055,-0.12298639266383404,-0.89941,0.0015430798868587385,0.13344827252379055,-0.9021,0.045892255821828265
80,-0.012704329383344296,0.63521,-0.026505765786324582,-0.17467005267218905,0.47077,-0.02852651825047534,-0.24717833348314783,0.63327,-0.16203372351610568,0.14699123613519913,0.46081,0.00421479245587876,0.2258901426350492,0.63882,-0.10048112240772952,-0.24203677070204474,0.82508,-0.26720874541849454,0.23929128679881373,0.83635,-0.19214664337991405,-0.077194034731642,-0.05342,-0.02189321051947495,0.0622508998785737,-0.054323,5.661543775454733e-05,-0.09376240670387587,-0.4188,-0.08904242557959084,0.09962619133699711,-0.42041,-0.049206653053058165,-0.12268593144787335,-0.90051,-0.00021850804955074465,0.13317210871325372,-0.90302,0.04492459960717876
81,-0.011194242562614363,0.62739,-0.030606846594338218,-0.17364422563627713,0.46301,-0.03163765034223746,-0.24676655308236511,0.62386,-0.16684531752449117,0.14797208650927238,0.45231,0.001761849622529333,0.22876853296578853,0.6286,-0.10517256878426484,-0.24176020166013015,0.81482,-0.27372978901327705,0.24161846709235227,0.82525,-0.1990676788430052,-0.07757658228745802,-0.059884,-0.020144065766305792,0.062490050801057545,-0.061298,0.0014645329908360948,-0.09319360561717704,-0.42474,-0.09318966011886762,0.09995054263348331,-0.4271,-0.05246279820284308,-0.12238356010195833,-0.90146,-0.001990928871243365,0.13285933274726203,-0.90424,0.04353111649099187
82,-0.009524512340225274,0.6192,-0.03476101209229812,-0.17252450658866716,0.45471,-0.03482056885429829,-0.24637803796974395,0.61355,-0.17233119539473807,0.1489717149289207,0.444,-0.0006248256848033311,0.23156578329660638,0.61829,-0.11015248751721012,-0.24141545922773058,0.80328,-0.2815588663954022,0.24412169902801228,0.81398,-0.2063536880302278,-0.07791553631754779,-0.066709,-0.018169933003423337,0.06269094685161906,-0.06857,0.0031297160969444822,-0.09260558123517701,-0.43094,-0.09698521374464784,0.10018117075797178,-0.43401,-0.055682667092750694,-0.12198461989451934,-0.90224,-0.0033320279395036255,0.13254204192865102,-0.90547,0.04216323837638328
83,-0.007641102877819523,0.61045,-0.03905012269904639,-0.1712963812095962,0.44578,-0.0386758779279371,-0.24600117954359052,0.60262,-0.1783268419592578,0.1502020665566227,0.43537,-0.0030530678210432607,0.23460861666777338,0.60742,-0.11537342278546545,-0.24096655193111782,0.79095,-0.2901514551926767,0.24697127803184224,0.80198,-0.21410664872282337,-0.07830669896356358,-0.074209,-0.015888192925245744,0.06272962122448211,-0.076061,0.005052645448970618,-0.09212090156127578,-0.43772,-0.10036743352072791,0.10032452295160024,-0.44104,-0.058326946795917864,-0.12157419486496736,-0.90306,-0.004565497556120606,0.1322906118541497,-0.90718,0.04076737165006723
84,-0.0056019111457211645,0.60127,-0.0436641177228562,-0.16981473484260026,0.43611,-0.042759634169826144,-0.24547146263631628,0.59054,-0.18484386581974413,0.15179126613746374,0.42586,-0.005616043570490482,0.23716318610866546,0.59772,-0.12007119619120357,-0.24044312017243022,0.77689,-0.300203271903799,0.24998472926296997,0.79069,-0.22232827336018146,-0.07861817989758571,-0.082145,-0.01339033291560935,0.06269795365995784,-0.084078,0.007270845882961447,-0.09167998301196954,-0.44489,-0.10309835769266634,0.10051332171959634,-0.44852,-0.06075098887995914,-0.12108190941657328,-0.90392,-0.005744931334380091,0.13197917342115953,-0.90876,0.039827004645937136
85,-0.003502356546062497,0.59214,-0.048683794055355355,-0.1681442607793194,0.42644,-0.04739599614921321,-0.24491805388207255,0.5784,-0.1917831913453789,0.1531287551231404,0.41715,-0.007845663989573877,0.23992154281533173,0.58691,-0.1256367660882392,-0.23991050731889033,0.76266,-0.31088303423955554,0.2532558708221096,0.77831,-0.23120510460224475,-0.07888544181567735,-0.090197,-0.010751655014247009,0.06259815892847517,-0.091809,0.009881173450828801,-0.09131169926952498,-0.4521,-0.10535976170014731,0.10072297331476046,-0.45567,-0.0627692451096399,-0.12061108243122601,-0.90463,-0.006687492711622342,0.13167869886574934,-0.9102,0.03899722151670934
86,-0.0011181510907340708,0.5824,-0.05460371807064323,-0.16600184571446427,0.41654,-0.052462948062334334,-0.24430622364532587,0.56557,-0.1993417800867646,0.15430862499973824,0.40886,-0.010045197593385614,0.24220255316835204,0.57538,-0.131316967824922,-0.23937330391792427,0.74795,-0.32187676938762927,0.25671695587758403,0.76487,-0.24052569418868025,-0.07902813966823727,-0.098304,-0.00798439331305668,0.062488531165310335,-0.099636,0.013013727321641477,-0.0908506410992552,-0.45931,-0.10739867547067011,0.10099287485569047,-0.46287,-0.06434024420518501,-0.12018954570212625,-0.90533,-0.007580865974049571,0.13132332744380945,-0.91168,0.03830601087409133
87,0.0014017553354679895,0.57266,-0.06070584594567056,-0.1638566763211535,0.40664,-0.057718283662845746,-0.24364227491289217,0.55266,-0.20702318439071188,0.1558526867573234,0.39698,-0.01477086762934485,0.24484432517211158,0.56144,-0.13794898416086027,-0.23865307890534312,0.73301,-0.33310224380661274,0.2603686514120711,0.74964,-0.24966036001307734,-0.07919874020032726,-0.10672,-0.005081922734661336,0.06231898997237302,-0.10789,0.016451514514574946,-0.09050694327087838,-0.4668,-0.10900235648719711,0.10118991566874554,-0.4704,-0.0654001304811555,-0.11983002541484059,-0.90602,-0.008295289631993533,0.13095294836760632,-0.91309,0.037584737458588646
88,0.004112396563254822,0.56215,-0.06780906184652999,-0.16127074511961884,0.39581,-0.06391843566267039,-0.24268933109569252,0.5392,-0.21519180716822223,0.15739712163747382,0.38772,-0.019729004567850556,0.24763607754895553,0.55021,-0.14497087982132023,-0.23727300865585682,0.71774,-0.34403874718321725,0.26379245911323573,0.73645,-0.2604395826578438,-0.0793081210247463,-0.11542,-0.002255984158674694,0.062096581013963675,-0.11646,0.020039401672111996,-0.0902825399567358,-0.47456,-0.11033259862778726,0.10136940599466275,-0.47823,-0.06644686455574282,-0.11947085242391024,-0.90664,-0.009007743674431464,0.13064225261210077,-0.91437,0.036985684750130664
89,0.00705239701946815,0.55103,-0.07559685012802977,-0.15864951346942088,0.38467,-0.07037637416005488,-0.2412457920109244,0.52497,-0.22378163806939524,0.1589597655338923,0.37749,-0.024963173083764625,0.25101397977585876,0.53737,-0.15261037434291536,-0.23545379465181127,0.70227,-0.35464396101451195,0.26707201861500185,0.72189,-0.27126454868432054,-0.0794683807652218,-0.12454,0.0008585030889445254,0.06199480410279012,-0.12534,0.023806966065768986,-0.09010333503738353,-0.48273,-0.11134892022889585,0.1015125467701346,-0.48633,-0.06728169131525483,-0.11902007067380148,-0.90705,-0.009548684349338499,0.13042204981572378,-0.91546,0.03644929801607793
90,0.010137063857764703,0.53864,-0.08366375780673255,-0.15575015087484323,0.37244,-0.07754785605330147,-0.23976055332112922,0.51001,-0.2324351960679491,0.1606077205541421,0.36609,-0.030738752730106067,0.25419370669873875,0.52346,-0.16068082889615537,-0.233617215829999,0.68604,-0.3653476556211079,0.2699183107902165,0.70664,-0.28182066638228653,-0.07970979190639649,-0.13426,0.004018591325199442,0.06193133014831287,-0.13503,0.0276625184330833,-0.09001693037206637,-0.49144,-0.11235723477992218,0.10189513643884007,-0.49523,-0.06789659711730894,-0.11862031566171687,-0.90747,-0.010030588831900389,0.13026835070374737,-0.91641,0.03634197801338659
91,0.013134617555592582,0.52552,-0.09206588526521818,-0.15274017617491467,0.35897,-0.08494353643483432,-0.2383083077850908,0.49418,-0.24090164059343067,0.16224384345592355,0.35319,-0.03661999221258476,0.25744179935119976,0.50821,-0.16867830313000123,-0.23190045425077693,0.66926,-0.3753718328781254,0.2725421650013087,0.69003,-0.29232461749979155,-0.07973315196842556,-0.14501,0.0068231423244686645,0.061920060001284256,-0.14539,0.03117593813243405,-0.08987128763577779,-0.50115,-0.11352874201138359,0.10247525187897755,-0.50474,-0.06816899953307298,-0.11824127465137153,-0.90778,-0.010337430668155463,0.13015421755006915,-0.91733,0.03624061913004891
92,0.016127196725642723,0.51124,-0.10083139716761054,-0.14940796924494776,0.34443,-0.0920935292303468,-0.23685663306218224,0.47732,-0.2493072601719548,0.1638734434217605,0.33897,-0.042752176811187786,0.2606545194278366,0.49152,-0.17693587115631354,-0.2301298136517041,0.65137,-0.38535604701189247,0.27466495696939836,0.67222,-0.3026935255551373,-0.07970841629371828,-0.15611,0.009320376223485092,0.062151468339942714,-0.15647,0.03438994982824341,-0.08972323786738887,-0.51122,-0.11488666331472926,0.10354535873462763,-0.51499,-0.06862307586750446,-0.11787051888495732,-0.90811,-0.01065487225596432,0.13011127836541145,-0.91775,0.03613861311835876
93,0.01902968250575525,0.49618,-0.10970215250727833,-0.14635689336315483,0.32925,-0.09885849042488012,-0.23520216844543737,0.46002,-0.25742326576780916,0.16527006275323403,0.32423,-0.048829992080094406,0.26379770810624553,0.47413,-0.1853173963714472,-0.2281435367612935,0.63354,-0.3943172748359477,0.27643554948369714,0.6538,-0.3130229932155886,-0.07957249770053018,-0.16816,0.01153258668725787,0.06262879980258956,-0.1684,0.037309187344234086,-0.0892884263981567,-0.52214,-0.11654637382750677,0.10495123935351958,-0.52584,-0.06934592902370146,-0.11756505304952296,-0.90887,-0.011005150179023114,0.13005501813967027,-0.91843,0.03605456677995218
94,0.021867114513271765,0.48005,-0.11815789940525966,-0.1434915195104489,0.31299,-0.10508857242146966,-0.23347467542452446,0.4416,-0.2652623835665603,0.16675449819401014,0.30776,-0.05534824954832683,0.2665111024216565,0.45558,-0.19344976941313038,-0.22581895227130538,0.61439,-0.40323915843465635,0.278117010614256,0.63436,-0.32278938397504625,-0.07935978574075543,-0.18098,0.013602977621880792,0.06328618402816029,-0.18114,0.03989258858677671,-0.0887530485916684,-0.53022,-0.11860366126593624,0.10609813655110184,-0.53351,-0.07037947429033373,-0.11726804610619737,-0.90962,-0.011365043045882674,0.12998786794733297,-0.91914,0.03597469280628701
95,0.024042328065973406,0.46298,-0.12314595734399122,-0.1407843872323714,0.29579,-0.11076674808174922,-0.23160983204654573,0.42216,-0.2726711121467965,0.16834664358971374,0.28955,-0.062131834296742655,0.26890069988960713,0.43588,-0.20141584272067428,-0.22310972194451262,0.59389,-0.4121541441910323,0.2796844347606845,0.61397,-0.33196662656447323,-0.07919788483536218,-0.19502,0.015201374661678112,0.0639995087931497,-0.19511,0.04192838444580895,-0.08811789877782841,-0.53776,-0.12093884535160894,0.10730073696631177,-0.54081,-0.07158495894031353,-0.116952161380103,-0.91034,-0.011774409434122205,0.13000123885701334,-0.9196,0.035898862609305075
96,0.026023506260883036,0.44513,-0.12795498936301697,-0.13817804480832468,0.27743,-0.11598849148492542,-0.22953867772640332,0.40205,-0.279464669372739,0.16955056152875098,0.27345,-0.06677125943312157,0.2707655192251989,0.41696,-0.2089971980642526,-0.21999265261991457,0.57227,-0.4209058285332404,0.28134964865734935,0.5935,-0.34192881320588653,-0.07909137638038867,-0.20985,0.01961898305865257,0.06446628866644118,-0.20995,0.04686544496294766,-0.08738605275523785,-0.5443,-0.12359207006866899,0.10856387327684391,-0.54702,-0.07361749643345239,-0.11657346588229008,-0.91106,-0.012482405705253786,0.13001066572720427,-0.92027,0.03578781246694405
97,0.02804474793665261,0.42713,-0.1325132547225734,-0.135331559441325,0.25823,-0.11975035565783979,-0.22617789989339696,0.38123,-0.2852794154856121,0.17140226906945047,0.25453,-0.0711685180318074,0.27239115467680525,0.39579,-0.21614347747234186,-0.21640618024071512,0.55016,-0.4283460782517135,0.28239519682184233,0.57126,-0.3506802090394508,-0.0779771998049011,-0.22747,0.026136473109173147,0.06575902311035299,-0.22676,0.05395970367387188,-0.0856193535591425,-0.55014,-0.12860138877988275,0.11028273810038086,-0.55253,-0.07852253728123411,-0.11619018162087393,-0.91178,-0.01310125073831997,0.12995909400226008,-0.92083,0.03567717631920614
98,0.029908259365371847,0.39999,-0.13659161887441573,-0.13247143334691933,0.23943,-0.12289852778212076,-0.22268907301011198,0.35999,-0.2908989605720464,0.17324367971524782,0.23604,-0.07504667839898463,0.2735615193518934,0.37489,-0.22295370849098617,-0.21266111720670894,0.52672,-0.43674332797238513,0.2831788666273183,0.54873,-0.35973163774634487,-0.0766938471710607,-0.24562,0.0332493860860916,0.06669324068822592,-0.24389,0.06148627437487464,-0.0838352414605065,-0.55509,-0.13336393473971353,0.1119240572628917,-0.55703,-0.08369612360087496,-0.1159516424610023,-0.91253,-0.013590257966495314,0.12993503260037118,-0.92139,0.03552569678613603
99,0.0315947824289906,0.37437,-0.1399599294236202,-0.1293190164200179,0.21913,-0.12574638162650698,-0.21897768795076947,0.33794,-0.29570753842223135,0.17504703736774913,0.21642,-0.07888179263159427,0.27473882995408816,0.3528,-0.22980333181975107,-0.20869240245515935,0.50191,-0.44479651387740643,0.28368619540643397,0.52498,-0.3689434897593703,-0.07604712132990638,-0.26382,0.04124313180924187,0.06700431414148045,-0.26114,0.06978841995940158,-0.08189353607900156,-0.55892,-0.13792607022777553,0.11337212097208281,-0.56024,-0.08891394033722394,-0.11577799606715829,-0.91329,-0.01417194166912499,0.1299947916158756,-0.92182,0.035359549682441906
100,0.03338594810248338,0.34839,-0.14274114975471608,-0.1262265820253955,0.19813,-0.1283692330357477,-0.2149592760062165,0.31521,-0.3004721334148696,0.1766302162662604,0.1973,-0.08308066683491457,0.2760191637942363,0.33076,-0.23729481666975055,-0.20468077434516196,0.47673,-0.45251719648369704,0.2844835887694144,0.50079,-0.3792820904298999,-0.07568645538416849,-0.28235,0.04958651553981456,0.06711248656292718,-0.27981,0.07825076595370117,-0.07998073198979612,-0.56131,-0.14203635981809867,0.1143712649763455,-0.56222,-0.09394690281063321,-0.11559531996807558,-0.9142,-0.014804835374911302,0.13012676244707955,-0.92229,0.03501421984053516
101,0.035158040706881395,0.32301,-0.14562727584368687,-0.1234480242735422,0.17675,-0.13030616793904626,-0.21127964630482296,0.29175,-0.30452474063252877,0.17806634098449775,0.17813,-0.08667590615847395,0.27700184418312224,0.30883,-0.24407721589519427,-0.2009354949296728,0.45088,-0.45936080533428997,0.2849138213252917,0.47675,-0.3888629359013529,-0.07545200583738458,-0.30071,0.05841535721978666,0.0670395264849806,-0.29777,0.0871990409733363,-0.0781263012983196,-0.56318,-0.14518213266598676,0.11511289951349007,-0.56386,-0.09827385545808781,-0.11538448882182385,-0.91506,-0.015424641173343506,0.1301705217878516,-0.92274,0.03476604828677608
102,0.03685924700738791,0.29745,-0.14796741646405928,-0.1206891386343622,0.15563,-0.13207394904255607,-0.20778484682398216,0.26783,-0.30885364079177413,0.17937682011691097,0.15665,-0.08984651247959131,0.27750263575571,0.28514,-0.2503150206212838,-0.1969035517667113,0.42418,-0.46679358639730045,0.2853256195643036,0.45108,-0.39770577041356375,-0.07546063132082415,-0.31879,0.0680238337692213,0.06657331571740017,-0.31564,0.09716245090770076,-0.07638471787993958,-0.56502,-0.14751515371107482,0.11569026768303912,-0.56547,-0.10163465461852444,-0.11521766457550575,-0.91551,-0.01591004684990734,0.13021497572133434,-0.92301,0.03451393750200496
103,0.03846093964006621,0.27269,-0.15067034907706023,-0.11805532776787636,0.13668,-0.13347792209058124,-0.20430748428806905,0.2442,-0.3136019404657446,0.18050256519831942,0.13484,-0.09260290468892668,0.2779113937941343,0.26074,-0.25603087723827683,-0.19271066256926245,0.39738,-0.4749087869603129,0.28586651231030585,0.42353,-0.407165560846619,-0.07596885835509966,-0.33552,0.0778569684821006,0.06580348014183324,-0.33288,0.10738507499286554,-0.07478234259831969,-0.56667,-0.14864405470622608,0.11613514469726699,-0.56719,-0.10422678278707856,-0.11503062322959438,-0.91594,-0.016394933986176873,0.13025630398761906,-0.92315,0.03427955325678805
104,0.04015357645348379,0.2503,-0.15381418775260697,-0.11564802268458334,0.11913,-0.13492183421946982,-0.20072360150826216,0.22002,-0.3188391710526678,0.18143603544609954,0.11476,-0.09501749229274421,0.2782453629042269,0.23641,-0.26218640033818513,-0.18823931738964267,0.36891,-0.484315251348418,0.2866309125195295,0.39567,-0.4173170480440762,-0.07665320729741022,-0.35114,0.08879835680923524,0.06487496797928212,-0.34889,0.11836362945891411,-0.072991149780361,-0.56829,-0.14915071464039623,0.11617639897514342,-0.56845,-0.10624020750247191,-0.11488069272510687,-0.91658,-0.01672694278700016,0.13023132447624494,-0.92328,0.03419086828618137
105,0.04163262709435375,0.22926,-0.15823450789958077,-0.11323955193264353,0.10287,-0.13631476947893112,-0.19702275555151463,0.19623,-0.3244517942543824,0.18177869316923329,0.096731,-0.09701838851313567,0.27868126171078705,0.21169,-0.268516881538729,-0.18350844923068638,0.34085,-0.4936962633653901,0.2876344966127386,0.36681,-0.42790361117702247,-0.07669149784579088,-0.36527,0.09711810336991272,0.06471401868684666,-0.36328,0.12650943398181205,-0.07124630357575273,-0.56838,-0.1488532054434559,0.11590395328308281,-0.56818,-0.10713105111662516,-0.11471327540709479,-0.91724,-0.016697422596796782,0.13016586089708743,-0.92326,0.034159016758684435
106,0.04329287817371634,0.20704,-0.16223701540781546,-0.11143880792192179,0.086945,-0.1381194913433329,-0.1932003799127872,0.17239,-0.3309264096465476,0.18211961441059035,0.080026,-0.099009436655997,0.2788106563604926,0.18763,-0.27529742407046104,-0.17779936481417752,0.31167,-0.5044787007116108,0.2885772317166033,0.33893,-0.4386633718864407,-0.07729150201337816,-0.37613,0.10390705314133378,0.06428731664140255,-0.37518,0.13315631906916037,-0.07005271657910192,-0.56838,-0.14864274385212356,0.11590395328308281,-0.56809,-0.10713105111662516,-0.11460477290608578,-0.91789,-0.016679306105006432,0.1300969243543766,-0.92328,0.03414686138624775
107,0.04496659144640541,0.19531,-0.16732365564286494,-0.10967978755861417,0.071041,-0.14003311287369594,-0.1893188196393311,0.14853,-0.33670009909468457,0.18247963695149078,0.06349,-0.10110881365168967,0.2788710904251004,0.16155,-0.2822627487379719,-0.17225867104523168,0.28196,-0.5139606210107255,0.2892952696462128,0.30944,-0.44895503946422627,-0.07781248423893349,-0.38579,0.1103342287668053,0.06414315406346335,-0.38603,0.13954839550417913,-0.06891254233484316,-0.56838,-0.1484518546362707,0.11590395328308281,-0.56802,-0.10713105111662516,-0.11442733386236592,-0.91851,-0.016649034240779396,0.1299096372331266,-0.92348,0.034114853040244045
108,0.04596452588530897,0.18139,-0.173138709886434,-0.10789179377584601,0.051206,-0.14188070001177155,-0.18542567480656819,0.12311,-0.34248190013857494,0.18274745766151884,0.044983,-0.10389462988168045,0.2783685197158755,0.13692,-0.2887993244991965,-0.16640804824065183,0.25263,-0.5233574296603966,0.28965525573641066,0.28031,-0.45963477775759587,-0.07861512985797355,-0.3974,0.11748346376156073,0.06405744848861619,-0.39759,0.14682404637227608,-0.06786278954296773,-0.56838,-0.1482261378315136,0.11590395328308281,-0.56787,-0.10713105111662516,-0.11420194566304591,-0.91923,-0.016314818502659117,0.12980130838029527,-0.92362,0.03409575174070068
109,0.04689149770509844,0.16774,-0.1785397975773826,-0.10626075033565595,0.034202,-0.14347164227854714,-0.18161190944956318,0.097612,-0.3483893948530633,0.1821053076316404,0.028119,-0.10606917427973883,0.2789174581346281,0.11312,-0.2945615433958037,-0.1604606571001605,0.22276,-0.5325543986514285,0.2895316405709206,0.25187,-0.46958744671073904,-0.07934245963226434,-0.40688,0.12428042539154148,0.06288037102015075,-0.40621,0.1536838650749264,-0.06742219998724108,-0.56986,-0.14500062750857484,0.11583540560662538,-0.569,-0.10476703964963684,-0.1139745235541908,-0.91988,-0.015934549933876618,0.12959164468651319,-0.92377,0.03436341035817764
110,0.04786512139912863,0.15318,-0.1842169787355299,-0.10473108982119056,0.019744,-0.14512107815498654,-0.1786960556295759,0.074912,-0.3544450613316985,0.1813438150027537,0.013003,-0.10831553332854453,0.2783542548175417,0.090633,-0.2997176758634216,-0.15465925064084432,0.19546,-0.5417872629466408,0.2895261782934051,0.22397,-0.4796919046459044,-0.08048760088188704,-0.41523,0.13043507668291554,0.061804528035026424,-0.41428,0.1599522781812364,-0.06712933159446624,-0.57135,-0.14180116441228607,0.11612064123529031,-0.57015,-0.10271635448702897,-0.11375608128197745,-0.9206,-0.015560941885635848,0.12936637669912812,-0.92399,0.034892328436767775
111,0.04851707049164974,0.13981,-0.18946347503122676,-0.10220116151443184,0.004993,-0.14789388589492475,-0.17566257164997012,0.053338,-0.36024643831871417,0.1811026960937379,-0.001425,-0.11345549068942945,0.27759230538330226,0.06886,-0.3052439434157268,-0.14896495928093878,0.16917,-0.550642998145285,0.2895415778395966,0.19823,-0.4897419127480891,-0.08154993358891091,-0.42247,0.13596461058909493,0.06095546476145773,-0.42136,0.16490000700944402,-0.066839803389125,-0.57282,-0.13887645546637167,0.11684945853549544,-0.57112,-0.10091239042338421,-0.11354289832369104,-0.92118,-0.015099919081106347,0.12926427157065998,-0.92425,0.03547139539553895
112,0.04867586403364109,0.12635,-0.1947867736900493,-0.09953980736338919,-0.010627,-0.15118169581685267,-0.17213197303449712,0.030476,-0.365411830212503,0.18067922875994263,-0.013875,-0.11353015940582623,0.2762435934052575,0.048986,-0.30623317341945633,-0.14366030682168496,0.14364,-0.5579224460835926,0.2888991633434612,0.17508,-0.49381535154291023,-0.08318324570133949,-0.4301,0.14123099716277082,0.06051445376509823,-0.42832,0.16946274448831455,-0.06657704166594719,-0.57408,-0.1363930996165522,0.1179775495344785,-0.57191,-0.10013468437479425,-0.11335809392934819,-0.92171,-0.014593128852479573,0.129130810033018,-0.92449,0.036343468797249055
113,0.049297922838048056,0.11044,-0.19919573636213667,-0.09679329347812875,-0.026469,-0.15443418124773037,-0.1689267875363261,0.010015,-0.36953794047791216,0.1806757557963893,-0.032338,-0.113510463250766,0.27563286834406797,0.028208,-0.30737659586966226,-0.13906442743595607,0.12101,-0.5632553995497156,0.28799213663459433,0.14989,-0.4970215646595639,-0.0847758346403708,-0.43803,0.1456617602427916,0.060304856924432826,-0.43745,0.1731219397774981,-0.06632307837552606,-0.57511,-0.13510949856984084,0.11939808035133223,-0.57286,-0.0996506583441214,-0.1131289353387164,-0.92207,-0.014222708361227195,0.12908781741211756,-0.9248,0.037105581410022334
114,0.05022601953185086,0.093974,-0.20317502845080673,-0.09406010063395179,-0.042863,-0.1576687070053245,-0.1659943739314141,-0.009432,-0.37315366315114457,0.18079210007542615,-0.050471,-0.11417028444528418,0.2760768609081524,0.009635,-0.30966425200707404,-0.1346862271702147,0.099765,-0.5676417719043001,0.28688953042525467,0.12861,-0.49865788967224506,-0.08577798844280704,-0.44632,0.1486328759854483,0.06048582314321341,-0.4465,0.17601735204998373,-0.06607460156087668,-0.5763,-0.13453766356515706,0.12084748423003683,-0.57368,-0.09940524360048113,-0.11295105104527033,-0.92241,-0.013907023109520387,0.1289185861336991,-0.92503,0.037777401158470426
115,0.05122800503757818,0.079932,-0.20735453153685807,-0.09098745856393754,-0.058194,-0.16098553843148689,-0.16443479071032435,-0.027078,-0.37623972863594807,0.18132460512534673,-0.071269,-0.11730544606341632,0.27702814657489416,-0.009749,-0.3131012791498606,-0.13112869796393095,0.081493,-0.5707715619845509,0.2860265346587083,0.10647,-0.5018258761474249,-0.08641761588227875,-0.45538,0.15042909444061317,0.061109056922503874,-0.45812,0.1779651671480747,-0.06581756673734049,-0.57777,-0.134492341390786,0.12233628041886195,-0.57484,-0.09915288292973418,-0.1126606703427289,-0.92275,-0.013595871944342502,0.12883176204486563,-0.92534,0.038269805034976526
116,0.05194495035581538,0.064921,-0.2101017720451969,-0.08785746451051923,-0.074255,-0.1642821028894592,-0.16287575425997747,-0.043847,-0.37909234241045203,0.18205861418852193,-0.091015,-0.1210651043850164,0.27795685797853925,-0.026238,-0.3164102812847557,-0.12699360514692332,0.064929,-0.5737792034849183,0.2855562001551722,0.088034,-0.5056658872743338,-0.08732696462220248,-0.46495,0.15342672848585603,0.06148764019636259,-0.46982,0.1801947802770176,-0.06557727364560552,-0.57974,-0.13444997123543528,0.12391370930545814,-0.57661,-0.09888489392299724,-0.11233126866880934,-0.92317,-0.013448431999894005,0.1286651613153221,-0.92561,0.03869635538008898
117,0.05137266211342467,0.051293,-0.21393945183481214,-0.08737241528169859,-0.084921,-0.16709054146732064,-0.1619255861771086,-0.057887,-0.38223509289598173,0.18188186531717784,-0.10321,-0.1257063067978054,0.2764667759091324,-0.042742,-0.31757675264164026,-0.12245581065027947,0.05,-0.5760761190485012,0.2850878906420566,0.072009,-0.5074442253186676,-0.08770611560711218,-0.47337,0.15335987393745426,0.06148764019636259,-0.47936,0.1801947802770176,-0.06549356498659949,-0.58201,-0.13443521114033358,0.12558257687070096,-0.57868,-0.0992506548417414,-0.11203547904655034,-0.9235,-0.013398307162099948,0.12856062689618952,-0.92609,0.03888608559701981
118,0.05093881776958556,0.038276,-0.21781364582651142,-0.0868526364173446,-0.096663,-0.17009594159578456,-0.1608496282540936,-0.07016,-0.384766715803901,0.17458205424113205,-0.11635,-0.1316441143270235,0.27453762221232725,-0.05795,-0.31855663325380845,-0.11750266041559385,0.036828,-0.578309950454994,0.28434680923568195,0.057641,-0.508712175770825,-0.08813549178742551,-0.48223,0.1532841633319915,0.06148764019636259,-0.48966,0.1801947802770176,-0.06538139726036565,-0.58469,-0.13472006092739955,0.12703759271115653,-0.58135,-0.10030399662104349,-0.11173986307246901,-0.92373,-0.013347197516552884,0.12846214612088827,-0.92657,0.03886872077925311
119,0.0500520339865218,0.024141,-0.22124983768991124,-0.08636007044828739,-0.10829,-0.17300459743072388,-0.15976327548280567,-0.083424,-0.38753005394034296,0.16726723372700006,-0.12935,-0.1372088605787437,0.2724735456652979,-0.072341,-0.31917444229226877,-0.11165100378837357,0.023109,-0.5802838082809554,0.28298765432459017,0.045117,-0.5098149440727157,-0.08923370196040037,-0.4916,0.15492844141552073,0.06134224199458108,-0.49979,0.1810424095373188,-0.0650909186818778,-0.58729,-0.1357858109897686,0.12798914284415516,-0.58423,-0.10184212936706716,-0.1114540951759178,-0.924,-0.013297824352782484,0.12842258016259014,-0.92693,0.03886275965989945
120,0.0497612962158214,0.010878,-0.2249566384059854,-0.09556479039926807,-0.1187,-0.17637417168039077,-0.15810021842256755,-0.097189,-0.3921819397100489,0.15749864968041297,-0.13889,-0.14216038213527193,0.2711452208673782,-0.084655,-0.3193578904626919,-0.10510660494003936,0.010107,-0.5828463155909785,0.2809572859987693,0.032456,-0.5096449309511533,-0.09100973689788934,-0.50131,0.15571193927819713,0.061116954152870634,-0.50918,0.18101283947851848,-0.06474466359519418,-0.59029,-0.13732913092255822,0.128593630841532,-0.58806,-0.10388824624081297,-0.11095084941758955,-0.92426,-0.013560426155374592,0.1282155968862799,-0.92693,0.0388272783503424
121,0.048074215989240304,-0.002301,-0.22517288203960056,-0.10491699108933071,-0.12647,-0.17804352552328684,-0.1568726157718525,-0.10817,-0.3956311703100461,0.14767285790474372,-0.14568,-0.14609641007993784,0.26966877239008563,-0.096627,-0.318298173569413,-0.09846124972478847,-0.001237,-0.5842537437643278,0.2786241990306781,0.021692,-0.5077005273923921,-0.0926948391328412,-0.51025,0.15472432019284071,0.06086275354065855,-0.518,0.18010490443197,-0.06440350922010774,-0.5932,-0.1393099836915341,0.1292224055413952,-0.59198,-0.10624486296332256,-0.1104129737609217,-0.9245,-0.013904248461172405,0.12800211471641212,-0.92693,0.038713478688003095
122,0.0467621708437247,-0.013164,-0.2257596303128225,-0.1141880998642458,-0.13328,-0.1797696605364571,-0.15547181554466546,-0.11812,-0.39914124989938776,0.14092413665396378,-0.15031,-0.15066776233931045,0.27016226980807756,-0.10582,-0.31867825290117846,-0.09161422219957402,-0.010539,-0.5850772812977505,0.2763652580506277,0.016237,-0.5057735126937847,-0.09496626478860551,-0.51712,0.15601956900690522,0.05945046600969538,-0.52409,0.1818258076628014,-0.0639637172512133,-0.59593,-0.14139529518483576,0.12952859714721887,-0.59566,-0.10803894955558146,-0.10979613983583521,-0.92472,-0.01423516372050988,0.1277469845939371,-0.92693,0.038202411548963734
123,0.04678766400949131,-0.023623,-0.22738997202501024,-0.1242910617415043,-0.13858,-0.18150031396989252,-0.15409646768861157,-0.12731,-0.4023918065093929,0.13403564374343435,-0.15543,-0.15225809734225354,0.2702410544283186,-0.11439,-0.31866436104696516,-0.0848979775783527,-0.018409,-0.5849287613061145,0.2741990416298057,0.010886,-0.5035661372345206,-0.09708618159486843,-0.52581,0.1545897268007426,0.05832462693070438,-0.53072,0.17891610280350437,-0.06349536166941991,-0.5986,-0.1438614322550334,0.13035706725139906,-0.5995,-0.11152809519405514,-0.10919384248907583,-0.92495,-0.014541225652292695,0.1272479856543255,-0.92694,0.037346762053979674
124,0.04693324307216659,-0.033287,-0.2281867980640618,-0.13456144093677486,-0.14185,-0.18326048759353133,-0.1521713399302605,-0.13541,-0.4053626452990323,0.12728009987956157,-0.16013,-0.1538249898412115,0.26920526980587905,-0.11993,-0.3188368435559853,-0.07844227735079272,-0.025014,-0.5838209099749865,0.2714749577533201,0.008531,-0.501477437391587,-0.09870371367097533,-0.53302,0.15295399485975553,0.05742814351249404,-0.53451,0.17612807366433206,-0.06308402457969164,-0.60103,-0.14603299524021568,0.1310402677418559,-0.60281,-0.11407820050361384,-0.10866082898138267,-0.92505,-0.01485747334100617,0.1268095382762998,-0.92695,0.036608409227275235
125,0.04693324307216659,-0.041297,-0.2281867980640618,-0.1445995100480057,-0.1435,-0.18489846455251244,-0.14993911315953806,-0.14209,-0.40777162094109887,0.1290804925607152,-0.1638,-0.15191331225499347,0.2698634747305555,-0.12485,-0.3178475173827079,-0.07092298474997959,-0.030084,-0.5825255186119782,0.2686685201234921,0.005105,-0.5000734403011748,-0.10034513830927086,-0.53904,0.1511312732252769,0.056288561021673233,-0.5386,0.1739470526312802,-0.06282570697765265,-0.60297,-0.14717549601329064,0.13141941562468668,-0.60535,-0.11611327958879576,-0.10818705354466089,-0.92505,-0.015010528349284565,0.12634167044526456,-0.92697,0.03592173267118615
126,0.04700316442263046,-0.047622,-0.22817446904344746,-0.15487621627247905,-0.1435,-0.18633481728630397,-0.1474994338203922,-0.14714,-0.4096870751227865,0.130932219645022,-0.16658,-0.14951533252087462,0.2700044663478836,-0.12827,-0.3162284369758586,-0.063264082581968,-0.033831,-0.5812156645816267,0.2656801544235349,0.002016,-0.4989046073604519,-0.1020432719906796,-0.54273,0.149745339965677,0.05518810528873333,-0.54354,0.17236187813620413,-0.06273898743449038,-0.6045,-0.1475866841950684,0.1317447806572147,-0.60735,-0.11749781474385974,-0.10773141142940036,-0.92505,-0.015175919590893405,0.12589508564527555,-0.92722,0.03540229257221539
127,0.046672269017618354,-0.053751,-0.22823281483114352,-0.16615214483253388,-0.14596,-0.18745995510387992,-0.1452566439046878,-0.15119,-0.4111193786499813,0.1282911983851726,-0.16718,-0.14997086155949188,0.26883080864002235,-0.13173,-0.31642523022975216,-0.055128975686570325,-0.036672,-0.579669528817713,0.26316542168980045,-0.000479,-0.49932771405844234,-0.10333864861753765,-0.54273,0.15113145842908116,0.053285483854379645,-0.54508,0.1743009502538774,-0.06269861031661689,-0.6053,-0.14757956461978405,0.1318432614325159,-0.60836,-0.11748044992609305,-0.10730055113494932,-0.92505,-0.01525835384751987,0.1254737279158222,-0.92743,0.03508530887574201
128,0.04536929933530115,-0.056828,-0.22687849802663942,-0.17780222821157243,-0.14841,-0.18813319893894304,-0.14271236693836295,-0.15411,-0.4106910625066609,0.1199488396365706,-0.17347,-0.1514012274251443,0.2670367220477635,-0.13622,-0.31673142183557584,-0.047261407196714594,-0.038314,-0.5774699229308712,0.260770770664913,-0.002972,-0.49853144370924823,-0.10365201928419737,-0.54273,0.15295474195757508,0.05152752461404756,-0.54646,0.17634676434839602,-0.06264247627469519,-0.60577,-0.14756966667365704,0.132089463370769,-0.60886,-0.11743703788167632,-0.10676228009715216,-0.92494,-0.015258892242139546,0.1252159173758754,-0.92749,0.03487738166373665
129,0.04450196383741802,-0.060524,-0.22418823816296235,-0.17871212682431795,-0.15109,-0.18700404681698438,-0.1398546879728509,-0.15502,-0.41019733086895693,0.11472611871578192,-0.1805,-0.1522916712378333,0.2647977595272594,-0.13982,-0.31693328028047746,-0.03996956966625814,-0.039145,-0.5747118066480748,0.2586311482414839,-0.004776,-0.4967052411232356,-0.103946414137293,-0.54273,0.15668021919820757,0.0500263064145635,-0.54785,0.17924003583886108,-0.06253316261411083,-0.60578,-0.147550391725936,0.132309618082372,-0.60887,-0.11724590467430776,-0.10640184526802708,-0.92472,-0.015229862361781863,0.12502937471593295,-0.92713,0.034783563563022535
130,0.042778114248732756,-0.06916,-0.2201360191911409,-0.1796578726564697,-0.15263,-0.18538365648716643,-0.13719397055794125,-0.15552,-0.40973832886678635,0.11381998467731247,-0.19188,-0.1470087604772462,0.2614857714807087,-0.1451,-0.3101858929950532,-0.033120775412722236,-0.039923,-0.5711686982285182,0.2555398616772791,-0.009041,-0.49000017234074217,-0.10526763634546846,-0.5419,0.1659008738320513,0.047884418420974795,-0.549,0.18684361636535785,-0.06244508506320587,-0.60598,-0.14652958893154985,0.13246385861362253,-0.6089,-0.11616266423076829,-0.10608653313888552,-0.92444,-0.01517527975268146,0.1248445685377672,-0.9267,0.034679897384778294
131,0.03955490532624044,-0.083161,-0.21731283300493817,-0.18155148548074163,-0.1601,-0.18489505596347366,-0.1347842620101937,-0.15719,-0.410562406966794,0.11279698781951189,-0.20628,-0.14104581142254768,0.25574400025731614,-0.15035,-0.3011760615194804,-0.02675079952835209,-0.040152,-0.5658314791743156,0.24999115248212767,-0.013838,-0.4798393295475659,-0.10841758590202877,-0.5418,0.17398673320450675,0.046008778764284775,-0.55036,0.19326547745683678,-0.06247831972681516,-0.60619,-0.14558094808426636,0.13256883471483547,-0.6089,-0.1152607329594543,-0.10586970178504516,-0.92411,-0.015138061961347747,0.12464743333898708,-0.9263,0.03464615255699791
132,0.036627299736220184,-0.096708,-0.2149452372815762,-0.1829104720951245,-0.1678,-0.18478943692196984,-0.13184182582688483,-0.1586,-0.40876413854768784,0.11966979686326758,-0.22196,-0.13186285085157332,0.2542192250030786,-0.15693,-0.2935652100280858,-0.02045296868398927,-0.040056,-0.5585878249407265,0.2468701595927814,-0.01849,-0.47014399028662984,-0.11121165503588522,-0.53831,0.1843388196451829,0.04344927054847736,-0.55062,0.20409555675909563,-0.06258908136053232,-0.60602,-0.14351885379435228,0.13202764725603153,-0.60796,-0.11207633095367152,-0.10567713130748128,-0.92371,-0.015020841608290692,0.12444045006267683,-0.92598,0.03461067124744087
133,0.03389137831237301,-0.1101,-0.21341710935416497,-0.1840400988606651,-0.17433,-0.18494800353438967,-0.1289237965579973,-0.15975,-0.40751850409652823,0.1265418531470169,-0.2371,-0.12018207354725916,0.2527767554174093,-0.16283,-0.2856149093108538,-0.01436249423850193,-0.039473,-0.551147185114148,0.24454747988127887,-0.021891,-0.46002356742205663,-0.11365450952370384,-0.53458,0.1946512920427869,0.04078905476574635,-0.54998,0.21472510181000481,-0.0627301911736991,-0.60595,-0.14141133937669625,0.13148762546587436,-0.60706,-0.10884095207846145,-0.10548590014674186,-0.92337,-0.014953613316907904,0.12425571779549496,-0.92568,0.03462176130884035
134,0.032946709269460625,-0.10857,-0.21072017694875267,-0.18366915253897792,-0.17188,-0.1834813069650793,-0.12738088092545163,-0.15944,-0.4054999126691101,0.13054511217340609,-0.25084,-0.10896652553712458,0.24878422860695526,-0.16597,-0.2780025555573945,-0.009716905251454036,-0.038695,-0.5447838131335532,0.2401150283258106,-0.021793,-0.45003145186986115,-0.11368662970551927,-0.53463,0.1932037225992298,0.04066691983603018,-0.55268,0.2116572862909517,-0.06282513942247087,-0.60619,-0.13977293593735196,0.1318733888865518,-0.60672,-0.10912833089338565,-0.1053519969270195,-0.92315,-0.014734025230373168,0.12419920822676932,-0.92568,0.03482706758892559
135,0.03248723262370809,-0.1146,-0.2073081275335173,-0.1834661222212717,-0.17219,-0.1814654253489887,-0.1256444526634698,-0.15893,-0.4032542686877562,0.13440702515082023,-0.26374,-0.09775559211680311,0.2445404106248531,-0.1684,-0.26954093579905114,-0.006995164346333266,-0.037965,-0.5387393589443488,0.23622824076879537,-0.021006,-0.4401969776853086,-0.11486984915423214,-0.53258,0.20005230403892865,0.03894077443064051,-0.55313,0.21711038917274772,-0.0628893254971699,-0.60637,-0.13811895403061453,0.13172355276778933,-0.60626,-0.1077026909888115,-0.10517336817226587,-0.92297,-0.014480149733376772,0.1242978608664253,-0.92598,0.03524657164932181
136,0.029694686848093517,-0.1265,-0.2059829150633461,-0.18521905597924646,-0.17881,-0.18160189234189375,-0.12552672633430328,-0.15887,-0.4023094721427684,0.13681327314333008,-0.27575,-0.09015223952741583,0.24368116469643267,-0.17185,-0.2624219894981937,-0.006426128497951392,-0.035143,-0.5337142035036427,0.23454447234332998,-0.022468,-0.43035991390136336,-0.11620022841487287,-0.52862,0.21007353106074875,0.036186186486311944,-0.55165,0.22644385633436348,-0.06295965355211637,-0.60631,-0.13647620938682858,0.13124718594785206,-0.60548,-0.10494349279860064,-0.10497774772231079,-0.92277,-0.01409228810913512,0.1243508458191778,-0.92627,0.0355219560983777
137,0.029446317681194215,-0.13984,-0.20453403212917448,-0.1856374519178758,-0.1896,-0.17853799860376598,-0.12463275620026297,-0.1598,-0.39718640495606816,0.14072937148746795,-0.28196,-0.0808610623275643,0.2394552583028401,-0.17263,-0.25429230222545096,-0.007346154390634185,-0.032353,-0.5283525081228146,0.2315357799563373,-0.022797,-0.4212438747329278,-0.11711975251950785,-0.52722,0.21695845483817688,0.035080489819645316,-0.55165,0.23256484570548006,-0.0630217131928026,-0.6064,-0.1349437037258283,0.1310121900948718,-0.60488,-0.10355317738507676,-0.10488450221854947,-0.92273,-0.013814881771737612,0.12438797891916568,-0.92658,0.03594482857665607
138,0.02919968499607159,-0.15332,-0.20309499727253302,-0.18602228388961856,-0.20022,-0.17572204328566796,-0.12410023874202672,-0.16012,-0.3919138320398655,0.14532798550115564,-0.28701,-0.07071843203985714,0.23554674960034405,-0.17263,-0.24652297408702661,-0.008235908419089957,-0.029273,-0.5231682517857064,0.22873216071570052,-0.022797,-0.412081521369652,-0.11802317162847462,-0.52299,0.22759314255872387,0.03299978740881884,-0.54895,0.24275839849523795,-0.06310113346319392,-0.60634,-0.13369857866357512,0.13057749883757458,-0.60428,-0.10103033305558884,-0.10479334049292018,-0.92273,-0.013525657741303956,0.12443163673892103,-0.92684,0.036215522120676254
139,0.026477909500475204,-0.15877,-0.20356476546171895,-0.18524316818086609,-0.20222,-0.17587913788256798,-0.12410023874202672,-0.15975,-0.3919138320398655,0.14914869492299965,-0.28701,-0.06503259212707095,0.23274200657167665,-0.17263,-0.24127021133366133,-0.007676996592697202,-0.026164,-0.5213739381090272,0.22646625597031433,-0.022797,-0.4060838738570987,-0.1190975039754111,-0.52042,0.23555758447315367,0.030209075214642396,-0.54584,0.2518417935900951,-0.06312661406477567,-0.60628,-0.13322582107353237,0.13017342131196655,-0.60394,-0.09914180946471196,-0.10474650713736991,-0.92273,-0.013330561260536356,0.12445733488539285,-0.92697,0.03647289462361298
140,0.023554248415511306,-0.15892,-0.2040701315273266,-0.18461646035203955,-0.20237,-0.1764388139471692,-0.12410023874202672,-0.15926,-0.3919138320398655,0.15266951750965874,-0.28749,-0.05845223732559775,0.22987443764801832,-0.17263,-0.2379070657126588,-0.007729870950469522,-0.022895,-0.5208552394467095,0.22471972757286118,-0.022026,-0.4018224141826574,-0.11918573105468232,-0.51866,0.23637467748039537,0.028782461980517378,-0.54485,0.253021994708642,-0.06304440875381694,-0.6062,-0.13319101752701512,0.1297476947680387,-0.6038,-0.09880055162993706,-0.10478344433061608,-0.92279,-0.013178667732843125,0.1245340099012919,-0.9271,0.036729101457902924
141,0.019234234482447293,-0.15892,-0.2049029464035943,-0.1840957740811378,-0.20237,-0.17708826433580138,-0.1252327676579908,-0.15781,-0.3921135274441825,0.154852143178481,-0.28755,-0.052229693939666394,0.22697166444524464,-0.17252,-0.23359562654072796,-0.008872023186357575,-0.018922,-0.520274753210821,0.2230619280427271,-0.020732,-0.39685481911885767,-0.11920558402824934,-0.51693,0.2364930280589345,0.027354377816855263,-0.5438,0.25362314329384994,-0.06295113742384573,-0.60611,-0.13314410847665806,0.12930284288218052,-0.60365,-0.09852359170567289,-0.10484871021920894,-0.92287,-0.013038877304750979,0.12453316570279056,-0.92714,0.036906652260010074
142,0.016354924336844576,-0.15666,-0.21097518430122553,-0.18343603121793844,-0.20173,-0.18169366761395817,-0.12673058284911703,-0.1536,-0.39473342241406806,0.15630186852733102,-0.28755,-0.051755751524491696,0.22707999329807596,-0.16827,-0.2335765252411846,-0.010739902420993042,-0.010374,-0.5196902267658952,0.22336721844616086,-0.014569,-0.3968009881837809,-0.1196940486737434,-0.51558,0.2364068985628117,0.026508841951640896,-0.54234,0.2535349781043691,-0.06290345265707803,-0.60611,-0.13307477476899499,0.1288991197882195,-0.60344,-0.09824953393183217,-0.10482834529764794,-0.92306,-0.012808846285169241,0.12446234307251237,-0.92696,0.03707795653619861
143,0.015405793490433434,-0.14843,-0.2174381866713621,-0.18011179162940305,-0.19278,-0.18781948438872492,-0.12693314472739914,-0.14731,-0.4017045032976518,0.15723813048540328,-0.28527,-0.05159472498672017,0.22964510804572086,-0.1623,-0.23326638602822566,-0.010612165921745284,-0.00152,-0.5217391736629036,0.22604758393135677,-0.007504,-0.3966837667447412,-0.1201798557807455,-0.51391,0.23502149159921354,0.025594120743722547,-0.54074,0.2524801126571274,-0.06282710391980179,-0.60611,-0.13308162095890788,0.1285046499162717,-0.60323,-0.09808554149259945,-0.10478319855527746,-0.92323,-0.012661772250569883,0.12442882897422265,-0.92703,0.03726802443252997
144,0.014178062407529404,-0.14009,-0.2236456857964584,-0.17780946885148077,-0.18396,-0.19436919505609493,-0.12758871817206685,-0.14079,-0.4087554623429623,0.15776351146125986,-0.28189,-0.04806689791751623,0.22919076871813734,-0.15621,-0.23040176113560693,-0.010746235654353661,0.007831,-0.5235702731432154,0.225489602467916,-0.000586,-0.39346170891061455,-0.12062372177286798,-0.51188,0.23281083016402335,0.024673390331676565,-0.53888,0.2511195596414997,-0.06270916012316967,-0.60611,-0.1330709785514733,0.12813917750617138,-0.60294,-0.09768288789773724,-0.10474911542768074,-0.92337,-0.012509541043476109,0.12441964966319329,-0.92735,0.03749284600678169
145,0.012290976397565902,-0.13185,-0.22994913845282064,-0.17592119188863162,-0.17633,-0.19989525243107517,-0.12890191952412325,-0.13397,-0.41265270524134023,0.15799099770929523,-0.27538,-0.050969492275492356,0.2319120946985215,-0.148,-0.23149582919038517,-0.011258431855467946,0.015322,-0.5243510772489706,0.22733221438037368,0.008248,-0.39412177052900266,-0.12052749493365501,-0.50899,0.23037046515128137,0.02434429624546159,-0.53559,0.24985317380676433,-0.0625092441493082,-0.6061,-0.13303572797140692,0.12782177981507487,-0.60265,-0.09732252876341897,-0.10473867249463376,-0.92356,-0.012396002745314761,0.12448010148758545,-0.92773,0.03772588372245806
146,0.01144676100340888,-0.1237,-0.23469787895618238,-0.1731688977449113,-0.1688,-0.2032381070415006,-0.1309049128620962,-0.12734,-0.4155749163370751,0.15862784662307539,-0.2668,-0.05607852226767453,0.23564619827528263,-0.14012,-0.2353966714684092,-0.013140484162820085,0.022743,-0.5240432150843732,0.22954457669932699,0.016079,-0.3977426064780171,-0.12022899674090007,-0.50624,0.22823993122080247,0.02427822214452343,-0.53131,0.24876517095144404,-0.06223974450438339,-0.60595,-0.13291712804988332,0.12750495293710828,-0.60233,-0.0970229945760581,-0.10475933662777612,-0.92368,-0.012278810622706308,0.12456243298236365,-0.92802,0.03783483566125489
147,0.009111184949403849,-0.11439,-0.23981112924303108,-0.17251657545240048,-0.16013,-0.2070527860092112,-0.13294320664873244,-0.12078,-0.4182393409352501,0.15976557164491995,-0.25676,-0.05849974216158519,0.23682591854608975,-0.13217,-0.23742259350112588,-0.014569597030947581,0.029676,-0.5241733550480755,0.22946276971672763,0.023612,-0.3986607609408381,-0.11981928739921566,-0.50404,0.22561113924437365,0.024175766617621025,-0.52735,0.24724427389213754,-0.06189464779620601,-0.60579,-0.1327953525925648,0.12722751836926216,-0.60201,-0.09671651446159055,-0.10476603499572124,-0.92381,-0.012125646880695114,0.12461199484015968,-0.92824,0.03807204574167266
148,0.00662610316589634,-0.10555,-0.24528583220568387,-0.17180694926125964,-0.15257,-0.2111924515354158,-0.13478858266144944,-0.11453,-0.42078851479587415,0.16004969031012786,-0.2521,-0.055734393615003694,0.233729560586719,-0.1265,-0.2338560871731571,-0.015413130862145713,0.036822,-0.5248602689259555,0.226696133117599,0.029267,-0.39431516294650376,-0.11947416137460695,-0.50172,0.22303188508335386,0.0239334161169553,-0.52371,0.24573932663896647,-0.061520939390355654,-0.60555,-0.13270914918545815,0.1270306049034337,-0.60172,-0.09640599057043978,-0.10482001375276574,-0.92395,-0.012049868956548762,0.1246343438026589,-0.92849,0.038406000115614986
149,0.0025216890734675312,-0.10555,-0.25367602206991646,-0.17160747644258337,-0.15257,-0.218082488588626,-0.13643652247998206,-0.10945,-0.4240542910212905,0.1599791116713654,-0.24533,-0.05464306980615939,0.23350151066084546,-0.11904,-0.23250516406975366,-0.016106564108324478,0.043879,-0.5250739283116468,0.22646113726461875,0.036514,-0.3929248475329799,-0.11947416137460695,-0.50011,0.22303188508335386,0.0239334161169553,-0.51987,0.24573932663896647,-0.06109850913714902,-0.60518,-0.13259404626987487,0.12683833006980536,-0.60143,-0.09606418596492194,-0.10488882651589583,-0.92413,-0.0120051386130401,0.12464476090949601,-0.92872,0.03875003570081678
150,0.0025242808448255466,-0.10009,-0.26085463121673047,-0.17172421160396983,-0.14832,-0.22438856287474856,-0.13713488286700481,-0.10341,-0.4263707522814538,0.16031586535645842,-0.23528,-0.05661048256294842,0.23686505259411123,-0.11163,-0.2351106747036147,-0.01678446518806119,0.050431,-0.5260667274484775,0.22881491775970803,0.043414,-0.39602318860215496,-0.11939560461405102,-0.49815,0.22016192518200145,0.023539320530979888,-0.51605,0.24484734139855344,-0.0606843472982026,-0.60479,-0.1323687043715059,0.12663099771331687,-0.60117,-0.09569457360859043,-0.10499787578764774,-0.92431,-0.011789803394530961,0.12465738557404588,-0.92895,0.03913913930892779
151,0.0030742949668347563,-0.096979,-0.26305251303011135,-0.17061459354452035,-0.14528,-0.22647761714932915,-0.13818051556697442,-0.10078,-0.4265449712722506,0.16039539622182986,-0.22665,-0.05706152451382802,0.2374910213130989,-0.10584,-0.2368179131646531,-0.017455943069047103,0.052802,-0.5266928404217872,0.2290730346465279,0.0488,-0.39777498073386997,-0.11930531066374313,-0.49623,0.2175478915168514,0.023167694662429995,-0.51311,0.24390854684497712,-0.06033013014413176,-0.6044,-0.1320625439433609,0.12636574256029443,-0.60096,-0.09528440327349166,-0.10510124453813355,-0.92449,-0.011549096308172867,0.12467482251897354,-0.92917,0.03955853882365282
152,0.0026825955551733408,-0.094061,-0.26504073650117893,-0.1709856119933685,-0.14243,-0.22846219400866574,-0.1393078831223824,-0.098754,-0.42711946443584214,0.16122117435291172,-0.21829,-0.06324202534128746,0.24085981457231084,-0.10016,-0.24331158177158776,-0.01763851407946726,0.054691,-0.5273850599145453,0.2314228372879371,0.054132,-0.4044787876781686,-0.11911456632262798,-0.49472,0.21495156996582335,0.02297847569565295,-0.51016,0.24206772306671595,-0.06008805248584613,-0.60403,-0.1316847683388561,0.12607384532510507,-0.60063,-0.09483831359182573,-0.10522088634872313,-0.92454,-0.011273687816729983,0.12477037531764143,-0.92923,0.0397652721365628
153,0.0024182457926024206,-0.091189,-0.26686434506746415,-0.17124480458344504,-0.13962,-0.23027473896017714,-0.13980789990867304,-0.097167,-0.427796578320966,0.16188188876183904,-0.21065,-0.06877434180637113,0.24450092912358679,-0.095013,-0.24939167920703126,-0.017529115727537098,0.056057,-0.5280054887989429,0.23356587838598775,0.05884,-0.410873807213093,-0.11888627069884021,-0.49362,0.21245325811416046,0.02288721896388283,-0.50734,0.2402644812058147,-0.05987186523570376,-0.60366,-0.13128109511349195,0.12583984684406269,-0.60036,-0.09460540865226916,-0.10534117288342652,-0.92446,-0.011052210617973422,0.12485694827966747,-0.92935,0.03996534492893105
154,0.002336112608804647,-0.087884,-0.2663812683239551,-0.17132815570872514,-0.13639,-0.2298020312387313,-0.14071392304144428,-0.095967,-0.4279563346444196,0.16233015932231876,-0.20502,-0.07362011867954713,0.2478646812341776,-0.092432,-0.25464741623798093,-0.018661644643501146,0.057132,-0.5282051842032599,0.23598704507694934,0.060992,-0.4167729979927321,-0.11876131195001936,-0.49269,0.21084045486791708,0.02267212944328789,-0.50595,0.23900804318580327,-0.059656272841078294,-0.6033,-0.13098922370451252,0.12560120973082017,-0.60005,-0.09440378442707961,-0.10546227779042133,-0.92439,-0.010883679904150163,0.12492208860485668,-0.92949,0.04017179283527609
155,0.0025083097112598637,-0.084765,-0.26738664047291594,-0.1709733426131547,-0.13335,-0.23187186400183357,-0.14150176924385405,-0.094717,-0.42809525318655317,0.16265595091365473,-0.20091,-0.076101239361621,0.25097500317492266,-0.090725,-0.25777482689616443,-0.01969402842954826,0.057954,-0.5289152431573665,0.2382422245848025,0.062506,-0.42075183769638436,-0.11872937154311503,-0.49172,0.20974942608259253,0.022403546667016758,-0.50493,0.23798587524838274,-0.05951402248763442,-0.60297,-0.13073059300845133,0.12536257261757766,-0.59974,-0.09420216020189007,-0.1055716244899317,-0.92439,-0.010724245593833368,0.12492657763126608,-0.92937,0.040376685120738214
156,0.0017930580640696733,-0.082352,-0.2678681579504717,-0.17210025956736774,-0.13335,-0.2333703159290929,-0.1420151791983891,-0.092901,-0.42927228768841974,0.1628422531497273,-0.19775,-0.07773368889432772,0.2539510692481213,-0.089187,-0.2599104838742291,-0.020639660253922873,0.05917,-0.5306355862780054,0.24036314822510918,0.063286,-0.4237389237199176,-0.1187245394858363,-0.49062,0.2086739258960642,0.022272109344530645,-0.50361,0.23717066654488547,-0.05944951967384293,-0.60261,-0.13052628836578997,0.12514189517761876,-0.59945,-0.09398721493561707,-0.10574132506046334,-0.92438,-0.01051046599620714,0.12498787365415963,-0.92924,0.04043217203430745
157,0.002429424733409326,-0.082352,-0.2677051780064493,-0.17148040149609997,-0.13335,-0.23320009263020533,-0.14208637495123255,-0.092879,-0.4288685165096847,0.16265414230471714,-0.19551,-0.07660927157411712,0.2534200121713335,-0.088396,-0.258856691493732,-0.021779705910123487,0.05917,-0.5307350644252445,0.2402167129427391,0.064031,-0.42285086026042995,-0.11893922757599296,-0.48931,0.2086360705933328,0.022311501654651143,-0.50252,0.23717761247199215,-0.05936770431512034,-0.60228,-0.1303798566510657,0.1249229542194365,-0.59905,-0.09378211774687417,-0.10595257563023136,-0.92422,-0.010406570872295158,0.12506278814589503,-0.92924,0.040525600182785435
158,0.006440080443969334,-0.082158,-0.26701829972658275,-0.16933178411275668,-0.13335,-0.23283138768042158,-0.1421002668054459,-0.091262,-0.42878973188944375,0.16207765439724992,-0.1947,-0.0731670830707745,0.2496939961479388,-0.087415,-0.2551168914197433,-0.02296030954509136,0.059509,-0.5308924653690176,0.2372391267692467,0.064881,-0.41915171433475645,-0.11927307740426407,-0.48781,0.20857720386110373,0.022169689338217384,-0.50145,0.2371526071344081,-0.05931550950421069,-0.60206,-0.13037065329764935,0.12474571286628128,-0.59863,-0.09364074765551214,-0.10612855157754601,-0.92409,-0.010329964958902574,0.12514898976917876,-0.92924,0.040555015827317624
159,0.01180486666924651,-0.082158,-0.26553416706503385,-0.1646214287757739,-0.13373,-0.2314423403092502,-0.14216798959473598,-0.089881,-0.428405656865769,0.16207765439724992,-0.19397,-0.0731670830707745,0.24946575388296935,-0.086761,-0.2551469824230766,-0.024271840338374248,0.059509,-0.5311135693677845,0.23704216521864424,0.06554,-0.41918644397028987,-0.11965025877366778,-0.4866,0.20851069660905727,0.022169689338217384,-0.49972,0.2371526071344081,-0.05928891969487937,-0.60183,-0.13036596479685233,0.12461017111815312,-0.59818,-0.09356310466153096,-0.10627788544269375,-0.92409,-0.010289278392077139,0.1252476441926577,-0.92913,0.04057139583733131
160,0.02161104589521861,-0.083069,-0.25975352090840803,-0.15789532366870684,-0.13366,-0.22288434930150278,-0.1426392609771204,-0.088309,-0.4223352694576915,0.16097232232217643,-0.19355,-0.06983540631517324,0.24540261997103094,-0.085745,-0.25122292294166504,-0.027463686957232628,0.060563,-0.5310366592794843,0.23425920925846072,0.065819,-0.41555452214793753,-0.11997407966351503,-0.48538,0.20850436957985446,0.022027764099989217,-0.49749,0.23798054023964907,-0.059264299501054066,-0.60153,-0.13036162359241066,0.12450938304794534,-0.59768,-0.09350979645481013,-0.10641992608437946,-0.92393,-0.010289953750878218,0.12536197682072348,-0.92883,0.040441272625875525
161,0.030688652432917046,-0.08161,-0.25443643255605436,-0.15126146847728608,-0.13238,-0.21535805105473763,-0.14342093603872064,-0.086307,-0.4155986616987321,0.15992637970768794,-0.19303,-0.06724365786148467,0.24457935931218075,-0.082817,-0.24776332153578176,-0.030755131935265037,0.062067,-0.5306828373516939,0.23426244800230203,0.068724,-0.41309661866925124,-0.12030119684408347,-0.48365,0.20895440330100987,0.021870210525771004,-0.49528,0.23889710604266107,-0.059249527384758874,-0.60115,-0.13035901886974566,0.1244502945827646,-0.5972,-0.09352021534547014,-0.10654934027769238,-0.92379,-0.010304649551950817,0.1254931034534261,-0.92852,0.04027349358607592
162,0.04081335422399896,-0.080543,-0.24759434993146828,-0.14293743329572062,-0.13233,-0.20906702265740387,-0.14448166814216654,-0.083744,-0.41188645919823197,0.15895989404758704,-0.19249,-0.06521770759831944,0.24325962695775427,-0.0793,-0.24448264988005633,-0.0347709604845832,0.063979,-0.5323251287577729,0.23460734709733921,0.071895,-0.41148220093698895,-0.12055055081873578,-0.48132,0.2104031125870038,0.021775499598790216,-0.49199,0.24015984348184247,-0.05920204752127192,-0.60053,-0.13051311514667427,0.12439120611758386,-0.59641,-0.09353063423613016,-0.1066745370461444,-0.92372,-0.010400851262794079,0.1255837460183453,-0.92814,0.04016254798938608
163,0.047817533737124114,-0.076327,-0.24098771732870325,-0.13586514941719247,-0.13139,-0.20218437049842397,-0.14560082172811528,-0.079756,-0.407554993481981,0.15876193427235769,-0.19076,-0.06950826617820052,0.2472734723972681,-0.074595,-0.24876064529703548,-0.03876171513680224,0.066111,-0.5327851040894943,0.23736820343800794,0.07679,-0.41573742975177547,-0.12063771258696979,-0.47779,0.21096653678435276,0.02236148844228108,-0.48844,0.2400499295368481,-0.059116184197804476,-0.5998,-0.13083306590801597,0.12432226957487302,-0.59562,-0.09354278960856685,-0.10672893701052813,-0.92361,-0.010437859962785425,0.1256918273120151,-0.92775,0.04006787785703873
164,0.05197689541838897,-0.071491,-0.24027461817400908,-0.12848693219493967,-0.12665,-0.19479083206129846,-0.1465884052154582,-0.074377,-0.40270276936766725,0.15875431159076953,-0.18574,-0.0734961751408933,0.2512311796067986,-0.068798,-0.2526626772860932,-0.04309884089957822,0.070726,-0.5329507546791851,0.24010531984693317,0.081903,-0.4199156104280977,-0.12054606900504244,-0.47393,0.2105562168434633,0.02322713864524044,-0.48413,0.239816704910969,-0.05899349303523947,-0.59906,-0.131258219854991,0.1242683905550223,-0.5945,-0.09358275273181721,-0.10679765003646441,-0.92356,-0.010508870666673487,0.12581288235041302,-0.92741,0.03995721766691385
165,0.0562790542238406,-0.066375,-0.23953634003355317,-0.12107976559561336,-0.12106,-0.1875038859952276,-0.14787016919051002,-0.064611,-0.39716115578385797,0.15846435923085897,-0.17932,-0.07530703588346362,0.2514836364470935,-0.060495,-0.25346096642154997,-0.048028467584003254,0.079823,-0.5323476122812353,0.2403334659423547,0.089085,-0.42057602647813275,-0.12033751870707159,-0.4686,0.21019697350919492,0.023987076739226933,-0.47921,0.2396359202509224,-0.05886043525485002,-0.59813,-0.1317018544197826,0.12422666690760825,-0.59301,-0.09369165239777846,-0.10682436602961522,-0.92348,-0.010587707559750057,0.1260657087456273,-0.92705,0.03973270972967566
166,0.06048749109812606,-0.055191,-0.2379210121797865,-0.11405084567672799,-0.11417,-0.1800297783713105,-0.14929311091782801,-0.054812,-0.3904157694464673,0.15886915182391884,-0.16576,-0.0762206238412454,0.2522188173830733,-0.047342,-0.25296578060655545,-0.05340225512922166,0.090292,-0.5306652010892683,0.24063478469626626,0.10303,-0.4199237941510121,-0.12060706643677037,-0.46297,0.20973312006098715,0.0249527351079218,-0.47252,0.23957264375473647,-0.05879877813058477,-0.59698,-0.1319651477904309,0.12418320677841754,-0.59155,-0.09379070398620959,-0.10686839697193583,-0.92334,-0.01062593420122377,0.1262782745898328,-0.92669,0.03950617990409587
167,0.06034957303000929,-0.034551,-0.23618864281776034,-0.11133345489516347,-0.10418,-0.17194508373636797,-0.15060534437024706,-0.042136,-0.3832040745439944,0.1588205303341721,-0.14693,-0.07594487767040198,0.25284526694980075,-0.030713,-0.2512204838007522,-0.058787507021811874,0.10321,-0.5281115444848373,0.2405945873533038,0.1198,-0.4173923154974148,-0.12010334975735487,-0.45732,0.20619686589776887,0.026243091526466845,-0.46487,0.23749514999707572,-0.0587696196621689,-0.59583,-0.1322341715509422,0.1241368444988034,-0.58994,-0.09393088436653785,-0.10688514110797573,-0.92316,-0.010646148896578316,0.12659539889555782,-0.92645,0.039262546624927334
168,0.059982604562002176,-0.01287,-0.2340498735119472,-0.11040401601575098,-0.094162,-0.1658714157038331,-0.15287264900399208,-0.027963,-0.37477980426712193,0.1583947316630833,-0.12824,-0.07612150012565332,0.25325622447951235,-0.012171,-0.24946241272460837,-0.06478091221442818,0.11725,-0.5248730889583372,0.24093439721494586,0.13799,-0.4148852197158518,-0.11926606446817156,-0.45166,0.20236402956621008,0.027658884439493568,-0.4578,0.2351554546264295,-0.05871990881899797,-0.59452,-0.13259095976833626,0.12400705896674814,-0.58812,-0.09411623731544651,-0.10688526488755651,-0.92306,-0.010703034612523669,0.12690939753408487,-0.92637,0.03903663988531302
169,0.05951216752889103,0.006075,-0.23321894030291193,-0.11109106794379511,-0.088814,-0.16185977518552006,-0.1542601041477087,-0.011495,-0.3711150575877218,0.15756164076493218,-0.10975,-0.076694875705372,0.25294846468862087,0.007498,-0.2464500907114248,-0.06979764529217271,0.13428,-0.521645196576819,0.24047675322051798,0.15781,-0.4107925113247783,-0.1178548442643418,-0.44605,0.19630706650405566,0.029360606178215468,-0.4511,0.23069316327288014,-0.058688728462240505,-0.59305,-0.1329002440798564,0.12379558666402848,-0.58599,-0.09435661091046568,-0.10688179192400317,-0.92305,-0.010722730767583913,0.12728672610504052,-0.92623,0.038912272889930155
170,0.05788603137521957,0.027889,-0.23008368429905474,-0.11167856959743923,-0.073832,-0.15847030003338142,-0.15559943648764746,0.008546,-0.3671473518421814,0.156707736127848,-0.088206,-0.07697744759138717,0.2527495324365297,0.028768,-0.2439973726356815,-0.07440899092134053,0.15408,-0.5192190903366977,0.24045630011738978,0.17959,-0.4079123061809435,-0.11606298120575716,-0.43967,0.1889667036534004,0.03126228887349393,-0.44312,0.22450944239249762,-0.05872412926851335,-0.59133,-0.13294710326161654,0.12359862511342604,-0.58379,-0.09439134054599907,-0.10689714687462173,-0.92305,-0.010750823924962558,0.12767945949521167,-0.92606,0.03875812852822756
171,0.05740046360610465,0.058326,-0.22725502862160005,-0.11218502742070978,-0.054288,-0.15548285957820107,-0.157348987247459,0.030017,-0.3637901547763477,0.1566899625895025,-0.064469,-0.07981362179290137,0.2545858654045585,0.051362,-0.24398835983753814,-0.07879951485622746,0.17645,-0.5159721687827971,0.24037559288043403,0.20288,-0.405093496797196,-0.11391245888805909,-0.43255,0.1809686292125689,0.03340230760918617,-0.43483,0.21721016024896556,-0.05882064042830855,-0.5892,-0.1329641207830279,0.12347697521951123,-0.58178,-0.09439248217225886,-0.10688355244816682,-0.92286,-0.010885509453395874,0.12805909536107388,-0.92597,0.03856308850835717
172,0.05142708604379131,0.091335,-0.22828798771955672,-0.11453055826988155,-0.037276,-0.15554104063683408,-0.16007309516633167,0.051428,-0.3618740816967561,0.15708293019938568,-0.041445,-0.08244536578835052,0.2562774995719939,0.074921,-0.24310113165743724,-0.08385385567754185,0.20026,-0.5124158168792313,0.24027637919945183,0.22752,-0.4020545567442324,-0.11172766482616311,-0.42585,0.17198147972526737,0.03578069061574084,-0.42597,0.20858208223157765,-0.05904222217273629,-0.58673,-0.13300319162300298,0.12343758290939075,-0.57963,-0.09439942809936554,-0.10689069606583816,-0.92268,-0.011017759098864457,0.1284774529867329,-0.92564,0.03855156040994759
173,0.044652395897680094,0.12534,-0.22798987125878384,-0.11726339668241152,-0.019612,-0.1539209806962761,-0.1628484863015046,0.073469,-0.3579971236047975,0.15739765995977079,-0.021031,-0.08532445334831251,0.25878288291416723,0.098303,-0.2432584666782071,-0.08903890727568838,0.2233,-0.5073695271605808,0.2413105235096626,0.25234,-0.40118171910431377,-0.10934297464473101,-0.41854,0.16247109268064186,0.037743693841866696,-0.41719,0.1997182932937577,-0.05943516046618817,-0.58358,-0.13307247724589208,0.12340803867680038,-0.5769,-0.09440463754469555,-0.10697042283795136,-0.92247,-0.01114148315395647,0.12895432826444278,-0.92535,0.038611276149155424
174,0.03740983427546338,0.15837,-0.22923646748386778,-0.11845675054533295,0.001443,-0.15412124691372295,-0.16519149347428688,0.097888,-0.3565723368178393,0.15777909109512114,0.007317,-0.08760283222132406,0.26076408297949843,0.1269,-0.2429192819186267,-0.09353647418282494,0.24981,-0.5032275962200857,0.24224502137592538,0.28397,-0.40037722315158925,-0.10626817046424564,-0.40727,0.15097030400109163,0.03981545666769348,-0.40352,0.18939115875442292,-0.06020640190097813,-0.57918,-0.1325281320895224,0.12334029184512328,-0.57399,-0.09419318928436286,-0.10709973729407048,-0.92209,-0.0112719200024258,0.12935998553074513,-0.92486,0.03849901225337365
175,0.0335075074177347,0.18804,-0.2299042444641909,-0.12105640258941529,0.022962,-0.1528534104693428,-0.16759372716241402,0.12401,-0.3519898622344262,0.15797707406004846,0.02991,-0.0885528862964159,0.26263521771022164,0.15278,-0.24258935038105953,-0.09840024640574285,0.27791,-0.4956267068139983,0.2430306564529765,0.31095,-0.3994771245315998,-0.10353738201463668,-0.39606,0.14003842056576898,0.0414443570774935,-0.3911,0.179899819573098,-0.061226180799376306,-0.57456,-0.1317432913423757,0.12329687980070655,-0.57074,-0.09394698734610982,-0.1073314026539964,-0.9216,-0.011340185374397193,0.12988168608068001,-0.92434,0.03847727435564641
176,0.03273952985515571,0.2103,-0.22921716407342485,-0.12365020224787679,0.044077,-0.15115806291448422,-0.17021773183198588,0.14978,-0.3467255389641411,0.15807379431118604,0.049936,-0.08869830016446117,0.26415420107192794,0.1779,-0.24187472492191375,-0.10319874738859913,0.30641,-0.4893749799871506,0.24310880433708443,0.33831,-0.39571642075328795,-0.1017060545187706,-0.38352,0.13322288393224663,0.04272266902930005,-0.37836,0.17244859527410736,-0.06264854535353734,-0.56861,-0.13042018134125474,0.1231817011903165,-0.56677,-0.09323618928216436,-0.10777099344210476,-0.92082,-0.01155376425680429,0.13038711357051117,-0.92369,0.03849023786300396
177,0.03129287751252559,0.23262,-0.22509575921590808,-0.1266293806488239,0.067078,-0.14641330833122806,-0.17233398659354768,0.17704,-0.33933067819573126,0.15859574242028252,0.072677,-0.08860626663029769,0.26544334994121005,0.20417,-0.2401445818085186,-0.10782775797824881,0.3362,-0.48068680636084055,0.24296991604149573,0.36699,-0.39055208052036866,-0.09977539002790844,-0.36913,0.12633347469605494,0.043987089126893274,-0.36366,0.1650761555953577,-0.06432126016830585,-0.56188,-0.12897874658780456,0.12304107020879325,-0.56215,-0.09226586823888239,-0.10820902139661413,-0.92004,-0.011776206408988492,0.13091965421844529,-0.92305,0.038522198124233686
178,0.029770720088129216,0.25411,-0.21990116146676955,-0.12920992518920507,0.091625,-0.14104993347251188,-0.17423946007745467,0.20505,-0.3324977527020552,0.1590971652990898,0.098624,-0.08615190824232566,0.26599906056044686,0.23327,-0.23471560532048077,-0.11212580941184867,0.36688,-0.4706506839087114,0.24237155110015446,0.39859,-0.38197569087221406,-0.09827586332750599,-0.35198,0.12169337117622046,0.04483089487035799,-0.34619,0.15981271747305628,-0.06620508975206811,-0.55485,-0.12729021761282602,0.12296076548825852,-0.55729,-0.09071627114548686,-0.10869147745839634,-0.91936,-0.011977035063442016,0.13142681819005309,-0.92221,0.038525313554061115
179,0.02794240239043666,0.27967,-0.2110237781024947,-0.130401560408579,0.11377,-0.13722880726366354,-0.17638178610805347,0.23227,-0.32512779753403565,0.1593447733298595,0.12486,-0.08433125169506082,0.2656329994989875,0.26165,-0.2302208862748358,-0.1164273338090019,0.39742,-0.460594865301522,0.24182297331720673,0.42952,-0.3736240705254755,-0.0971647293558243,-0.33406,0.1184266893280793,0.04501810249688207,-0.32804,0.1559464890389656,-0.06833670931347655,-0.54603,-0.1249853533987299,0.1229906463142667,-0.55075,-0.0882942870133677,-0.10930741553256168,-0.91766,-0.012284665180292583,0.13194018362746002,-0.92113,0.038550846428478475
180,0.026066062246575872,0.30194,-0.20214470812504004,-0.13123117213901897,0.13554,-0.13361801173127508,-0.1784915695860905,0.25957,-0.3170209970754206,0.15968562864821342,0.14981,-0.08263631286078099,0.2643025659494149,0.29061,-0.22474878004686738,-0.12018925677064808,0.42803,-0.44847397277536544,0.24102493701393543,0.46121,-0.3637425251980148,-0.09582250742964693,-0.3163,0.11565769649658104,0.04504918358201267,-0.30982,0.15284476404049344,-0.07048520338280598,-0.53715,-0.12238899089821959,0.12311032550669279,-0.54416,-0.08580569767583121,-0.10990956148970744,-0.91536,-0.012555338869987399,0.13247555251483373,-0.91984,0.038509179241961636
181,0.024175351416858167,0.32275,-0.19204966015297037,-0.1318458866879599,0.15853,-0.1301317922856119,-0.17991091813792018,0.28741,-0.30943217307637966,0.1601186136702788,0.17595,-0.08077281508222932,0.2622324811283714,0.31964,-0.2185947530048659,-0.12322903753291191,0.45864,-0.43797228086799306,0.23952868457796342,0.49246,-0.3551416805506649,-0.09440846247659901,-0.29637,0.1119976383179779,0.04546986277316159,-0.29006,0.14953757051453606,-0.07260721637653689,-0.52747,-0.1193208628281356,0.12335348724435828,-0.53626,-0.08263530773619675,-0.11050262787301765,-0.91201,-0.012935093086537213,0.13288440935931797,-0.91752,0.038493945046269365
182,0.022052390066076878,0.3404,-0.18040134443338718,-0.13241081407850736,0.18469,-0.1268703421413648,-0.18125897476735844,0.31751,-0.30155661320270544,0.16069939198245695,0.20309,-0.07836538978700135,0.26073363288884893,0.35023,-0.21199475649313348,-0.12542042945029458,0.49257,-0.4251987534982948,0.23759081899997442,0.52667,-0.3438059725003645,-0.09302331462778898,-0.27636,0.1084035646630653,0.04584304643455982,-0.27017,0.1454401237540686,-0.07471122580027184,-0.51725,-0.11550829881623567,0.12369510214729218,-0.52782,-0.07881393164137258,-0.1111043027542273,-0.9076,-0.013150850675792691,0.13332869043204626,-0.91404,0.03827781006896259
183,0.01976355864204319,0.35563,-0.16807147745469042,-0.13298360550564664,0.20405,-0.12350670512453381,-0.18270601085806693,0.34308,-0.29311971290981426,0.16111798646433997,0.22127,-0.07584440215122504,0.25860931461630765,0.37425,-0.20426622675734626,-0.127445119117117,0.52094,-0.4133706415714883,0.2355220503060574,0.55305,-0.33236134074171586,-0.0918788906175835,-0.2605,0.10624956775386019,0.04579445844930599,-0.25517,0.1426289789325254,-0.07661737177317426,-0.50679,-0.11142425173888851,0.12393404289245094,-0.51887,-0.0747557876912024,-0.11171540450562789,-0.90182,-0.013255558122687156,0.13374107010868072,-0.9099,0.038185009194511704
184,0.01758709984752408,0.36901,-0.15580303027846798,-0.13344156918639707,0.22215,-0.12004564845537719,-0.18376654441825907,0.36723,-0.28382262903541006,0.16143517397811144,0.23863,-0.07355453488845465,0.2548816885272291,0.39814,-0.19544957752194958,-0.1296365110344997,0.54786,-0.40059711420179006,0.23202419899055773,0.5806,-0.31667035491626,-0.09041787705120241,-0.24325,0.10417170265745704,0.045446536991910425,-0.23815,0.1401102985916557,-0.07843304340044194,-0.49545,-0.10699525337109302,0.12403103916547195,-0.50864,-0.07000781204646495,-0.11223943639285637,-0.89487,-0.013335773963814482,0.13400798604867306,-0.90436,0.03805335859262162
185,0.015728006325591248,0.38121,-0.14329584625180927,-0.13352296388077178,0.23804,-0.11883539604214775,-0.1836175009240229,0.39082,-0.27430210982494546,0.16197001835330632,0.25321,-0.07278699955094739,0.2514413450835267,0.41975,-0.18693767191924376,-0.13257582791165795,0.57479,-0.38415777065359286,0.22834216039479613,0.60557,-0.30079860668932157,-0.0896758254173558,-0.22725,0.10200768223872121,0.0451881525367548,-0.22234,0.13786126269302404,-0.07996631795327924,-0.48478,-0.10259566405552942,0.12426459324947722,-0.4983,-0.0651128909551863,-0.11253735966184425,-0.88763,-0.013316210584874026,0.13423761749906385,-0.89793,0.03807557113393079
186,0.0137292394854223,0.39287,-0.1320927279306167,-0.13408134429298768,0.25237,-0.11515037401843425,-0.18241325895677302,0.41221,-0.26247328903484496,0.1620375033552385,0.26621,-0.06988722684011052,0.2470790919089641,0.43973,-0.17619191707181597,-0.13599061040636354,0.59988,-0.3668071464425204,0.2265691046971975,0.62912,-0.28319911881344256,-0.08907193227549587,-0.212,0.09984976354859072,0.04448634741662733,-0.20746,0.1353512629772147,-0.08139258071154559,-0.47412,-0.09765121468837208,0.12457152303400586,-0.48871,-0.05994305168231048,-0.11293433451926324,-0.87953,-0.013253187076742858,0.13442641758531595,-0.89141,0.03815658673385575
187,0.011893033863599715,0.40536,-0.11995721599603447,-0.1344849080093544,0.26537,-0.11165230864928628,-0.1808556759094725,0.43173,-0.2508055585335537,0.16144196401682484,0.27754,-0.06639458000763493,0.24240812345218826,0.45709,-0.1651350434777205,-0.138912706720077,0.62185,-0.35150204424967696,0.225057332503099,0.64999,-0.2654113998806184,-0.08879572293927265,-0.19814,0.09781684215252467,0.04384010552529165,-0.19407,0.13291198615448982,-0.08263932786067617,-0.46393,-0.09274009917902648,0.12464916688067612,-0.4786,-0.05439427051586733,-0.11330615621713047,-0.8714,-0.013102463405758016,0.13458416047397556,-0.88414,0.03818338563452945
188,0.009935507651139631,0.41194,-0.10712214326045827,-0.13473452148693732,0.27527,-0.10873939994632134,-0.18238103981506915,0.44872,-0.2391026415913763,0.16085944829173615,0.2857,-0.06297579375663526,0.23727615204520836,0.47178,-0.15330649878794822,-0.14281815660951205,0.642,-0.3342480922049681,0.22310946295918666,0.66757,-0.24687808112115447,-0.08851728262336546,-0.18571,0.09558122881599318,0.043263194316964584,-0.18235,0.12998737516194625,-0.08367622324241485,-0.4555,-0.08799405103690561,0.12457852053508758,-0.46972,-0.04921383567949934,-0.11358319362002434,-0.86406,-0.012855823430494856,0.1347517514401653,-0.87657,0.038211921016979816
189,0.007835700450548384,0.41829,-0.09434972928657122,-0.13528146337799124,0.28536,-0.10569512604803125,-0.18430791568926821,0.46429,-0.227886846953214,0.1602801081024424,0.29285,-0.05963260456888815,0.23290300533640373,0.48407,-0.14175032347501396,-0.14640749468843228,0.65987,-0.31826860998071527,0.22109018128094796,0.6825,-0.22949463205303428,-0.08731890327808667,-0.17411,0.09359921394601636,0.04377729746852989,-0.17185,0.1269911285183018,-0.08489657524812427,-0.44734,-0.08281223957930114,0.12433777467019222,-0.46074,-0.04335665705591821,-0.11398706810359896,-0.85691,-0.012005030035176504,0.13488681854471155,-0.86893,0.03888561002332436
190,0.0059414691929191455,0.42971,-0.08415985195940873,-0.13587387704920695,0.2994,-0.10222020575510987,-0.18618617007372054,0.48309,-0.21694679848589515,0.15975439223854612,0.29983,-0.05475072748825127,0.23055454286450802,0.49512,-0.12958328505072608,-0.14976219134601929,0.68118,-0.3020649773529501,0.21791886687078088,0.69653,-0.21093333724604768,-0.08586722343700301,-0.16385,0.09188525664229164,0.04437498487910466,-0.16245,0.12353236952709694,-0.08590041372506853,-0.44,-0.0769637018721297,0.12334609396992338,-0.45304,-0.03755979321512341,-0.11438990069810759,-0.85573,-0.011160145486376222,0.1350011476051315,-0.86604,0.03956173491263364
191,0.004286903055157573,0.44606,-0.0755249812657751,-0.13642764108778677,0.31439,-0.09907965383075394,-0.1880053840777661,0.50174,-0.20634158465460045,0.1591082144079459,0.31103,-0.049243264350722266,0.22819908638073166,0.50925,-0.11772210784300188,-0.15426533376420423,0.70133,-0.2880439285918359,0.21478856104057598,0.71285,-0.19323807840619495,-0.08447236866290586,-0.15269,0.0893590925226869,0.04530416673827005,-0.15178,0.11985789676592455,-0.08688428266158106,-0.43297,-0.07122841705655464,0.12232338011444904,-0.4466,-0.031644519310237776,-0.11487305848789213,-0.85555,-0.009744538708287577,0.1350503826413134,-0.86523,0.040779789472664585
192,0.0029015096632822,0.46413,-0.06745495040153746,-0.1388570226793414,0.33866,-0.0922700584622599,-0.19199015372411365,0.5266,-0.19710318052479825,0.1585627783466024,0.32856,-0.04453748699698079,0.22584519808202305,0.52884,-0.10707916605620238,-0.15831258650796706,0.7258,-0.2740744996404398,0.21181510938340126,0.73462,-0.17648997149101064,-0.08229306821207329,-0.13889,0.0812726731948879,0.04704676226473818,-0.13691,0.11023429110946016,-0.08778746584443729,-0.42696,-0.06513873725066947,0.12117715253605663,-0.44107,-0.02497117656926211,-0.11548955225191494,-0.85555,-0.007803096862925999,0.13527916275791116,-0.86523,0.04259204901761103
193,0.0015863169791266781,0.49338,-0.06027830179626607,-0.14147384099793672,0.36466,-0.08531885986867449,-0.19553478224396412,0.55241,-0.18869089732365343,0.1576286660112205,0.3568,-0.0371667153179171,0.22377785331885186,0.55663,-0.09788853029853095,-0.16259723856916472,0.75143,-0.2593345893044006,0.20879505502274248,0.76323,-0.16160831258957542,-0.07973959688785077,-0.11878,0.06910624343113334,0.04982661373132538,-0.1166,0.0967897545304734,-0.08828013434306947,-0.41745,-0.05755913707978609,0.11978268732605313,-0.4292,-0.017984174652982864,-0.11657779289459319,-0.85555,-0.0044531750274762125,0.13554021204169928,-0.8652,0.045257879708302716
194,0.0002668245055787166,0.52293,-0.054027465003303854,-0.143946756629666,0.39032,-0.07872307232825529,-0.1984908814916878,0.57717,-0.18044900571810515,0.1566732207761955,0.38484,-0.02990530957227335,0.22145267397334684,0.58413,-0.08907844851620697,-0.16621431847589552,0.77432,-0.247056151580149,0.2052658508657148,0.79163,-0.14643056842194568,-0.07695324885452028,-0.098939,0.05738704675912738,0.05345305016490905,-0.09653,0.08347926232345201,-0.08887253343400411,-0.40859,-0.05065207226779396,0.11820024218591188,-0.41831,-0.011428365902077804,-0.11772923969011925,-0.85555,-0.0011479072203125149,0.13594582742738545,-0.8652,0.049004229553004174
195,-0.0009463382019240969,0.55241,-0.04838541304988084,-0.14627993713079315,0.41556,-0.07245906045493002,-0.20157674222907976,0.60188,-0.17221984029812343,0.1558391760921008,0.41229,-0.022353409581878,0.21892415796326264,0.61111,-0.08032452900625331,-0.1698086077380467,0.79809,-0.2333520979937103,0.20180022955174606,0.81924,-0.13224688522934142,-0.07420286763211513,-0.080161,0.04571634120498709,0.05692228869675308,-0.077548,0.07031164355583999,-0.0892771923982551,-0.40057,-0.04461969519713174,0.11665280185049841,-0.40745,-0.005589368607307459,-0.1188363581155663,-0.85702,0.002251488136517238,0.13641330964909507,-0.86535,0.05274524136431745
196,-0.002078225806571336,0.57955,-0.04439636059968092,-0.14860775679697674,0.43993,-0.06680132843567274,-0.2050652084765599,0.6259,-0.16401089376155786,0.15528782885742498,0.43813,-0.016001652563003982,0.219691202835055,0.63665,-0.07148707223608142,-0.17339813815606286,0.82105,-0.21875362987619412,0.20055577938170668,0.84545,-0.11666627728952438,-0.0719440996013819,-0.062781,0.03298109515383686,0.05939813920813405,-0.059973,0.056921138627149113,-0.08959362606705781,-0.39257,-0.03900128708332868,0.11529079372644623,-0.39771,-0.000974772756096233,-0.1199504963791039,-0.85971,0.005575519563823756,0.13687858431309188,-0.86692,0.05644118515272153
197,-0.0035268387681684707,0.60653,-0.040626639059899404,-0.15106466740250488,0.46403,-0.06133288859633616,-0.21100936707736778,0.64945,-0.1565598885590069,0.15467855882621515,0.46395,-0.00960933756536271,0.22048550868691816,0.66236,-0.06240110623274989,-0.17780123161387884,0.8431,-0.20593345171823785,0.19924053597524485,0.87135,-0.10195111046132435,-0.06979756599515026,-0.04595,0.02046773067911152,0.061933716316509214,-0.042707,0.043963582579518684,-0.08979437701060833,-0.38483,-0.03421747019106958,0.1138531800855938,-0.3885,0.002744086076883992,-0.12101459992508642,-0.86301,0.008788553121604845,0.1373220309591225,-0.86953,0.059800220143924235
198,-0.005217870635097606,0.63315,-0.036357424703014736,-0.15367538042484902,0.48853,-0.055049779611529154,-0.21701152060187057,0.67299,-0.1495862056677149,0.1541528358270272,0.48978,-0.0031149642831956904,0.2204732642017804,0.68817,-0.053405570057924984,-0.18206528631762633,0.86442,-0.19303798594598096,0.19660929144000888,0.89717,-0.08627994100286365,-0.06763246886357917,-0.0291,0.007728153040474412,0.06436457093214196,-0.025608,0.03109316549856684,-0.08990300011169478,-0.37718,-0.03052625453468883,0.11236121991660036,-0.37944,0.005561817585409438,-0.1219572494838959,-0.86722,0.011427962299674122,0.13775119215363332,-0.87227,0.06249163179380726
199,-0.007187134424431783,0.6548,-0.03209969935630469,-0.1562953689277705,0.50782,-0.04923235610583874,-0.2234944453587987,0.69155,-0.14236220493432566,0.15371380956944616,0.51513,0.003636367507284941,0.22056307497651392,0.71284,-0.04493123031817287,-0.18634722856749641,0.88079,-0.1796379609247813,0.1940978160625892,0.92191,-0.07163354242066557,-0.06561922617146634,-0.013867,-0.004351772243344785,0.06658779157546614,-0.009827,0.018922321239802493,-0.08993916569916748,-0.36989,-0.028161610364780224,0.11095005780264186,-0.37068,0.007460618914703308,-0.12282056765172149,-0.87148,0.013847811621657269,0.13798406413168834,-0.87598,0.06456862376342022
200,-0.009306763730609112,0.67136,-0.02730594116419756,-0.15909793379258086,0.52217,-0.042897779941758744,-0.2272951461529964,0.70628,-0.1345708210730989,0.15339862028875154,0.53441,0.009455034082827416,0.2203279009765763,0.73181,-0.03691731852743339,-0.18889117437031694,0.89342,-0.16521052734315242,0.1919142383132015,0.94088,-0.05890433139985288,-0.06314587095117737,-0.000664,-0.01610991116726762,0.06911760773671542,0.003668,0.00785752001292625,-0.08991722646580533,-0.36366,-0.026610231729488544,0.10963611640961277,-0.36219,0.008232177088585733,-0.12358545312901982,-0.87607,0.015939772234722926,0.13814266812594464,-0.88026,0.06620299482685899
201,-0.011601535565961673,0.68567,-0.021858667789042552,-0.15977193092962133,0.52507,-0.04039986944310968,-0.2294346991642213,0.71222,-0.12600725067797988,0.15305740960761677,0.5465,0.015190924534281275,0.21977713967830276,0.74379,-0.02843813944026205,-0.19151909019632146,0.89934,-0.1505948146198045,0.1887202508338778,0.95293,-0.04591563400627552,-0.06205908813086002,0.008002,-0.022440367162017374,0.07002652014602753,0.011807,0.0025588523282909486,-0.08964437523266926,-0.35838,-0.026550951002636332,0.1083548244416309,-0.35404,0.008012343304136797,-0.12420504673403074,-0.8807,0.017668443332598285,0.13805829737016256,-0.88494,0.06725736220854753
202,-0.013933777560286891,0.6882,-0.01634285984460631,-0.1604805561811785,0.52602,-0.03822386249163743,-0.23149442388231628,0.71589,-0.11783882132554815,0.15292324455814948,0.54752,0.01808255741891608,0.2188340920234072,0.74557,-0.019922526654290854,-0.19374592681668934,0.90247,-0.13859926133259892,0.18668095424539022,0.95493,-0.03498367309232312,-0.06168233828359058,0.00837,-0.024640368196694955,0.07029416426064787,0.011955,0.0010006557335349789,-0.08964437523266926,-0.35792,-0.026550951002636332,0.10754658749145023,-0.35391,0.007873891029461963,-0.12434651834640949,-0.88075,0.018010067077222334,0.1379761617821261,-0.8871,0.0677231762757223
203,-0.016141146040128437,0.68964,-0.010556253810478703,-0.16121041637900793,0.52693,-0.03586983847059933,-0.2332302965328854,0.71844,-0.11110393438210164,0.15271423892793073,0.54838,0.020995518394716632,0.21799602582119337,0.74695,-0.01171435474815323,-0.19538849789074242,0.90533,-0.12744097130828588,0.1848294933327184,0.95644,-0.02465627959304905,-0.061318495482781454,0.008692,-0.026761410962953897,0.07055955094895852,0.012051,-0.0005447383604318332,-0.08964437523266926,-0.35753,-0.026550951002636332,0.10662984804026053,-0.35388,0.0077173222629967776,-0.12440922938093422,-0.8808,0.01819295591271766,0.13795983885342541,-0.88833,0.06781574820450545
204,-0.018103436214898683,0.69052,-0.005307257880779373,-0.16198172862270288,0.52783,-0.03333831592028968,-0.23420027121094586,0.72019,-0.10543017151043335,0.15232660632678124,0.54861,0.02325147982313824,0.21732170985051946,0.74739,-0.004434856553106117,-0.19673417331429024,0.90617,-0.11952132821945546,0.18314215399032882,0.95694,-0.015086902657029423,-0.06151354519703108,0.008836,-0.0288743817646857,0.07015553756253072,0.012051,-0.0019390776963135754,-0.08964437523266926,-0.35738,-0.026550951002636332,0.10572469493220056,-0.35388,0.007149517850395607,-0.1244267179782817,-0.8808,0.018234550972073525,0.1379546294080954,-0.88935,0.06784529243709582
205,-0.019901547117657927,0.69104,-0.0004019742823134962,-0.1627225544819352,0.52871,-0.030691751723771362,-0.2349894282674582,0.72147,-0.10083946403334916,0.15192056701879908,0.54882,0.02561183087337915,0.21604976455914202,0.74739,0.002145238900285319,-0.19785348542514428,0.90681,-0.11300063068019667,0.18186655851957456,0.95694,-0.007679878140059659,-0.061832696897415336,0.008879,-0.030709684244426255,0.06972205145025773,0.012051,-0.003241132914215815,-0.09010651693932754,-0.35735,-0.028548549071059248,0.1051385059164819,-0.35388,0.005406242932933996,-0.12450793367301002,-0.88068,0.018234446426402342,0.13779706016761348,-0.89038,0.06781750872866911
206,-0.021297643177784206,0.69128,0.004025865009135538,-0.1635047326498393,0.52962,-0.027983430045378222,-0.23561813440780627,0.72239,-0.09715871892004824,0.1514851811687912,0.54895,0.028138614433879123,0.2151046714390848,0.74739,0.00762030373957448,-0.19881008919352441,0.90705,-0.10740269800551035,0.18074461764366853,0.95694,-0.001317035247847785,-0.062295256166342586,0.008879,-0.03196203280721918,0.06913137945743861,0.012051,-0.004314001311037662,-0.09063519234465796,-0.35735,-0.03035885520975478,0.10443984631787781,-0.35388,0.0034370048149608614,-0.12457188428716544,-0.8806,0.01825160215282667,0.13745270249185046,-0.89128,0.06717901143725505
207,-0.022426157556071892,0.69135,0.008110962351671937,-0.16417882595642772,0.52976,-0.026176026600097487,-0.23649209676688934,0.72263,-0.09421780175105046,0.15068429529865016,0.54901,0.03170167292666428,0.2143181191052375,0.74739,0.012196239100363503,-0.1997367684714573,0.90681,-0.1036445189895706,0.17984822170816483,0.95694,0.003593915609859149,-0.06303098208924236,0.008879,-0.03262689096229683,0.06840946186081351,0.011992,-0.0052414510313368474,-0.09129497755302009,-0.35735,-0.03188054357431125,0.1036394306709838,-0.35404,0.0016417399898703555,-0.12462194304710747,-0.88042,0.01818997325901002,0.13701725700144204,-0.89201,0.06636604635505104
208,-0.023236235378851566,0.69135,0.011392142310321044,-0.16495370733322395,0.52978,-0.024315314948095926,-0.23755498120798235,0.72275,-0.09181790994830552,0.1501911638679318,0.54901,0.03346178155741344,0.21363503704289266,0.74738,0.01601260227701517,-0.20030898730164381,0.90684,-0.10074483097007954,0.1790692377669739,0.9569,0.007608639139489375,-0.06388431831743534,0.008879,-0.032987550471603594,0.06762176704801734,0.011789,-0.00595710519494802,-0.0921709277529605,-0.35735,-0.03323015435050724,0.10278141369770127,-0.35436,0.00011556081508153071,-0.12466510574853974,-0.88021,0.018146822578771243,0.13654388229731831,-0.89263,0.06565301312335999
209,-0.02389802905868139,0.69135,0.014166369792943419,-0.16557816130338665,0.52986,-0.022962193283518766,-0.2385751223711594,0.72285,-0.08989077813984203,0.14967590520766588,0.54901,0.03523220453315143,0.21333181614700755,0.74697,0.019171946051962527,-0.20078234866631803,0.90689,-0.09886649313613333,0.1784148316963311,0.95643,0.011435135800236106,-0.06497832316416721,0.008567,-0.03317537591004883,0.06675212890885618,0.011268,-0.0064902154151805,-0.09313180633721224,-0.35772,-0.03420177019348551,0.10192079021793082,-0.355,-0.0009927221930295799,-0.12464721998624005,-0.88009,0.01804538738021098,0.13607961120941717,-0.89331,0.065003526128156
210,-0.02442275724501902,0.69135,0.016157501463743427,-0.16619127827340407,0.52992,-0.021730954646585768,-0.23940410450075802,0.72292,-0.08841429833002198,0.149140776744162,0.54901,0.037000139353089094,0.21338042514999386,0.74633,0.02171806823379683,-0.20144753426342563,0.90689,-0.0975703094603371,0.17783015828212653,0.95599,0.014750983504628213,-0.0660546014713449,0.007872,-0.03336007568129606,0.0659239410317376,0.010561,-0.006797700114302004,-0.094115753682468,-0.35851,-0.034852517165636865,0.10116052700872863,-0.35582,-0.001898501334285093,-0.12461906493907102,-0.88008,0.01805847528756509,0.13562670116404824,-0.89384,0.06440478286864997
211,-0.025001495443504242,0.69115,0.017999996266345072,-0.16668028844880947,0.52999,-0.020742858978975605,-0.24003820707406326,0.72299,-0.08729439524201496,0.14845591903438116,0.5483,0.038465476828674044,0.21345686951382672,0.74587,0.02364562660106828,-0.2021459089210317,0.9069,-0.09666177831744018,0.17731574025271615,0.95561,0.017150103779024123,-0.06705209515828159,0.007034,-0.03353088359832993,0.06518776869570449,0.009763,-0.006924460879760166,-0.09496694664697726,-0.35943,-0.03521381418634131,0.10065032927398475,-0.35663,-0.0024718060276743975,-0.12458847881741465,-0.88002,0.01805777588637703,0.1354314021842386,-0.89392,0.06424544891594273
212,-0.02562017815174604,0.69081,0.01961408477275437,-0.16802452567102816,0.53033,-0.018302204294182646,-0.2406877625513579,0.72308,-0.08648996831437239,0.14739700445898749,0.5476,0.040670091289757626,0.21346013765152375,0.74551,0.025066784691949097,-0.20279561222029416,0.90668,-0.09608686386908502,0.17695996274670941,0.95529,0.01853435352752316,-0.06809130225526173,0.006245,-0.033321153749271464,0.06442877213317443,0.008997,-0.00705423074555165,-0.0957564722498507,-0.3603,-0.03534896714564047,0.10015388821309573,-0.3574,-0.0028467077122043306,-0.12457863073988454,-0.87999,0.0180595123681537,0.1352678549947321,-0.89392,0.06413639243147473
213,-0.026276440993524858,0.69046,0.02092301146378805,-0.16944618237045347,0.5307,-0.016055946688969223,-0.24136966467447263,0.72313,-0.08584762067135371,0.14618686993087873,0.54693,0.04309885196629186,0.21331352872097595,0.7454,0.025955832959189764,-0.20337955272881772,0.90647,-0.09582732103542314,0.17665273460328848,0.95513,0.019124976815152524,-0.06897747598211176,0.005671,-0.03279301255049911,0.06371918960647263,0.008413,-0.007176303010212805,-0.0964168143889019,-0.36098,-0.03546235700141828,0.09969954454260177,-0.35798,-0.002924789906602762,-0.12459832689494477,-0.87999,0.018056039404600363,0.13514057444814806,-0.89395,0.06405200841366761
214,-0.02703440823117377,0.69013,0.021944916873623464,-0.17089614372283848,0.531,-0.013649165420014812,-0.2420322419812694,0.72306,-0.08537245721261774,0.14504187751178207,0.54639,0.045330936498788596,0.21326282345309722,0.74528,0.02624339682306933,-0.20387391660387505,0.90627,-0.0958454417152751,0.1764162070943879,0.95496,0.019084286060265476,-0.06987868559367366,0.005053,-0.03208169951390518,0.06306447331161329,0.007852,-0.007240975827111702,-0.09700821998524221,-0.3617,-0.0355635914847594,0.0993092133760536,-0.35854,-0.002991584969452843,-0.12467356464064852,-0.87999,0.01813720763497047,0.13500490892043915,-0.89356,0.06407276569170345
215,-0.027869212111705927,0.68987,0.022797913638592977,-0.17237936983052876,0.53134,-0.011341668873220873,-0.24278712263995525,0.723,-0.0850648678904006,0.14393811362177636,0.546,0.047444377833465154,0.21325848224865554,0.74523,0.026268017016894636,-0.20432727546661597,0.90613,-0.09592335026149587,0.17611074304277644,0.95486,0.019031439932941735,-0.07082233446309276,0.004446,-0.031210324272551576,0.062446380572986536,0.007313,-0.007213895087518891,-0.09757094958988051,-0.36241,-0.03565469248400545,0.09896122894288496,-0.35908,-0.0030509131606632454,-0.12476090789019208,-0.87997,0.018229441884353083,0.13489062616097022,-0.89318,0.06414501837946085
