FrameNo,head_x,head_y,head_z,left_shoulder_x,left_shoulder_y,left_shoulder_z,left_elbow_x,left_elbow_y,left_elbow_z,right_shoulder_x,right_shoulder_y,right_shoulder_z,right_elbow_x,right_elbow_y,right_elbow_z,left_hand_x,left_hand_y,left_hand_z,right_hand_x,right_hand_y,right_hand_z,left_hip_x,left_hip_y,left_hip_z,right_hip_x,right_hip_y,right_hip_z,left_knee_x,left_knee_y,left_knee_z,right_knee_x,right_knee_y,right_knee_z,left_foot_x,left_foot_y,left_foot_z,right_foot_x,right_foot_y,right_foot_z
2,-0.005842808013107957,0.7171,0.028908782325133678,-0.15968316018168613,0.54866,0.04355234779423456,-0.2634080617463195,0.75731,-0.008271330186077827,0.1677554777112403,0.52388,-0.04055962483644975,0.24160189564274578,0.74,-0.19354409864894298,-0.22917543663323414,0.97271,-0.06181318422445563,0.17416922757878278,0.97236,-0.24415340784967587,-0.07563619962844095,-0.003088,-0.009053454079334963,0.08099746162078575,0.002602,-0.05280833893419997,-0.1319367625516608,-0.46445,0.004420739348420254,0.1203934844359588,-0.45952,0.005093269025738093,-0.16915641505745763,-0.82642,0.03969780202869075,0.13040741854809598,-0.82147,0.048639939387520925
3,-0.008501419313897083,0.71142,0.027139566976083048,-0.1580122746828697,0.55102,0.05147354231588626,-0.2621124173157913,0.73692,0.022802768908017263,0.16941567799087218,0.51678,-0.04243135132061092,0.22888695882650362,0.73672,-0.2085846731645315,-0.23220047141409003,0.97489,-0.052996954101857195,0.15653103919209238,0.96594,-0.25981855740005105,-0.07315275140899265,-0.002832,-0.00529459481869231,0.08228724621764262,0.003989,-0.05494374936166134,-0.13029715334687653,-0.46301,0.007730303920321906,0.12152056433541203,-0.4579,0.001177057603936594,-0.16956370728451994,-0.8264,0.04009455515315811,0.13113136400494724,-0.8197,0.04854173564266143
4,-0.008971250711129404,0.71048,0.026951292022425567,-0.15331326502981243,0.55868,0.08163580032619568,-0.26059859259968426,0.73626,0.027932833208676993,0.16944151860784296,0.5139,-0.04412760845398268,0.22222524857373954,0.73584,-0.21734090617354954,-0.23447487592262253,0.97461,-0.04579763405538288,0.1468250832714868,0.96215,-0.26781461390730893,-0.07139074660815442,-0.002445,-0.002765135571773509,0.082194482027188,0.004769,-0.055210696556756735,-0.12973459203894713,-0.46251,0.00884759026447044,0.12069688603686847,-0.45544,-0.0013635090770439291,-0.16939341007464848,-0.82732,0.040599656984782184,0.13119804312134842,-0.8197,0.04851677776943557
5,-0.009632924333873149,0.7096,0.026642499184158275,-0.15445187605232974,0.56118,0.08640801877670715,-0.2589855853802737,0.73848,0.03466196812411221,0.1664934222211196,0.49826,-0.06574204880515969,0.21677900964164082,0.73183,-0.2228894718886233,-0.23590295752617677,0.97591,-0.03685072666044523,0.13902991265382392,0.959,-0.27384257500883624,-0.06780727061025461,-0.001997,0.00248130558128214,0.08095259741517458,0.00479,-0.055521771484136465,-0.12887591071949875,-0.46199,0.01170184435120315,0.1204715663970636,-0.45503,-0.00235342172971496,-0.1695935952458198,-0.82655,0.040904043083747156,0.13117417941002418,-0.81976,0.04849661534691663
6,-0.009977585409279132,0.7086,0.026547911959333828,-0.15323571727424534,0.56195,0.08800712910013339,-0.25749199288703223,0.7404,0.04198079798032097,0.16656720664222177,0.49637,-0.06895162196357227,0.2109824519918498,0.72988,-0.2295033905011139,-0.23688952308839584,0.97559,-0.030294812277886274,0.13224569318537127,0.95456,-0.28058697017844686,-0.06582167249144202,0.000478,0.007165676201821033,0.07950282002576224,0.008371,-0.060081289607924186,-0.12839642001618637,-0.46193,0.01407564503058569,0.12038076887488496,-0.454,-0.0038473510486474946,-0.17030409588200685,-0.82678,0.04096332078594489,0.1312872208060395,-0.81973,0.0483314770933625
7,-0.00943432844292652,0.70858,0.026519139255092493,-0.1521160935434943,0.56156,0.08646731524724754,-0.25505513108438843,0.74595,0.04624136901655725,0.1668304350210008,0.50027,-0.06688290259628116,0.20904750019835563,0.73325,-0.23264511957231876,-0.23426188607767628,0.97739,-0.028234800447848207,0.12967535115416723,0.96261,-0.2843376157019036,-0.06408006324685211,0.00236,0.009729194533949544,0.07918588441406284,0.010312,-0.060847900864061694,-0.12782946941904136,-0.46166,0.014872298041875356,0.12029701701700676,-0.4515,-0.005186147010062807,-0.17054143997937596,-0.82664,0.04146008207614778,0.13145371823074342,-0.82036,0.047836038290313174
8,-0.00943432844292652,0.70809,0.026519139255092493,-0.1510294584677203,0.56312,0.09136299949075198,-0.25383805241299595,0.74535,0.04830639795282944,0.16685400929254732,0.49777,-0.07060758248235473,0.20795767446351435,0.73267,-0.23542815386382104,-0.2342847470655939,0.97705,-0.02588818024525226,0.1287796569466659,0.96183,-0.28763213112706837,-0.0627717327295913,0.002853,0.011689791192521639,0.07904403487064146,0.011044,-0.0613874661585638,-0.12738042058306343,-0.46142,0.016209638740017334,0.12034020019318019,-0.45091,-0.006208172554408729,-0.17083095244102905,-0.82666,0.041776157280090716,0.1315503129184773,-0.82013,0.04763521382392125
9,-0.00943432844292652,0.7077,0.026519139255092493,-0.15045796719174603,0.56353,0.09241575479066041,-0.2532880472101013,0.74429,0.04848865951429766,0.16697333762097225,0.49569,-0.0739043895361623,0.20796298007839228,0.73202,-0.236089116684599,-0.2344119038325972,0.97662,-0.025860681943390487,0.12877756603324222,0.96103,-0.2892564450216346,-0.061832720708549394,0.003028,0.01299557119862481,0.07879344247976562,0.011474,-0.06184693155838748,-0.12705704137529653,-0.46128,0.017294973199059364,0.12039214147304377,-0.45081,-0.006892589900365226,-0.1710911441868663,-0.82668,0.042028167707252276,0.13163653858414806,-0.81993,0.04743317141604698
10,-0.00943432844292652,0.7074,0.026519139255092493,-0.15010747839352195,0.56354,0.09267584439506521,-0.2532878735619236,0.74309,0.048489644322050676,0.16703398891975196,0.49569,-0.0739059451570452,0.20796298007839228,0.73189,-0.236089116684599,-0.23453372737468964,0.97662,-0.025860525124883717,0.12877756603324222,0.96021,-0.2892564450216346,-0.06154074956237616,0.003028,0.01332690464064702,0.07841399709175197,0.011742,-0.062161825504844316,-0.12691107895268544,-0.46118,0.01783482870860382,0.12043850196883499,-0.45076,-0.007435894331076026,-0.1713499966158791,-0.82673,0.04223018607273956,0.13174246040487905,-0.81988,0.047227656044619364
11,-0.009301093989704929,0.70722,0.026526109224586158,-0.15010747839352195,0.56354,0.09267584439506521,-0.2532878735619236,0.74304,0.048489644322050676,0.16703398891975196,0.49569,-0.0739059451570452,0.20796298007839228,0.73179,-0.236089116684599,-0.23469598511596862,0.97659,-0.025859331225788332,0.12877756603324222,0.95988,-0.2892564450216346,-0.06154074956237616,0.003028,0.01332690464064702,0.0781815301892055,0.011742,-0.06216145238227909,-0.12690170195109143,-0.46118,0.017888008327266478,0.1204373843849622,-0.45076,-0.0077301709883329135,-0.17154025979853646,-0.82678,0.04241807945028415,0.13177445975434376,-0.81987,0.04706360714448945
12,-0.009046045611345657,0.70705,0.02660197308090988,-0.15010747839352195,0.56354,0.09267584439506521,-0.2532878735619236,0.74304,0.048489644322050676,0.16703398891975196,0.49569,-0.0739059451570452,0.2089477637890175,0.73174,-0.23609013809892387,-0.23478722253640472,0.9765,-0.025858475006093506,0.13101012939738252,0.95988,-0.28926424406635726,-0.06154074956237616,0.003028,0.01332690464064702,0.07797849095238471,0.011742,-0.06216119101810113,-0.12690170195109143,-0.46118,0.017888008327266478,0.12049820933191961,-0.45076,-0.007730741801462809,-0.17168909676153815,-0.82676,0.042552974070059826,0.13178125607565974,-0.81987,0.046929387883514834
13,-0.008696343930309935,0.70705,0.026690594377903262,-0.15010747839352195,0.56354,0.09267584439506521,-0.25328351545038663,0.74343,0.04672914155100378,0.1672682367437788,0.49636,-0.07338368759899679,0.21162508286946802,0.73182,-0.23513047016601396,-0.2343531974090963,0.97625,-0.028119187988509646,0.13573534991812952,0.96037,-0.2892444695799782,-0.06154074956237616,0.003028,0.01332690464064702,0.077725806950245,0.011742,-0.062160299355241574,-0.12690170195109143,-0.4612,0.017888008327266478,0.12052896910175362,-0.45076,-0.007729057592521731,-0.1717324331111481,-0.8268,0.04259513994254559,0.13178125607565974,-0.81987,0.046929387883514834
14,-0.008290210779594076,0.70705,0.026713416820577297,-0.1501152498282117,0.56269,0.0910769023683479,-0.2537924337420003,0.74397,0.042691168399475767,0.16746599619193156,0.4972,-0.07249248885535634,0.21590849170494442,0.73209,-0.23226067770868136,-0.23376394686535984,0.97641,-0.03312759929317565,0.14316376844926815,0.96122,-0.28690891865434287,-0.061796591650224095,0.002511,0.012710973779197776,0.07746896438838027,0.011263,-0.06183170705707443,-0.12690170195109143,-0.46124,0.017888008327266478,0.12051860007969051,-0.4509,-0.007730275534004098,-0.1717324331111481,-0.82683,0.04259513994254559,0.13178125607565974,-0.8199,0.046929387883514834
15,-0.00782667577687726,0.70705,0.026773842818759556,-0.15024913792466169,0.56157,0.08910824343962788,-0.25487979280434064,0.74419,0.036754799537153764,0.16780081213703746,0.49832,-0.07116953032127342,0.22172558078918236,0.73209,-0.2274883015095496,-0.23306223465785258,0.9767,-0.040377594050265836,0.15291889883452117,0.96037,-0.28260753153310947,-0.06261358484284758,0.001595,0.011250657675332967,0.0772021042888694,0.010327,-0.06111650171083529,-0.1270289103705145,-0.46128,0.01745451205504734,0.12049652271873981,-0.4514,-0.007682719355294566,-0.1717324331111481,-0.82683,0.04259513994254559,0.13177123434995197,-0.81995,0.04693013955753849
16,-0.007675429377536498,0.70706,0.026808099594533917,-0.1513802750186924,0.55909,0.08430570193803649,-0.25697852693818724,0.74359,0.025428163847972838,0.1678928269802827,0.4995,-0.06926558329768727,0.22930856403667377,0.73182,-0.22024503117990807,-0.2324942903348603,0.97683,-0.05045938155278647,0.1645610505485865,0.95918,-0.27624247038126765,-0.06427378070214451,0.000139,0.008515392841944202,0.07697752600829316,0.008619,-0.059942670975212206,-0.12739396514092147,-0.46142,0.01613282373528238,0.1204956562616744,-0.45242,-0.0072845193436770934,-0.1717324331111481,-0.82682,0.04259513994254559,0.13167535829731575,-0.81995,0.04696227649160036
17,-0.007675603025714166,0.70736,0.026807114786780904,-0.1526810645984808,0.55627,0.07894412731213471,-0.2593411065648938,0.74284,0.01272036142161008,0.16788985983798999,0.50062,-0.06709407801423374,0.23798439538136482,0.7316,-0.21112298916737185,-0.23191134549289644,0.97686,-0.062183728029721864,0.17789799684260973,0.95848,-0.2685007933310194,-0.0662354076167316,-0.001515,0.005159035166134381,0.0767484562970688,0.006525,-0.05854668527779279,-0.12786787149251566,-0.46171,0.01442415824141921,0.1204513314592412,-0.45397,-0.00638414369324598,-0.17164414770973235,-0.82677,0.042577541991049545,0.13156100162686293,-0.81995,0.047004780043486676
18,-0.007675776673891832,0.70773,0.026806129979027895,-0.15451454799963985,0.55317,0.07263465327560248,-0.26203478874928304,0.74205,-0.003016971017196196,0.16790080417196265,0.50251,-0.060409423556331374,0.2468532825501392,0.73077,-0.19894809120527177,-0.22968708528936121,0.97866,-0.07744177071372854,0.19441660508454336,0.95864,-0.2582636950239051,-0.06882072240202554,-0.003364,0.0003560014934499405,0.0765092807117822,0.003945,-0.056545754234652426,-0.12877948789611962,-0.46274,0.01190315912744076,0.12028454017442465,-0.45592,-0.005026555881239236,-0.17151418852949943,-0.82662,0.04239317384989389,0.1313416652875514,-0.81997,0.04714296676592193
19,-0.007676297618424833,0.70838,0.026803175555768857,-0.15750743840246487,0.54948,0.06360823161269098,-0.2649131346413391,0.7415,-0.020089521908193242,0.16792296529414563,0.50499,-0.052739752254074436,0.25373625889422136,0.72975,-0.185884847479198,-0.2272326780423709,0.98039,-0.09392844366693293,0.2091120811875967,0.95897,-0.24713649042865352,-0.07163970155660718,-0.004977,-0.0054151648987132844,0.07624503549488246,0.0015,-0.054640929973638924,-0.12985527395477983,-0.46368,0.008969396976892016,0.120000392115361,-0.45786,-0.003297952722463235,-0.17125851163628147,-0.82647,0.04211555842115401,0.131093529176957,-0.82013,0.04734817268839761
20,-0.007882231792952967,0.70915,0.02679277768284135,-0.1604841795247668,0.54569,0.05467339707080961,-0.2675593939661299,0.74096,-0.037343124795299394,0.16789109957451015,0.50765,-0.04480060534927968,0.25961125836667764,0.72866,-0.17266417876696416,-0.22456853497443766,0.98243,-0.11066533829268663,0.22255283171002826,0.95949,-0.23604190051312463,-0.07419755286278826,-0.005929,-0.010672875112814827,0.07599022676512844,-0.000447,-0.05269410627560124,-0.1310428876560346,-0.46463,0.005804542683785947,0.11958489569064312,-0.45962,-0.0013928598845556854,-0.17096622080378576,-0.82629,0.04181524014125927,0.13082517596676937,-0.82037,0.04755389715116759
21,-0.008409836380928563,0.7099,0.026737556321511702,-0.1639132705822453,0.54206,0.043979386433096505,-0.2697403349624848,0.74046,-0.054030933679943854,0.16750519996593632,0.5106,-0.036623363913923714,0.2641105253048882,0.72758,-0.15993203845126214,-0.22181818671557477,0.9846,-0.12662540046220747,0.23404316419552673,0.9602,-0.22518219244279886,-0.07673872192271981,-0.006551,-0.015922357164298243,0.07564878799203534,-0.002081,-0.05055329227989104,-0.13223258513542138,-0.46553,0.0026278706976437284,0.11911482565336383,-0.4612,0.000548256845590199,-0.17067427726764534,-0.8261,0.0415129522458585,0.1305566491084041,-0.82062,0.04775863680618457
22,-0.009591022229804045,0.71073,0.026500058973281636,-0.16760977626568505,0.5385,0.03257501995650967,-0.27168318740016306,0.74019,-0.07115369410008077,0.16663356545494573,0.51319,-0.0292428800355286,0.26749006163986233,0.72681,-0.14738832153160114,-0.21934065843474487,0.98708,-0.1427505966972208,0.24395271504281063,0.96115,-0.21493732533750678,-0.07930750344713913,-0.007038,-0.021311160972176384,0.07536427037805228,-0.003543,-0.04825090792289645,-0.13353842563563453,-0.46642,-0.0005740163378406757,0.11850102836121906,-0.4628,0.002538071380705404,-0.1703808207665028,-0.82583,0.04116165709653647,0.1302880723814419,-0.82098,0.04790550593750318
23,-0.011250959827001944,0.71169,0.026069767010297357,-0.17118395793724045,0.53576,0.022152325948782234,-0.27337239328651264,0.73985,-0.08770176901753027,0.16551605225967042,0.51611,-0.021644387733868644,0.26982299194531595,0.72577,-0.1360004228584527,-0.21742401997193697,0.98926,-0.15785285470729615,0.2518628478893807,0.96205,-0.20664492530195533,-0.08174304811409815,-0.00727,-0.026710257486895077,0.0747515263757512,-0.004646,-0.04592111119621747,-0.13493111248324519,-0.46721,-0.003692556436106567,0.11751980044424565,-0.46439,0.004459652962359437,-0.17008706683760183,-0.8254,0.040754461039022104,0.1300464351644051,-0.82141,0.04803239350719658
24,-0.013155750428673656,0.71276,0.02556384432471871,-0.17486713901195092,0.53306,0.011572167246244033,-0.2746962229323099,0.74012,-0.10315668328674928,0.164267685817064,0.51918,-0.014096948616858548,0.2709777167287875,0.72487,-0.12628432942155962,-0.21545776264744448,0.99173,-0.1715219560725608,0.25858507674222914,0.9634,-0.1998489824497875,-0.08388664086879352,-0.007314,-0.031639919148917894,0.07400153477823262,-0.005539,-0.04348283360667777,-0.13623938227412274,-0.46794,-0.006505106729750614,0.1164600354661928,-0.46592,0.006281354966336115,-0.16979864613361162,-0.82495,0.040374606464862725,0.12983543393762154,-0.82189,0.04821785100177643
25,-0.015170948852831316,0.71378,0.025030679892978858,-0.17785585829086603,0.53147,0.003375629070169882,-0.27552525144130435,0.74012,-0.1151143884065151,0.16289657593905696,0.52218,-0.007015271294187636,0.2713599413413533,0.72367,-0.11847303085182431,-0.21437341004994576,0.9939,-0.18351241392221349,0.26364443466977766,0.96389,-0.1948820722068948,-0.08569268312682823,-0.007325,-0.03616403468260985,0.07324096266306987,-0.006101,-0.041190942671742864,-0.13750272527175855,-0.46867,-0.008717338288680328,0.11538325296672859,-0.46736,0.008006545810517601,-0.1695454501834779,-0.82441,0.04002533320388231,0.12970177827706073,-0.82245,0.04832366765642046
26,-0.017271713793113763,0.7146,0.024542050518421718,-0.18076494696721593,0.53021,-0.004254126107627942,-0.27637124225164444,0.74012,-0.1259013620112302,0.16155235391855546,0.5251,-0.00041457010722281,0.2713751494011379,0.7224,-0.11245524806121798,-0.21392233273434624,0.99553,-0.19466010109289383,0.2671451586634002,0.96407,-0.19149856344815408,-0.08739366583313575,-0.007405,-0.04010960420206363,0.07243575815776927,-0.006397,-0.03911762197666367,-0.13870429938674184,-0.46932,-0.010636848811236062,0.11437545509474922,-0.46835,0.009374327755578234,-0.1693643164432531,-0.82389,0.039670488775784364,0.1295672543756116,-0.823,0.048424560272299425
27,-0.01944813287796178,0.71535,0.024050514184963737,-0.18331731776950985,0.52923,-0.011012587788187922,-0.27716495247374645,0.74012,-0.1335700401296109,0.160250803901498,0.52696,0.0017635319457347184,0.27139108765164677,0.7218,-0.10960064791896151,-0.21394499075867524,0.99553,-0.2025053535817519,0.26715148569260305,0.96372,-0.19117474255830688,-0.08864812330243038,-0.007541,-0.04289914940831696,0.07163700570208384,-0.006548,-0.03761813956111606,-0.13950616657441445,-0.46939,-0.011729201324545739,0.11340297992999719,-0.46913,0.01042414538447409,-0.16922044136641984,-0.82349,0.039392278491527606,0.12946934441344027,-0.82364,0.04850275003702353
28,-0.021111545842951718,0.71583,0.02361778874325342,-0.18465104349916642,0.52885,-0.01489090916193354,-0.2780060525939453,0.73981,-0.13787945431112114,0.15922025633442136,0.52806,0.0025991800247682217,0.27141165204759543,0.7214,-0.10959919684374979,-0.21395818538366596,0.99553,-0.20759031433891328,0.26715148569260305,0.96295,-0.19117474255830688,-0.08959190673179217,-0.007545,-0.044468099005487656,0.07086478899907124,-0.006732,-0.03656707754411215,-0.14021748915053875,-0.46943,-0.012423225238179767,0.11256406068861219,-0.46965,0.011252405311329195,-0.16913496016205662,-0.8231,0.039128426328942915,0.12940063138750393,-0.82412,0.04857376074091159
29,-0.022299097188849187,0.7162,0.02333267332652344,-0.18537792763558852,0.52843,-0.017400818214512514,-0.27886880173246387,0.73959,-0.14064160273652943,0.15841891544275047,0.52877,0.0027191540858651775,0.2712084391625969,0.72105,-0.10959992028732483,-0.21397740069098647,0.99553,-0.2110393766422016,0.26715148569260305,0.96182,-0.19117474255830688,-0.09043199815669983,-0.007439,-0.04562174513745214,0.07017063890161773,-0.006942,-0.03578160657570829,-0.1407967669844752,-0.46945,-0.012886675549550766,0.11190121534791271,-0.46991,0.011869888148591079,-0.16908105709981894,-0.82274,0.03891583644235046,0.12933707793830077,-0.82453,0.04861644515369165
30,-0.02308736878665978,0.71659,0.023198517118746355,-0.18554351051845303,0.52804,-0.01764883294976481,-0.27982208834723915,0.73942,-0.1421895835600832,0.1579724027699224,0.52914,0.0027207138948097016,0.2706706890693328,0.72074,-0.10959750425868547,-0.21560021232348808,0.99455,-0.2135050372849944,0.2669180339823035,0.96182,-0.19117419578756395,-0.09106818993703024,-0.007396,-0.046298553839110156,0.06963664174957869,-0.007055,-0.035274169839144824,-0.14129711059238004,-0.46946,-0.013190406144040028,0.11134201035924757,-0.47015,0.012441679876978268,-0.16901643771916275,-0.82241,0.03870643411274638,0.12927868406583073,-0.82494,0.04863080327536372
31,-0.02308736878665978,0.71696,0.023198517118746355,-0.18554351051845303,0.52778,-0.01764883294976481,-0.2805618357882581,0.73923,-0.1421809973207478,0.1579724027699224,0.52914,0.0027207138948097016,0.27046410117415187,0.72042,-0.10990530686030658,-0.21809167976906105,0.99319,-0.2137562144488654,0.26575391800509945,0.96182,-0.1929388583591674,-0.09133222776898611,-0.007396,-0.04629870646955532,0.06936041488584437,-0.007055,-0.035101581543621925,-0.14151017155490858,-0.46944,-0.013189393105838415,0.11099279053450989,-0.47035,0.013052602551307996,-0.1689816599988554,-0.82217,0.038558142136664655,0.1292252761219161,-0.82516,0.04861585029817478
32,-0.02308736878665978,0.71726,0.023198517118746355,-0.18554351051845303,0.52755,-0.01764883294976481,-0.2811619736620786,0.73907,-0.14218687374875563,0.1579724027699224,0.52914,0.0027207138948097016,0.27043276523971915,0.72013,-0.11117718816735266,-0.2209736213946725,0.99169,-0.21374560942326729,0.2644120619887712,0.96182,-0.19542359625911657,-0.09133222776898611,-0.007396,-0.04629870646955532,0.06935433239114862,-0.007055,-0.035101524462308936,-0.1415305623026795,-0.46944,-0.013189859373297128,0.11097572671214748,-0.47038,0.013704468968579495,-0.16894561687270745,-0.82217,0.03847461433855238,0.12916943710351414,-0.82531,0.048587110012443646
33,-0.02308736878665978,0.71748,0.023198517118746355,-0.18554351051845303,0.52743,-0.01764883294976481,-0.28155646757641345,0.73918,-0.14217823942464627,0.1579743850270377,0.52914,0.0022136664900665876,0.2704227586372837,0.71994,-0.11336468350858372,-0.22403803786115617,0.99049,-0.2137332919582795,0.26299499048530334,0.96134,-0.19856525320316049,-0.09133222776898611,-0.007396,-0.04629870646955532,0.06935433239114862,-0.007084,-0.035101524462308936,-0.1415305623026795,-0.46943,-0.013189859373297128,0.11098044282297731,-0.47035,0.014364680115333806,-0.16891872723137902,-0.82216,0.03839676225322883,0.1291255299407743,-0.82532,0.048568450937972005
34,-0.02299081497098379,0.71767,0.023291158150035986,-0.1851402549327823,0.52754,-0.016513610974719695,-0.28155309078240803,0.73918,-0.1414680362162177,0.1580601841339005,0.52873,0.0009150385551824104,0.27038870932387765,0.71994,-0.11678269823123438,-0.2274888366462212,0.98935,-0.21372392472848917,0.2615079369824127,0.96011,-0.20250691172205076,-0.09133222776898611,-0.007395,-0.04629870646955532,0.06935433239114862,-0.007147,-0.035101524462308936,-0.14153711106483394,-0.46939,-0.013169411544213222,0.11098290150749744,-0.47029,0.015012088761298961,-0.1689150067086641,-0.82215,0.03830268697639836,0.12910908323249284,-0.82532,0.048532764725134216
35,-0.022328280320067805,0.71789,0.023656663056070962,-0.18445886840273182,0.52772,-0.01466484560381245,-0.2815458144660414,0.73918,-0.13964155132571898,0.15844973485298505,0.52791,-0.0006189103478977179,0.27031325783320304,0.71994,-0.12032034095945823,-0.230352962852871,0.98827,-0.21269088016392199,0.26002604484007813,0.95931,-0.20607377248166658,-0.09133097019627742,-0.007445,-0.0457617675358665,0.06935399952022547,-0.007222,-0.03520707013582021,-0.1415305364764696,-0.46936,-0.012959362086256677,0.11098374748982172,-0.47034,0.015592763613788637,-0.16889848608939878,-0.82213,0.038223616949592434,0.12909298382056672,-0.82532,0.04849904812780245
36,-0.02134130650181648,0.71813,0.024151799079893108,-0.18341602741305435,0.52772,-0.0122634504530202,-0.2815432489090357,0.73921,-0.13726590543082698,0.15906931418741263,0.52682,-0.0021152316530826214,0.27019243608338334,0.71994,-0.12376976498453407,-0.23313666412705109,0.98761,-0.21097137232266977,0.2587456807533851,0.9588,-0.20918876330115654,-0.09120483251678474,-0.007515,-0.04512702799415494,0.06957904282742886,-0.007347,-0.03556051816578072,-0.1415173632573539,-0.46932,-0.012711889933685667,0.11105295920172695,-0.47034,0.01610045814688422,-0.16888295749060253,-0.82211,0.0381965085999668,0.12909866434183284,-0.82532,0.048473676259953476
37,-0.0198867731380747,0.71843,0.024925983614588823,-0.18210760980020907,0.52792,-0.009680412638663587,-0.2813988386170862,0.73949,-0.13431616888876444,0.15976862207777634,0.52577,-0.003332152962977005,0.2698859176559455,0.72013,-0.12654469605640614,-0.23499704957785428,0.98761,-0.20879525973954363,0.257948299024476,0.9588,-0.21129225620069342,-0.0909095626756516,-0.007566,-0.04435659647810876,0.0699640960665563,-0.00743,-0.0359970133009626,-0.14143468268239745,-0.46928,-0.01241574820659394,0.11123503866146983,-0.47034,0.016442029618672686,-0.16886308768736463,-0.82214,0.03819402044416648,0.12909866434183284,-0.82515,0.048473676259953476
38,-0.01821340817029924,0.71884,0.02585857499596752,-0.18060927451723885,0.52815,-0.006884113766975064,-0.28084606659897543,0.74028,-0.13112365528722822,0.160513822955641,0.52484,-0.004231214502377803,0.2696237792510065,0.72051,-0.12895276010386333,-0.2365325205973244,0.98761,-0.20615857076502134,0.2573310127143717,0.9588,-0.21295025427408126,-0.09047694550210716,-0.007566,-0.04357890477752657,0.07047108941464092,-0.00743,-0.036438762941594,-0.1413321323042031,-0.46926,-0.01212209463530254,0.11151207606436372,-0.47034,0.01668866959393584,-0.16885289231347914,-0.82216,0.03819425357789583,0.12909866434183284,-0.82498,0.048473676259953476
39,-0.016413657343453774,0.71925,0.026891747760450342,-0.17904165539520242,0.52855,-0.0040980006522171805,-0.2800024908871611,0.74138,-0.12795195542462506,0.16123615392647347,0.52412,-0.0047992760910953135,0.2694371778033526,0.72112,-0.13093243277876027,-0.23776788661630371,0.98761,-0.20377788372150824,0.25691463556200506,0.9588,-0.21387195382761648,-0.0899600987250237,-0.007566,-0.04281301874878703,0.07106618970748622,-0.00743,-0.03686456998880602,-0.14120403160150471,-0.46922,-0.011856301087660424,0.11186268864216857,-0.4703,0.016891873482395285,-0.16885289231347914,-0.82212,0.03819425357789583,0.1291423479877981,-0.82469,0.04843348000297375
40,-0.014689981868513103,0.71976,0.028034800190170007,-0.17731731123118544,0.52919,-0.001517222047993167,-0.2786432940954532,0.74282,-0.1251961099860326,0.16176544334380588,0.52379,-0.005195201226316438,0.2693528328737804,0.72228,-0.13175630287340834,-0.23855073975486638,0.98761,-0.20205578007670558,0.2563301741089485,0.95892,-0.2141344510845374,-0.08936834226468221,-0.007566,-0.042106035515857065,0.07177924341391843,-0.00743,-0.037370070148789465,-0.14088755201989345,-0.46911,-0.011558736515805575,0.11228677665769062,-0.4702,0.016935900236654273,-0.16886152485376563,-0.82213,0.03820288371394359,0.1291884627082507,-0.82439,0.04840707105453619
41,-0.01306844099332075,0.72023,0.029226324503845734,-0.17611077879767953,0.52993,-0.0002606439617214226,-0.27688900853389364,0.74433,-0.1225607006879342,0.1621840983972234,0.52374,-0.005239574036099197,0.26912113990382164,0.72387,-0.13232165883885993,-0.23944534662503972,0.98816,-0.20067952481410395,0.25566226536106385,0.95912,-0.21417914900953586,-0.088717383176534,-0.007463,-0.04139730618419564,0.07252235989323533,-0.007378,-0.03786056265450967,-0.14053336674134145,-0.46899,-0.011220095424889172,0.11273346297869634,-0.46999,0.01693532523546276,-0.16885961472381128,-0.82213,0.038213716599226726,0.12922698677748284,-0.82407,0.04839520108866445
42,-0.011532868607682805,0.72072,0.030437069088168206,-0.17487251861625752,0.53081,0.0011182834196531918,-0.27405428850967006,0.74665,-0.1204204291200564,0.16251898290184438,0.52374,-0.005240743892807587,0.26844482034860223,0.72605,-0.1327019953467418,-0.24018236021234413,0.99016,-0.19950368002327115,0.2547186104423358,0.95971,-0.2141752254447876,-0.08803137298270698,-0.007159,-0.040720142973466184,0.07328186359528198,-0.007099,-0.03830418876575361,-0.14015948530772926,-0.46885,-0.01088492729752609,0.1131699539258166,-0.4696,0.016934517100541897,-0.16886355876330075,-0.82213,0.03824893654460581,0.1292777899987325,-0.82375,0.04839538194955821
43,-0.010313112466048541,0.72133,0.031578603123992584,-0.17375558685860482,0.53185,0.002269824755753165,-0.2707207173678026,0.74955,-0.11890629456787527,0.16264063279575922,0.52374,-0.005241885519067378,0.2669124384671827,0.72843,-0.1326968214220009,-0.2401824323395051,0.99358,-0.1989857997332449,0.253327748258069,0.96078,-0.2141736813021068,-0.08739216008084974,-0.006656,-0.040106823426982255,0.07397073692872191,-0.006588,-0.03863584902939,-0.13985875784168877,-0.4687,-0.010619109707496986,0.1135554680035096,-0.46902,0.01693254329697426,-0.16887549061896284,-0.82222,0.03823885533334633,0.12931839784609664,-0.82352,0.04839532967672261
44,-0.009209811198431266,0.72197,0.03285439907667236,-0.1726153862451448,0.53307,0.00355333033075678,-0.26710673738050467,0.75261,-0.11764468898314998,0.1627016313908943,0.52374,-0.00524147152444426,0.26485215457002914,0.73102,-0.13269096795039734,-0.24018014908698554,0.99701,-0.1987424999454153,0.2513894615511856,0.96221,-0.21416699984125698,-0.0867743774115907,-0.006009,-0.03951714167080932,0.07457026854624789,-0.005886,-0.038852244130043165,-0.13956510008233575,-0.46856,-0.01033579871164303,0.11392661915105312,-0.46828,0.016906700973604968,-0.16887618521167352,-0.82231,0.03823491610233428,0.1293704166045899,-0.82329,0.048402404191887474
45,-0.00826083693723326,0.7226,0.03417060759039035,-0.17162419802668705,0.53419,0.004567621667400528,-0.2636022038299109,0.75548,-0.11665825875613824,0.16270364125804243,0.52378,-0.005114897591764395,0.26263963465730444,0.73373,-0.13268467225372205,-0.24017786583446596,1.0005,-0.19849920015758568,0.24923044931956925,0.96372,-0.21403001011999603,-0.08618723554106235,-0.005306,-0.0389515044868544,0.07511689873896003,-0.005122,-0.038977061726620986,-0.1392736997492924,-0.46842,-0.010065290216578222,0.11426852349376472,-0.46752,0.016830167187373343,-0.1688777480452725,-0.82244,0.03822605283255717,0.1294229563076162,-0.82313,0.04841243313031135
46,-0.007707881576565635,0.72337,0.03563077106381,-0.1707757450426257,0.53501,0.00557864913183331,-0.26046026458138094,0.75804,-0.11594298415254375,0.1627060242477558,0.52401,-0.004755856756538057,0.2598991388178618,0.73625,-0.13256294077054032,-0.24007017992192545,1.004,-0.1980612461140602,0.24657955593980282,0.96543,-0.21340011783626,-0.08570964046484768,-0.00461,-0.038356396981293006,0.07554134607203092,-0.00431,-0.039017378738527016,-0.13902377550450154,-0.46829,-0.009799653487442887,0.11456339500653849,-0.46674,0.016717247787115863,-0.16886906563638918,-0.82265,0.038275293220207784,0.12946778157984126,-0.82303,0.04849388676724641
47,-0.007324883962546006,0.72419,0.03705997707683096,-0.16999221065080186,0.53581,0.006451855783679971,-0.2575453778867868,0.76007,-0.11542122217838538,0.16270481049433502,0.52432,-0.0043596263604266106,0.25696803249940653,0.73871,-0.13225528552532007,-0.23979219858333647,1.0073,-0.19752131428929315,0.24374211990009384,0.96681,-0.21267640745180988,-0.08530885798912928,-0.003882,-0.03776500759420779,0.07589349325298617,-0.003486,-0.039018546190996706,-0.138773677611533,-0.46808,-0.009533031950554539,0.11481510381787999,-0.46594,0.01664747906709716,-0.16884984055726504,-0.82274,0.03832673635709377,0.1294937789378944,-0.82294,0.04858373740649989
48,-0.007014407613177848,0.72509,0.038452214641502676,-0.1692574455706925,0.53655,0.007278828743970647,-0.2549571901900763,0.76134,-0.1150246311464691,0.162652098926954,0.5247,-0.003967516056220977,0.25399086132909554,0.74118,-0.13186335080796388,-0.23925700156031748,1.0094,-0.1970775078601468,0.24076564510631643,0.96785,-0.2118774094530591,-0.08495604087826614,-0.003169,-0.03716922232560661,0.07618892836617373,-0.002673,-0.03901885261529416,-0.13854947733942385,-0.46785,-0.009240520005522921,0.11503692110027579,-0.46515,0.01658095017690243,-0.1688332202008059,-0.82286,0.03836340737768458,0.12951508779515053,-0.82285,0.04864699823642202
49,-0.006841033441298155,0.7258,0.03974068326608188,-0.1688347930415429,0.53724,0.00806335461327224,-0.25276290155218367,0.76212,-0.11473120760682815,0.16251591423853498,0.52509,-0.003588103707133316,0.25124910186763527,0.74323,-0.13140325945236908,-0.23828442130690292,1.0115,-0.19680221229049835,0.23794676359540798,0.96849,-0.21127882192607716,-0.08465350123564219,-0.002473,-0.03660518884730858,0.07635020129969967,-0.001893,-0.03901987286621188,-0.13846702028124197,-0.46766,-0.009003233609882571,0.1152031228810442,-0.46443,0.01654453633242797,-0.16881607889981376,-0.82299,0.03840303282153442,0.12953123707567354,-0.82277,0.04873858535745215
50,-0.006731776319035436,0.72645,0.04095922332748112,-0.16844724148666898,0.53793,0.008821576079807443,-0.2508947410990449,0.76281,-0.11450213006247192,0.1623648456754335,0.52547,-0.003235514301106343,0.24876803105415823,0.74489,-0.13101959733733476,-0.23680785261767545,1.0128,-0.19660562921392988,0.2351186048200993,0.9691,-0.21061767297036108,-0.08443025994507615,-0.001838,-0.03608200596705884,0.0764497762369025,-0.001167,-0.03899072099009634,-0.1384077323416737,-0.46747,-0.00878217040574912,0.11531765319967467,-0.46377,0.016503017588294682,-0.16880878567635174,-0.8231,0.03844439474716093,0.12954373974446556,-0.82267,0.04880949151566903
51,-0.006673947908226514,0.72704,0.04209341240999925,-0.16809072308700052,0.53847,0.009461387482251827,-0.2500108175857884,0.76281,-0.11403857939349132,0.16219316284778654,0.5258,-0.0029422464939894526,0.24680635349570965,0.74597,-0.1306848703490607,-0.2350648631067788,1.0128,-0.19604985267168992,0.2325574857643637,0.96926,-0.20988175912870033,-0.08428092910458289,-0.001333,-0.03560366999718246,0.07650816049241776,-0.000585,-0.038936028406431566,-0.13840701192275312,-0.46731,-0.00854773388769663,0.11538867352051752,-0.46326,0.016502679908894143,-0.16881290336401888,-0.82319,0.03847862988478701,0.1295462206875498,-0.82258,0.048881149347909575
52,-0.006666929931383302,0.7275,0.04327920866062624,-0.16781313891336372,0.53874,0.00994147916781447,-0.2497600731848832,0.76281,-0.11342276509890678,0.1620571019389483,0.52595,-0.00261971986084715,0.24562180582125234,0.74687,-0.13049224945990856,-0.23281329461264308,1.0128,-0.19525881581021287,0.23049802380714743,0.96926,-0.20912260404126498,-0.08418517745194323,-0.000967,-0.03515853448858225,0.0765305989547402,-0.000191,-0.03866480430092359,-0.1384084990615453,-0.46715,-0.008268229346734924,0.1154396503899448,-0.46292,0.016503845577540917,-0.16883567531768023,-0.82327,0.038522246832484494,0.12954713879703506,-0.82246,0.04894394391037298
53,-0.006626461529863675,0.72791,0.04428039161517473,-0.16760029968378679,0.53883,0.01028473484854401,-0.24974972642138416,0.76281,-0.11284579634369978,0.1619512299868142,0.52605,-0.002356333965721165,0.2450157398670041,0.74751,-0.13035898258817677,-0.23031787955993488,1.0129,-0.19423661049095592,0.2290433383559518,0.96926,-0.20838885324018883,-0.08414758172956689,-0.000739,-0.034743761584863836,0.07653698546949468,4.5e-05,-0.0383521635927148,-0.13840829958715775,-0.46699,-0.008036747251941461,0.11548008458913128,-0.46274,0.01650280849695231,-0.16884547352661344,-0.82339,0.03858185383795953,0.12955031433282993,-0.82241,0.04901954097362558
54,-0.006578276293304126,0.72831,0.04519288719487783,-0.16743779259952335,0.53892,0.010572893567940455,-0.249750393404062,0.76266,-0.11221611423728883,0.16186904809782668,0.52614,-0.002073770455829245,0.24453826973377732,0.74794,-0.13018746503258424,-0.22785205682459103,1.0131,-0.19286394219968475,0.22788640252556644,0.96926,-0.20763652386792522,-0.08411635871692863,-0.000537,-0.034324818720642726,0.07654626451771783,0.000258,-0.038011600971066345,-0.13840879470548084,-0.46684,-0.00780920438816006,0.11551049706260999,-0.46259,0.016502523090387373,-0.16884959121428056,-0.82353,0.0386160889755856,0.1295384323457647,-0.82241,0.04906733028606447
55,-0.006543718522125489,0.72846,0.045791987988109795,-0.16731767971299766,0.53901,0.010793385958944003,-0.24974818227870338,0.76188,-0.111454934159433,0.16179567239730328,0.52621,-0.0017988522742320608,0.24454796998933973,0.74794,-0.1299596890350735,-0.22580915465229948,1.0122,-0.19118315348171733,0.2273110740825882,0.96904,-0.20692582197352774,-0.08410140636015546,-0.000387,-0.0339578399378406,0.07654749385997792,0.000395,-0.037687896648083766,-0.13840703239749425,-0.4667,-0.007568859023589482,0.11551431732251866,-0.46252,0.01652418886095364,-0.16885231971652634,-0.82361,0.038658202575235764,0.12953466195445293,-0.82241,0.04910353503919656
56,-0.006541775973660934,0.72846,0.0464019168581475,-0.16724529424912044,0.53905,0.01097355350490965,-0.24980858066685283,0.76094,-0.1103577778192932,0.16173544408968565,0.52622,-0.0015069592271043167,0.2445490377046156,0.74794,-0.12972328290151494,-0.22396383292851427,1.0113,-0.18918320654848977,0.22722581817882248,0.96928,-0.20619999042910914,-0.08409051460973643,-0.000314,-0.033550543522716664,0.07654836628892787,0.000451,-0.03729711123527038,-0.1384423551047216,-0.46664,-0.00725089470742471,0.11553341862206203,-0.46252,0.01663251771378498,-0.16888111948780915,-0.82366,0.03872522177527619,0.12952625293094103,-0.82241,0.04917102050669571
57,-0.006540235398626004,0.72846,0.046986530941649216,-0.16719347318119182,0.53911,0.011152269975663567,-0.2499454563803367,0.75996,-0.10917605660045253,0.161696127474372,0.52622,-0.0012116454892588287,0.24454893975124475,0.74794,-0.12943589989852916,-0.22244463938948286,1.0103,-0.18724760561054693,0.22722108337707445,0.96966,-0.20547820266137373,-0.08407869032439996,-0.000273,-0.03318402860313455,0.07654088917991761,0.000451,-0.036850020536596334,-0.13847889334919264,-0.46661,-0.006939824045531021,0.11554822858576061,-0.46252,0.01677409689648938,-0.16889972388520652,-0.82372,0.03879247410904597,0.12950938501532033,-0.8224,0.04924812091799559
58,-0.006538635338039382,0.72846,0.04755996484351247,-0.1669845539487174,0.53911,0.01135811883843011,-0.2501958703919819,0.75901,-0.10800477831465888,0.16168774427707,0.52622,-0.0009136627347192498,0.2445800984698539,0.74784,-0.12897125150000116,-0.22148445493237487,1.0092,-0.18531497895018845,0.22722272368930316,0.96949,-0.2047778475304753,-0.08405985822216643,-0.000273,-0.03280656423140463,0.0765400155101361,0.000451,-0.03640003249597624,-0.1384799833230326,-0.46661,-0.006600479365364932,0.11554750995066296,-0.46252,0.016942784428819416,-0.168909919259092,-0.82372,0.03879224097531661,0.12948110618857056,-0.82236,0.04931809454129506
59,-0.006504769755332717,0.72836,0.04813786372939818,-0.16666755342257308,0.53911,0.01165863783354399,-0.250593434753449,0.75819,-0.10674662785525774,0.1616909456390748,0.52622,-0.0006075683844262159,0.24498967751708164,0.74762,-0.12831845673587386,-0.2211116340787469,1.008,-0.18360372075485376,0.22722664725405145,0.96949,-0.20383419261174723,-0.08402544765253978,-0.000273,-0.03239833768560196,0.07656591251057968,0.000451,-0.036005536177402764,-0.13850285323006487,-0.46661,-0.006269479414681641,0.1155504379272963,-0.46253,0.017132152923962706,-0.16893031000686287,-0.82372,0.0387917747078579,0.12944228469157995,-0.82235,0.04938586541535913
60,-0.0064475019202831114,0.72816,0.04872179043290533,-0.16630845612644957,0.53911,0.012082724065243113,-0.2509544849128321,0.75766,-0.10562692129440826,0.1616883925688296,0.52617,-0.00016134592664050762,0.24580119330789685,0.74696,-0.1274593227991343,-0.22111125560471293,1.0072,-0.1821618817011597,0.22748371868415942,0.96927,-0.20289455742731544,-0.0840016392387056,-0.000273,-0.03198113370739622,0.07657025549884426,0.000443,-0.03557779193319492,-0.1385070688711028,-0.46661,-0.0059478612740697726,0.1155651241114141,-0.46259,0.017330617822612467,-0.16893928984350468,-0.82372,0.03879843522839963,0.12943208931769448,-0.82234,0.049385632281629774
61,-0.006324822778911582,0.72798,0.0492332577615514,-0.1659194673013803,0.53911,0.012503570467118249,-0.2513103015844982,0.75726,-0.10465029726431044,0.16168943624171853,0.52609,0.00024768697026010186,0.24692504516644628,0.74585,-0.12649888643995427,-0.22110447797431515,1.0066,-0.18091410204764466,0.2283027013466143,0.96909,-0.20199307675719635,-0.08400024586522264,-0.000296,-0.031587393871323796,0.07657084492546797,0.000376,-0.035234681670194445,-0.1385065960113438,-0.46664,-0.005599653324126569,0.11558085218459792,-0.46271,0.01753499156778029,-0.16897816120909215,-0.82394,0.03880833557876535,0.12942189394380904,-0.82231,0.04938539914790043
62,-0.0061695854961389615,0.7278,0.049727814518695984,-0.16550587030367925,0.5389,0.013006389046222751,-0.25179240678227927,0.75679,-0.10364125089358585,0.16174249867310073,0.52595,0.0006637943823255589,0.24822928808773592,0.7446,-0.1255519802132001,-0.22110638275280076,1.0058,-0.17971556278178016,0.2293620816464754,0.96888,-0.20105275054769972,-0.08398038149087793,-0.00042,-0.03113496994773897,0.0765811135899215,0.000215,-0.034928818049392074,-0.1385050812625188,-0.46677,-0.005245536527665292,0.11561215872517486,-0.46291,0.017770127487020854,-0.16898552834353803,-0.8241,0.038881729892782546,0.12941343505170025,-0.8223,0.04939501409170119
63,-0.005946175365872639,0.72753,0.050286507559367144,-0.16507049337278593,0.53865,0.013517552354810064,-0.2525647448606339,0.75608,-0.1025505658369708,0.161860727255882,0.52572,0.0011039511750864234,0.24988017372113108,0.74292,-0.12459714743964784,-0.22130470231114585,1.0051,-0.17824884217008286,0.23098220751003645,0.96873,-0.20009960198308854,-0.08393763340448455,-0.000582,-0.030696735306125933,0.07663065799763087,-2.4e-05,-0.034624802668753646,-0.1384942393806966,-0.46694,-0.004896110636239723,0.11564936930379247,-0.46317,0.01803874686986383,-0.16900343814822472,-0.82425,0.03895292145756438,0.12940549710412447,-0.82231,0.04940758345876099
64,-0.005660960289373299,0.72726,0.05087898149139916,-0.16462422647529654,0.53838,0.01403288802813878,-0.25346801009730363,0.7553,-0.10139617772536186,0.16204372482511012,0.52547,0.0015083172093383126,0.2515947864519071,0.74113,-0.12368401427112263,-0.22201859486461065,1.0044,-0.17671152066105894,0.2328010314059767,0.96856,-0.1991713349764806,-0.08385624468199436,-0.000765,-0.03027546831732737,0.07672272519113613,-0.000274,-0.034344532028336094,-0.13845367961810645,-0.46713,-0.004550909382391145,0.11567898923118965,-0.46344,0.018321905235272638,-0.1690141045980463,-0.82439,0.03900760442427435,0.12940775453043413,-0.82236,0.04942038595955016
65,-0.005271650614574408,0.72684,0.051491686948456614,-0.1641747840420122,0.53803,0.01462382076472008,-0.2544089071199302,0.75452,-0.10039762237245824,0.1622479315144006,0.52521,0.0018602030261156074,0.2532507817934385,0.73932,-0.12281537831237674,-0.2232405196305716,1.0036,-0.1751760077609727,0.23474557301490198,0.96836,-0.1983363152574569,-0.08374582545873069,-0.000981,-0.029914153226120465,0.0768415059735535,-0.000552,-0.0341258356046609,-0.1384337341200617,-0.46734,-0.004265029727452661,0.11572118573836271,-0.46372,0.0185612135192546,-0.16903722384806294,-0.82452,0.03904925175646581,0.129398427397437,-0.82241,0.04942507686458586
66,-0.004823088443371912,0.72638,0.052164009027943894,-0.1637047273441824,0.53763,0.015274075100211467,-0.2553920986031007,0.75372,-0.09935099230055076,0.16246818774702035,0.52493,0.002187934916526302,0.2549250841046088,0.73749,-0.12195809377920827,-0.22459974666882435,1.003,-0.17355535916905568,0.23670229403865084,0.96824,-0.19760498575906443,-0.08361547694667743,-0.001232,-0.02956650647235237,0.07697095561003112,-0.000866,-0.033979084824029886,-0.13838302885218298,-0.46759,-0.0039774658635730945,0.11574142866416584,-0.46403,0.01879119226600075,-0.16905136326143788,-0.82464,0.03908423856811554,0.12940827547496714,-0.82247,0.0494233403828092
67,-0.0043465472774167485,0.72592,0.05283952106865827,-0.1634019641847839,0.53721,0.01589696390996088,-0.2563868746455779,0.75296,-0.09831247382439676,0.16273733707093532,0.52463,0.0025050147825476307,0.2564967621266008,0.73602,-0.1212797065776875,-0.2260099265341174,1.0024,-0.1721085030091275,0.2386016871213827,0.96806,-0.19702601605582393,-0.0834750424148873,-0.0015,-0.029265316926914798,0.07712943093880481,-0.001188,-0.03385776058832213,-0.1383294214338808,-0.46785,-0.0037310307915906886,0.11575680944099434,-0.46434,0.018993596395662556,-0.1690722749537418,-0.8247,0.03908081787739779,0.12940844912314478,-0.82252,0.04942432519056221
68,-0.003787467929579725,0.72551,0.053585775236366644,-0.1631659300103835,0.53674,0.016486940069237774,-0.25737410990543164,0.75228,-0.09734636485450691,0.16308931479177452,0.52431,0.0028887238963732492,0.2580489915526941,0.73463,-0.12071161784450408,-0.22738475786597317,1.002,-0.17074911387832364,0.24036963031744363,0.96794,-0.1967894217712311,-0.08330002304487706,-0.001808,-0.028975302754638305,0.07730858482615303,-0.001515,-0.03372282028801117,-0.13828618303764173,-0.46814,-0.0034858136610906483,0.11577995451722091,-0.46466,0.019182446350511546,-0.16907626886182814,-0.82474,0.03905816729907851,0.1294116985699236,-0.82255,0.049385166014171075
69,-0.003195366577121597,0.72504,0.054311990761136845,-0.16296626221609933,0.53625,0.016985847647778836,-0.25825589442049046,0.7518,-0.09653085515560539,0.1634254406598491,0.52402,0.0031249449809763914,0.2594232850329216,0.73345,-0.12028883843369477,-0.2286477633390573,1.0016,-0.169561756655345,0.24209066446314745,0.96785,-0.1966460988166095,-0.08312743234511545,-0.002128,-0.028716338567238202,0.0774997348631925,-0.001849,-0.03362350431074761,-0.13823500669382688,-0.46845,-0.003253165897650411,0.11579446705316107,-0.46499,0.019379926441408287,-0.16907869993631547,-0.82475,0.03904437999053634,0.1294567215327133,-0.82255,0.049294977695517064
70,-0.0025918495050569444,0.72453,0.05501080772123907,-0.16278976354042876,0.53577,0.017468532034812988,-0.25908496558434535,0.75134,-0.09570433171052695,0.1637496346722616,0.52375,0.003351084854320053,0.26053969227839535,0.73259,-0.11994649962161888,-0.2297804124669563,1.0013,-0.1684989274343176,0.24346991804572046,0.96782,-0.19648312779170166,-0.08295721323428949,-0.002399,-0.028482341870018718,0.0776870051547716,-0.002148,-0.033534673922411856,-0.13819737490787007,-0.4687,-0.0030973331389451235,0.1158079377000352,-0.46527,0.019571497685786966,-0.16909132638468827,-0.82477,0.039030359548264816,0.12948998628801855,-0.82255,0.04919569297335658
71,-0.001985668224775604,0.72404,0.055713216615998006,-0.16262403105177356,0.5355,0.01789015834116038,-0.2597668863983783,0.75097,-0.09496468043905595,0.16404046419217505,0.52351,0.0035607684024274652,0.2615094202499834,0.73175,-0.11957220473637489,-0.23075546831198634,1.0013,-0.16763650868505903,0.24483064114188,0.96684,-0.19636766067266773,-0.08280864787283633,-0.002601,-0.028330838294561615,0.07786761492580896,-0.002384,-0.033454823370717895,-0.13817323781117438,-0.46888,-0.0029604448612764248,0.1158253523863988,-0.4655,0.019727848984786547,-0.1690916736810436,-0.82478,0.03902838993275879,0.12951392391032668,-0.82255,0.04910109915623184
72,-0.0014197426870256862,0.72363,0.056383122046430145,-0.16248645361028738,0.53525,0.01832487255486189,-0.26012669876195366,0.75085,-0.09441383103765998,0.1642816561594857,0.52336,0.003719294220213821,0.26218603723296136,0.73131,-0.11924776913668539,-0.23139333414131166,1.0013,-0.1671077108184038,0.2457140419267805,0.96595,-0.1963101884773287,-0.08267798269911504,-0.002775,-0.028177193859659513,0.07800866114278687,-0.002562,-0.03338627437600447,-0.13814962165901168,-0.46899,-0.002826511006866768,0.11583391101570135,-0.46568,0.01983397508838251,-0.16910186905492902,-0.82478,0.039028156799029434,0.12954515475609682,-0.8226,0.04904786726473358
73,-0.0008843365726643546,0.72322,0.05698935986503312,-0.16231841382672557,0.53496,0.018817171885696805,-0.2603300835113069,0.75084,-0.09401241523860551,0.16465005476239644,0.52322,0.003908192259836782,0.2628026975098702,0.73095,-0.11891783868510093,-0.23194891834445572,1.0013,-0.1667457354142438,0.2464393026580693,0.9653,-0.1962857575205204,-0.08252808763779221,-0.002944,-0.028006631640539847,0.0781758903871891,-0.002739,-0.03331320331595561,-0.13813138860035665,-0.4691,-0.002723106192800487,0.11584038586687193,-0.46587,0.019928283498942326,-0.16910112459362148,-0.82458,0.03908996655373985,0.12958536543850874,-0.82265,0.0489879748526936
74,-0.00046100806429785063,0.72299,0.057495539649303685,-0.1621687807499965,0.53473,0.01920508159471243,-0.2604975489140929,0.75076,-0.09363764152171797,0.16499788896935866,0.52308,0.004095639224248028,0.2634369701637072,0.73061,-0.11860319889010595,-0.23205898367906375,1.0008,-0.16673648219223058,0.2470475521276433,0.96505,-0.19629146565181935,-0.08236794252550964,-0.003098,-0.027812491116660877,0.07834404254955392,-0.002912,-0.033211863046111734,-0.1381046966495928,-0.46918,-0.002629316322534974,0.11585497231379595,-0.46605,0.020011007350195353,-0.16910558957764393,-0.82445,0.039122232075859895,0.12961416520979158,-0.8227,0.04892095565265317
75,-9.223633882185153e-05,0.72284,0.057916904591473126,-0.16205204108983035,0.53455,0.019521618878052475,-0.2605954829186512,0.7507,-0.09338682499365179,0.1653448549354325,0.52296,0.00427816214989421,0.26406464418679293,0.73026,-0.11832598178972545,-0.2321313931853279,1.0002,-0.16674402297485413,0.24760656120956667,0.96505,-0.19628849137423493,-0.08221701038359822,-0.003237,-0.02760149469835472,0.07850193985248163,-0.003075,-0.033099575728358754,-0.13806143421096675,-0.46924,-0.00255672595537702,0.11588595560040456,-0.46623,0.02007154689058781,-0.16913270273574696,-0.82437,0.039141228829732075,0.1296427913328967,-0.82276,0.04885295164485974
76,0.00024670334326013475,0.72269,0.05833032918182808,-0.16194758058168165,0.53437,0.019826105334627003,-0.2606673456541725,0.75062,-0.09316091406597586,0.1657093094988538,0.5228,0.004502280134896262,0.2647498937100573,0.72979,-0.1180101763260837,-0.23220206620981546,0.99936,-0.16674171567994758,0.24811923205426295,0.96503,-0.19631796347966435,-0.08206503635262079,-0.003386,-0.02738458943353048,0.07864153018577041,-0.003239,-0.03297593698502834,-0.13801040747294255,-0.46929,-0.002497689763031878,0.11593819787567239,-0.46642,0.020137476737204032,-0.16915014146449753,-0.82426,0.03915750429407457,0.12967072286329118,-0.82281,0.048781008406054246
77,0.000479186455061717,0.72258,0.05862950405164012,-0.1619541035176262,0.53419,0.02007705045075136,-0.2607287654566468,0.75052,-0.09304854143646131,0.16597605179066843,0.52268,0.004632945929033329,0.2653165192694111,0.72936,-0.11779124374402467,-0.23261102279149348,0.99913,-0.16687269092303658,0.24859424707061537,0.965,-0.19633064158045693,-0.08193588414390159,-0.00352,-0.027181937744707126,0.07876148384955065,-0.003381,-0.03286000545978305,-0.13797079164604753,-0.4693,-0.0024457803586871787,0.11600822617604614,-0.46657,0.020189100734983787,-0.16920320211205683,-0.82418,0.03914452093239165,0.129696917911909,-0.82283,0.04869921708971865
78,0.0006610423980300539,0.72254,0.058912220191977206,-0.16195251485781728,0.53402,0.020316411007568917,-0.2608295775692416,0.75039,-0.09292922287984003,0.16632862436702453,0.52251,0.004904853226474271,0.2658048312844599,0.72899,-0.1176133354081916,-0.2332760053465677,0.9982,-0.16713114440327428,0.24907216423739123,0.965,-0.19638444847314673,-0.0817989105544713,-0.003636,-0.02698675773600085,0.07887587115469075,-0.0035,-0.03270653707729732,-0.13790627021876223,-0.4693,-0.002367799685305448,0.11607755988370921,-0.46671,0.020236785501751484,-0.169246414682086,-0.82409,0.03912980108893206,0.1297082789544412,-0.82283,0.04864847335402073
79,0.0007904631836432897,0.72252,0.059266123088618713,-0.16194641134538906,0.53388,0.02058137656596479,-0.26095472446909673,0.75021,-0.0927751506452984,0.16666097984378733,0.52234,0.005177279064209509,0.26627726740435725,0.72864,-0.11741028833823894,-0.23394793382874857,0.99716,-0.16742899019363244,0.24956977755922735,0.96503,-0.1964417283293898,-0.08164896562455158,-0.003752,-0.026758324993182814,0.07900259469316129,-0.003614,-0.032534935373350345,-0.1378313797694138,-0.4693,-0.0022886010704413554,0.11615383951847898,-0.46685,0.02032386257863968,-0.16929066914118113,-0.82399,0.039109172398954395,0.12971274393846363,-0.82283,0.048616207831900696
80,0.0009003091895383574,0.72252,0.059583875909202416,-0.16199701509225106,0.53372,0.020812677799864485,-0.26109492889181196,0.74998,-0.09264888616157049,0.16698313994666475,0.52218,0.005449471768215395,0.26671408160544585,0.72834,-0.11723650009431169,-0.23473803924129094,0.99568,-0.16770599820267057,0.2500164140116361,0.96517,-0.19650017385427967,-0.0815146015662637,-0.003868,-0.026543391748103305,0.07911709616092735,-0.003726,-0.03236930200147313,-0.13774924596520025,-0.46929,-0.00222591105364911,0.11623064009778174,-0.46697,0.020413894078786913,-0.16929066914118113,-0.8239,0.039109172398954395,0.1296976864156035,-0.82279,0.04858840008108699
81,0.0009610433958409867,0.72252,0.0598189000700557,-0.16207217714314803,0.53357,0.02101987738023318,-0.2612646775471176,0.74968,-0.09251741223251253,0.16729319454570232,0.52201,0.005710598453208794,0.2670885080259781,0.72804,-0.11707100430703167,-0.2355264081720566,0.99393,-0.16797315813417862,0.2504201851903711,0.96535,-0.19657136960712313,-0.08137033234913271,-0.003993,-0.026324112490104717,0.07924787068879723,-0.003836,-0.03216896722451114,-0.13766728580916437,-0.46921,-0.0021642058446098844,0.11631850429185829,-0.4671,0.02050908275142856,-0.1692998226260006,-0.82383,0.03911484811174311,0.1296774693160103,-0.82276,0.04858891862138129
82,0.0009940341453590056,0.72254,0.060023276219462234,-0.16216018915919234,0.53347,0.02115420118687897,-0.26145412235748344,0.74932,-0.09238246533990127,0.1674554781131912,0.52185,0.005939901841153859,0.2674164225611055,0.72777,-0.11693893971051847,-0.2363408483718593,0.9922,-0.1682154124652964,0.2507631314221488,0.96558,-0.19664199454683667,-0.08126029586538908,-0.004116,-0.026126213596107464,0.07934139857446901,-0.003935,-0.031978311685379,-0.13757391474199937,-0.46913,-0.002095373847570213,0.11639947242742504,-0.46721,0.020622749637648083,-0.16930411396184536,-0.82378,0.03914809844161617,0.12967729566783262,-0.82273,0.048587933813628276
83,0.0009968455551276779,0.72267,0.06021774240154825,-0.16232113162603387,0.53335,0.021278029787642167,-0.26166963843688634,0.74888,-0.09222261284689973,0.1676338610926062,0.52167,0.006202921826430702,0.2676891926705416,0.72754,-0.11683167616872432,-0.23727693846557682,0.99037,-0.1684565251701544,0.251102604690373,0.96595,-0.19673231564161042,-0.08118593838176714,-0.004228,-0.025963656022831363,0.07941685743270863,-0.004019,-0.03182102544722329,-0.1374617157606625,-0.46891,-0.0020349388528489373,0.11647458639354803,-0.4673,0.02076080358396355,-0.16931790607886496,-0.82378,0.039185054868771926,0.12966710029394715,-0.82273,0.048587700679898926
84,0.0009969975651570543,0.72283,0.060374091296309135,-0.16249261676311616,0.53323,0.021399655639169984,-0.2618886274798426,0.74841,-0.09208245650895847,0.16778148430218714,0.52149,0.006464257602766452,0.267911159558728,0.72735,-0.11672459348782396,-0.2382477822372147,0.98849,-0.1687219726622727,0.25140732428067697,0.96634,-0.1968469715236446,-0.08112658374393106,-0.004322,-0.02580556102933901,0.07948183310625914,-0.004088,-0.031677122139941435,-0.13734916948297024,-0.46872,-0.0019725342426216395,0.11653863674489723,-0.46737,0.020893700357784612,-0.16930939731815928,-0.82381,0.039233310448669526,0.12965087710244025,-0.82269,0.04861086979851251
85,0.0009978513806131965,0.72299,0.060482591393079446,-0.16272306658579838,0.53308,0.02147481466541246,-0.2621093530045755,0.74794,-0.09195214824854729,0.16787703888467795,0.52138,0.006660648340239005,0.2680516872354116,0.72728,-0.11667626159270378,-0.23922500112282938,0.98663,-0.16896598751755415,0.2516726515608603,0.96673,-0.1969546814785721,-0.08107232679303769,-0.004399,-0.025647582602711345,0.07954912809590972,-0.004139,-0.0315488591898431,-0.13723749144616634,-0.46853,-0.0019150536711594092,0.11657140638187938,-0.46741,0.021021958499405552,-0.1693128204131157,-0.82382,0.03927148481730765,0.12964467563664112,-0.82266,0.048633287243102424
86,0.0009980178160747689,0.72316,0.06053536422983509,-0.16295044060987957,0.53297,0.021509829707510794,-0.2622866184001177,0.74757,-0.09192089157656724,0.16796964144814838,0.52127,0.006840297345910348,0.26816331540361865,0.72721,-0.1166766515449399,-0.23984887892839346,0.98564,-0.16904891208402634,0.25188583630296973,0.9669,-0.19701258023271906,-0.08102623130649468,-0.004442,-0.02553589014047524,0.07962418738495841,-0.004171,-0.03143415041455757,-0.1371368770241362,-0.46833,-0.0018627302721915887,0.1166033077779732,-0.46744,0.02114529260226143,-0.16931212582040503,-0.82383,0.03927542404831969,0.12962706325971288,-0.82261,0.0486485778996919
87,0.000974437107076764,0.72336,0.06056287695712904,-0.16317387059447125,0.53287,0.021509624804230038,-0.2624360760448462,0.74726,-0.09190469242744732,0.16797485089347838,0.52123,0.006869841578500718,0.2682547264722325,0.72714,-0.11667652295688175,-0.2402161359050444,0.98509,-0.16911616022973447,0.2520712132942653,0.96693,-0.1970554214640059,-0.08099635660721988,-0.004477,-0.02541829123595976,0.07968511687758699,-0.004191,-0.03135350553295915,-0.13703973556565946,-0.46817,-0.0018301030282840101,0.11661672855625045,-0.46744,0.02127899332294174,-0.16931572256353916,-0.82385,0.0393126136092048,0.12959357498763308,-0.82255,0.048689007290401
88,0.0009175513911314128,0.72357,0.060562753177548265,-0.16342753940436397,0.53277,0.02151069011526725,-0.2625594624205377,0.74699,-0.09191339887871769,0.16797780291249872,0.5212,0.006886583310301921,0.26831555141918983,0.7271,-0.11667709377001162,-0.24056369672663513,0.98453,-0.16918688133899595,0.2522073498979104,0.96694,-0.19708958028640938,-0.08098061170436517,-0.004509,-0.025334756225131386,0.07972861244994241,-0.004208,-0.03129111053968665,-0.13695400501831181,-0.468,-0.0018046025723768774,0.11663426702219482,-0.46744,0.021378458905995976,-0.1692655640664033,-0.82395,0.03936672576278488,0.1295540588979318,-0.8225,0.048752838933453044
89,0.0008323964653910495,0.7238,0.06056355231593012,-0.16357977541993515,0.53267,0.02151113234033897,-0.2626695277551457,0.74674,-0.09190414565670442,0.1679783238570317,0.52118,0.00688953773356096,0.2683660073440841,0.72709,-0.1166788825246239,-0.24086491931099874,0.98399,-0.16922515606524366,0.2523122057871884,0.96694,-0.197128377741013,-0.08096967427341085,-0.004533,-0.02525545066035742,0.07976237651163236,-0.004222,-0.031232076751580205,-0.13685877368978933,-0.46784,-0.0017828082137524362,0.11663106744401293,-0.46744,0.02147548860608547,-0.16924564439456852,-0.82404,0.03942210813068292,0.12952769020113636,-0.82242,0.04883364544203562
90,0.0007390157812712551,0.72405,0.06056377102422728,-0.1637683279470257,0.5326,0.021478376508373222,-0.26275178533894,0.74653,-0.09190994995755132,0.1679783238570317,0.52117,0.00688953773356096,0.2684207546048232,0.72709,-0.1167139216091092,-0.24118410156864584,0.98381,-0.16925010975040788,0.2524135887129131,0.967,-0.19718687135067683,-0.08096765719354664,-0.004546,-0.02518066475668017,0.07978096888783621,-0.004225,-0.03121301570367894,-0.13676852828982236,-0.46772,-0.0017317027562669847,0.11663736864700583,-0.46744,0.02156881220889227,-0.1691965776550956,-0.824,0.03941244091404657,0.12951134323004868,-0.82234,0.04891370027659456
91,0.0006473860043603227,0.72429,0.060470261752049316,-0.1638978418775324,0.53251,0.021377331262049097,-0.26285951933625445,0.74631,-0.09200265047439266,0.16797745561614338,0.52117,0.006884613694795903,0.2684861683153838,0.7271,-0.1168036436603045,-0.2415078984161061,0.98365,-0.16941640948454717,0.2525259853848146,0.96708,-0.1972980783115446,-0.08096135358631502,-0.004554,-0.02510460383020758,0.07979840280810939,-0.00423,-0.031194765815353024,-0.1366858735410758,-0.46761,-0.001666058316215708,0.11665230239028518,-0.46744,0.021653505675651323,-0.16915301778871109,-0.824,0.039429130373012176,0.12951521335855423,-0.82227,0.048993236570859196
92,0.0005340952653605201,0.72446,0.06034604738711161,-0.1639860533679643,0.53247,0.02128017297390143,-0.2629527666238387,0.74614,-0.09212836818737767,0.16796726024225794,0.52117,0.006884380561066543,0.26855899902898717,0.72708,-0.11690888950181864,-0.24173958960224193,0.98333,-0.16957864139961623,0.2526331726113862,0.96719,-0.1974388295050028,-0.08095765470174844,-0.004557,-0.02504331502003016,0.07981501835609113,-0.004236,-0.031123569442093803,-0.1366424374542721,-0.46761,-0.0015924831413047374,0.1166653260036102,-0.46733,0.02172736625712724,-0.1691193059998567,-0.82406,0.03944755631375446,0.12951283215266376,-0.8222,0.04903731978601539
93,0.00044056978392744556,0.72461,0.06013812917164525,-0.16410229612598445,0.53242,0.02113921687716251,-0.26305179416988284,0.74596,-0.09234445507991043,0.16794513301271038,0.52117,0.006874066216077706,0.2686352528375471,0.72708,-0.11705230971197092,-0.2419637400057542,0.98302,-0.16981328282094948,0.2527647186676051,0.96735,-0.19778696113972344,-0.08095563281340683,-0.00456,-0.025003054469021343,0.07983157441852118,-0.004248,-0.03104119288719611,-0.13659466016302668,-0.46761,-0.001494287772568468,0.11667956515417889,-0.46732,0.02180812049287424,-0.16906624535229745,-0.82412,0.03946053967543739,0.12951508957897345,-0.82204,0.04905012228680454
94,0.0003186609300733813,0.72472,0.05991896888475005,-0.1642539871546356,0.53239,0.020969986762151185,-0.2631525581977036,0.74576,-0.09257039004997338,0.16791814363418808,0.52117,0.0068361772540045385,0.26871944459368274,0.72708,-0.11720829928918297,-0.24218555907197292,0.98276,-0.1701498779811373,0.25291075143355424,0.96745,-0.19816810997058776,-0.0809510037981615,-0.004563,-0.02496528447805154,0.07984784026590888,-0.004258,-0.030954703453108703,-0.1365662317304862,-0.46761,-0.0013906498247728272,0.11668412987539513,-0.46732,0.021891596018150924,-0.16903114437802172,-0.82419,0.03948684407820377,0.12950663068686466,-0.82189,0.04905973723060533
95,0.00021529458382628028,0.72479,0.05966099912205774,-0.16435730603652454,0.53236,0.020787150199491455,-0.26326083896576097,0.74554,-0.09289654227711416,0.16787366565831838,0.5212,0.006756693232575495,0.2688020735162194,0.72709,-0.11737315213617214,-0.24240851976445144,0.98252,-0.1706081230352399,0.25309270354607044,0.96758,-0.19857590088361898,-0.08094145074415113,-0.004571,-0.02492838272797008,0.07986509092104961,-0.004271,-0.03086838766719896,-0.13653832424247872,-0.46764,-0.0012899663002362283,0.1167089116962046,-0.46732,0.021974553003133307,-0.16901556591062858,-0.82423,0.0395176062522765,0.12950697798322,-0.82175,0.04906170684611136
96,0.00012646722014500802,0.72485,0.05941062001058589,-0.16450296924755425,0.53233,0.020594517832137192,-0.26338070429312516,0.74533,-0.09323080610000842,0.16783868846362346,0.52125,0.006673503113863756,0.26891836435901345,0.72713,-0.11757744956611738,-0.242594395441716,0.98227,-0.1711439870409367,0.2532740848454569,0.96775,-0.19904451674360768,-0.0809364149469988,-0.004579,-0.024899823303132722,0.07988320981707865,-0.004283,-0.03077714784252416,-0.13650763838362856,-0.46768,-0.0011735258516514385,0.11674376511131876,-0.46732,0.022114628837790386,-0.16901035646529855,-0.82429,0.039547150484866865,0.12951786794981612,-0.82161,0.049065879210852745
97,5.5601933986008933e-05,0.72489,0.05912965718169637,-0.16459063575106614,0.53229,0.020327687203906476,-0.26348491724211226,0.7452,-0.09364906398847367,0.16781477488370228,0.5213,0.0065954701676464375,0.2690920071852116,0.72718,-0.11780201396425276,-0.2427559363317202,0.98207,-0.1717146047245539,0.25355337610701456,0.96804,-0.1995913223683204,-0.0809325970913288,-0.004592,-0.024860894856232253,0.07990885987877645,-0.004306,-0.03068926681877672,-0.13649352301264064,-0.46773,-0.0010358858999590798,0.11677688204465626,-0.46733,0.022244856594917355,-0.16900914092805489,-0.82429,0.039554044139137955,0.12952893156458992,-0.82147,0.049071036383347165
98,1.2018645630306954e-05,0.72493,0.058865207759356095,-0.16465634867320814,0.53224,0.020070186112911583,-0.2635740726682393,0.74509,-0.09403951412612523,0.16779346602644618,0.52134,0.0065322093377243005,0.26927363782758246,0.72727,-0.11798127720574961,-0.24288329435693398,0.98189,-0.17232171256786813,0.25387032319691616,0.96838,-0.20015492199766993,-0.08093283503353556,-0.00461,-0.024816174129678376,0.07992975954988688,-0.004333,-0.03059953274638793,-0.1364769765671654,-0.46777,-0.0008844586397245557,0.11682036800005687,-0.46734,0.02237630229352669,-0.16900827268716656,-0.82432,0.03955896817790301,0.12955071149778216,-0.82138,0.04907938111282997
99,1.1476683364802093e-05,0.72493,0.0585972306963882,-0.1646779807844326,0.53219,0.019832328904141334,-0.26365685298038954,0.74502,-0.09445139690061369,0.16779306886149392,0.52138,0.0064723691985199144,0.2694896249829215,0.72736,-0.11819604579919045,-0.24295677336229698,0.98174,-0.17296878353443274,0.25421043940543125,0.96878,-0.2007022984355126,-0.08093063949701627,-0.004629,-0.024774928770916544,0.07995651098620238,-0.00436,-0.03051692305776088,-0.13645474960042403,-0.4678,-0.0007584032473389908,0.1168438105040419,-0.46735,0.02250925134018334,-0.16901395320843268,-0.82433,0.039584340045751974,0.1295714495419084,-0.82128,0.049081816995794704
100,1.041618080498824e-05,0.72497,0.05830903653382704,-0.16469132765172595,0.53214,0.01958387194381731,-0.2637100890599494,0.74498,-0.09486848912043214,0.16779406088196305,0.52142,0.00642040752133962,0.26971459197490233,0.72746,-0.11841747491317303,-0.24299202572618628,0.9816,-0.17357182355867673,0.25458067065966666,0.96915,-0.20119405937172785,-0.08092763280092165,-0.004649,-0.02473484186808539,0.07998262491112021,-0.004388,-0.03043217010545015,-0.13644549637841077,-0.46783,-0.0006483379127309799,0.11688538632948818,-0.46737,0.022629864153509545,-0.1689964646110852,-0.8243,0.03962593510510785,0.12960290390445312,-0.82119,0.04908744043574782
101,1.5202634972866572e-05,0.72498,0.05804824334017257,-0.16472437067407958,0.5321,0.019338887947046628,-0.2637187233840588,0.74498,-0.09526298303476693,0.16778624671396805,0.52145,0.006376091172454072,0.26996342267820733,0.72752,-0.11861874160463667,-0.24299252441215521,0.9815,-0.1741505287956604,0.2549891285553757,0.96953,-0.20164178936562246,-0.08091923820284194,-0.00467,-0.024698751277579267,0.08001204776836848,-0.004414,-0.030397756511169008,-0.1364385005827072,-0.46786,-0.0005510750789121249,0.11692505202498012,-0.46739,0.022739644081552608,-0.16900596539226,-0.82428,0.039629641202390535,0.1296348792115308,-0.8211,0.04909601829895999
102,3.91024098775998e-05,0.725,0.057809465617678406,-0.16472040259220316,0.53204,0.019131041238325458,-0.2637192461124147,0.74498,-0.09566906150840848,0.16779157993887883,0.52149,0.006348749689099081,0.2702402347805038,0.72757,-0.11883408101120743,-0.24299996902523083,0.98142,-0.17476862634276452,0.25545838735565524,0.96977,-0.20191746340930491,-0.0808979816184214,-0.004706,-0.02467609829502129,0.08005189913323159,-0.004451,-0.03037330515704397,-0.1364228722467172,-0.46786,-0.0004624423811410254,0.11695868990285062,-0.46743,0.02287282626193861,-0.1690185918406328,-0.82423,0.039615620760119014,0.12964524823359394,-0.8211,0.04909723624044235
103,9.185422890072882e-05,0.72501,0.05754427654250797,-0.1647390328158104,0.53198,0.01896779628505479,-0.2637296169183007,0.74499,-0.0960734035002734,0.1677979550528556,0.52149,0.006327317052262173,0.27052845779392926,0.72762,-0.11904229362977772,-0.24300163337984654,0.9814,-0.1752963547103209,0.25597398439316194,0.96997,-0.20216069106997356,-0.08087811421942219,-0.004745,-0.024661323774487404,0.08009308260220305,-0.004499,-0.03034705783559058,-0.1364076410756794,-0.46786,-0.0004336498225743189,0.11697957755276753,-0.46747,0.02304887371599844,-0.1690286135663406,-0.82418,0.03961637243414267,0.12966233966598917,-0.8211,0.04907899116059383
104,0.00017959285957358864,0.72505,0.05729322688071243,-0.16473709864346908,0.53192,0.018806002406995842,-0.26372840316487994,0.74504,-0.09646963389638485,0.16781504648525086,0.52149,0.0063090719724136456,0.2708175490482432,0.72765,-0.11924558220958298,-0.2429946153255789,0.9814,-0.17577484269022667,0.25649652735777523,0.97018,-0.20236452642052172,-0.08085367007801325,-0.00478,-0.024649387110347885,0.08013820530218654,-0.004551,-0.030321505106847856,-0.1364012160931057,-0.46785,-0.0003972119357128663,0.11701309165105725,-0.46763,0.023238941612329797,-0.16902154385965315,-0.82408,0.03959887902831781,0.1296815148765164,-0.8211,0.04907256377378147
105,0.00029102155339303173,0.72502,0.05706135483368285,-0.16471390548246853,0.53186,0.018649598835160666,-0.26370228381106897,0.74515,-0.09683979302345926,0.16784233329153156,0.52149,0.006291060026294478,0.27108178457076365,0.72767,-0.11941707153472689,-0.2429569114124611,0.9814,-0.17613689022154766,0.25702775273127193,0.97035,-0.20251912138341926,-0.08083113847079734,-0.004816,-0.024631020655157293,0.08018327092085704,-0.004602,-0.03030203487280087,-0.13637526860364949,-0.4678,-0.0003652318201577652,0.11702147663218215,-0.46767,0.023344082908172747,-0.16906852682099408,-0.82408,0.039620363937990316,0.12971192734999512,-0.82109,0.04907227836721652
106,0.000443167448725211,0.72505,0.05687612085587756,-0.164656777015839,0.5318,0.018570476535519145,-0.26366227260304465,0.74529,-0.09713116753029269,0.1679815955623746,0.52146,0.006274627743445203,0.2712912728325451,0.72767,-0.11955352177538547,-0.24286011903416257,0.9814,-0.17650935664352863,0.2574807642976576,0.97041,-0.20259899954514607,-0.08080924197074041,-0.004847,-0.024627773612617206,0.0802202273480128,-0.004653,-0.0302882427557813,-0.1363206451224912,-0.46767,-0.00034338518869773266,0.11702743053881974,-0.4677,0.023435436895473533,-0.16910635629751555,-0.82408,0.039636173134874095,0.12973370728318737,-0.82108,0.04908062309669932
107,0.0006389897773065659,0.72508,0.05670247865009516,-0.16458012604232694,0.53171,0.01848689646457128,-0.26362516354544374,0.74547,-0.09738141324522898,0.16812983766985942,0.52143,0.006251534940054211,0.2715092199864353,0.72767,-0.11969958695984484,-0.24272336353261365,0.98143,-0.1768279440456589,0.2579175526725363,0.97041,-0.2026557085882593,-0.08077767104133105,-0.004884,-0.024627247859606814,0.0802669747713857,-0.00471,-0.030282269615234142,-0.13625791004557944,-0.46754,-0.00033312311654449395,0.11703762591270518,-0.4677,0.023435670029202882,-0.16914679049670206,-0.82409,0.0396372102154627,0.12978160835401353,-0.82108,0.049121932749490255
108,0.0008528264562457834,0.7251,0.056538860574259255,-0.16448343161739926,0.53161,0.018401813045576098,-0.26357299696498265,0.74564,-0.09760385120935156,0.1682689262925248,0.52139,0.006234117849451926,0.271688345643335,0.72767,-0.11977788127024011,-0.2425761891404047,0.98152,-0.1770874429826084,0.2583410200063315,0.97041,-0.20273037730465607,-0.08073920645765056,-0.00493,-0.02462793764384008,0.08032583010283706,-0.004772,-0.030282493132008696,-0.13619586956137836,-0.46738,-0.00032680027540330295,0.11704764763841297,-0.4677,0.023434918355179225,-0.16916735489265064,-0.8241,0.03963575914025098,0.1298200086436649,-0.82108,0.04916694849956385
109,0.0010736709520820648,0.72518,0.05638619195057115,-0.16437741005947448,0.53151,0.018312038721545215,-0.26352373253494504,0.74579,-0.09778516038157697,0.16841803664089797,0.52134,0.006215949084825978,0.2718616171307908,0.72765,-0.11983178852053945,-0.2424353898621726,0.98162,-0.177325509282721,0.25871524695247616,0.97041,-0.2027963636121695,-0.08069877225846409,-0.004977,-0.02462897472442869,0.08038462594873676,-0.004836,-0.03027153646714479,-0.13613365542899966,-0.46722,-0.00031949262650909915,0.1170585376050091,-0.4677,0.023439090719920626,-0.16919481534710898,-0.82412,0.03965278627861713,0.1298584089333163,-0.82107,0.049211964249637474
110,0.0012930096956323342,0.72525,0.05623074255180168,-0.16421368922179033,0.53134,0.018203967044830214,-0.26346345435873053,0.74595,-0.09801918290500637,0.168554173244543,0.52129,0.006181790262422486,0.2720148451668311,0.7276,-0.11988419242279146,-0.24227199227845675,0.98171,-0.17760817733828413,0.25907962582109073,0.97028,-0.20286061343790626,-0.08066071205245194,-0.005034,-0.024637716618863714,0.08045367665407359,-0.004908,-0.030271526850189995,-0.13606280875633445,-0.46712,-0.00032081511366264387,0.11707151134973723,-0.46761,0.02345508077769818,-0.16921503244670222,-0.82412,0.03965330481891144,0.12989437814848034,-0.82104,0.04924319269116892
111,0.0014530791131081092,0.72529,0.05613651526494185,-0.16406085835070225,0.53121,0.018091723003373812,-0.2633944937736327,0.74615,-0.09820396504078513,0.16869169903360937,0.52123,0.0061555099020430895,0.27214425936014397,0.7275,-0.11989888822386405,-0.24213062218709472,0.98177,-0.17778541869143932,0.25942430853464493,0.97013,-0.20292139030008968,-0.08062653159190017,-0.005076,-0.02465694410222655,0.08051415430467565,-0.004966,-0.030274067278825915,-0.1360038939393314,-0.46704,-0.00033221881207567625,0.11709138115297515,-0.46748,0.02345259262189785,-0.1692352495462955,-0.82412,0.03965382335920574,0.12994019544117452,-0.821,0.04927268465092369
112,0.0015835424082031313,0.72532,0.056075940281384684,-0.1638976584575511,0.5311,0.017980696903399776,-0.26332726967031156,0.74629,-0.09839859525409403,0.1688292248226758,0.52118,0.006129229541663703,0.2722740208498123,0.72736,-0.11991161440943064,-0.24199910017326282,0.98183,-0.17796092356281787,0.25974118349738556,0.96994,-0.20296710963941297,-0.08059518898774273,-0.005115,-0.024680748327999116,0.08056576868550061,-0.005016,-0.03027504487386283,-0.13594341628872933,-0.46696,-0.00033475924071159693,0.1171005346377946,-0.46735,0.023446916909109133,-0.1692326448236305,-0.82417,0.039668595475500924,0.12995247459319195,-0.82096,0.04928473547768919
113,0.0017178283674455213,0.72534,0.0560197683920596,-0.16377350357816506,0.531,0.017878586346038443,-0.2632727957949439,0.74632,-0.0985503601937291,0.16896675061174213,0.52111,0.00610294918128431,0.27240482422854656,0.72719,-0.11991843174847913,-0.24187278760476089,0.98188,-0.17816597266678677,0.26008760269271647,0.96972,-0.20301803842406624,-0.08056471462447366,-0.005185,-0.024709476592536733,0.08064460798281588,-0.005113,-0.030265591557046237,-0.13589278671565738,-0.46689,-0.0003355631875708448,0.11711958606874105,-0.4673,0.023497375238242114,-0.16920878111230622,-0.82429,0.03968875789801987,0.12996440644885407,-0.82092,0.04929481668894867
114,0.0018195609937642198,0.72539,0.05594598172156756,-0.16362930524736344,0.5309,0.017774972440629786,-0.26323337944243647,0.74635,-0.09872993288417785,0.16916579594047657,0.52098,0.006080037238787063,0.2725449547402779,0.727,-0.11992993999256335,-0.24175979607734244,0.98192,-0.17838898144403925,0.26043402188804743,0.96948,-0.2030689672087196,-0.08052004857499406,-0.005255,-0.02473258382135993,0.08073184909092695,-0.005215,-0.030271835678726152,-0.1358558254800242,-0.46688,-0.0003562964232196944,0.11715121407946343,-0.46732,0.023503983485948253,-0.16917784769429453,-0.82441,0.03969142691471396,0.12996440644885407,-0.82092,0.04929481668894867
115,0.0019166597963602011,0.72544,0.05586895041277415,-0.16347386965361044,0.5308,0.017677500515468573,-0.26318411501239886,0.74637,-0.09891124205640327,0.16925251850829334,0.5209,0.006053576017513912,0.2726655627451267,0.72681,-0.1199369904653412,-0.24168736252869127,0.98193,-0.17855406742475777,0.26075900844654143,0.96928,-0.20312627110734965,-0.08047520887733682,-0.005325,-0.024754706242430112,0.08081897363217333,-0.005311,-0.03027298211346334,-0.1358558254800242,-0.46688,-0.0003562964232196944,0.11718661248149757,-0.46734,0.023474386980522288,-0.16917784769429453,-0.82459,0.03969142691471396,0.12996405915249876,-0.82089,0.04929284707344264
116,0.0019413490926919897,0.72544,0.055784378321357166,-0.16339808692098667,0.53079,0.017588996405755647,-0.2631446986598914,0.74638,-0.09909081474685202,0.1693292193504023,0.52082,0.0060278664702644105,0.2727853025090872,0.72663,-0.11994896497688413,-0.24163462513510034,0.98194,-0.17871568044192293,0.26107414692750536,0.96906,-0.20318183852420307,-0.08043761013030598,-0.005382,-0.024777582741762658,0.08089196356852221,-0.005391,-0.030273667089219206,-0.13585599912820187,-0.46688,-0.00035728123097270373,0.11722062169811039,-0.46736,0.023436912013072242,-0.16917767404611686,-0.82484,0.03969241172246697,0.1299706079146532,-0.82085,0.04927239924435875
117,0.0019453598304492205,0.72542,0.05568619016533699,-0.163389554117894,0.53079,0.01746462522231116,-0.26310064367518377,0.7464,-0.09930166815166783,0.16941217152690727,0.52074,0.006037610002123342,0.27288517246980976,0.72648,-0.11995845133262673,-0.24156913751355585,0.98198,-0.17892015873276199,0.26137943733093916,0.96882,-0.20323566945927984,-0.08040910778678163,-0.005426,-0.024788701033610736,0.08094983409222058,-0.00547,-0.0302737169578161,-0.13585599912820187,-0.46689,-0.00035728123097270373,0.11726708371491834,-0.46737,0.023412472680140697,-0.16916782596858676,-0.82503,0.03969067524069031,0.12994587596244062,-0.82085,0.04924731278307473
118,0.0019472249002840617,0.72534,0.05560462717425335,-0.1633858335951791,0.53079,0.0173705499454807,-0.2630710754002064,0.74647,-0.09947950436033993,0.16950219341009973,0.52067,0.00602986012815742,0.27298434783782166,0.72634,-0.11997187691938138,-0.2415216095652949,0.98203,-0.17911131598251753,0.26166503157931265,0.96858,-0.20328602743080323,-0.08038153316969729,-0.005469,-0.02479356318258541,0.08100868942367195,-0.005546,-0.03027394047459066,-0.13585287346100386,-0.46699,-0.0003395546914184838,0.11730560778415049,-0.4674,0.023400602714268956,-0.16914036551412837,-0.82522,0.039673648102324155,0.12990526811507647,-0.82085,0.04924736505591032
119,0.001947522328042503,0.72533,0.055548726266061006,-0.16339074561275066,0.5308,0.01728510480469799,-0.26305252087140596,0.74653,-0.09960462721780808,0.16958340910482805,0.52059,0.006029755582486241,0.27307627985096844,0.72626,-0.11996879390806417,-0.24149204129031757,0.98204,-0.1792891521911896,0.2618868987303054,0.96847,-0.2032946857972996,-0.08035592816811897,-0.0055,-0.02479807803520475,0.08105787032577089,-0.005608,-0.030271442701835537,-0.1358495741456282,-0.46713,-0.0003208433441112546,0.11733636755398452,-0.46741,0.023402286923210038,-0.16910288333396223,-0.82541,0.03965586928993434,0.1298710353816891,-0.82085,0.04922598469190899
120,0.0019470632732998894,0.72538,0.055517328984829285,-0.1633942684449009,0.53082,0.01720753812593938,-0.263036868493029,0.7466,-0.09968862128337906,0.1696848418991496,0.52052,0.006029132496520748,0.2731490366535879,0.72625,-0.1199592835099346,-0.24144104037850328,0.98207,-0.17946061328588492,0.26206937357117754,0.96839,-0.20329639823668927,-0.08033768068403176,-0.005523,-0.024798249279143723,0.08110252916253438,-0.005654,-0.03024276190165611,-0.135855949259605,-0.46726,-0.00029941070727433974,0.11737680175317101,-0.46741,0.02340124984262143,-0.16905138552000193,-0.82561,0.03965998938184015,0.12985441502522996,-0.82094,0.049189313671318194
121,0.0019413923689885681,0.72537,0.05547365014734142,-0.16340746570640358,0.53083,0.01713269273671045,-0.2630310641921821,0.74665,-0.09977087886717337,0.16977746850500705,0.52046,0.006036154738850007,0.273212639971388,0.72625,-0.11994409739901629,-0.24138830298491232,0.98209,-0.17962222630305014,0.26220260802439915,0.96833,-0.20328942826719562,-0.0803143355130018,-0.005544,-0.02479830395621801,0.08115216911937591,-0.005697,-0.030208866847669276,-0.13586197707722647,-0.4674,-0.0002760084549313993,0.11740721422664972,-0.46741,0.02340096443605648,-0.16899780392790967,-0.82575,0.03967592716678211,0.1298279465912407,-0.82108,0.04915437913250406
122,0.001924077419818768,0.72536,0.05543303989573856,-0.1634913359923938,0.53092,0.017060154642388088,-0.26301193885025176,0.74672,-0.09983517677768411,0.16987408901895082,0.52041,0.006065827559498544,0.2732556788932395,0.72625,-0.1199303623633097,-0.2413349947781915,0.98209,-0.17972301437325788,0.2622651694531333,0.96826,-0.2032801510027954,-0.08029504613984859,-0.005544,-0.024792566353638905,0.08116832320837632,-0.005697,-0.030151805079307557,-0.1358667893576042,-0.46746,-0.0002457125483173797,0.11744167047681164,-0.4676,0.02348120013150918,-0.16893524249917558,-0.82581,0.03968520443118234,0.12981705662464457,-0.82118,0.04915020676776265
123,0.001876402270005858,0.72536,0.05543332289806482,-0.16359455513708895,0.531,0.01699305912712509,-0.26300092510407486,0.74675,-0.09988789012888807,0.16990107839747307,0.52041,0.006103716521571715,0.27329373188653555,0.72625,-0.11988731622874213,-0.24130602135873103,0.98207,-0.1797890487655453,0.2623068690581603,0.96825,-0.20321642390541453,-0.08029145901366927,-0.005544,-0.024760705209187182,0.08117439368187858,-0.005697,-0.030065548778949507,-0.13588799847766656,-0.46753,-0.00019323233084278524,0.11746749418668712,-0.46781,0.02357006596300964,-0.16888443927792599,-0.82586,0.0396853852920761,0.12981705662464457,-0.82126,0.04915020676776265
124,0.0018104796361057308,0.72528,0.05543377714433003,-0.16370102372856282,0.53107,0.01696512278825322,-0.26296674223928435,0.74676,-0.09992438028858511,0.1699387840944138,0.52041,0.0061447930406332875,0.2733428484946054,0.72626,-0.1198391129216801,-0.241285159535024,0.98204,-0.17984349859852594,0.26234219354921057,0.96825,-0.20313126417119676,-0.08028474381605324,-0.005544,-0.02472838020151545,0.08118202939321852,-0.005697,-0.02998769188514855,-0.13590903394955128,-0.46763,-0.00013976730561517797,0.11749696450829361,-0.46797,0.023679612757323346,-0.16888113996255033,-0.82586,0.03970409663938334,0.12981705662464457,-0.82132,0.04915020676776265
125,0.0017272943258713922,0.72522,0.05543422898635655,-0.16379434492713094,0.53116,0.01695416131491191,-0.262942407452024,0.74681,-0.09995913396650549,0.16997011467737771,0.52041,0.006207302196531761,0.27338402715509946,0.7263,-0.11977834024755829,-0.2412706728252938,0.98203,-0.17987651579466962,0.2623612948487539,0.96825,-0.20302293531836543,-0.08027611608424418,-0.005529,-0.024702484984894788,0.08119070699362446,-0.005681,-0.029903926144829524,-0.13592989577325829,-0.46774,-8.531747263456138e-05,0.11751120365886229,-0.46809,0.023760366993070346,-0.16886040191842405,-0.82583,0.03970653252234807,0.12981792486553292,-0.82138,0.04915513080652771
126,0.001608653532289915,0.72512,0.055458194839113274,-0.1638957777214525,0.53124,0.016954784400877398,-0.262942407452024,0.74687,-0.09995913396650549,0.16999936148220962,0.52043,0.006257993659394095,0.2734286787791468,0.72637,-0.11969787141837626,-0.2412706728252938,0.98203,-0.17987651579466962,0.262387342075404,0.96827,-0.2028752141554136,-0.08026633230074313,-0.005507,-0.024658515932364566,0.08119845927182909,-0.005651,-0.029831166937971297,-0.13595678541458678,-0.46784,-7.465387311000882e-06,0.11752474821672032,-0.46815,0.023837181997805296,-0.16885940989795495,-0.82585,0.03965457084516778,0.1298084240843581,-0.82151,0.04915883690381041
127,0.0014912258717134069,0.72503,0.055506317022475306,-0.16397681976800313,0.53135,0.01695587375430159,-0.262942407452024,0.74696,-0.09995913396650549,0.1700315603060619,0.52045,0.006325426854057643,0.27347419864408257,0.72644,-0.11961247855042913,-0.2412706728252938,0.98204,-0.17987651579466962,0.26241338930205405,0.9683,-0.20272749299246176,-0.08025799718821512,-0.005482,-0.024611245160219987,0.08119850673618728,-0.005622,-0.029756033737938725,-0.1359707013111871,-0.46791,8.63767557901067e-05,0.11753742453369001,-0.46821,0.023909072963775195,-0.16885789693295283,-0.82591,0.03960556359124652,0.12981120245520078,-0.82163,0.049174593827858604
128,0.0013953450105997928,0.72496,0.0555729793092056,-0.16401760126354498,0.53143,0.01695494121938417,-0.262942407452024,0.74701,-0.09995913396650549,0.1700437156784986,0.52047,0.006394363396768497,0.27350934948695516,0.72651,-0.11952830362396438,-0.2412706728252938,0.98204,-0.17987651579466962,0.2624377000469274,0.96836,-0.20258961990704005,-0.08025082053161779,-0.00546,-0.024564785547650743,0.08120278364659989,-0.005589,-0.029685708009806536,-0.13599411798896224,-0.46799,0.0001839249961739023,0.11754714883163936,-0.46825,0.023964222197943877,-0.1688586413942604,-0.82598,0.03954375383653611,0.12978513118616378,-0.82172,0.04919949942824885
129,0.0012961600256331113,0.7249,0.05565545560129708,-0.1640225871921004,0.53143,0.01698425231824518,-0.2629487825660008,0.74703,-0.09993770132966856,0.17005378727280326,0.5205,0.006451482246443197,0.2735451949225384,0.72655,-0.11944018946648759,-0.2412758822706238,0.98204,-0.17990606002726,0.2624637472735774,0.96845,-0.20244189874408824,-0.08024138404447209,-0.005443,-0.02452278611062655,0.08120567377582982,-0.005551,-0.02964052342003265,-0.13601753466673736,-0.46805,0.0002814732365577048,0.11756550566987516,-0.46829,0.024010741296064807,-0.16887612999160787,-0.82607,0.03950215877718024,0.12980765558066357,-0.82176,0.04926965391244208
130,0.0011866084228420015,0.72487,0.055719451275571985,-0.16404796386842674,0.53143,0.017013097149647483,-0.2629731173532611,0.74703,-0.0999029476517482,0.17007335964828274,0.5205,0.006504894998835217,0.27357808833910136,0.72658,-0.119368817040812,-0.24129093979348393,0.98204,-0.1799338677780737,0.26247473697736734,0.96854,-0.2023219853319501,-0.08024312773896487,-0.005428,-0.02448084615915405,0.08119755977583767,-0.005521,-0.02961167618439165,-0.13604077769633482,-0.46811,0.00038000628469451667,0.1175626035194517,-0.46829,0.02405187008796196,-0.16891418298490393,-0.82612,0.03945911264261265,0.12980909463468182,-0.82176,0.04933540289816453
131,0.0010781035175942942,0.72491,0.055754830443696536,-0.1640698675811998,0.53143,0.017061638136110027,-0.26301077318160493,0.74703,-0.0998861536471114,0.1700720203314583,0.52049,0.006554887060509478,0.27360993986659826,0.72659,-0.11930335346165447,-0.24134191666291122,0.98201,-0.17993503344672046,0.26249500394555747,0.96863,-0.20226463334854602,-0.08024301838481629,-0.005421,-0.024434155817094155,0.08118863702050888,-0.005498,-0.029598933169154178,-0.13605469359293515,-0.46814,0.00047384842779562425,0.11756989674291372,-0.46829,0.024093232013588477,-0.1689662017433972,-0.82616,0.0394520381274478,0.12982090271076316,-0.82176,0.04940236982536936
132,0.0009932364026575755,0.72494,0.05576877937922288,-0.16410266126056894,0.53144,0.017106006757831173,-0.26306001356925557,0.74703,-0.09987747123822804,0.17008157098122997,0.52049,0.006609051486925154,0.273623608204037,0.72659,-0.11928342417286489,-0.24141258968739873,0.98193,-0.17993272615181394,0.26251643658239443,0.96874,-0.20225825823456922,-0.08024249984452198,-0.005421,-0.024413938717500902,0.08118718834953585,-0.005498,-0.029595631449539812,-0.13607208245308886,-0.46817,0.0005479944158364863,0.11756994661151061,-0.46831,0.02415110253728684,-0.16900043447678456,-0.82619,0.03943065776344648,0.12983826752852987,-0.82168,0.04950085060067058
133,0.0009190880103780146,0.725,0.05576865319540341,-0.164128211585073,0.53145,0.01713386678148046,-0.26311099043868286,0.74695,-0.09987863690687483,0.1700812735534715,0.52048,0.006664952395117493,0.2736436516554527,0.72659,-0.11928492752091219,-0.24149311078941638,0.98185,-0.17992868237513066,0.2625361327374546,0.96883,-0.20226173119812257,-0.08024510937566437,-0.005421,-0.024394185481127675,0.08118423392627681,-0.005498,-0.029595110505006808,-0.13608240160655508,-0.46823,0.0006046469980524848,0.1175715094451096,-0.46834,0.02415996580706395,-0.1689971351614089,-0.82619,0.03944936911075371,0.12983715172847995,-0.82167,0.04960969799379622
134,0.0008337594364599861,0.725,0.05576846752603225,-0.16416499917252841,0.53148,0.017155584824882317,-0.2631816634631704,0.74681,-0.09987632961196824,0.17006435576925394,0.52044,0.006684182282719029,0.2736540206775158,0.72659,-0.11928370957942983,-0.2415805778185407,0.98176,-0.17996403090856794,0.26257726152935185,0.96885,-0.20225882904769915,-0.08024905101091512,-0.005421,-0.024376228212082802,0.08117815143158108,-0.005498,-0.02959505342369382,-0.13612313323350003,-0.46832,0.0006615849868334307,0.11755146599369404,-0.46836,0.024161469155111262,-0.16899969001547702,-0.82621,0.039492467518156896,0.12983620957660774,-0.82167,0.0497195301946749
135,0.0007775707174639997,0.72492,0.05575502030112932,-0.1642244349340645,0.53151,0.01716403410003631,-0.2632691304922947,0.74662,-0.0999116781454055,0.17006748143645195,0.52038,0.0067019088222732455,0.2736638687550459,0.72657,-0.11928544606120649,-0.2416634062154649,0.98168,-0.18003066015637226,0.2626166538394723,0.96893,-0.20226577497480583,-0.08024841590375614,-0.005433,-0.024361108799432284,0.08117473554934072,-0.0055,-0.02960866708405832,-0.13614352398127091,-0.4684,0.0006611187193747183,0.11754127061980858,-0.46837,0.024161236021381906,-0.1689888000488809,-0.82619,0.039496639882898296,0.12983370459113652,-0.82167,0.04982049912577645
136,0.0007074781230611647,0.72482,0.055749101837656447,-0.16433606310227153,0.53153,0.01716442405227244,-0.263409310872623,0.74636,-0.09995804042501968,0.17006869697369562,0.52032,0.006708802476544328,0.2736636951068682,0.72654,-0.1192864308689595,-0.24175491702127247,0.98162,-0.18014652979182713,0.2626340426996259,0.96893,-0.20233992096284667,-0.08025096594934686,-0.005448,-0.024352535744697514,0.08115614317313688,-0.005502,-0.029627728131959588,-0.13617393645474965,-0.46846,0.0006614041259396623,0.11753571387812324,-0.46835,0.02412972217328551,-0.1689857242502798,-0.82622,0.039456495898754156,0.1298185731572925,-0.82164,0.04990744761460647
137,0.000611904306660787,0.72475,0.05569081251085757,-0.16446808201824947,0.53153,0.017164347737049866,-0.26356454877581137,0.74607,-0.1000322104554475,0.1700384581483946,0.52025,0.006710072690862292,0.2736610903842032,0.72651,-0.11930120298525469,-0.24185801238638682,0.98156,-0.18027051102303548,0.2626479585962263,0.96893,-0.2024337631059478,-0.08025270483536223,-0.005471,-0.02434512114589343,0.08113378761833732,-0.005512,-0.029662372455731383,-0.13619432720252053,-0.46849,0.0006609378584809568,0.11753050443279324,-0.46833,0.024100177940695154,-0.16895861109217675,-0.82627,0.039437499144881975,0.1298113796710243,-0.82162,0.049981826736376675
138,0.0004621185994865412,0.72465,0.055566940633797794,-0.16463068705588374,0.53153,0.017163572020639218,-0.263708202119693,0.74575,-0.10009826889012191,0.17001806740062367,0.52017,0.006709606423403586,0.273665381720048,0.72645,-0.11933445331512776,-0.2419535669688776,0.98151,-0.18046690176050803,0.2626711517572269,0.96893,-0.20259016667778296,-0.08025270483536223,-0.005502,-0.02434512114589343,0.08111259051946847,-0.005528,-0.029696205619927828,-0.1362254342687099,-0.46852,0.0006572840340338532,0.11751562055811077,-0.46831,0.024073354997634466,-0.16891921878205626,-0.82627,0.0394305532177753,0.12977250830543682,-0.82164,0.04999172708674239
139,0.0002888807713724677,0.72459,0.0553791704154182,-0.16479815424249272,0.5315,0.01713522168714423,-0.2638570649089046,0.74545,-0.10019387155738668,0.1699869603344343,0.52009,0.006705952598956479,0.273658088496586,0.7264,-0.11937581524075426,-0.24206765203778186,0.98151,-0.1807107964038545,0.2627041929957576,0.96893,-0.20274830673139482,-0.08026290020924767,-0.005539,-0.024345354279622786,0.08108843899734057,-0.005547,-0.029729517839591275,-0.13625311823994282,-0.46852,0.0006154558409486276,0.11750420964698165,-0.46832,0.02406622820963402,-0.1688848622690881,-0.82631,0.03939504786583127,0.12976213928337368,-0.82171,0.049990509145260015
140,0.00011604732092671682,0.72454,0.05519945230724038,-0.16498792230682693,0.53148,0.017095572200907398,-0.2639960796205861,0.7452,-0.1002912107064281,0.16995602691642261,0.52002,0.006703283582262392,0.27365942781341046,0.72634,-0.11942580730242852,-0.2422002675930996,0.98151,-0.18100219495307496,0.26273376127073494,0.96889,-0.2029261429400669,-0.08027095231944945,-0.005575,-0.02434494990195446,0.08105919219250865,-0.005569,-0.02978020930245361,-0.1362889138069292,-0.46854,0.0005852122071701993,0.11749470886580686,-0.46834,0.024069934306916722,-0.1688575754628074,-0.82631,0.0393770359197121,0.12974209583195812,-0.82179,0.04999201249330734
141,-5.684080659332583e-05,0.7245,0.054996389028032604,-0.16517821131569416,0.53148,0.01705296829141153,-0.2641559321135876,0.74497,-0.10050672678583103,0.1699115988091498,0.51995,0.006681670084531709,0.27366731589238935,0.72627,-0.11949624719318669,-0.2423682076394676,0.98151,-0.18137875323651312,0.2627517449864055,0.9688,-0.20311209074449246,-0.08028375482023861,-0.005614,-0.024342692475644793,0.08103486942644178,-0.005598,-0.029831769006204274,-0.13631277751825344,-0.46854,0.0005650497846512413,0.11748984671683219,-0.46832,0.024042359689832378,-0.1687969241640277,-0.82624,0.039375480298829195,0.12974695798093278,-0.82173,0.050019587110391686
142,-0.0002313488490253597,0.72446,0.05477837998435199,-0.16535865224703122,0.53148,0.01700862790013899,-0.26432736916589594,0.74477,-0.10073035446098738,0.16985141858630615,0.51992,0.0066283096049752875,0.2736667450792594,0.72621,-0.1195570721401441,-0.24255467817224904,0.98145,-0.18180281542582527,0.2627500325470158,0.96871,-0.20329456558536466,-0.08029522521691942,-0.005653,-0.024338639082006765,0.08100996623029023,-0.005625,-0.029875102951575513,-0.13634822578888448,-0.46856,0.0005367757663788351,0.11748585280874585,-0.46828,0.024019709111513098,-0.16877670706443443,-0.82617,0.039374961758534895,0.1297428402932657,-0.82168,0.05005382224801775
143,-0.000395661517571937,0.72441,0.05456060407440072,-0.16557987467391017,0.53148,0.016963354973949032,-0.2645086542957344,0.74464,-0.10095224565436704,0.16979019647439653,0.51991,0.006569040278900793,0.27367307032463933,0.72616,-0.11963637530067937,-0.2427411487050305,0.98142,-0.1822268776151374,0.26275005658940276,0.96863,-0.20346719234870675,-0.08031248789325363,-0.005685,-0.024338641486245455,0.08098442311850229,-0.005645,-0.02989903095692885,-0.13638523689311452,-0.46857,0.0004996384783293173,0.11749257521907797,-0.46824,0.024000246090182205,-0.16875631631666352,-0.82604,0.0393754280259936,0.1297588898365949,-0.82166,0.05002966832165116
144,-0.0005808239886320402,0.72436,0.05431096461575903,-0.16578053270484047,0.53151,0.016919533122970797,-0.26470326046665626,0.74452,-0.10119209652103028,0.1697037214657413,0.51991,0.006481730068283245,0.2736653799362251,0.72609,-0.11973757736551027,-0.24293456516491863,0.98138,-0.18269033211457,0.26274313470468313,0.96846,-0.20367921142216927,-0.08032250961896142,-0.005701,-0.0243378898122218,0.08095482420883765,-0.005662,-0.02991716668262879,-0.13643313796394071,-0.46858,0.00045832882553839896,0.11748840766281396,-0.46814,0.02397661070410991,-0.1687297241030935,-0.8259,0.03935347684886238,0.12975645876210756,-0.82171,0.050015881013109
145,-0.0007692166725613327,0.72427,0.053962382922834805,-0.16593902005480768,0.53153,0.016884522268934082,-0.2649019104142614,0.74443,-0.10151246848971118,0.16960995323362407,0.51991,0.006353057932039188,0.27369958684340256,0.72595,-0.1199466942885494,-0.24311175843329985,0.98133,-0.18317695573261625,0.2627327398564101,0.96808,-0.20391092665069213,-0.08033172018509385,-0.005722,-0.024338296594128825,0.08093211654920537,-0.00568,-0.029919255269238186,-0.1364708436608814,-0.46859,0.00041725230647683687,0.11750579652296764,-0.46812,0.02390246471606905,-0.16873667003020018,-0.82574,0.0393140845387419,0.12975449876355633,-0.82181,0.04994717760412749
146,-0.0009450375851921215,0.72415,0.05360447650115215,-0.16607694300882628,0.53154,0.016850962490109082,-0.26511909084828006,0.74433,-0.10188034436426603,0.16951583770515152,0.51991,0.006222416180289098,0.2737603360955532,0.72575,-0.12023563291241812,-0.24329589762878778,0.98123,-0.18370297166078292,0.26272177419500714,0.96762,-0.20420346682617235,-0.08034643522007605,-0.005739,-0.024329609376768084,0.08093211654920537,-0.005705,-0.029919255269238186,-0.1365087230059998,-0.46859,0.00037519097966225504,0.11754079776004955,-0.46802,0.023813028071438702,-0.1687339415279544,-0.82559,0.039271970939091724,0.12976134495346922,-0.82195,0.04987082886685125
147,-0.0010633208450476876,0.72406,0.05314097453736134,-0.1662315361879009,0.53154,0.01672286116699492,-0.26534495369118194,0.74426,-0.1022974606264715,0.16942948647607708,0.51992,0.006078220253726202,0.2738709704594682,0.72552,-0.12058718523785648,-0.2434586041874388,0.98116,-0.18422261247497285,0.2626563587006236,0.96709,-0.20451686882535958,-0.080365612834842,-0.005763,-0.0243059193136215,0.08093211654920537,-0.005735,-0.029919255269238186,-0.1365531511132726,-0.46857,0.00035357748193157526,0.11759470082228728,-0.46783,0.023600438184846237,-0.16873138667388626,-0.82544,0.039228872531688545,0.12976853843973746,-0.82206,0.04979644974508102
148,-0.001170809067023517,0.72398,0.052531378538246784,-0.1663873449042192,0.53154,0.016587866189609668,-0.2656611616712447,0.74416,-0.10288142339355913,0.1693455164528931,0.5199,0.005889941112007108,0.27403330032790807,0.72518,-0.12110625942697811,-0.2435367218250019,0.98094,-0.1848384027271704,0.26250870966483275,0.96636,-0.20500870188873577,-0.08036516099281549,-0.005792,-0.02422273400338716,0.08093211654920537,-0.005774,-0.029919255269238186,-0.13661935915373769,-0.46854,0.0003236192547180945,0.117672094473284,-0.46761,0.023175543818226254,-0.16877256533438034,-0.82532,0.03916809985756674,0.1297976855073756,-0.82203,0.04973140016054663
149,-0.0013246421185268281,0.7239,0.0515207374584043,-0.1665257647603838,0.53154,0.01637872522418355,-0.2660184744008176,0.74406,-0.10364091507441231,0.16925286402082573,0.51988,0.005652421582637405,0.274262457134717,0.72474,-0.12187980396861303,-0.24354124024526708,0.98047,-0.18567025582951377,0.26219833002800386,0.96524,-0.20584754900295982,-0.08039037844639636,-0.005866,-0.024089328306226596,0.08093732599453539,-0.005862,-0.029889711036647823,-0.1366950439329906,-0.4685,0.00012474036144522263,0.11787254946218093,-0.46734,0.02218163547364597,-0.16883222461269093,-0.82515,0.03911769380126935,0.12984799182647921,-0.82199,0.04955599983483927
150,-0.001504294071428219,0.72383,0.05038670519439295,-0.1666103554652946,0.53149,0.01607175061180869,-0.26643370992692444,0.74392,-0.10444096473403272,0.16917092790717686,0.51988,0.00541808961025609,0.2745565806185373,0.72423,-0.12286078122434596,-0.24353938355155547,0.97987,-0.18652354156869405,0.26178602069470747,0.96393,-0.20686135421781948,-0.08038977699857916,-0.00597,-0.02383253142489716,0.08099401161567739,-0.00598,-0.02970068262514377,-0.1367941712162285,-0.46844,-0.00020708757848430376,0.11817468302073805,-0.46689,0.02067020856082695,-0.16890190561670937,-0.82505,0.03906803941899562,0.12991643146704404,-0.82193,0.049368263275801474
151,-0.001757687014286368,0.7236,0.04882294945371294,-0.166705067633107,0.53107,0.015649786626060758,-0.2669375060236414,0.74352,-0.10574326634768941,0.16909162055857996,0.5198,0.005025902990827877,0.27487240655692025,0.72328,-0.12452490561171747,-0.24354961010311957,0.97867,-0.18796364414061145,0.26114846741641295,0.96192,-0.2085767042746114,-0.08038722578958131,-0.006296,-0.023017593702532653,0.08116000306427186,-0.006298,-0.02905875440564138,-0.136994114179707,-0.46812,-0.0012258450625576393,0.11874895887171283,-0.46606,0.017534853517616186,-0.16896555880310632,-0.82479,0.038994982784378955,0.13004465416550026,-0.82188,0.0491740470571157
152,-0.0020632242790414885,0.72313,0.0469058808634309,-0.16675364103807974,0.53034,0.015028786928533173,-0.2672170315049113,0.74291,-0.1076740603567232,0.16902903151981308,0.51943,0.004383004389004661,0.2751971108109282,0.72201,-0.12671455561740996,-0.24337091457267376,0.97733,-0.1899447720787817,0.2602850993799905,0.9592,-0.21105442412029288,-0.08036770273970739,-0.006859,-0.021778153970022994,0.08137311746304315,-0.006759,-0.028195648819379568,-0.13733302555391597,-0.46727,-0.0030903192727391032,0.11953334009854999,-0.46515,0.013575495603637525,-0.16906031905569266,-0.8245,0.03891827232531518,0.13016789093540107,-0.82182,0.04900914193729093
153,-0.002384109824690437,0.72116,0.04372121989770887,-0.16675540691371213,0.52844,0.013982193463197533,-0.26730934734356077,0.74116,-0.11032835457288209,0.16889665995601108,0.51807,0.0031715863071284656,0.2755411104873984,0.71986,-0.12977376682662525,-0.24292560588146275,0.9751,-0.1929477206580171,0.2591107808936093,0.95587,-0.21443181602715583,-0.08033354880320573,-0.007999,-0.019943207783176792,0.08188973707828182,-0.00786,-0.026630581992323717,-0.13814038627522757,-0.46547,-0.006747686176084077,0.12093742443939552,-0.46415,0.008062930668528614,-0.16921253102887684,-0.82434,0.038746087787044824,0.13033463770308948,-0.82177,0.04880305575273343
154,-0.0027346795917656368,0.7187,0.04029910610088492,-0.16676248197186833,0.52594,0.012790314717874802,-0.26731876265812504,0.73865,-0.1134338998312629,0.1686605963877549,0.51587,0.0015448647600460608,0.2758770208266792,0.71703,-0.13339714429025834,-0.2422739622057012,0.97208,-0.1967384673548883,0.25773674296052407,0.95198,-0.21876911008664074,-0.08020938562512091,-0.009635,-0.01760931136190872,0.08257960832665094,-0.009424,-0.024560934278176794,-0.1392142435130152,-0.46348,-0.01105261435583936,0.1226021181657717,-0.46274,0.0013793205813553838,-0.1694451901930948,-0.82434,0.03846319078581398,0.13056818736675982,-0.82173,0.04851512597900472
155,-0.0031054706464956946,0.71507,0.03649164947030695,-0.16676261288674077,0.52256,0.011234704232290029,-0.26732691613449466,0.73496,-0.11728092901243936,0.16841773471435983,0.51302,-0.0003507615764442723,0.2760593282235316,0.71337,-0.13760370880456846,-0.2414397234771325,0.96801,-0.2013940603078596,0.2566286992903002,0.94722,-0.22384379620746403,-0.08004222982613564,-0.012105,-0.014513302327867381,0.08344308331298332,-0.011624,-0.02201926141410118,-0.1404439370771539,-0.46133,-0.016126158850402875,0.12439418860827987,-0.46153,-0.006079180576993297,-0.16968995486115257,-0.82434,0.03816922776557064,0.13081587644380507,-0.82173,0.048192209393626284
156,-0.003486553167234732,0.70913,0.0317101825288352,-0.16667143425401612,0.51739,0.009160357236984162,-0.26734303695229583,0.72964,-0.1221521342143615,0.1680586284991217,0.50838,-0.0027904680600560477,0.27621965264515824,0.70825,-0.14285634824391988,-0.24036948531948782,0.96168,-0.20770579464050715,0.2556094806569432,0.94071,-0.23031512477101404,-0.07984568847431414,-0.016054,-0.010283166101098298,0.0846742184128034,-0.015352,-0.018561514840682157,-0.14209055634822512,-0.45932,-0.022757978659183647,0.12689122163620795,-0.46033,-0.015010472200125769,-0.1699933867870518,-0.82434,0.03777289701184963,0.13112749030879584,-0.82187,0.04765595124763172
157,-0.003876236352741356,0.70148,0.02629254420434976,-0.16633797546396387,0.51028,0.0065020673289160405,-0.26727333105320134,0.72328,-0.12768834601374485,0.16767017574185789,0.50297,-0.0053966070539268884,0.2762761114141532,0.70153,-0.14852527595623052,-0.23916938950262695,0.95412,-0.21472076221208955,0.2549934864315784,0.9337,-0.23709110079770696,-0.07960854710826036,-0.020805,-0.005580907391445443,0.0859117658535879,-0.020025,-0.014560630272013906,-0.14389683220555613,-0.45804,-0.030180080553338904,0.12947765408177875,-0.45925,-0.02447133321826247,-0.17029999424874598,-0.82447,0.03730096919487603,0.13144208023519394,-0.82204,0.046963808070096286
158,-0.004222002758553358,0.69268,0.02082451424899913,-0.1659550046847124,0.50176,0.0035486968167317764,-0.2670593288699344,0.71432,-0.13361555472152264,0.1672224332612028,0.4943,-0.008626933302313702,0.2762567135395404,0.69282,-0.1539909433191845,-0.23794600435521754,0.94359,-0.2225826404088755,0.25452759279123294,0.92471,-0.2443403313165886,-0.07939791807290818,-0.027313,-0.00018246831987423634,0.08722357220420768,-0.026492,-0.009689418400367012,-0.1458286040429205,-0.45705,-0.037853203878841106,0.13217546535257216,-0.45837,-0.034221936807127123,-0.17062031991647583,-0.82463,0.03675124156541446,0.13179055559862404,-0.82224,0.046291075641056154
159,-0.004518081122749847,0.68228,0.015045125820951164,-0.16528321425269563,0.49147,0.000678435919975056,-0.26662926383652163,0.7032,-0.1394691642120025,0.16663798336377283,0.48453,-0.011883925675254436,0.2763982340893822,0.6829,-0.15940781251955963,-0.23664147920788667,0.93251,-0.23073299096207145,0.25403334462933086,0.91506,-0.2518079560229097,-0.07930322839593319,-0.03527,0.00580809917119657,0.08849887753734403,-0.034463,-0.003942565234740283,-0.14788294566750781,-0.45631,-0.04599110419092947,0.13476140089599695,-0.458,-0.04385837901186494,-0.17094325030687066,-0.8248,0.03618674181965772,0.13214314864972126,-0.82235,0.04558410807438994
160,-0.004712250808211272,0.67004,0.009175672853829968,-0.1645907614713594,0.48016,-0.0024777569045557474,-0.2659669127614562,0.69088,-0.14527234360379795,0.16591833901456998,0.47255,-0.015216591426670322,0.2765854499361603,0.67099,-0.16433517999385205,-0.2352083101547603,0.92065,-0.23919034435809083,0.2538154615361761,0.90227,-0.2596086307987042,-0.07928620032643319,-0.044387,0.01165192309435246,0.08971161422903023,-0.043543,0.0018467986954888386,-0.1503172704543127,-0.45631,-0.05432601413839424,0.1372055727507533,-0.458,-0.05257117190188688,-0.1712219262381703,-0.82508,0.035642870763878634,0.13246319558061093,-0.82251,0.04480773769755416
161,-0.004790750332605367,0.65582,0.0029832269861077574,-0.16377169869376285,0.46664,-0.005894899741247794,-0.2651469684035218,0.67708,-0.1512759334673622,0.16548200744504407,0.45931,-0.018439790887056703,0.27676395933166803,0.65811,-0.16913916109245306,-0.23397902453695607,0.90787,-0.24782498719203944,0.2537017913920084,0.88896,-0.2669910476860335,-0.07905247429962842,-0.054977,0.017584465647456825,0.0909261558845838,-0.054163,0.007986166542989526,-0.15287577416289055,-0.45631,-0.062386186765155616,0.13958944238690818,-0.458,-0.06087731550513735,-0.17146594822874342,-0.82544,0.035007593447963184,0.13276218121340597,-0.82268,0.04385433505890555
162,-0.004805421859017694,0.64097,-0.0023116666621455038,-0.16282731358431055,0.45275,-0.009062005954345927,-0.264072163740838,0.66232,-0.15710106822435052,0.16530261995839954,0.44519,-0.02147271754783097,0.2769464884614721,0.64377,-0.1736899943256943,-0.23291660946642098,0.89482,-0.25619665812548514,0.2535846001995134,0.87486,-0.2740479072017389,-0.07879358309207833,-0.066507,0.023342994656036467,0.09184245822989723,-0.065886,0.01387958660369902,-0.15505312368913537,-0.45631,-0.06909095447482023,0.14173098378096144,-0.458,-0.06825426266894138,-0.17163530328674265,-0.82602,0.03439265941546044,0.13304588580656634,-0.82303,0.04281426933799187
163,-0.004822683062247049,0.62145,-0.008145295211415939,-0.16180990007069015,0.43549,-0.012505999964547269,-0.2628762559549823,0.64453,-0.1631607963178981,0.16498525964913954,0.42768,-0.0245970745111286,0.27710649141295335,0.62568,-0.1787141060935113,-0.23212416030826946,0.8763,-0.26442933838963634,0.25356824516200027,0.85726,-0.2813967120374076,-0.07856678856694804,-0.080595,0.029132568841015095,0.09263894690026633,-0.080346,0.01989973741559515,-0.1578513509171499,-0.45691,-0.07620715854583998,0.14406782593864723,-0.45994,-0.07538741973507013,-0.1717542024198476,-0.82688,0.03377593662834545,0.13322580044190166,-0.8237,0.04164628315485777
164,-0.0048390309644685756,0.60154,-0.01388160384555453,-0.16070896356743494,0.41634,-0.01587942549593226,-0.2618217663452626,0.62573,-0.1686980295316063,0.1646752923005353,0.40946,-0.027564328501402984,0.27738459916763514,0.60695,-0.18324117535262208,-0.23137866828524895,0.85685,-0.2724100364570746,0.2536277485519176,0.83885,-0.28854565317205044,-0.07846962453918911,-0.095865,0.03482619546661232,0.09354371936334722,-0.095749,0.02580839105158115,-0.1608841198293039,-0.45874,-0.08298347116595076,0.14643907447789806,-0.46299,-0.08249821162944453,-0.1718562336373319,-0.82793,0.03308211342993055,0.1333440218893913,-0.82471,0.04047394374608851
165,-0.004768117361262312,0.58213,-0.01893874723494743,-0.15974254918180597,0.39792,-0.01874883436105576,-0.2609307464464197,0.60612,-0.17343471439972513,0.16466071919306075,0.39111,-0.030238423418293286,0.27782774481826145,0.58774,-0.1873505575363975,-0.23078627516721917,0.83714,-0.27918584418705866,0.25402080069727745,0.82022,-0.29483952400096236,-0.07825547685974833,-0.11138,0.03991633984289382,0.0941509873605408,-0.11156,0.03160195736082319,-0.16399174979695058,-0.46169,-0.0888022370131201,0.1483314173975498,-0.4658,-0.08869698685318383,-0.17191167905842747,-0.82912,0.032306965182638765,0.13333089497122666,-0.82582,0.0394780940164508
166,-0.0044917124290154205,0.56187,-0.02371734204026725,-0.15869216298917005,0.37874,-0.021026840034077635,-0.2600658218590008,0.58602,-0.17797386690411163,0.16465961673246038,0.37072,-0.03272094709080491,0.2783183703323748,0.56836,-0.19130584344324436,-0.23029935683637132,0.81554,-0.28563842588271227,0.254713933800741,0.80006,-0.3012167699975414,-0.07804195164585725,-0.12791,0.044484664698137014,0.09478966287633664,-0.12859,0.03690562718326905,-0.16715387768235185,-0.46481,-0.09429661115731228,0.15011002254465255,-0.46934,-0.09513768710476359,-0.17192912135482386,-0.83033,0.03151699254621619,0.133334959222651,-0.82692,0.0385797402543613
167,-0.0040109151381068926,0.54155,-0.02822937960272781,-0.15757479846855157,0.35906,-0.022982580438135156,-0.25922644581226306,0.56644,-0.18208203533446632,0.16464765191529665,0.35204,-0.034574021790634964,0.27896658912935696,0.54857,-0.19546153982185996,-0.22979110203823447,0.79621,-0.2913941254110208,0.2555379459777456,0.77978,-0.3073124655224301,-0.07774909046477818,-0.14488,0.054230876748396176,0.09510384493586534,-0.14624,0.04662878668177931,-0.17048054477772875,-0.46822,-0.09962996713985617,0.15189435986544128,-0.47319,-0.1011427646501114,-0.1719342346306059,-0.83154,0.030796941260257494,0.13332731513518786,-0.82803,0.0377301606124637
168,-0.003279981486410659,0.52056,-0.03275099844964735,-0.1560774525695385,0.33606,-0.025144435257198793,-0.2574068766023262,0.54543,-0.18650519799146298,0.16495387733531097,0.33205,-0.036350181128120496,0.27951516148239114,0.52795,-0.19954889451328156,-0.22935925243827104,0.77544,-0.2975831403506547,0.2564749256397817,0.75839,-0.31345854306122917,-0.07756918296371416,-0.166,0.06434428148127723,0.0954950876980432,-0.16669,0.05748579037069107,-0.1756464648297871,-0.47176,-0.10894442203618486,0.15418574001476895,-0.47743,-0.11210418727727375,-0.17193297279241118,-0.83274,0.030055457337461886,0.1333105175629052,-0.82908,0.03688625668335481
169,-0.002356853504370271,0.49972,-0.03718465514911947,-0.1545580275257518,0.31429,-0.02695072220458943,-0.2556637366329498,0.52499,-0.19118904929644293,0.16529036740683628,0.31421,-0.03789711339288354,0.28020800607721086,0.50724,-0.20385461934975563,-0.229004426934385,0.75574,-0.30392104212188714,0.25729660647949276,0.7391,-0.3194522848472633,-0.07727342444068905,-0.18592,0.07408389009230766,0.09573866940323669,-0.18618,0.06793727437789765,-0.18034674329944123,-0.47477,-0.11751848655120374,0.1563614019182554,-0.48184,-0.12239736347715093,-0.17192759326654933,-0.8339,0.0292797382770402,0.1331918161203649,-0.83017,0.036097891940650745
170,-0.0011770314028487156,0.47928,-0.04129700494075458,-0.1531635018226587,0.29389,-0.02871670834932915,-0.25400057099484813,0.50275,-0.19563540511444016,0.16579472182992278,0.29479,-0.039355855184947205,0.2812669900648087,0.48619,-0.20838737269777832,-0.2284520690667666,0.73592,-0.31023284858169564,0.25811662296458815,0.71885,-0.3259737550008538,-0.07716333071976321,-0.20601,0.08385319013748042,0.09605460112914269,-0.20635,0.07840747934936626,-0.1849427366929472,-0.47771,-0.1261921734677836,0.1585663587113477,-0.48653,-0.13298510174084993,-0.17188480547150525,-0.83498,0.028600996643872417,0.13293104999375194,-0.83127,0.03548282932008984
171,5.7160028369262345e-05,0.45864,-0.04564233536675305,-0.15188130066430616,0.27144,-0.030889367823227314,-0.25239594705118423,0.48093,-0.19983789033147792,0.1668461053944965,0.27229,-0.04047645038400177,0.2822691207549715,0.46448,-0.21232115384062727,-0.22754337179912615,0.70996,-0.3171152005979604,0.25895345749670723,0.69807,-0.33263019608944255,-0.07733673785212414,-0.22651,0.09361561514187591,0.09635994752892711,-0.2267,0.08876582301889852,-0.18957345972198658,-0.48071,-0.13506282193496597,0.16047889910854055,-0.4909,-0.14361876005909138,-0.17176804533659792,-0.83603,0.02793865906310531,0.13252028123549042,-0.8324,0.03505363818873189
172,0.001322924172819536,0.4415,-0.049584015989358604,-0.15065548351127558,0.2521,-0.03292109524277356,-0.2506951736695127,0.46116,-0.20395578662742778,0.1680605428140766,0.25376,-0.041075435153360415,0.28337608329202524,0.44601,-0.21612110567473775,-0.22656752255532553,0.68949,-0.3236743025375077,0.2597641726750154,0.68008,-0.338916478050957,-0.07746780003492845,-0.24488,0.1029674492242492,0.0965147998238102,-0.24479,0.09867954491164745,-0.1933365064716634,-0.48272,-0.14327412385121205,0.1620680932594681,-0.49386,-0.15349475934780427,-0.17159266781244598,-0.83685,0.027320818692117513,0.13191599984779284,-0.83373,0.034851499611309664
173,0.0025438846831930453,0.42426,-0.05376251433590709,-0.1495116763828778,0.23392,-0.035072398395057394,-0.24892829376839284,0.4416,-0.2085625897939434,0.1690850625635318,0.23616,-0.041887680980050974,0.28440837711268224,0.42748,-0.22034452484264347,-0.22538888341768853,0.6699,-0.3305230184597248,0.26091674054361536,0.66163,-0.3457402883727838,-0.07760098081861369,-0.26248,0.111725632305166,0.09654260773049311,-0.26239,0.10822980604526708,-0.19684236157929724,-0.48425,-0.15140892439973677,0.16364275261589142,-0.49622,-0.16299248791368928,-0.1713189332925736,-0.83765,0.026742499219308376,0.1312481151422952,-0.83476,0.03463417492296913
174,0.0036547275861229488,0.40696,-0.05797236730780649,-0.1483186306506523,0.21493,-0.03763550800660711,-0.24704026265932708,0.42254,-0.21374923982370253,0.16995208698348896,0.2161,-0.04278689933795855,0.2855604881759294,0.40792,-0.22388842666097075,-0.22403117027557176,0.65159,-0.33791102326641814,0.2622407935492975,0.64379,-0.3526857245461385,-0.07763582562431097,-0.27962,0.12025831364455256,0.09656691025511245,-0.27963,0.11716127503907191,-0.2000082206903509,-0.48594,-0.15922796756939367,0.16515423164567683,-0.49839,-0.17221506516424778,-0.1710631824883718,-0.83825,0.026350127550924786,0.1305279142505458,-0.83571,0.03446567662765608
175,0.004596211785983358,0.39034,-0.061939118182440946,-0.1472220576104028,0.19707,-0.04045780291809278,-0.24513253539520108,0.40343,-0.21893936281701493,0.17073134694656333,0.19805,-0.04366556532111103,0.2869182431986623,0.38882,-0.22741781772718084,-0.22246022430657164,0.63477,-0.34570218035394257,0.2635694611447929,0.624,-0.3594898146705181,-0.07737325189629826,-0.2962,0.12910715193199784,0.09669913182600165,-0.29614,0.12652050270251675,-0.20314051583451792,-0.48801,-0.16679907231902086,0.16685964986370627,-0.50063,-0.1805681094417321,-0.17081358328137222,-0.83866,0.02603804385082948,0.12979774150168555,-0.83663,0.03435580053006507
176,0.0053693942176882455,0.3729,-0.06618082089801436,-0.14608934349063452,0.17954,-0.04365100863067656,-0.2433069455029344,0.38468,-0.2249984239278846,0.17140408844956692,0.18088,-0.04463003816683376,0.2881689071643717,0.37062,-0.23149696465330105,-0.22062440165858305,0.61567,-0.35452500616006233,0.264354177181225,0.60569,-0.36626907132166847,-0.07730516211117631,-0.31213,0.13226327689485373,0.09655907801763533,-0.31146,0.13097245799550455,-0.2061569653856171,-0.49006,-0.17428906111111356,0.1684688705589541,-0.50263,-0.1886604891136201,-0.1705394756389346,-0.83902,0.02569219128056682,0.12910319067163398,-0.83757,0.03427518325849947
177,0.005852149723325088,0.35449,-0.07102727910187595,-0.14609409791443467,0.16349,-0.04736358541714904,-0.24287323920925943,0.36515,-0.23204072460669878,0.17187934388978923,0.16224,-0.04636898390104719,0.28917465507240975,0.35031,-0.23644681022114225,-0.2187143128106187,0.59485,-0.36419357692273874,0.26466927998573053,0.58621,-0.3743871197461726,-0.0776487826157723,-0.32536,0.1346796562005136,0.09630730599824747,-0.32536,0.13357572725746222,-0.20727276621994745,-0.49169,-0.1777376968555939,0.16995462654719165,-0.50379,-0.19203982767958477,-0.17016016481086363,-0.83952,0.025309510871206573,0.12836113593570844,-0.83877,0.034213096473347346
178,0.0060097257883806425,0.33677,-0.0756793168041868,-0.14610713758216595,0.1475,-0.05106556245206774,-0.24254848066631965,0.34522,-0.23877949540624288,0.1724117776652379,0.14375,-0.04812918141120378,0.28981426358766954,0.33133,-0.24116962727743474,-0.2171762157410534,0.57297,-0.373207608063388,0.2646477395452744,0.56597,-0.3819380955777737,-0.07787492559119488,-0.33892,0.1371057838465098,0.09609140105259113,-0.33932,0.13611174658988873,-0.2084418752609987,-0.4922,-0.18108554452986647,0.17159331314371104,-0.50379,-0.19541566923960912,-0.1697136539218585,-0.84015,0.02490482701187952,0.12760801758500917,-0.84014,0.0341458525157008
179,0.005997196284820441,0.31933,-0.08013279948760892,-0.1461200018178966,0.13106,-0.05436343062885089,-0.242285784866145,0.32634,-0.2449488382332035,0.17279981363549746,0.12576,-0.05001724711074518,0.29019658429133843,0.31203,-0.24527843864808027,-0.21592661507028502,0.54823,-0.3821301524406167,0.26463019479672745,0.54615,-0.3890632967806731,-0.07820077147146265,-0.35277,0.13917378395828747,0.09596526624290408,-0.35293,0.13836792610619172,-0.20963941095076746,-0.49372,-0.18413390610155217,0.17328982636721643,-0.50412,-0.1980604457674979,-0.16927495720084834,-0.84079,0.024455826803666914,0.12695980499218476,-0.84143,0.03409768162714902
180,0.0059852964595260415,0.3024,-0.08411625067899535,-0.15130079504169994,0.11774,-0.06128596416594506,-0.24231089443970247,0.30846,-0.2518290031664966,0.17287159354092024,0.11187,-0.05214402205069004,0.2903860112634752,0.2943,-0.24944462604451684,-0.21510526461983398,0.52995,-0.38991098680702907,0.2646039435969101,0.52758,-0.39606511160788094,-0.07898536109180196,-0.36495,0.14088603952556,0.09532459133062432,-0.36542,0.14034927934495942,-0.21073392340258285,-0.49618,-0.18654040615200324,0.1751020890142418,-0.50604,-0.19993359928448382,-0.16890914106203855,-0.84144,0.024054201913270085,0.12642617258658773,-0.84267,0.03406586251816231
181,0.005975708117199824,0.28562,-0.08764316747184593,-0.15086890534494332,0.10468,-0.06401948941547826,-0.2423070786785735,0.29057,-0.2584299489653929,0.17286615165970112,0.096463,-0.05424804186664445,0.2903830191476616,0.27526,-0.2529168574664188,-0.21453936932964923,0.51029,-0.39775847446363277,0.26458225890213194,0.5081,-0.4025803268594296,-0.07983137051461558,-0.37692,0.14271066772234708,0.09408012472007692,-0.3781,0.14235586322190869,-0.21186730543616283,-0.4987,-0.18853388180170605,0.17698959119079383,-0.50774,-0.20132246052071706,-0.1686116167418258,-0.84213,0.02361080110262362,0.12607107098237344,-0.84366,0.034067550915164994
182,0.005905857807914212,0.26972,-0.09063651374888985,-0.15031848963764696,0.092769,-0.06636875878044292,-0.24231958227849937,0.27304,-0.2643172185923073,0.17286344006455068,0.080442,-0.055991051231866484,0.29036894115851014,0.25569,-0.2558184952470905,-0.2143286477708397,0.49074,-0.4050863934332074,0.26417347682132064,0.48911,-0.4081235567130806,-0.08080890195126109,-0.38807,0.14471080079051277,0.09289049789474624,-0.39018,0.14449493709077194,-0.2128663594750354,-0.50086,-0.19005348406131628,0.17878548639199032,-0.50905,-0.20213668433903687,-0.16839056974694744,-0.84271,0.02325196517067803,0.12576647517165032,-0.84467,0.034125321081253795
183,0.00571541810727361,0.2544,-0.09334052423711282,-0.14987759249421573,0.081913,-0.06847532321309487,-0.2423426009386332,0.25508,-0.2695730696310341,0.17272866146864832,0.067563,-0.057388883385626935,0.2903647352892758,0.23835,-0.25889449627288097,-0.21432880365923296,0.47057,-0.4122857406241477,0.26333544714825424,0.47049,-0.4136824870298826,-0.08196657689148526,-0.39837,0.14661069255921352,0.09152692181891994,-0.40124,0.14656314024458306,-0.21376469757086114,-0.50263,-0.1910018978241794,0.18029626198839527,-0.50957,-0.20214921818550755,-0.168165926008935,-0.84346,0.02285593967784734,0.12550405004189036,-0.8456,0.0341919022442841
184,0.005134742168801231,0.2392,-0.09582747326242058,-0.1494921612466212,0.065763,-0.07037816102893144,-0.24265820785902123,0.23692,-0.27447270148167385,0.17253253698125554,0.054225,-0.058789099149516535,0.290132263112685,0.22093,-0.26176777953199604,-0.2143452789086811,0.44971,-0.4187714116431059,0.2623352096025057,0.45339,-0.41918235292389083,-0.08338382289581991,-0.41014,0.14888129022573166,0.0901782506355086,-0.41256,0.1489231889811637,-0.21464864512650458,-0.50421,-0.19129282172981787,0.18155562620121712,-0.50995,-0.20214788422015184,-0.16795351155434313,-0.84433,0.022505733881949503,0.12522760927833626,-0.84659,0.034236584503018794
185,0.004296688298498944,0.22478,-0.09788520835481498,-0.14915475306561068,0.051123,-0.07186229873123107,-0.2432519644147072,0.21928,-0.278703877813686,0.17232244672866556,0.041574,-0.06015334329400339,0.2895063905632453,0.20417,-0.26416552504640284,-0.21436537137600453,0.43102,-0.42424101823707194,0.2609091974280554,0.43627,-0.4246782231259898,-0.08470953405196005,-0.42088,0.15109513076436254,0.08871420012648806,-0.42298,0.15118173101243887,-0.2154903463063781,-0.50541,-0.19128656682777603,0.18268175596081737,-0.51031,-0.20215352022428984,-0.1678016985299341,-0.84531,0.02221495423063295,0.12497451128157344,-0.84745,0.03429847476101341
186,0.0033303011347602697,0.21177,-0.09895464411715002,-0.14893092948371262,0.039289,-0.07260850178951098,-0.2441691393438194,0.20511,-0.28165951482614343,0.1718714414617822,0.031026,-0.0607531393003618,0.28907212586475595,0.19067,-0.2655917838488808,-0.2144203858179572,0.41555,-0.4285265722749038,0.25926693006436335,0.42153,-0.4288666784386501,-0.08604975596021738,-0.43064,0.15351461526247928,0.08714991250606427,-0.43294,0.15400627792134106,-0.2163221994087215,-0.50624,-0.19128204840751087,0.18346665192802972,-0.51044,-0.20190605644784204,-0.16774310696689934,-0.84629,0.02202895415337181,0.12482453269231193,-0.84802,0.03431171948687429
187,0.0021244007837588827,0.19984,-0.0997584533877203,-0.1489315279068753,0.02588,-0.07330294807389136,-0.2453580407094788,0.19062,-0.28431338248349425,0.17139176020319685,0.018619,-0.06134280182262514,0.2878627651918106,0.17665,-0.2669219893828992,-0.21481021085354707,0.40038,-0.432925712695671,0.25739639639331485,0.40825,-0.432852415984635,-0.08708994499514494,-0.44096,0.156195978119613,0.08557948709345464,-0.44322,0.15722792346724299,-0.2173069831193467,-0.50686,-0.19128102699318603,0.18408234601067935,-0.51059,-0.20129366703203683,-0.16774008103689514,-0.84708,0.0219309396455293,0.12474765820202528,-0.84841,0.03433644422637078
188,0.000855741313458766,0.18836,-0.10039989796710172,-0.14907104130452575,0.014065,-0.07397899245991645,-0.24666856792666608,0.17794,-0.2871387352779275,0.1708141449400532,0.008334,-0.06168164781682231,0.2864396489636259,0.16349,-0.2682551211097279,-0.21555863449929152,0.38786,-0.4371702341111536,0.2555825717653796,0.39567,-0.43640136515574124,-0.08827262170530731,-0.44921,0.1587603056726451,0.08401986633567957,-0.45182,0.16023442427248435,-0.21833115914009238,-0.50752,-0.1912730596517545,0.1844703445991024,-0.51073,-0.20041773490259887,-0.16772837269800758,-0.84794,0.021882165525337397,0.12460050785220335,-0.84891,0.03442331639997823
189,-0.000417062911549939,0.17734,-0.10039683124246407,-0.1493232986704331,0.002732,-0.07454579950057975,-0.24782048044665952,0.16526,-0.28917971483350424,0.17026999390660233,-0.001489,-0.061888296438386475,0.28502868810787785,0.15068,-0.2695193162938458,-0.21625898342603217,0.37528,-0.44137246106609224,0.25402417825532364,0.38242,-0.43971103427331404,-0.08969512523974595,-0.45736,0.161346612633257,0.08289506433727718,-0.4599,0.16318456333096792,-0.21944637132306372,-0.50782,-0.19062962994545216,0.18447997629514964,-0.51073,-0.19886583051429682,-0.16771817732412214,-0.8487,0.021882398659066757,0.12445462290822197,-0.84939,0.034574952751555116
190,-0.0017059208679494932,0.16741,-0.10075547196550812,-0.14961941333048334,-0.008023,-0.07507339509201634,-0.2490112625484175,0.15364,-0.2908076699883328,0.16963755747173573,-0.009815,-0.0620773471084546,0.2836263856186262,0.13971,-0.27056164432697094,-0.2166813029294098,0.36397,-0.44538000972294806,0.25265054283865945,0.36971,-0.4427791160424469,-0.09070691166834291,-0.4652,0.16390111615114597,0.08234562320036326,-0.46736,0.16602309647980848,-0.22063344624155634,-0.50791,-0.18976028931147387,0.18448090153992652,-0.51044,-0.19719053975030323,-0.16773839442371538,-0.84955,0.021882917199361054,0.12431203727961626,-0.8498,0.034745300450439234
191,-0.0030061398668812783,0.15775,-0.10106336895285427,-0.14984634210483827,-0.017557,-0.07532379343739778,-0.2502229064738825,0.14291,-0.2923811753101807,0.16884564166643282,-0.0174,-0.06224944695537915,0.2821331431366969,0.1302,-0.27165901704859363,-0.2169449356084327,0.35273,-0.44912106543097374,0.25153640635894475,0.35841,-0.4457000234193709,-0.09166132207114883,-0.47282,0.1662627259375027,0.0816811404172407,-0.47459,0.16883114324418644,-0.22182637354566984,-0.50798,-0.1884634375670171,0.1844829684109632,-0.51024,-0.1953935990923949,-0.1677487634457785,-0.85041,0.02188169925787869,0.12418016796942902,-0.85021,0.034918835706311754
192,-0.004270974889211108,0.14864,-0.1012972863876211,-0.14453523263264306,-0.029543,-0.07198127759235556,-0.25132741125755,0.13377,-0.29375017829880257,0.16749732150187152,-0.024451,-0.06240974896359293,0.28045973310880196,0.12053,-0.2726840043063391,-0.2170846832257952,0.34258,-0.4522747094507453,0.2507436873046228,0.34674,-0.44800742379661695,-0.09279016784623445,-0.48147,0.16913234389396853,0.08041834093342001,-0.48258,0.17228286549020544,-0.22301530515787404,-0.50803,-0.18674081119385852,0.18446985754720482,-0.50994,-0.1927613323685898,-0.16776806243588652,-0.85117,0.02194501236063642,0.12401173458856085,-0.85062,0.03517294433703751
193,-0.005389744727081577,0.14137,-0.10131325666849769,-0.14453123872455673,-0.033914,-0.07195862701403628,-0.25227263436134584,0.12625,-0.29496449015497894,0.1659812367229428,-0.03057,-0.06254250039710935,0.27887202958586765,0.11239,-0.2735108643448354,-0.21709642987765304,0.33474,-0.4552783009702716,0.2500297288281549,0.33739,-0.45015608926473416,-0.09368025629614263,-0.48733,0.1713404522589135,0.0792343699665527,-0.4888,0.17498958098127856,-0.2240686950219501,-0.50804,-0.18494054182671874,0.18421753875707406,-0.50957,-0.19039151481693167,-0.1677806630580494,-0.85179,0.02216148920540534,0.12387661583159482,-0.85098,0.035385638769301155
194,-0.0062735595066052505,0.13556,-0.10130973026870166,-0.14453049426324915,-0.038129,-0.07189681725932587,-0.25305859982765694,0.12004,-0.2958514841153678,0.1645018656204857,-0.036531,-0.06258221363438392,0.27737060338102393,0.1061,-0.27407877221712507,-0.2171001130185315,0.3282,-0.45794822352242054,0.24928677288983944,0.32916,-0.45206609357722194,-0.09451587087068321,-0.49235,0.17339679568422345,0.0780712325929438,-0.49429,0.17742861202866483,-0.22501316117767795,-0.50805,-0.18327117557550704,0.18389109802128936,-0.50923,-0.1882117128887693,-0.16780345905409774,-0.85227,0.02237773291644491,0.12372852332990067,-0.85135,0.035582343143787255
195,-0.007032898557013256,0.13227,-0.1012164553710846,-0.14452731872745428,-0.041263,-0.07182122019607329,-0.253656310194636,0.11509,-0.2966498213355986,0.16328216710315574,-0.040515,-0.062473767671696545,0.2758054500787993,0.10152,-0.27460498048438764,-0.21710907773190086,0.32273,-0.46012981001713354,0.24851710274219613,0.32239,-0.4534941369462506,-0.09549913448101466,-0.49498,0.17496130604615717,0.0769781890545693,-0.49697,0.1790327880860905,-0.22588112596568438,-0.50798,-0.18185900096633825,0.18367653122905037,-0.50902,-0.18654919639511633,-0.16781918534345863,-0.85262,0.02257648322165961,0.12351558793077579,-0.85159,0.03592959451642605
196,-0.007601028084830116,0.13027,-0.10103504467784248,-0.1447328389073593,-0.041967,-0.07189261666413586,-0.25403448474791596,0.11325,-0.29735486318347115,0.16219629789456433,-0.04204,-0.06247015355590019,0.27437353122979635,0.099659,-0.27512421878215654,-0.21711116864532454,0.31922,-0.46175412391169984,0.24755508563376352,0.31777,-0.4547461046307708,-0.09646845815235877,-0.49563,0.1762593475016477,0.07579777884468003,-0.49816,0.1802969699307589,-0.226496465616687,-0.50802,-0.18085692456510732,0.18345561336522154,-0.50881,-0.1850378740279685,-0.16782575814800005,-0.85298,0.022769557814085593,0.12331041683104904,-0.85179,0.03626329171425202
197,-0.00815736396199782,0.13027,-0.10068309099939025,-0.14494589986988785,-0.041967,-0.07189160362593425,-0.25433680087376537,0.11307,-0.2978600413303178,0.16111008138961755,-0.04204,-0.062468509055609855,0.27268211344384385,0.099659,-0.2757906314721344,-0.2169349006217202,0.31819,-0.4629427910576472,0.24642508039418892,0.31709,-0.4560293770720451,-0.09755308064602787,-0.49563,0.17770972470990315,0.07449320654268865,-0.49816,0.18171505036179125,-0.22689921538109717,-0.50809,-0.17980094510163863,0.18324451953653587,-0.50864,-0.18335566137925524,-0.16783749052927463,-0.85331,0.02299095869761958,0.12317452957038845,-0.85182,0.03658680315514734
198,-0.008890551240084598,0.13027,-0.10036087924409307,-0.14523032844961462,-0.041967,-0.07189222252383812,-0.25459168522090175,0.11307,-0.2978658696735517,0.16007181582409383,-0.04204,-0.06236768437883024,0.270950684449867,0.099659,-0.27616566965527883,-0.21664799645037794,0.31819,-0.46407988647865034,0.24485476573140832,0.31709,-0.45693038309858225,-0.09869505512310109,-0.49563,0.1791803688863488,0.07315572159022474,-0.49816,0.1831998597778217,-0.22712469974996513,-0.50827,-0.17877622231015006,0.18300328661974294,-0.50859,-0.18155643746882733,-0.16786428043340929,-0.85364,0.02318455183033986,0.12306037237432323,-0.85182,0.03686078880182711
199,-0.009637683265636108,0.13027,-0.09973767322968426,-0.14562603790119305,-0.041881,-0.07189048185399985,-0.2547643119842438,0.11307,-0.29786589371593863,0.15910469435899374,-0.04204,-0.06232408309739651,0.2691677558581069,0.099659,-0.2769479519807116,-0.2160964319815301,0.31819,-0.4646950097481701,0.242721944980764,0.31709,-0.4576814327944219,-0.10008030534561685,-0.49563,0.18048066955197195,0.07205879109367377,-0.49816,0.18484533827532215,-0.2271561247186541,-0.50839,-0.17774510036229765,0.18276086399191624,-0.50846,-0.17953360992563003,-0.16788868913165356,-0.85374,0.023334061747903957,0.12293289413717455,-0.85182,0.037116814775223286
200,-0.010453671330614277,0.13224,-0.09884846938476838,-0.1463322712439223,-0.040668,-0.07169182771833309,-0.2547643119842438,0.11307,-0.29786589371593863,0.15745205176908078,-0.040203,-0.06230988908437174,0.26734012934134843,0.1005,-0.27706232555825966,-0.21546498935095557,0.31819,-0.46485712145130414,0.23941953434132868,0.31709,-0.45832779489769254,-0.10137804045423437,-0.49483,0.18147106522434814,0.071245999582223,-0.49717,0.18607516182319947,-0.22715279600942268,-0.50844,-0.1766896436271849,0.18244893400824885,-0.50828,-0.17755945195695344,-0.1679104931072328,-0.85374,0.023498343781763232,0.12282615394415212,-0.85175,0.03737527663158421
201,-0.011298734956485403,0.13726,-0.09799170951862762,-0.14697006316226377,-0.037925,-0.0712777860913216,-0.254925925001409,0.11502,-0.29791863110952965,0.15596888623292487,-0.035851,-0.06214077080517213,0.2655143354759145,0.10347,-0.277857358111646,-0.21498823785282647,0.31928,-0.4648599514745667,0.23610901210613988,0.3185,-0.4589625724416564,-0.10219019740151751,-0.49195,0.18147211068105998,0.07099995446247673,-0.49375,0.18624039740970869,-0.2271528921789706,-0.50828,-0.17599913657381655,0.1821886478766865,-0.50807,-0.17621381042604103,-0.16794566799249236,-0.85374,0.02358679561864057,0.12279715648230466,-0.85175,0.037613937787213704
202,-0.011968919201182171,0.14449,-0.09708759775664229,-0.14759813078265588,-0.033453,-0.07080859523014144,-0.25493348982641956,0.11958,-0.29767359483992334,0.15463346590210783,-0.029527,-0.06217032651596464,0.263503092492024,0.10884,-0.27809166914371924,-0.2144703575628002,0.32298,-0.4648598793474057,0.23257595573728057,0.32307,-0.4589590095127129,-0.1024844740587744,-0.4871,0.18147322826493278,0.07052517257985366,-0.48807,0.18624288013661586,-0.22714894457183535,-0.50809,-0.17522810841843062,0.18173080533900487,-0.50787,-0.1747216374432105,-0.1679931220297694,-0.85374,0.023663196628752402,0.12279098084271543,-0.85171,0.03786685251884408
203,-0.012713716321794296,0.15451,-0.09576009738032298,-0.14827481810897183,-0.026141,-0.07021202648942217,-0.2549556134883213,0.12958,-0.2968776610841471,0.1533477329924905,-0.020282,-0.06209085397273774,0.2611291830789087,0.11684,-0.2780792555091835,-0.21401330221973136,0.33241,-0.4648592364071149,0.2287306630378808,0.33126,-0.45894100795881315,-0.1025962758751591,-0.47969,0.18147263340941588,0.07013091179924824,-0.48002,0.18624131908683977,-0.2269585023895316,-0.50785,-0.17420564483707457,0.18121270866749573,-0.50767,-0.17316806870029275,-0.16810070642129318,-0.85373,0.023744107683006176,0.12279326409523501,-0.85153,0.03811015230667368
204,-0.013463034887326076,0.16755,-0.09482680070329612,-0.14944306511329253,-0.01423,-0.06935108285776229,-0.2550536677048146,0.14228,-0.2957637107393705,0.1519065885315071,-0.007896,-0.0620865362676917,0.25867301608199905,0.13155,-0.2780726461754947,-0.21331644409477324,0.34533,-0.46470794611106175,0.22482280890974696,0.34318,-0.45893228366931366,-0.10259741750141889,-0.46878,0.1813509835155011,0.0696246160685288,-0.46857,0.1862493585554322,-0.22657226432527222,-0.50779,-0.17316693402182465,0.18063899649435922,-0.5073,-0.17158438491165473,-0.16823974517536167,-0.85339,0.023819395297306825,0.12279869705733959,-0.85119,0.03819855187071543
205,-0.014453553873716132,0.187,-0.09315946836161951,-0.15081626148438837,0.0048,-0.06850071074720757,-0.2551384249226113,0.16213,-0.2944591739579682,0.1499173249551964,0.01196,-0.06208102047548866,0.2561056180818346,0.15077,-0.27800580675036535,-0.21249341765563512,0.36556,-0.46372594433892506,0.22099254969082033,0.36165,-0.45871384760125816,-0.10277798756380549,-0.45339,0.1801541566890263,0.06961889956110662,-0.45291,0.18486938633776157,-0.22559404806771968,-0.50689,-0.1717655086925759,0.1800021520793587,-0.50646,-0.1700708033343743,-0.16837791568854182,-0.85276,0.02389960695037254,0.12284798731358709,-0.85079,0.03824773998553045
206,-0.01552755381427605,0.2101,-0.09103265921934149,-0.15240740500937439,0.025581,-0.06750427345219351,-0.2550696807189964,0.18561,-0.29309031522366824,0.14780130177683468,0.033367,-0.06198816624221948,0.25386777314520337,0.17188,-0.27750967164820683,-0.21214260025197396,0.38909,-0.46208188620452456,0.2169552644622782,0.38555,-0.45690530454581385,-0.10278007847722917,-0.43664,0.17852984279446002,0.06961405912770466,-0.43572,0.1830221634031366,-0.2244657793099218,-0.50533,-0.1704920843288318,0.17931663808983747,-0.50531,-0.16848771440125312,-0.16850993460451974,-0.85284,0.02389953063514996,0.12300004968098058,-0.85089,0.03824631295270571
207,-0.016452734241920928,0.23569,-0.08849951923578298,-0.1541903505082298,0.048915,-0.06650143281275406,-0.25498880518533174,0.2116,-0.29147989318331535,0.1459322009556466,0.059912,-0.06170428753531453,0.2517022175029013,0.19648,-0.27614286194671434,-0.2118979246181725,0.41589,-0.45948491992938273,0.21299776122591502,0.41314,-0.45395324287061556,-0.10307401854106822,-0.41823,0.1761141856915437,0.0695729574802734,-0.41627,0.1807447008557874,-0.2232013979908658,-0.50322,-0.1690801920241491,0.17832347831720194,-0.50329,-0.1665762140308586,-0.1686823877196842,-0.8529,0.023900491400515984,0.12322347966557229,-0.85089,0.038246517855986456
208,-0.01750648706861608,0.26369,-0.08575686997271051,-0.1558853819444117,0.076065,-0.0653455329769746,-0.2548929442559679,0.23984,-0.2893237831021225,0.14398553105146122,0.087094,-0.06139962331992514,0.25134221280023006,0.22327,-0.2742109984385817,-0.21188446552692491,0.44403,-0.45629885356898425,0.2096137537812054,0.44229,-0.45103122411397656,-0.10304354285954312,-0.39424,0.1735803997430398,0.06964442917757585,-0.39161,0.1779193667522724,-0.2208209273288356,-0.49924,-0.166291185135091,0.17642878978967333,-0.49985,-0.16350047747132498,-0.16886520985691172,-0.85211,0.023900234224399637,0.12356682306230211,-0.85024,0.0382357330554773
209,-0.018486481455267798,0.29308,-0.08312572269402557,-0.15728755173496803,0.10135,-0.06442912647413247,-0.2546952257572975,0.26908,-0.2864748346302677,0.14281127848808314,0.11194,-0.061091028249646934,0.24966775111146544,0.25313,-0.27184427537644296,-0.21187467173832658,0.47691,-0.4517514692569094,0.20739329150057,0.47425,-0.44640536773269157,-0.10285604470827901,-0.37115,0.17078537837580973,0.06988290001020564,-0.36806,0.17473964967964078,-0.21829337844414443,-0.49425,-0.16307117012961408,0.17438752172545272,-0.49575,-0.16027704379122656,-0.1698952988348127,-0.85115,0.021859097850316093,0.12521930355966399,-0.84971,0.03522605911867972
210,-0.019433442436520707,0.32294,-0.08018054071323313,-0.1590256701777754,0.13063,-0.06294170814737543,-0.2543464333440569,0.30308,-0.28276910341329237,0.14198113960895234,0.14245,-0.060500910938127025,0.24780900597289102,0.28413,-0.26896780766241835,-0.21186031144468914,0.51272,-0.4467174853691752,0.2054129383486969,0.50823,-0.43966914465192397,-0.10247717292577642,-0.34579,0.16648424408676188,0.06992092376449481,-0.34265,0.17041738196533737,-0.21523814927667084,-0.48849,-0.15950756595206872,0.17193891334939582,-0.49053,-0.15631160345997658,-0.1709367746814558,-0.8501,0.019638207924890017,0.12689162803405388,-0.84892,0.031983399739041365
211,-0.020400254684942148,0.35613,-0.07528630103006453,-0.1607622756555807,0.16503,-0.06150329707453964,-0.2545075779217979,0.34316,-0.27786664153939017,0.14137788141940252,0.17813,-0.0593151417545415,0.24627098723464447,0.32488,-0.2646755240789627,-0.2121074991208087,0.55631,-0.4395963760277331,0.2041697608766793,0.55164,-0.43111328643821634,-0.1017627754821849,-0.31628,0.16132176054755423,0.07045496442510374,-0.3131,0.1646063643631599,-0.21140980104038765,-0.47991,-0.15432359548709237,0.16922009863708548,-0.48286,-0.15048090482601126,-0.17208913423499833,-0.84831,0.017479517706410486,0.1285922090766295,-0.8481,0.02924651754982817
212,-0.0209582990457112,0.38744,-0.06973810812683795,-0.1625903420705967,0.19703,-0.06012288511346038,-0.25406801381258853,0.37988,-0.2728974782905227,0.14137495879423795,0.21176,-0.0582951380985372,0.2448474801241101,0.3668,-0.2590427603251507,-0.2125714406721389,0.59821,-0.4317465570338359,0.2040549002472336,0.59594,-0.42162925738744883,-0.10055540334895732,-0.28801,0.15613327786647058,0.07086561871002117,-0.28443,0.1587866403097121,-0.20757277039522104,-0.47063,-0.1490903846344654,0.16647114483666792,-0.47437,-0.1445331949303313,-0.17338608928429472,-0.84628,0.015364601254135217,0.13034971911144705,-0.84697,0.026199030966179992
213,-0.021517659921749276,0.41771,-0.0634717764718457,-0.16396048490165543,0.22782,-0.0587369061733252,-0.2536024024767291,0.41764,-0.26778059387870345,0.14140249851114892,0.24445,-0.05721754932539948,0.24379006432157999,0.40564,-0.2532917715562033,-0.2130152835519879,0.64014,-0.42263099871314,0.204075983882337,0.64084,-0.41079837305234806,-0.09918627394424265,-0.2581,0.14996177199892527,0.07114914810345424,-0.25454,0.15234961303906464,-0.20357260663259552,-0.46036,-0.14224094744063864,0.16362002091591288,-0.46473,-0.13703417550186608,-0.17471216914266519,-0.84338,0.01273898357266973,0.13219859213010438,-0.84494,0.023496926497274157
214,-0.021671221138410413,0.44263,-0.05686778132097395,-0.16518694856262273,0.25977,-0.057054371511475174,-0.2530391216025682,0.45457,-0.2610156315981874,0.14140699467285003,0.27108,-0.055809945409331485,0.24289476022218398,0.4432,-0.24690934015668126,-0.21349226383991549,0.67844,-0.412666793285464,0.20281379507616626,0.68209,-0.3988374834776727,-0.09780615483573807,-0.22956,0.14391017954351815,0.07091663823430891,-0.22502,0.1460035774135146,-0.19945850205538765,-0.45051,-0.13411185502341288,0.16033052887958482,-0.45534,-0.12770218733519256,-0.1757854412967396,-0.84121,0.011719872742932104,0.13411737323720055,-0.84358,0.021709579842858488
215,-0.0216519206741772,0.46474,-0.049870833451218136,-0.1662093809663001,0.2899,-0.05542405989098341,-0.252797402408122,0.49128,-0.2538284157372969,0.14210865887402813,0.29606,-0.05148508375272498,0.2415426109570442,0.47804,-0.23787732530036143,-0.21415191130781125,0.71842,-0.40131986131166164,0.20285088552129368,0.71897,-0.3864761273911068,-0.09751225044835733,-0.20205,0.1382633556387839,0.07017620488640025,-0.19736,0.1401228102478036,-0.19511917757556868,-0.44049,-0.12510859100091284,0.15706435735148394,-0.44584,-0.11777724035553452,-0.17633663621066797,-0.83864,0.011761214814233242,0.13567704014107781,-0.84196,0.02128326992161591
216,-0.021632051801052786,0.48445,-0.04279579795817071,-0.16693232548356765,0.31731,-0.05336219757139153,-0.2514118582470488,0.52537,-0.2447612625248649,0.14299649261258343,0.31599,-0.04748650709937907,0.24022923510412106,0.5094,-0.22856782779142154,-0.21514874879141166,0.75676,-0.38963930845525585,0.20189208234007106,0.75273,-0.3733705294856437,-0.09752715751273773,-0.17624,0.13299592004075028,0.06951675890796793,-0.17213,0.13421760855763842,-0.19085295362707877,-0.43149,-0.11531055889128329,0.1537785911893395,-0.43701,-0.1073299553145439,-0.17659529094911616,-0.83696,0.011791591224131464,0.13702764177433577,-0.84049,0.021283747667276764
217,-0.021612872091745863,0.5013,-0.036179613775520494,-0.16773906637584154,0.34159,-0.051487629585765735,-0.2516583130174874,0.55652,-0.23458384831269252,0.14427832157950454,0.33754,-0.04407527000712619,0.2402603591558505,0.54003,-0.2191196940448341,-0.21619159412297922,0.79426,-0.3762041094014857,0.20218274100520836,0.78475,-0.3557127403391967,-0.09666263544173981,-0.15589,0.12718755524601177,0.06999717353678087,-0.15225,0.12787787056743546,-0.18655556917615676,-0.43039,-0.10464475433274326,0.15110053129367204,-0.43516,-0.09631558201438661,-0.17657393222326312,-0.83446,0.011912722577751965,0.1374161078710491,-0.8387,0.021298515595510333
218,-0.02153201424044118,0.51803,-0.02903511358251313,-0.16853060013946464,0.36623,-0.049411642278231145,-0.2520282022483914,0.58797,-0.22406988702510633,0.14568266868122878,0.35872,-0.04066025050236803,0.24029084026728906,0.56771,-0.20921450495517788,-0.2169610967481579,0.82861,-0.36219769780858135,0.20387227728081797,0.81498,-0.337377572841369,-0.09591141124503338,-0.13344,0.11964247988480546,0.0708731024082707,-0.13116,0.12002648695611634,-0.18137616599046386,-0.43028,-0.09231685983935818,0.1478007619844939,-0.43399,-0.08306832752501389,-0.17656207427858486,-0.83168,0.012037560028655157,0.13741749705647044,-0.83653,0.021306394057534428
219,-0.021313751975412194,0.53267,-0.021877270710274004,-0.1689505891582378,0.38556,-0.04810790525562654,-0.2521761762435288,0.61413,-0.21390983763070068,0.14709247100362166,0.37559,-0.03773258224729274,0.24184365749205244,0.59513,-0.19914111135289675,-0.21756703969706964,0.86033,-0.3454784743474674,0.20616273862486095,0.84307,-0.32052934483865475,-0.09561369644799243,-0.11412,0.10618533803002729,0.0717572243089117,-0.11297,0.10533983759471309,-0.1756947753169916,-0.43025,-0.07817863151982031,0.14434144474536434,-0.43387,-0.06847999382170626,-0.17655497517804167,-0.82906,0.013056812010635806,0.1374206761599112,-0.83391,0.02218823922155207
220,-0.020793935961494987,0.55737,-0.016643015719191204,-0.16933800444677055,0.41288,-0.046101144085429376,-0.25214738352909283,0.64065,-0.20435975014525867,0.14858279264420932,0.39748,-0.03521208181928322,0.24344930827995465,0.61944,-0.18991983782114913,-0.2175228893170584,0.88641,-0.329736992500324,0.20911996709052877,0.86652,-0.30375806880485684,-0.09450569210031744,-0.093284,0.09116169215542237,0.07171188002980507,-0.092694,0.08943609800629074,-0.1698427107434368,-0.43025,-0.06249658636534684,0.13976357149075963,-0.43369,-0.05211544013195429,-0.17655310956521547,-0.82727,0.01421914652336817,0.1374296355218118,-0.83046,0.023160453565117492
221,-0.01995613275243316,0.58225,-0.012369575561322404,-0.16952294952778946,0.43977,-0.04375234517598505,-0.2525883483009054,0.66676,-0.19511269385311789,0.15014081303170007,0.41878,-0.03213487960425685,0.2454432461649238,0.64123,-0.18189415332006859,-0.21746801369951413,0.91095,-0.31197670284427953,0.21243403364218758,0.88591,-0.2869786330905315,-0.09317428181043776,-0.073582,0.07631087794744028,0.07166858827372737,-0.0737,0.07376859090324926,-0.16411373690163794,-0.43019,-0.047282272620718574,0.1353560177045905,-0.43345,-0.035821535424302844,-0.17564930197813777,-0.82596,0.017905201439608668,0.13636472166996336,-0.82757,0.02742922616249736
222,-0.018972970352400354,0.60633,-0.008216200825621117,-0.16946650495093316,0.46463,-0.04141666240434341,-0.25327508845216296,0.69051,-0.18472563998955047,0.15183879028274452,0.43867,-0.029070170441067703,0.24770467437066096,0.66099,-0.17286974516937548,-0.21741554154642437,0.93374,-0.29359657915935433,0.21590550113761942,0.90521,-0.2690185937412383,-0.09191081069133106,-0.057589,0.06262962958586218,0.07195487540739273,-0.05804,0.058760876764277326,-0.15872895779036195,-0.43079,-0.03384722107921842,0.13123206699056497,-0.43333,-0.021086561535344352,-0.17475874152115964,-0.82498,0.02145854044292187,0.13536204599288063,-0.82504,0.03153267964542936
223,-0.0177609209632843,0.6293,-0.004146848385939417,-0.16946101320111706,0.48124,-0.03925477206469066,-0.2538708405259689,0.70818,-0.17462879496416975,0.15348229187459844,0.45752,-0.026256820388626024,0.24843225403092753,0.67748,-0.1645395334170869,-0.21696995752912948,0.95596,-0.2736204720590325,0.21941583821481575,0.92261,-0.25147157879269333,-0.09053874276291474,-0.044858,0.049500917859275635,0.07224971271681302,-0.046311,0.044751850211337485,-0.15389840844213315,-0.43419,-0.022288433210487273,0.12774649591510615,-0.43562,-0.008489927291312154,-0.173647849136755,-0.82414,0.025627979147384596,0.134394768717832,-0.82287,0.03560653662293538
224,-0.016503617881887873,0.65143,-0.00016061696246297275,-0.16945301468200688,0.49784,-0.036790726605756885,-0.2547066358055341,0.72249,-0.16295632966113044,0.15444023938013793,0.47636,-0.025315871093163887,0.25164055185684714,0.69416,-0.15780432554648632,-0.2169570700252561,0.97234,-0.25385238834026386,0.22355916206526755,0.93987,-0.2326958133630157,-0.08962516799075394,-0.032769,0.03546504075324228,0.0726466762498584,-0.034621,0.029922629026344925,-0.14926542085149244,-0.43821,-0.011792486040985647,0.12432496983952776,-0.43873,0.0030302315753935084,-0.1722761701509962,-0.82391,0.029433605608301074,0.13302647280868118,-0.82079,0.039536848990292604
225,-0.015104003177672978,0.67282,0.003958927633696347,-0.16914500198048515,0.5144,-0.032682803873316416,-0.25560018558492426,0.73644,-0.15253280968025296,0.15565619868383473,0.49486,-0.023948242864531125,0.255239918718322,0.70992,-0.1514427016817395,-0.21687581679180173,0.98637,-0.2341572849408893,0.2278757556193522,0.95661,-0.21437707923401994,-0.08868832917126317,-0.021099,0.021595653238780977,0.07344626871496321,-0.023163,0.015320948921310857,-0.14465667366238705,-0.44352,-0.0023554162973145193,0.12130398597064675,-0.4432,0.01353947900153972,-0.17097290676341523,-0.82371,0.03325434186491327,0.1318189955867911,-0.81918,0.043400218472831986
226,-0.013713506515112838,0.69356,0.008245594524348001,-0.16853559304642218,0.5293,-0.028535621606875235,-0.25575615096388016,0.74939,-0.14322430954325094,0.15676129832301905,0.50681,-0.022691041692293894,0.25891365508461245,0.72281,-0.14500483362538766,-0.2167555256798739,0.99858,-0.21608359328565765,0.2317567326713628,0.97274,-0.20025648019850564,-0.08872652393823835,-0.010525,0.00801293365985365,0.07360936289801571,-0.012402,0.0014113092319639631,-0.14117917842777858,-0.45004,0.004351617912623219,0.11867733749119525,-0.4486,0.021850860280568804,-0.16983922373443097,-0.82426,0.03599816470718883,0.13081666185459495,-0.81878,0.046296269420122396
227,-0.012239731397424888,0.71012,0.01227895192265575,-0.1680757913628784,0.54388,-0.02454585176240922,-0.2569848417261675,0.75991,-0.13470146852568698,0.15776548254476902,0.52246,-0.02223651111159721,0.2637810926101795,0.73391,-0.13876526217097665,-0.21670397877156106,1.008,-0.19937876036472596,0.23510096855767365,0.98538,-0.18797054977640448,-0.08876139782911402,-0.002471,-0.004042154428241568,0.0741374283235365,-0.003548,-0.010992835192637418,-0.13864271826596072,-0.45609,0.008889100788349702,0.11682837900592746,-0.45378,0.027662216105138165,-0.1692188117571286,-0.82471,0.037673889320130875,0.12975461362402252,-0.81768,0.047874671636269475
228,-0.010699798107868756,0.72664,0.016284397024478623,-0.1675074373097287,0.55832,-0.020516327886035208,-0.2588640283337988,0.7695,-0.1264700981845045,0.15921824095891493,0.53791,-0.021195971833084283,0.26893772112725434,0.74307,-0.13261323824897414,-0.21679743701071463,1.0162,-0.18551186216947213,0.23851709122189274,0.99744,-0.17608315704532132,-0.08872527637164732,0.004509,-0.008847429783547488,0.07488872208831635,0.004135,-0.01570995970647028,-0.13716747997444312,-0.46178,0.01115129617850508,0.11569655895325742,-0.45855,0.031090843143527433,-0.16885011394263647,-0.82489,0.03821001050194403,0.12892608566326472,-0.81601,0.048128398690882326
229,-0.009049083873261435,0.72799,0.02054955077500916,-0.1669491584185295,0.55847,-0.01735017096010096,-0.25917211308403676,0.7707,-0.1188305377399062,0.1607452691406825,0.53791,-0.02019492941036303,0.271930076314963,0.74386,-0.12681476341238193,-0.2168095869532378,1.0207,-0.17314182367402287,0.2417782404491803,1.0033,-0.16616882874142896,-0.0878694723075463,0.004509,-0.011537913086574701,0.07549471544983667,0.004135,-0.01823352802252461,-0.13664977333259454,-0.46193,0.011150383497913032,0.11569655895325742,-0.45871,0.031090843143527433,-0.16876200040557546,-0.82489,0.0385945517930775,0.1289290136398981,-0.81601,0.04831776718602563
230,-0.007577911694415572,0.72875,0.024971260107404268,-0.16633310812041,0.55851,-0.014720191676877069,-0.2594407574393802,0.77086,-0.11154317674909876,0.16221010901628122,0.53791,-0.018970697349495524,0.27488189935011426,0.74391,-0.1207278684922153,-0.21678709722561768,1.0233,-0.1640881838417702,0.2451617546378345,1.0089,-0.15723057769689144,-0.086733126621895,0.004509,-0.014186475051623217,0.07609340116246281,0.004135,-0.0206948822062002,-0.13616265281240236,-0.46207,0.011148771416132922,0.11569655895325742,-0.45886,0.031090843143527433,-0.16868371090365758,-0.82489,0.03880820280264556,0.12893280985741976,-0.81601,0.048512059719933984
231,-0.006234216511886828,0.72903,0.028808221959762067,-0.16574801706651204,0.55851,-0.012323378697387723,-0.259718438635254,0.77086,-0.10591952196297807,0.16386662708616853,0.53791,-0.017695982917108062,0.2776717531526305,0.74391,-0.1167113008330583,-0.21676950439229672,1.0245,-0.15730823616555506,0.24872061160531614,1.0116,-0.15115628456229485,-0.08568363930483472,0.004509,-0.016665376697782182,0.07668545939347324,0.004135,-0.022986506968479755,-0.13572616186528205,-0.46218,0.011147963281212052,0.11569655895325742,-0.45899,0.031090843143527433,-0.1686128882733794,-0.82489,0.03897950707883409,0.1289284446105911,-0.81601,0.04866006628945075
232,-0.004984621811982667,0.72921,0.0319905792756478,-0.16522191652442397,0.55806,-0.01020352983022416,-0.2599541798022309,0.77086,-0.10195840771289738,0.16573682858413408,0.53789,-0.015900462001883914,0.2801641547620949,0.74391,-0.1127692126532811,-0.21695010470122816,1.0245,-0.1541285689615203,0.25239208162618226,1.0136,-0.14674683925864482,-0.08475955125526852,0.004203,-0.018841909324840395,0.0772028002028971,0.00382,-0.024935958811153652,-0.13537716734114183,-0.4623,0.01007506122504842,0.11617209313031993,-0.45899,0.03067799541561134,-0.16860792638721092,-0.82532,0.03912282274331516,0.12893323284858188,-0.81655,0.04880239714617881
233,-0.004084794250550447,0.72924,0.03430651005174776,-0.16478698127561103,0.55758,-0.008600705033392012,-0.26017338522667,0.77086,-0.10026461050487734,0.16711320941013938,0.53781,-0.01465961679727338,0.2821240326307205,0.74391,-0.11058028717714638,-0.21694213735979667,1.0245,-0.1531043929407746,0.25539810957166464,1.0144,-0.14553542645081294,-0.08405565700554031,0.003925,-0.020130719196465974,0.07755927602410917,0.003563,-0.026070090191943007,-0.13513831206259355,-0.46239,0.00912616863054175,0.11657940939976924,-0.45899,0.030108615527801898,-0.16860792638721092,-0.82553,0.03912282274331516,0.12897748730767705,-0.81689,0.048823025836156476
234,-0.003349966117243597,0.72924,0.03592855093116503,-0.1647701596609414,0.55738,-0.007929427867625207,-0.2604277708878375,0.77024,-0.09969173361112757,0.16826715048819918,0.53764,-0.013874062223506416,0.283795558354871,0.74319,-0.10933563551764358,-0.21735806391096835,1.0245,-0.15310213373064202,0.25798594818819687,1.0144,-0.14554392908478522,-0.08344522456363185,0.003679,-0.02125276609114805,0.07785086388777102,0.003308,-0.02714607045094645,-0.13492026873915536,-0.46251,0.00828959639271406,0.11689915890290045,-0.45905,0.02938814605915846,-0.16860792638721092,-0.82569,0.03912282274331516,0.129030721603414,-0.81714,0.04883699400559241
235,-0.00276273955536942,0.72924,0.03713389194723867,-0.16476551746109547,0.55717,-0.0071544604812271845,-0.2607614398552149,0.76956,-0.09968367010014809,0.16944130866585222,0.53729,-0.013089026190033763,0.28521899248555527,0.74236,-0.10903727956311432,-0.2184135206460811,1.0225,-0.15309880502141063,0.26006644918494365,1.0144,-0.1455503010966831,-0.08296620958988413,0.003455,-0.022118092419723262,0.07810576870964858,0.003033,-0.02811911697181972,-0.13479244498947424,-0.46266,0.007632415984441362,0.11710695876767921,-0.45921,0.02889659421428558,-0.16860792638721092,-0.82575,0.03912282274331516,0.12909310938397042,-0.81738,0.04884528646223962
236,-0.0024848008726612,0.72924,0.03756416521930472,-0.164767872840776,0.55694,-0.006879879979030543,-0.26119879904322346,0.76855,-0.09968778600399228,0.17030965371171555,0.53681,-0.01265623769512592,0.28640629448846827,0.7412,-0.10904151676487617,-0.2193374794097489,1.0211,-0.15309835442021563,0.2615483751414689,1.0144,-0.1455536862668117,-0.08261038392167899,0.003258,-0.022743380428441144,0.07830625914171022,0.002773,-0.028951578734696393,-0.1347797464139405,-0.46281,0.007128556136686642,0.1172694382419098,-0.45939,0.028551131596259053,-0.16862298391007105,-0.82582,0.03909501499250147,0.1291639560566356,-0.81762,0.048843963975086065
