FrameNo,head_x,head_y,head_z,left_shoulder_x,left_shoulder_y,left_shoulder_z,left_elbow_x,left_elbow_y,left_elbow_z,right_shoulder_x,right_shoulder_y,right_shoulder_z,right_elbow_x,right_elbow_y,right_elbow_z,left_hand_x,left_hand_y,left_hand_z,right_hand_x,right_hand_y,right_hand_z,left_hip_x,left_hip_y,left_hip_z,right_hip_x,right_hip_y,right_hip_z,left_knee_x,left_knee_y,left_knee_z,right_knee_x,right_knee_y,right_knee_z,left_foot_x,left_foot_y,left_foot_z,right_foot_x,right_foot_y,right_foot_z
0,0.008613526939265176,0.72749,0.03804628530706451,-0.16706952491148502,0.5138,0.009206181121978643,-0.30454263825403066,0.69669,-0.12436612675996075,0.16512964744719072,0.50981,-0.054760395816379016,0.25959614267346076,0.68646,-0.21386752537274145,-0.3052449532367943,0.92125,-0.23091285525814123,0.23100316471884372,0.9271,-0.31314058773956266,-0.0830983384804264,-0.002098,-0.021744472350289003,0.07122500209422432,-0.003369,-0.04914572582308394,-0.13361844440559262,-0.46528,0.012044583663603796,0.12073399594715847,-0.46592,-0.00702699421029521,-0.1527311750892874,-0.81896,0.06731515874485794,0.1413229771140055,-0.82223,0.022954249184721245
1,0.008228908169501989,0.72744,0.037442906983004176,-0.1670440244555779,0.51376,0.00912045057463099,-0.3047123388245623,0.6967,-0.12457990635758698,0.1651473319512799,0.50966,-0.05529356676299475,0.2594472798842491,0.68665,-0.2139631280400062,-0.30534571726461507,0.92134,-0.23113879022820413,0.23065389145786325,0.92728,-0.3133937836896964,-0.08308616146984145,-0.002137,-0.021830899894586024,0.07124759318699192,-0.003414,-0.04913853954953182,-0.133629210592608,-0.46537,0.01198352558291704,0.12029725565705374,-0.46557,-0.007315538693866171,-0.15282653019739068,-0.81888,0.06735025010217885,0.141364453202258,-0.8227,0.022959120950650717
2,0.007897739999534217,0.72747,0.03696414018883379,-0.16699677167651136,0.51344,0.00840944341934317,-0.30486407972181034,0.69641,-0.12480700699629668,0.16502620121807518,0.50955,-0.05569259476385846,0.2592052419346142,0.68726,-0.21470232871028225,-0.30562833723540417,0.92144,-0.23164744133860418,0.23021372628897918,0.92792,-0.31404727785501174,-0.08305581507421474,-0.002261,-0.022188603817226614,0.07133482049008656,-0.003544,-0.04946159433992322,-0.1335458131663768,-0.46533,0.0117078557272962,0.12036718243641077,-0.46556,-0.007782779793865678,-0.15270324355889298,-0.81888,0.06724321550605245,0.1412616312225151,-0.82244,0.02295186557459211
3,0.007703711854458304,0.72744,0.036733326240125305,-0.16702834981863682,0.51335,0.008460705695335392,-0.3050581150796024,0.69619,-0.12498603291600252,0.16483355504570452,0.509,-0.05586374222154022,0.2591282178385369,0.68734,-0.21485121554188083,-0.3057354763772018,0.92168,-0.23185194367183012,0.230072975095521,0.9278,-0.31415446508158335,-0.08306897146365953,-0.002356,-0.022556914704137083,0.0713372539688126,-0.003549,-0.049465069707715255,-0.1335930454707022,-0.4651,0.01143998801847688,0.12048397018135092,-0.46564,-0.007811496037209809,-0.152728793883397,-0.81828,0.06727107552970174,0.1412616312225151,-0.82244,0.02295186557459211
4,0.007326640459618991,0.72714,0.0364261371075149,-0.16709160584008156,0.51328,0.008447489199923119,-0.3053524157792462,0.6956,-0.12481228856878765,0.16484074853197275,0.50902,-0.05593812134331044,0.25896719967688864,0.68757,-0.2150157547518565,-0.30644677312711616,0.92333,-0.23231547029842373,0.2297677087344742,0.92808,-0.31427326090984864,-0.08300111046935649,-0.002481,-0.022333301454412927,0.07133286770425143,-0.003675,-0.04958208577790734,-0.13353780309164004,-0.46488,0.01117740607021015,0.12049478445314023,-0.46507,-0.008095691483207218,-0.15274060195947833,-0.81843,0.06720410860249691,0.14114752211122386,-0.82125,0.022880597694587695
5,0.007315455469503127,0.72714,0.03646060297463163,-0.16717334426316582,0.51355,0.008041515271952734,-0.30544047766388743,0.6956,-0.1247358352858402,0.16475787026645167,0.50868,-0.056062621114813097,0.25896605805062883,0.68763,-0.21513740464577127,-0.3066454471171083,0.92364,-0.23246321550376253,0.2294259522137304,0.92841,-0.3144262396029045,-0.08299191192441753,-0.002555,-0.022246581290834858,0.07135427211063974,-0.003818,-0.0497889452746368,-0.1334568109136863,-0.46474,0.011118446193087588,0.12052336070764849,-0.46496,-0.00822156601469902,-0.15268771496009673,-0.81833,0.06721610715642681,0.14107332803840902,-0.82123,0.023208462361118187
6,0.007214243787717428,0.72725,0.0365373440683827,-0.16718562341518325,0.51355,0.008029464445187227,-0.3054931910150914,0.69553,-0.12474684903201713,0.16474889042980984,0.5087,-0.05605596059427136,0.25886410431177426,0.68783,-0.21513973598306485,-0.30678272534701306,0.92371,-0.23255070657527388,0.22855247163352088,0.92963,-0.31500332857004637,-0.08300071811288165,-0.002552,-0.022238935962540122,0.07134077742137863,-0.003793,-0.04980788975567339,-0.13345693469326705,-0.46479,0.01117533190903294,0.12054340415906405,-0.46495,-0.008223069362746332,-0.15274776961953665,-0.81878,0.06750898501130757,0.14104065813862063,-0.82117,0.023195945266893978
7,0.007119190915850051,0.72736,0.03648200916484285,-0.16736499663124446,0.51348,0.008221530187473219,-0.30584075183668213,0.69558,-0.12481757014127862,0.1646584954240522,0.50851,-0.05628067762285191,0.25879459695593354,0.6876,-0.21518840555758553,-0.30703994103144305,0.92394,-0.23245458117965315,0.2286967198329194,0.92825,-0.3150490719517567,-0.08307948590345174,-0.002477,-0.022345882842666226,0.07120106090427036,-0.00375,-0.04985738010672424,-0.13348739703534265,-0.46507,0.011117746791899523,0.12038201465867344,-0.46496,-0.008216951424885892,-0.15294763332056255,-0.81889,0.06758484343873812,0.1412777805030381,-0.82212,0.023043452695622236
8,0.006988630287799944,0.72736,0.03640958042466907,-0.16745402649396776,0.51347,0.00817731838425885,-0.30607246706520497,0.69547,-0.12480717529300558,0.16461917702491558,0.5084,-0.056388487935388955,0.2587297282322929,0.6876,-0.21526835584647327,-0.30734173442893653,0.92428,-0.2325536808528582,0.2284760423929605,0.92825,-0.31526401721802966,-0.08308313251518275,-0.002499,-0.02236656380547948,0.0711898356625124,-0.003784,-0.04994983546864271,-0.13347429951103373,-0.46508,0.011076851133731717,0.12032716766074059,-0.46482,-0.008297653387797302,-0.15299838667321528,-0.81884,0.06764253310154272,0.14125964718157688,-0.82205,0.02305578892895269
9,0.0068865125177225124,0.72735,0.036337213574285675,-0.16754566107935612,0.51345,0.0081183344647493,-0.30630939173905775,0.69541,-0.12482632467732292,0.16458918575877607,0.50827,-0.0565009891529617,0.2586683324722056,0.6876,-0.21532860998030082,-0.30759892607097944,0.92445,-0.23263018222057963,0.22829649374489874,0.92825,-0.31547606033387926,-0.0830769881306966,-0.002512,-0.022395063744765152,0.07118382707880054,-0.00382,-0.05006453462697344,-0.13346809804523466,-0.46508,0.011054433689141795,0.12029474532011375,-0.46454,-0.00842394191391222,-0.15300749028943783,-0.81884,0.0677060793380298,0.14123995102651662,-0.82191,0.023059261892506032
10,0.006766266234661237,0.72735,0.036242657604564306,-0.16764314983418824,0.51343,0.008083737605335702,-0.3065347318536038,0.69535,-0.12483736246588681,0.16457095270012106,0.50817,-0.056604393967027974,0.25861852127142515,0.6876,-0.21538075251837485,-0.307874077386306,0.92458,-0.23269336254721756,0.22814822581120398,0.92822,-0.31568346481752874,-0.08307408838451186,-0.002526,-0.022418929860328098,0.0711688362542082,-0.003846,-0.05015531058842823,-0.13346189657943552,-0.46508,0.011032016244551865,0.12023451522867323,-0.46429,-0.008535172917167006,-0.15302540009412452,-0.81884,0.06777727090281163,0.1412206021678117,-0.8218,0.023064704471565393
11,0.006653494035955736,0.72735,0.03613866033921984,-0.16773890210724363,0.51342,0.00805898882345222,-0.30676644708212664,0.69527,-0.12482696761761378,0.16455254599328836,0.50807,-0.056708783588847275,0.2585884062257048,0.6876,-0.21543636802000224,-0.308157340297386,0.92475,-0.23274495831454878,0.22809727298416366,0.92819,-0.3158572572495176,-0.08307310357675884,-0.002539,-0.022419103508505765,0.07115025589919782,-0.003867,-0.050260685018000545,-0.1334551741691034,-0.46511,0.011012553223220976,0.12016391611516959,-0.46402,-0.008647621861904162,-0.1530296914299693,-0.81887,0.06781052123268469,0.14123045024534184,-0.8217,0.023062967989788723
12,0.006549989484695668,0.72736,0.03604115235047814,-0.16781391633617285,0.51342,0.008036675924533485,-0.3070051082377562,0.69517,-0.12485596507946124,0.164532923749212,0.50796,-0.05682006686493765,0.25855481821643117,0.68757,-0.21551167967668988,-0.30846087017665613,0.9249,-0.232853906065284,0.2280457493439935,0.92811,-0.31609187462846383,-0.08307727113302285,-0.002551,-0.022442738894578058,0.07113810533523854,-0.003893,-0.05036414691337981,-0.13344810446241595,-0.46517,0.010995059817396116,0.12009296970531061,-0.46381,-0.00876204042214734,-0.1530395395074994,-0.81888,0.06781225771446135,0.14125032004857976,-0.82181,0.023060479833988397
13,0.006457087089228079,0.72736,0.03593466692933335,-0.16784797542138258,0.51339,0.008016280368285174,-0.30720264060148844,0.69506,-0.12488206039088524,0.16451816365411032,0.50792,-0.056903775523943684,0.25852760532113445,0.68752,-0.21560842397021446,-0.3087348558233359,0.92504,-0.2329680632613492,0.2280110197084601,0.928,-0.3162888361790663,-0.08308109139293153,-0.002556,-0.022464404665144325,0.07112403983284753,-0.003915,-0.050443916341373796,-0.13344120840390616,-0.46522,0.010976581603818236,0.1200311767802711,-0.46362,-0.008882134695179237,-0.15304938758502953,-0.81889,0.06781399419623803,0.1412825927834159,-0.82192,0.023013156789008216
14,0.006377624705947327,0.72736,0.0358237808181952,-0.16785249027400193,0.51334,0.007990675366706858,-0.30739206136946734,0.69495,-0.12491974026161606,0.16450357720718628,0.50788,-0.05698649937519672,0.2585085040215911,0.68745,-0.21571675282304578,-0.30898971612808523,0.92514,-0.23314651836792516,0.22797281710937337,0.92775,-0.316505493884729,-0.08308178358140349,-0.002561,-0.02248560657249058,0.0711121175941402,-0.00394,-0.05052304825797011,-0.13343361775268572,-0.46526,0.01096204262125241,0.11998786447304816,-0.46341,-0.009012595586035562,-0.1530516450113392,-0.81891,0.06780119169544888,0.14130571203343262,-0.82207,0.022971509456816756
15,0.00632880792987463,0.72735,0.03570241392660665,-0.16786099903470758,0.5133,0.00794241978680926,-0.3075617859823859,0.69484,-0.1249608930959002,0.16449229007563793,0.50786,-0.05705051187914251,0.25848766624027103,0.68739,-0.21583492975340726,-0.30919533604518407,0.92521,-0.2333336558833845,0.22793114154673333,0.92752,-0.3167418477454519,-0.083074478336748,-0.002577,-0.022530558028535114,0.07110702952415225,-0.003973,-0.050592215530171625,-0.1334242906196886,-0.4653,0.010957351716216701,0.11998434164089793,-0.46331,-0.00909016226479417,-0.1530516450113392,-0.81893,0.06780119169544888,0.14131585753872117,-0.82218,0.022913872066847748
16,0.006307044826353274,0.72733,0.03557323046278438,-0.16786916049905795,0.51325,0.007896133822417682,-0.30768400668943063,0.69474,-0.12502057641659783,0.16450863704672564,0.50785,-0.05713056671370144,0.2584650919771743,0.68729,-0.21596295476129884,-0.30936330013393903,0.92527,-0.23353758740348057,0.2279039526938235,0.92736,-0.31701121880231853,-0.08305083573795961,-0.002609,-0.022586513613801748,0.07112731332201329,-0.003998,-0.05065570228110701,-0.13341357430127013,-0.46534,0.010960539273205092,0.11996853965673024,-0.46326,-0.009179779770318279,-0.1530323460212312,-0.81893,0.06773787859269113,0.1413356774733622,-0.82231,0.022853513387349058
17,0.006287829364183934,0.7273,0.03545273662056155,-0.16787541183345395,0.51324,0.007860680743309246,-0.3077865312414151,0.69464,-0.1250837327008488,0.16452602590687931,0.50785,-0.05720471270174231,0.25845062930983104,0.68715,-0.21610256432849723,-0.3095196796633873,0.92535,-0.23373340732782324,0.2278947235141972,0.92721,-0.3172939109002686,-0.08302921983599024,-0.002643,-0.022648204397408778,0.07115333231821473,-0.004024,-0.05072121572886143,-0.13339457273892058,-0.46538,0.010953127078639704,0.11996853965673024,-0.46326,-0.009179779770318279,-0.15299369817241826,-0.81892,0.06766912291087405,0.14135532375982554,-0.8225,0.02279216990009735
18,0.006270928409637251,0.72726,0.035351127773823626,-0.1678709468494315,0.51325,0.00782841522118919,-0.3078577750790325,0.69455,-0.12514225035289964,0.1645548256781621,0.50785,-0.05727173190178273,0.25844601472001794,0.68696,-0.21624391037747226,-0.3096511535924452,0.92532,-0.23390315598312883,0.2279393733544217,0.92695,-0.3176165661214691,-0.08300250624707814,-0.002671,-0.022709778614151133,0.07119325038134561,-0.004042,-0.050759732585377484,-0.13336572309904085,-0.46543,0.010943978402297648,0.11996697682313123,-0.46326,-0.009188643040095389,-0.15294346576429854,-0.81892,0.06760847882481041,0.14137467261853043,-0.82264,0.022786727321037984
19,0.006261558620759334,0.72722,0.035246160126158346,-0.16785581541558747,0.51325,0.007741466732359169,-0.30794060347595675,0.69445,-0.1252088796007039,0.16458436991075245,0.50785,-0.05727694134711274,0.25844777524418167,0.68677,-0.21640668906328425,-0.3097513468071361,0.92526,-0.23406826600623437,0.22802515198654336,0.92669,-0.3179363191922461,-0.08296878243703025,-0.002702,-0.022777666055079894,0.07124510751285472,-0.00406,-0.050839956259636686,-0.1333377417000495,-0.46545,0.01092990568719053,0.1200163908589595,-0.46326,-0.009196340641225724,-0.15291292951123908,-0.81892,0.06755130770230011,0.14138568636470733,-0.82283,0.022734013969834044
20,0.006272348850161672,0.72719,0.03513459144350302,-0.16780545922788698,0.51328,0.007623936930350184,-0.3080037357178207,0.69436,-0.12527898181206154,0.16461391414334284,0.50785,-0.05728215079244275,0.25848719159668904,0.68657,-0.21658626175373297,-0.30983184386676677,0.92522,-0.2342368489928932,0.22814047485125533,0.92646,-0.31826128170835316,-0.08293146669232568,-0.002733,-0.022848217704225345,0.07130374413600893,-0.004081,-0.05093356046053104,-0.1333000858717057,-0.46546,0.010913111682553735,0.12009013968204814,-0.46362,-0.009238791920276433,-0.15288308785089028,-0.81893,0.06749019734877776,0.14141535437687847,-0.82295,0.02267191880855868
21,0.00631019275211535,0.72716,0.03501520618861398,-0.1677367960705476,0.51328,0.007495055702763754,-0.308065131477908,0.6943,-0.12533923594588905,0.1646418955423342,0.50787,-0.057296223507549864,0.2585300809127499,0.68635,-0.2167461382891215,-0.3099001855539607,0.92516,-0.23433649543684124,0.22828243979813426,0.92623,-0.31855032487789303,-0.08289982906464852,-0.002773,-0.02291066016185604,0.07135432624472268,-0.004094,-0.05100949760742287,-0.1332626036915395,-0.46547,0.010895332870163922,0.12022702074700073,-0.46413,-0.009211140987969511,-0.15288504784944149,-0.81899,0.06742149393979627,0.14144675887082628,-0.82307,0.02261967172481344
22,0.006388761068297864,0.72713,0.03489067097394663,-0.16766262604011972,0.51329,0.007339817799575356,-0.3081114697151352,0.69426,-0.12537168232890286,0.1646859264846548,0.50799,-0.057334450149023566,0.25858455478811754,0.68612,-0.21689790322875657,-0.30998822339621496,0.92516,-0.2344326689172359,0.22844410090007336,0.926,-0.31884284101098626,-0.08286685933286299,-0.002814,-0.02297130665215838,0.07140282457530443,-0.004114,-0.05109725244735083,-0.13321596802655394,-0.46547,0.010871878344985392,0.12036181803382134,-0.46463,-0.009195307748698738,-0.15289720322187816,-0.81898,0.06735255739708541,0.14149664398259068,-0.82323,0.02255705802324378
23,0.006493395845040006,0.7271,0.03477575551155743,-0.16758706682427055,0.51329,0.00719245835841105,-0.30813984827907875,0.69421,-0.12541744975300012,0.1647268317597774,0.50812,-0.057390403330051507,0.2586506132227919,0.68591,-0.21704155657263818,-0.31006931531136245,0.92521,-0.23448945008751004,0.22862719463884945,0.92581,-0.3191289820301027,-0.08283290479332449,-0.002859,-0.023032126790638388,0.07145062831317552,-0.004139,-0.051188946518290854,-0.13316915871339066,-0.46548,0.010849408627559875,0.1204763483524518,-0.46497,-0.009236826492832024,-0.15290640657529453,-0.81903,0.06730036258617576,0.1415038873374558,-0.82329,0.022540549425171922
24,0.006607528998718239,0.72708,0.03467439662821975,-0.1675134177383757,0.51333,0.007034266031963613,-0.308164753879469,0.69417,-0.12544352102203718,0.164768257979433,0.50825,-0.05744340208782041,0.25871840813924296,0.68568,-0.21717536183898964,-0.3101237651443431,0.92524,-0.23451031191121705,0.2288253459004857,0.92564,-0.31938731529840547,-0.0828123355888985,-0.002895,-0.023065201068095075,0.07148435693170077,-0.004172,-0.051291359311888024,-0.1331327184222905,-0.46549,0.01082572096865199,0.12061456873422884,-0.46527,-0.009259167622199369,-0.15290987953884785,-0.81908,0.06728066643111552,0.14151199893320923,-0.82329,0.022528964865865135
25,0.006723857688915755,0.72708,0.034614283103643916,-0.16744614376645764,0.51338,0.006897506342353081,-0.308164753879469,0.69415,-0.12544352102203718,0.1648024408442235,0.50837,-0.05747989224751744,0.25878620305569405,0.68547,-0.21730916710534115,-0.3101683668997936,0.92529,-0.2345329102167008,0.22903044308922854,0.92546,-0.31960625625658773,-0.08279565093841029,-0.002925,-0.02307423558181116,0.07151929868323102,-0.004198,-0.051369615774879904,-0.1331021323006341,-0.4655,0.010826420369840054,0.12073430849818931,-0.46554,-0.009271142133742295,-0.15290003146131773,-0.81914,0.06727892994933884,0.1415316950882695,-0.8233,0.022525491902311793
26,0.0068509026975317276,0.72708,0.03455735713605647,-0.16738060627631624,0.51345,0.006750898575212435,-0.308164753879469,0.69414,-0.12544352102203718,0.1648559725677189,0.50849,-0.05752182498627385,0.25886210956789857,0.68527,-0.2174545569309994,-0.3101637282675935,0.92532,-0.23456419093106778,0.22922742868221796,0.92524,-0.3198136126554632,-0.08277496997559702,-0.002949,-0.023077882193542162,0.07154809605027512,-0.004219,-0.05141937229858612,-0.13309072138950503,-0.46551,0.0108335471578405,0.1207935706115477,-0.46554,-0.009280576216649296,-0.15290987953884785,-0.81914,0.06728066643111552,0.1415415431657996,-0.8233,0.022523755420535127
27,0.006967000658238587,0.72708,0.03449017630903187,-0.16731246406350983,0.51352,0.006619062924366974,-0.308164753879469,0.69414,-0.12544352102203718,0.1649095042912143,0.5086,-0.057563757725030265,0.2588968872882059,0.68514,-0.21760284890708115,-0.3101706741947002,0.92539,-0.23460358324118824,0.22935257558207311,0.92513,-0.3199676848900049,-0.08275822824379583,-0.002972,-0.0230808342125625,0.07157052070758115,-0.004235,-0.05146495886178962,-0.13309106868586035,-0.46553,0.010831577542334474,0.12082068376965073,-0.46554,-0.009299572970521475,-0.15287894612083613,-0.81914,0.06728333544780961,0.1415374254781325,-0.82318,0.022557990558161194
28,0.007067106156929197,0.72708,0.034453231903069606,-0.16725359911510365,0.51361,0.006549788702255581,-0.3081467942061854,0.69414,-0.12545684206312063,0.16496598803373,0.50871,-0.05758894873198546,0.258917178298783,0.68506,-0.21771812368701918,-0.31017935660358353,0.92545,-0.23465282362883882,0.2294186340167475,0.92505,-0.32011133823388643,-0.08274027097475095,-0.00298,-0.02307689257731175,0.07158627763162934,-0.004243,-0.05146773723263229,-0.13308156790468556,-0.46554,0.010827871445051778,0.120838817091112,-0.46555,-0.009311909203851922,-0.15283712273622835,-0.81914,0.0672901768292451,0.14154280857164017,-0.823,0.02258851959850457
29,0.007140969142643811,0.72708,0.034422945613410375,-0.16719676807623257,0.51366,0.006526567310806405,-0.3081288345329019,0.69414,-0.12547016310420409,0.1650131446432486,0.50882,-0.05760944883390495,0.25891950963607663,0.68498,-0.21782007742587373,-0.31018803901246683,0.9255,-0.23470206401648946,0.22945862118238486,0.92497,-0.3202300859773778,-0.08272648366620879,-0.002993,-0.023079323651799086,0.07159317128590043,-0.004247,-0.05146895276987596,-0.13308330438646224,-0.46554,0.010818023367521655,0.12083529425896175,-0.46559,-0.009389475882610533,-0.15283538625445167,-0.81912,0.06730002490677522,0.14154593423883818,-0.8229,0.022606246138058794
30,0.0071775854861603275,0.72706,0.0343829800859213,-0.16714891687400332,0.51367,0.006510006439898963,-0.3080992903003115,0.69414,-0.1254753725495341,0.16507049662665266,0.50893,-0.05762971580209509,0.25891836800981677,0.68491,-0.21794172731978853,-0.31017876174806663,0.92552,-0.23476462544522353,0.22948238515651534,0.92488,-0.3203256646022556,-0.08271032236449226,-0.002993,-0.023074049912439998,0.07160104974792451,-0.004247,-0.051470341955297295,-0.13308851383179224,-0.46553,0.010788479134931288,0.1208744131837108,-0.46559,-0.009513147664866953,-0.15281963413888086,-0.8191,0.06733177188860097,0.14153353130723992,-0.8227,0.022651081027238652
31,0.007182571414715775,0.72705,0.034353668987060285,-0.16711937264141294,0.51367,0.006504796994568955,-0.3080697460677212,0.69417,-0.1254805819948641,0.16509830437746637,0.50895,-0.057644773324955226,0.25891896286533367,0.68484,-0.2180535291361732,-0.3101463153650528,0.92548,-0.23481096368245077,0.22951947017172925,0.9248,-0.3204032835538498,-0.0826927742815931,-0.003013,-0.023043635034722596,0.07161460392273734,-0.00426,-0.051462577655899185,-0.13309320233258926,-0.46552,0.01076188932559996,0.12090710712588615,-0.46575,-0.009673257333984824,-0.15281650847168288,-0.81907,0.06734949842815519,0.14150937016815726,-0.82249,0.022686819512912033
32,0.0071731944131217616,0.72705,0.03430048936839763,-0.1670913912424216,0.51367,0.006490724279461835,-0.30803035375760063,0.69416,-0.12548752792197077,0.1651254175355694,0.50896,-0.057663770078827406,0.2589212942026272,0.68477,-0.21815548287502778,-0.3100959093087554,0.92542,-0.23487062296076136,0.2295565551869432,0.92471,-0.320480902505444,-0.08264986875627717,-0.00303,-0.022903963577733832,0.07163342702843185,-0.004274,-0.051436449305549165,-0.13312175454471048,-0.46551,0.010715137093749676,0.12091119898734336,-0.46535,-0.009937989758651344,-0.15280405567148775,-0.81904,0.0673625340626737,0.14151921824568736,-0.82233,0.022685083031135367
33,0.0071549042731537445,0.72705,0.03419100205963561,-0.16709260677966525,0.51367,0.006483830625190749,-0.3080008095250103,0.69415,-0.12549273736730077,0.16515391987909375,0.50896,-0.057674888370675484,0.2589056658666372,0.68471,-0.21824411557279888,-0.31000784742411425,0.92539,-0.23494707624370878,0.22958148482972046,0.92455,-0.32062745799974907,-0.08259207935627878,-0.003042,-0.022737469177684384,0.07169331222775573,-0.004283,-0.05134445059413461,-0.1331624621292684,-0.46549,0.010599448319188534,0.1208704896189625,-0.46503,-0.010456802583595014,-0.15283168977412376,-0.81896,0.06737857639328684,0.14150798098273593,-0.82215,0.02267894105088793
34,0.007152723162066655,0.72701,0.034046180642868525,-0.16709434326144193,0.51365,0.006473982547660628,-0.30796141721488984,0.69414,-0.12549968329440747,0.1651851507248639,0.50895,-0.057728120262173735,0.25890799720393076,0.68461,-0.21834606931165346,-0.30987749107892903,0.92534,-0.23507160424566004,0.22961105310469782,0.92426,-0.32080529420842113,-0.08250112315434602,-0.003073,-0.022382876496809596,0.07180780648280571,-0.004301,-0.05112702919325477,-0.1333226619186253,-0.46547,0.010381962624279612,0.1209420014904826,-0.46461,-0.011490931227542028,-0.15286123400671411,-0.8189,0.06738378583861684,0.14151661352302236,-0.82197,0.022670310914840182
35,0.007095588103136837,0.72683,0.03375670424479592,-0.16709434326144193,0.51361,0.006473982547660628,-0.3079173862725692,0.69409,-0.12553790993588118,0.16518219870584355,0.50893,-0.05774486199397494,0.25888311564592753,0.6843,-0.21854476734403255,-0.30974423258332046,0.92507,-0.23523726103950843,0.22954216464676092,0.92386,-0.3211383923626686,-0.0823778731998446,-0.00315,-0.021810584221206127,0.07199080645627252,-0.004351,-0.05073992583533709,-0.13376788871087164,-0.46532,0.009469411747086438,0.12095630384909767,-0.46426,-0.013943677533733937,-0.15289112553565984,-0.81889,0.06738702566844083,0.14151743189531382,-0.82191,0.02261736442990688
36,0.006958893327971179,0.7264,0.03322333801185423,-0.16709434326144193,0.51337,0.006473982547660628,-0.30791793304331205,0.69392,-0.12577136164618063,0.16517438453784855,0.50866,-0.05778917834286049,0.25882697741594424,0.68363,-0.21892073077195387,-0.3096399234647854,0.92449,-0.23550951020441155,0.22941480662154717,0.92313,-0.3217455002059828,-0.08218949315752458,-0.003408,-0.02095530241989412,0.07231610122288694,-0.00458,-0.05009867057039709,-0.1347065906625458,-0.46517,0.007601030724403143,0.12120372931257514,-0.46392,-0.017780939140664455,-0.1529206697682502,-0.81889,0.06739223511377085,0.1415023245038568,-0.82185,0.022531686155394807
37,0.006761231212773538,0.7256,0.03246514299194471,-0.1670610286375398,0.5129,0.006432568349198524,-0.3079833244953087,0.69339,-0.12625739040870998,0.16516275010994486,0.50818,-0.0578551604623123,0.25870542369157734,0.68263,-0.2196100961990624,-0.3095488873025598,0.92311,-0.2361449725692824,0.2292064047659599,0.92214,-0.3227546427462554,-0.08190350600968485,-0.003939,-0.019667397395728717,0.0728640238110567,-0.005047,-0.04910471592486574,-0.13604973969474746,-0.46454,0.004417907309061567,0.12156292541475862,-0.4633,-0.02305747533026613,-0.15297030732085304,-0.81892,0.0673410773834498,0.14147940294440475,-0.82185,0.0224016915319972
38,0.006322228144890383,0.723,0.030954423856436996,-0.16707844332390337,0.51023,0.006276217050198936,-0.30812566791622154,0.69167,-0.12741018629286416,0.16502088133261392,0.50576,-0.05825662434614075,0.2585115085457203,0.67961,-0.22065225593547869,-0.30932164240952814,0.91992,-0.23733247404658292,0.22883013499116556,0.91934,-0.32465822385999243,-0.08137077379791945,-0.005887,-0.017331416575912865,0.07385317928338647,-0.006823,-0.047220860980460494,-0.1384556476046384,-0.46361,-0.0008188695745877765,0.12225111710679488,-0.46244,-0.030556911855433355,-0.153130457241613,-0.81896,0.06718146221223925,0.14151929037284833,-0.82186,0.022167202741109115
39,0.0057785843283805535,0.71863,0.028769634758887618,-0.16711895321789666,0.50652,0.005988886320048726,-0.3080901510860754,0.68743,-0.12870604066538305,0.16480975275860374,0.50209,-0.05882052923638062,0.2583054380274265,0.67433,-0.2217633522146058,-0.308677876109808,0.91269,-0.2386340365504008,0.22828766165177986,0.91567,-0.3269285151796375,-0.08075181956555354,-0.008835,-0.014339442034203601,0.07512221420306608,-0.009581,-0.04469992794433404,-0.14122149879297718,-0.46294,-0.007060407542425911,0.12309791457691034,-0.46192,-0.03928759539365681,-0.15344388506701015,-0.81927,0.06701638041958233,0.1415839836644884,-0.82188,0.02184304417186132
40,0.005197451739404257,0.71286,0.026234025776013938,-0.16708911334137075,0.50163,0.005524651916143847,-0.3079856736708314,0.68223,-0.1301866771736807,0.1645725030469596,0.49781,-0.059417399049928585,0.2580964894010963,0.668,-0.22300594646517785,-0.3079443114436699,0.90502,-0.24000220425963592,0.22758188689822637,0.90915,-0.32960664549708774,-0.08003520835907103,-0.012796,-0.010856973745942576,0.07656578058714895,-0.013272,-0.04171322590115231,-0.14455536829373689,-0.46238,-0.01433500465511224,0.12387366233232718,-0.46192,-0.04905468664028524,-0.15384391168064326,-0.81963,0.06682087413225324,0.14168310738008044,-0.82189,0.02136862401102578
41,0.0045654690852359354,0.70516,0.02320271600549718,-0.16687833741518468,0.49499,0.004877215039730095,-0.3076442475393475,0.67465,-0.13182079106100314,0.16427234461022616,0.49118,-0.06002551574338282,0.25783834847188947,0.66001,-0.22458511183355073,-0.30706007537938257,0.8969,-0.2417828015141025,0.22680836531299575,0.9018,-0.3324962240748708,-0.0793269286974707,-0.01838,-0.006615528129061073,0.07819703001660247,-0.018614,-0.037857918611336416,-0.14802887497172776,-0.4622,-0.0222287604378783,0.1246830684403557,-0.46211,-0.059667470570634804,-0.1542497185527363,-0.82024,0.06653499866537636,0.14177101787510807,-0.82206,0.020715435106600733
42,0.0039106556122703515,0.69592,0.019805816637599633,-0.1666822975417133,0.48645,0.0039734427409682145,-0.3071266976385813,0.66571,-0.1336078115142204,0.1639388955919775,0.48317,-0.06076484500171703,0.2575408633173361,0.65036,-0.2265025848015011,-0.30604136706606594,0.88814,-0.24412528595852884,0.2259282994414844,0.89195,-0.3357021068022644,-0.07849327986007225,-0.025455,-0.001628525961836335,0.0798796979201392,-0.025476,-0.03342882291058584,-0.15188157404967761,-0.4622,-0.031006093678377058,0.1255957159516434,-0.46232,-0.07078890979944599,-0.1547185338871125,-0.821,0.06612213527119651,0.14185714201976213,-0.82236,0.01999452760094719
43,0.0031298138139606744,0.68427,0.01582086807005042,-0.16649503981431907,0.47621,0.002904689007159001,-0.3064463209672291,0.65496,-0.1357383249699582,0.16353402730411085,0.47239,-0.061966800770237626,0.2571762742713965,0.63923,-0.22908856137285297,-0.30487774357067293,0.87521,-0.2471431958910764,0.22482758017240115,0.88099,-0.33929556155927315,-0.07748662632828908,-0.034115,0.003556441797653442,0.08166459954020226,-0.034103,-0.028512071319677847,-0.15592039636405358,-0.4622,-0.04020551949268193,0.12659210818551764,-0.46259,-0.082184049268372,-0.15522932221188726,-0.82189,0.06552881892448606,0.14192991929712281,-0.82296,0.01902516313496962
44,0.0023499117632845143,0.67122,0.01174334997795676,-0.16632172380973506,0.46417,0.001699280129410445,-0.3056784291819787,0.64233,-0.13817874341894287,0.16311184406707444,0.46004,-0.06320936679036107,0.25690614626646185,0.62672,-0.23194505062733128,-0.30361678092623856,0.8618,-0.25030012053530554,0.2235281869133257,0.86854,-0.3430367615216207,-0.07642973860456327,-0.044317,0.009083889521462118,0.0834863548255728,-0.044408,-0.023259619256096067,-0.15995559610908552,-0.4622,-0.049211637580831455,0.1277650489636593,-0.46298,-0.09303863382656548,-0.15571309711575276,-0.82293,0.0648007647765067,0.14201006370892935,-0.82426,0.017982404354974856
45,0.0016352071191105134,0.65639,0.007465466474213805,-0.16612742220186327,0.45037,0.0003825357027359144,-0.3047552514087658,0.62827,-0.1408902453641839,0.16270067457621484,0.44586,-0.06450464616168847,0.25668992132376506,0.61247,-0.23501412976840208,-0.30206032787112647,0.84708,-0.25385439315951885,0.22215581333485623,0.8542,-0.34684632721354924,-0.07527098788263768,-0.055769,0.014849263556547516,0.08525153803201155,-0.056007,-0.017763643887910123,-0.16376847988575274,-0.46241,-0.05770557932219206,0.12883621321876995,-0.46356,-0.10308831681353443,-0.156182906254421,-0.82404,0.06403673900912461,0.1420914236579796,-0.82559,0.01694653922925117
46,0.0008851377322441471,0.63954,0.002975502007217889,-0.16585761124673917,0.43457,-0.0011394386888012864,-0.3036895619179311,0.61181,-0.1436573387686653,0.16229774046068954,0.42997,-0.06586839580826802,0.25652293676871873,0.59645,-0.23809189131835615,-0.3001915904006999,0.83115,-0.25776835793537256,0.2206328645277855,0.83817,-0.3509339704136148,-0.07409349998719496,-0.069182,0.020841835563297696,0.0871760960632154,-0.069501,-0.012365835037596066,-0.16745420332777083,-0.46309,-0.06542077126464936,0.1298150037786534,-0.46404,-0.11204942132357575,-0.15659843920828628,-0.82525,0.06329259025769653,0.14218890706134296,-0.82695,0.015771763937517176
47,0.00025023555499013644,0.62245,-0.0011377377408782652,-0.16528657949107445,0.41887,-0.003026262404473328,-0.302536976211102,0.59532,-0.14644990858666684,0.16194129418818207,0.41483,-0.06702608750073863,0.2563617565145193,0.58072,-0.2412519104521046,-0.29835177826495995,0.8145,-0.2619615418456231,0.21907454314489047,0.82145,-0.35476151982121384,-0.07309896878892247,-0.082642,0.026136576038114444,0.08881989616881047,-0.083262,-0.007120590885714706,-0.17025622142183833,-0.46434,-0.07152189571842987,0.1306378948041394,-0.46529,-0.11924564160648642,-0.1569068588465639,-0.82651,0.062522446552454,0.14223970493112384,-0.82832,0.014562572647263343
48,-0.0002809529796614393,0.60489,-0.004991038110776089,-0.16465030767302674,0.40199,-0.005003792979093678,-0.301551735695124,0.57901,-0.14973083850449131,0.16156301811388543,0.39762,-0.06824999444639045,0.2561861376353637,0.56483,-0.2447241659163935,-0.2967621397169953,0.8001,-0.26670971510350083,0.21751974281032277,0.80301,-0.3589146266004369,-0.07205017342704052,-0.097275,0.03153750691055624,0.09035712794573789,-0.097955,-0.002019024120101947,-0.1728298200351128,-0.46591,-0.07684587826702557,0.13165645971582318,-0.46754,-0.1259656048891753,-0.15705103670262435,-0.82763,0.061647185593755496,0.14228499592781627,-0.82977,0.013379738032611489
49,-0.000845329954395688,0.58647,-0.00887707267449137,-0.16390022595526915,0.38425,-0.007257278815899815,-0.3002855155205857,0.56074,-0.15320347244281418,0.16132350740828583,0.37965,-0.06966591486149265,0.25596541831478853,0.54794,-0.24879772492314975,-0.29499050097174034,0.78414,-0.2722109328010939,0.2158566376653107,0.78576,-0.3632212588434586,-0.07118532740321372,-0.11252,0.036712954654961646,0.09122546376278892,-0.1134,0.0030552810450242378,-0.17527199280410333,-0.46878,-0.08165485863363149,0.13300358567057105,-0.4709,-0.1322043108176547,-0.15721496058234194,-0.82878,0.06071752707491197,0.1423180576410881,-0.8312,0.012242723114892492
50,-0.001205827681869422,0.56761,-0.01297167917432579,-0.16308795593134276,0.36571,-0.009733954290852193,-0.29901634511084974,0.54289,-0.1570624886997184,0.1609755903712252,0.36061,-0.07175422583817283,0.2557395376336574,0.53081,-0.2532460816891805,-0.2932407935492912,0.76479,-0.2782972308496474,0.2139891744413946,0.76673,-0.36845651252473527,-0.0704455273012167,-0.12772,0.041317442227871926,0.09199302895971885,-0.12937,0.007535052542373395,-0.17799167226810098,-0.47215,-0.0862524388246787,0.13444452972603305,-0.47495,-0.13825647408619174,-0.1573817127014991,-0.82993,0.05971424110832188,0.14239147964256255,-0.83255,0.01121942735622862
51,-0.0015011045808697903,0.5487,-0.01701889112243485,-0.16222842956070394,0.34696,-0.012115388820327328,-0.2978079275209104,0.52458,-0.16143881443351896,0.1606960889323424,0.34168,-0.07385764661054875,0.25542219423149276,0.513,-0.25815556161735037,-0.2914516697743346,0.74476,-0.2845631015886497,0.2119786527291137,0.74803,-0.373869626457071,-0.06905421187822261,-0.1441,0.05012362859847179,0.09335952293067713,-0.14619,0.015710973972238942,-0.1803899823914798,-0.47561,-0.08989125848936375,0.1359155167000543,-0.47896,-0.14373514156307515,-0.15748763987369882,-0.831,0.0587103843286019,0.1422347991177101,-0.8344,0.010273260239313242
52,-0.0017147601666419572,0.52763,-0.021898928959446808,-0.16101675538869412,0.32486,-0.014918377528988905,-0.2960606235629158,0.50292,-0.1669052784531917,0.16104143327710577,0.32228,-0.07575747773029069,0.2550701211937947,0.49186,-0.26326200309612263,-0.2893264014403852,0.72528,-0.29197475015753854,0.2098501223831803,0.72582,-0.38047028995148124,-0.06761243998734291,-0.16426,0.06017192371827539,0.09507660776386756,-0.16648,0.025909747608104557,-0.18523291683307763,-0.47932,-0.09737397096508973,0.1370030777948495,-0.48318,-0.15380700886090465,-0.15745519705833086,-0.83197,0.05785779799060968,0.1420840226308983,-0.83608,0.009360576586000275
53,-0.0019143021652491266,0.50622,-0.027044450895148942,-0.15974634004785887,0.30105,-0.017733754743816523,-0.29442107764462266,0.48091,-0.17229181622636364,0.16131977346767667,0.2983,-0.07821007140603743,0.25464102406001926,0.46987,-0.26851733140649353,-0.2871680437831311,0.70438,-0.2998897923067234,0.20808199925633913,0.70347,-0.38773360466367224,-0.06622409705811033,-0.18512,0.0699402432211812,0.09694375471425815,-0.18749,0.03591146957312873,-0.19039324896577198,-0.48285,-0.10521704257513396,0.1378149167611883,-0.48745,-0.16400288143232955,-0.15739983268351085,-0.83281,0.05713520627601506,0.14195512581447256,-0.83737,0.008571978709566858
54,-0.002071097240870063,0.48418,-0.03257524896633731,-0.15842301366525502,0.27808,-0.02070976016805631,-0.2928678090444201,0.45842,-0.17793730616574222,0.1616333384121041,0.27581,-0.08069324639496317,0.25412388908398964,0.44774,-0.2738688331972591,-0.2851289565977243,0.68182,-0.30825090009518713,0.20618939621232074,0.68208,-0.39547252924773246,-0.06480077390952832,-0.20591,0.07935410343974779,0.09881135653132975,-0.20848,0.045558727445336296,-0.1956178790089771,-0.48606,-0.11307923952710856,0.138474966745505,-0.49189,-0.17408060111577994,-0.15731666055787713,-0.83361,0.056397557038560316,0.14162075868673868,-0.83865,0.0077698548887692245
55,-0.002199596660070303,0.46215,-0.038296859395164605,-0.1570651571215054,0.25613,-0.02372028613648711,-0.2913810735224738,0.43651,-0.18419047476156492,0.16214530396115215,0.25497,-0.0831454020336998,0.25347014286073305,0.42477,-0.27993750816594687,-0.2834780122550624,0.66002,-0.3164521794330364,0.20414274497614768,0.6606,-0.4035092274949899,-0.06357502996862108,-0.22558,0.08824634842014106,0.10033238473880231,-0.22827,0.05511782788377049,-0.2008865640368898,-0.48886,-0.1207305830742674,0.13909966819638442,-0.49623,-0.184070853770106,-0.1572168680757843,-0.8343,0.055696578821696374,0.14115434860063988,-0.84005,0.007140281516091088
56,-0.0023408721334340164,0.4402,-0.04420610183735852,-0.15576438274343418,0.23246,-0.027400067382343095,-0.28989838177721083,0.41389,-0.19052416445940523,0.1628058811726045,0.23135,-0.08619443167404603,0.2527990077773227,0.40198,-0.2859320371465938,-0.2820337573285982,0.6371,-0.32548012647028596,0.20189173566107052,0.63554,-0.4124745471805023,-0.06217257764028511,-0.24569,0.09736332245030836,0.10186382524463458,-0.24851,0.0643674180896713,-0.20637599863192235,-0.49145,-0.12807899159767294,0.13958014549025238,-0.5001,-0.1941879898060639,-0.15708192475081884,-0.83497,0.05507977553129718,0.14069562890295534,-0.84144,0.006611910208243851
57,-0.002599096978722031,0.41835,-0.05017392622563235,-0.15449248204762966,0.21092,-0.030898073188514952,-0.2884127638391374,0.39188,-0.19707160971248483,0.16346886541615713,0.21024,-0.08905704724250801,0.25223967451029716,0.3796,-0.2919259712717238,-0.28075002187781334,0.61512,-0.3340939074805276,0.1998190612406343,0.6129,-0.42083159335405373,-0.060570886480711655,-0.26421,0.10589988120834103,0.10344199215610725,-0.26775,0.0733579587964104,-0.21214698369864524,-0.49394,-0.13529652104753745,0.13968689452394467,-0.50296,-0.20366043429752467,-0.1569203393436865,-0.83557,0.05449889158746514,0.140154875138251,-0.84274,0.006136589931001114
58,-0.0029998737932739666,0.39676,-0.05621308038370098,-0.15332392605992393,0.18824,-0.034809412844386975,-0.2873354835848381,0.37044,-0.2040344587883802,0.16403527901436288,0.18754,-0.09189146510792016,0.2515018620943086,0.35713,-0.2974924183287624,-0.2796725011996442,0.59271,-0.34278302418984374,0.19788540153187972,0.59043,-0.4290913003785637,-0.05925127457049338,-0.28423,0.11503653937237507,0.10470992477105567,-0.28805,0.082961686816505,-0.21798809501911276,-0.49588,-0.1422782914921959,0.13976003150597632,-0.50521,-0.213035563682331,-0.15675237882257734,-0.83619,0.05389657500679618,0.13953677580732396,-0.84418,0.005740910493694185
59,-0.003490932071373379,0.3756,-0.062044399854241934,-0.1524219128896453,0.16639,-0.03861993619960262,-0.2863931742655371,0.34897,-0.21101412591129937,0.1644972116296788,0.16616,-0.09405149456579971,0.2506869053703078,0.33446,-0.30234461840068916,-0.2787189617526834,0.57196,-0.35136904553404563,0.19605654962762908,0.56882,-0.437044551330993,-0.05813383125196889,-0.3039,0.12416112026301795,0.1058373819821561,-0.3077,0.09255769078884357,-0.22359811000896132,-0.49783,-0.1489860282054006,0.14002539523686233,-0.50736,-0.22172363493493535,-0.15657980371165506,-0.83671,0.05343560447510226,0.13890471071119967,-0.84554,0.005381202675790005
60,-0.004063456007601351,0.35429,-0.06774458067088679,-0.1514589750352155,0.14568,-0.042315289320551425,-0.28559568395876445,0.32728,-0.21800887459946566,0.16488909190223403,0.14523,-0.09609052125811693,0.24997613755290718,0.31205,-0.30660593382080853,-0.27801512124991595,0.55101,-0.35975872422554883,0.19412512508662005,0.54628,-0.44471570504098923,-0.05768471284791754,-0.32219,0.12832641180853338,0.10658623218670854,-0.32589,0.09789879773133608,-0.22946591149636972,-0.49972,-0.15565846446994208,0.14032779589818833,-0.50931,-0.23014407161244974,-0.15645706384390026,-0.83717,0.05309511816867639,0.1382286146727548,-0.84627,0.005059721499359536
61,-0.004772065515470337,0.33547,-0.07252922136433052,-0.15067851023783496,0.12657,-0.04560580595172802,-0.2855560931053902,0.30861,-0.22360070190047635,0.16461400736259968,0.12514,-0.0978809540259287,0.24939791316366325,0.29235,-0.31005797040168126,-0.27781769668980294,0.53165,-0.36727722963174925,0.19233547315339405,0.52594,-0.45129488781378857,-0.05732423970582215,-0.33663,0.13134974756789386,0.10713667286752572,-0.34036,0.10119326507172687,-0.23267252712944436,-0.50136,-0.15783470346916095,0.14105056319963238,-0.5106,-0.23301316684055967,-0.15638795543683467,-0.83773,0.05268082355361019,0.13754564840200997,-0.84686,0.00498721582354739
62,-0.005510076862855104,0.31513,-0.07708325301234652,-0.149853393816407,0.10922,-0.04881585375372256,-0.28563291865821383,0.28578,-0.22933447010597902,0.16441096277431017,0.10906,-0.09909006481289834,0.2486336688428329,0.27069,-0.3130101104081983,-0.27782581991962774,0.50988,-0.37550075284343515,0.1905279096316584,0.50384,-0.4582060030721887,-0.056763870444190644,-0.351,0.13489632088457837,0.10779853378861468,-0.3546,0.10514842184752417,-0.23533126763870746,-0.5028,-0.1590921210228811,0.1422261978131401,-0.51115,-0.23492637965034394,-0.1563045339682165,-0.83836,0.052232526934647264,0.13680862946323682,-0.84717,0.004953688463232617
63,-0.006201802866264081,0.29596,-0.08122505939799612,-0.14906161606126822,0.090729,-0.051811860593912906,-0.28575789105720223,0.2647,-0.23459265248199937,0.16419328187049972,0.091912,-0.10043976997481938,0.24766606381503625,0.24967,-0.315733461379003,-0.2781282438490964,0.48878,-0.3835505317079062,0.1886282404485983,0.48125,-0.465121186149659,-0.05620191733122765,-0.36527,0.13871678011074887,0.10850854993199167,-0.36837,0.10939971554193578,-0.23767843880010792,-0.50435,-0.15973429509514653,0.1435633733166521,-0.51165,-0.23626897477651096,-0.15616050928559258,-0.83903,0.052127928221485605,0.13647508427544025,-0.84743,0.004904866258266735
64,-0.006820889254333988,0.2779,-0.08493187097185667,-0.14837221325232317,0.072147,-0.05469741214725911,-0.28605204129836637,0.24393,-0.2396585359820044,0.16393987931068676,0.07371,-0.10193447501016255,0.24652342855944304,0.22983,-0.31783700236331386,-0.2785581460157137,0.4669,-0.391344284598981,0.18673080643328388,0.45811,-0.4714478159126156,-0.055792271740581004,-0.37946,0.14263517512530058,0.10958981455586728,-0.38218,0.1137581706367091,-0.23987620040155383,-0.50602,-0.16004741478984774,0.14517969582739984,-0.51272,-0.23712261494733827,-0.15603102118129575,-0.83979,0.051998476180769276,0.13634671197119333,-0.84737,0.004925470905857411
65,-0.007401775447555872,0.25915,-0.08840476216372034,-0.14778346938253642,0.055601,-0.056483785472123904,-0.2865500990172396,0.22377,-0.2447290821565965,0.1636050651494038,0.058143,-0.10285430949386293,0.2451120171025001,0.21007,-0.32002515631109957,-0.27896963790785256,0.44539,-0.39822739976747157,0.1851651366068612,0.43949,-0.4765839699206872,-0.055374104747619377,-0.39261,0.1460951256113621,0.11052861554689504,-0.39467,0.11782696366403858,-0.24168013507134287,-0.50741,-0.15973948670224736,0.146914693954478,-0.51314,-0.23741838766250198,-0.15591376236041954,-0.84051,0.05191484383698582,0.13631240532682204,-0.84727,0.00501884678149981
66,-0.008116336535248157,0.24148,-0.09163373529026629,-0.1472092122224799,0.039127,-0.058237141600845005,-0.28712125726744187,0.20314,-0.2490048602440592,0.16322882476846517,0.043055,-0.10372114521979445,0.24361542186895233,0.19053,-0.3220053590044929,-0.2796968390940852,0.4238,-0.40511577246606606,0.18373741199302118,0.41901,-0.4822623149636583,-0.0548880905653711,-0.40557,0.14946187867843633,0.11140770498677659,-0.40691,0.12180474278770656,-0.24333808505995672,-0.50859,-0.1594674539188272,0.148828693958875,-0.5135,-0.23773556897211554,-0.15577832034948516,-0.8412,0.05187674578357028,0.13631240532682204,-0.84744,0.00501884678149981
67,-0.008899235122072798,0.22421,-0.09457649348671195,-0.14669763670309238,0.022288,-0.05913664117725591,-0.2877376842557725,0.1836,-0.2526735545305946,0.16248304594217897,0.028528,-0.10449540482888116,0.2419531457991693,0.17204,-0.3239461934301527,-0.28077452729471897,0.40248,-0.4118611107186828,0.18247130039634638,0.39839,-0.4878879226130386,-0.05452805964834744,-0.41694,0.15233297842222565,0.11219828612888359,-0.41753,0.12532087780470247,-0.2447874889386613,-0.5095,-0.1592220391751869,0.15056542856772986,-0.51399,-0.2380214936097491,-0.15565151087883722,-0.84181,0.051847277866202496,0.13631240532682204,-0.84762,0.00501884678149981
68,-0.009606656857579794,0.2075,-0.09665929340224205,-0.1462672252260134,0.006783,-0.059575041633914735,-0.28826034122816296,0.16469,-0.25581045263050345,0.16142994280292386,0.014958,-0.10516978067222892,0.2402387512336991,0.15434,-0.32600984341837413,-0.28180190560860335,0.38233,-0.4179756011962419,0.1808876228118661,0.37863,-0.4926655020533425,-0.05403530863033486,-0.42893,0.15557669240996372,0.11266447975607506,-0.42871,0.1291683762779921,-0.24614190904800506,-0.51009,-0.1588410586410315,0.15216076904283565,-0.51399,-0.23795755013088535,-0.15552418046365632,-0.84238,0.05182076437209374,0.13631240532682204,-0.84779,0.00501884678149981
69,-0.010395907756825792,0.19137,-0.09891247227175938,-0.146023232629296,-0.008295,-0.05997650970580479,-0.2886799749626,0.14698,-0.2583054892091777,0.1602551897697539,0.001093,-0.1058430148893169,0.2383963316603373,0.13793,-0.3280509191434989,-0.28274997657389084,0.36219,-0.42369790505437266,0.17938908091921665,0.35993,-0.4973057792213546,-0.05347618554063434,-0.44051,0.15892040013800507,0.11305976722504964,-0.43995,0.13302837742007376,-0.2473289118393367,-0.51041,-0.15848959829707948,0.15378620052127473,-0.51416,-0.23766536438705216,-0.15543624235859588,-0.84298,0.05180119680509167,0.13635328655955767,-0.84801,0.005135520363813959
70,-0.011098056373389476,0.17657,-0.10059104676228928,-0.14597644914234265,-0.020567,-0.06022947671027076,-0.28915346367450084,0.1296,-0.26093318942794363,0.1591337948119017,-0.01047,-0.10655916665291429,0.23667499116776042,0.12244,-0.33015396144184084,-0.2835776594834582,0.34308,-0.42867986661596763,0.1779373999921503,0.34283,-0.5015075315327113,-0.05315323963882459,-0.45097,0.16186911883338861,0.11360575013456047,-0.44987,0.13630332225358197,-0.24840882357364472,-0.51068,-0.15758838209321727,0.15545616162800333,-0.51436,-0.236832700047709,-0.1553207440618833,-0.84358,0.05188034314712017,0.13639444117766472,-0.8482,0.005368919801277853
71,-0.011736747089882153,0.16344,-0.10204218533894764,-0.1460276753547544,-0.032729,-0.06051999499740937,-0.28977588730277426,0.11768,-0.26313861202394806,0.1580338324908864,-0.021104,-0.10726894330253492,0.2352514483807678,0.11024,-0.3325836786956794,-0.2842531508945826,0.32743,-0.43251076877518513,0.17681056136925605,0.32833,-0.5047308271626457,-0.05272536572057587,-0.46096,0.16426115978414227,0.11420905260896515,-0.45945,0.13895890413414547,-0.24936770431194183,-0.51084,-0.15640387893588809,0.15687406841085805,-0.5145,-0.23552911255347062,-0.1552569172273087,-0.84413,0.05195438458948986,0.13641438667570946,-0.84841,0.0056547994562163376
72,-0.012489723590498221,0.15142,-0.10312792720031248,-0.1460276753547544,-0.043262,-0.06051999499740937,-0.2905228870177729,0.10476,-0.2651291374384534,0.1568428322238226,-0.030939,-0.10774638163766723,0.23400976153674344,0.098682,-0.33473067980918103,-0.284754946043266,0.31261,-0.43570211670807457,0.17583541555883586,0.31471,-0.5073817686271861,-0.05252029567629888,-0.46997,0.1663167792228858,0.11484611976547557,-0.46821,0.14125313307609866,-0.2502466588037382,-0.51093,-0.15511161773885745,0.1582803906344059,-0.51448,-0.23423363665498573,-0.1552305725729002,-0.84461,0.05204620484424934,0.13644209647315228,-0.84856,0.005927124936342013
73,-0.013231529526430613,0.1396,-0.1041445588707888,-0.14607708939058267,-0.05255,-0.06051229739627903,-0.2912340635557524,0.092298,-0.26645579788175744,0.15574026696396523,-0.039413,-0.10806780635320049,0.23298411350047793,0.08723,-0.3366314549420425,-0.2853227996266239,0.29845,-0.4387498112970824,0.17486605000687563,0.3016,-0.5099423409121788,-0.0523509400753083,-0.47793,0.16817561075920456,0.11541847082879052,-0.47601,0.14320337389720825,-0.2509732535003826,-0.51099,-0.15387668448284392,0.15942604825235754,-0.51448,-0.23303435827928243,-0.15520621195942993,-0.845,0.05224194845336942,0.13648434284892222,-0.84872,0.006224303744022341
74,-0.014001476704515629,0.12964,-0.10483129196519952,-0.14614602593329354,-0.060206,-0.060500142023842345,-0.29184626063246166,0.08035,-0.26722111790584446,0.1542792767421309,-0.047854,-0.1082336272556962,0.2320481917034693,0.076397,-0.3380809549902951,-0.2860407297526141,0.28647,-0.44149687815724353,0.1738062671905936,0.28911,-0.5121518794120274,-0.051849314309316476,-0.48567,0.17008755102785655,0.11618980533104951,-0.48383,0.1451591456337933,-0.25159734768742953,-0.51109,-0.15240596817923735,0.16037705161461321,-0.51462,-0.23172967724355828,-0.1551659255822112,-0.84535,0.05247042385206825,0.13651071332954062,-0.84889,0.006546621285822285
75,-0.014687654574635783,0.11978,-0.10472045455925112,-0.14618936049908055,-0.069701,-0.060054852100974054,-0.2924352885905574,0.069561,-0.26797021473842464,0.15277767867293243,-0.056372,-0.10839939588535634,0.23115858410130094,0.066578,-0.33932538189219175,-0.28667640229480995,0.27447,-0.4442381407165578,0.172739466320044,0.27762,-0.5138829299319704,-0.05140757676730301,-0.49375,0.17234514198814496,0.1163193588153581,-0.49137,0.14747178306640213,-0.25195559186593713,-0.51115,-0.15063688335691663,0.16093815160996028,-0.51462,-0.23010238907140756,-0.15515932695145987,-0.84565,0.05250784654668272,0.13653482638384934,-0.84908,0.006856136326833063
76,-0.015402625003322647,0.11108,-0.10459438598226492,-0.14639157957978696,-0.075605,-0.059704413171346865,-0.2929860899071794,0.059539,-0.2686752806286841,0.15158481992833409,-0.062446,-0.10842667253169089,0.23028979023806556,0.057325,-0.3402790051003849,-0.28720262840030175,0.26353,-0.44670422791815856,0.17161181646014995,0.2667,-0.5154407828754413,-0.051005569214810566,-0.5005,0.1745386585546972,0.11634265341995095,-0.49791,0.14949852882287895,-0.252034640952435,-0.51112,-0.14872409710594037,0.16130114842844512,-0.5145,-0.22856202115763832,-0.15518140431241056,-0.8459,0.05255540272539225,0.13653257074136257,-0.8494,0.007246457876426436
77,-0.016217660058642242,0.10346,-0.10472483849699803,-0.14665504481479003,-0.080766,-0.059240616804452084,-0.29349690405816403,0.050392,-0.269499094262435,0.15039543414728906,-0.067023,-0.1084342530229652,0.22939723240069973,0.048918,-0.34113704968370023,-0.28767554629907266,0.25283,-0.4492711031899671,0.17020266421333954,0.25605,-0.5172130102720554,-0.050703549973728286,-0.5056,0.1763436351135522,0.11622198104364864,-0.50243,0.15121556906049646,-0.2520221551907383,-0.51111,-0.1468680679828513,0.16159002330127611,-0.51439,-0.22721166886736482,-0.15522265688388848,-0.84616,0.052609386290914155,0.13651972256003814,-0.8497,0.007576706153086064
78,-0.01717697154380893,0.09634,-0.10502278224072707,-0.14692476138418906,-0.085185,-0.05881227351666575,-0.2939932074570314,0.041752,-0.2705285518556717,0.14933464418726555,-0.070286,-0.10840358283037879,0.22820283308106643,0.04028,-0.34174894041353654,-0.28817915005669376,0.24297,-0.4519544189103605,0.16873675483864192,0.24696,-0.5190767725168638,-0.05025652667116225,-0.51047,0.17849875139045301,0.11636415616785264,-0.50702,0.15357675228804518,-0.2518272426729434,-0.51111,-0.1446684977724677,0.16200680297006376,-0.51418,-0.2250207570234776,-0.15532131130736734,-0.8464,0.052625766300927836,0.13645202738078085,-0.84984,0.007826252466834282
79,-0.018049073175967642,0.090308,-0.10510255531379133,-0.14719068351988937,-0.088394,-0.05859276174535359,-0.2944443382873184,0.034761,-0.2714745861964673,0.1483700036652497,-0.073355,-0.10828832371670452,0.22709009648971057,0.032998,-0.3422432250261412,-0.288655540919018,0.23388,-0.45454099033722917,0.16735367386086863,0.23878,-0.520873905513868,-0.04954479917437826,-0.51481,0.18044472491810484,0.1164901844157723,-0.51132,0.15582908571822965,-0.2516108975183115,-0.51111,-0.14246255244810732,0.16238595085289453,-0.51398,-0.22298567793829563,-0.15543879364501817,-0.84654,0.05265054331325991,0.13633690220663353,-0.85003,0.007979573027352253
80,-0.018886939670500275,0.086232,-0.10517821069918845,-0.1473582744860791,-0.089519,-0.05856422636290323,-0.29487403648076854,0.028695,-0.27241424542328607,0.14761963964300606,-0.075046,-0.10816718398696079,0.22614299264981616,0.027014,-0.34243162437979524,-0.2891139961504457,0.22584,-0.4569682560418393,0.1661397226404971,0.2316,-0.5225180838602035,-0.049003733013491965,-0.51703,0.182004465732966,0.11651249002455051,-0.51348,0.1574701437488358,-0.25144433952207323,-0.51113,-0.14048137642516315,0.1627199982943059,-0.51404,-0.22155190239558104,-0.15557267282235354,-0.84667,0.05269750463645257,0.13620138628471526,-0.85022,0.008132427320411514
81,-0.019590406043164543,0.083442,-0.1052978729845192,-0.14741753659943746,-0.089672,-0.05855479227999623,-0.2952359638001546,0.024121,-0.2733150831531143,0.14706276420781156,-0.075496,-0.1081004700478107,0.22520980470652208,0.022133,-0.34271386587655034,-0.28947166331166563,0.22007,-0.4593422135397287,0.16515803341939117,0.2254,-0.5239392053445125,-0.04872708982832026,-0.51857,0.18341790039650654,0.1164693038237226,-0.51505,0.15892981869623268,-0.2513327781295584,-0.51113,-0.1387545139362254,0.1629793289345465,-0.51408,-0.22019634065997756,-0.15569878770029077,-0.84679,0.0527309117848324,0.13605775876704357,-0.85042,0.008296866172777563
82,-0.020360011353787406,0.082286,-0.10552772438403875,-0.14746920806157546,-0.089672,-0.058559897179655054,-0.2954704609671659,0.021555,-0.27412669332965456,0.14651052740481718,-0.07553,-0.10806503682302762,0.2243628940813186,0.019381,-0.3427371552070989,-0.2898224085881658,0.21632,-0.46150415196415545,0.16432634861375672,0.22195,-0.525143074267642,-0.04853361271947329,-0.51951,0.18469368549139997,0.11629029046820161,-0.5161,0.1602814381761697,-0.2513248829152878,-0.51118,-0.13721245762545345,0.16314771958210947,-0.51397,-0.21889582361287152,-0.15581175518532225,-0.84695,0.0527812937987428,0.13587374691878226,-0.85054,0.00852021262943058
83,-0.02107607532396008,0.082286,-0.10586855922765154,-0.14768467605620436,-0.089672,-0.05874529821333768,-0.29572408347610757,0.021555,-0.27487400559568403,0.14626578856296932,-0.07553,-0.10812850255623051,0.22366658272710338,0.018418,-0.3426549937928525,-0.29013207315754286,0.21535,-0.46331793471147453,0.1636574424939342,0.22081,-0.5263451826666077,-0.048394641904504154,-0.51951,0.18552213954117394,0.11644812944898474,-0.5161,0.16122841645266037,-0.25145302813511433,-0.5113,-0.13632674954564633,0.16329757974325895,-0.51419,-0.2176428104716395,-0.1559225890236248,-0.84718,0.05290136402938771,0.135745524220326,-0.85054,0.008714428848116355
84,-0.021781796718695314,0.082286,-0.10601828669010564,-0.1478894277324148,-0.089624,-0.058927511690031936,-0.2960246390777933,0.021555,-0.27554196242834267,0.146164256031454,-0.07553,-0.10824362051766175,0.22310697878966312,0.018418,-0.34254616625405226,-0.2904110518680697,0.21535,-0.46501527701020895,0.16303023597913874,0.22081,-0.5274835639681925,-0.048343765392686464,-0.51951,0.1858279508891407,0.11643587790700011,-0.5161,0.16184998696331784,-0.2517490893589219,-0.51144,-0.1359902265126195,0.1632261676089326,-0.51426,-0.21649294078029574,-0.1560254849143516,-0.8474,0.053008864892972817,0.13561643328098144,-0.85054,0.008903721028037066
85,-0.022413966980906575,0.082286,-0.10603882347602141,-0.1481078477460641,-0.089324,-0.05912965445551578,-0.296419631678097,0.021555,-0.2761120333412169,0.14595781774206373,-0.07553,-0.10837781154818775,0.22265396722327746,0.018418,-0.34246628809232543,-0.29065993957526337,0.21535,-0.46648437704397383,0.16257275407726196,0.22081,-0.5285807924354933,-0.048343765392686464,-0.51951,0.1858279508891407,0.11605081807557233,-0.5161,0.1619178834007856,-0.25203527846281226,-0.51158,-0.1358280667247114,0.1630962859073294,-0.51427,-0.21561708077801872,-0.1561345083598936,-0.84763,0.05302402696150413,0.13552720572769344,-0.85055,0.009031151180411773
86,-0.022994822694290012,0.084422,-0.10598717427244753,-0.1483438302680447,-0.087959,-0.05925863604071178,-0.29714420138432085,0.02218,-0.27693877316777826,0.14575768065566638,-0.073805,-0.10841867897590696,0.22204859586173992,0.018418,-0.3423290819895816,-0.2912396181417979,0.21535,-0.4678139155953141,0.16241763638600848,0.22081,-0.5295180962826316,-0.04897971806740298,-0.51768,0.1859299322380281,0.11519919250294612,-0.51449,0.16205789370058207,-0.25226932502862864,-0.51197,-0.13571571813758382,0.162993617101023,-0.51435,-0.21464447648221718,-0.15625042786394538,-0.84788,0.05305766724361332,0.13542969293047435,-0.85057,0.009169181084340255
87,-0.023407766591754066,0.089456,-0.10577220139614171,-0.14855436398653799,-0.084491,-0.05993434274733633,-0.29792207929726555,0.025842,-0.27766472492413186,0.145462635494715,-0.071053,-0.10830674438340249,0.22150521511580654,0.019872,-0.34224342356939497,-0.2920864325974534,0.21727,-0.468527711979231,0.16230072129384177,0.22242,-0.5302387424241072,-0.04997611037972198,-0.51426,0.18609546881994155,0.11441256424201873,-0.51147,0.1621864432206525,-0.2522965860086995,-0.51239,-0.13546720890442418,0.16283599977576707,-0.51445,-0.21427143924710632,-0.1563022231056641,-0.84807,0.053109448059899846,0.13539022670936998,-0.85057,0.009290883251090648
88,-0.02382143393279317,0.098234,-0.10535401563483743,-0.14954369015981536,-0.077449,-0.06059254767201276,-0.29893804755270986,0.032218,-0.2783588491953754,0.14516701952063363,-0.065408,-0.10825563473785542,0.22100584126980677,0.024991,-0.3420233650273399,-0.2929970703200378,0.22262,-0.4685093017047526,0.1621664413839083,0.22721,-0.531057869340884,-0.05146586733391311,-0.50629,0.18617537637552412,0.11343830396772471,-0.50426,0.16232776879488636,-0.2522439207422695,-0.51252,-0.13511094163156312,0.16266736870433424,-0.5142,-0.2138456886607915,-0.15638269433908483,-0.84807,0.05317136236028144,0.135411585435223,-0.8504,0.009412014604711152
89,-0.024222479633936873,0.1099,-0.1048872840785932,-0.15065096974667966,-0.07076,-0.06117105948391782,-0.3000821610279807,0.04067,-0.2781672653868119,0.144792271629956,-0.059933,-0.10819260285360102,0.2205110579712331,0.03303,-0.3414893336729677,-0.29408209533012786,0.23188,-0.4683281367868489,0.16225507408167944,0.23469,-0.5310734976768741,-0.05275457087604457,-0.49758,0.18595582187090673,0.11316750168997174,-0.49615,0.16181703390635438,-0.252136258872116,-0.51251,-0.13450036082469558,0.16250742004178478,-0.51397,-0.21337069768682604,-0.15646264462797263,-0.84807,0.05323623108392208,0.13542292243536824,-0.8502,0.00953389763235531
90,-0.02451004349781644,0.12517,-0.10483657881071445,-0.15179831041016517,-0.057995,-0.061516067312687786,-0.3017881857355984,0.053264,-0.2779375270639357,0.14438239872261566,-0.048331,-0.10798324860877093,0.22027927061554933,0.045179,-0.3409610585346684,-0.29553323569060913,0.24496,-0.4680925701207388,0.16240279524463125,0.24724,-0.5310995449035241,-0.053685206912500595,-0.48492,0.18440384713926658,0.11274316138423517,-0.48354,0.16025701970612177,-0.2520974614175124,-0.51251,-0.13439550493541758,0.1623515151559185,-0.51397,-0.21281518561084295,-0.15650818853529533,-0.84807,0.05332346497931705,0.1354420237349116,-0.85004,0.009642226485186662
91,-0.02506524193678597,0.14299,-0.10474883661239577,-0.15316431686263862,-0.043934,-0.06154632242466835,-0.3037021857399954,0.068092,-0.27762034575432204,0.1437262740084254,-0.035361,-0.10778835284322247,0.22000399908828785,0.059777,-0.34016110504459596,-0.29739625882557896,0.2616,-0.4677742231424786,0.1625702125626433,0.26254,-0.5311290650937275,-0.05462543385037037,-0.47044,0.18267078675217557,0.11218869367898124,-0.46934,0.15842547675990662,-0.25179043453230193,-0.51251,-0.1344394877929642,0.16224311417592624,-0.51384,-0.2122782040212734,-0.1565590656675288,-0.84804,0.053438040358067006,0.1354652427221221,-0.8498,0.009716320200391926
92,-0.025775127320139382,0.16448,-0.10411595136015712,-0.1545621490163991,-0.025889,-0.061411543828766,-0.3056225608583692,0.086985,-0.2772817318078715,0.14290057250328422,-0.01854,-0.10786412239124557,0.21995637497047896,0.077705,-0.33927944074147204,-0.2995137157064901,0.2789,-0.4665377457437842,0.16261362460706005,0.28178,-0.5308828631554744,-0.055404775402711645,-0.45274,0.18080781526962567,0.11153659304199766,-0.45153,0.15593081330379766,-0.2506104738376249,-0.51206,-0.1341398333936684,0.16187511808943642,-0.51361,-0.21119788977054435,-0.15653822788620878,-0.84788,0.053556217288428465,0.13554946030446766,-0.84947,0.009790827910220314
93,-0.02628640665260002,0.1922,-0.10243157923850509,-0.1560120738396367,-0.001959,-0.061169083508384764,-0.30767514901563975,0.11392,-0.27596530412028947,0.14186749055688058,0.003222,-0.10796425076891603,0.21995233119379573,0.10389,-0.3393599618434897,-0.30229101782430645,0.30582,-0.4650122973027109,0.16274212425853357,0.30945,-0.5301541054182454,-0.05603586158554304,-0.43116,0.1779946641485802,0.11098273167046273,-0.43006,0.15265725765571078,-0.24830324175708784,-0.5102,-0.13372416510459573,0.16128166167646568,-0.51239,-0.2092654794916688,-0.15661133198518365,-0.84809,0.053544737274792864,0.1357072031931273,-0.84959,0.009764029009546614
94,-0.026556894207356747,0.22288,-0.10021087203522011,-0.1575212607762327,0.023332,-0.06091718910509654,-0.3095685035778127,0.14354,-0.27414893177357774,0.14078908821992883,0.028529,-0.10791828991974017,0.21998532434755244,0.13203,-0.3391728483704174,-0.30498449417326073,0.3364,-0.46226280913986606,0.16317058465617593,0.33931,-0.528645589031973,-0.056803683415597966,-0.4076,0.1749416122922746,0.11022760360746416,-0.40642,0.14913487130431885,-0.2453003653050134,-0.50761,-0.13276097612335852,0.16039728135785644,-0.51046,-0.2064491216571498,-0.1566704204503644,-0.8483,0.05355515616545288,0.13596377415344343,-0.84959,0.009721834906612253
95,-0.026736256720480436,0.25453,-0.09760006199063895,-0.1595826346472262,0.052653,-0.06057199095332686,-0.3112927043401968,0.1753,-0.27235223153953925,0.13982519215922054,0.056949,-0.10774122105135547,0.22002005398308583,0.16505,-0.33897588681981494,-0.3073241067138085,0.36943,-0.45894615221457047,0.16360772746270164,0.37399,-0.5270878322580501,-0.05771855942592686,-0.38308,0.17128492555620808,0.10929235189521233,-0.38147,0.14495375551607168,-0.24164354408642863,-0.50388,-0.13131399354733758,0.1589184712967256,-0.50697,-0.2030303907810646,-0.15677525229725542,-0.84797,0.0534213268567144,0.13624381166013164,-0.84959,0.009639963086992453
96,-0.026853783652683805,0.28792,-0.09475949912032487,-0.16170912480102193,0.083699,-0.06019297165855425,-0.3129097659607834,0.2089,-0.2703510289722747,0.13931093443853834,0.087316,-0.1075479854523611,0.22231812901115766,0.1999,-0.3393607909187186,-0.30945881440470924,0.40325,-0.45446742214072033,0.16406340075564083,0.40936,-0.5254825715782532,-0.059115951526581015,-0.35684,0.16659635015241755,0.1078397540994923,-0.35519,0.139848435188818,-0.23737269313980994,-0.49911,-0.12978234992306784,0.15704573813438982,-0.50267,-0.19954220063391268,-0.1581418144395863,-0.84731,0.05114199978252168,0.13723612009897415,-0.8489,0.005938415712960627
97,-0.026777551637121096,0.32161,-0.09141898678240376,-0.16312528618298536,0.11515,-0.05947109082334983,-0.3141486049433161,0.24483,-0.26799003808382194,0.13894214045449826,0.11745,-0.10739359958080594,0.22499494940563924,0.23441,-0.3389798282227924,-0.3113580275566608,0.43776,-0.44801967141636273,0.16484848285779127,0.4468,-0.5224122546413746,-0.0604108995785349,-0.33195,0.16171708857480763,0.10647446232632819,-0.33031,0.13427077847886082,-0.23228921060232616,-0.49305,-0.12750041975518417,0.15484851709952896,-0.49751,-0.195418001351147,-0.15958455647949318,-0.84648,0.04889133667883751,0.13825596290325892,-0.8482,0.002105084960918928
98,-0.026669880304861667,0.35663,-0.08754888821980751,-0.1644920575715075,0.1498,-0.05858428082593367,-0.31466123390739614,0.28218,-0.2641019522379093,0.13878166906359285,0.15062,-0.10732468708048207,0.22752285892613527,0.27018,-0.3383492146674468,-0.31289811937010187,0.47618,-0.4413204612236481,0.1658060715113488,0.48621,-0.5184787798453988,-0.06126240711119157,-0.30495,0.15601837504262958,0.10551620560411007,-0.30345,0.12847919078166384,-0.22663989326774725,-0.48571,-0.1243129891828852,0.15246698857247126,-0.49076,-0.19061143065315342,-0.1610809059377023,-0.84545,0.046394238503170926,0.1392942364567634,-0.84761,-0.00179648293264556
99,-0.02639906197270243,0.39195,-0.08341003687783273,-0.1660814904409268,0.18221,-0.05780849274042994,-0.31483562739905974,0.32045,-0.2597353303273169,0.13877420219195316,0.18245,-0.10736703381386159,0.23008859257168396,0.30689,-0.33894378246013246,-0.31410454221616557,0.51576,-0.4346293145419129,0.16691135728547124,0.52667,-0.5143987255127308,-0.06156395806871895,-0.27781,0.14960327909478796,0.10478371865732485,-0.27691,0.12169329276645688,-0.22061937134938206,-0.4773,-0.12028728230949207,0.15008938361016186,-0.48294,-0.18486120503643177,-0.16229036813166445,-0.84423,0.04454516787137335,0.1404594468281424,-0.84686,-0.004978156358758128
100,-0.025924439545098123,0.42617,-0.07852422777889989,-0.167490482379009,0.21546,-0.05698836426365367,-0.314549516626488,0.36047,-0.2551757425580313,0.13877698056279583,0.21476,-0.10735127688981339,0.23160854926294117,0.34508,-0.33832837068196886,-0.31486380588146445,0.55607,-0.42759053491142607,0.16813068004372395,0.56698,-0.5097295230100322,-0.06144300664587871,-0.25013,0.14255519994133678,0.10377822668355129,-0.24944,0.11440720253295875,-0.2146783491187097,-0.4681,-0.11527274794879049,0.14784315640736248,-0.47419,-0.17825072371103615,-0.1634940741095537,-0.84248,0.042959093182465644,0.1416770250381929,-0.84545,-0.00774766160381728
101,-0.02526360314041292,0.4565,-0.07345192108014412,-0.1689025501156923,0.24445,-0.05612809180273323,-0.3140270760355805,0.39925,-0.2504852035880437,0.13877698056279583,0.24494,-0.10735127688981339,0.2330508389178302,0.38254,-0.33740479039233506,-0.31534032936403933,0.60075,-0.4209062379872496,0.16968426662487088,0.60751,-0.5051801858346977,-0.06184776170225321,-0.22447,0.13554904569351012,0.10286362661768136,-0.22412,0.10752141051464228,-0.20942260045368866,-0.45859,-0.11040139228838859,0.14586277921310237,-0.46465,-0.17134187386692648,-0.16401448699508397,-0.84028,0.04242636864898325,0.14247414315353413,-0.84341,-0.009158513725832491
102,-0.024456058610977494,0.48316,-0.06861872257056695,-0.17039449423027947,0.27432,-0.055317706857815896,-0.31339097693457657,0.43315,-0.24664735550171957,0.13900018524679006,0.27574,-0.10781305136836655,0.2344055894164339,0.4174,-0.3359986783461122,-0.31460799085963764,0.63738,-0.4134704407660385,0.171625232896537,0.64492,-0.4994704879501985,-0.0629083025525859,-0.19863,0.12796803407864132,0.10146571070268862,-0.19881,0.09993896162957817,-0.2042238733828117,-0.44815,-0.10372267707941835,0.14399341664061419,-0.45426,-0.16293961324417855,-0.16409647119350684,-0.83615,0.042537290203286095,0.1431844443153336,-0.84007,-0.009449273522823678
103,-0.0236772801934831,0.50705,-0.06396018232962827,-0.17194245101144628,0.30264,-0.05453704700638269,-0.3128661328792145,0.46688,-0.2425766505606128,0.13926890979572001,0.30328,-0.10818943297897259,0.2353925121252568,0.45311,-0.334720639392555,-0.3136039740034628,0.67158,-0.4059911593732497,0.17358532451013348,0.6834,-0.49382508797621005,-0.06410280548777689,-0.17419,0.120197404005229,0.10019309850605776,-0.17501,0.09232426405206492,-0.19914222970081039,-0.44429,-0.09655622066852906,0.1422311691675366,-0.45016,-0.15416022352486256,-0.16414665373302964,-0.83233,0.0426558048130481,0.14348613797563325,-0.83663,-0.009465914897015319
104,-0.022905100406740042,0.52773,-0.059339064783304064,-0.1728950581567833,0.3319,-0.05389284158366969,-0.3123001840743423,0.50112,-0.2383304167057405,0.13976190852774298,0.33214,-0.10838805888419074,0.23588189363940448,0.48627,-0.33390320087278086,-0.3124818763864744,0.70337,-0.3978422087084126,0.17587663354187888,0.71808,-0.48722266395763614,-0.06543138707469079,-0.14985,0.11224225316021587,0.09819484586327262,-0.15113,0.08408406991748275,-0.19339405932105405,-0.44145,-0.08774044859313532,0.14044727267613918,-0.44759,-0.14383356804944458,-0.16413496943652908,-0.82883,0.04277965745619828,0.14374635554768042,-0.83327,-0.00948742803713643
105,-0.021985318428148534,0.55153,-0.05472163410035297,-0.17366866342480147,0.36025,-0.05327004475540661,-0.311603356195929,0.53269,-0.23380263237917792,0.1402671846279605,0.35886,-0.10897775801302591,0.2362911084831816,0.51875,-0.33146725275928735,-0.31108291501476976,0.73866,-0.3894476028760653,0.17839649118546674,0.75316,-0.47869061159867515,-0.06728108265472152,-0.1259,0.1017175556224614,0.09568816516129515,-0.12797,0.07327716935079233,-0.18711319155228126,-0.43967,-0.07717052900634608,0.13872614779080095,-0.44583,-0.1308474089125377,-0.16411135328436638,-0.82592,0.04291359131060794,0.1437527805302541,-0.83028,-0.00945099015027498
106,-0.020964766992843047,0.57826,-0.0503331805267241,-0.17413635939148195,0.38853,-0.052985507441947056,-0.31071075647794694,0.56216,-0.2290859740553793,0.14067211969151938,0.38598,-0.10950305468567917,0.23668643147274532,0.55002,-0.32911008926603486,-0.30988769282406536,0.77225,-0.38226604706169975,0.18034573114543745,0.78519,-0.4699970183497099,-0.06968965314487548,-0.10125,0.0873149921980581,0.09259912857739025,-0.10348,0.05873565667214376,-0.1799495071511873,-0.43967,-0.06401259110553793,0.13666424863338428,-0.4451,-0.11466857097946463,-0.16397672607807762,-0.82345,0.04373468784289077,0.14387941992037018,-0.82755,-0.008675194774630707
107,-0.01999454948667398,0.60206,-0.04640294796481087,-0.1745274782956343,0.4142,-0.05266979395979163,-0.3097085660689389,0.59148,-0.22512990095391977,0.1412987500417162,0.41066,-0.10963487048219925,0.2373069022377592,0.57988,-0.3253608738774818,-0.3084424172575206,0.80141,-0.3736663680829966,0.1822304808558015,0.81589,-0.45994153633593843,-0.07215566938374271,-0.079185,0.07360594011887907,0.08956225074081453,-0.081679,0.04444388078509197,-0.17309773761048833,-0.43967,-0.051068742251308,0.13476500259837593,-0.44489,-0.09883421085666508,-0.16383393740743848,-0.82124,0.04460207033956517,0.1440206457574103,-0.82505,-0.007816675547733423
108,-0.019039154585812776,0.62398,-0.04210759447721425,-0.1745780820424963,0.43657,-0.05243849272589193,-0.30859169573550965,0.61725,-0.22104173502549834,0.14178991433859162,0.43118,-0.10955596146196173,0.2357872216468302,0.60659,-0.31964007228141555,-0.3067046976850436,0.82795,-0.36438714771232805,0.18415735673000058,0.84309,-0.4487257416977761,-0.07443539897537675,-0.060125,0.06080940285331273,0.08663738078731137,-0.062527,0.030752780546064635,-0.16630560330571303,-0.43967,-0.038347926216717496,0.13274872125926587,-0.44469,-0.08285736305863067,-0.16212916205125513,-0.81926,0.047935684292162245,0.14361563057870974,-0.82235,-0.002972755368269051
109,-0.018029670953342694,0.64471,-0.038110159450128134,-0.17462203729001013,0.45679,-0.0521118982736794,-0.30734989488370823,0.64101,-0.2155540004615398,0.14234058830798701,0.45068,-0.10960025795652191,0.2347082289531412,0.63071,-0.3128596980463924,-0.3041910290204944,0.8534,-0.3530108095560995,0.18640952550956666,0.8695,-0.4356075316145236,-0.0766265433335979,-0.043293,0.04792210405172379,0.08365384838444409,-0.045691,0.0169247872208912,-0.15937648819879133,-0.43972,-0.02548371820242336,0.13042732494872258,-0.44443,-0.06642257546738398,-0.16041195793726362,-0.81793,0.05145496064261991,0.1431837996696646,-0.82056,0.0018342606568751557
110,-0.017084757996339028,0.66554,-0.03466896234683885,-0.17466348755205272,0.47717,-0.051886272752568435,-0.3062285301724008,0.66235,-0.2104613546674329,0.14285355658044172,0.46865,-0.10968563097014365,0.2339431609869954,0.65218,-0.3057386608321112,-0.3015812830450985,0.87399,-0.34103200218875673,0.18883132273250344,0.89225,-0.4217576616436186,-0.07874728502804848,-0.027946,0.0344781226970276,0.08074625072422992,-0.030438,0.0031646386807657346,-0.15259450296695046,-0.44082,-0.01351151287862892,0.12805274064339348,-0.4446,-0.05075013362263993,-0.15854504683555912,-0.81708,0.055247390462449475,0.1427752616588138,-0.8195,0.006600614157580922
111,-0.01622790389932208,0.68299,-0.03158896136365308,-0.1747714174561089,0.49054,-0.05140420726343815,-0.3051118762204545,0.68066,-0.20481954786893275,0.14321845639358924,0.48092,-0.10974692637262139,0.23324177203345642,0.66803,-0.2983140696961729,-0.29913662305042116,0.89299,-0.32912562837006515,0.19118142551662792,0.90958,-0.40889026808843226,-0.08040231425376543,-0.017145,0.022097424887048443,0.07814319295683302,-0.019281,-0.009835851743045004,-0.14686270003302293,-0.44295,-0.0036368111045690897,0.12574544543325478,-0.44592,-0.03740269848276114,-0.15686249844611713,-0.81708,0.05845494902266098,0.14234523935870624,-0.8195,0.010899597970229005
112,-0.015423049326888826,0.69972,-0.02865413630630583,-0.17474767574054254,0.50367,-0.050924035074591305,-0.3040821184845026,0.69595,-0.19915226465691244,0.1435636600516765,0.49258,-0.10980474881154578,0.23371701506536313,0.68072,-0.2916452808960516,-0.296858737433465,0.91031,-0.31764678970423904,0.19356628197867265,0.92319,-0.39599853974598564,-0.08209260127226485,-0.007534,0.00956859913221043,0.075585930843982,-0.009236,-0.022651486120093087,-0.14163598264404004,-0.44618,0.005043451641206724,0.12363813235225403,-0.4484,-0.02539737963740584,-0.1551733772521337,-0.81708,0.06146943299044651,0.14166328294665978,-0.8195,0.014806371121061878
113,-0.014560071863118262,0.7162,-0.0258676579021146,-0.17475950607518792,0.51105,-0.050415251188071525,-0.3031960621772063,0.7066,-0.19320578635288238,0.14392337624570392,0.49944,-0.10966509115957342,0.2342843397162072,0.69056,-0.2847997975135179,-0.29473256867137,0.92637,-0.30656767844046473,0.19554451319633295,0.93486,-0.38333974038548246,-0.08363660020994615,-0.000848,-0.0022630374105692286,0.07318494666213804,-0.002514,-0.03412588144004503,-0.13764936522309543,-0.45034,0.011412949779916005,0.12207314920900605,-0.45165,-0.015499248310667964,-0.15414629016184994,-0.81708,0.0634359571090305,0.14135098340807292,-0.8195,0.017354310287957052
114,-0.01386746854485751,0.72588,-0.02303387568685278,-0.17477917283639244,0.51757,-0.049375032836712685,-0.3022207783166221,0.71587,-0.187386738201227,0.14396197600974286,0.50588,-0.10938859331470632,0.2348552575425396,0.69763,-0.2787977517926344,-0.29295098645328127,0.9364,-0.29611829736787526,0.19725071163057312,0.94385,-0.37233889101359324,-0.08496304512547667,0.003629,-0.01058614944189881,0.07147432938997768,0.002617,-0.042514274405815455,-0.13471612967824614,-0.45686,0.015781974068980194,0.12082882297543701,-0.45675,-0.008677536192405286,-0.153559517846241,-0.81822,0.06457537549120398,0.14100506646635674,-0.81978,0.01879019241035907
115,-0.013306800614636006,0.72903,-0.020383976731794085,-0.17482039601401464,0.52013,-0.048284303883385254,-0.30135201469993145,0.72268,-0.18205662096252437,0.144054207234471,0.50922,-0.10903828716119894,0.23557629999627838,0.70311,-0.27344158732728174,-0.291224424881303,0.94528,-0.28575060306595024,0.1988516516591143,0.95137,-0.36256845647745234,-0.0855995287498235,0.004412,-0.014990537775815146,0.07049029153634043,0.003741,-0.046620785151279175,-0.1334297965616432,-0.45761,0.016800071860516203,0.12021775775318384,-0.45675,-0.005923587156175188,-0.15313009482198528,-0.8192,0.06499518481249053,0.1408957714192662,-0.82029,0.019091752674123174
116,-0.012739476972350169,0.73123,-0.017690572587425193,-0.174611149959926,0.52215,-0.04709761054100553,-0.30069700663848015,0.72659,-0.1767294299166322,0.14465831675781382,0.51206,-0.10843400934114719,0.23633916226697907,0.70644,-0.2688848295812587,-0.2896917544127949,0.95156,-0.27659769526378364,0.19996333038544264,0.95622,-0.35447859427779593,-0.08639632151767576,0.005113,-0.019659102146700302,0.06955162153760953,0.004738,-0.050798251923556664,-0.13241300993390745,-0.45833,0.0174412496468265,0.11969924165815841,-0.45676,-0.0038541077387371746,-0.15272250159951867,-0.81987,0.06534877888059588,0.14078851028171077,-0.82083,0.019347260107225053
117,-0.012237128383199066,0.73206,-0.0155614584770549,-0.1743763776237203,0.52349,-0.045766150458933036,-0.30020070944377053,0.72923,-0.17149610505622812,0.14523925716254305,0.51407,-0.10784595471260235,0.23703082878483633,0.70878,-0.26473184301397057,-0.28832640509275087,0.95614,-0.26810577432478194,0.20101782542507585,0.95885,-0.347576852453344,-0.08671783309652024,0.005405,-0.024171830734225703,0.06878215039878689,0.005242,-0.05490299493214064,-0.13194945569728103,-0.459,0.017363574234335093,0.11935934896641785,-0.45678,-0.003247875969443162,-0.15239366895490605,-0.82026,0.06554363803957251,0.14071317458263613,-0.8212,0.019553474879840743
118,-0.01187957654801228,0.73238,-0.014023176745656337,-0.17415197430957774,0.52433,-0.044435908318342904,-0.29986290673431987,0.72999,-0.16791028725139087,0.14584371398224127,0.51512,-0.10723970727704457,0.23747534407727672,0.70949,-0.2620381084029173,-0.2874895170459442,0.95754,-0.26266849390189473,0.2017702688051166,0.95954,-0.3430791831725017,-0.08708347899994938,0.005478,-0.02790403759790642,0.06819328538593133,0.005446,-0.05806985125926295,-0.13175214685032327,-0.45914,0.01733081421430773,0.119290412423707,-0.45633,-0.0032357205970064765,-0.15221288072721362,-0.82027,0.06558994804635107,0.14066924337750933,-0.82139,0.019707442568711177
119,-0.011569169301150607,0.73262,-0.012550708294009321,-0.17397212288228875,0.52487,-0.043070393959538086,-0.29957543795400554,0.7304,-0.16478269045826927,0.14628283726205932,0.51578,-0.10659212195824727,0.23796745944513895,0.7101,-0.2600534113316457,-0.28686564544453796,0.95877,-0.25838170206825517,0.20228597985040037,0.95971,-0.3399816773827134,-0.08739575364346017,0.005532,-0.030941964612668328,0.06765958100802218,0.005495,-0.06091235853928892,-0.13158455588413354,-0.45929,0.017302278831857365,0.11923115031034859,-0.4559,-0.0032262865140994697,-0.15202866940456478,-0.82027,0.06559808368449152,0.1405918479426897,-0.82162,0.01972921288494863
120,-0.011232219709315799,0.73281,-0.011158061543191888,-0.1738924887120777,0.5253,-0.0416973628604967,-0.2994721083691791,0.73043,-0.16218110959331436,0.14660403117067752,0.51615,-0.10603747029002064,0.2384422340376215,0.71057,-0.2583398217990175,-0.28661124194514137,0.95961,-0.25492333845817966,0.20270214062128417,0.95985,-0.3375063369590994,-0.08765249212522061,0.005562,-0.03344033835412162,0.06725518022844582,0.005521,-0.0629754785090139,-0.13146821517274251,-0.45943,0.01715585192561048,0.11917188819699018,-0.4557,-0.0032168524311924664,-0.1518954349513432,-0.82027,0.06560505365398518,0.14051497345240305,-0.82184,0.01975393762444512
121,-0.01084364131122384,0.73297,-0.00986996844541662,-0.1738715458420951,0.52572,-0.04025407273159091,-0.29964966227336515,0.73043,-0.16007833176122932,0.1468752900989344,0.51637,-0.10547807544392272,0.23885504205688685,0.71099,-0.25674731134717416,-0.2869001230221302,0.96011,-0.25206982348128576,0.203505350693427,0.95988,-0.33565772840669894,-0.08788928813359083,0.005562,-0.03521518303758549,0.06693775616814805,0.005521,-0.06481023243418862,-0.1316050775467769,-0.45954,0.01574620207881388,0.11896271783770834,-0.45561,-0.004115177962833363,-0.15181369831208186,-0.82027,0.06560790353157303,0.14044916257689016,-0.82199,0.019783819536436032
122,-0.010445676294583067,0.73309,-0.008597746434315526,-0.17384499636183032,0.52604,-0.03872139823089038,-0.2999737235870823,0.73043,-0.15834573709860567,0.14711695492600405,0.51639,-0.10497134167619315,0.23916304227164822,0.71099,-0.2554612569674114,-0.2872566788036351,0.96011,-0.2499456370547508,0.20435268787743854,0.95988,-0.33453785354914056,-0.08812393428597705,0.005501,-0.036620791511937555,0.06665298517796779,0.005521,-0.0665116305307997,-0.13178366356822527,-0.45964,0.014445451897978513,0.11877272268895372,-0.45555,-0.005019930881286636,-0.1517490531052158,-0.82014,0.06562899848900941,0.14037697658740056,-0.82204,0.019835134085263845
123,-0.010126476664273685,0.73318,-0.007449733979674745,-0.17378687052326297,0.52612,-0.03764311005656458,-0.3003533523176528,0.73043,-0.15692828091694594,0.1473597613793335,0.51641,-0.10434295801454879,0.23940098835982582,0.71102,-0.2544573238724689,-0.28769425437312657,0.96011,-0.24839611208851625,0.20507956487856896,0.95988,-0.3336404406980917,-0.08831956908393991,0.005453,-0.0377936380602234,0.06644142461625648,0.005474,-0.06771720886866431,-0.13196830144968213,-0.4597,0.013340730732828175,0.11857208513276453,-0.45554,-0.0060426275963720195,-0.1517148203718284,-0.82,0.06565037885301073,0.14029992844893624,-0.82211,0.019858874017007318
124,-0.009843764789422647,0.73325,-0.006353167066158651,-0.17375417122961884,0.5262,-0.03659384757453486,-0.3007474196731797,0.73039,-0.15582306106582666,0.1475622333706702,0.51641,-0.10359779622491908,0.23962273529888362,0.71102,-0.2536028484222548,-0.2882204145556152,0.96011,-0.24717621231297585,0.20572130618786866,0.95983,-0.33288033011933466,-0.088447600063716,0.005383,-0.03856004922155756,0.06622762043325191,0.005394,-0.06861877903860658,-0.13212637115995593,-0.45974,0.012386685153888702,0.11837891444821504,-0.45554,-0.007022977578077875,-0.15167542806170792,-0.81979,0.06564343292590405,0.14022617962584763,-0.82219,0.01990132529605803
125,-0.009658363212748655,0.73327,-0.005324737556971561,-0.17372725219443463,0.52622,-0.035634954272052904,-0.3011495745820729,0.72986,-0.15487888341874267,0.1476829687227456,0.5164,-0.10285548431287725,0.23981377233670426,0.71091,-0.25269218665728344,-0.2888861602629152,0.95987,-0.24611447663343428,0.20633119596967134,0.95932,-0.3321856831197351,-0.08861258568682497,0.005267,-0.03893712844952875,0.06600068747083535,0.005271,-0.06925503875803635,-0.13223390925052864,-0.4598,0.011719218631075775,0.11820171939601087,-0.45554,-0.00791272524650661,-0.15164588382911753,-0.8196,0.06563822348057405,0.14014409569023098,-0.82223,0.01989650580296415
126,-0.0095284221030182,0.73329,-0.004547493510354272,-0.17374689491325215,0.52622,-0.034767362684036116,-0.30147406245459807,0.7295,-0.1542428742831289,0.14780573798435614,0.5164,-0.1021592252314976,0.2399631097694978,0.71076,-0.251845251989693,-0.2895159385388741,0.95937,-0.2454246365627438,0.20678470622202594,0.95868,-0.3316868560444783,-0.08871462954591852,0.005178,-0.03912425153955586,0.06586579765953707,0.005218,-0.06943840107370648,-0.13231356389548088,-0.45985,0.01132506239614154,0.11806624977504368,-0.45554,-0.008508248530514049,-0.1516336046771001,-0.81939,0.06565027430733955,0.14007498549934244,-0.82235,0.019907676367647828
127,-0.00937706518612172,0.7333,-0.0036430356154207423,-0.17380436710859118,0.52622,-0.033883961899135576,-0.3018356353423371,0.72911,-0.153529246195921,0.14794158072788857,0.51638,-0.1013312350449437,0.24012170042430458,0.71061,-0.2508882519874944,-0.2903224113972453,0.95842,-0.2446427148731158,0.20710845498471217,0.95813,-0.33117530278365476,-0.08896036040823546,0.005105,-0.03913575559557846,0.06561729804333225,0.005092,-0.0695347127591141,-0.13240730808521112,-0.45991,0.011023763496555396,0.11788193693137812,-0.45562,-0.00903524926643375,-0.15160331598320217,-0.81924,0.06570687461671995,0.13998635280157132,-0.82245,0.019923304703637856
128,-0.009229528529133916,0.7333,-0.0027602434910534808,-0.1739524818688494,0.52622,-0.03311150671092486,-0.3021937352665227,0.72865,-0.1527959219536528,0.14792873433038706,0.51608,-0.10059786271790153,0.2402855005244414,0.71024,-0.24990170775270557,-0.29113583018272315,0.95747,-0.24390018549360842,0.20738122687797117,0.95759,-0.3306649151914781,-0.08925035534660236,0.004935,-0.03909883763624188,0.06530837304936093,0.004866,-0.06958787616852165,-0.1325337221747297,-0.45998,0.010709947502745041,0.11767792793265229,-0.45585,-0.009558777038800119,-0.15158287536683437,-0.81906,0.06576521140787703,0.13992002098152548,-0.82256,0.019950232192369716
129,-0.0091360871960553,0.7333,-0.0019481316038898393,-0.17413783125011223,0.52617,-0.03243504414221504,-0.30255587896739167,0.72829,-0.15214311881340226,0.14790909161156954,0.51577,-0.09973027112988476,0.24041454694665787,0.70984,-0.24893949830517706,-0.29198343183299147,0.95658,-0.2431211659544039,0.2075225007997853,0.95724,-0.330151649491265,-0.08955992987316484,0.004774,-0.039063544400294706,0.06497656434334102,0.004633,-0.0696268502959574,-0.13266628786145057,-0.46008,0.010476419477222975,0.11747396880252338,-0.4561,-0.010024434287468116,-0.15159041614945792,-0.81888,0.06583762091414122,0.1398633635908321,-0.82272,0.019974438391571904
130,-0.00906704013578873,0.73329,-0.001090085857167356,-0.17438864421053255,0.52612,-0.03172673004600829,-0.302931343709344,0.72796,-0.1515082753464353,0.14786558518142778,0.51545,-0.09888284196438696,0.24051928262400085,0.70947,-0.24811516194307026,-0.29271399817915816,0.95595,-0.24248463409043422,0.2076151051470786,0.95703,-0.3295688764352111,-0.08990466726379341,0.004594,-0.03902611270914123,0.06459922615543057,0.004381,-0.06968216658600344,-0.13279711706639472,-0.46017,0.010252739529231034,0.11728576178796524,-0.45633,-0.010458344554310366,-0.1515868434487108,-0.81876,0.0659730581165982,0.13983213274506195,-0.8228,0.02002767028307016
131,-0.009027927260348656,0.73324,-0.00033845883332187876,-0.1746671910107827,0.52604,-0.031118114666585133,-0.30331318356527315,0.72763,-0.15085199924263143,0.14782277334399668,0.51517,-0.0980314735678771,0.24059911270095374,0.70915,-0.24731689685000047,-0.2934457301939716,0.95532,-0.2417971253570373,0.2077227670172321,0.95681,-0.3289582956283435,-0.09022322403123637,0.004397,-0.0389668962763181,0.06425589477989423,0.00415,-0.06975769516716533,-0.13293848894157964,-0.4603,0.01002685683200371,0.11703395145560702,-0.45664,-0.010907440932070925,-0.15157689563398688,-0.81865,0.06608706268221826,0.13979157476629467,-0.82291,0.020085593079604107
132,-0.009001162639432524,0.73313,0.00048134825073339795,-0.17493884175252308,0.52596,-0.030527977500739857,-0.3037210946902394,0.7273,-0.1501708175384373,0.1477583053529541,0.51492,-0.0972453356167954,0.24067256766392972,0.70883,-0.24649719912009377,-0.2941693506130316,0.95469,-0.24112120118294716,0.20783447266406888,0.95663,-0.32826719371945834,-0.0905801312197338,0.004156,-0.03889482506987023,0.06388475565354419,0.003842,-0.06981816622546708,-0.13310355087991121,-0.46046,0.009781796520010448,0.11677673398735415,-0.45698,-0.011214439586832773,-0.15157644860043779,-0.81848,0.06620477334512101,0.13978936720858193,-0.82308,0.020130661102513315
133,-0.00898951743116691,0.73299,0.0013017904419476544,-0.17527461675659653,0.52588,-0.029955980869071898,-0.30414696548848913,0.72696,-0.1494763147931597,0.14770485110808843,0.51475,-0.09651191101691764,0.2407662895950959,0.70845,-0.245620149406783,-0.2948587881673011,0.95404,-0.24048176716855404,0.20790678600078508,0.95639,-0.3275691458834665,-0.09093767591962892,0.003939,-0.03882061059973867,0.06350602587597372,0.003556,-0.069864098301203,-0.13329265017774466,-0.46066,0.009515588977745213,0.11650728723568073,-0.45729,-0.011475618544661762,-0.15156650078571388,-0.81831,0.06631877791074108,0.1397491066575731,-0.82323,0.02013268299085494
134,-0.009007128644688018,0.73286,0.0021405918756364113,-0.1756880107122642,0.52584,-0.029421069252617883,-0.30461974533709596,0.72669,-0.14887508337785332,0.1476506524019152,0.51464,-0.0958402961717503,0.240833964299612,0.708,-0.2448908208564241,-0.2954126599310555,0.95369,-0.23993731692352185,0.20797098774174796,0.95611,-0.3268595134881678,-0.09129290130342399,0.003793,-0.03876203648679062,0.06310997393651732,0.003306,-0.06989885259953917,-0.13354592360650808,-0.46087,0.009173370377604281,0.11619358602491213,-0.45763,-0.011757426192468412,-0.1515562056746346,-0.81813,0.06643475209186715,0.13971956242498274,-0.82339,0.020137892436184947
135,-0.009025722261723436,0.73275,0.002962304281168627,-0.17610631668550342,0.52578,-0.02897160277694657,-0.30511571834670337,0.7262,-0.14811744839071178,0.14759888477022928,0.51452,-0.09515489401804078,0.24091786219563507,0.70752,-0.24418466142467876,-0.2960007145596003,0.95332,-0.2393563765187926,0.20800507443699043,0.95576,-0.3262054965944965,-0.09170113265770403,0.003638,-0.03869310056449555,0.06266288564208197,0.003042,-0.06992359238488362,-0.13381633833626363,-0.4611,0.008791526333613504,0.11574786589816562,-0.45798,-0.012039310155497644,-0.15155372473155038,-0.818,0.0665064099241077,0.1396998662699225,-0.82347,0.020141365399738282
136,-0.009065600693628008,0.73265,0.0035481290934366227,-0.17656528037470368,0.52572,-0.02857995455213803,-0.3055340483623296,0.72572,-0.14749535515169837,0.14753677215886726,0.51443,-0.09464333656915573,0.24097397638323137,0.707,-0.24363607123341535,-0.2963767260722956,0.95322,-0.2389549847621251,0.20798937397383943,0.95557,-0.3257762490022414,-0.09201580727544792,0.003489,-0.03864066121907883,0.06230611185012011,0.002817,-0.06997745759971795,-0.1341370353427358,-0.46138,0.008412455851988,0.11529108215664531,-0.45835,-0.012326351291021288,-0.15155176473299917,-0.81787,0.06657511333308919,0.13967032203733212,-0.82351,0.020146574845068294
137,-0.009059994703761554,0.73255,0.0040579001919481186,-0.17700293520664778,0.52564,-0.028125045497407356,-0.30595758782328575,0.72528,-0.14690280614527534,0.14748346573596935,0.51431,-0.09413942444856542,0.24103820216658117,0.70647,-0.24309906560145875,-0.29668901048761,0.95313,-0.23859529261048473,0.2079817851064419,0.95538,-0.325358585969293,-0.09231923741752428,0.003366,-0.03863386792241732,0.06199209157344478,0.002637,-0.07004800025232437,-0.13446896961215943,-0.46163,0.008027243390115062,0.114842633527653,-0.45867,-0.01256612165440035,-0.1515494574380926,-0.81776,0.06664578635757672,0.13965856382984765,-0.82351,0.020137478441561822
138,-0.009043786558102623,0.73244,0.004558693858056526,-0.17742037293899868,0.52556,-0.02767065498297099,-0.30638980969312535,0.72481,-0.14635949752650293,0.14738702065402612,0.51419,-0.09376498841107841,0.24109203310165794,0.706,-0.24279377519802495,-0.2969560982919571,0.95299,-0.23832480396974526,0.2079556657526309,0.95518,-0.32498842684221857,-0.09262011991824859,0.003245,-0.03861838500415636,0.06167801421545646,0.002464,-0.07012462539962655,-0.1348090653459334,-0.46187,0.00759574496385056,0.11443045154158318,-0.45895,-0.012830564484440308,-0.15154008043649855,-0.81765,0.06669896597623938,0.13965236236404854,-0.82349,0.020159895886151743
139,-0.00902351299761217,0.73233,0.004984644539174704,-0.17782111640390658,0.52544,-0.027294349687587517,-0.30686489683663876,0.72435,-0.14582893913568407,0.1473159522484093,0.51408,-0.0934193972049937,0.2411221241049912,0.70557,-0.2425655329330555,-0.29725156466024777,0.95277,-0.23810008275310313,0.20789017813108635,0.95513,-0.3247839485513796,-0.09290355888174494,0.003142,-0.0386537029029063,0.06136295445395384,0.002292,-0.07021833957508528,-0.1351792262568307,-0.46212,0.007166501559657017,0.11406403697961065,-0.45925,-0.01312338587842386,-0.15155977659155884,-0.81754,0.06670243893979272,0.13963336080169897,-0.82341,0.020167308080717143
140,-0.009007288022282348,0.73222,0.005364599470943653,-0.17820251101010953,0.5253,-0.026923486971263424,-0.3072901487369846,0.72389,-0.14541886497013326,0.14723754075073356,0.51396,-0.09317303844823388,0.2411516442951946,0.70515,-0.24239811561504337,-0.2975197940908546,0.95268,-0.23795124400627843,0.2078565660794258,0.95502,-0.32468663344472515,-0.09319962669785281,0.003031,-0.03868577856759357,0.061022810635405884,0.002109,-0.0703045844746656,-0.13552795453089114,-0.46234,0.0067436332694402745,0.11379111726438387,-0.45947,-0.013404260991313088,-0.15158949447232686,-0.81745,0.06670666357736972,0.13959726780695414,-0.82333,0.020192965355131046
141,-0.008989947246902644,0.7321,0.005635707009586957,-0.17860697678155518,0.52514,-0.026856230449432028,-0.3077032212225068,0.72345,-0.14511248102521365,0.14719470130326964,0.51385,-0.09295529138914699,0.24118927608115143,0.70474,-0.24224228285633811,-0.2978210407176052,0.95239,-0.2378168919691841,0.2078565660794258,0.95488,-0.32468663344472515,-0.0934576343079485,0.002958,-0.03872659612671588,0.06075102292948412,0.002019,-0.0703947589883032,-0.1358948161264128,-0.46253,0.006333101212553965,0.11353459438884167,-0.45961,-0.013707320415062889,-0.15162888678244735,-0.81741,0.0667136095044764,0.13957288315109692,-0.82336,0.020169848509353053
142,-0.008974335740583513,0.73198,0.005845178441697514,-0.17895218043964248,0.52499,-0.02679840801050764,-0.30815625683127945,0.72284,-0.1448599761001448,0.1471519856353865,0.51374,-0.09279443004600547,0.24122633705397836,0.70442,-0.24214727504459024,-0.29815240239007595,0.95192,-0.23773815543371707,0.2078565660794258,0.95444,-0.32468663344472515,-0.09369449709201094,0.002881,-0.0387741883690059,0.060501828720568626,0.001929,-0.07049500990472288,-0.13625235058893734,-0.46275,0.005917878250631958,0.11326648695399268,-0.45974,-0.014018491434566141,-0.15167435677878618,-0.81737,0.06668608716022764,0.13953535110233387,-0.82341,0.0201297567980445
143,-0.008954604142358567,0.73186,0.00600315205984779,-0.1792461837115279,0.52484,-0.026680564571485103,-0.30858959628499183,0.72223,-0.1446109441386293,0.14713638312560637,0.51362,-0.09265256545673613,0.24126513450858192,0.70411,-0.24204241915531224,-0.2985642851645644,0.95112,-0.2376553751215668,0.2078565660794258,0.9539,-0.32468663344472515,-0.09389996019060297,0.002799,-0.03883950234237274,0.06029301403376533,0.001846,-0.0706196430727611,-0.13654610808548415,-0.46294,0.005518826207381259,0.11308636749280102,-0.45985,-0.014291359497373106,-0.1517554486939337,-0.81731,0.06662930598995347,0.1395076671311009,-0.82344,0.020087928604959282
144,-0.008937008595101218,0.73174,0.006108700137597763,-0.1794533406360158,0.52446,-0.026646068069681072,-0.309003215541257,0.72186,-0.14453801190400917,0.14712147520853694,0.51351,-0.09250676163645472,0.24131668219113905,0.70382,-0.24198042853970805,-0.29895994474754595,0.95031,-0.2375957639280302,0.20787626223448605,0.95335,-0.32469010640827844,-0.0940423931887635,0.002722,-0.03893319247544447,0.06015817889954134,0.001774,-0.07077966021740129,-0.13679318004844845,-0.4631,0.005154190162650403,0.11303844059576494,-0.45993,-0.014563166437204476,-0.15182634523519578,-0.81724,0.06657275795340865,0.13946909319327186,-0.82344,0.02004192804713266
145,-0.008921844122331208,0.7316,0.006200460906805566,-0.17962514902706644,0.52407,-0.026699038597001363,-0.3094266828750522,0.72155,-0.1444633431876124,0.14713298585685983,0.51342,-0.09238389380105756,0.24135664531438947,0.70352,-0.24192654951985731,-0.2994326524689918,0.9494,-0.2375124128027501,0.2079347798865369,0.95266,-0.32476135024589586,-0.0941599776678468,0.002632,-0.03900689383417491,0.06003852025928085,0.00168,-0.0709342299745047,-0.1369880596047418,-0.46322,0.0047976134408374005,0.11299567327546199,-0.46005,-0.014863299668143844,-0.1518988046100569,-0.81718,0.06650734664708674,0.1394305192554428,-0.82351,0.019995927489306023
146,-0.008911253987732222,0.73148,0.006277796856073519,-0.1797767901871207,0.52369,-0.02681039818831432,-0.3098518866906241,0.72124,-0.14439852254874572,0.14715885943533222,0.51335,-0.09223715744585874,0.2413948719558632,0.70325,-0.24188251857753673,-0.2999482254641115,0.94847,-0.23744181190542352,0.2080274804033782,0.95184,-0.3248690842432103,-0.09424929293713506,0.002552,-0.03908151811086798,0.059940465499796244,0.00159,-0.07106417713354413,-0.13713087053394502,-0.46336,0.004505981757887616,0.11294514165576092,-0.46016,-0.015149878724270396,-0.151970743040385,-0.8171,0.06644488976402384,0.13939263991032447,-0.82346,0.019953866162491448
147,-0.00890842093981526,0.73136,0.006316898951151663,-0.17988841835532773,0.52314,-0.026810008236078188,-0.31028693858372614,0.72094,-0.1443319654281024,0.14713898963209432,0.51329,-0.0922346692900584,0.2414493217888438,0.70301,-0.2418616567538297,-0.30060861747175954,0.94722,-0.23738629257334407,0.2081051233973594,0.95112,-0.3250046259913385,-0.0943314147201551,0.002429,-0.03923052150933126,0.059867903983502675,0.001461,-0.07122806681092857,-0.1372710767404832,-0.46347,0.004229122191233017,0.11292311237958419,-0.4603,-0.01544757607224503,-0.15204997469417506,-0.81696,0.06634107095533444,0.1393372719678586,-0.82339,0.019870209776320997
148,-0.00891334738281902,0.73123,0.006335029868374205,-0.17998278144296184,0.52263,-0.026826878555937572,-0.3107190883264048,0.72055,-0.1443065370993562,0.14713035709180786,0.51323,-0.09222603915401065,0.2415002986582711,0.70273,-0.24186049108518293,-0.3012591614018775,0.94595,-0.23733250972304132,0.20818740502354072,0.95038,-0.32517144845383367,-0.09438358548867777,0.002304,-0.039393944919257,0.059845098990915314,0.001348,-0.07136315912126892,-0.13737258522961154,-0.46358,0.003941377466459686,0.11297088788700667,-0.46043,-0.015752504753891283,-0.1521217893449224,-0.81681,0.06622172835632621,0.13929105751021223,-0.82337,0.019780877677361832
149,-0.008917055884340412,0.73111,0.006342791763533626,-0.18009827973967446,0.52212,-0.026906024897966074,-0.3111483359186599,0.72013,-0.1443222375625072,0.14712797588591742,0.51318,-0.09218195593885445,0.24154780256414507,0.70243,-0.2418790215715964,-0.30190680318157204,0.94468,-0.23731985566463565,0.20824304456755507,0.9497,-0.325374190262896,-0.09441298911201648,0.00218,-0.039566459924211796,0.05982362610243631,0.001246,-0.07149645546428089,-0.13748329707215623,-0.4637,0.0036014379307767116,0.11311124013168969,-0.46056,-0.01610828171690665,-0.1521865342889822,-0.81666,0.06608489235149309,0.13924623223798716,-0.82329,0.01969942404042677
150,-0.008918447474000448,0.73098,0.006352175977843737,-0.18025195480926384,0.52161,-0.026971331658616805,-0.31159844533462205,0.71968,-0.1442834881926776,0.1471275048099813,0.51308,-0.09212703983841512,0.24159183350646565,0.7021,-0.24191724821307012,-0.3026019488671404,0.94345,-0.23728867111981658,0.20829173818446278,0.94903,-0.3256163243820788,-0.09444435994662251,0.002058,-0.039755890309145475,0.059797348146295615,0.001133,-0.07165124392968147,-0.1375831688167017,-0.46383,0.003207800236136777,0.11324916130188538,-0.46071,-0.01647784598846419,-0.15227132268445767,-0.8165,0.06594955969470731,0.1392114286914699,-0.82322,0.019617218729468044
151,-0.008918043096332123,0.73088,0.0063602280880455005,-0.18043447951873293,0.52109,-0.027027489742925497,-0.31200452380826366,0.71939,-0.14428296546432168,0.14712733116180363,0.51299,-0.09212802464616814,0.24162601637125608,0.70176,-0.24195373837276715,-0.3033104155937924,0.94226,-0.23727544624828106,0.20830103949125003,0.94849,-0.325851512574155,-0.0944774672630052,0.001933,-0.039955168771609276,0.05977442899108226,0.001018,-0.0717985012294133,-0.13767470544871915,-0.46388,0.0028614333136414254,0.11338643774796729,-0.46084,-0.01679347896733541,-0.15235454824633413,-0.81635,0.06582309030769862,0.13917662514495263,-0.82313,0.019535013418509325
152,-0.00892430164344423,0.73078,0.006376563037939687,-0.18060055751992057,0.52056,-0.027047961614396383,-0.3123775850857615,0.71909,-0.1442679560262355,0.1471169621397405,0.51289,-0.09212924258765051,0.24166367219959994,0.70144,-0.24197053237740399,-0.303910553467613,0.94132,-0.23728132267628893,0.20828600601077685,0.94804,-0.32605194708831076,-0.09450976101557385,0.001817,-0.040172868366337974,0.0597831330381139,0.000911,-0.07190462492877056,-0.1377591225054523,-0.46397,0.0025554435090195775,0.1135090039675444,-0.46097,-0.017134950081514302,-0.15241199996693197,-0.81621,0.06572761622849203,0.13914975954601114,-0.82319,0.019440238740490796
153,-0.008950660723284903,0.73067,0.006388318841185446,-0.1807681484861103,0.52029,-0.027019426231946017,-0.31276223092256616,0.71858,-0.14426105818390278,0.14709379302112693,0.51276,-0.09214546577915741,0.24169321643219033,0.70114,-0.241975741822734,-0.30448752222281994,0.94038,-0.2372709759127899,0.20827097253030372,0.9476,-0.32625238160246656,-0.09452508471108934,0.001724,-0.040369190001304026,0.05978505518926174,0.000814,-0.07198010542515847,-0.1378419767285864,-0.46406,0.002258316974174838,0.11363018100170019,-0.46108,-0.017484299657717292,-0.15248016800594827,-0.81607,0.06562895459229705,0.13912723515151132,-0.82324,0.019370084256297583
154,-0.008988083417899367,0.73057,0.006394917471936789,-0.1809359131004777,0.52001,-0.026991875657248664,-0.31312197115898055,0.71807,-0.1442280890725331,0.14708920425752373,0.51261,-0.092056314541092,0.24171812203258053,0.70092,-0.24194967055369693,-0.30498687202643276,0.93955,-0.23722354413407692,0.20823971585832368,0.94736,-0.32642964699800875,-0.0945426682371532,0.001639,-0.04056105146072505,0.05977811166639377,0.00074,-0.07203676041161317,-0.13793931766145076,-0.46416,0.0019942076354738,0.11377179865222375,-0.46115,-0.01777531244276321,-0.1525455576741219,-0.81593,0.06554604988015025,0.1391310055428231,-0.8233,0.019333879503165483
155,-0.009033037278182594,0.73047,0.006404874903615493,-0.18110350406666748,0.51975,-0.026963340274798298,-0.31345043068102796,0.71757,-0.14419048132896323,0.14711311783744485,0.51248,-0.09197828159487469,0.2417250679596872,0.70073,-0.24191027824357644,-0.3054450930381484,0.93873,-0.23717321020494048,0.20821193214989697,0.94724,-0.3265872162384907,-0.09456193116368072,0.001558,-0.04075667850298043,0.0597679829907761,0.00066,-0.0720999617559836,-0.13803474846436076,-0.46428,0.0017409311820558958,0.11390547835517156,-0.46123,-0.018053755860749317,-0.15263029620100044,-0.81576,0.06546858774706282,0.13914427671530968,-0.8233,0.019293968652750685
156,-0.00908586960048992,0.73039,0.006416221520715531,-0.18131018813139635,0.51967,-0.02658063582305106,-0.3137296498154247,0.71712,-0.14416155599427674,0.14713216926839132,0.51235,-0.09192782326574171,0.2417302774050172,0.70055,-0.24188073401098606,-0.30575211992335877,0.9382,-0.23712922734739386,0.20818414844147026,0.94714,-0.3267447854789727,-0.0945819577854254,0.001518,-0.04087601388927259,0.05976300427493674,0.000619,-0.07212243868612522,-0.13812931102638243,-0.46439,0.0014925787674030556,0.11403330388867558,-0.46128,-0.01830781221863948,-0.15270982528254898,-0.81566,0.06542066984656578,0.13913442863777956,-0.82323,0.019295705134527354
157,-0.00912863273273126,0.73032,0.006501949663824487,-0.18152597581234778,0.5196,-0.026134385134816744,-0.3139677401579243,0.71675,-0.1441297285091668,0.1471633760717745,0.51225,-0.09180842839389788,0.2417424327774539,0.70039,-0.24181179746827522,-0.30601801801667206,0.9378,-0.23708234233942377,0.2081418780233133,0.94707,-0.3268693375233109,-0.09459885873997209,0.001486,-0.04097762273601051,0.05975987860773874,0.000579,-0.07214016522567944,-0.13826100847221495,-0.4645,0.0012639747806460558,0.11410638216144053,-0.4613,-0.018526829492044324,-0.15279161179040718,-0.81556,0.06535994944527955,0.13912458056024943,-0.82315,0.019297441616304024
158,-0.009174119558740985,0.73024,0.006595266053915195,-0.18177674068799413,0.51952,-0.025771324565294164,-0.31417454978605686,0.71641,-0.14409326239185674,0.1471788806281837,0.51216,-0.09166290998018144,0.24175285166811392,0.70022,-0.24175270900309448,-0.30628391610998534,0.9374,-0.2370354573314537,0.20808512089542613,0.94698,-0.32696087237150545,-0.09461431342778444,0.001461,-0.04106527062602859,0.05975987860773874,0.000552,-0.07214016522567944,-0.13839612901300385,-0.46461,0.001073545162527171,0.11413148545239546,-0.46134,-0.018672400178596366,-0.15288046800495284,-0.81547,0.0653167224498182,0.13912458056024943,-0.82312,0.019297441616304024
159,-0.009202522165071563,0.73018,0.006722125393160007,-0.18197409761972588,0.51947,-0.02539331101858263,-0.31433502117696227,0.71614,-0.1440243498915329,0.1472068379847881,0.51211,-0.09150435593194647,0.24176848000410395,0.70009,-0.24166407630532338,-0.3064443875008908,0.93708,-0.2369665448311299,0.20804689425395242,0.94691,-0.3270049033138261,-0.09462965635720952,0.001437,-0.041123490850321,0.05973131918290138,0.000535,-0.0721351294285271,-0.1385528059702105,-0.4647,0.0009336261463768585,0.11415611766741425,-0.46138,-0.018763054764709082,-0.15294893347172758,-0.81539,0.06527396172181556,0.13911924733533865,-0.82306,0.019324783099659015
160,-0.00922212098717672,0.73011,0.006858602080444282,-0.1819629841363552,0.51942,-0.02533028332238986,-0.31448738097211426,0.71589,-0.1439670219505158,0.14723913654583415,0.51207,-0.0913211816898862,0.2417626757032571,0.69996,-0.2415818187215291,-0.30660195674137275,0.93683,-0.23693876112270318,0.20799708305317188,0.94683,-0.3270570458519001,-0.09465340109743041,0.001402,-0.04116601363611688,0.05969783571929897,0.000519,-0.07212922539048643,-0.13870779631423735,-0.46479,0.0007456846840582995,0.11418057623425538,-0.46142,-0.018854694158574808,-0.1530049461383072,-0.81525,0.06524423662833143,0.13911894990758022,-0.82301,0.01938068400785135
161,-0.009231296110144465,0.73005,0.007019641880240876,-0.18196020576551253,0.51937,-0.025314526398341662,-0.314629892689736,0.71563,-0.1439114304912754,0.14728046481211887,0.51201,-0.0910867974446693,0.2417620808477402,0.69982,-0.2414700169051444,-0.30680993203815204,0.93661,-0.2368513181359658,0.20796232937525155,0.94674,-0.3270813806391604,-0.09467408206024365,0.001365,-0.041162367024385874,0.05965786057485509,0.000497,-0.0720967910286661,-0.1388392702432953,-0.46485,0.0005759360287526764,0.1141888116095896,-0.46147,-0.018923164433826953,-0.15304902694922473,-0.81512,0.06522459274610679,0.1391301132595478,-0.823,0.0195015822277425
162,-0.009232483416939531,0.73,0.00722598283667603,-0.1819221768146035,0.51931,-0.025098853500431985,-0.31472490050148394,0.71558,-0.14387436951844845,0.14737842642671,0.51195,-0.09070399263531248,0.2417533743964699,0.69968,-0.24134663052945293,-0.3070156000400248,0.93632,-0.23669320212474093,0.20792757569733122,0.94665,-0.3271057154264208,-0.0946959214789876,0.001329,-0.041159531572230214,0.05961388430960878,0.00048,-0.07203521921616245,-0.13896054879846778,-0.46492,0.00040642050717640266,0.11418789350010439,-0.46151,-0.018985958996290377,-0.15310347678220532,-0.81512,0.06520373092239976,0.13914197120422603,-0.82294,0.0196264196786457
163,-0.00921658650405545,0.72997,0.007465866742265289,-0.18187355532485674,0.51909,-0.02482310732958857,-0.31483786798651536,0.71549,-0.14382398750453806,0.14746085944250492,0.5119,-0.09029407947633006,0.24175972546805963,0.69954,-0.24119543640294777,-0.30723111611942777,0.93601,-0.2365333496317394,0.2078795009783273,0.94656,-0.3271480098869648,-0.09472349609607195,0.00129,-0.04115466942325554,0.05956724383614577,0.000455,-0.0719772393383155,-0.13906004742044803,-0.46497,0.00024524971508294025,0.11420307480254527,-0.46155,-0.019015036961422035,-0.1531681219890714,-0.81512,0.06518263596496339,0.13915469738979264,-0.82288,0.019756181168313954
164,-0.009173876265065483,0.72988,0.007759917478508917,-0.18180779253411786,0.51886,-0.02450773571489531,-0.3150122552740211,0.71499,-0.14366123286111307,0.14758139532019274,0.51184,-0.08978324965908166,0.24176143790744936,0.69936,-0.24101296156207555,-0.3074773421000678,0.93562,-0.23631731082398058,0.20785112241438375,0.94644,-0.32719377731106203,-0.09478160456197705,0.001237,-0.04110989882810478,0.05950617854274292,0.000426,-0.07191468512229753,-0.1391576359124739,-0.46499,9.491180827260817e-05,0.11420997086105507,-0.46162,-0.01903351517499991,-0.1532657843920812,-0.81512,0.06514705429779677,0.13916087481320472,-0.82284,0.019906390487066113
165,-0.009116344041183437,0.72978,0.008109234015785905,-0.18169348394843904,0.51859,-0.024204985740097443,-0.31519011552508014,0.7145,-0.14351817437274836,0.14769781351021347,0.51179,-0.0892381847042072,0.241763150346839,0.69916,-0.24083048672120336,-0.30771198352140106,0.93524,-0.23609316042046838,0.2078325919279703,0.94625,-0.32724128121693596,-0.09483432753013579,0.001185,-0.04105186186894485,0.059448414968954436,0.000387,-0.07185068223530652,-0.139237388510797,-0.465,-1.1861423675825489e-05,0.11422931971975997,-0.46167,-0.019038957754059276,-0.1533831429501512,-0.81512,0.0651149455941835,0.13917742125868,-0.82286,0.020057817747300633
166,-0.009047929063421367,0.72969,0.008514510946806924,-0.18152658579113706,0.51826,-0.02383433630317732,-0.3153592933672559,0.71402,-0.143325875496733,0.1478167366857054,0.51178,-0.08879408868043429,0.2417498052633686,0.69898,-0.24067581963114482,-0.3079402498287575,0.93487,-0.235890442653793,0.20782738248264027,0.94605,-0.32727082544952635,-0.09484963501639618,0.001136,-0.04094863551153363,0.0594129522728912,0.000346,-0.07177538019557368,-0.13928325567208805,-0.465,-9.922390712896467e-05,0.1142491895229979,-0.46173,-0.0190414459098596,-0.15349998056368824,-0.81511,0.06508579131382927,0.13918186220031548,-0.82291,0.02019817898852267
167,-0.008974768503549297,0.72961,0.008952460181855013,-0.18134358822190894,0.51803,-0.02342997026892544,-0.3155203596136782,0.71351,-0.14314516118002446,0.14791492181707108,0.51176,-0.0883524285396261,0.24175499066631154,0.6988,-0.2404736486352124,-0.30814708349927705,0.93451,-0.2356813497731408,0.20782738248264027,0.94578,-0.32727082544952635,-0.09485318669941079,0.001088,-0.04081905007428173,0.05939891740518749,0.00032,-0.07165917768919564,-0.1392924590255044,-0.465,-0.0001514187180386116,0.11425903760052801,-0.46182,-0.01904318239163627,-0.15361594993633693,-0.81514,0.06506156107224009,0.1392053047043005,-0.82291,0.020331128035179315
168,-0.008895756178472146,0.72952,0.00938328503314136,-0.18104596059685654,0.51781,-0.02295138193141011,-0.3156814499024875,0.71283,-0.14279182009997382,0.14802543596905116,0.51168,-0.08784084704835407,0.24175380095527782,0.69862,-0.240250045002443,-0.3083701403613035,0.93407,-0.23544908777387513,0.20782911896441694,0.94552,-0.3272609773719962,-0.09483333853432117,0.001041,-0.040666174143074184,0.05942345887955151,0.0003,-0.0715142373013252,-0.13929645293359075,-0.465,-0.000174069296357892,0.11428064388554258,-0.46188,-0.019035822469906476,-0.1537218975832778,-0.81517,0.06503657915662725,0.1392273580228642,-0.82293,0.020456198619811863
169,-0.008939885074163616,0.72917,0.009708894677600874,-0.18045614901179388,0.51643,-0.02450134912271638,-0.3160597687100893,0.71109,-0.14246110136779389,0.1482058546418242,0.5117,-0.08722075584335691,0.24176364903280795,0.69831,-0.2402517814842197,-0.30869227285414813,0.93331,-0.23508765914045804,0.20748279593863395,0.9452,-0.32790055564071124,-0.09505851221340562,0.000943,-0.04062443909488244,0.05923670712826671,0.000148,-0.07158285059006769,-0.13944923571990483,-0.46513,-0.000407078781585659,0.11424551708505698,-0.46207,-0.019292624159713306,-0.15422040675603507,-0.81568,0.06445531363668232,0.1389534480709912,-0.82154,0.020630409234485465
170,-0.008707051098360868,0.72916,0.010816287263684004,-0.18017530468844084,0.51745,-0.021641672311249683,-0.3161125301460672,0.7112,-0.14212686158728663,0.14821309978051223,0.51158,-0.08683414039104623,0.24168077255110973,0.69822,-0.23997315720533982,-0.30873456731469207,0.93321,-0.23503958442145417,0.20748626890218727,0.94518,-0.32788085948565104,-0.09503909968108742,0.000895,-0.040255200481531944,0.05919416030008384,0.000136,-0.07138647908650474,-0.13945486637257407,-0.46513,-0.000323836390038329,0.11432536942057386,-0.46206,-0.019070109880368138,-0.15415342842805257,-0.81597,0.06477757890564667,0.13912478538610576,-0.82258,0.02073829586224508
171,-0.008577228339318005,0.72917,0.011195504946861489,-0.1801308694458763,0.51739,-0.020007562611988883,-0.3162144838849218,0.71122,-0.14212919292458015,0.14835759910671809,0.51163,-0.08618740710388216,0.24181740784072378,0.69802,-0.23942861079075967,-0.3087803347387893,0.93315,-0.23501120585751056,0.2077857069200002,0.9442,-0.32750717931024925,-0.09498440050512233,0.000962,-0.039944986039333094,0.0591835004425626,0.000245,-0.07096319742208065,-0.13939984572646355,-0.46505,-0.00024214961937390686,0.11441248915334286,-0.46202,-0.01903673096243691,-0.15418852940232827,-0.81594,0.06475127450288028,0.13914845140686533,-0.82224,0.02093010024035311
172,-0.008505299525944716,0.72903,0.011327012535261211,-0.17940113395876153,0.51637,-0.023413016343702953,-0.3162019259960641,0.70924,-0.14079104409151733,0.14837394964545159,0.51108,-0.08546121383767602,0.24174145324374519,0.69784,-0.23893796743841722,-0.3090115272389562,0.93248,-0.23459473253559604,0.207828572193674,0.94408,-0.3274944290822957,-0.09489313004576022,0.000832,-0.03976713300099012,0.05939200568041393,6.9e-05,-0.07069634996417903,-0.13934586696941903,-0.46498,-0.0001663716952275615,0.11438512843607827,-0.46189,-0.018903962776674024,-0.15412385836925227,-0.81562,0.0650028667473571,0.1392552414684847,-0.82313,0.020729508907690552
173,-0.008212868161621725,0.72925,0.012513254035614403,-0.179118477458825,0.51646,-0.020255123643967317,-0.31623149427104147,0.70948,-0.14061320788284526,0.1487061590840696,0.51066,-0.08455615147027082,0.2416920926441597,0.69744,-0.23806615121282346,-0.308876033575602,0.93223,-0.23417183601493063,0.20784593701144072,0.94414,-0.3273959483069945,-0.09460041924675683,0.000848,-0.039339464451589076,0.059626547907544764,7.5e-05,-0.06979234391127202,-0.1392727130018473,-0.46492,-9.702115789358284e-05,0.11467992782169108,-0.46234,-0.018499001886905255,-0.15423640464694452,-0.81546,0.06494046213712981,0.13922718615850943,-0.82413,0.02085833786244139
174,-0.008128147084829855,0.72933,0.013131941629758026,-0.1787189646544332,0.51732,-0.018450075578367118,-0.31615694576657966,0.70808,-0.13932660673233957,0.1488435388349911,0.51095,-0.08394979530098025,0.24189359665741428,0.69707,-0.23744165450935556,-0.3092861798683138,0.93154,-0.23407920762525028,0.20816913900338407,0.94331,-0.3271178467564705,-0.09451845668648225,0.000941,-0.03929502191888405,0.05982500497306264,0.000249,-0.06933485533967047,-0.13911834333954723,-0.46486,-2.7775166230793735e-05,0.11467980404211028,-0.46224,-0.0184421161709599,-0.15422308360586104,-0.81547,0.06495842181041339,0.1392000730004064,-0.82376,0.02087733461631357
175,-0.007946091667473948,0.72918,0.01364613986488857,-0.1788526372220893,0.51732,-0.01655913595885088,-0.31607074057565004,0.70728,-0.1385497742761067,0.14889995045034587,0.51081,-0.0834571060179092,0.24196819324665012,0.69672,-0.23650030688553406,-0.3094860435693397,0.93074,-0.23400334919781976,0.208662612378989,0.94236,-0.326565140661363,-0.09442468605012633,0.000939,-0.0391836124589742,0.060018315103456676,0.000297,-0.0693557405853487,-0.1390937351669154,-0.46469,5.4197010998572465e-05,0.11477833468600841,-0.4622,-0.018401610465028227,-0.15420894419248615,-0.81546,0.06492343499876366,0.13926752062050216,-0.82356,0.020741559734456048
