FrameNo,head_x,head_y,head_z,left_shoulder_x,left_shoulder_y,left_shoulder_z,left_elbow_x,left_elbow_y,left_elbow_z,right_shoulder_x,right_shoulder_y,right_shoulder_z,right_elbow_x,right_elbow_y,right_elbow_z,left_hand_x,left_hand_y,left_hand_z,right_hand_x,right_hand_y,right_hand_z,left_hip_x,left_hip_y,left_hip_z,right_hip_x,right_hip_y,right_hip_z,left_knee_x,left_knee_y,left_knee_z,right_knee_x,right_knee_y,right_knee_z,left_foot_x,left_foot_y,left_foot_z,right_foot_x,right_foot_y,right_foot_z
69,-0.029158237432660203,0.7456,-0.003237916431999651,-0.15934054875950343,0.54091,0.04630162159169271,-0.25994424066108374,0.75431,0.05876765643730033,0.12028063514370504,0.52377,-0.029811415488482023,0.20271610920028985,0.75079,-0.062215475821504065,-0.30719088641191156,0.98851,0.0648209129406865,0.24337390115972207,0.98825,-0.08812931677539451,-0.08656834450638638,0.04131,-0.01775530775355931,0.032591737938275696,0.044493,-0.05807376691039389,-0.14514948990556256,-0.32447,-0.011369788219443223,0.09533748401377168,-0.32642,-0.05454077732232854,-0.14880122972184345,-0.69436,0.014335856244646535,0.12286027041527078,-0.67683,-0.03372481782732912
70,-0.029443423115303805,0.74605,-0.0027936449762261525,-0.1593154935533225,0.54178,0.04650130443182483,-0.258321406770018,0.75684,0.0606575662663685,0.11940204485535935,0.52424,-0.03030230764081758,0.2015988390653964,0.75145,-0.061353366521197404,-0.3041080730103988,0.99067,0.06831060426392035,0.24232887401820685,0.98927,-0.08564815529868718,-0.08707377858851781,0.0417,-0.01811094294391588,0.031922586043114556,0.044874,-0.0587589798270864,-0.14533591056974712,-0.32436,-0.011735979885056994,0.0948055863061284,-0.32603,-0.05496587240416765,-0.14881703170601113,-0.69432,0.014246238739122426,0.12288053738346093,-0.6768,-0.033667465843925055
71,-0.029855113628120784,0.74669,-0.0024275945402798356,-0.15927543069287833,0.54279,0.046670924499072286,-0.2571470491179774,0.75922,0.06167408439463462,0.1186559944275246,0.52424,-0.030790169054671523,0.20020284491442936,0.75174,-0.060689874749985676,-0.3014758748461088,0.99332,0.06964784351847005,0.241006187008248,0.98981,-0.08393545331828128,-0.08748990220983839,0.042258,-0.018357428504910966,0.03135786882989221,0.045428,-0.059370203574244836,-0.14550350331975978,-0.32397,-0.012110568552989153,0.09435326754863053,-0.32529,-0.055285179061811345,-0.14869391871569113,-0.69405,0.014138219335243016,0.12286969728546171,-0.67673,-0.0336137676849681
72,-0.030261706453995042,0.74731,-0.0020614275374688388,-0.1592426610558962,0.54365,0.04679918264069323,-0.25611267415570044,0.76152,0.062472598287697516,0.11767574782808278,0.52424,-0.03133929345249298,0.19878370568723566,0.75176,-0.06021523293362291,-0.2988469038700336,0.99575,0.07044849113568627,0.23933544227455247,0.9901,-0.08246905363373805,-0.08783883298294086,0.042739,-0.018574129486870226,0.030941890626300712,0.045889,-0.05982893893819314,-0.14561022125421816,-0.32354,-0.012427857510352858,0.09406821828717697,-0.32461,-0.05540449343037099,-0.148556790091577,-0.69376,0.014052098835659235,0.12287130998765758,-0.67671,-0.03354703389149262
73,-0.030652830166624744,0.74791,-0.0017111887026450062,-0.1592676904358672,0.54426,0.04682999708760155,-0.255292874904777,0.76299,0.06291800842250075,0.11698002954556153,0.52424,-0.03177205790501382,0.1973331120974973,0.75176,-0.05974621455721328,-0.29613237777861134,0.99749,0.07087053035067407,0.23682145756977138,0.9901,-0.08117788908027214,-0.08818967148175896,0.043121,-0.018818926030446836,0.030553137339199524,0.046266,-0.06027724339028795,-0.14571907283540542,-0.3231,-0.012814834684451062,0.09379145426965455,-0.32395,-0.0555344075504844,-0.1483495093875083,-0.69347,0.013960716617909853,0.12293057210101599,-0.67667,-0.03355646797439962
74,-0.031066782914228798,0.7485,-0.0013234154148194293,-0.15929584548303624,0.54479,0.04684308499495565,-0.25479615386621624,0.76423,0.06302843129083466,0.11642970108869855,0.52412,-0.03212891584533016,0.1957259412877461,0.75176,-0.05930137414955724,-0.29376139634212933,0.99906,0.07066874822099506,0.23415875789774646,0.9901,-0.08021183967335843,-0.08854866423221132,0.043423,-0.01916179656741764,0.030136183944809804,0.046585,-0.06080485581139542,-0.14584181627080603,-0.32264,-0.013280596478790242,0.09350270852787311,-0.32334,-0.055732273405555664,-0.1481329015504425,-0.69318,0.013864643495124762,0.12301786548196265,-0.67663,-0.03352210424871538
75,-0.03147766948018653,0.74907,-0.0009067354058011649,-0.15937480375145488,0.54522,0.046855992041415995,-0.2545789752160205,0.76531,0.06299318311500698,0.11598658568461703,0.52381,-0.032396027692064205,0.19425143411808654,0.75176,-0.05891038871936493,-0.2917665279393593,1.0005,0.07034949275020425,0.2315626616473159,0.9901,-0.07955911595040938,-0.08886015307678975,0.043643,-0.019523197590801913,0.029756477192618185,0.046841,-0.06132278899467305,-0.14594607908839008,-0.32217,-0.01375672489095385,0.09323626366381689,-0.32279,-0.055918840107885066,-0.14789364553929613,-0.69291,0.01378183914058754,0.12313266918596454,-0.67654,-0.033446897137698925
76,-0.03187454041235013,0.74962,-0.0004681564924872775,-0.1594045216322229,0.54545,0.04686021667899299,-0.2545789752160205,0.76606,0.06299318311500698,0.11564443199892097,0.52304,-0.03260884652432441,0.19288833159985946,0.75145,-0.05857864857286013,-0.2909173358454592,1.0016,0.07021295781819985,0.22947881325041947,0.99003,-0.07922620175913458,-0.08917320715920586,0.043799,-0.019876199207629088,0.02940416419661715,0.047026,-0.061794781105675725,-0.14604066747662167,-0.32168,-0.014235574592647134,0.09302305309549763,-0.32231,-0.056091438640778556,-0.1476526530463731,-0.69263,0.01370888286358044,0.12326027298651693,-0.67644,-0.03335668477665793
77,-0.032234745132400336,0.75012,-1.1672582964105706e-05,-0.15946447833829197,0.54553,0.04686571153088795,-0.2545789752160205,0.76668,0.06299318311500698,0.11540376097614335,0.52209,-0.032764417918851735,0.19160326924056584,0.75098,-0.058322610035279096,-0.2902061904851584,1.0026,0.07009974882331581,0.22776055925938124,0.98979,-0.07895064373932545,-0.08948428922187726,0.043892,-0.02024681079714581,0.029060652580602826,0.047183,-0.06223989319230474,-0.1461328247903659,-0.32122,-0.014700636985798248,0.09282038519741918,-0.32186,-0.05626183442443665,-0.1473719209469742,-0.69236,0.013630950274972686,0.12337455574598584,-0.67637,-0.033284432088900515
78,-0.03254930861217273,0.75058,0.0004905811548950373,-0.15955797318503778,0.5456,0.046853765249793636,-0.2535380310168479,0.76398,0.06279237431487883,0.11509251666607201,0.52141,-0.03280194097107577,0.19045776657987365,0.75068,-0.05813890468873968,-0.28948961573039883,0.999,0.06926869129170844,0.22737544234664048,0.98965,-0.07888882979655341,-0.08979854922458226,0.043984,-0.020675756773580897,0.028760400998975866,0.047322,-0.06259515223544158,-0.1462078906717149,-0.32077,-0.0151839444587979,0.09264569869833209,-0.32151,-0.056446302923201866,-0.14710155786963847,-0.69208,0.013551799744882567,0.12347899042792465,-0.67631,-0.03321044291936643
79,-0.0328079116982011,0.75101,0.000981952138874153,-0.1596919520995669,0.54566,0.04678498552558955,-0.253701186392871,0.76398,0.06175189878740363,0.11494444820676482,0.52055,-0.03277786335993175,0.18966992037746389,0.75021,-0.05799998614660613,-0.2893030285533283,0.99885,0.06802337156354508,0.22723188695612972,0.98925,-0.07924227123421362,-0.09007463726288782,0.04408,-0.02108401697872534,0.028522468095398823,0.047457,-0.06286188793495591,-0.14626373147393978,-0.32032,-0.015615808794911538,0.0924919238915489,-0.32119,-0.056627350731249346,-0.14681219322995318,-0.6918,0.013465237020227061,0.123605031394878,-0.67617,-0.03312909382810254
80,-0.03287552396993549,0.75111,0.0014680782343585606,-0.15973481737324075,0.54566,0.04677223529763598,-0.25388135929030536,0.76398,0.06061491210013324,0.11485546821263841,0.5195,-0.03276420463944775,0.18910701712464792,0.74957,-0.05790986995511309,-0.2889485289399225,0.99885,0.06652098878139695,0.22704127290947124,0.98863,-0.07986259557294012,-0.09033613404579198,0.044093,-0.021444078685285174,0.028310932119065855,0.047466,-0.06299619553234659,-0.1462979161225532,-0.32016,-0.015982442685597027,0.09234799716229583,-0.32119,-0.05681013502107349,-0.14673965994410818,-0.69179,0.013415892086905268,0.12361944419362436,-0.67617,-0.03304735478460254
81,-0.03280410229607878,0.75111,0.0019134420682107352,-0.15973481737324075,0.54566,0.04677223529763598,-0.25456184996943465,0.76343,0.05940469210541404,0.11485546821263841,0.51824,-0.03276420463944775,0.18871158105844094,0.74866,-0.057791403430125066,-0.2892244318518483,1.0029,0.06478350249851847,0.22695437312583097,0.98758,-0.08064336726018505,-0.09057047501471231,0.044093,-0.021713478593016193,0.028129206547978604,0.047466,-0.06296719869091491,-0.1463545254284726,-0.32016,-0.01630349001307901,0.09221496039963889,-0.32119,-0.056988746946156216,-0.1467436538521945,-0.69179,0.013393241508585986,0.12362309080535536,-0.67617,-0.033026673821789275
82,-0.03273638431526608,0.75111,0.0023320424445539127,-0.15973481737324075,0.54566,0.04677223529763598,-0.2553462045173729,0.76281,0.05818130788811815,0.11517688385420823,0.51704,-0.03255382169015228,0.1882770501098719,0.74785,-0.0577218918862227,-0.2898433379994402,1.0024,0.061446274430125035,0.22682056429183367,0.9867,-0.08151741027740117,-0.09074301825011571,0.044093,-0.021897309580383738,0.027977198857659397,0.047466,-0.06294242648706024,-0.14638774209900388,-0.32016,-0.016549458817602704,0.09212223405658766,-0.32119,-0.05711151023588221,-0.1467479950566362,-0.69179,0.013368621314760682,0.1236270847134417,-0.67617,-0.033004023243469995
83,-0.03268464196679873,0.75111,0.002660040507619967,-0.15971477392182518,0.5455,0.04677073194958867,-0.2565285980703601,0.76554,0.057464742129897634,0.11548182874510958,0.5162,-0.032206498190352525,0.18801926361231205,0.74717,-0.057686591437559415,-0.2908311343006202,1.0053,0.058953939286655134,0.22668888910456525,0.98596,-0.0823217650778828,-0.09082034939090627,0.043954,-0.02192124479845317,0.027907103859017863,0.047337,-0.06293108227419889,-0.14644246531735594,-0.32016,-0.016687046496459468,0.09208232080193418,-0.32125,-0.05710751873203457,-0.14675198896472252,-0.69179,0.013345970736441401,0.12359324914500656,-0.67626,-0.03296556346826693
84,-0.032669903509845326,0.75061,0.00289911325363388,-0.1596338057862584,0.54492,0.046884398835808194,-0.2573776494775842,0.76484,0.05575926838108447,0.11569442041552497,0.51545,-0.03174947107773228,0.18781257776376026,0.74663,-0.057707011036194716,-0.2912677116454847,1.0047,0.05624763530854199,0.22693508747517244,0.98521,-0.08317142522306459,-0.09087914764104467,0.043348,-0.021914938786982863,0.027876622283032674,0.04666,-0.06285056598065865,-0.14666599503914143,-0.32054,-0.016802992447136948,0.09179603196084997,-0.32185,-0.0570610999915232,-0.1470482256205307,-0.69228,0.013278384911332703,0.12318327650047244,-0.67697,-0.03287195027083356
85,-0.032760460763002965,0.75005,0.0030074847623460205,-0.1595625120800441,0.54436,0.047000787011557396,-0.25817376401682973,0.76416,0.05412366370989958,0.11593424902362416,0.51473,-0.031368326434929567,0.18755712260349397,0.74602,-0.057773664326386004,-0.2922233625590552,1.004,0.05295861473527219,0.22723868769778063,0.98445,-0.08398348181273815,-0.09091969840709584,0.042761,-0.021908804019451535,0.02789246211460377,0.046008,-0.06261676456976513,-0.14687724560890944,-0.32098,-0.016906887571048926,0.09151941754911821,-0.32245,-0.05701740254054153,-0.1473481088880698,-0.69279,0.013190118123410748,0.12276983089238497,-0.67765,-0.032798033228460435
86,-0.032804950760066176,0.74935,0.0030143141225880193,-0.15957846188617955,0.544,0.04714068198532072,-0.2588362709802885,0.76375,0.05272749591075484,0.1159145528685639,0.51422,-0.03136485347137623,0.18729558975700933,0.7454,-0.057874785887932705,-0.2935847188237019,1.0035,0.04990258379290477,0.22768829842777386,0.98367,-0.08460093641955144,-0.09094431860092113,0.042233,-0.02190446281500986,0.027946162057383643,0.045379,-0.06220280042138336,-0.147077258915726,-0.32146,-0.01700464071471348,0.09123805274679908,-0.32298,-0.056971852040918494,-0.1476789255736206,-0.6933,0.013099182318794703,0.12233529994381594,-0.67835,-0.03272852168455807
87,-0.03283466864083421,0.74856,0.003018538760165015,-0.1596227403876617,0.54368,0.047292680058685144,-0.25945819413877,0.76339,0.05150390260211657,0.1159176785357619,0.5135,-0.031347126931822004,0.18703470163463848,0.74484,-0.05802983874216573,-0.29498422425119264,1.003,0.0474940137693381,0.22808358310436727,0.98289,-0.08529613856601709,-0.09097583244901752,0.0418,-0.02189890607332452,0.02799985478744743,0.044759,-0.061737048243998977,-0.14728312639198637,-0.32197,-0.017078006798282086,0.0909668118116202,-0.32356,-0.05682857484425661,-0.1480125206300141,-0.69383,0.01299248959013046,0.12190957518371102,-0.67905,-0.03266665546895045
88,-0.03287307614320169,0.7477,0.0030253110390940246,-0.15966476146283418,0.54341,0.047457480632838715,-0.2586286981999301,0.75883,0.05137084063366552,0.11590562290051902,0.51276,-0.03130032242713613,0.18669956778703298,0.74413,-0.05831802150394916,-0.2952969646191708,0.99846,0.04572037500616311,0.22831100342939947,0.98213,-0.08607953118518212,-0.09101460888588862,0.04142,-0.02173873932289366,0.028054177816192793,0.044144,-0.06122165130129566,-0.14749727911217783,-0.32247,-0.01714077313029691,0.09069613928533252,-0.32411,-0.056607210024303106,-0.1483571793011814,-0.69435,0.012880639688971799,0.12147933557098675,-0.67972,-0.03263039425492115
89,-0.03311861893190877,0.74665,0.002911215732819191,-0.1596819508486003,0.54314,0.04776310871567304,-0.2582190764193972,0.75883,0.05046900971996106,0.1158595580486633,0.51199,-0.0312160429550002,0.18618974744034036,0.74348,-0.058790672764497814,-0.29644177982244396,0.99832,0.044295523382184454,0.22848456877696793,0.98134,-0.08699558744443886,-0.09103760016826293,0.041024,-0.021368116332599232,0.028095574564568217,0.043534,-0.06064711121633731,-0.14772475287345277,-0.32297,-0.017221499135595304,0.09041080159265955,-0.32466,-0.0563192874632905,-0.14870942862356912,-0.69488,0.012783328770378972,0.12104527569835381,-0.68041,-0.03261579881145811
90,-0.03370860106307019,0.74527,0.0023582644827887535,-0.15966369196373534,0.54292,0.048097010816779764,-0.25773312513549756,0.75883,0.049712126406843166,0.11582304384657927,0.51114,-0.031077599056448597,0.18578004461353187,0.74268,-0.05938658181267977,-0.29701190952302975,0.99832,0.042617025206877136,0.2285047546988825,0.98031,-0.0884359754229212,-0.09107565199815183,0.040608,-0.02058765169006755,0.028098561406337475,0.042916,-0.060048536176115754,-0.1480030797245742,-0.32345,-0.017360276525485836,0.0901483566085742,-0.32515,-0.05569421816286977,-0.14906497726133253,-0.69543,0.012667306504478908,0.12061533351338802,-0.68109,-0.03263543850562115
91,-0.034507485597035197,0.74363,0.0014786256356523189,-0.15961258953090435,0.54273,0.048444414819863724,-0.25662718843310356,0.75575,0.04953438217965741,0.1157405885722203,0.51018,-0.030911761401706414,0.18543173754681064,0.74179,-0.059922236727034214,-0.29692707839424903,0.9953,0.041197732185831164,0.22854133746048166,0.97922,-0.08989854771226413,-0.09110064717578971,0.040192,-0.019554617208022124,0.028062155937986243,0.042303,-0.0594430152087875,-0.14829785328397707,-0.32394,-0.017534740128214158,0.08988775505617544,-0.32558,-0.05499534776652483,-0.14944161123957753,-0.69598,0.012546878740108089,0.12017207028733873,-0.68176,-0.03267303787306776
92,-0.03567133718540686,0.74095,-0.0005206471021813076,-0.15960435237174722,0.54273,0.04877906859499412,-0.2558154340022414,0.75575,0.048264124432593584,0.11563803997784886,0.50892,-0.030802290922615286,0.18512217806609615,0.74058,-0.06041090627580902,-0.2964817126991495,0.9953,0.039865150331824244,0.22849189224697475,0.97784,-0.09133071954932183,-0.09111939342327029,0.040085,-0.018468866970534063,0.028035760174149302,0.041757,-0.05875193253381189,-0.1485977864201131,-0.32419,-0.017680877439834472,0.08961769537848267,-0.32566,-0.054183112720196186,-0.14972839698280774,-0.69637,0.012417716294018328,0.11987141851610505,-0.68216,-0.03265048765235805
93,-0.03702187979868006,0.73813,-0.0034404867638293908,-0.15959847237609354,0.54273,0.04898517882193861,-0.25618376226181405,0.76037,0.04715422205256184,0.11569444980938072,0.50757,-0.030712725689926765,0.18480750887724548,0.73932,-0.06081337900977746,-0.29666235667252,0.99972,0.03878307974499318,0.2283051946297729,0.97658,-0.0926198851708504,-0.09117986812664232,0.040058,-0.017239691714416333,0.027944100925958205,0.041702,-0.05821790296326261,-0.1486869400624172,-0.32421,-0.01766820352710349,0.08957911058286724,-0.32566,-0.0533192891192525,-0.1497386422252901,-0.69638,0.012359612636590607,0.11986157043857494,-0.68216,-0.03264875117058138
94,-0.03854440142652709,0.73497,-0.006851931163601725,-0.1595704651508923,0.54273,0.049201603393871945,-0.2565742177509344,0.76359,0.04603400532754127,0.11565753844234446,0.50632,-0.03063412193057955,0.1845815222547627,0.73816,-0.06117360955603756,-0.2967902614684767,1.0029,0.03794252019137947,0.22812752671780973,0.97543,-0.09385784078922234,-0.0912326001687645,0.040036,-0.015868706546103555,0.027813468170747133,0.041638,-0.05777245141341014,-0.14877592005654364,-0.32423,-0.01765454480661949,0.08954753600838761,-0.32566,-0.05246177874249522,-0.14975990121394936,-0.69638,0.01235422233036684,0.11986157043857494,-0.68216,-0.03264875117058138
95,-0.040351667054937354,0.73164,-0.010910765595845407,-0.15953295714451624,0.54279,0.049414321868522584,-0.2567415887679954,0.7646,0.04531514794067794,0.1156116472386664,0.50512,-0.030548857650690608,0.18437146139602847,0.73707,-0.06150110831271891,-0.2965730365173299,1.0039,0.03715889443848508,0.2279317254843853,0.97438,-0.09508346017426383,-0.09128322741502219,0.040021,-0.014220881045045763,0.0276181235104022,0.041566,-0.05728512661035296,-0.14887457448002253,-0.32425,-0.0176381647966058,0.08954010093484238,-0.32566,-0.051484642764403434,-0.14975990121394936,-0.69638,0.01235422233036684,0.11986157043857494,-0.68216,-0.03264875117058138
96,-0.04233919034955224,0.72818,-0.015082006316945444,-0.15961779362476566,0.54331,0.04962424273842096,-0.25617680121143505,0.76551,0.04500536734742759,0.11554022975287132,0.50417,-0.03060836011049446,0.18419724597287748,0.73615,-0.061740492911923454,-0.29592207494751854,1.0049,0.03618607686327955,0.22754171702881415,0.97338,-0.09608596623638166,-0.09132777457082282,0.040331,-0.012555849948966752,0.027432017646638315,0.04152,-0.05658416041468251,-0.14896129704783928,-0.32421,-0.01761170357533265,0.08954877489017805,-0.32516,-0.05054284089431672,-0.1496710948680006,-0.6963,0.012339578802129828,0.11993884209381381,-0.68191,-0.03261363577087348
97,-0.04429252356666056,0.72462,-0.01934152522674515,-0.15968930906393158,0.54384,0.049852123281602906,-0.25556245001325567,0.76642,0.044861500724141995,0.11551775522696842,0.50326,-0.03062064407098932,0.18410781894520192,0.73524,-0.06184454485434221,-0.2948088485893084,1.0058,0.035243446460955244,0.22715064264178994,0.9724,-0.09692175438167547,-0.09135348419549674,0.040613,-0.010968266560542976,0.027260900203228085,0.041464,-0.055775155581223076,-0.14905000365659424,-0.32412,-0.01748131899969891,0.08956544627864123,-0.32467,-0.04962478857292828,-0.1495822885220518,-0.6962,0.012324935273892817,0.1200384146267779,-0.68163,-0.03256722121842373
98,-0.046068248900348746,0.72117,-0.02359580584035046,-0.15969962821739783,0.5442,0.04990877586381891,-0.25486705676852567,0.7673,0.04471654474743221,0.11560656157291717,0.50214,-0.030635287599226325,0.18405840490937364,0.73412,-0.06183684725321188,-0.2936974085814718,1.0068,0.03423309745740245,0.22680501420871765,0.97129,-0.09755739341937844,-0.09137378187579862,0.040839,-0.009557306247786316,0.027132362626926726,0.041368,-0.054983812993288764,-0.14912199017169633,-0.324,-0.017198522356077633,0.08961235889664411,-0.32415,-0.048725269142191996,-0.14949829445648083,-0.6961,0.012340587652269829,0.12015438399942661,-0.68134,-0.03254299097683456
99,-0.04755465767912558,0.71788,-0.027591395651927114,-0.15970235671964358,0.54455,0.04995088946346907,-0.2542251471625171,0.76818,0.04426826798279466,0.11558686541785693,0.5014,-0.030631814635672987,0.18397939677235808,0.73342,-0.06188181073044989,-0.29255868355117737,1.0077,0.032801612457347966,0.22666681786932757,0.97062,-0.09770767905335317,-0.09136415196357431,0.041032,-0.008408525909866772,0.027060803291048412,0.041306,-0.05402481754937431,-0.14911315637319938,-0.32391,-0.016572546346949393,0.08966903428041555,-0.32359,-0.04804680329863438,-0.14941100107553418,-0.69597,0.012374951377954071,0.1203600039165254,-0.68102,-0.03235585346137525
100,-0.04886412974522175,0.71477,-0.03133792643494676,-0.15971528059577483,0.54489,0.04999276992938989,-0.2543000393956884,0.76887,0.04378594531754803,0.11558686541785693,0.50082,-0.030631814635672987,0.1838971391885638,0.73286,-0.06188761503129679,-0.29159702622586053,1.0085,0.031229742173684457,0.22657352071314646,0.97007,-0.09789126729003657,-0.09135912942844703,0.041222,-0.007452879649924891,0.027054331387107892,0.041265,-0.052892491132452334,-0.1491009733907299,-0.3239,-0.015869988466815556,0.08973822916264987,-0.32304,-0.047418270031199326,-0.14938296980794594,-0.69583,0.012418749186545322,0.12057447989068522,-0.68069,-0.03211849075051232
101,-0.049833480871749825,0.71266,-0.034002074777944716,-0.15970729277960216,0.54523,0.05003807108602845,-0.2539444150631182,0.76887,0.0441903353941869,0.11567726042361459,0.50058,-0.03040709760709244,0.1839400543308345,0.73262,-0.06181699427964486,-0.291283581493368,1.0085,0.029609701001469146,0.22647761883430034,0.96984,-0.09808962764301515,-0.09132247647835866,0.041383,-0.006507887818611087,0.027068490577383742,0.041234,-0.051821681850959714,-0.14907576679493537,-0.32389,-0.015093570005205805,0.08982487239058957,-0.32251,-0.04687506293344361,-0.14936855700919957,-0.69569,0.012500488230045336,0.12080470798041583,-0.68034,-0.031849381057823645
102,-0.05060160439504923,0.71124,-0.03572080286957355,-0.15969947861160716,0.54554,0.050082387434914,-0.2530950974058144,0.76607,0.04440003879661969,0.11576105679862092,0.50041,-0.03021980327312636,0.1839602473880408,0.73247,-0.06164488605659708,-0.2909670867884844,1.0057,0.027719018558069256,0.22637563926923587,0.96968,-0.09832245626734915,-0.09125307490902067,0.041536,-0.005699660485385205,0.02712470388175807,0.041223,-0.05073696388558285,-0.14902503391702382,-0.32389,-0.014172384803903256,0.08990098256524327,-0.32205,-0.046403109290260106,-0.14935570704405224,-0.69557,0.012573364003768238,0.12104118740454244,-0.67998,-0.031544818286026524
103,-0.051197863066400784,0.71015,-0.036960091212469626,-0.15968905972094713,0.54584,0.05014147590009473,-0.25408529360380294,0.76956,0.043333785782795634,0.11584021454142714,0.50029,-0.030001228224793237,0.18397448653860946,0.73236,-0.061564131820850077,-0.2912710708365953,1.0091,0.02587986394290116,0.22626281960617217,0.96956,-0.09850158673272619,-0.09117542834739364,0.041674,-0.005028954132748302,0.027233387786652193,0.041223,-0.049561986094806804,-0.14893701654951072,-0.32389,-0.013097336459401449,0.089975008961765,-0.32166,-0.04594297334011275,-0.14933400102184385,-0.69544,0.012696464972894764,0.12126816604749428,-0.67961,-0.03123654941694672
104,-0.0515005168716507,0.70933,-0.03753628968015914,-0.15967707799668812,0.54589,0.050209427635052574,-0.25427935835545074,0.76985,0.04211801447528428,0.1159339088625605,0.50016,-0.02975779984890546,0.18397830679851812,0.73227,-0.06154246605028381,-0.2915007833332617,1.0095,0.024404336522323922,0.22617401326022343,0.96945,-0.09848694320448917,-0.09110782693344563,0.041674,-0.0046052560694623944,0.027418308670435283,0.041277,-0.04840958977984355,-0.1488531168696648,-0.32389,-0.01198805297727358,0.09004980145774254,-0.32164,-0.045576391722262855,-0.14934173949503204,-0.69543,0.012940516434748027,0.12138242476457621,-0.67951,-0.030991669965847218
105,-0.051732923668229694,0.70871,-0.0379674834659491,-0.15969927913721957,0.54592,0.050313869529707456,-0.2545424834293901,0.76998,0.04097128425615495,0.11593589468732161,0.50017,-0.029458599152883513,0.1839091966076296,0.73229,-0.06153129548560013,-0.2917280148868438,1.0096,0.023000466933987225,0.22599734272019809,0.96948,-0.09856748834889381,-0.09104144105674127,0.041688,-0.004188451660447573,0.027596457275289355,0.041332,-0.047295600967247775,-0.1486948236426164,-0.32393,-0.010975152066882734,0.0901917297206252,-0.32161,-0.045186108020072877,-0.14922296592533077,-0.69538,0.013211000887425843,0.12150444778105625,-0.67936,-0.030760344689560532
106,-0.0518767218094246,0.70827,-0.03824167882438702,-0.15972200122228403,0.54593,0.050415357001103306,-0.25504558136575056,0.76998,0.0404791699742754,0.11593150539810597,0.50023,-0.029137965820024654,0.18381054218415074,0.7324,-0.06151491547558645,-0.2926659964195974,1.0096,0.02136652242935643,0.22577522622622095,0.96959,-0.09884818260088926,-0.0909829264293449,0.041693,-0.0038220460950140426,0.027756779603395433,0.041388,-0.046294227534850727,-0.14854057419225128,-0.32397,-0.010042772258509518,0.09033180974334389,-0.3216,-0.04483510006113871,-0.14908466984874694,-0.69534,0.01347702756879731,0.1216110659783208,-0.67924,-0.030558796779593566
107,-0.051974952621325565,0.70791,-0.03835534811484524,-0.1597289711917777,0.54595,0.0505485914543249,-0.2555218635717665,0.76973,0.04002395984671602,0.11596893949349815,0.50023,-0.028810491105730297,0.18371171411249415,0.7324,-0.06149952027332578,-0.2934959705696651,1.0091,0.019942004296716692,0.22557124305370502,0.96955,-0.09914121308621518,-0.09088392532992647,0.041634,-0.0034160697628049606,0.02792562030916198,0.041388,-0.04531364922789291,-0.14841683695255864,-0.32419,-0.0092258480909681,0.09047206581847896,-0.3216,-0.04450036997078574,-0.14904554914017498,-0.69532,0.013756479836923423,0.1217230174004962,-0.67911,-0.03038459035298159
108,-0.05216849588544896,0.70773,-0.03832426749528156,-0.15992166544892236,0.54597,0.05072269752332731,-0.2564230521655959,0.76952,0.03957766944983097,0.116008110070667,0.50023,-0.02847316831390582,0.18355027474350666,0.7324,-0.06155127285916371,-0.2946997727171023,1.0087,0.019046436661177314,0.2252141297985197,0.96951,-0.0996692226722749,-0.0907163349841525,0.041579,-0.0030242184185385844,0.02820916979021405,0.041438,-0.04440813020998379,-0.14829984794940804,-0.32429,-0.008619958189136231,0.0908181539267097,-0.3216,-0.04425372037856779,-0.14900799126520203,-0.69527,0.014027068835272428,0.12204956679258921,-0.6789,-0.030433030981834572
109,-0.052269524302102195,0.70764,-0.0383155922991143,-0.16012768074715045,0.54597,0.05087884391904615,-0.2573043709561873,0.76933,0.039128890897145566,0.1160610727648554,0.50023,-0.028172801949237096,0.18347364781238157,0.7324,-0.06164031955155792,-0.29617513122055483,1.0078,0.017647375087732356,0.22504832161505767,0.96942,-0.1003792167893611,-0.09056304808297631,0.041548,-0.002667415775712329,0.028478727679858977,0.041514,-0.04369713685971237,-0.14816547008610373,-0.32438,-0.008088214275345236,0.09117229654938087,-0.3216,-0.04402473784035237,-0.14896544746167364,-0.6952,0.01426834673476042,0.12236748364439579,-0.67869,-0.03047284147463979
110,-0.0523466271176408,0.70764,-0.03831519753840077,-0.1603376899534649,0.54597,0.0510123397364457,-0.25813458909777076,0.76909,0.0386243922971616,0.11610054076978268,0.50023,-0.02789138006560496,0.18345675407055095,0.73239,-0.06179371642729847,-0.2980215687443899,1.0072,0.01575627554763042,0.2248996289063779,0.96933,-0.10128008274963791,-0.09037146543781995,0.041528,-0.0023468130775407686,0.028811248971667605,0.041601,-0.04295155145850476,-0.1479977775988973,-0.32448,-0.007597884560016338,0.09155152322909738,-0.32164,-0.043803224578015325,-0.14892394554721125,-0.69513,0.014503715787730336,0.12270579124397328,-0.67851,-0.030512185699986302
111,-0.052370143532609714,0.70764,-0.038333390345413706,-0.16057074449881217,0.54597,0.051072726646392994,-0.25888393884098126,0.76884,0.03811781953600044,0.11614621024050908,0.50028,-0.02763237562656275,0.1834254973985709,0.73239,-0.061970981822840665,-0.29934968072847257,1.0067,0.013579834747209682,0.22476651466509126,0.96928,-0.102150186535842,-0.09019781601932143,0.041504,-0.002202778777962041,0.029135033177518588,0.041695,-0.0422785516159777,-0.14780766045438481,-0.3246,-0.007153141407890945,0.0919200978844245,-0.32172,-0.043630604406973555,-0.14889576467383228,-0.69505,0.014721125167416678,0.12303338252513232,-0.67832,-0.030554717482321206
112,-0.05236296687601238,0.70764,-0.03828693073284447,-0.16079777122653796,0.54594,0.05110971130399735,-0.2596395399185876,0.76851,0.03757579369573082,0.11617595394748703,0.50034,-0.0274061029770993,0.18337826509424549,0.73237,-0.06223884953165999,-0.30064641404481734,1.0061,0.011120649576003262,0.2245856970435431,0.96923,-0.10323324193042607,-0.09007437496655568,0.041477,-0.002170727155661757,0.029424313668849456,0.04178,-0.041760920668935914,-0.14764497972194374,-0.32464,-0.006863997880741497,0.09227496154643203,-0.32181,-0.04358757207742238,-0.14886693907633958,-0.69498,0.014884603254416703,0.12334127765123111,-0.67818,-0.03059377630110277
113,-0.05233852994731954,0.70767,-0.03822320603970232,-0.16103481967997157,0.5459,0.05114744763562537,-0.2603798359141724,0.76814,0.036947804174384195,0.11620425860044675,0.50043,-0.027245579313358307,0.1833416992397417,0.73236,-0.06256140020718928,-0.3020173690440097,1.0055,0.008355707733904344,0.2245061626105258,0.96916,-0.10449053198207073,-0.08998655342835991,0.041452,-0.0021851970357211013,0.0296533093916655,0.041843,-0.04137786589617887,-0.147497232732782,-0.32467,-0.006659547820351077,0.09259484801374462,-0.32189,-0.043627729866582934,-0.14884111536646413,-0.69496,0.01497346908591716,0.12368149538076294,-0.67801,-0.030622287641166153
114,-0.05231113378689026,0.70794,-0.03819452764376159,-0.16127186813340516,0.54583,0.051185183967253384,-0.2611950481853155,0.76774,0.036010118751133025,0.11624717374271745,0.50055,-0.027174958561706375,0.18348822712401391,0.73236,-0.06317009190183503,-0.30355405474803443,1.0045,0.005572263635840562,0.22460835677325022,0.96901,-0.10621446827819801,-0.08994698747006177,0.041428,-0.0021911581550747693,0.029754154543186286,0.041917,-0.0413184751947623,-0.14735705235245372,-0.32467,-0.006613185540736928,0.09285848627650954,-0.32199,-0.04367015469900795,-0.14879512442559228,-0.69493,0.015003945853424943,0.1239826680965296,-0.67791,-0.030641883438616825
115,-0.0522631804432285,0.70852,-0.03811261014360651,-0.161507750918192,0.54572,0.05117194342945412,-0.26202216826973374,0.76745,0.034889725353280304,0.11626686989777771,0.50068,-0.027178431525259714,0.18368962604860598,0.73242,-0.06387070839691143,-0.30473834152388074,1.0033,0.0030597420274647152,0.22483388744306926,0.9689,-0.10798756864675332,-0.08991333035828168,0.041378,-0.002196077385362429,0.029816371079803717,0.041987,-0.0413284302222023,-0.1472286800482068,-0.32467,-0.006633790188327611,0.09310045876870822,-0.32209,-0.0437087592715243,-0.14870991482277762,-0.69494,0.01502649188607304,0.12428140973780893,-0.67783,-0.030675266544609673
116,-0.05214220412429185,0.70957,-0.03785266836116948,-0.16176199054121462,0.54559,0.05111218379353392,-0.262892550792778,0.76745,0.033696741588269616,0.11628673970101562,0.50084,-0.02718091968106004,0.18394138116089853,0.73253,-0.06468885469399685,-0.30594289705174005,1.0039,8.674438530226203e-05,0.2251725093775005,0.96886,-0.10986793674516439,-0.08992478632953031,0.041334,-0.002295600049729651,0.029856921845854888,0.042051,-0.04133456498973363,-0.14711015582148998,-0.32467,-0.006652658354141618,0.09331566780339787,-0.32219,-0.043743660150996656,-0.14856028352987144,-0.69489,0.015011277544706134,0.12456665668982715,-0.67775,-0.030727594131639106
117,-0.05196488226785245,0.7109,-0.03745745581173705,-0.16185511404921807,0.54548,0.050929580364603544,-0.2633928000149578,0.76745,0.0322993798900295,0.11622730393947955,0.50094,-0.02717247040590605,0.18424019314551593,0.73265,-0.06564324214039848,-0.30645540851884195,1.0039,-0.003107791104575597,0.2256860653701804,0.96895,-0.11167760777670094,-0.08996072909806867,0.041264,-0.0025167179309373896,0.029861845884619945,0.042051,-0.041335433230621964,-0.14711015582148998,-0.32471,-0.006652658354141618,0.09328985371047718,-0.32231,-0.04390157668783394,-0.14856028352987144,-0.69489,0.015011277544706134,0.12455762698458847,-0.67775,-0.030778804134795744
118,-0.05172393126740307,0.71268,-0.03681655986434587,-0.16197579774887366,0.54532,0.05064826302664259,-0.26393340952534017,0.76711,0.030788299032734247,0.11613433003726678,0.50112,-0.02718146226374133,0.18459903574718625,0.73277,-0.06671788067833878,-0.30669809476023646,1.0032,-0.004599308582930374,0.22632752259117112,0.96908,-0.11345296735538885,-0.09001281874289134,0.041199,-0.002846685609509467,0.029839918749875717,0.042051,-0.04153465220753408,-0.14711467067410933,-0.32474,-0.0066782633557199295,0.09325385386062585,-0.32244,-0.044128777063737426,-0.14856288825253644,-0.69489,0.014996505428410951,0.12454842363117212,-0.67775,-0.030830998945705387
119,-0.051405099951181525,0.71488,-0.035935539664919976,-0.16210399818876584,0.54511,0.05026672843160375,-0.26441299461437756,0.76671,0.029508129457102576,0.11601379594340186,0.50137,-0.027289168030607186,0.18500290131164632,0.73288,-0.06788270753493308,-0.3068242630744164,1.0025,-0.005430020059013968,0.22710457142888685,0.96924,-0.11509281341639718,-0.09010580342546604,0.041135,-0.003610137539107187,0.029836679540467512,0.042051,-0.04198493046319651,-0.14713503737949327,-0.32478,-0.006851356386520725,0.0931983483335628,-0.32259,-0.044472358402674,-0.14856879229057712,-0.69489,0.014963021964808537,0.12453974122228877,-0.67775,-0.030880239333356
120,-0.05052888008836435,0.71761,-0.03464610422566578,-0.16235375235302488,0.54445,0.04919582840945636,-0.26493594187923486,0.76594,0.028039628466916214,0.11594929499085771,0.50229,-0.02834602356809606,0.18590078167098542,0.73321,-0.06947074873726791,-0.306900594361606,1.0017,-0.005978091709983049,0.22874013949349992,0.96933,-0.11687388531444563,-0.09032326802521803,0.040808,-0.00484919934057421,0.029699709596107484,0.041816,-0.043038146601670484,-0.14737218735394356,-0.32484,-0.007332485152671972,0.0929706943318099,-0.32307,-0.04492266791343953,-0.1487484148496228,-0.6951,0.0148657350886027,0.12418667352760959,-0.67798,-0.03092460376701553
121,-0.04962870158550653,0.72054,-0.033186239963827496,-0.1626972008384172,0.54369,0.04788150001142119,-0.26544477377310416,0.76512,0.02670876742842221,0.11577004020290856,0.50348,-0.029420215692903026,0.18687836476005074,0.73391,-0.07100988723135265,-0.3067338974625145,1.0009,-0.00624204841823893,0.23047964712172866,0.96979,-0.11835342517917859,-0.0905419361410202,0.040486,-0.006181468177983363,0.029570061726073855,0.041562,-0.04425715293052843,-0.14760544315750132,-0.32486,-0.007906704387900667,0.09273082306782993,-0.32356,-0.045413471108943226,-0.14888018620643917,-0.69535,0.014751887341489413,0.12383534231470707,-0.67819,-0.03095912012314493
122,-0.048620629862588784,0.72389,-0.031529114319389616,-0.16315074048462752,0.54282,0.04634592754835882,-0.26639022039367455,0.76403,0.025435600240794415,0.11567021475931413,0.50482,-0.03056223096460966,0.1879532130871736,0.73467,-0.07257328419747519,-0.3067495257985045,1.0004,-0.006330681116010033,0.2322843467275664,0.97032,-0.11957841837617567,-0.09083163597844293,0.040149,-0.007847472681037677,0.029350606493083343,0.041301,-0.04576089007534899,-0.14784505003264886,-0.32481,-0.008632117749634533,0.09242069758246294,-0.32407,-0.04599749095734386,-0.14892714512539312,-0.69565,0.014600745487819833,0.12346309940950066,-0.6784,-0.030997057169992077
123,-0.04759380413648301,0.72714,-0.029765629437626423,-0.16359646596284277,0.54193,0.044854671434181995,-0.2672882610617418,0.76295,0.024431285569738954,0.1155568447578617,0.50612,-0.03178106124105125,0.18892444688847207,0.73548,-0.0738604927676826,-0.3071222896482439,0.9995,-0.006371572586116217,0.2339884595214068,0.97092,-0.1202221136347176,-0.09112398800288884,0.039793,-0.009603382500419746,0.029102782313104023,0.041001,-0.04737944534960365,-0.14811742654477852,-0.32479,-0.00948578925298935,0.09208480787277215,-0.32463,-0.046681556818883405,-0.14892382176763047,-0.69594,0.014446830071784982,0.12307887478003522,-0.67858,-0.03110294595179707
124,-0.04646122364552359,0.73038,-0.027840046037329744,-0.16416285109832665,0.54082,0.04290947121870213,-0.2683047760879291,0.76162,0.02350370958819587,0.11546369185600253,0.50726,-0.03300041005778714,0.18986502065713026,0.73623,-0.07503364449943434,-0.3071297565198836,0.99894,-0.0064139193194957395,0.23549806766534204,0.9716,-0.12058679466214353,-0.09143815059521432,0.03945,-0.01156360898365665,0.0288004277968599,0.040701,-0.049272704905635734,-0.1484205387843553,-0.32474,-0.010513771728627316,0.09174307361059239,-0.32518,-0.04741028632566384,-0.14891672801855604,-0.69629,0.014256709902618037,0.1226808081649533,-0.67879,-0.031229748830144677
125,-0.04532677568049062,0.73324,-0.026013288304450922,-0.16469351457780806,0.53969,0.04110927087664442,-0.26938496834290027,0.76027,0.022675703735378208,0.11539705725672945,0.50823,-0.03412695381201052,0.19071827700245483,0.73689,-0.07606853319352824,-0.3071776077221129,0.99785,-0.006397358448588297,0.23678196435598892,0.97224,-0.12079185633029729,-0.09176875027886647,0.039093,-0.013628572385068188,0.028492052675710422,0.040371,-0.0511943502383275,-0.14874726717609474,-0.32466,-0.011675688058674943,0.09139486209300333,-0.32575,-0.04821606156666987,-0.1489205741046746,-0.69664,0.014004546845011316,0.12228685923753851,-0.67887,-0.031390786846118346
126,-0.04424265505229378,0.73588,-0.024276152885573606,-0.16520038825694908,0.53858,0.03944398919674938,-0.2704881801106943,0.75893,0.022005086262148726,0.11540943079447195,0.5091,-0.03520853408899589,0.19149284846473216,0.73752,-0.07697378898601205,-0.30787064380333945,0.99691,-0.006123858923692618,0.23787805298085285,0.97291,-0.12096786407570637,-0.09211225700897896,0.038753,-0.01577249405489837,0.028180725535540595,0.040008,-0.05313273730282047,-0.14908696931256232,-0.32457,-0.012853594446500128,0.09108528399879505,-0.32632,-0.048987016431487757,-0.14890993348106293,-0.69698,0.013719366591260893,0.12188909005021505,-0.67892,-0.031573490632658296
127,-0.043163146609671355,0.73813,-0.02269762619200555,-0.16569748776954382,0.53753,0.037891727274721385,-0.27169203034290546,0.75755,0.021454772153293503,0.11546906067892684,0.50984,-0.03619487342050401,0.19218697451979871,0.73811,-0.07758663319107383,-0.3086902159698425,0.99608,-0.005704165626279414,0.2387965289138192,0.97355,-0.12111458476464143,-0.0924245401060374,0.038379,-0.017917859587224173,0.027902401166082294,0.039599,-0.054953061599577954,-0.14945018786399883,-0.3245,-0.014049693641338235,0.09079841596845771,-0.32691,-0.04977314538603045,-0.14888081223963473,-0.69729,0.013423819719686047,0.1214950912542034,-0.67896,-0.03179239917233034
128,-0.04224815814311495,0.74014,-0.021096182747462857,-0.16617183937086427,0.53651,0.036468475168337997,-0.2731539645004349,0.75608,0.020995659401293918,0.11559998426959606,0.51048,-0.037064824576262936,0.19268185755556613,0.73868,-0.07800492349804929,-0.3095561245897497,0.99516,-0.004913794661497488,0.23936481526014283,0.97418,-0.1211741719157911,-0.09265505592914725,0.037968,-0.01986440330759009,0.0276738783804497,0.039161,-0.05665219265292455,-0.14976334765549323,-0.32444,-0.015307421729992995,0.09062618280242202,-0.32751,-0.0505195773899781,-0.14887815943219573,-0.69761,0.013093338309297063,0.12121063684826672,-0.67896,-0.03202351535727466
129,-0.041783335553417934,0.74165,-0.01988245915450301,-0.16653431167717028,0.53593,0.03573730977859283,-0.2746096713659553,0.75497,0.020744626491744845,0.11585672887808988,0.51048,-0.03710603387144429,0.19271140178815652,0.73892,-0.0780101329433793,-0.3102486619850073,0.99453,-0.004061589899618162,0.23939086248679287,0.97453,-0.12102645075283927,-0.0927835543397892,0.037804,-0.02143393449825261,0.027573613116022265,0.038917,-0.05796370661653657,-0.14995644442905887,-0.32446,-0.016402527951342578,0.09051401569660397,-0.32777,-0.051224813903760824,-0.1488614411223657,-0.6977,0.012842626326902069,0.12116831656151289,-0.67896,-0.03220593792531127
130,-0.04142676309709098,0.74296,-0.018798915854311937,-0.1668070337018324,0.53546,0.035284792710114525,-0.2756169536448705,0.75396,0.02090599070891692,0.11561466866989095,0.51098,-0.03726948372799571,0.1927056713982935,0.73918,-0.0780426315992287,-0.3110189937638597,0.99392,-0.003650579011088298,0.23943653195751927,0.97474,-0.12076744631379704,-0.09289942870629707,0.03764,-0.022972182570309384,0.027502644525023646,0.038693,-0.05916665859358788,-0.1501451999981828,-0.32451,-0.01747301397886684,0.09040103743121058,-0.32802,-0.051928891961612864,-0.14883933971902807,-0.69774,0.012622443384850456,0.12112599627475903,-0.67896,-0.03238836049334788
131,-0.04122414871267968,0.74378,-0.017828354464584507,-0.16700436837500005,0.53513,0.035087055443101436,-0.2766609015154832,0.7531,0.02062906320316297,0.11545305565272576,0.51138,-0.037322221121586646,0.19270532410193816,0.73953,-0.07804460121473472,-0.3120065798877146,0.99301,-0.0034926877574695606,0.2394862452049289,0.97504,-0.12042792077273719,-0.09299564778980259,0.037463,-0.024220438108237964,0.02739127477376454,0.038477,-0.060189864232012766,-0.15034219094264104,-0.32455,-0.018475029731138966,0.0902844125540862,-0.32826,-0.05265365098227816,-0.14876695603897375,-0.69777,0.012399486880433562,0.12109178758375864,-0.67895,-0.03258236762069129
132,-0.041064347329106604,0.74457,-0.016829935455446497,-0.16717384542875713,0.53482,0.03493213117692659,-0.27782205833837537,0.75229,0.020493638564890844,0.11562260661746672,0.51159,-0.037282053095055515,0.19270532410193816,0.73975,-0.07804460121473472,-0.31365572368786426,0.99215,-0.0032283003023441045,0.23930469025736484,0.97526,-0.11996028972050155,-0.09310979591190437,0.037303,-0.025259400670711044,0.027274210075807118,0.038293,-0.061084121944583444,-0.150481903814679,-0.32449,-0.01938255621195752,0.09030071748970886,-0.32841,-0.05326375109625482,-0.14846441996399568,-0.69781,0.012157272257966539,0.12112279491275424,-0.67873,-0.03269445484364092
133,-0.04093788399140688,0.74511,-0.01603786221122104,-0.16728252157794382,0.53475,0.03494926286096392,-0.2788302845529856,0.75076,0.02036171093255904,0.11575095487932666,0.51129,-0.03713003097930411,0.192565590755159,0.73976,-0.07797325283144613,-0.31499670076036673,0.99056,-0.003289369861233002,0.23883076878249826,0.97542,-0.11948070819910998,-0.09320834214464181,0.037153,-0.02601984109573674,0.027182704698892744,0.038116,-0.061654903659423506,-0.15059239392427207,-0.32443,-0.020066764466571647,0.09034688750765155,-0.32854,-0.05368720160037918,-0.14817446046879346,-0.69784,0.011958907716926348,0.12115692790894783,-0.67843,-0.03278881552703632
134,-0.04081581893946183,0.74557,-0.015276491655516622,-0.16739119772713051,0.53467,0.034966394545001264,-0.2799559432366497,0.74931,0.02031243083625768,0.11573790722361464,0.51139,-0.03703126479743794,0.19220617377271296,0.73985,-0.0777656873412283,-0.3161766854974307,0.98907,-0.003416397497186731,0.23810799077811667,0.97566,-0.11903035727329522,-0.0933033204851095,0.037019,-0.026610318965637043,0.027112672210457378,0.037969,-0.062092389031251576,-0.15067701045539275,-0.32436,-0.02060423636598695,0.09038707236385357,-0.32867,-0.053977591299459615,-0.14795390859223823,-0.69787,0.011827614648762176,0.12119331833145108,-0.67812,-0.032870373709642575
135,-0.04077334966733309,0.74597,-0.014500070789668173,-0.1675097219538473,0.53457,0.03498526271081527,-0.28122081432256,0.74809,0.02033745354650397,0.11549713824746617,0.51171,-0.03689945318897946,0.19171669787284018,0.74013,-0.07748949475725153,-0.31747043204943065,0.98783,-0.0036127233976388368,0.23720286171244367,0.97606,-0.11863517962403615,-0.09336831717639255,0.036882,-0.027019244912627763,0.02707354669340803,0.037872,-0.06233731594670928,-0.15078469636793326,-0.32432,-0.021042190409512444,0.09042585841767946,-0.3288,-0.054206808755227306,-0.14776632404322979,-0.69789,0.01173970539456613,0.12122159715820087,-0.67781,-0.03294034733294203
136,-0.040879227048360375,0.7463,-0.013781772815157033,-0.16752929254550386,0.5345,0.03533497400880579,-0.2824063798436964,0.74706,0.020351538825795934,0.11549153342100685,0.51171,-0.036585713510391686,0.19115689624483526,0.74013,-0.07720902526286219,-0.3186871304629662,0.98667,-0.0038327892298344254,0.2363396299423624,0.97606,-0.11834791683298529,-0.0934173406395689,0.036768,-0.027320305870007153,0.02702715858758397,0.037801,-0.062427632853421455,-0.15092807811026632,-0.3243,-0.021394647039419627,0.09046885949212756,-0.32887,-0.05433725762489013,-0.14758563555273116,-0.69788,0.011670274353947964,0.12126666998958749,-0.67751,-0.03297266512789768
137,-0.041156315560682714,0.74645,-0.01324550986068508,-0.16761008524907006,0.53439,0.03562541598072182,-0.28357983986099294,0.7463,0.020376690124100386,0.11515712177614483,0.51161,-0.03623633570374009,0.19061887455002255,0.74029,-0.07692021103899004,-0.3198167590123297,0.98581,-0.0040773466677971534,0.23547049413424045,0.97632,-0.11809413750553685,-0.09346007251670717,0.036695,-0.027458992519242907,0.026965869777406552,0.037773,-0.06242393396885486,-0.1511107025569292,-0.3243,-0.02156654617112504,0.09051550236982925,-0.32893,-0.05441250017907129,-0.14743258116486854,-0.69788,0.011616885643942936,0.12132228549121488,-0.67727,-0.03300278017361793
138,-0.04147285346443853,0.74657,-0.012708383473802182,-0.16772806270504395,0.53428,0.035877735856835305,-0.2845499872560972,0.74558,0.02051830591337662,0.11455003975904052,0.51181,-0.035878480391485904,0.19009938334162332,0.74065,-0.07658389290924394,-0.32095849306553303,0.98497,-0.004332970124772351,0.23462447757613514,0.97676,-0.11788200551027984,-0.09352268621827682,0.036638,-0.027508877631007296,0.026893805163259003,0.037771,-0.062412242459638174,-0.151305903583368,-0.3243,-0.021694595221403618,0.09056578705078457,-0.32899,-0.05443253641777077,-0.14729696550575652,-0.69788,0.011579772398280406,0.12140124375963354,-0.67704,-0.03301568722007828
139,-0.04188550295879862,0.74669,-0.012111662102637751,-0.16783897045433038,0.53428,0.036112562327123926,-0.2855062187546012,0.74506,0.020566079559551757,0.11397272549130112,0.51222,-0.03546697919311034,0.18951229490733768,0.74108,-0.07628541146873544,-0.3222982804270017,0.98439,-0.0046176433164306155,0.2337128237906947,0.97728,-0.11763900679527894,-0.09361704930591094,0.036638,-0.02752574795086667,0.026795961899355458,0.037771,-0.062397020905555184,-0.15150742985518664,-0.32425,-0.021743341111146914,0.09060436820132972,-0.32899,-0.054438323888946774,-0.14716859320150957,-0.69785,0.01155916775068973,0.12148020202805218,-0.67678,-0.03302859426653862
140,-0.04221716027520495,0.74679,-0.011573900608595878,-0.16790636820582924,0.53429,0.03630620773267981,-0.2863694763508924,0.74466,0.020622845063562174,0.11338978057089248,0.51268,-0.034972235603187456,0.1890009152946919,0.74163,-0.07596067789829612,-0.32344378487151676,0.98393,-0.00483706202027373,0.23299297197912358,0.97791,-0.11740241142470342,-0.093758224110947,0.036638,-0.027502885876966324,0.026680392095897697,0.037771,-0.062378673684274175,-0.15170821166569778,-0.32424,-0.021730277246179795,0.09060436820132972,-0.32899,-0.054438323888946774,-0.14713904896891922,-0.69782,0.011553958305359725,0.12148020202805218,-0.67657,-0.03302859426653862
141,-0.042591792219433704,0.74683,-0.01109557968456747,-0.16798170390490386,0.5343,0.03651242250529549,-0.287020714873721,0.74429,0.02067268868285289,0.11284454134742458,0.51316,-0.03443641549420301,0.18845413728001198,0.74221,-0.07560634782243086,-0.32423408797462383,0.98352,-0.004942428073722804,0.2321202394278675,0.97855,-0.11711144253636988,-0.09396671313954325,0.036638,-0.027470185342490655,0.02652646225443065,0.037786,-0.06227842098403158,-0.1519551081966615,-0.32423,-0.02169080443277511,0.09060535300908273,-0.32899,-0.05443849753712444,-0.14710533718006485,-0.69778,0.01157238424610201,0.12149525955091228,-0.67637,-0.03300078651572492
142,-0.04295831497214769,0.74706,-0.010611580643511642,-0.16805825514122216,0.53439,0.03671174362364009,-0.2876212739548808,0.74428,0.02077959887898273,0.11263118474096047,0.51343,-0.03397637749742652,0.1878671485829201,0.74256,-0.07519212533452563,-0.32492320584257084,0.98352,-0.004934645781246659,0.2311879473354946,0.97897,-0.11675513865693699,-0.09417305890445582,0.036799,-0.027436847296617304,0.026380810444178626,0.038021,-0.06213698000634015,-0.1521921566500951,-0.32406,-0.0216530681011471,0.09061618108588845,-0.32899,-0.05440588231441036,-0.14710064867926784,-0.69758,0.01159897405543334,0.1214973931976412,-0.67597,-0.03293109829899041
143,-0.04330895702123272,0.74727,-0.01018724568924384,-0.1681323753030531,0.53452,0.036924852050526855,-0.2879695534115691,0.74428,0.02087756530205126,0.11247205445070244,0.5136,-0.03355433300839439,0.1872977722627565,0.74284,-0.07479319350320988,-0.32552485668139347,0.98352,-0.00489151495533325,0.2302420367742798,0.97934,-0.11636089354259531,-0.09436968037141902,0.036987,-0.027348360016575264,0.026259945263213482,0.038247,-0.06194710739633475,-0.15243887953288113,-0.32387,-0.021612610479989403,0.09060845703813245,-0.32907,-0.054265406910562336,-0.1470752221343446,-0.69737,0.011627999747729401,0.12150838290143111,-0.67561,-0.03281118488685227
144,-0.04360120038937028,0.74745,-0.009811794209316521,-0.16820029399908493,0.53468,0.037115543032823696,-0.28803844008568313,0.74428,0.020947591198186316,0.11249001590780892,0.5136,-0.03316452999909532,0.1868139528417629,0.74299,-0.07436974602374,-0.3258310153257155,0.98352,-0.004842608059021571,0.22936158979222246,0.97957,-0.11599849995575058,-0.09451984703429038,0.03717,-0.02723252404046214,0.026173664920468444,0.038484,-0.06176841015949042,-0.15264499456830305,-0.32365,-0.0215722051316673,0.09062001755505225,-0.32915,-0.054084668551466805,-0.14706966539265925,-0.69712,0.01165951359582579,0.12152904703457347,-0.6753,-0.03269399276424382
145,-0.04387600983723466,0.74763,-0.009418092841063281,-0.16826734445422845,0.53484,0.0373111580538856,-0.2880778323958036,0.74494,0.020954537125292987,0.11267140077484115,0.51339,-0.0328268977583189,0.1863570729306946,0.74306,-0.07396628010589532,-0.326058215701619,0.98416,-0.00480660820917022,0.22850830583686507,0.97972,-0.11559723259907964,-0.09463404448199769,0.037335,-0.027085459622817585,0.026148958794465764,0.038694,-0.06156299933373398,-0.1528393513962405,-0.32343,-0.021522703379838727,0.09063888091238885,-0.32923,-0.053931618972081596,-0.14704441249591366,-0.6969,0.011687554480368843,0.12153864755294203,-0.67502,-0.032581957814129786
146,-0.044097984558553016,0.7478,-0.009053000766244289,-0.16830884458486794,0.535,0.03747891305129821,-0.2880778323958036,0.74557,0.020954537125292987,0.11273460871151192,0.51331,-0.03246842773622246,0.18591195122711082,0.74306,-0.07355371778454417,-0.326186588005866,0.98477,-0.004786003561579544,0.22777754001631084,0.97975,-0.11519218282990346,-0.09470358549718022,0.037501,-0.026892451728659388,0.026165555108537908,0.038906,-0.0613537015498011,-0.1529562629207614,-0.32326,-0.021437101420549245,0.09067135071737387,-0.32931,-0.0537301972459341,-0.14702709754674384,-0.69668,0.011728164731971698,0.12156209005692707,-0.67481,-0.032449008767473135
147,-0.044293900032027836,0.74795,-0.008626500910144504,-0.16832682830053847,0.53521,0.03766486085572376,-0.2880703655241639,0.74599,0.020996883858672512,0.11279734557224658,0.51331,-0.03205504161368669,0.18551594613159686,0.74306,-0.073092952156131,-0.32620717644420155,0.98519,-0.004614827873449183,0.22717137610869176,0.97975,-0.11477153295518586,-0.09468294540642484,0.037685,-0.026602632842708848,0.026212725523072924,0.039118,-0.0610573909830091,-0.1529860048439164,-0.32314,-0.021260250019630167,0.09070468876324722,-0.32941,-0.05352385148102154,-0.1470068305785537,-0.69644,0.011785516715375767,0.12158072028053434,-0.67465,-0.032285763814202464
148,-0.0444350658405249,0.74812,-0.008252302814864252,-0.16834290188625473,0.53532,0.03786164154543244,-0.28805595272541756,0.74632,0.021078622902172526,0.11285313650587454,0.51331,-0.0316810478012714,0.18527832864885627,0.74306,-0.07271291672107787,-0.3261705366787138,0.98561,-0.004407033437563601,0.22675731160270043,0.97975,-0.11441318733308596,-0.09463612228824517,0.037867,-0.026308291891422877,0.02626996753191263,0.039357,-0.0607039615665424,-0.152955442764647,-0.3231,-0.02108692385510002,0.09073438019738957,-0.3295,-0.05333818667892225,-0.14698621631400824,-0.69618,0.011844838314285849,0.12159570389241059,-0.67454,-0.03214319982374505
149,-0.0445346365896661,0.74832,-0.007895593316931467,-0.168336500946068,0.53555,0.03807070619563597,-0.28802856618194306,0.74652,0.02117635200345009,0.11330848119337662,0.51292,-0.03145975565147022,0.1851630057841443,0.74293,-0.07238795420497082,-0.3261266036897641,0.98586,-0.004157877076051517,0.22649838526270372,0.97965,-0.11409641272795495,-0.0945844370210908,0.038081,-0.02598637632305256,0.02633374868595198,0.039587,-0.06030192927382276,-0.15291463544289527,-0.32308,-0.02085549403314215,0.09078788066578189,-0.32963,-0.05315570462533395,-0.1469772364773665,-0.6959,0.011838177793744123,0.12160391522535782,-0.67453,-0.03203904333565511
150,-0.04448850806419709,0.74831,-0.00760519159665754,-0.16830449981278042,0.53562,0.03830978134588858,-0.28772468900631765,0.74706,0.021287269369691338,0.11373492637240212,0.51256,-0.031287185349025345,0.18521093268118036,0.74279,-0.07211614726513946,-0.3260852255548825,0.98642,-0.003865622307136246,0.22654527027067378,0.97951,-0.11383051463464164,-0.09451915011476543,0.038074,-0.025581563255251554,0.026481159779536096,0.039585,-0.05976537548389268,-0.15287638297521167,-0.32309,-0.020580965803781104,0.0908905073591988,-0.32974,-0.05299406997002047,-0.1469874318512519,-0.69582,0.011837944660014765,0.12159476174053838,-0.67453,-0.0320333676228664
151,-0.044437343741575736,0.74831,-0.007286230451546265,-0.16826334519467337,0.53565,0.038543180783352476,-0.28728896656289193,0.74746,0.021397278243402134,0.1141562119746945,0.51225,-0.031086288755472466,0.18525040068610762,0.74265,-0.07183472538150731,-0.3258313074020052,0.98679,-0.0035773349996816237,0.22658525922013406,0.9794,-0.11354613832775047,-0.09425051033460573,0.038074,-0.024933364467443566,0.02689593144242294,0.039585,-0.05896219775283554,-0.1527933551038999,-0.3231,-0.020282854461183344,0.09112433940477964,-0.32984,-0.052813937867219524,-0.14700092654051305,-0.6958,0.011819000178978181,0.12157506558547815,-0.67453,-0.03202989465931306
152,-0.0443828801035787,0.74831,-0.006948557959127754,-0.1682184940962384,0.53568,0.03885513170732799,-0.286784481224933,0.74787,0.021494146936923246,0.1146046606036868,0.512,-0.03084651839209341,0.18530996201104738,0.74259,-0.07149693632222413,-0.3256007320159193,0.98717,-0.003306255691486938,0.2266307550426828,0.97937,-0.11328811869646127,-0.09380904431671636,0.038074,-0.02405365954245513,0.027478712254184263,0.039585,-0.05786269262531553,-0.15264017515263362,-0.32313,-0.01999000483675119,0.09145798673400872,-0.32988,-0.05266663729119113,-0.14701077461804316,-0.6958,0.011820736660754847,0.12155519578224021,-0.67453,-0.032027406503512726
153,-0.04418007942938045,0.74831,-0.006483711870035101,-0.16806481724282607,0.53572,0.03932356251836126,-0.2860971737497465,0.74827,0.02159127280656069,0.11498496701987271,0.51199,-0.030474912377868882,0.18550025280373753,0.74255,-0.07105120836234573,-0.32514747110654924,0.98754,-0.0030967812347218945,0.22687631404064498,0.9793,-0.11287447539780915,-0.09322521440317297,0.038083,-0.02300003359741966,0.02816921263782785,0.039613,-0.05656691092294894,-0.15240959976654764,-0.32336,-0.019718925528556495,0.09180863537539405,-0.33026,-0.05272237354774482,-0.14714510082892765,-0.6958,0.011749987321044745,0.1213082992512765,-0.6749,-0.03198793369010804
154,-0.04395863410614276,0.74812,-0.005959196885677025,-0.16790645188861678,0.5357,0.03981858313872587,-0.2854044333124555,0.74869,0.021776798240239884,0.11523759572452234,0.51199,-0.030078762485041634,0.18576793903124728,0.74255,-0.07062725071870478,-0.324719339314344,0.98793,-0.002972233378445259,0.22722481879793083,0.9793,-0.1125104624390438,-0.09255120578793033,0.03794,-0.02183233398425765,0.02898075123019847,0.039464,-0.05503963029611799,-0.152150174740582,-0.32382,-0.019456994896703845,0.09217504094082758,-0.33081,-0.05278088817514118,-0.1472902430954244,-0.69597,0.011560309376949518,0.12103674467908407,-0.67559,-0.032088303577631094
155,-0.04371263769158624,0.74793,-0.00535879221878532,-0.16782786317511753,0.53563,0.040379457290484116,-0.2846892183492616,0.74915,0.021974607634413938,0.11530936229049568,0.51199,-0.029614166359349225,0.1861151044717087,0.74255,-0.07021324569826513,-0.32454155297426873,0.98834,-0.003000535627166276,0.22769596546960064,0.9793,-0.11219955278371849,-0.09168163023639977,0.037843,-0.020252330389267964,0.029951200163698406,0.039409,-0.05318700138900549,-0.15177118359883357,-0.32442,-0.019208023584147138,0.09254028805033043,-0.33135,-0.05284021396211287,-0.14744181034449477,-0.69615,0.01133419354599284,0.12074122665837363,-0.6764,-0.032324576935069835
156,-0.043468323081732096,0.74772,-0.004744890458393791,-0.1677644557640592,0.53556,0.040969409407374015,-0.2840078389545028,0.74966,0.022210876803791062,0.11540630784223072,0.51199,-0.029006773109470047,0.1865607008188745,0.74255,-0.06987447601929056,-0.3244427249026122,0.98877,-0.003015930829426937,0.22834398037186038,0.9793,-0.11197973993957763,-0.09060240301228067,0.037756,-0.018318354795130283,0.031150171339839577,0.039389,-0.050879138932362414,-0.15122998458440304,-0.32522,-0.019018116694384173,0.09294800326855489,-0.3321,-0.052946629660335406,-0.14761478618801516,-0.69638,0.010929075837717298,0.12043189069443368,-0.67727,-0.03275439115239326
157,-0.0432164250333736,0.74752,-0.004093739651565465,-0.1677340156805477,0.53545,0.04160274533823205,-0.2833461557148043,0.75017,0.022450618936721525,0.11550915743200643,0.51215,-0.028365896395988455,0.18704487110386928,0.74263,-0.06948970578248934,-0.3244033325924917,0.98918,-0.0030228767565336143,0.22902855934480104,0.97931,-0.11184050047029001,-0.08945388535679508,0.037662,-0.01602596626020914,0.03232190317405825,0.039392,-0.04847813132956759,-0.1505935542414501,-0.32617,-0.01880641544599677,0.09335566861818245,-0.33285,-0.0531109158822563,-0.14778364434386834,-0.69664,0.010489722991815678,0.1201185608224074,-0.67816,-0.03320685594803597
158,-0.042944376583689645,0.74731,-0.0033801391743903467,-0.16770173937806568,0.53534,0.042361670394016934,-0.28269843824030294,0.75074,0.02272633268905471,0.11537855709530559,0.51313,-0.027321348861381423,0.18765381694997688,0.74328,-0.0690883506323937,-0.32441779525983494,0.98955,-0.0031624863237319917,0.2298620750179372,0.97988,-0.11172041457338136,-0.08816454321728322,0.037509,-0.01332076001164343,0.03354615547739362,0.039377,-0.04592899337767521,-0.14993487288936877,-0.32716,-0.018641285568565893,0.09373889944335587,-0.33365,-0.053356189473653545,-0.1479538916851429,-0.69695,0.010042491683889964,0.11982192521782414,-0.67903,-0.03373740596273159
159,-0.04262003118166356,0.74711,-0.0025772636795690545,-0.1677675466859327,0.53521,0.04319780040677291,-0.28218459994313705,0.75085,0.023049007764580562,0.11507902647559054,0.51441,-0.02619827388264976,0.18830423888433695,0.74415,-0.06868212371636859,-0.3244570157056007,0.98955,-0.0035576796392548377,0.23066177916502523,0.98066,-0.11173449566461169,-0.0868844927676038,0.037324,-0.0104494162763384,0.03476267892449557,0.039327,-0.043204854669266414,-0.14924925202736214,-0.32824,-0.018496137252760187,0.09413207808325318,-0.33482,-0.053487458499430734,-0.1481105205575756,-0.69725,0.009557319141055488,0.11950745371953808,-0.67994,-0.0343115206522891
160,-0.042287410152661145,0.74688,-0.0017159372309647055,-0.16790787132058288,0.53506,0.044187198707211245,-0.28175904704738686,0.75085,0.023389280791602466,0.1146777656337955,0.51589,-0.025018674909760272,0.18892593495839813,0.74515,-0.06832363383994677,-0.32447641621672546,0.98955,-0.0040132316342763735,0.23142216491297662,0.98156,-0.1118563870683791,-0.08568398342066637,0.037128,-0.007539677059859385,0.035870754547662795,0.039271,-0.040439254298037304,-0.14857968070868466,-0.32937,-0.018326835010587902,0.0944493003423491,-0.3361,-0.053531208223248,-0.14826772024313808,-0.69768,0.009011321651263601,0.11922265023342317,-0.6809,-0.03494773050312198
161,-0.04195537436222082,0.74665,-0.0008118596713125115,-0.16812524409369742,0.53492,0.04520033693939307,-0.2814008678607486,0.75085,0.023750572460838153,0.11419893570900316,0.51742,-0.023818290428386343,0.18951096722458458,0.74618,-0.06800031163606846,-0.3245055908943964,0.98955,-0.004581803387164955,0.23213313662509974,0.98241,-0.11197058087101613,-0.0845252451855012,0.036924,-0.004596171377451703,0.03692820540623548,0.039222,-0.037707375332617366,-0.147889371345881,-0.33054,-0.01815509688545088,0.0947387148506313,-0.33763,-0.053559900424205144,-0.1484115490190203,-0.69812,0.008541154358453661,0.11899242035986964,-0.68186,-0.03561996424619318
162,-0.0417329046000038,0.74651,0.00025978962061983576,-0.16836538882047328,0.53467,0.046257092119272376,-0.2812078984344095,0.75085,0.024096316297368022,0.11363174647181118,0.51904,-0.02248555175587265,0.18993026878593874,0.74719,-0.06769549168815499,-0.32447225401193014,0.98944,-0.005198968399351675,0.23260723353196694,0.98325,-0.11204605353427216,-0.08321925748373608,0.036712,-0.0012034100945379992,0.0381974175417386,0.039185,-0.03437920938797284,-0.14712655273961933,-0.33168,-0.01786007693029357,0.09505936020468365,-0.33886,-0.05364182451666053,-0.14848470477041498,-0.69841,0.00806867977073716,0.11887428973045924,-0.6825,-0.03634750404193985
163,-0.041540459763268034,0.74633,0.0014606151636583518,-0.16848552039791723,0.53436,0.04741859864275851,-0.28096789617813267,0.75082,0.024478445747923745,0.11303290518150982,0.52067,-0.020986794567723007,0.19030935966488097,0.74818,-0.06733077932820156,-0.3245334538652757,0.98924,-0.005833988539150785,0.23295707582225433,0.98406,-0.1121351566875636,-0.08187131842972074,0.036457,0.002525168227914173,0.0394563057152981,0.039059,-0.0309598655084439,-0.14635974022527135,-0.33282,-0.01754240639681697,0.0953911430844937,-0.34006,-0.05383334767626523,-0.14854657339026128,-0.69871,0.007660217686966446,0.11877126649250584,-0.68308,-0.036989365563174455
164,-0.04135762265761696,0.74604,0.0026011937855854577,-0.1686123743856933,0.53399,0.04859956818757552,-0.2807401730738733,0.75067,0.02484852437171397,0.11237780366546732,0.52224,-0.01940399104116679,0.1907116196624368,0.74911,-0.06694984377674121,-0.3244996459068734,0.98893,-0.006506069651776837,0.2332708491601839,0.98482,-0.11237122932978319,-0.08064610900608961,0.036213,0.006104795424738652,0.04061771234674158,0.038889,-0.02762690651733118,-0.14568381783500411,-0.33385,-0.017221910028139515,0.09573597362001572,-0.34121,-0.05412363701773609,-0.14861295686272694,-0.69898,0.00722615060161742,0.11868717090591815,-0.68351,-0.03752388303933073
165,-0.04116360537032741,0.74569,0.0037418318930642507,-0.16876177681035612,0.53358,0.0498830100115414,-0.2804755127763677,0.75052,0.025370496523197422,0.11178104615329797,0.5233,-0.017893416159981003,0.19105570930429708,0.74964,-0.06649569477215742,-0.32461847112899445,0.98856,-0.007237548678535544,0.23340316372009737,0.98523,-0.11283017797313549,-0.07955451917943882,0.036092,0.009531299131194037,0.04165996926126408,0.038889,-0.024359249478391812,-0.1451845161161653,-0.33468,-0.016924088280168323,0.09612535604239136,-0.34216,-0.05444919857742162,-0.14858986343892017,-0.6992,0.006954005982385512,0.11875129338442832,-0.68388,-0.03790886655553592
166,-0.04093907346812666,0.74521,0.004980662965040619,-0.16883026096804915,0.53269,0.05122224819802844,-0.2801986971064255,0.74986,0.025961405217391736,0.11118793525285961,0.52392,-0.01636216031598196,0.1913555444870622,0.74979,-0.06606217445755129,-0.3247272746254078,0.98766,-0.007969779379317914,0.23346909659136805,0.98525,-0.11332006965145427,-0.0784483951786996,0.035747,0.012999918841538288,0.04276629816528406,0.038889,-0.021114059752639257,-0.144728774263711,-0.33542,-0.016642955991162757,0.09665556356920905,-0.34295,-0.05478232915017933,-0.1484539263096627,-0.69944,0.006688365065188554,0.11905519281861786,-0.68422,-0.038373700003019304
167,-0.040690915796808426,0.7445,0.0062843771860898135,-0.16861014898975132,0.53156,0.052585740668491636,-0.2799129015998415,0.74896,0.026545653391044324,0.11103275256973687,0.52392,-0.015169087671563851,0.19158522758987284,0.74979,-0.06562339242477958,-0.32476346914116927,0.98653,-0.008462987202683271,0.23341199038330263,0.98525,-0.11381669816553737,-0.07745822131669947,0.035329,0.0163062068996197,0.04384307562399758,0.038889,-0.017811872552554064,-0.14436479077622583,-0.3361,-0.016363921905721373,0.09716138644016949,-0.34378,-0.055138576568715014,-0.14833837992817614,-0.69973,0.006422257880532894,0.11940676980685899,-0.68454,-0.03885607912916314
168,-0.040431918027490965,0.74356,0.007534393248182048,-0.16838639039972253,0.5301,0.05396991410176809,-0.27956464440171713,0.74773,0.027023437781700403,0.11112632667893527,0.52392,-0.014062525478965655,0.19177070610218522,0.74979,-0.06514736855828715,-0.3248135795535312,0.98506,-0.008862352882947518,0.23333293059386728,0.98525,-0.11432265621685628,-0.07654299498536074,0.034742,0.01952721384814127,0.044831879534485974,0.038741,-0.014651564367170421,-0.14413166053607177,-0.33666,-0.01613594100492985,0.0976950669305405,-0.34434,-0.055452010986412476,-0.14826019194727497,-0.70009,0.00611704379232169,0.11979508451395873,-0.68484,-0.039418046822407196
169,-0.04017864824379781,0.74237,0.00873464797809067,-0.16818850538816613,0.5284,0.05520735117984572,-0.27907062603919225,0.7462,0.027406471536724944,0.11127536668397038,0.52392,-0.013159689903182815,0.19197002660011403,0.74979,-0.0646504305952521,-0.3248547101292512,0.98332,-0.009268379083753497,0.23325751741616296,0.98525,-0.11480793330536196,-0.07572241233974367,0.03392,0.022666412650656352,0.04570633398723766,0.038339,-0.011500540658903102,-0.14404037324703875,-0.33709,-0.016078926700926335,0.09817965485522868,-0.34465,-0.05598627547451403,-0.14819232311984,-0.70037,0.005868482286326485,0.1202214522143545,-0.68512,-0.03993696838108367
170,-0.039875731290547015,0.74098,0.009917009732983505,-0.16796303614257055,0.5266,0.05637087540361185,-0.27850796856171495,0.74434,0.027833250827505148,0.11142219913129274,0.52349,-0.012211786304490772,0.19216552683813418,0.7491,-0.06417515840278334,-0.32448772832179457,0.98135,-0.009720980843577615,0.23317347169817215,0.98444,-0.11528458025781987,-0.07493402370950147,0.032989,0.02570365290583947,0.04657714904097444,0.03768,-0.00842198594245166,-0.14404037324703875,-0.33737,-0.016078926700926335,0.09856722510102084,-0.34465,-0.0566100529224685,-0.14807868686830783,-0.70064,0.005591542216387687,0.12071693010563879,-0.68539,-0.040467060504443805
171,-0.0395599114788975,0.73939,0.010792468382246657,-0.16753564524402703,0.52477,0.05723986160594313,-0.27792854290581065,0.74248,0.02806718865958871,0.11152765344373344,0.52234,-0.011556137474713993,0.19239337372197435,0.74783,-0.06386196549493847,-0.32400609241612677,0.97939,-0.01027198706348035,0.23316188535504243,0.98308,-0.11569581590395585,-0.07431982886426199,0.032064,0.028346144474810174,0.04722345018558851,0.036841,-0.005879590255216777,-0.14404037324703875,-0.33741,-0.016078926700926335,0.09899448508469195,-0.34465,-0.057296677205721985,-0.14796951560079805,-0.70099,0.005346867668568938,0.12126078014368538,-0.68584,-0.04101075907545236
172,-0.0392147018489257,0.73767,0.011523631367753123,-0.16699590754217883,0.52299,0.05793977032370825,-0.27740632141134275,0.74071,0.02809188098057498,0.11166726479475475,0.5208,-0.01116747609167471,0.19257264898466467,0.74622,-0.06376664823423867,-0.3234786890863617,0.97753,-0.0108513718473267,0.23317520461230298,0.98141,-0.1160809802810548,-0.07379463022240404,0.03116,0.030702746771887588,0.04782643421450224,0.03596,-0.0034331301061697973,-0.14404037324703875,-0.33743,-0.016078926700926335,0.09943538757959194,-0.34465,-0.05819386948722634,-0.1478854235818562,-0.7014,0.005075137043960148,0.12178800982527282,-0.68633,-0.04159112866705171
173,-0.03873653836381984,0.73535,0.012196826496606136,-0.16622710920306966,0.52017,0.05855664155320679,-0.27668778309038616,0.73789,0.028135774958714183,0.11183659402654408,0.51853,-0.010783039346212423,0.19285643284027765,0.74387,-0.06371209804364847,-0.32257944001634237,0.97464,-0.011452659723530288,0.23305660469077938,0.97908,-0.1163504799259796,-0.07327367785627135,0.02968,0.03318499527520485,0.04844519858943537,0.034566,-0.0007416883645908314,-0.1441373170149509,-0.33753,-0.016283195900422976,0.09997186691554678,-0.3448,-0.05947042184498274,-0.14787723985894174,-0.70201,0.004545672194627107,0.12239062507453176,-0.68683,-0.042319842507568387
174,-0.038212888052704265,0.73287,0.012776705235368441,-0.16542961082987154,0.51743,0.058990752535268184,-0.27584566070317346,0.73507,0.02801673343253464,0.112042660977192,0.51616,-0.010478191167850362,0.19319213571719013,0.74147,-0.06376621438529018,-0.3216630256029439,0.97176,-0.012186948919226115,0.23286676093163838,0.97671,-0.11667849722295526,-0.07281300304593741,0.028161,0.03548087957523475,0.04897814470102054,0.033095,0.0017221984920132282,-0.14444558704743782,-0.33764,-0.016879728034570416,0.1004072589697125,-0.34486,-0.061147505551650175,-0.1478964426795018,-0.70268,0.003918478244016501,0.1230018229954803,-0.68734,-0.043115057007831185
175,-0.0377155697543879,0.73021,0.012758063610983476,-0.16462496883900204,0.51498,0.05929261387186099,-0.2748974668894391,0.73272,0.027865788106022592,0.11233128293939267,0.51368,-0.010223439596833752,0.19355755647487063,0.73896,-0.06382455536450886,-0.32077206356067867,0.96936,-0.013180761094258454,0.23281327729291695,0.97425,-0.11698181801088302,-0.07237107262183667,0.026583,0.037601353932602485,0.04952167373448861,0.031424,0.004315209326887864,-0.14486417175751723,-0.33774,-0.017756359565196434,0.10069549889023337,-0.34505,-0.06314084113509269,-0.1480315908303236,-0.70303,0.003094427288474637,0.12339817360352667,-0.6876,-0.043976977071120846
176,-0.03713476631384005,0.72708,0.012665806560045442,-0.16390608322169015,0.5118,0.05933847746550622,-0.2739395986463522,0.72964,0.027712121489980847,0.11251169982834278,0.51034,-0.01000647244221913,0.19390328107749094,0.73562,-0.06387942338017422,-0.3197302546882636,0.96624,-0.01418289395638659,0.23275875176512956,0.97097,-0.11729104764532886,-0.07192045738461392,0.024483,0.03975380600128664,0.050097066316647114,0.029341,0.006887370359248978,-0.14546337283093436,-0.33785,-0.01908144034523054,0.10092142315735876,-0.34539,-0.06566034946520867,-0.14817368490825203,-0.70349,0.002230984022812285,0.12375746323874612,-0.68802,-0.04493390494615839
177,-0.03645333883430729,0.72312,0.012556822202738394,-0.16329376593304587,0.50745,0.05924066367288284,-0.2727245645874323,0.72549,0.027404458954620063,0.11270886085333279,0.50598,-0.009809719982959054,0.1942311199178115,0.7312,-0.06403572659439982,-0.31855965230426236,0.96202,-0.015318418090243133,0.2327062601468772,0.96666,-0.1176463301104369,-0.07145259870496654,0.021627,0.042044361884883155,0.05072680837417665,0.026389,0.009785038894637119,-0.14668201790357166,-0.33961,-0.021961580652044912,0.10104730203176104,-0.34556,-0.06857448029771761,-0.14831218224304635,-0.70397,0.0013303511962648243,0.12407969190113866,-0.6885,-0.04598584063294382
178,-0.035627782126479414,0.71852,0.012424454826998,-0.16280808446687192,0.50302,0.059173302605380264,-0.27177853203045965,0.72125,0.026550204073950506,0.11300688385951446,0.50137,-0.009674415556621867,0.19464042022819902,0.72645,-0.06470902983656986,-0.3174116758357776,0.95772,-0.017042961806072128,0.2329760470596143,0.96183,-0.11899567773863201,-0.07097145023933876,0.018268,0.044577292234107946,0.05138133465675437,0.022934,0.012748401738673434,-0.1482207909533742,-0.34135,-0.025563090543909903,0.10107206779816427,-0.34575,-0.07211963976617801,-0.14859502751443296,-0.70444,0.00035972070403091777,0.12434583220214473,-0.68892,-0.04735586922395219
179,-0.034814068937897596,0.7132,0.012063673942349161,-0.1624723815899594,0.49833,0.05911918626373856,-0.2710569971733545,0.71681,0.025459338156441684,0.11302082558232472,0.49631,-0.009537760412682525,0.19506341291841234,0.72122,-0.06553503055329236,-0.3163609904315603,0.95322,-0.018973744336903825,0.23328539993064956,0.95656,-0.1203509864861808,-0.07062647862899814,0.014557,0.04701746017670104,0.05194317003944556,0.01908,0.015750447874687375,-0.1498271870552731,-0.3432,-0.029432934412052924,0.1011230286131853,-0.34611,-0.07574659055097403,-0.14896238779592358,-0.70491,-0.0006295165898390354,0.12453574273697796,-0.68928,-0.04875510436815039
180,-0.03403324435740129,0.70764,0.011596995279356313,-0.1622353331365258,0.49342,0.05908144993211055,-0.2703000398718284,0.71207,0.024166248970164825,0.11301370600704037,0.4914,-0.009578137530556027,0.19544634274818146,0.71602,-0.06653065133726233,-0.315354138279099,0.94844,-0.021037942181850865,0.23360375668071362,0.95129,-0.12188558251761339,-0.07027165653688869,0.010401,0.04943862896118325,0.0524245534226256,0.014961,0.018676306900409247,-0.15147699520158867,-0.34518,-0.033548980218448994,0.10108820901226177,-0.34645,-0.07945691231537554,-0.14932446472110025,-0.70537,-0.001703965890762344,0.12466053698900903,-0.68968,-0.05012051836934564
181,-0.033294092935306364,0.70152,0.010876700079306328,-0.16208922467576986,0.48828,0.05898866891198504,-0.2696817499856283,0.70701,0.022777790250352547,0.11300346076455803,0.4865,-0.009636241187983747,0.19589076629140878,0.71072,-0.0677534009903906,-0.31438640683520963,0.94331,-0.023381592294924,0.23400704964822083,0.94593,-0.12351435837154764,-0.06991329959143551,0.005907,0.05185105104275303,0.05288312219626348,0.010567,0.021536124321127614,-0.15317753265816997,-0.34725,-0.03777996312538255,0.10096857697347583,-0.34716,-0.08312993997322075,-0.14971201805979711,-0.70581,-0.002865311407680083,0.12474896486092381,-0.68998,-0.05157700095127672
182,-0.0327487461415128,0.69505,0.009984446261999243,-0.16211306434470715,0.48221,0.058795879726124003,-0.269765230241958,0.70099,0.02115259609370445,0.11297585070430899,0.47999,-0.009792825620712688,0.19639407882542925,0.70364,-0.06921805162897235,-0.3137378095641934,0.93727,-0.02609544961984555,0.23441574975162274,0.93886,-0.12528523194848057,-0.06956067784432275,0.000564,0.05426549982114183,0.05327715752142257,0.005274,0.0244042744501353,-0.1549211090366028,-0.34942,-0.04202468106802269,0.10075071171855021,-0.34776,-0.08689937424518998,-0.15006471798337978,-0.70637,-0.0038865810899407285,0.12452260154823,-0.69031,-0.05297594650084836
183,-0.03230786706858402,0.68786,0.008839494017120244,-0.16214605749846386,0.47556,0.05860876625305168,-0.27002672035513736,0.69449,0.01949684885432598,0.11279806436423379,0.47297,-0.009764523371991676,0.19698701607768992,0.69598,-0.0707502922807244,-0.3132170396105041,0.93068,-0.028958374637259476,0.23606579739067432,0.92981,-0.1287118172442029,-0.06925801031148088,-0.005432,0.056822793188075586,0.053722966450152086,-0.000692,0.02737600784986432,-0.15710231798841567,-0.35362,-0.04639024076965677,0.10049427252579556,-0.34809,-0.09071480907498584,-0.15042349559318083,-0.70689,-0.004942319043556805,0.12428351204996964,-0.69063,-0.05450465354008825
184,-0.03193735878390691,0.68053,0.007606422806287052,-0.16217800876315458,0.46878,0.05842756162649744,-0.26995580690677995,0.68765,0.017768273925998588,0.11252144995250203,0.46571,-0.00972082592101,0.19755862043030747,0.68815,-0.0721731669990565,-0.312724350793,0.92372,-0.031922967986963,0.23770959369532998,0.92088,-0.13217385561903358,-0.06908289190211706,-0.01149,0.0593132193649983,0.0541719250884666,-0.006773,0.030192841025805484,-0.15923168182991293,-0.35841,-0.05074971076387902,0.10023433632710055,-0.3488,-0.09437731329649984,-0.15078008968765608,-0.70742,-0.0058704982567400026,0.12405263388465648,-0.69092,-0.05592920409123821
185,-0.03167615694709808,0.67238,0.006340838514172264,-0.16232272982231208,0.46211,0.05812509705826452,-0.27033401263773854,0.68063,0.015623362639937993,0.11224860593208205,0.45805,-0.009713333223160413,0.19823765956865813,0.67978,-0.07385056434273748,-0.31267522619694943,0.91656,-0.03567550789668586,0.23929836935387508,0.912,-0.13571758076452872,-0.06917709468102298,-0.018235,0.06188870491852921,0.054370785213396805,-0.013743,0.03316343939157504,-0.16146858019433707,-0.36383,-0.05497039918014911,0.10011544874962218,-0.35011,-0.09798853119963466,-0.15118776038875237,-0.70804,-0.006915584185966706,0.12374805498102869,-0.6913,-0.05765655689002161
186,-0.031542960884271234,0.6647,0.004959727074480513,-0.1625171623450563,0.45689,0.05788623099935427,-0.2705591399384475,0.67487,0.013252435880530294,0.11216716672057918,0.45129,-0.009772084008940609,0.19890776873896387,0.67235,-0.07546343064217836,-0.3129029154870182,0.91068,-0.0396158324502205,0.24083137990500209,0.90397,-0.1394048024353987,-0.06935439683798587,-0.024401,0.06426357269277187,0.0543777460315026,-0.020209,0.036007437378039034,-0.16318627764282873,-0.36815,-0.05785900861644283,0.10003528471576352,-0.3515,-0.10138013697384773,-0.1515696572485701,-0.70868,-0.007929674807391322,0.12337315034926871,-0.69165,-0.05937963277839244
187,-0.03151076741188772,0.65726,0.003817788117996457,-0.16274161196014997,0.45022,0.05730436643583083,-0.2708647366887544,0.66799,0.01134654747188673,0.11211098040582189,0.44436,-0.00980279391017775,0.19967688141292675,0.66488,-0.07668758328574438,-0.31347677462943335,0.90356,-0.04321587560061002,0.24211370127528953,0.89599,-0.1424405957260073,-0.06959503551967769,-0.03057,0.06637138151353186,0.05432021667742618,-0.026502,0.0385490398987766,-0.1646608712102326,-0.37263,-0.060175135299284525,0.10000411529421684,-0.3535,-0.10426352967467092,-0.1519002299426052,-0.70933,-0.00894063014466313,0.12295637424812692,-0.69204,-0.0607642965215146
188,-0.0315210444524645,0.65027,0.0027402017490974324,-0.16277773256492759,0.44398,0.05669640237282176,-0.27080937944922595,0.66131,0.009011459555761984,0.11208059197473018,0.43801,-0.009975135266954887,0.2004373357203933,0.65783,-0.0781336030803031,-0.3137889290610093,0.89666,-0.04711693643208235,0.24341016027512896,0.88841,-0.14591449987864816,-0.06984084820353484,-0.036572,0.0686110926834051,0.05434610336307475,-0.032656,0.041097257879936414,-0.16615307715456465,-0.37735,-0.062475971325536735,0.09995555701251647,-0.35551,-0.10707277638745324,-0.152157401109907,-0.71005,-0.009996006376491687,0.12245014707692256,-0.69242,-0.062080385443713415
189,-0.03159622325560792,0.64227,0.0014039558332728328,-0.16291709814061026,0.43669,0.055790845507509235,-0.27118530549531084,0.65343,0.006303599956765937,0.11204836732466801,0.43041,-0.010273065748658876,0.20125122201416143,0.64966,-0.07973729666101492,-0.31424766659692294,0.88849,-0.0516765482437549,0.24394947940614997,0.87948,-0.1501119199046778,-0.07003548454357711,-0.043247,0.07108345161671857,0.05435021430359269,-0.039635,0.04402299250566172,-0.167638858116323,-0.37757,-0.0647403694649275,0.10003864452422881,-0.35705,-0.11011441368755948,-0.15233787143509986,-0.71071,-0.011077092155569731,0.12197316849437309,-0.69268,-0.06294265885266738
190,-0.03168588636424288,0.63421,8.346443725773013e-05,-0.16306891651648805,0.42957,0.0548722530076782,-0.2714545599078883,0.64579,0.004661406892200279,0.11199783570496694,0.42302,-0.010559644804785428,0.20183505386637662,0.64155,-0.08160911512666243,-0.314678644466797,0.87997,-0.05590596405160341,0.24419456996468805,0.87063,-0.15465347587351883,-0.07027842873635258,-0.0499,0.07352371146337357,0.05426541435249069,-0.04664,0.046882154964895735,-0.1690779535444989,-0.37788,-0.06697035160579841,0.10015167343348373,-0.35879,-0.1131014202937913,-0.15249269169859486,-0.71146,-0.012070296910900342,0.12141832340106787,-0.69298,-0.06372824584494456
191,-0.031692487942224276,0.62638,-0.001180593084838537,-0.1632465345598543,0.42218,0.05369216791300463,-0.27164617132648466,0.6382,0.0028836720795064677,0.111974888319305,0.4164,-0.010920136715223488,0.20233504125881152,0.63458,-0.08332297439959184,-0.31521961554411804,0.87161,-0.060644006927464925,0.24488627293324794,0.86286,-0.15908085060390764,-0.07044553792366871,-0.056681,0.0759160750476798,0.054216198472793985,-0.053696,0.04962639234478576,-0.17036726807397798,-0.37828,-0.06904193651694114,0.10039806057554103,-0.3604,-0.11613834264647482,-0.1526419053518077,-0.71204,-0.012974117294436188,0.12081723980772925,-0.69325,-0.06443053817283882
192,-0.031555162170536825,0.61795,-0.0026822530438274043,-0.16280283321937053,0.41279,0.05183185769144134,-0.27138891647639535,0.62862,0.0004266729052889717,0.11179523815022652,0.40785,-0.011651044928852309,0.20260613809451733,0.62564,-0.08575905947726674,-0.31554966108946225,0.86129,-0.06585587510864511,0.24446326240480548,0.85479,-0.16228609039101044,-0.06998253798019903,-0.065469,0.08231387287602254,0.05484240490171516,-0.062775,0.05628176277086857,-0.1726459212634948,-0.37897,-0.07459359470543807,0.1006102781922573,-0.3622,-0.12173014590509859,-0.1527792868865521,-0.71252,-0.013983597514109294,0.11971110184712475,-0.69422,-0.06488740009082905
193,-0.0314738797001163,0.60915,-0.004409610030672432,-0.16224703263474358,0.40332,0.049916241417202585,-0.26788013347057293,0.61435,-0.0024787609380555672,0.11156478475989844,0.39927,-0.012382134003374894,0.20257459376658246,0.6164,-0.08927804313101893,-0.31375720860527434,0.84632,-0.07106628911253464,0.2438798526126186,0.84631,-0.16594029796781562,-0.06944028955326836,-0.074494,0.08869465077871522,0.05554298323969046,-0.072002,0.06299611471222225,-0.17499241923805958,-0.37964,-0.08006931815128183,0.10083584089244406,-0.36399,-0.12747661625378084,-0.15283575015432668,-0.71305,-0.014937281371261251,0.1185040520367317,-0.69526,-0.06534068449959478
194,-0.031534292358849074,0.6003,-0.006537446093592891,-0.16160694055678718,0.39424,0.0479603766131485,-0.26431238399532764,0.60077,-0.004934603905732235,0.11156716239814304,0.39145,-0.01323246531929615,0.20218960862140326,0.6074,-0.09307385812097713,-0.31203202830918153,0.8319,-0.07573681937643115,0.24294569754393142,0.83717,-0.17175644396904755,-0.06866841929290166,-0.08307,0.09512226684543557,0.056409739316047175,-0.080684,0.06984667957244353,-0.17719816601916621,-0.38021,-0.08543785437055405,0.10104860527990325,-0.365,-0.13283496780210513,-0.15288968261042013,-0.71344,-0.01576143687247429,0.11746571077640118,-0.69631,-0.06552822763355397
195,-0.03172126390441373,0.59058,-0.009187235074087217,-0.16094594035417278,0.38158,0.04520168439904711,-0.2633857056485286,0.58531,-0.006992788358490015,0.11138031517515051,0.3817,-0.01469524251191982,0.20159406749916664,0.59711,-0.09696962900383524,-0.31178237124560426,0.81563,-0.07979177576961294,0.24157530087110854,0.82662,-0.1772824292168668,-0.06793321167700254,-0.092886,0.10233822601671168,0.057291212211209,-0.090361,0.0770916812656866,-0.17954582966237778,-0.37875,-0.09086260094697057,0.10136912770706391,-0.36585,-0.13827324559693016,-0.15289849236653008,-0.71381,-0.016560039644944614,0.11635210772797992,-0.69741,-0.0656243122345412
196,-0.03200388317736265,0.58098,-0.011780557141736706,-0.1602636054680923,0.37041,0.0427367503019083,-0.2625516040389902,0.57098,-0.009000124529878695,0.11117104329485197,0.37216,-0.01611243314133998,0.20096702214578843,0.58698,-0.10092889385034487,-0.3115576438248043,0.80059,-0.08370017666848971,0.24015390328647135,0.81633,-0.18263695336999072,-0.06721133712338039,-0.10257,0.10962253889637527,0.05824269657707369,-0.10004,0.0845091456910489,-0.1819630247038171,-0.37793,-0.0961633903345657,0.10177592745231512,-0.36639,-0.14345257122554858,-0.15285592808826054,-0.71416,-0.01729763660956377,0.11520757126154695,-0.69855,-0.06572306585222253
197,-0.032358764134608003,0.57104,-0.014610932471297192,-0.15956549442405402,0.35857,0.040130936423253154,-0.2614614265874586,0.55641,-0.01082211194042032,0.1109343848710789,0.36221,-0.017627352872037698,0.20037098590522873,0.5767,-0.10459712186942158,-0.3113740692382885,0.78523,-0.0874388529544478,0.23876609371110777,0.80577,-0.187916165866427,-0.06643681351258336,-0.11245,0.11696357105652264,0.05922934140276577,-0.10979,0.0919417343375391,-0.18435590900038304,-0.37595,-0.10132630663673914,0.10219257527509645,-0.36702,-0.14863363333594368,-0.1527697540750096,-0.71443,-0.017960673591518945,0.11405271564164778,-0.69969,-0.06576516688768784
198,-0.03275729089041523,0.56192,-0.01725692763850853,-0.15892309683501402,0.34764,0.037842620593304066,-0.2606518075871483,0.54235,-0.012565181954601184,0.11071007951030722,0.35307,-0.01924497801561364,0.19967651875796472,0.56716,-0.10819011454703323,-0.3111181091878954,0.77027,-0.09099736169444027,0.23729131579258875,0.7961,-0.1926520216593169,-0.06562489062914308,-0.12167,0.12405024462254399,0.060257950222317336,-0.11885,0.09920343991517999,-0.1867354962982525,-0.37356,-0.10629863650228691,0.10245624440482196,-0.36752,-0.1534729389255949,-0.15262903049158424,-0.71469,-0.018487107702370366,0.11303322812169907,-0.70076,-0.06573060973692499
199,-0.03319114454151141,0.55292,-0.019970819863603422,-0.15831555266108815,0.33618,0.03541422892869789,-0.26018863360837874,0.52794,-0.014487820471169192,0.11041460422290199,0.34332,-0.02103587705088414,0.19906750877267684,0.55717,-0.11187433262388748,-0.3110746428545469,0.75557,-0.09530028055003881,0.23560858661967743,0.78595,-0.19747306122881153,-0.06477989827672351,-0.13108,0.13119201274565975,0.061288219208423,-0.12813,0.10660701248632891,-0.1891469591660059,-0.37116,-0.11116380318365009,0.10268342337485045,-0.36796,-0.15834642738003665,-0.15245987847561843,-0.71493,-0.018909903865426153,0.11202897177278817,-0.70181,-0.06566726002759543
200,-0.03364398292528628,0.54397,-0.022798138628472388,-0.15780514816181618,0.32669,0.033356334070566665,-0.26039001919352134,0.51521,-0.01637857504173005,0.11012706688307254,0.33451,-0.02283934545321444,0.19808632979316648,0.54793,-0.11571124398723262,-0.3109733018094384,0.74239,-0.09921738790018589,0.2335963043832329,0.77645,-0.2027233964753353,-0.06368354681355645,-0.13951,0.138279305209585,0.06254831012276804,-0.13651,0.11386851858958222,-0.19155901688927618,-0.36906,-0.1159171680486286,0.1027639747234129,-0.36883,-0.16272696518722934,-0.1522911975355887,-0.71515,-0.01927778392804261,0.11098931702184311,-0.70289,-0.0655743138128399
201,-0.03404883973495079,0.53582,-0.025330305282480033,-0.15784548975910057,0.31864,0.03186061599702188,-0.26074232730362057,0.5047,-0.01854937673593391,0.10972472762306411,0.32761,-0.02431489691617866,0.19725284971804388,0.54073,-0.11899845176350318,-0.3114657475665606,0.73144,-0.10298917755183565,0.23184699404729125,0.76873,-0.2078068611745899,-0.06317711303267289,-0.14599,0.1414393724281074,0.06319238804340557,-0.14272,0.11740033181116505,-0.19252572071468288,-0.36906,-0.11679260149209762,0.10285976972977355,-0.36893,-0.16425684208317765,-0.15213992949809968,-0.71535,-0.01939889123927613,0.11048498128967488,-0.70325,-0.06549757093526593
202,-0.03443708820934967,0.52756,-0.02773948753422583,-0.15796282962625233,0.31094,0.03044650837891892,-0.2611466060874391,0.49869,-0.02107250647198678,0.1092675912337197,0.3207,-0.025813279818355926,0.19629157171945005,0.53366,-0.1213979818444606,-0.312041640618511,0.72501,-0.10654316787156294,0.23035489939577952,0.76089,-0.21298645126946522,-0.06267415221534266,-0.15222,0.14457974349156957,0.06388194798157543,-0.14879,0.12087335399532557,-0.1934287214850957,-0.36906,-0.11753710777725165,0.10297811495684393,-0.36897,-0.16548606720789222,-0.1520337342919972,-0.7155,-0.019487680755554005,0.1100831202408942,-0.70353,-0.06541554229713933
203,-0.03497041768087066,0.5187,-0.029946403861322787,-0.1581747338392487,0.30098,0.0283809242957806,-0.2615164597987743,0.49174,-0.024955269950774975,0.10862661307664584,0.31113,-0.02789357955689223,0.1953369662625915,0.52479,-0.12387484547044725,-0.31273604099008273,0.71791,-0.11186341299034845,0.22911980404721488,0.75145,-0.21670852588988243,-0.062131718584607754,-0.1596,0.14796701108599547,0.06445442034280802,-0.15585,0.1244482560073568,-0.19429118831912828,-0.36906,-0.1181669100955975,0.10300668585988344,-0.36897,-0.16682131389053165,-0.1519152100652804,-0.71598,-0.01950654892136801,0.10975609977286506,-0.70388,-0.06531218556784704
204,-0.035617695257114515,0.51032,-0.031716903152283364,-0.15843530584294285,0.29354,0.026787971618865557,-0.26264387280244433,0.48634,-0.029045638628431777,0.10821866720635515,0.3032,-0.029458515391651202,0.19414077167347008,0.51673,-0.12657007505342466,-0.31375111967720853,0.7117,-0.11894472750524912,0.22792767014187199,0.74288,-0.22110835733571438,-0.061565786531981935,-0.16624,0.15066979944467448,0.06504142749854483,-0.16215,0.12764488729656012,-0.19498973484108909,-0.37087,-0.11867330199586491,0.10300045500022861,-0.36993,-0.16783564183374725,-0.15182640371933165,-0.71646,-0.01952119244960502,0.10951401552227913,-0.70418,-0.06530300866105637
205,-0.036238482761220825,0.50135,-0.03360783199143767,-0.15869766419701062,0.28593,0.025127300340722025,-0.2671848259277877,0.48081,-0.033203274220139405,0.10784825338482751,0.29569,-0.03098335951510163,0.19305682415045955,0.50897,-0.12955012316836498,-0.3167444722368551,0.70556,-0.12590061281580867,0.2270871889195771,0.73454,-0.2257022000969514,-0.0610027848602282,-0.17281,0.1532004819845444,0.06567184251063675,-0.16825,0.13070185914996818,-0.1956280272292224,-0.37265,-0.11924108965621963,0.10298030824397342,-0.37084,-0.1687561276338617,-0.1517374237252052,-0.71693,-0.019534851170089025,0.10933640283038161,-0.70447,-0.06527372160458236
206,-0.0367822629989207,0.49237,-0.03522903526465391,-0.15890626731080842,0.27775,0.02348355165527347,-0.27121708164178004,0.47443,-0.03839190735970285,0.10754449285349116,0.28633,-0.032763658798818346,0.19188397054430645,0.49955,-0.132631268802465,-0.31976510981895934,0.69896,-0.13243536212986645,0.22614244666352104,0.72473,-0.23036904721996948,-0.06036330167507842,-0.17996,0.15603246101976176,0.06641025288422109,-0.17516,0.13405457075703836,-0.196217674085222,-0.3745,-0.11970575790907302,0.10299144220208523,-0.37182,-0.1696719748017761,-0.15160761236694006,-0.71745,-0.019489706831957238,0.10921787860366479,-0.70478,-0.06525485343876834
207,-0.03742134723529534,0.48007,-0.03759805011028436,-0.1593761815381392,0.26693,0.02139441268934705,-0.27303778720495275,0.46584,-0.04411062533248592,0.10719791513325495,0.27469,-0.03490196183717279,0.1906928064008686,0.48758,-0.13650731111175268,-0.3212350567661823,0.69054,-0.13858351274386005,0.22541086510718739,0.7126,-0.23492116633379245,-0.05955515499998558,-0.18921,0.15903778545341885,0.06734723270212636,-0.18408,0.13747381187471902,-0.1970354910790301,-0.37683,-0.12065821544861936,0.10299570236025135,-0.37327,-0.17114509456983715,-0.1515033513331789,-0.71791,-0.01941670247017616,0.10905978841864984,-0.70511,-0.06523002415360069
208,-0.037892331582140726,0.46754,-0.03990633253343509,-0.1596970094594838,0.25669,0.019459731722136768,-0.27413442174787045,0.45728,-0.04958130871569132,0.10676424350645967,0.26345,-0.036843146506418026,0.19014065328066174,0.47597,-0.13998425329301567,-0.3239433378058112,0.67902,-0.14599583449958456,0.22474410418972032,0.7007,-0.2390480816320435,-0.058663561030064676,-0.19832,0.1618253105551535,0.06828239553497079,-0.193,0.14062936245679922,-0.19781160846781115,-0.37935,-0.12154694589078485,0.10300169900019415,-0.37496,-0.17260836626036818,-0.1514018188016636,-0.71834,-0.019301584508744914,0.10890951240162991,-0.70543,-0.06516087851954745
209,-0.03823797917169821,0.45481,-0.042068154390997155,-0.160036814900791,0.24419,0.0173598361861498,-0.2749028665864664,0.44721,-0.05440007759685123,0.10635577490781307,0.25095,-0.038814160814818574,0.1896220641273415,0.46337,-0.14321325705424892,-0.32486012805673165,0.6677,-0.15171349972551526,0.22416243087931007,0.68789,-0.24269244113131858,-0.05782095027167804,-0.20809,0.16443869592854396,0.06924422449236911,-0.20242,0.1436482056221044,-0.1987162976352267,-0.38208,-0.12264655378015314,0.10299730079186392,-0.37677,-0.17430335317942192,-0.15128922265537448,-0.71879,-0.01918130937481925,0.10881802742203224,-0.70574,-0.0650462508679619
210,-0.03859595578187005,0.44169,-0.04429989759902309,-0.1603850053232231,0.23218,0.01515479935431987,-0.2755823536895,0.43656,-0.05865675438477054,0.1059377556593948,0.23785,-0.04083933954963479,0.1891347316460013,0.45026,-0.14626499541993998,-0.32590779738119313,0.65618,-0.15771271542313625,0.2236097069459733,0.67455,-0.24623020825953895,-0.05707899899544101,-0.21783,0.16690736202659978,0.07011088463145117,-0.21217,0.14619642484409578,-0.19966558855809272,-0.38488,-0.12376875997500511,0.10300103822167413,-0.37866,-0.17618255142112463,-0.1511746665105341,-0.71927,-0.018992330831912096,0.10871773625397049,-0.70606,-0.06492397788808162
211,-0.03905892284126259,0.42446,-0.0471904177082625,-0.160829744132438,0.21585,0.01240220941181516,-0.2762577970158504,0.42225,-0.0628329100706722,0.10555855612414419,0.22088,-0.043335413208897625,0.1884331930082269,0.43276,-0.15024361874210934,-0.3269091284684274,0.64114,-0.16367948473774344,0.22377653561262634,0.65693,-0.2503517939005251,-0.05596986286971396,-0.23148,0.16996115656039001,0.07129976195472358,-0.22565,0.14902291926478875,-0.20098211241522274,-0.38819,-0.12513084107890732,0.10295101684356855,-0.38117,-0.17888492035628734,-0.1509652005073167,-0.72005,-0.018553030258846068,0.10860410000243825,-0.70638,-0.06464703781814282
212,-0.03940234061454322,0.40706,-0.049973058402458394,-0.1611325642957251,0.19966,0.010108953876837252,-0.27601927391038505,0.40341,-0.06597201929593964,0.10536997063555208,0.20598,-0.04521116252943394,0.1880705087407729,0.41675,-0.15402813457932568,-0.3276794834369777,0.62153,-0.1685090865041865,0.2242069310352991,0.64087,-0.25441831081062666,-0.05497535858363408,-0.24504,0.17253760474053434,0.07232673666620426,-0.23889,0.1513804024443638,-0.20232758564942627,-0.39126,-0.12659951455386423,0.10301453376362431,-0.38343,-0.18157684635840302,-0.1506578984529119,-0.72059,-0.018077163210860423,0.10854188765388244,-0.70661,-0.0642512214166545
213,-0.03955169658340617,0.38925,-0.05276656261662472,-0.16130517593579477,0.18334,0.007920682819195526,-0.27596386858608274,0.38292,-0.06865236073874853,0.1051349729987489,0.19157,-0.047004601993340354,0.1879534075136681,0.40096,-0.157571633881232,-0.32912093781248,0.60065,-0.17127073624362585,0.22478913948238088,0.62449,-0.2587756073720448,-0.05397632021102528,-0.25865,0.17500155651158322,0.07333046175578715,-0.25201,0.1534678199743615,-0.20366206917983987,-0.39427,-0.127948274616683,0.10306413478707976,-0.38585,-0.18417493021741763,-0.1503504227503294,-0.72116,-0.017600311355121762,0.10850805386927022,-0.70683,-0.06380963759106889
214,-0.039678682572037376,0.37109,-0.0556289985650245,-0.16146890747641643,0.16568,0.005610010193615334,-0.2757149506323443,0.36193,-0.07155975473549317,0.10490518302345285,0.17281,-0.049171621275038935,0.18759997646822732,0.382,-0.1612460843838403,-0.3306203149845163,0.57905,-0.17407294396183245,0.22564141001139418,0.60516,-0.26396240165612583,-0.05297417059665067,-0.27298,0.17758681088019165,0.07433776435459458,-0.26647,0.1556561493541478,-0.20503944202631424,-0.3973,-0.12913715814411325,0.10312417874358219,-0.38826,-0.18688655237459356,-0.15002853424900056,-0.72184,-0.017041720455883088,0.10848910395934044,-0.70707,-0.06334123082242261
215,-0.039613376276953556,0.35097,-0.05869085536896265,-0.16163953507554793,0.14729,0.003317815781613019,-0.2747402492189613,0.34089,-0.07403663930178793,0.10479615065879624,0.15488,-0.05117207945842028,0.18794868512023566,0.36308,-0.16525758064783144,-0.3323906554408738,0.55718,-0.17789357148471188,0.22663790469741893,0.58562,-0.26902231255857506,-0.052029686602693664,-0.28828,0.17994868513280524,0.0754205312405348,-0.28168,0.15754685289270465,-0.20661782020007435,-0.40043,-0.13037183313802775,0.10323750686441847,-0.39065,-0.18952633583863523,-0.14957375680698254,-0.72342,-0.016075005152274245,0.1084756849648861,-0.70712,-0.06307180749272039
216,-0.03935702270667855,0.33208,-0.061331487839983045,-0.1616508551685978,0.13027,0.0014108097890966516,-0.2739999728454286,0.32215,-0.07784301433464914,0.10475176528482864,0.13961,-0.05274831863398273,0.188465309776225,0.34631,-0.16871989186504224,-0.33445550677420033,0.53601,-0.18419068105746503,0.22763390069747474,0.56779,-0.2746609286980079,-0.05123497389047871,-0.30276,0.18208311145035377,0.07646372076739914,-0.29601,0.1591094442055694,-0.20802017077409998,-0.40296,-0.13106890764446877,0.10341099294953432,-0.39272,-0.19153700800939583,-0.1490959838945286,-0.72502,-0.015093051464911501,0.10848910574316337,-0.70714,-0.06293810677204008
217,-0.039026597059346566,0.31257,-0.06383997521120605,-0.16162573497054758,0.11146,-0.0005198838623276039,-0.2737219612602948,0.30234,-0.0816795765403916,0.10472040174036314,0.12024,-0.054653821278451774,0.18887194122476728,0.32648,-0.17269083015026607,-0.33672195829032947,0.51346,-0.19042178028031775,0.2285674073959575,0.54705,-0.28082670239186724,-0.05098323630569725,-0.31813,0.18347047484485735,0.07743157040712725,-0.31133,0.1604923889170016,-0.2094225213481256,-0.40523,-0.13176598215090976,0.10359025929311004,-0.39458,-0.19345731100060867,-0.14858831945312895,-0.72658,-0.014114337607372743,0.10846127394996267,-0.70727,-0.06275042248583786
218,-0.038720353568829774,0.29148,-0.06657774673646451,-0.16139130015889358,0.092758,-0.0025880125621634623,-0.2731595210954341,0.28053,-0.08551551984823015,0.10491110482127791,0.10127,-0.056336500194623725,0.18932895468721997,0.3064,-0.17654880095045844,-0.33900353945647965,0.49072,-0.19616280696395796,0.22949860679953368,0.52594,-0.28706314911021413,-0.050842476736115846,-0.33468,0.18434938481952554,0.07830570230375081,-0.32812,0.1613841452891713,-0.21074611134429727,-0.4074,-0.1323043217482221,0.1037909582735227,-0.39626,-0.19537123887784474,-0.1480739824699941,-0.72815,-0.013212957294863246,0.10842572772596076,-0.70743,-0.06249131350112447
219,-0.0384433689043384,0.26972,-0.06927989634291427,-0.16095814148865056,0.073539,-0.004450525532962133,-0.2726173238563767,0.25967,-0.08958144190281493,0.1052081286716988,0.082471,-0.05776173029263637,0.18994058715495718,0.28631,-0.18004817314049623,-0.3410516929547173,0.46838,-0.201731753654999,0.23045585342975988,0.50508,-0.29315187466560916,-0.050775063395777684,-0.35175,0.18487567413306366,0.07920447843658665,-0.34516,0.16209893369355724,-0.21197873730540423,-0.40941,-0.13296024342037893,0.1039731027251349,-0.39785,-0.19716004389761263,-0.14753642649964877,-0.72969,-0.01223748326714848,0.10836549941834316,-0.70761,-0.06219942045399672
220,-0.03787811740713357,0.25074,-0.07125708923813409,-0.16031906368972737,0.057126,-0.005778677846111302,-0.27231029076700847,0.24149,-0.09382929202752893,0.10559602038763641,0.067667,-0.05861403541212527,0.19066846773218332,0.27018,-0.18219721708264747,-0.3415930425060724,0.44862,-0.2079116355845546,0.2316099413986536,0.48721,-0.29841219603982716,-0.05077801781903672,-0.3669,0.18487619507759667,0.07977048571845234,-0.35963,0.16218190812862632,-0.21299403857817067,-0.41105,-0.13428404979803346,0.10425246611385355,-0.39879,-0.19822472981235165,-0.14713049406415202,-0.73088,-0.011605369465834417,0.10828755899660353,-0.70783,-0.06200797779767623
221,-0.037294364274379654,0.23281,-0.07297962611146945,-0.15935857024923436,0.040852,-0.006896447209965014,-0.2719235237702353,0.22758,-0.09658837000580481,0.10587451731928967,0.049579,-0.059280521315246804,0.1917936482046197,0.25206,-0.1837055170874369,-0.340809281960962,0.43298,-0.21198968896918904,0.23296027585069792,0.46757,-0.3027323114164835,-0.05074354954768129,-0.38178,0.18487011739137832,0.08022621857436762,-0.37474,0.162111704396252,-0.2138349525634314,-0.41215,-0.13577061081911296,0.10454971704869485,-0.39945,-0.19878485647814784,-0.14683676060999223,-0.73198,-0.011033690659241643,0.10823655808478927,-0.70807,-0.06183651670298092
222,-0.03675157652271581,0.21483,-0.07421464289542168,-0.15814512663394628,0.024183,-0.007846594352525885,-0.2715524091518392,0.21416,-0.09926345391850978,0.10607780233144908,0.030772,-0.059797678161697995,0.19303990775784102,0.23303,-0.18527578366544353,-0.34067760948865033,0.41832,-0.2174048216877875,0.2345908748938509,0.44801,-0.3062691951805431,-0.05074354954768129,-0.39714,0.18487011739137832,0.08093997106157212,-0.39055,0.16199600484132892,-0.21458085873694424,-0.413,-0.13729423281301945,0.10490320238306743,-0.4,-0.19965952676939108,-0.14659214376390223,-0.7331,-0.010510215159710873,0.10819215580372633,-0.70832,-0.06162763291367114
223,-0.03610852947850905,0.19679,-0.07492713114019275,-0.1568608586045571,0.008496,-0.0082223131685157,-0.27068955763961483,0.20077,-0.10139567981363723,0.10644148660735293,0.015471,-0.059865867218446805,0.1943973261871561,0.21653,-0.18638840004486443,-0.34063516456962667,0.40391,-0.22269252425401118,0.23613383861117054,0.43062,-0.30863304013464543,-0.051125944550476594,-0.41221,0.1845212190367861,0.08183591298308387,-0.40568,0.16184818037353746,-0.21483088807039766,-0.41391,-0.1388849827406991,0.10535281311306066,-0.40058,-0.20027698137620434,-0.1463603768829596,-0.7341,-0.010059615433903005,0.10801404799350571,-0.70868,-0.061370802993415706
224,-0.035455739522859145,0.17882,-0.07530218483475207,-0.15556780842909076,-0.007217,-0.008433050549458171,-0.27116954167742735,0.18189,-0.10313881357885579,0.1068366252458015,0.000108,-0.0599284328352425,0.19587165970863796,0.20066,-0.18678037028280975,-0.34186148133976,0.38444,-0.22705586554014615,0.23788411064259168,0.41398,-0.31045464596907413,-0.05183465697504269,-0.428,0.1833870551600621,0.08259579461617317,-0.42162,0.1616024958121716,-0.21505777232762444,-0.41461,-0.14028688271352974,0.1058764977039338,-0.40121,-0.20035916683283772,-0.14628982763805287,-0.73421,-0.010005037012864215,0.10785779402746122,-0.70905,-0.061220384583321186
225,-0.034757570311525175,0.1619,-0.07541412121107945,-0.1543530219293324,-0.021895,-0.008626941652928238,-0.2713877916105448,0.16378,-0.10414621963735171,0.10686616947839186,-0.015338,-0.059933642280572505,0.19653321738493282,0.18485,-0.18688686648431646,-0.342790336997727,0.36607,-0.22932910709498866,0.23991802405912688,0.3978,-0.3107828169824777,-0.052472925320789024,-0.44338,0.18264664073636527,0.08345279064069777,-0.43689,0.1619997146611063,-0.21515384963847112,-0.41528,-0.14088935192464386,0.10634109382962621,-0.40192,-0.20043093339881105,-0.14626028340546252,-0.73434,-0.010010246458194223,0.10767286406971467,-0.70944,-0.06105983268913159
226,-0.03401294148762197,0.14529,-0.07553323424400417,-0.15317797503604988,-0.038407,-0.008815856444797671,-0.2713228026749692,0.14678,-0.10492940316517438,0.10703410774093694,-0.026801,-0.059960208047516846,0.1974705212320711,0.17188,-0.18704198417556994,-0.34305946763072376,0.35232,-0.23102818587549961,0.2416761913048186,0.38453,-0.3110623665061344,-0.052991875109914106,-0.45834,0.18200703842526328,0.08432722779821165,-0.45109,0.1623633953693643,-0.21510344358217373,-0.41621,-0.14094901120295453,0.10672516885330095,-0.40288,-0.20049865618810114,-0.14623073917287213,-0.73451,-0.01001545590352423,0.10740624734130373,-0.70985,-0.060844260148831486
227,-0.033349414195821096,0.1302,-0.07564007774186624,-0.15223980294802328,-0.05303,-0.008966050097286071,-0.2707353188595543,0.13322,-0.10557116851686105,0.1071470770097913,-0.038536,-0.05960746601104471,0.19828153655309444,0.15934,-0.1871646795261966,-0.34322153124908383,0.33836,-0.2320048820327584,0.24328663738755854,0.37161,-0.31131586880314116,-0.05346847816565965,-0.47164,0.1813599692425216,0.08514202971980189,-0.46369,0.1625040432579829,-0.21460930322389096,-0.41732,-0.14102598721425783,0.1070003201686275,-0.40421,-0.2004354758614632,-0.14611139657386388,-0.73451,-0.01008727055427154,0.1074158719020593,-0.70985,-0.06090485196205954
228,-0.03270625663405863,0.11604,-0.07548236486747813,-0.151412067533347,-0.067643,-0.008936333379925176,-0.27018782220977666,0.11929,-0.10609418612505633,0.10733248161111977,-0.052302,-0.05901668590490857,0.19908883848669456,0.1455,-0.1855808033984626,-0.3427412346602404,0.32438,-0.2325058961909869,0.24511647502967562,0.35712,-0.3104403151477372,-0.05381705621351361,-0.48516,0.18069032579668318,0.08591386182204712,-0.47736,0.16255072522391953,-0.21370154360934307,-0.41887,-0.14117589546018128,0.10749136603739093,-0.40614,-0.19909030897413274,-0.14599570058658667,-0.73466,-0.010179766167832106,0.1072013220169156,-0.70965,-0.06102745843327875
229,-0.03226811754157777,0.10323,-0.0752549926272199,-0.1508918799484142,-0.082972,-0.00886558822827669,-0.2698547721403032,0.10505,-0.10581782105630905,0.10758975251561537,-0.066648,-0.05784556862568329,0.20091520316525835,0.13176,-0.1847249458981189,-0.34210922121653603,0.31023,-0.23260718294716362,0.24629874301925925,0.34375,-0.31006998772395383,-0.05381705621351361,-0.49738,0.18069032579668318,0.08662465988599258,-0.49032,0.16243554661352946,-0.21260493403994618,-0.42063,-0.14134894878233134,0.1079806032972167,-0.4084,-0.19723710987430615,-0.14586442613191627,-0.73492,-0.010241499607319942,0.1069269890738805,-0.70966,-0.06114358524484999
230,-0.031913785061473805,0.090704,-0.07472547728887417,-0.1507894275235907,-0.096556,-0.008284551653999488,-0.26978474205610653,0.091783,-0.10536307300814673,0.10776407124360599,-0.077333,-0.05668419487831695,0.20220677333722412,0.12078,-0.18304368253656955,-0.3422175500693673,0.29706,-0.23258808164762027,0.24748200838078066,0.33295,-0.3085422498262032,-0.05381705621351361,-0.50882,0.18069032579668318,0.08737467358722638,-0.50198,0.16275008667133065,-0.2113230196064146,-0.42277,-0.141046963045742,0.10863135740465973,-0.41103,-0.19464066632752025,-0.14575250053595082,-0.73551,-0.010297790467748414,0.10619809863795611,-0.71027,-0.06297382012934377
231,-0.03150807435892873,0.07867,-0.07374909476862898,-0.15068692523017033,-0.10905,-0.0076456445560239145,-0.2696377359606065,0.079374,-0.1044141846017017,0.10783353408231859,-0.087467,-0.055484023676347,0.20363509901073884,0.11101,-0.18168100657715044,-0.34220725139064223,0.28463,-0.2316658593657291,0.24860271231356806,0.32307,-0.3070237891928528,-0.05381705621351361,-0.51937,0.18069032579668318,0.0879023057852348,-0.51278,0.16343892937008325,-0.20997975749756972,-0.42502,-0.1403394696486409,0.10934462485606287,-0.41396,-0.19168969198964997,-0.14553815012519472,-0.73625,-0.01040666609132266,0.10552157425688034,-0.71076,-0.06479501088316666
232,-0.031063107767453208,0.066479,-0.0722160723511573,-0.15055450558159433,-0.12164,-0.0067794800008318876,-0.26940390577627304,0.063718,-0.10297289231875051,0.10792222200015532,-0.097242,-0.054232409337491065,0.20516882734427447,0.10036,-0.18012367636203547,-0.34202551565960887,0.26904,-0.23052000940868156,0.24948173272836754,0.31297,-0.3046300634127423,-0.053572482023304425,-0.52983,0.18110414274351297,0.08835385479820655,-0.52331,0.16470982648979215,-0.20840092872261468,-0.42766,-0.13818083589105865,0.11017713873692626,-0.41714,-0.18812002524915866,-0.1453746029356882,-0.73716,-0.01051572257579067,0.10485095391384525,-0.71119,-0.06658271817338716
233,-0.030648416064859206,0.055443,-0.07042283957435458,-0.15038219672075184,-0.13362,-0.005744680186145414,-0.2693084714057172,0.055084,-0.1019133677645676,0.10801095978658895,-0.10663,-0.05292292447493676,0.20668226466723294,0.090407,-0.17845107136698246,-0.3418791044196257,0.25959,-0.2294593191858518,0.25059132674543005,0.3035,-0.30236838237481956,-0.053134648191713874,-0.53898,0.1818595906476829,0.08895276744040423,-0.53237,0.16644214419939848,-0.20693571037298197,-0.43141,-0.13551476477649707,0.1110756389253031,-0.42136,-0.18417613156252274,-0.1450981621721341,-0.73911,-0.010560404834525368,0.10430250440925794,-0.71232,-0.0683686126666084
234,-0.030369820093852362,0.046021,-0.06888891347282987,-0.15056389770646075,-0.14506,-0.0046444126042398046,-0.2694493668534973,0.046885,-0.10098479441108663,0.10813417786557152,-0.11567,-0.05170583068027185,0.20769578137344874,0.081483,-0.17679185954017387,-0.34206115270168996,0.25164,-0.2283610212194523,0.2512560207918604,0.29499,-0.30003840773447693,-0.052665220008742755,-0.54683,0.1828633242682379,0.08955779802046233,-0.5405,0.16833585140939544,-0.20551859078474005,-0.43529,-0.13271836135913734,0.1119602472594666,-0.42553,-0.18031102249612777,-0.1447327414144536,-0.7411,-0.01061874581374405,0.10378967682347935,-0.71369,-0.07012524833380422
235,-0.030144210859420924,0.037633,-0.06748272697263182,-0.15072580458373855,-0.15297,-0.003835000988873332,-0.2699192685940676,0.039932,-0.10025206502433534,0.10827999425003777,-0.12447,-0.050533338641057426,0.20771350062286245,0.073032,-0.1750789129478365,-0.3425252982261874,0.24483,-0.22736529588981108,0.25163802274034064,0.28686,-0.29769920391450794,-0.05217930727008677,-0.55398,0.18404692800700007,0.09020966133565492,-0.54826,0.17045484886534157,-0.20458983129632102,-0.43907,-0.1297546127509265,0.11271859110990212,-0.42954,-0.17658611785244807,-0.1442586445075864,-0.74315,-0.010694218477000084,0.10327121858503154,-0.71498,-0.0717986416094527
236,-0.029935676227713835,0.030193,-0.06617913412692471,-0.15092680634337838,-0.16038,-0.003074544354592531,-0.2710025330799941,0.033333,-0.10023367879224378,0.10841025620949786,-0.13163,-0.04956423553925782,0.20791255308688855,0.065971,-0.17348932868880365,-0.3439115458206411,0.23856,-0.22722240569815533,0.2519962847570774,0.28035,-0.2954370482330033,-0.05161006744853761,-0.56044,0.18587586623055022,0.09088669161541572,-0.55516,0.1728029568271455,-0.20394143256855854,-0.44261,-0.126883588701944,0.11331824813598296,-0.43323,-0.1731277061575986,-0.14376051024121728,-0.7452,-0.010748543909984143,0.10274747699026984,-0.7163,-0.07338682287804786
237,-0.02976663845179841,0.023761,-0.0649498110488392,-0.15117466728477838,-0.16664,-0.002349488526584575,-0.2719555373902834,0.027371,-0.09964931350873515,0.10851737309273138,-0.1358,-0.048783982392307204,0.20734067356507663,0.061918,-0.1725863038760038,-0.34521042255551837,0.23345,-0.2263536599196939,0.2520082477904182,0.27676,-0.2939870975835558,-0.051076622573559084,-0.5655,0.18725417409360515,0.09144240130453904,-0.55987,0.17445150398795545,-0.20358895081028164,-0.44574,-0.12471180219998712,0.11358036071471207,-0.43639,-0.17095013939718182,-0.14312926530120734,-0.74721,-0.010739013657529193,0.10219156239786578,-0.71764,-0.07481194005426609
238,-0.029691162220896548,0.0185,-0.06366946604120695,-0.15148000398916323,-0.17071,-0.0015472800144411304,-0.2728987417078165,0.023344,-0.09872143118031904,0.10858385630239081,-0.13923,-0.048234174259561446,0.20659088570743167,0.058672,-0.17119496704815507,-0.34685343523320705,0.23006,-0.22519068556874958,0.2518695394256097,0.27404,-0.2921247173888769,-0.05068216836787505,-0.56966,0.18836251604427662,0.09195679715280981,-0.56383,0.1757620908455432,-0.20332850258616825,-0.44877,-0.12306196380712672,0.11368440536699032,-0.43932,-0.16932349416532197,-0.14251533531036722,-0.74917,-0.010770093656677089,0.10167734741048878,-0.71898,-0.07617333013310347
239,-0.029564478391076753,0.014701,-0.06238088806247917,-0.15181285101660333,-0.17388,-0.0007859148876298919,-0.2737151347708787,0.020112,-0.09741989271888818,0.10865128166392247,-0.14182,-0.04779419832769435,0.20597842416446552,0.0563,-0.17006139267547918,-0.3483129276133116,0.22762,-0.22321726670991182,0.25165321210920705,0.27216,-0.29029942220941196,-0.050383530108859764,-0.57295,0.1890714280206547,0.09227614460508696,-0.56687,0.17668059082089657,-0.20315718574579486,-0.45139,-0.12197520231525998,0.11366977440293814,-0.4419,-0.16825471638912576,-0.14206262117174004,-0.75083,-0.01079407091021153,0.10148671110526622,-0.72025,-0.07621790365810538
240,-0.02943054158943704,0.012488,-0.06117786938716007,-0.15214830276670843,-0.17615,-3.9321877113841774e-05,-0.27450609950519483,0.017903,-0.09568620451477876,0.10874229735140695,-0.14393,-0.047450785828458034,0.20612019677224852,0.054548,-0.16896942173828242,-0.34952581553874223,0.22606,-0.2200180476051388,0.2516552789802437,0.27087,-0.2885024815515036,-0.05034480896947874,-0.57549,0.18930830282591063,0.09235161726834298,-0.56933,0.17715468772776377,-0.20317866646740573,-0.4537,-0.12163632390255259,0.1136627323062835,-0.44407,-0.16760360164587793,-0.14175120321349102,-0.75234,-0.010755563050234496,0.10145788550777352,-0.72155,-0.07638138174510539
241,-0.029356334952437352,0.012488,-0.06034814993154558,-0.15239926533291945,-0.17741,0.0004953806479978153,-0.27523502553913276,0.017903,-0.09434931751991063,0.1088007669186838,-0.14509,-0.04717677613939128,0.20625504749531184,0.054548,-0.1680894698745482,-0.35100857320700835,0.22606,-0.2173703448844396,0.2514731826134055,0.27087,-0.28705893005841987,-0.05034480896947874,-0.57715,0.18930830282591063,0.09235161726834298,-0.57102,0.17715468772776377,-0.20340517225059856,-0.4553,-0.1215963848216892,0.11382030154676544,-0.44542,-0.16763138535430464,-0.14151179759655397,-0.75368,-0.010664755833676622,0.1016732742399498,-0.72222,-0.07729059662292663
242,-0.02937031095500517,0.012488,-0.05982274088008927,-0.15252245045040044,-0.17741,0.0011212803419034696,-0.2757594251974577,0.017903,-0.09329219643018219,0.10884638652081331,-0.14509,-0.04697564222404743,0.20639627333235197,0.054548,-0.16723095064765092,-0.3516385438220632,0.22606,-0.21529949070701243,0.25126211282710686,0.27087,-0.2855493441730487,-0.05034480896947874,-0.57715,0.18930830282591063,0.09235161726834298,-0.57102,0.17715468772776377,-0.20368091842144198,-0.4553,-0.12154776333194246,0.1140566554074884,-0.44542,-0.1676730609169447,-0.14139868050573182,-0.75368,-0.010541526276491926,0.1016732742399498,-0.72222,-0.07729059662292663
243,-0.02937045699315001,0.012488,-0.0591901043504193,-0.15260041313070413,-0.17741,0.001888473811948583,-0.27628672700620616,0.017903,-0.09219394654855659,0.10888702019438737,-0.14509,-0.046745197209842576,0.20656818502824223,0.054548,-0.16625599097216884,-0.3521735787525311,0.22606,-0.21274781721238598,0.2507920908746015,0.27087,-0.28395348096958695,-0.0502926141585691,-0.57715,0.1892990994724943,0.09241169054127674,-0.57102,0.17714409518892607,-0.2040273376167729,-0.4553,-0.12149683454728913,0.11425535343986748,-0.44542,-0.16769794247494796,-0.14139763861666582,-0.75368,-0.010535617429973849,0.10145788550777352,-0.72228,-0.07638138174510539
244,-0.029533197831558576,0.012725,-0.05904768096921355,-0.15270816938658266,-0.17741,0.0023715241088318774,-0.27621148747667945,0.020183,-0.09170965426780392,0.10892561995842633,-0.14509,-0.0464686993649755,0.20549112735958366,0.054946,-0.16505065003351962,-0.351911394046641,0.22871,-0.21108813074199548,0.2500972996206801,0.27133,-0.28230783060773174,-0.05073596688444158,-0.57715,0.1886563216255974,0.0920208096567556,-0.57102,0.17575080371399487,-0.2044478066305968,-0.4553,-0.12215380167615786,0.11426070713951944,-0.44542,-0.1687041588224101,-0.14141899734251884,-0.75368,-0.010656748783594353,0.10157063304367625,-0.72238,-0.07568437098970211
245,-0.02982852359059756,0.017797,-0.0590006842028562,-0.1528101213416143,-0.17328,0.002772316821920858,-0.276061579230756,0.02558,-0.09080189465325603,0.10908311707174732,-0.14254,-0.04597860278337596,0.20433419152919827,0.058462,-0.16429832066125602,-0.3515467569159274,0.23466,-0.20884740769732776,0.24876190868371878,0.27516,-0.2813006409307187,-0.05114892334609047,-0.57512,0.18771371037975826,0.09151501152602237,-0.56911,0.17384975341193898,-0.20501587659543752,-0.45467,-0.12364785539508694,0.11430676307226056,-0.44458,-0.17080405854645866,-0.14141899734251884,-0.75302,-0.010656748783594353,0.10187106486578118,-0.72241,-0.07495952844109813
246,-0.030123849349636543,0.026244,-0.05895368743649884,-0.15291549639160243,-0.16484,0.0032112839036479643,-0.2759284649894694,0.031952,-0.08993179086705194,0.10924815496769187,-0.13708,-0.04556091570804062,0.20313213121500648,0.064625,-0.16397466806811767,-0.35115202878188057,0.24153,-0.20637844238769054,0.24709636982770736,0.28166,-0.2806109451143502,-0.05153408462111052,-0.57021,0.18559845748891401,0.09074884986252153,-0.56455,0.17093856854914144,-0.20608700354715645,-0.4533,-0.12759177312410988,0.11433693240691262,-0.44288,-0.17529756383868286,-0.14163617599271458,-0.75204,-0.010621500607766662,0.10236528805416242,-0.72215,-0.07313564044013253
247,-0.030544592989663416,0.03992,-0.05888660696708382,-0.15295768933112966,-0.15174,0.0037782237204310627,-0.2760845141296575,0.039739,-0.08834051821101638,0.10944251357945221,-0.12564,-0.045207293409486655,0.2020308589710225,0.071588,-0.16359770726825854,-0.3517714843367274,0.24986,-0.20493900679845098,0.24451089194232442,0.28901,-0.279667650831427,-0.051813634144767286,-0.5609,0.18384029024322227,0.08992746683769105,-0.55458,0.16855498827431947,-0.20698143591646306,-0.45093,-0.13162777247207022,0.11409430580591867,-0.44089,-0.1801288299597416,-0.14196290081680815,-0.75068,-0.010977168837049227,0.10287419564283856,-0.72172,-0.07151641159089972
248,-0.03104879772953477,0.055573,-0.0589185378344578,-0.15304760969330536,-0.13711,0.004304838692176249,-0.27597644974308305,0.048619,-0.08646072511379682,0.10953757304361991,-0.1136,-0.0447833598082327,0.20078826472045047,0.085116,-0.16338875864192834,-0.3525161589185903,0.25899,-0.20282761868464358,0.24177540964147007,0.30272,-0.2789416091096833,-0.05205990510810239,-0.54967,0.18229964894408154,0.08912401944375717,-0.54307,0.16633071372175612,-0.20770847501014458,-0.44842,-0.13552066524689188,0.11370336318645602,-0.43877,-0.18482224703776565,-0.14230309628777593,-0.74945,-0.011524408310710468,0.10335390451145673,-0.72119,-0.07029312773121338
249,-0.03155508624753814,0.073125,-0.058962286394867953,-0.1531768983232146,-0.12061,0.004665772827686026,-0.27537429308299977,0.060809,-0.08431265450119646,0.10956367013886685,-0.099296,-0.0445777681215825,0.19943327379797685,0.09987,-0.1630686030547303,-0.3533315305673277,0.27099,-0.2005412965125875,0.23889046969588718,0.31791,-0.2781993682388197,-0.05228238386685843,-0.53686,0.1808766636307693,0.08831285040630595,-0.52995,0.1642296518967066,-0.20830577665654487,-0.44574,-0.13925365744393803,0.11320463848490493,-0.43651,-0.18926311110594682,-0.14274963657063683,-0.74799,-0.01215646983918892,0.10389624871979287,-0.72053,-0.06917532284677055
250,-0.032083437701059994,0.092469,-0.059062054834573795,-0.15328621741269216,-0.10132,0.005139959854792219,-0.27562125817347866,0.078565,-0.08294905329700045,0.10963422116759651,-0.083422,-0.044120065650161175,0.19812000652291728,0.11621,-0.16285734713349354,-0.35383468992791167,0.28735,-0.19809678620214555,0.2363160776838421,0.33474,-0.27782666759712665,-0.05238649645823602,-0.52211,0.18015376006298403,0.08758054230431829,-0.51482,0.16198267930146576,-0.20871266016302836,-0.44268,-0.14179155929628612,0.11256221235469828,-0.43408,-0.19342478008211828,-0.14324147320165884,-0.74638,-0.012815068904163122,0.10469724766657718,-0.71963,-0.06808789437222594
251,-0.032553556909095956,0.11361,-0.059263479585375776,-0.1534097756527384,-0.0805,0.005533392646151401,-0.2754842684522177,0.096599,-0.08079004106538415,0.1097131073088542,-0.065689,-0.043615092406595266,0.19668682583571956,0.13432,-0.16263510150846686,-0.3538645467115329,0.30425,-0.1958474288333685,0.23365999890113262,0.35326,-0.2773989463093231,-0.052372560707310306,-0.50544,0.1795014297824925,0.08679199561473774,-0.49785,0.15966438895762367,-0.20905472303064523,-0.4395,-0.14390425733306225,0.11187166342071378,-0.43156,-0.19728348999214942,-0.1437459362810537,-0.74464,-0.013487688411408842,0.1055108988879442,-0.71868,-0.06675594816836936
252,-0.03301733404208114,0.13639,-0.059665046231052475,-0.15358810519591065,-0.057516,0.006134491285337988,-0.2746729948690953,0.11479,-0.07860776354560628,0.1097466971019507,-0.045867,-0.0431366566995251,0.19533813790006177,0.15448,-0.1618184982680795,-0.3538046291711232,0.32148,-0.19349204990666663,0.23067191550566143,0.3738,-0.2764354331429837,-0.05223013368103429,-0.48701,0.17880613449113342,0.08619870222443159,-0.47896,0.15751475551142427,-0.20926536005397817,-0.43622,-0.1455019531878486,0.11124419864381926,-0.42899,-0.20072684416413883,-0.14423886466973862,-0.7428,-0.014210066846599475,0.10631055851790405,-0.71775,-0.06561852763215048
253,-0.03343197595350268,0.16343,-0.0597361242536241,-0.15381081297775884,-0.030764,0.00677184695049227,-0.27346375440808474,0.13946,-0.07641442419487757,0.10978172594906546,-0.021994,-0.04259247200673247,0.19394018553436637,0.17882,-0.16082058585546674,-0.3530218062791054,0.3463,-0.1908376595209598,0.2279275584568278,0.39833,-0.27437761770215396,-0.05174269044986508,-0.46437,0.17773522128438538,0.08579841548745207,-0.45617,0.15627543653384093,-0.20892869276662937,-0.43272,-0.14624165254409355,0.11089920958339197,-0.42643,-0.20262578664567574,-0.14470048830166954,-0.74069,-0.01510043341293208,0.10710374329669337,-0.71722,-0.06457541550649142
254,-0.03375898920881572,0.18969,-0.05968455555333443,-0.1540546559686855,-0.005591,0.007346926593477417,-0.2731495233336686,0.16243,-0.07411404187189922,0.10965449705490124,0.001762,-0.04204709341484446,0.19262154051726788,0.20317,-0.15943048682342575,-0.3531776452419685,0.37006,-0.18659616046783556,0.2253899869937398,0.42336,-0.2721836416152922,-0.051917207411411696,-0.44171,0.1755015919887921,0.08522355641401141,-0.43347,0.15486381404688382,-0.20837546394316586,-0.42988,-0.1463290474460569,0.11086792886902494,-0.42473,-0.20263042527787584,-0.145136264181338,-0.73922,-0.01607456091110632,0.10763584226254713,-0.71667,-0.0635157142794763
255,-0.03409961612449326,0.21501,-0.05962957097080439,-0.15441580764908533,0.01786,0.007947768056547663,-0.2727728270000663,0.18555,-0.07111387523115231,0.10949829474127654,0.024586,-0.04143568043066903,0.19103345231614177,0.22727,-0.15749531864844868,-0.3533584378899958,0.39362,-0.18203547915706422,0.22323879784923306,0.44764,-0.26998671529323304,-0.05176046724615868,-0.41983,0.1731080104630035,0.0845305444525963,-0.41123,0.15330040257790464,-0.20772375434440116,-0.42738,-0.14643380716578697,0.11077929617125382,-0.42311,-0.2026147969418858,-0.14532625933009258,-0.73777,-0.016979313829559594,0.10803326415351527,-0.71589,-0.06333498010844238
256,-0.03438098092681242,0.24028,-0.05958402047118136,-0.15477100363902466,0.042076,0.00904308755730122,-0.27283529846341026,0.21195,-0.06760979228175348,0.10925189689628176,0.04655,-0.0408175023802807,0.19044458645059714,0.25592,-0.155248935557256,-0.3533320183934696,0.42048,-0.1762420516732509,0.22261696287231872,0.47625,-0.26810007243845474,-0.05176435529031785,-0.39771,0.17066151789544629,0.08426962996102419,-0.38994,0.15167095493281518,-0.2067470581871424,-0.42477,-0.14659587078414713,0.11024576350285056,-0.42066,-0.20253087500347577,-0.14548127550032935,-0.73614,-0.017397752578918596,0.10840729340909525,-0.71486,-0.06322932446036675
257,-0.03477662794560912,0.27369,-0.058366825155499756,-0.1552507739318663,0.074091,0.010756428289936344,-0.27328762520888883,0.25024,-0.0641283557226123,0.10901594376815688,0.077954,-0.03990973857767118,0.18994375842730676,0.28766,-0.15290637898566864,-0.35395338493095985,0.45978,-0.16940020955097948,0.22289341790645614,0.50848,-0.26491976229412917,-0.05200889814799952,-0.36917,0.16835900192573905,0.0835678226689313,-0.36195,0.14920536463336048,-0.20521494612344848,-0.42009,-0.14591152246327266,0.10903097700309222,-0.41632,-0.2023369839000057,-0.14563666300930844,-0.73401,-0.017645534180441534,0.10836569354126199,-0.71486,-0.06317731051035086
258,-0.03524368764172351,0.3069,-0.0572436576522904,-0.15577588865764305,0.10576,0.012788485012759887,-0.2742271463855436,0.28638,-0.0605305508420473,0.10877701279480177,0.10863,-0.03924921379390332,0.1894139088997819,0.31921,-0.15015253449510974,-0.3549407225645193,0.49688,-0.16353972626055394,0.22335783953128174,0.54093,-0.2595792742495405,-0.0520672391272182,-0.34062,0.16799358116805857,0.0823587474025508,-0.33406,0.14790557157282086,-0.20302741727772447,-0.41502,-0.14283463807332145,0.10777643755740854,-0.41165,-0.19954674541929773,-0.14577505703926316,-0.73178,-0.0176241778588272,0.10870013101233392,-0.71374,-0.063296191029962
259,-0.03556181187847397,0.34043,-0.05529887026802652,-0.15632883517662055,0.13643,0.01500822602178565,-0.2762464350421843,0.31799,-0.05706729033767259,0.10847011504064084,0.13995,-0.03805274450115445,0.18856742483338637,0.35133,-0.14907923829864836,-0.3567443811339801,0.53078,-0.1568955847987238,0.22422451223454865,0.57366,-0.2558734709054042,-0.05221743277970661,-0.31226,0.16705540908003194,0.08102096758141601,-0.30631,0.14610045075964392,-0.20089029448829787,-0.40952,-0.13969809440505965,0.10672054805933003,-0.4062,-0.19643613496990878,-0.14577505703926316,-0.72952,-0.0176241778588272,0.10899487874552691,-0.71271,-0.06335222471427412
260,-0.036283439337481155,0.38149,-0.0527112491963843,-0.1572252746981185,0.17455,0.017065140260225473,-0.27745991247166313,0.35996,-0.05254689726536729,0.10807823120043981,0.1791,-0.036819965909602306,0.1887764393827197,0.39162,-0.14415065707093516,-0.35713670037365886,0.57504,-0.14754540909908165,0.2255342941377393,0.61465,-0.24769668844736642,-0.05293413767407394,-0.27751,0.1625819009382723,0.07887423295026752,-0.27208,0.14085351456568956,-0.1985522865835205,-0.40084,-0.13565262545360313,0.10599468626836663,-0.3979,-0.19214489684316502,-0.1459231254985703,-0.72684,-0.01760010024768319,0.10915279528236418,-0.71125,-0.06337803880719481
261,-0.037027422351287885,0.42351,-0.050158272448513876,-0.15801621360622473,0.21271,0.01902932575137537,-0.2779704282637554,0.40396,-0.04761024833861301,0.10773982921513729,0.21751,-0.035686990580504924,0.1891208754682463,0.4316,-0.13828129903253036,-0.3573181181237479,0.62129,-0.13849643194141611,0.22698009243263995,0.65534,-0.23869093099502167,-0.05406090106772834,-0.24249,0.15673879138472802,0.07634348704648201,-0.23767,0.1343846981229025,-0.19619522546397378,-0.3916,-0.1311535741226311,0.10543907181867776,-0.38874,-0.18740642740849556,-0.1461485395241002,-0.72408,-0.017496381796603358,0.10925162335402075,-0.70933,-0.06339343400945549
262,-0.037739325512345726,0.46206,-0.04751550214270297,-0.15888336002193973,0.24921,0.02038855387561083,-0.2766625689772796,0.44185,-0.04226616711853607,0.10735541046275301,0.25479,-0.034814989305955786,0.1896467667641431,0.47002,-0.13299531309375792,-0.35505157664222864,0.66037,-0.1287519725047643,0.22836506578058324,0.69452,-0.2296846027295471,-0.05565551298108397,-0.20956,0.14977997274606641,0.07347954992097999,-0.20494,0.1265733435578369,-0.1940570812602223,-0.38214,-0.12703224674374405,0.10507337682293671,-0.37924,-0.1820515728661116,-0.14648104282283084,-0.72146,-0.017539295155051156,0.109386097386873,-0.70887,-0.06355219714903282
263,-0.038479673935614946,0.49944,-0.044855531050348244,-0.15978255565571628,0.28551,0.021853960376277837,-0.2775966482727151,0.47854,-0.03656434242201667,0.10715564828274385,0.29127,-0.03422026578074598,0.19018426666173377,0.50751,-0.1278738423225741,-0.3553298348553902,0.69824,-0.11898527539843362,0.2294813831391117,0.73144,-0.2216260212442578,-0.05742457283090417,-0.17758,0.14217157815536893,0.0702990430936277,-0.17325,0.11827963266818287,-0.19179093609096623,-0.37267,-0.12276086686461164,0.10481018233679315,-0.36947,-0.1764609352761346,-0.14686784813257428,-0.71904,-0.01783258281649342,0.10949477353605969,-0.70802,-0.06356932883307015
264,-0.039287334178205624,0.53603,-0.04220298417375241,-0.16061274083579816,0.32018,0.02319245526486445,-0.27898401430373065,0.5143,-0.03130248946930275,0.10708604475735514,0.32712,-0.03357842830189836,0.19093876977751947,0.54391,-0.12319172858535354,-0.3558924976058916,0.73535,-0.10939182395334887,0.23107040821908612,0.76694,-0.21365079088424854,-0.059128330108135244,-0.14654,0.13402364712103376,0.06700061232396867,-0.14254,0.10943807604857304,-0.18940782774476947,-0.36305,-0.1181140943706878,0.10467096908185791,-0.35975,-0.17097339305127196,-0.14725807653727419,-0.71662,-0.018087696109297557,0.10953433949435784,-0.70632,-0.06357528995242383
265,-0.0400841038337844,0.57032,-0.039966651659131894,-0.1614521311531192,0.35242,0.024075631292158877,-0.2801885118965676,0.54739,-0.026788756917539173,0.10698084335554472,0.36061,-0.033138476412418245,0.1915960299138117,0.57764,-0.1190611071898198,-0.356486248731664,0.76992,-0.10118402524720094,0.23284530897632502,0.79826,-0.20513969651854258,-0.06130687764411261,-0.11672,0.12510647606550912,0.06354466039860167,-0.11344,0.10027904961070573,-0.18673237156218836,-0.353,-0.11209727343143021,0.10471696452150944,-0.34989,-0.1643203047143016,-0.1477074174495418,-0.7147,-0.0181597637480996,0.11028309081440554,-0.70493,-0.06376316347564304
266,-0.0407452036961682,0.59741,-0.03898798472295998,-0.162134648606492,0.37755,0.02452396032963202,-0.28138524519000635,0.57357,-0.02228857854058844,0.1068461956745148,0.38635,-0.03298069808059392,0.19216410879776705,0.60408,-0.11555143321897804,-0.3575422406034483,0.79726,-0.09317904047727629,0.23502122301619743,0.82071,-0.1976944296938353,-0.0625446598476005,-0.094076,0.11738409435927828,0.06104074891607899,-0.091298,0.09246513840774913,-0.18445140929394202,-0.34452,-0.10607181816806323,0.10508566326713542,-0.34146,-0.15796782006379093,-0.148014095254574,-0.71313,-0.01771068722466441,0.11075701407309507,-0.70378,-0.06383962094665208
267,-0.04140260226974671,0.62376,-0.03796529165294486,-0.16314991691775688,0.4038,0.025043147440548065,-0.28184171009789327,0.5986,-0.017794031979714027,0.10662884337614144,0.41182,-0.032946434712519256,0.19267088987500597,0.63005,-0.11238939638494962,-0.3571836544016093,0.82332,-0.08492592494822605,0.23710294048132174,0.84708,-0.1918775445827646,-0.06377584342033707,-0.070846,0.10969913534766192,0.05883807684759076,-0.068674,0.08456866319670073,-0.1817413196453755,-0.3387,-0.09916752862483487,0.10527521588112056,-0.33558,-0.15055816623877782,-0.14798745138858416,-0.71081,-0.017271643827714733,0.1107674329637551,-0.70225,-0.06378053248147134
268,-0.04212467187640118,0.64862,-0.03719419082740656,-0.16413742734680492,0.42899,0.02548940650490561,-0.28202488751945687,0.62288,-0.013995515554551544,0.10640181664841565,0.4358,-0.03290945005491489,0.19317124596967117,0.65458,-0.10926379743778261,-0.3568047050620322,0.84847,-0.07730596448914001,0.23901957196572748,0.87201,-0.18613309302034503,-0.06491430607891559,-0.048838,0.1025918517051567,0.05686061568517461,-0.047369,0.07719502356954673,-0.17882910708565047,-0.33356,-0.09192317095786535,0.10532158979480606,-0.33058,-0.14246323884811335,-0.14791290645176816,-0.70839,-0.01679129077797413,0.1108141941921444,-0.70042,-0.06345774867221268
269,-0.04237210439774588,0.66514,-0.03663370965253893,-0.16494874009558674,0.44677,0.025668002763724593,-0.2822317363132488,0.63717,-0.011598175658644655,0.1063941262600014,0.45191,-0.0330106521197458,0.19329245774915144,0.67093,-0.10736702947503249,-0.3566234982635126,0.86334,-0.07236232573856669,0.24070051657208819,0.88903,-0.18097664800169633,-0.06634481968911132,-0.032398,0.09281472120530937,0.05476647085792259,-0.031933,0.06702313414611641,-0.17525999952421775,-0.33164,-0.08458140201469345,0.1048512250447251,-0.32847,-0.1342467336906951,-0.14779599135960142,-0.70651,-0.01607064463649855,0.11084637075743257,-0.69844,-0.06281456466382454
270,-0.042560413010745146,0.67915,-0.035922200786627695,-0.16611510457998593,0.46308,0.025906157943244627,-0.28254877600505246,0.65413,-0.00953782087516171,0.10636408512526503,0.46741,-0.03318102386101691,0.19340290334161636,0.68654,-0.10553131959296916,-0.3568935425072149,0.88085,-0.06750158751207855,0.24225876582782224,0.90496,-0.17663121830407097,-0.0677898458352472,-0.017897,0.0828401106145653,0.052873441332520615,-0.017901,0.056523339804513496,-0.1697274173510253,-0.33052,-0.07508789715627193,0.10374158837280215,-0.32722,-0.1237241861637735,-0.14759202866182666,-0.70478,-0.014798739287065488,0.11088728138402394,-0.69619,-0.06166114569370487
271,-0.042674307058809494,0.69202,-0.035042051852744616,-0.16734948749761075,0.47767,0.02621926305766478,-0.283303027062897,0.67085,-0.007711094474810401,0.10631199067196495,0.48034,-0.03347646618692057,0.19353669170087254,0.69973,-0.10367840171164587,-0.3572788374884682,0.89777,-0.06283376705950959,0.2437266699463955,0.9186,-0.17245263511132786,-0.06924051225100711,-0.005336,0.0730177931207054,0.05123167056025653,-0.005758,0.04627371548304009,-0.16454497846352453,-0.33009,-0.06625563633713169,0.10262192640752556,-0.3267,-0.1140071350635933,-0.1473665335900212,-0.7032,-0.013404717776258904,0.11092888660332595,-0.69467,-0.06050378749257315
272,-0.042565646575886566,0.704,-0.034114834025343224,-0.16842607765797904,0.49069,0.026563439795109597,-0.2839269734279761,0.68775,-0.006469890650491257,0.10649754131143828,0.49252,-0.0335183226104544,0.1940865063484942,0.7123,-0.10171200199305844,-0.3570753627737248,0.91395,-0.059721822644765,0.2452744762690826,0.93233,-0.16799366711554115,-0.07076422808866759,0.006216,0.06320734078423984,0.049565807751416245,0.005728,0.035979598760264755,-0.15984341054564288,-0.33004,-0.05778943440748543,0.10150556197380171,-0.3264,-0.10467449666648843,-0.14712000304633105,-0.70183,-0.012064161290679942,0.1110521046823085,-0.69358,-0.059286693697908247
273,-0.04238626079564053,0.71477,-0.03314931564548424,-0.16946528537537497,0.50326,0.026774096672767873,-0.2842315897134404,0.70462,-0.0054332456202953044,0.10664560977074544,0.50367,-0.03354240022159842,0.19475506873960718,0.72385,-0.09970561510883365,-0.3566263290610193,0.93025,-0.05619623493136828,0.24684947144467947,0.94591,-0.1632653280628878,-0.07201225002832022,0.016945,0.053307659110663375,0.047948461886651514,0.016384,0.025880012513604528,-0.15532670045834676,-0.32983,-0.04968056087367583,0.10041561610547026,-0.32593,-0.09536479425426776,-0.1468993959497102,-0.70057,-0.010928211683998146,0.11119248810467018,-0.69233,-0.058202601222735566
274,-0.04221494155102845,0.72314,-0.03207981682995168,-0.17028066594322697,0.51317,0.027044798592911288,-0.2844984005647702,0.71878,-0.004239783023641065,0.10687281014664891,0.51249,-0.03357840007144976,0.19536375011945792,0.73318,-0.0974053655619751,-0.35602208148751235,0.94395,-0.05242385042420162,0.24829708455267557,0.95895,-0.15897147009020662,-0.07322397771501758,0.024636,0.044016926307849,0.04624266356459367,0.024659,0.016165638108401447,-0.1516520459825712,-0.32879,-0.04317989825486056,0.09930844788987109,-0.32478,-0.08759245724778335,-0.1467064229557253,-0.69919,-0.00977621974670323,0.1116667141425869,-0.69132,-0.05712558745078935
275,-0.04200119747399136,0.72891,-0.030746679751654196,-0.1709249068865291,0.52101,0.027595029096403396,-0.28470463402830415,0.72705,-0.0029331198082260188,0.1072085130235614,0.51912,-0.03363251641309145,0.1960368068884491,0.74029,-0.09439449881206484,-0.35528298319094215,0.95191,-0.04777151405330077,0.2499288128137727,0.97098,-0.1539789694260167,-0.07462078915331374,0.031351,0.03432727245408079,0.04456001815189429,0.031808,0.006167938902327994,-0.1482902262604988,-0.32769,-0.037359243295469385,0.09805090213623531,-0.32364,-0.08026983970502499,-0.14661354343923758,-0.69795,-0.008673596785117081,0.11220652932306482,-0.69048,-0.05573418687190289
276,-0.04178045038853459,0.73378,-0.02936806786854048,-0.17116996541469945,0.52636,0.028163215085117464,-0.2845730567944066,0.7352,-0.0018413820047585919,0.10759568967204718,0.52469,-0.03350988589948525,0.1967339010169422,0.74635,-0.09136248483188261,-0.3545809218248118,0.95964,-0.04338681225748988,0.2514353220478536,0.97722,-0.14831451623725886,-0.07615600664275811,0.036183,0.02474528830359797,0.042891226746004874,0.037271,-0.0038951595888738868,-0.14540898186411,-0.32699,-0.03236367218414707,0.09696798766162096,-0.32302,-0.07402999633834736,-0.1464431188821395,-0.69759,-0.007419132568673291,0.11284720648473441,-0.68963,-0.05440423432593931
277,-0.04129415072229694,0.73807,-0.027635186558520326,-0.17131939544939515,0.53118,0.028813035571660366,-0.2843148659966028,0.74318,-0.00020434611268736053,0.10808060441834953,0.52976,-0.03306330590797363,0.19737907790795872,0.7519,-0.08781868026908599,-0.3538121795584574,0.96782,-0.03862394428452231,0.253127782654006,0.983,-0.14182583123206538,-0.07792771371627524,0.040711,0.013683894582838843,0.04129171382771289,0.042478,-0.015177815988154025,-0.14271239404009622,-0.3276,-0.027090823323485422,0.09585433745955957,-0.32349,-0.0679644639439529,-0.14601701208035478,-0.69728,-0.005232911629821785,0.1130089317258538,-0.68732,-0.05141388753227392
278,-0.04073213742594203,0.74089,-0.025910578471237802,-0.1713100905749621,0.53423,0.02938409548034927,-0.2837506884188317,0.75044,0.0017859221257017083,0.10855720987833377,0.53291,-0.032433499401566146,0.19800711349798314,0.7555,-0.08431450115013919,-0.35237798187726976,0.97531,-0.03325441488137383,0.2545705113544634,0.98654,-0.13698379706274394,-0.07886429745521101,0.042451,0.007836698596730536,0.040356171977843136,0.045175,-0.02101910312774426,-0.14111448087269318,-0.3287,-0.023038737748199544,0.0950187594141664,-0.32444,-0.06325887892930734,-0.14565845441968248,-0.69697,-0.0034297809068920167,0.11333539208369056,-0.68486,-0.049159324906228444
279,-0.040086460530700585,0.743,-0.02429312635542375,-0.17124011035936232,0.53614,0.02978097300481319,-0.28327655676664004,0.75261,0.003956567001398792,0.10901151446059276,0.53519,-0.0318149920479005,0.19846713334683275,0.75786,-0.08147524812536941,-0.3509377804208476,0.97822,-0.027735660967226225,0.2559210604826125,0.98918,-0.13203107447284898,-0.07983534589785636,0.043803,0.0028018283976056334,0.03954500968754109,0.04704,-0.02608013471614518,-0.14094160119872076,-0.3287,-0.021943112986555668,0.09474961900936597,-0.32444,-0.061560338543416006,-0.145442336349471,-0.69682,-0.0020889390147481,0.113617199033657,-0.68333,-0.04738835515974754
280,-0.03942442704741665,0.7447,-0.022824779779505464,-0.17118067281400334,0.53753,0.030175647780041732,-0.2828268836812895,0.75435,0.006218851270961598,0.10950022542441681,0.5368,-0.031174119522480524,0.19893144453152714,0.75964,-0.07866924543047268,-0.3495284126452435,0.98107,-0.02210383502237595,0.25719728997454305,0.99125,-0.12709672555086074,-0.08083935507574821,0.044926,-0.0018210592898370258,0.038784664423505075,0.048524,-0.030824174774940847,-0.14077849569129464,-0.3287,-0.020960507982778844,0.09446055893273077,-0.32444,-0.05991718052542272,-0.14524792430146793,-0.6967,-0.0008711980917307134,0.11389883233544577,-0.68194,-0.04561837022101966
281,-0.03880328681806185,0.74594,-0.021386793404230282,-0.17111307380429402,0.5383,0.03061660851966185,-0.2824865074268524,0.75552,0.008379571753905968,0.1099954851503953,0.53757,-0.03055369482614445,0.19936923741363535,0.7606,-0.07595604779808846,-0.3480636511009635,0.98384,-0.016157855404314823,0.25846984702853265,0.99241,-0.12241355487872618,-0.0823113954954824,0.045757,-0.0062476926609971815,0.037956512221824494,0.04958,-0.03534809618571398,-0.14063848539149817,-0.3287,-0.02010888241015264,0.09416055902090253,-0.32444,-0.05833606539586919,-0.1450670568113229,-0.69678,0.0002697278265517307,0.1141801183408792,-0.68073,-0.0438503548977978
282,-0.03825171102586076,0.74658,-0.02000355909817157,-0.17079753637455494,0.53847,0.03102400529239535,-0.28173570971050915,0.75604,0.01096751375270226,0.11049930350567637,0.53785,-0.02982714402621241,0.20013846587919829,0.76106,-0.07343634294081494,-0.3461703641671719,0.98591,-0.010833735891537702,0.2596558035104634,0.99303,-0.11816393275164636,-0.08368771970574164,0.046126,-0.01039063710526074,0.03699073387346797,0.050093,-0.039541091556787714,-0.14128550292182007,-0.32784,-0.019171284780326193,0.09383034432616028,-0.32337,-0.05692630681533979,-0.14510527810132784,-0.69681,0.0014350690353787249,0.11498000327143654,-0.68012,-0.04225095497974501
283,-0.03774675887745178,0.74687,-0.018683183648605363,-0.17041288875392738,0.53847,0.03142023150044518,-0.2809047880571005,0.75633,0.013491571835610935,0.11106144182244361,0.53785,-0.029000195108308716,0.2008206485229761,0.76112,-0.07106477324111639,-0.3448526861970217,0.98738,-0.006528136541042957,0.26080107645022327,0.99321,-0.11420262616246976,-0.08499596902187803,0.046256,-0.014182062263011937,0.035985840788424026,0.050226,-0.0432245537715567,-0.14193847435877954,-0.32691,-0.018325041137800525,0.09348033373916396,-0.32237,-0.05562881631865379,-0.14518619101682897,-0.69695,0.002588644824005157,0.11577624159026287,-0.67936,-0.04067223602450547
284,-0.037563324512045124,0.74687,-0.01767166951939714,-0.17016810004348262,0.53847,0.03154156775734643,-0.2800676426793286,0.75633,0.015417461660205072,0.11129045615875346,0.53785,-0.028334855019508595,0.2010632109847898,0.76112,-0.06951637004681625,-0.3441077168239123,0.98757,-0.0036853101951102654,0.261502559867932,0.99321,-0.1114912455151464,-0.08611117562110734,0.046256,-0.017322113097160235,0.035023158015569565,0.050226,-0.04635189703363223,-0.14245672420372518,-0.32591,-0.017751332066742898,0.09317817257057402,-0.32151,-0.05475101074325776,-0.14501626336187692,-0.69709,0.0036675278538478295,0.11651495249368458,-0.67833,-0.039477358959211346
285,-0.03742094502755173,0.74687,-0.016777813780256095,-0.16995689934231153,0.53847,0.031587592357560056,-0.2793112677465589,0.75633,0.017058042642990604,0.11146913834974982,0.53785,-0.027724611892041562,0.20131301680146865,0.76112,-0.06798447545058797,-0.3434440887089349,0.98757,-0.001188617637943569,0.26190450374681107,0.99321,-0.10967241014100403,-0.08716451119625158,0.046256,-0.02007096452387204,0.034109474663504474,0.050226,-0.049005552574986296,-0.14294205658972092,-0.32508,-0.01727887733335177,0.09283989258102937,-0.32085,-0.05407804518048827,-0.1448599301333798,-0.69726,0.004611725355257182,0.11719767477291364,-0.67719,-0.03848483375074343
286,-0.037367002334087705,0.74687,-0.016443095711096617,-0.16993831898730116,0.53847,0.031692966787132355,-0.27907153530800766,0.75633,0.01812969433916166,0.1115511742005925,0.53775,-0.027374538872263522,0.20146557963865402,0.76112,-0.06700407319604651,-0.34326096379248017,0.98782,-3.4889218871965444e-05,0.2621140970972551,0.99321,-0.10848374718311829,-0.08771082286604837,0.046256,-0.02140130942631044,0.0334974903232078,0.050226,-0.0504664773393844,-0.14323836715651292,-0.32503,-0.017231706918816748,0.0926791237623655,-0.32084,-0.053953231771972046,-0.14481473173858947,-0.69751,0.0049256458947387165,0.1173651918281195,-0.67697,-0.03839861289355008
