FrameNo,head_x,head_y,head_z,left_shoulder_x,left_shoulder_y,left_shoulder_z,left_elbow_x,left_elbow_y,left_elbow_z,right_shoulder_x,right_shoulder_y,right_shoulder_z,right_elbow_x,right_elbow_y,right_elbow_z,left_hand_x,left_hand_y,left_hand_z,right_hand_x,right_hand_y,right_hand_z,left_hip_x,left_hip_y,left_hip_z,right_hip_x,right_hip_y,right_hip_z,left_knee_x,left_knee_y,left_knee_z,right_knee_x,right_knee_y,right_knee_z,left_foot_x,left_foot_y,left_foot_z,right_foot_x,right_foot_y,right_foot_z
1,-0.021194711298860684,0.61845,0.023059752447889534,-0.16076933845210736,0.43356,0.035376755047230535,-0.23481584850262027,0.67829,-0.003331265224275022,0.16789662118885063,0.44847,0.025775647700253725,0.23838463870046342,0.63029,-0.03862384102661867,-0.27026118999056065,0.924,0.008089257128196206,0.29590449273869035,0.89747,-0.051776883124212074,-0.06189448943839376,-0.00104,-0.01641349253390522,0.05914514141515227,-0.005584,-0.040941438469863735,-0.11194701240120004,-0.44227,-0.04656706363349057,0.10688520943215654,-0.44589,-0.045659085948407195,-0.15238887561098433,-0.90953,-0.09573233878904214,0.15700858014952931,-0.95618,-0.06459459079852448
2,-0.02107728069105412,0.61701,0.024238265092009305,-0.16037836915374576,0.43318,0.03488742999398003,-0.23488438788037896,0.67838,-0.00325926971263394,0.16778943396227905,0.44854,0.025916398893711893,0.23848885164945058,0.63035,-0.038205583138153434,-0.2702230132176838,0.92397,0.00807541754681844,0.29548447789370735,0.89765,-0.050703643388647905,-0.061842834805926714,-0.001008,-0.01628754889990694,0.05918007114548901,-0.005546,-0.040933381551184575,-0.1119131768327649,-0.44224,-0.046605523408693644,0.10688759063804697,-0.44586,-0.04570316916356339,-0.15251352382487054,-0.90954,-0.09499956131751686,0.15714412189765747,-0.95612,-0.06451694780454328
3,-0.021027989271399483,0.61614,0.025110963983923595,-0.16000486262652167,0.43328,0.03458700716841409,-0.234978254065867,0.67856,-0.0031005588458922068,0.167735183603686,0.44861,0.026127019164798343,0.23859703446413708,0.63047,-0.037592047908026824,-0.2702428571947118,0.92399,0.008308402989659215,0.2950158932113973,0.89789,-0.04944515524984626,-0.061783335370777334,-0.00094,-0.015921316982651076,0.059199648329445895,-0.005554,-0.04091449415146098,-0.11190970386921156,-0.44217,-0.04658582725363339,0.10690274789810089,-0.44586,-0.045559620365352965,-0.15237393830005913,-0.90949,-0.09484139722151802,0.1565233626239998,-0.95798,-0.06619464203299136
4,-0.021184297914518275,0.61618,0.025238037222988174,-0.16052127625249688,0.43336,0.03528630536439857,-0.23506609243373366,0.67871,-0.0029652502314934034,0.1676015537693351,0.44876,0.026463333106482818,0.23868641340703867,0.63056,-0.037142742438923904,-0.27026882694273213,0.92433,0.00885217368782873,0.29447125597873797,0.89812,-0.04740864075571635,-0.06174980987170991,-0.000808,-0.015397175741274022,0.05916209704677325,-0.005496,-0.04081648445209587,-0.11183513489000857,-0.44204,-0.04627810096723488,0.1069084782879639,-0.4458,-0.04552712170950356,-0.15234555973611555,-0.90934,-0.09479562979742076,0.1564421469292715,-0.95775,-0.06619453748732018
5,-0.02112962999365628,0.61543,0.025772666457531727,-0.16106909437241987,0.43365,0.03603785064412829,-0.2350807527916416,0.67873,-0.0029332178431027006,0.16754425165452794,0.44888,0.026541470598371322,0.23864965342961597,0.63082,-0.03648740305809906,-0.27028373485980156,0.92431,0.008997977508110128,0.29430736684434483,0.89841,-0.046092181735606766,-0.061730094482740076,-0.000814,-0.015538750115501028,0.05928224056798626,-0.005534,-0.04040002012672028,-0.11182320303434645,-0.44205,-0.04626801975597539,0.10730150910589346,-0.44582,-0.045428878255993316,-0.15226099485741468,-0.90936,-0.09471915247208634,0.1569671539298737,-0.95563,-0.06454159204075557
6,-0.02102021240781652,0.61487,0.026254993931255754,-0.1613941290156879,0.43359,0.03644040806944254,-0.23511233093376704,0.67868,-0.002881955567110482,0.16744296846599707,0.44911,0.026715705255431897,0.24284448564007596,0.62893,-0.037747979008245475,-0.27038935925277413,0.92434,0.009147591971345403,0.2944710912496749,0.89733,-0.045394005311556705,-0.06171716820237014,-0.000804,-0.015597893257756049,0.05942085989853844,-0.005631,-0.03995939706650071,-0.11173821694830635,-0.44204,-0.04630432905477869,0.10738307209697712,-0.44595,-0.045427013186158466,-0.15227952534382813,-0.90935,-0.09476665637796028,0.15702889698631634,-0.95549,-0.06447936829142205
7,-0.021027124675581415,0.61601,0.02597392415245635,-0.1609623265693646,0.43325,0.03641301012519035,-0.2349273493236007,0.67863,-0.002581512887219181,0.1673741815290769,0.44916,0.02690147219896368,0.23950428740473528,0.63108,-0.03451991817414906,-0.2703856885986562,0.92401,0.00899564617081658,0.29485710758098266,0.89877,-0.04401102577737564,-0.06185631274294137,-0.000873,-0.014763047884750235,0.05933861674017632,-0.005608,-0.04006877742535285,-0.11166647620854293,-0.44212,-0.04607023021612672,0.10731222542431192,-0.44592,-0.045425690699004914,-0.15239998552670916,-0.90938,-0.09498911838446988,0.15675781170623715,-0.95508,-0.06503777832976695
8,-0.021023673350176363,0.61587,0.026148984394524465,-0.1609577858905354,0.43313,0.036669112413809116,-0.2348109569597899,0.67863,-0.002266945219385162,0.16737502572757823,0.44916,0.027079023001070818,0.23974173659076695,0.63108,-0.033691566265807625,-0.270378990230711,0.92397,0.009148809912827766,0.2948763620539625,0.89877,-0.042922837252684136,-0.06186463405045298,-0.000873,-0.014493507988183328,0.059388698922089575,-0.005634,-0.03988264635579484,-0.11165657826241591,-0.44212,-0.046014096174205016,0.1073075867921118,-0.44595,-0.04539440998463788,-0.1524098336042393,-0.90938,-0.09498738190269321,0.15669266959722505,-0.95511,-0.06523445447380445
9,-0.02100568063796679,0.61577,0.02631437261147883,-0.16087909922366525,0.43296,0.03694260356258156,-0.2345554759733137,0.67863,-0.0019697946421534385,0.16738346057730003,0.44916,0.02724203482061214,0.2399886865579734,0.63107,-0.03286692045474887,-0.2703738546963649,0.9239,0.009293110385061865,0.2949733833005044,0.89877,-0.042027076192066144,-0.0618660568952161,-0.000873,-0.014259708981528509,0.059455223003806915,-0.005703,-0.03962630372073062,-0.11165687569017435,-0.44212,-0.04595819526601268,0.10731244894108648,-0.44602,-0.04536683536755354,-0.15242952975929955,-0.90938,-0.09498390893913987,0.1566382438066314,-0.95528,-0.06542794306085356
10,-0.020992607156044875,0.61563,0.02644610371665311,-0.1608383417705104,0.43277,0.037116162860841066,-0.2330356448454602,0.6725,-0.0017006211984270311,0.16738395747944604,0.44916,0.027417616007213257,0.24025823483066355,0.63092,-0.03208687639914064,-0.2698209972116437,0.92035,0.009376372630934549,0.295116940474838,0.89873,-0.04127051070402341,-0.06187344566781028,-0.000878,-0.01403095058050343,0.05951873077247481,-0.005795,-0.03934099728316073,-0.11165474204344544,-0.44213,-0.04588850704927816,0.10731696379370581,-0.44612,-0.04534123036597522,-0.15244458728215968,-0.90938,-0.09501171668995353,0.15654060544600865,-0.95549,-0.06563615149136226
11,-0.020884673684342842,0.61504,0.02677028632828789,-0.16073489910904074,0.43211,0.037242113707555445,-0.23218287648316707,0.67229,-0.0008954708272093936,0.16742491440698845,0.44859,0.027822657400266224,0.24053140567269768,0.63043,-0.031113524617377042,-0.2693120709320494,0.92039,0.009613602565677712,0.2953289889421563,0.89826,-0.04024068720093758,-0.061889938056627014,-0.001553,-0.013738645942991266,0.059578406260040545,-0.00659,-0.038991043234486066,-0.11170254337707784,-0.44278,-0.045814075654672354,0.10730247708397558,-0.44694,-0.045308213169831524,-0.1526913359911556,-0.90998,-0.0952017563558363,0.15635309480798407,-0.95591,-0.06566299847680993
12,-0.02078492091090075,0.61448,0.027186284386204764,-0.1605367959321785,0.43146,0.03732903396593686,-0.2313098910212807,0.67205,-9.083899628604952e-05,0.16747242009668534,0.448,0.028207250964235285,0.2408000358359026,0.62993,-0.030396275124232215,-0.2687581956006492,0.92039,0.009875400421410566,0.29562066444439405,0.89775,-0.03945032880034051,-0.06189332811265746,-0.002249,-0.01352176231631532,0.05964207565569262,-0.0074,-0.03861843860749212,-0.11166327484653812,-0.44345,-0.045764135865833694,0.107288164022423,-0.44776,-0.0452742111659348,-0.15294155766370493,-0.91061,-0.0954114921767793,0.15619478110619456,-0.95639,-0.06569702452309362
13,-0.02066745602333662,0.61396,0.02770273283492888,-0.16023626794052562,0.4308,0.0373633694611725,-0.2304296622045292,0.67176,0.0006972842365654264,0.16753046845662295,0.4474,0.028594047277439735,0.2410744702999544,0.62939,-0.02976128321488171,-0.26797974865839747,0.92037,0.01025905307433897,0.2959371458098282,0.8972,-0.03874964017810313,-0.061898861432371596,-0.002955,-0.013305516201037058,0.059698618263344265,-0.008232,-0.038234423069369035,-0.11161415823846829,-0.44413,-0.04571593255877168,0.10723671607705963,-0.4486,-0.04522046073414225,-0.15321842141842118,-0.91124,-0.09565714734428944,0.15600950206826977,-0.95711,-0.06594156629479259
14,-0.02055648762509136,0.61359,0.028280236960101058,-0.15987218649966956,0.43017,0.037355020543628076,-0.22951698700476392,0.67148,0.0014390692321897477,0.16759767030138004,0.44677,0.028975167877855458,0.24107722462841005,0.62905,-0.029572899527491432,-0.26712502208137606,0.92017,0.010729782804155583,0.2962806646385586,0.89677,-0.03835631612047674,-0.061905431832674336,-0.003677,-0.013129704284945278,0.0597556151172611,-0.009055,-0.03778448489734583,-0.1115805702291947,-0.44483,-0.04564062090208405,0.10718613637258458,-0.44944,-0.045161786263584636,-0.15348079846340712,-0.91187,-0.09593581970794329,0.15584838416942767,-0.95786,-0.06622184655216493
15,-0.020420960922811173,0.61313,0.028881842738804234,-0.15944021040516862,0.42967,0.0373286074071289,-0.22841521429098807,0.67111,0.002043937719696763,0.16766985807469262,0.44611,0.029326977379410167,0.24107722462841005,0.62854,-0.029572899527491432,-0.2662204103925902,0.91985,0.011137898832402515,0.29671695789511426,0.89618,-0.03818548229980854,-0.061911821372083314,-0.004423,-0.013004695590103116,0.059819560302523334,-0.009912,-0.037312417091536355,-0.1115411520928643,-0.44556,-0.045417069542150273,0.10712987614684341,-0.45031,-0.04507773992517806,-0.1537217428715562,-0.91253,-0.09620811695762037,0.1557453627152972,-0.95896,-0.06646058402301702
16,-0.020276568546515182,0.61261,0.029464623007574204,-0.15901210443917327,0.42919,0.03722265797636508,-0.2275306700960048,0.67071,0.002626183859333102,0.16774981014740328,0.44545,0.029665232706152067,0.24117831012637633,0.62796,-0.02957549222896294,-0.26531996804389135,0.91585,0.011119255424194632,0.2971632230087808,0.89554,-0.03807327067686236,-0.06191855820784763,-0.005176,-0.012881656510766976,0.05987017963822469,-0.010785,-0.03682378360634203,-0.11153857141258627,-0.4463,-0.04522967066251299,0.10707917266278758,-0.45119,-0.04496217973867509,-0.15395804864750515,-0.91321,-0.09651169492166446,0.15559379546622684,-0.95988,-0.06668669985397369
17,-0.020123719682349106,0.61203,0.030055051008877613,-0.15858087280597988,0.42878,0.03713443508515549,-0.2266254635517021,0.67026,0.0029224980711953577,0.16783856840857805,0.44477,0.02999584270459922,0.24158299941459654,0.62706,-0.029583893419342963,-0.26429554268016114,0.91587,0.011400640701254926,0.2976185418700729,0.89463,-0.03808247581410162,-0.06192460045090127,-0.005917,-0.012754678200418791,0.05991303707876664,-0.011646,-0.0363388586226691,-0.11155452121872174,-0.44702,-0.04508977568874967,0.10701983663844529,-0.45206,-0.044837989416124366,-0.15420420250098424,-0.91387,-0.09681353640393191,0.15544991860557064,-0.96079,-0.06681161362009946
18,-0.019967164720900328,0.61143,0.03065497979135581,-0.15818248472075255,0.4284,0.03703271029196867,-0.22585592253510833,0.66978,0.003198055005021787,0.16793335448737431,0.44407,0.030303050450703438,0.24178623634198199,0.62601,-0.02975579673910999,-0.263174075595148,0.9162,0.011598912174826073,0.2976487806953739,0.89358,-0.038083746028419574,-0.06192108483146713,-0.006658,-0.012625323492657553,0.059942813824670586,-0.012483,-0.035933876715167824,-0.11157012372850185,-0.44775,-0.04494791109948032,0.10696965409892246,-0.45291,-0.044719474806362375,-0.15444745420403985,-0.91453,-0.0971565066780965,0.1552996666309377,-0.96169,-0.06691509474938834
19,-0.019791030171255986,0.61089,0.0312565332972234,-0.15780843142278558,0.42807,0.03696573917670222,-0.22566392108685143,0.66956,0.0034231337553898566,0.16803486297650266,0.44334,0.030590795175476762,0.2420020997177402,0.62496,-0.029913679616605487,-0.26239183421919754,0.9166,0.011773733311280316,0.29766899779496725,0.89252,-0.03808426456871388,-0.06192214595444273,-0.007408,-0.012493130928501961,0.05997022619435497,-0.01332,-0.03560565032684981,-0.1115850316455713,-0.44848,-0.04480210727919892,0.10690858159280353,-0.45375,-0.04460513256134177,-0.15467100975203524,-0.9152,-0.09750294991581443,0.15515762598925198,-0.96257,-0.06691441939058725
20,-0.019645091170616105,0.61089,0.0315486288433932,-0.1575361582154955,0.42801,0.036897421531895236,-0.2261595004991524,0.67528,0.00343436078097073,0.16804076701454335,0.44329,0.030624278639079183,0.24241991057265633,0.62472,-0.030135603228495393,-0.26154596548306003,0.92019,0.01179111379531076,0.2979409735744989,0.89228,-0.03809668130532852,-0.06192145857444815,-0.007504,-0.012437403668487288,0.05999574285951722,-0.013461,-0.03539183288182018,-0.11161187141830287,-0.44858,-0.044666384670177,0.1069181821111721,-0.45389,-0.04449309761122773,-0.15467619515497827,-0.91527,-0.09770512091174686,0.15514638872630052,-0.96279,-0.06692056137083467
21,-0.01941721543591155,0.61089,0.03165466963522757,-0.15727732982886963,0.42795,0.036868029929750024,-0.2259471341293345,0.67505,0.003429408511757069,0.16805426170380447,0.44324,0.030643223120115772,0.24282266390471233,0.62441,-0.030385334591198992,-0.26069615270743307,0.92013,0.011773274333962129,0.2982391444026483,0.89197,-0.03819088935827877,-0.0619206546275889,-0.007604,-0.01238677409541534,0.0600205102548945,-0.013592,-0.035205299838832554,-0.11163732200561312,-0.44868,-0.04452278359913099,0.10691880279289888,-0.45402,-0.044374402140571964,-0.15468601919012137,-0.91535,-0.0978760111933123,0.15512468270409216,-0.96298,-0.0670436623399612
22,-0.019150280262009652,0.61089,0.03164821882644398,-0.1570143338859798,0.42789,0.03686227371367712,-0.22572457238563118,0.67495,0.0034246893762727576,0.1680644570776899,0.4432,0.030643456253845118,0.24321725577241798,0.62441,-0.030681351918294165,-0.2600692489718648,0.91992,0.011758184392591776,0.298577873209565,0.89197,-0.03834302020776298,-0.06191770741704596,-0.0077,-0.012335507010945717,0.06004377430222447,-0.013712,-0.0350388102472605,-0.11169730275406918,-0.44879,-0.044344661983893946,0.10691751334467132,-0.45414,-0.04426653955519934,-0.1546877316295111,-0.91544,-0.09805848603418449,0.1551034976264168,-0.96325,-0.0671638088858287
23,-0.018901418924017303,0.611,0.03164292406935238,-0.15672988126386606,0.42792,0.0366902658482389,-0.2257542421816252,0.67506,0.0030836604871655876,0.1680644570776899,0.44315,0.030643456253845118,0.2436738124295179,0.62441,-0.03125941421498696,-0.2595296145748562,0.92357,0.011536103962195093,0.29896028387862406,0.89197,-0.03893847136460945,-0.06191672741777035,-0.007803,-0.012301155306454967,0.060076779477174685,-0.013858,-0.03493801015585922,-0.11165277490960256,-0.4489,-0.04420730743876654,0.10694542083267881,-0.45428,-0.044165856030662726,-0.15468423462357075,-0.91553,-0.09821141664246633,0.15512830348961326,-0.96351,-0.0672534786641884
24,-0.01863431010193774,0.61128,0.031637458068321814,-0.15647462557798733,0.42792,0.03652543704363672,-0.2257695989160667,0.67506,0.002708629594161703,0.1680644570776899,0.44311,0.030643456253845118,0.2441898048481539,0.62441,-0.03184592578683374,-0.25936542266123597,0.92446,0.011373116185040777,0.29936251448232415,0.89197,-0.039594281200954616,-0.06190885376422365,-0.007906,-0.012268019139207888,0.06012253247583977,-0.01398,-0.03486281266179756,-0.11165272504100567,-0.44899,-0.04414943691506819,0.1069800507310184,-0.4544,-0.04408463552745702,-0.1546975316222672,-0.91562,-0.098402003079092,0.1551579216331875,-0.96376,-0.06737344434916212
25,-0.018310598566239067,0.61155,0.03158444069705911,-0.15621473125990848,0.42792,0.0363293275246675,-0.22577771229564308,0.67506,0.002317090103085964,0.1680644570776899,0.44306,0.030643456253845118,0.2447460079492018,0.62435,-0.03249232977072051,-0.2595487176582225,0.92548,0.011024651058981226,0.2998552879137496,0.89187,-0.040254886488006666,-0.061886093831755785,-0.008026,-0.012225322705234331,0.06020976396699603,-0.014131,-0.03480000607814064,-0.11164300074305632,-0.44909,-0.0440942876808995,0.10702435505871047,-0.45456,-0.04400613631378099,-0.15470043377269066,-0.91574,-0.09836087428719484,0.1551579216331875,-0.96392,-0.06737344434916212
26,-0.01794149994172446,0.61183,0.031322365888308966,-0.15598698589708504,0.42792,0.036123655334733114,-0.22565403027601608,0.67506,0.0018667715957814274,0.16807170043255504,0.44302,0.030626947655773264,0.24505886317764614,0.6243,-0.03279119697540353,-0.25947901439564,0.92527,0.010498554627530333,0.3003603404971926,0.89177,-0.04090344094829323,-0.06184804083845974,-0.008161,-0.01218227657066674,0.060308696584323765,-0.014307,-0.034734185585673,-0.11165071517385755,-0.44921,-0.04402286298238832,0.10708748730057444,-0.45474,-0.04393603410242336,-0.15471201833199746,-0.9159,-0.09836898588294829,0.1551672487661846,-0.96409,-0.06737813525419782
27,-0.017518817320878864,0.61209,0.031058966188166573,-0.15583814893408332,0.42788,0.03598876071495743,-0.2255916941478795,0.67489,0.0014140694783477403,0.16808844456859492,0.44295,0.03060673296041872,0.24534269511803308,0.62436,-0.03308190031149751,-0.25933035286463885,0.92442,0.009959551149619113,0.30093646327007534,0.89178,-0.04149446256428196,-0.06180668852978803,-0.008348,-0.012120519088791918,0.0604166066340546,-0.014544,-0.03465776293741287,-0.11171154012081495,-0.44938,-0.04402229216925842,0.10714233429850728,-0.45497,-0.043855332139511954,-0.15470102862820756,-0.9159,-0.09824907247081015,0.15516412309898658,-0.96426,-0.06739586179375204
28,-0.016904958216368133,0.6124,0.030704993025611443,-0.15571950092778575,0.42782,0.03591300683319807,-0.22552211466487776,0.67479,0.0009448587628422128,0.16811399489309897,0.4429,0.030578872936769433,0.24563324946875217,0.62433,-0.03339206666892239,-0.25934196503397855,0.92406,0.009317818216442682,0.3015012989114097,0.89169,-0.04214949668421648,-0.06175514084723085,-0.008539,-0.01205852847318774,0.06053917223321593,-0.014778,-0.034578847324875026,-0.11175197432000145,-0.44956,-0.0440212550886698,0.10721739839603338,-0.45521,-0.04377514871689484,-0.15469638999600743,-0.91608,-0.09828035318517718,0.1551739711765167,-0.96441,-0.06739759827552871
29,-0.016243595205983462,0.61265,0.030332489376642843,-0.15566492731522436,0.42774,0.035876982940959735,-0.2254743908098751,0.67466,0.00017893550711506334,0.16813676684676032,0.44285,0.030535255989071954,0.24562523582636955,0.62455,-0.03366786511260139,-0.25936404596257506,0.92316,0.008559126294387154,0.3021116544176798,0.89182,-0.04271913793620388,-0.06168725821477949,-0.008739,-0.011990279310471454,0.060674885225283054,-0.01503,-0.03448295684680661,-0.11178238679348014,-0.44975,-0.044020969682104866,0.1073116875726836,-0.45546,-0.04364352215739174,-0.15469638999600743,-0.91627,-0.09828035318517718,0.15517501306558273,-0.96452,-0.06739168942901064
30,-0.015447172924184443,0.61291,0.02975847147704906,-0.15566735838971169,0.42764,0.03586319563241756,-0.22517108801502536,0.67126,-0.0005772201743661706,0.16816799769253046,0.4428,0.030482024097573706,0.24579900243214856,0.62468,-0.03394931522668214,-0.25942688434432637,0.92241,0.007626875074072108,0.3027437898571421,0.89188,-0.04328043445870848,-0.061615143732035034,-0.008941,-0.011944100295989763,0.06082253007301231,-0.015305,-0.03437698515747873,-0.11181227832242585,-0.44994,-0.04401772985228089,0.10742671479346007,-0.45573,-0.04350945971492391,-0.1547056672604077,-0.91645,-0.09821779175644312,0.1551958009783059,-0.96464,-0.06733138302234754
31,-0.01457942327682934,0.61319,0.029059164284525575,-0.15566544825975737,0.42752,0.0358740285177007,-0.22518212758741216,0.66786,-0.00075500411020267,0.16819766570470163,0.44276,0.030419928936298343,0.24605368730489738,0.62472,-0.03417496897824172,-0.25987183418355536,0.92241,0.007637298152793737,0.303375106924313,0.89186,-0.04378878449627977,-0.06153149936705809,-0.009142,-0.011913154856784569,0.06098112196865067,-0.01557,-0.0342607586087137,-0.1118255494949124,-0.45012,-0.043977819001866106,0.1075413947178812,-0.45599,-0.04337736688796211,-0.15468887325577088,-0.91664,-0.0981801359280993,0.15521403403696094,-0.96464,-0.06722797820828126
32,-0.01367576149562318,0.61338,0.028385003038837786,-0.15566544825975737,0.4274,0.0358740285177007,-0.22518962206908466,0.66448,-0.0014309721810051787,0.16823214599725053,0.44269,0.030327537868408954,0.24631392891933154,0.62473,-0.034369108881704906,-0.2602613956055775,0.92063,0.006752502753578665,0.3039517265993418,0.89186,-0.04420422492566738,-0.06145184891016748,-0.009325,-0.011904859995898654,0.06113560098509933,-0.015822,-0.03414482227499101,-0.11184415389230976,-0.45029,-0.04391056666809632,0.1076725213505838,-0.45624,-0.043209587848162506,-0.1546865659608643,-0.91682,-0.09810946290361178,0.1552324407437936,-0.96464,-0.06712358858646197
33,-0.012609087894875703,0.61345,0.0277024069434282,-0.15566544825975737,0.42729,0.0358740285177007,-0.22522527159792619,0.66114,-0.002093852344453577,0.16826506345620043,0.44261,0.03022628353074246,0.24657092108698692,0.6249,-0.03452408960877697,-0.2608179531382724,0.91916,0.00578444092042929,0.30451182565510515,0.89196,-0.04454059532824907,-0.06134862014851756,-0.009508,-0.011906815185972485,0.061312495041899194,-0.016094,-0.034005421799135,-0.11185308386035465,-0.45045,-0.04384603562385622,0.10781280146810586,-0.45651,-0.04304748452115162,-0.15469063377993453,-0.917,-0.09801735724228733,0.15524402530310039,-0.96474,-0.06711547699070851
34,-0.011455175590255861,0.61351,0.027030829402672908,-0.15572627320671475,0.42719,0.03587459933083059,-0.22525831640410274,0.65769,-0.0027419603916067903,0.16829641808155138,0.44252,0.030116165923298854,0.24669564677950284,0.62506,-0.034565375219180905,-0.2614620774372854,0.91794,0.004665289506445923,0.3049446940328814,0.89209,-0.044734711189325274,-0.0612283023587111,-0.009678,-0.011909752779560629,0.06147496908723662,-0.01634,-0.03389597233777637,-0.1118570278998441,-0.45061,-0.04381081567847714,0.10793807393136468,-0.45675,-0.04285531842125606,-0.15469122863545137,-0.91717,-0.09790555542590265,0.1552799945182644,-0.96483,-0.06708424854917706
35,-0.010221679527013193,0.61355,0.026430514933444622,-0.1558734235565367,0.42713,0.035961471504438035,-0.22556487578102288,0.65432,-0.0035591417352645524,0.16830842384819736,0.44243,0.03001149089491462,0.24675647172646023,0.62521,-0.03456594603231079,-0.26227041947612867,0.91686,0.003478628582576429,0.3052679441095988,0.89217,-0.044801863165485484,-0.06109483477176015,-0.009818,-0.011912978183952422,0.06164045223290738,-0.016579,-0.033763698649920806,-0.11185251304722475,-0.45073,-0.04378521067689882,0.10808477903146042,-0.45698,-0.042656777207383735,-0.15469298915961505,-0.91731,-0.09774277674009069,0.1552799945182644,-0.96495,-0.06708424854917706
36,-0.008978975301876779,0.61355,0.02584786992245757,-0.1560462978790403,0.42711,0.036075218893941746,-0.225867317470276,0.65095,-0.004410558216548392,0.16833045134055116,0.44236,0.02990606419250672,0.24685755722442648,0.62534,-0.03456853873378231,-0.26281755192245554,0.91593,0.002218492841405531,0.30554113542637407,0.89228,-0.04480738624782904,-0.06092602345984935,-0.009928,-0.01196914526480012,0.061825978829993695,-0.01679,-0.033632928310112546,-0.11185251304722475,-0.45082,-0.04378521067689882,0.10823061589066783,-0.45719,-0.04246316003227646,-0.1547011247977555,-0.91741,-0.09755856541744182,0.15529011598116602,-0.96493,-0.066969259175804
37,-0.007891347352944594,0.61353,0.025278353070466723,-0.15626111936573256,0.42709,0.03623901061795533,-0.2261866769437466,0.64758,-0.005242744810230696,0.16834263075537484,0.44229,0.029802373971875493,0.24697868617380828,0.62529,-0.03457263478330113,-0.26348561562759965,0.91513,0.0007908111941644022,0.30583437019456494,0.89219,-0.04481441267821991,-0.06075303497471973,-0.010031,-0.012070727664912354,0.062005189798654936,-0.017008,-0.03349190551510585,-0.11184231767333931,-0.4509,-0.04378497754316946,0.1083781892316519,-0.4574,-0.04225969477963906,-0.15472025013968588,-0.9175,-0.09749426750693108,0.15529160490378113,-0.96491,-0.06684563966638317
38,-0.00683216947470118,0.6135,0.02476056235768811,-0.1565032276587055,0.42706,0.03642081428808808,-0.2264685542370511,0.64428,-0.00609271021630281,0.16836552648861697,0.44221,0.029701871308232652,0.24707808505859474,0.62529,-0.034527205038604396,-0.2641283266988043,0.91444,-0.0004930885211369626,0.306087344411747,0.89219,-0.044819417220269164,-0.06058149035208575,-0.010135,-0.012203533698078637,0.06218753124299156,-0.017241,-0.033367681533213345,-0.11182210057374606,-0.45099,-0.043785496083463764,0.10849599482327102,-0.45763,-0.042109875413123034,-0.1547069290986024,-0.91759,-0.0974763078336475,0.1552859742511119,-0.96488,-0.06676239727483585
39,-0.005899641844360212,0.61347,0.024376800428035545,-0.1567019996020685,0.42703,0.03656045208573505,-0.22674097883395478,0.64424,-0.006601128192973461,0.16839948583663292,0.44214,0.02960652581708423,0.24716989329216071,0.62529,-0.03446723631134184,-0.26472028441735634,0.91442,-0.001834677899242916,0.3062987686296927,0.89219,-0.04471453728860418,-0.060412835858681714,-0.010243,-0.012381524321018808,0.062360895254925115,-0.017467,-0.033254059707113315,-0.11176492223851965,-0.45109,-0.043806747859406914,0.10860169491105039,-0.45786,-0.041971122065619496,-0.1547162063630026,-0.91768,-0.09741374640491345,0.15521760852153094,-0.96459,-0.06668941695544175
40,-0.005037580551403101,0.61347,0.02417503985908038,-0.15687782594359245,0.42701,0.036657457743437566,-0.2270775276931915,0.6441,-0.00712768670382144,0.16839948583663292,0.44206,0.02960652581708423,0.24728127390120616,0.62517,-0.03435385483168726,-0.26530162377086075,0.91428,-0.0028856967173746806,0.30651046623300987,0.89204,-0.04449293150178944,-0.06025229055679243,-0.01035,-0.012565193060986392,0.06252615007534391,-0.017716,-0.03314611599804071,-0.11168097804154557,-0.45119,-0.043848966004728276,0.10869146923508127,-0.45811,-0.041865100507694715,-0.15470635828547252,-0.91778,-0.09741548288669011,0.1552372548079943,-0.96474,-0.06675076044269346
41,-0.004230385490288422,0.61347,0.024030678737887473,-0.15701738564219392,0.42699,0.03672979093447917,-0.22733732584172242,0.64392,-0.007622084238220556,0.16839948583663292,0.442,0.02960652581708423,0.24740805932946713,0.62502,-0.034210695985712955,-0.26586611925113146,0.91412,-0.0038411891834642664,0.3067455564717151,0.89183,-0.04419624719201642,-0.0600878607009654,-0.01046,-0.012772901564694591,0.0626856696974223,-0.017964,-0.03303614559214908,-0.11160983394112194,-0.45128,-0.04390618940007415,0.10877412398382781,-0.45836,-0.04179945606764344,-0.15468666213041227,-0.91787,-0.09741895585024345,0.15525330435132353,-0.96479,-0.06677491436906005
42,-0.0035575382782065254,0.61347,0.023970932363992337,-0.1571486600968643,0.42695,0.03679152437396701,-0.22790993113392366,0.6436,-0.008162868094620808,0.16839948583663292,0.44195,0.02960652581708423,0.24752261547430748,0.62485,-0.0340217174428058,-0.2663107752302479,0.91384,-0.004692915113700041,0.30698156481990563,0.89162,-0.04383676831977998,-0.05993982768482294,-0.010565,-0.01295842575754222,0.06282671351016152,-0.018204,-0.03295033392110145,-0.1115634217929109,-0.45138,-0.04398849925670406,0.10884467322873456,-0.4586,-0.041744877646604645,-0.15466059086137524,-0.91797,-0.09744386145063369,0.15526796470923143,-0.96483,-0.06680694675745075
43,-0.0029978868764080416,0.61316,0.023937238025224638,-0.15724813289263462,0.42644,0.036860850868914,-0.22815906283263296,0.64332,-0.0087119485957299,0.1683804842742833,0.44163,0.029613938011649615,0.24764612741340264,0.62473,-0.03366677265709828,-0.2666454397857402,0.91361,-0.005439138026305329,0.30725483361531064,0.89145,-0.0431507995410022,-0.059814678380729104,-0.011,-0.013129760668418058,0.06293948811310571,-0.018734,-0.032863599332091195,-0.11150009186048228,-0.4518,-0.04409003900093551,0.108935737000993,-0.45913,-0.041746718674052496,-0.15462467151480808,-0.91838,-0.09747050353280062,0.15524539044613472,-0.965,-0.06693497176534233
44,-0.0025377581389767817,0.61284,0.02391499965770556,-0.15735003676289233,0.42593,0.03691639005531881,-0.22819649692802513,0.64303,-0.009039423310024261,0.16836808134268508,0.44131,0.02965877290082947,0.24778191850451525,0.62465,-0.03329977704462527,-0.26677093754959647,0.91336,-0.0060932835080348,0.30754564087666003,0.89131,-0.04236536517917017,-0.059716699316051294,-0.011434,-0.013288181320117455,0.06302359153282527,-0.019229,-0.032801256611654284,-0.11145854186124589,-0.45222,-0.04419992347464975,0.10899638829977273,-0.45962,-0.0417482742949354,-0.15458932298137085,-0.91879,-0.09755797056192493,0.1552435542271643,-0.96518,-0.06706056089026918
45,-0.0021740239944760386,0.61253,0.023904681124655113,-0.1574417452592645,0.42544,0.03697216237545298,-0.22819796180825327,0.64275,-0.00933566958278717,0.16835828313375187,0.441,0.029718379906304503,0.24787414972924338,0.6248,-0.03294947089111787,-0.26682965645985784,0.9131,-0.006656645815593366,0.3078096822762617,0.89143,-0.04155896444795995,-0.059655859943661696,-0.011843,-0.013392328191252596,0.06307618350868714,-0.019691,-0.032750619825866245,-0.1114087066180784,-0.45262,-0.04432040769991778,0.10903699614713688,-0.46008,-0.041748326567771,-0.15452152806491976,-0.91919,-0.09769177582827643,0.15523638478328305,-0.96544,-0.06715880853184104
46,-0.0018423246426046876,0.61223,0.02389696491003097,-0.15753848955278907,0.42493,0.03699937527074979,-0.22820394154110074,0.64279,-0.009657520857128399,0.16834158886630884,0.44068,0.029796465125357417,0.24795132343111137,0.625,-0.032626972488424166,-0.26683876185990335,0.91315,-0.006996223629488811,0.30807818865988584,0.89163,-0.040784829238869766,-0.05960741869439294,-0.012244,-0.013486165525876306,0.06311962440396826,-0.020131,-0.03271157000362369,-0.1113714978232837,-0.45302,-0.04445491236745734,0.1090720472528157,-0.46052,-0.04177989268870298,-0.15446298637048195,-0.91958,-0.09793564642923594,0.15522574237584846,-0.96577,-0.06727675232847316
47,-0.0015745807133661412,0.61193,0.023906618321650915,-0.15762295469429616,0.42442,0.03703863899281211,-0.22815425590372393,0.64268,-0.009951616653491521,0.16833543726910663,0.44037,0.0298767530936457,0.24802780254026874,0.625,-0.032308413316742515,-0.2668428314627964,0.91304,-0.0073072420185469125,0.3083224840358304,0.89163,-0.04003282606780457,-0.05957502698845342,-0.012626,-0.013555848934133422,0.06313902553550876,-0.02054,-0.032676404735318895,-0.11133428902848902,-0.4534,-0.04458941703499689,0.10908497112894694,-0.46093,-0.04182177315462379,-0.1544027081942674,-0.91995,-0.09816966895266531,0.15522598993501,-0.96608,-0.06739052376036386
48,-0.0014141832334446242,0.61164,0.023952462060970767,-0.15769067569976336,0.4239,0.037057688019519884,-0.22811111902850156,0.64251,-0.010225264620770745,0.1683208267797956,0.44006,0.02996665600573476,0.24813231291701432,0.62491,-0.031946056336469617,-0.26684419660583075,0.91293,-0.007487747243913094,0.3085691606176654,0.8915,-0.03932490611189557,-0.059545244813656306,-0.012992,-0.0136057791060173,0.06315315533192888,-0.020931,-0.0326423408416318,-0.11133161039484012,-0.45375,-0.044689401158345424,0.10908596314941606,-0.46132,-0.04187373483180408,-0.15433431842229947,-0.92031,-0.09841527603540147,0.15523062856721012,-0.96625,-0.0674218044747309
49,-0.0012924834709329277,0.61135,0.024009190958409345,-0.15776459817102964,0.42336,0.037099154490817576,-0.22807609374903265,0.64227,-0.010487328028743172,0.16831641166437003,0.43975,0.03005679205155318,0.24821521700874533,0.6248,-0.03159105927792651,-0.26674231856178304,0.9127,-0.00777378371735836,0.3087895424136888,0.89136,-0.0386509358870477,-0.059521371485377256,-0.013361,-0.013654667388835178,0.0631540782498915,-0.021305,-0.032614071631836786,-0.11133877983872137,-0.45411,-0.0447876487999173,0.10907896735371249,-0.46169,-0.04197099766562294,-0.15426419216855486,-0.92066,-0.09865103504060752,0.15522698195547913,-0.96637,-0.06744248543754416
50,-0.0011772753892626909,0.61109,0.024092450179627564,-0.15782936715747647,0.42281,0.037134945249326555,-0.22803278322563264,0.64196,-0.01075999118826939,0.1682834942054201,0.43945,0.030158046389219675,0.24831734617960044,0.62465,-0.031184619082497415,-0.2665848748847047,0.91243,-0.00814780576022224,0.3089649475478735,0.89117,-0.03863515492061251,-0.05950792666471302,-0.013726,-0.01369359343149696,0.06315517481603179,-0.021668,-0.03258481761428876,-0.11133783768684913,-0.45446,-0.04489748100079595,0.10907278993030034,-0.46206,-0.0421212069843751,-0.15418248135550344,-0.92102,-0.09887868245006012,0.15525722078078016,-0.96654,-0.06744375565186211
51,-0.0010892399512471744,0.61083,0.02420588633635643,-0.15790398422145344,0.42224,0.0371724724896122,-0.22800487752144807,0.64165,-0.011062431714115313,0.1682517922837139,0.43915,0.03026619438115725,0.24837718088991165,0.62445,-0.030730104168064487,-0.26646439244325965,0.91215,-0.008501094567437278,0.30916451560496394,0.89087,-0.03825198838946818,-0.059505371810644914,-0.014089,-0.01373669183890014,0.06315528657441909,-0.021997,-0.03255538994856307,-0.11136939178658764,-0.45482,-0.045018845488145796,0.10906100589660599,-0.46242,-0.04236080067492201,-0.1541135207704056,-0.92137,-0.0990634645858389,0.15535386533711093,-0.96708,-0.06758670959455566
52,-0.0010210052139630844,0.61083,0.024241579761910322,-0.1579777330445421,0.42213,0.03721492376866291,-0.22798612530208295,0.64161,-0.01135919652717253,0.16825561254362256,0.43914,0.03028786015172352,0.24844688772013995,0.62414,-0.030449952498750307,-0.26640205631512304,0.91212,-0.008953796684870965,0.3093416091361514,0.89053,-0.03788110581881871,-0.05950183455306249,-0.014107,-0.013762701218146782,0.06315638554479808,-0.021997,-0.03254339860734926,-0.11138663282477354,-0.45483,-0.04517421197939238,0.10899462242414033,-0.46247,-0.04279486776027104,-0.1540648511958849,-0.9214,-0.09913297194167965,0.15537524810535094,-0.96723,-0.06763820500427724
53,-0.0009466333049089632,0.6108,0.024300561277181172,-0.15803937636379095,0.42204,0.03726844106672611,-0.22795717770883236,0.64157,-0.011655728206500383,0.1682511475596001,0.43912,0.030320125673843564,0.24848861315137694,0.62386,-0.03015572811432901,-0.26636142620919484,0.91208,-0.009529599771431169,0.3095825277180906,0.89023,-0.03783930585618209,-0.05950206528255315,-0.014128,-0.013769768520595532,0.06315238682823432,-0.021997,-0.03253152383300012,-0.11138799796780788,-0.45485,-0.04535471720475856,0.10890119970455552,-0.46253,-0.043324694331391606,-0.15406946578569802,-0.92144,-0.0992743179906547,0.15540404787663376,-0.96742,-0.06770522420431767
54,-0.0008802588289823152,0.61077,0.024383292341150296,-0.1581172428745467,0.42196,0.03734512748340289,-0.22796345486943828,0.64153,-0.011921678572649273,0.16825826713488445,0.43909,0.030360502791717075,0.24852535265405845,0.62385,-0.02983219263104671,-0.26636574515507244,0.91204,-0.01012997077898109,0.3097961096251521,0.89019,-0.03783736447112467,-0.059501487256707154,-0.014149,-0.013760731602640753,0.06311982628259453,-0.021997,-0.03249735058516444,-0.11138628731224112,-0.45487,-0.0455753664142689,0.10880073132067025,-0.46258,-0.044009654260029396,-0.15407234389373448,-0.92148,-0.0994058159620996,0.15542247862585343,-0.96754,-0.06777346134584046
55,-0.0008078685566277125,0.61077,0.02452893453444752,-0.1582199651170958,0.42191,0.03745361315474101,-0.22794031157703462,0.64153,-0.012135952668182813,0.1682690333218998,0.43906,0.030421560872403827,0.2485963248901273,0.62387,-0.029487276783763082,-0.2663855686573593,0.91205,-0.010875860200247459,0.30996925733302716,0.89016,-0.03783438600547865,-0.05951052417466193,-0.01417,-0.013760153576794767,0.06308251534636736,-0.021998,-0.03246132428868741,-0.11139134893560337,-0.45488,-0.04583442312614669,0.1086219493924801,-0.46263,-0.04473563843489316,-0.15409144519327783,-0.92152,-0.09951414481493095,0.1554424722086721,-0.96765,-0.06783283521758614
56,-0.0007387848123648786,0.6108,0.024707653409440138,-0.15832209250412801,0.42194,0.03745029700969445,-0.22792666906580572,0.64157,-0.012346520666433672,0.1682890767733154,0.43906,0.03042005752435651,0.24867394384172153,0.62388,-0.029450191768549155,-0.2663226136313188,0.91208,-0.011612990897407902,0.31015168230530255,0.89017,-0.0378939689685667,-0.059519561092616705,-0.01417,-0.01375957555094878,0.0630392907551447,-0.021995,-0.03238973075047596,-0.11142513641926455,-0.45488,-0.046141216877627796,0.10844768231690931,-0.46263,-0.0454360176081786,-0.15414242206270512,-0.92151,-0.09951531048357773,0.15544229856049444,-0.96765,-0.06783382002533915
57,-0.0006588729912963076,0.61083,0.02491898750714684,-0.1584416586199108,0.42195,0.03746325632899038,-0.2279095535910235,0.64161,-0.012537392509624275,0.1682994457953785,0.43906,0.030421275465838882,0.24873256123096615,0.62407,-0.02940569455876984,-0.26627124316458506,0.91212,-0.012358233190321817,0.3103060760099896,0.89035,-0.03799734974024599,-0.05953439509870227,-0.01417,-0.013728527970311096,0.06298957448308058,-0.021992,-0.03229160688848486,-0.11145158081086681,-0.45488,-0.046348778179784014,0.10827224957269171,-0.46263,-0.04608541991203676,-0.1541933989321324,-0.92151,-0.0995164761522245,0.155436270742873,-0.96761,-0.0678104177729962
58,-0.0005708093228321848,0.61087,0.025245658274581945,-0.15855688353125194,0.42195,0.03750083584211162,-0.22789174352353062,0.64161,-0.012724325121802826,0.16831948924679407,0.43906,0.030419772117791566,0.24879338617792357,0.62427,-0.029406265371899734,-0.26621506041747367,0.91212,-0.013133771389849724,0.310567754894619,0.89055,-0.03852886470836925,-0.05956713890947453,-0.01417,-0.01362628882489159,0.06291709106583251,-0.021983,-0.032184391431464704,-0.11149739810356096,-0.45488,-0.04637827013953878,0.10810324181104784,-0.46263,-0.04669838432903348,-0.15422237235159286,-0.92151,-0.09945044175993709,0.155444605855401,-0.96755,-0.06776314700085162
59,-0.0004224464604210597,0.6117,0.025603329158296537,-0.15868225394788163,0.42276,0.03759605274520186,-0.22781236583159564,0.64242,-0.013253142842783401,0.16838959145815172,0.43977,0.0303566398759276,0.24891468877548306,0.62523,-0.02940937661366555,-0.26618968909261603,0.91297,-0.014371988372399627,0.3108190148885885,0.89148,-0.03911946814167324,-0.05961437183421572,-0.013402,-0.01347376980699417,0.06283313244342623,-0.021152,-0.0320385972281381,-0.1115780928537563,-0.45412,-0.04637521117060857,0.10787971030543943,-0.46187,-0.047217454330093486,-0.15426121789097047,-0.92078,-0.09921004412253093,0.15536639204828992,-0.96698,-0.06768843019968086
60,-0.00026835320814692573,0.61258,0.02599349869786053,-0.1587941296752502,0.42357,0.0377102141293287,-0.22773658488279483,0.64323,-0.013744771002878853,0.16846351392941802,0.44048,0.030315173404629903,0.24899439150520922,0.62609,-0.02936047390541547,-0.2661591083224284,0.9138,-0.015580661122359153,0.31111083286132524,0.89231,-0.0397679943715112,-0.05971119965567895,-0.012627,-0.013262749966716801,0.06269776612729866,-0.020315,-0.03171213136398375,-0.11165913490030693,-0.45335,-0.04637412181718438,0.10766664755908795,-0.4611,-0.047619565342274406,-0.15432670551251496,-0.92005,-0.09900556583169191,0.15529090674342463,-0.96637,-0.06765582699816028
61,-0.00011670064731492472,0.6135,0.026438931634219186,-0.15892031846417135,0.42446,0.03785837751735226,-0.227665492434791,0.64405,-0.014262988972305643,0.1685497155527018,0.44116,0.030285757760097703,0.2490443763541674,0.62776,-0.02930734655958841,-0.2660868039048268,0.91463,-0.01689823353827992,0.3111912764847132,0.89397,-0.04046353000931577,-0.0598319747164051,-0.011836,-0.012888085603977839,0.06256187405816069,-0.019469,-0.031354094570420016,-0.11179063287175187,-0.45257,-0.046371243709147913,0.10750962330552598,-0.46031,-0.04776145397393074,-0.1543800377616228,-0.9193,-0.09873215099814203,0.1552359858345079,-0.96574,-0.06762177272142797
62,3.0907690653529316e-06,0.61447,0.026887951696757163,-0.1590262901534992,0.42535,0.03800602236508151,-0.2275738355908386,0.64488,-0.014779755866520715,0.16862004128083397,0.44183,0.030281480849685124,0.24913075162562884,0.6296,-0.029335777396367592,-0.2659456128131112,0.91548,-0.018285831850335735,0.31118514714607504,0.89581,-0.040958992854752095,-0.05996249811746759,-0.011082,-0.012395943712065477,0.062418436397921745,-0.018618,-0.030889122917923666,-0.111922552050536,-0.45183,-0.04625557897697377,0.10736827725655095,-0.45953,-0.047756839384117615,-0.15497962886470043,-0.92439,-0.09850457571585042,0.15519299678125328,-0.96511,-0.06757763723343618
63,6.540882669949129e-05,0.61544,0.02739686176709642,-0.1591096136687465,0.42626,0.03816693598105863,-0.22747672174239464,0.64587,-0.01538074996003612,0.1686853810804107,0.44249,0.030306515038133548,0.24920015924427583,0.63148,-0.029402848869243606,-0.2657689992769744,0.91652,-0.019875653431159594,0.3111694671576652,0.89772,-0.041508620126604084,-0.06009118770379832,-0.010317,-0.01176095001889205,0.06229398347036151,-0.017748,-0.030310724725653253,-0.11204025612113845,-0.45107,-0.045886533245710515,0.10724680101081378,-0.45869,-0.04775471295010482,-0.1555908045270849,-0.92946,-0.09828511202931225,0.15512155525307122,-0.96447,-0.06746451292989795
64,7.651688117699465e-05,0.61642,0.02791480154267436,-0.15917393562164425,0.42694,0.03832043740247036,-0.2273860328765244,0.64695,-0.016018181940412962,0.16876595205102524,0.44245,0.03036034178514868,0.24925954513721496,0.63326,-0.029469168668095957,-0.26550276102259746,0.91763,-0.021533065025153765,0.3111535636524808,0.89955,-0.04211710272990747,-0.06024242813125455,-0.009655,-0.01100622137023556,0.06215978220246492,-0.016996,-0.029614849004209434,-0.11216249908674722,-0.45042,-0.04537046575268354,0.10715573723855536,-0.45796,-0.04775287192265697,-0.15569164068206665,-0.92876,-0.0979931667093489,0.15507630877350695,-0.96382,-0.06743317994269532
65,8.756545010281131e-05,0.61739,0.028443921499890765,-0.15923669474094299,0.42768,0.0384828020936592,-0.22729482306612112,0.64804,-0.016652659497530788,0.16883980061130766,0.44242,0.030433631553494704,0.24926135552997553,0.63492,-0.02957407683020956,-0.2651755740416823,0.91878,-0.02324793314822319,0.31087861002771894,0.90129,-0.04235192501213448,-0.06041275124476033,-0.009013,-0.010077536258367336,0.06203645887997098,-0.01627,-0.02882848753635318,-0.11229444052409543,-0.44977,-0.04467905020678476,0.10709513580837252,-0.45725,-0.04769344577807569,-0.155731651890091,-0.92809,-0.09770179220251546,0.1550681731353665,-0.963,-0.06724896862004645
66,0.000101903717449503,0.6184,0.029060803509751237,-0.15929737008210973,0.42843,0.038656984477884196,-0.22717667374579242,0.64915,-0.017307118616273813,0.16891451741247843,0.44237,0.030511845360605784,0.24929786973205956,0.63652,-0.029712520728761162,-0.26473790051881996,0.91994,-0.02508484111744355,0.3106866067956391,0.90295,-0.04298012781288508,-0.06058257024340401,-0.008401,-0.009025057988900619,0.06192291212826197,-0.015575,-0.027946368986964076,-0.11242923424327018,-0.44917,-0.04388863534529047,0.1070565137857695,-0.45656,-0.04739419280921815,-0.15629127986991828,-0.93312,-0.0974203379003731,0.15507058016746686,-0.96218,-0.0670625545481622
67,8.502316021954601e-05,0.61942,0.029644604029438918,-0.1596244128087029,0.42913,0.03933609202090112,-0.22706854615117159,0.65027,-0.01796082606099316,0.16900211000500642,0.44193,0.03089343222848022,0.2493200210039941,0.63809,-0.029874833147114407,-0.26423193517736054,0.92113,-0.026879973166414273,0.3104589317761537,0.90457,-0.043695459963359475,-0.06076794188323091,-0.007866,-0.007772844606466184,0.061806841157172145,-0.014923,-0.02682518009579976,-0.11254405842201326,-0.44864,-0.04298496759219979,0.10704393898981651,-0.45592,-0.04694721867740878,-0.15633359837284921,-0.93252,-0.09719963641802719,0.15504865241230686,-0.96133,-0.06684138679835758
68,4.0972363573570786e-05,0.61967,0.03024131880830304,-0.16004266712952234,0.42913,0.04024655307065332,-0.22702684832996747,0.65062,-0.018300223013994844,0.16902498347968448,0.44122,0.031368680378562,0.2493400644554097,0.6387,-0.029876336495161727,-0.26375099743204916,0.92153,-0.028241166718094124,0.3102343842076892,0.90524,-0.04398994152389711,-0.06095899404432392,-0.007866,-0.006495259356182786,0.061701348299487806,-0.014923,-0.02554034187369645,-0.11264737195243342,-0.44864,-0.041958432003711923,0.10705597236649533,-0.45592,-0.04641827236837004,-0.15580820134258638,-0.92688,-0.09709934703378834,0.1550311397725724,-0.96118,-0.06671035509437134
69,-2.3999742331111754e-05,0.61988,0.03090366360178624,-0.16049001864938298,0.42913,0.0412799342286383,-0.22698190106198457,0.65101,-0.018678779143387662,0.16903225444458245,0.44033,0.03198579311791312,0.24939034673212632,0.63922,-0.029879110057527004,-0.2632659419990707,0.92197,-0.02963659540740006,0.3100257125343763,0.90582,-0.044309561818554354,-0.06109428350223757,-0.007866,-0.005056914904190345,0.061674858770341616,-0.014923,-0.0241760148216867,-0.11271657652904699,-0.44864,-0.04085363033527738,0.1070642353518624,-0.45592,-0.0458531213061992,-0.1559350847242182,-0.92684,-0.09695512287677682,0.15502347521036805,-0.96111,-0.0665810598721618
70,-7.801999184928361e-05,0.62006,0.03154173790203818,-0.16097800205899476,0.42913,0.042485994422800946,-0.2269397820334412,0.65152,-0.019130962720527042,0.1690535909118714,0.43934,0.03268267528525824,0.24951750349912954,0.63922,-0.029906608359388756,-0.2628115465987325,0.92256,-0.030917967258250356,0.3098976857426618,0.90582,-0.04469011160584019,-0.06120832358844676,-0.007866,-0.003544129440637301,0.06167430951793559,-0.014923,-0.022727919625119226,-0.11273676423478446,-0.44864,-0.03981636640717757,0.10708435628190768,-0.45592,-0.04516313279312517,-0.1560538565100965,-0.92681,-0.09682248327907211,0.15502635331840453,-0.96103,-0.06644956190071688
71,-0.00020034408115803069,0.62021,0.03222434966371152,-0.16151433178915894,0.42888,0.043936158351652446,-0.22690525365611833,0.65206,-0.019568607315100593,0.1690663206650838,0.43754,0.03361868487569156,0.24957542629566354,0.63922,-0.0298660503806215,-0.2623743664103703,0.92316,-0.03212420831330677,0.3096493483738569,0.90582,-0.045119511828540494,-0.06130557688273524,-0.008165,-0.0019419001197378116,0.06170948192153204,-0.01516,-0.0211348245551296,-0.11279587317470637,-0.44892,-0.03882707265241041,0.10716001880259647,-0.45615,-0.044388503086127684,-0.15672816441434492,-0.93251,-0.09667312180389157,0.1551041459181764,-0.96097,-0.06641149207774995
72,-0.0003064401704824726,0.62034,0.03284926695410287,-0.16206909226854282,0.42888,0.04545455942202674,-0.2268912398061471,0.65244,-0.0199498324611875,0.16907493273062912,0.43594,0.03458892960375094,0.2497371630924095,0.63937,-0.029870198702975918,-0.26194120417248146,0.92358,-0.033180473183340366,0.30940912260080544,0.906,-0.0455604966105476,-0.06136281718517646,-0.008215,-0.00022792125528923492,0.06174591732673037,-0.015293,-0.019459702630836316,-0.11280561794739687,-0.44894,-0.037903347022471945,0.10728966008032981,-0.45628,-0.04353809545498385,-0.15740363798724014,-0.93789,-0.09647278345928376,0.15517469516308316,-0.96089,-0.06635691365671116
73,-0.0004264900038106565,0.62049,0.033423842482225914,-0.16261174724408686,0.42888,0.04698402651141352,-0.2268803516233739,0.65277,-0.020348784146828627,0.1690705710514463,0.43432,0.035543184274032795,0.2497371630924095,0.63924,-0.029870198702975918,-0.2615208918997399,0.92394,-0.03430961382709688,0.30940381163445874,0.90592,-0.046108905940917225,-0.06137367178603231,-0.008268,0.001593637192205729,0.06178252638010636,-0.015458,-0.01778359589879002,-0.11285068721113764,-0.44895,-0.03706478112675124,0.1074618692039785,-0.45644,-0.042619036687694095,-0.15744538567704117,-0.93788,-0.09619125702998042,0.1552320231041002,-0.96085,-0.06620455386155921
74,-0.0005552793273351769,0.62064,0.0339430951280026,-0.16312624717246188,0.42889,0.0485004056934462,-0.2268543320067567,0.65308,-0.020834684321299778,0.16905995803786744,0.43271,0.0364619858652062,0.24974735846629492,0.63905,-0.029869965569246554,-0.26125365984107096,0.92428,-0.035615863047888816,0.3093809123335708,0.90577,-0.046814651378039446,-0.061333378273521914,-0.008268,0.0034346087924346878,0.06183632419883267,-0.01562,-0.015992730522861306,-0.11289511175076462,-0.44895,-0.03628014652371686,0.10766739295152936,-0.4566,-0.04174139211886646,-0.15749060633039552,-0.93784,-0.09592942675573733,0.1552929976568483,-0.96085,-0.06603151310359401
75,-0.0006297636151923591,0.62113,0.0342750726737228,-0.16361073179231045,0.42896,0.04995665932970954,-0.2268438169465487,0.65372,-0.021466102909487382,0.1690394470781616,0.4311,0.037324653414457905,0.2500074763011483,0.63887,-0.03000721975676439,-0.2610789065662917,0.92487,-0.03715864699029746,0.30935967381965274,0.90558,-0.047798916548370374,-0.061289807083784134,-0.008268,0.005449655826978753,0.061951655362243487,-0.0158,-0.013881686060338952,-0.11294945827890564,-0.44895,-0.03537901919926208,0.10790928307919646,-0.45677,-0.04077267896930299,-0.1575184621659832,-0.93783,-0.09556911570619304,0.15538388778092907,-0.96074,-0.06603433893879487
76,-0.0006667867406158975,0.62163,0.034324248767344336,-0.16375646534667823,0.42904,0.050685031302764055,-0.22682759732268762,0.65437,-0.022295520128866014,0.16900829192719824,0.4306,0.03766625311669497,0.2504862358826026,0.63865,-0.030286599897729548,-0.2609328809356342,0.92526,-0.039152292022691895,0.3094125296413556,0.90536,-0.0492267874326285,-0.06124738473302224,-0.008268,0.007394840996610643,0.06211709996267062,-0.015897,-0.011808925320603295,-0.11301000627284574,-0.44895,-0.034455474430217375,0.10817694704814217,-0.45686,-0.03977297051193743,-0.157550980676158,-0.9378,-0.09500489717893965,0.15538259833270154,-0.96063,-0.06592647635342225
77,-0.0007142882422511397,0.62216,0.03432551657742359,-0.16377253893239446,0.42914,0.050881811992472735,-0.22682194619527724,0.65496,-0.0233576373845205,0.16900985476079725,0.43037,0.03767511638647207,0.25110445542546467,0.6384,-0.03075405427713304,-0.2607559494969979,0.92544,-0.04177688937581524,0.3096392758484184,0.90508,-0.05099299414691273,-0.061147299166081436,-0.008279,0.00958066895857154,0.062359062140074265,-0.015974,-0.009693808230533318,-0.11306343469150153,-0.44887,-0.033491552543299184,0.10845770854139677,-0.45694,-0.03881415771273966,-0.15693064796130823,-0.93187,-0.09442378847750146,0.155389123052469,-0.96061,-0.06577429741916406
78,-0.0007578505128743342,0.62279,0.03432608979479219,-0.16377253893239446,0.42927,0.050881811992472735,-0.22681242672318422,0.65551,-0.024743342396292882,0.16904009358609828,0.43037,0.037673846172154114,0.2518114056194686,0.63796,-0.031524519995512354,-0.2606300225378216,0.92544,-0.04503627373500834,0.31008592742409957,0.90463,-0.05323968668705735,-0.06098009225766772,-0.008266,0.011893775062877768,0.0626777630069903,-0.015974,-0.007460216782343435,-0.11312658740810663,-0.44873,-0.03258277989054966,0.10878585016094454,-0.45694,-0.037816989684010024,-0.15632423114305882,-0.92588,-0.0937488376329622,0.15538949617503423,-0.96042,-0.06554183051661758
79,-0.0008073216300156002,0.62353,0.034327704901226774,-0.16377253893239446,0.4293,0.050881811992472735,-0.2268014459385089,0.65615,-0.026639049236067386,0.16904009358609828,0.43037,0.037673846172154114,0.2525792787138008,0.63745,-0.03258293953000736,-0.2605079933171838,0.92544,-0.04900881572588906,0.3107186487999642,0.90406,-0.055928405277859285,-0.06070782277287234,-0.008241,0.014347777778371224,0.06308865965546975,-0.016046,-0.0050377657623497715,-0.11318249676984664,-0.44851,-0.031690515835872,0.1091109898928751,-0.45698,-0.03689443391077995,-0.15638341577778753,-0.9256,-0.09304791168893385,0.15538627255446535,-0.95946,-0.065272174053186
80,-0.0008041647077145116,0.62436,0.03412101664843629,-0.16377253893239446,0.42928,0.050881811992472735,-0.22679270032157917,0.65615,-0.029123309390355692,0.1690300718603905,0.43037,0.03767459784617777,0.25338614516947844,0.63691,-0.03411126918119598,-0.2604583014756491,0.92544,-0.053506778789419576,0.3115174704355806,0.90341,-0.059172402810914945,-0.060354944470059006,-0.008312,0.016999791146249218,0.0636050160452831,-0.016115,-0.0024145779919644873,-0.11319363072795849,-0.44833,-0.03077466866795763,0.10943903177522908,-0.45701,-0.03601300692944703,-0.15643912744896288,-0.92535,-0.09232728958984525,0.15535697766485945,-0.95859,-0.06497761198936416
81,-0.0007956072418190728,0.62486,0.03340363197493298,-0.1636118458085374,0.42914,0.05046863077321772,-0.22677336573345758,0.65615,-0.03235374437247532,0.16894848125927403,0.43087,0.03703911143891994,0.2541729904323045,0.63619,-0.03621384629806188,-0.2604242157115404,0.9252,-0.05866912536444581,0.31224521831411134,0.90256,-0.0632801812890335,-0.05996929893450223,-0.008462,0.019797325332082366,0.0641709811368349,-0.016232,0.00046691962475234154,-0.11327635582004306,-0.44817,-0.02991930876760013,0.10976707365758306,-0.45707,-0.03513157994811412,-0.15583387629936024,-0.91957,-0.0916013618758787,0.155349362971252,-0.95781,-0.06479044624345626
82,-0.0008192455751214172,0.62486,0.03218116470371518,-0.16307633445066466,0.42905,0.04907141332929951,-0.22678283270044175,0.65611,-0.035920284204937036,0.16887693464242942,0.43178,0.035827122543913854,0.25500624605951866,0.63549,-0.038801857321940234,-0.26037596649166983,0.9246,-0.06403908551446388,0.3125624209511551,0.90172,-0.06775829556705862,-0.05949737608085489,-0.008545,0.02285381168412213,0.06489296822410898,-0.016394,0.004031704982359373,-0.11329188263501638,-0.44808,-0.02948907636759197,0.11010449254153107,-0.45723,-0.034196973348118546,-0.15643463307108468,-0.92446,-0.09132280972415979,0.1553966193179644,-0.95699,-0.06469520529797901
83,-0.0008786758303398765,0.62486,0.030070417668951265,-0.16234200306465496,0.42899,0.047189304561050166,-0.22688607146718892,0.65608,-0.04042174427440789,0.1687955141218448,0.4317,0.03438637284364398,0.2557893636643382,0.63455,-0.04242285536350581,-0.26030851980270797,0.9236,-0.06999122386501891,0.3125522264299588,0.90067,-0.07317176811910298,-0.05892006018414142,-0.008614,0.026174002997194606,0.06565915509340393,-0.016523,0.007593773858914122,-0.11333695546640299,-0.44812,-0.029456758572636323,0.11050737500463659,-0.45736,-0.0332942182756199,-0.157030751210609,-0.92925,-0.09107553828680791,0.15548785673840052,-0.95621,-0.06469606151767388
84,-0.0009091368541594763,0.62486,0.027507774867851616,-0.16145057529792234,0.42896,0.04493120413443091,-0.2269921402571986,0.65573,-0.04539995584200782,0.16872495774164636,0.4317,0.03271929822107507,0.2565074869821134,0.63335,-0.04647004202839632,-0.26024333232387864,0.92213,-0.07635928876674564,0.31243132006621765,0.89942,-0.0789251802068303,-0.058278582177691496,-0.008662,0.029656518749813822,0.06648963987320962,-0.016627,0.01117496807739922,-0.11343804096436923,-0.44814,-0.029454165871164815,0.110926504701636,-0.45745,-0.032587259085076925,-0.157030751210609,-0.92886,-0.09107553828680791,0.15557787862159295,-0.95545,-0.06470381139163979
85,-0.0009686013117110705,0.62433,0.024394807797950602,-0.16009058867508966,0.42786,0.04118411828196955,-0.22714784838363405,0.65495,-0.050832449190311345,0.16861381755647076,0.43165,0.030879649107999663,0.2570947294425246,0.63163,-0.05120190321535966,-0.26024534490598356,0.92031,-0.08270535021850557,0.31230016845999425,0.89774,-0.08473669595198534,-0.05744233637333549,-0.008909,0.03346618355852036,0.06746395342889752,-0.016809,0.015226329588694257,-0.11351908301091986,-0.44815,-0.02945307651774062,0.11146056009839515,-0.45754,-0.032265102549845374,-0.15700120697801867,-0.92876,-0.09108074773213792,0.15567057913843427,-0.95469,-0.06481154538895426
86,-0.0010157763798746265,0.62317,0.02080445412276152,-0.1585373886344022,0.42606,0.03686275673338229,-0.2273021192398742,0.65368,-0.05660231760327494,0.16806657467001257,0.4306,0.027085028017136848,0.2575159161603123,0.62956,-0.05652998708751851,-0.2602856322143361,0.91807,-0.08875018908590193,0.31216651008447666,0.89579,-0.09085036681642136,-0.05656627286345817,-0.009746,0.03754197719003084,0.06850068718365201,-0.017653,0.019885079541391074,-0.11358975603540739,-0.44842,-0.029450769222834065,0.11222379991199603,-0.4582,-0.032082869218825756,-0.15688940516163397,-0.92876,-0.09108015287662104,0.15577022558238227,-0.95394,-0.06487988707614822
87,-0.001190627918742873,0.62116,0.01639787087274168,-0.15690468712219902,0.42302,0.0319556917478691,-0.22749365054332885,0.65118,-0.06269867592277986,0.16751588107856508,0.42838,0.022694959957489175,0.25787238197642703,0.62696,-0.06216753372785255,-0.26029002421850855,0.91511,-0.09464904327212313,0.31180207863230847,0.89339,-0.09706347503346303,-0.05562493865651058,-0.0116,0.04172303589696505,0.0695528732219802,-0.019364,0.02464874006044019,-0.11368655198135176,-0.44957,-0.02988455090161814,0.11314428571211052,-0.45963,-0.03210301597508096,-0.15675964367196568,-0.92876,-0.09109287906218763,0.15581886933069306,-0.95335,-0.06517989171902942
88,-0.0013960385122260175,0.61827,0.011380312055140746,-0.1551024604714648,0.4189,0.026858297501846606,-0.22769845301927003,0.64785,-0.06875512339187001,0.1667941716421485,0.42545,0.017968477598547455,0.2579644608804078,0.62384,-0.06821032666452032,-0.2602655149303814,0.91195,-0.1000960515606055,0.3108811671260751,0.89055,-0.10355315322253272,-0.05473515453635887,-0.01417,0.045859366664629295,0.07057946387568484,-0.021538,0.02934786472677181,-0.11391363214532028,-0.45131,-0.030711684868477217,0.11429752862981381,-0.46144,-0.0321276487330911,-0.15708922077788584,-0.93381,-0.09134954797587466,0.15590209310874656,-0.95315,-0.06545654638240327
89,-0.00158212126473676,0.61453,0.00609228801877158,-0.15336904658386064,0.41401,0.02171617291231544,-0.22797454741760265,0.64409,-0.07452483498632681,0.1659514810783179,0.42139,0.013016578809837132,0.25798685878037003,0.62014,-0.0743027739834618,-0.26005210760263137,0.90517,-0.10591145845199859,0.3095792083099941,0.88725,-0.10966999907977232,-0.0538760682962508,-0.01752,0.049965570365379776,0.07144960589743482,-0.024266,0.03393140035573608,-0.11428136554937611,-0.4537,-0.03193338906489364,0.11561250834426308,-0.46373,-0.03215642981345568,-0.15736025618936822,-0.93898,-0.0918500874905212,0.15598506932763856,-0.95295,-0.06561942961388642
90,-0.0017509197027650047,0.60984,0.0006489022996332408,-0.15205793436140497,0.40833,0.016597740169753773,-0.22833178181585673,0.63959,-0.08000607422437364,0.16498999290239902,0.41645,0.007966822331791072,0.25785664932601876,0.61615,-0.08022412192949549,-0.25979476550210867,0.89845,-0.11107458493149709,0.3078335169757506,0.88373,-0.11536640415363664,-0.052980924504562626,-0.021388,0.05388467021001274,0.0721309388363937,-0.027435,0.03824461556324539,-0.11479982378782393,-0.45652,-0.03360678234054214,0.117134768762781,-0.46639,-0.03227659311156963,-0.1576075276267201,-0.94408,-0.09244620563004553,0.1561405547899885,-0.95275,-0.06565903101534927
91,-0.0022381270862684415,0.6042,-0.004964779465969413,-0.15105620262001734,0.40285,0.01220099483731791,-0.22882341633597925,0.6344,-0.08544330656248683,0.16393188599635927,0.41143,0.0032905170834789943,0.2577245537841002,0.61113,-0.08632892952415441,-0.2595357109621963,0.89164,-0.1160552365701234,0.30544601398886945,0.87925,-0.1209019154658492,-0.05215772573550285,-0.025237,0.0573727144738687,0.07261859395128646,-0.030675,0.04189133703450131,-0.11535271423404668,-0.45936,-0.03553303807498541,0.11880680829617286,-0.46906,-0.032641483230337914,-0.15785824798523831,-0.94924,-0.09323464668797217,0.15652346236119358,-0.95282,-0.06607890098559463
92,-0.002723697725188995,0.59797,-0.010684354201438675,-0.15023964839553783,0.39738,0.008078572830962347,-0.2294101307950106,0.62881,-0.09032559763774684,0.16280727362209602,0.40626,-0.0013598454838542155,0.2576113137663864,0.60589,-0.09180851278370875,-0.2592106941571574,0.88516,-0.12048903449926299,0.3026676414408204,0.87455,-0.12583236067741455,-0.05155008508131098,-0.029379,0.06049056595130846,0.07293676239546734,-0.034544,0.045452184944919205,-0.11603779902824794,-0.46242,-0.037863478982786816,0.12055418352863935,-0.47228,-0.0332125881217219,-0.15808808247766254,-0.95444,-0.09425016434222153,0.15694849074476488,-0.95287,-0.06654783048259683
93,-0.0033127260714272038,0.59061,-0.016005916998900326,-0.1495732241499334,0.38999,0.003392659928990037,-0.23006466421287994,0.62278,-0.09490145668331329,0.16138225168429188,0.39694,-0.007310801413516022,0.25745781319766375,0.59921,-0.09728607415492149,-0.2586407132096733,0.87849,-0.12439738731336576,0.29956656558679695,0.86841,-0.1304622022025202,-0.05118510127465786,-0.034486,0.06315364533819895,0.0730073788042088,-0.039255,0.04835197688966568,-0.11698709708640566,-0.46637,-0.040598181379168916,0.12241665810904324,-0.47624,-0.03416751086066428,-0.15828951436375618,-0.9596,-0.09539254133571569,0.15737600007142047,-0.95291,-0.06694510214735849
94,-0.004038250338859281,0.58319,-0.021208977207793467,-0.1494738413195532,0.38257,-0.0001900267797560161,-0.23071631952271288,0.61597,-0.09934581775743478,0.1599150091969277,0.38714,-0.013328438863817705,0.25715989256518784,0.59262,-0.1023157529017944,-0.2577590907871656,0.872,-0.1282083769360401,0.2965938620370204,0.86227,-0.13511264837521653,-0.05114538819223216,-0.040411,0.06500284269680734,0.07305106415657256,-0.044913,0.05037918891360122,-0.11816166134812552,-0.47109,-0.043458677803758616,0.12442491611241185,-0.48106,-0.03579293504896283,-0.15830851949375158,-0.95979,-0.09619137724191536,0.15781712786691793,-0.95298,-0.06738031504702893
95,-0.005069429135751369,0.57535,-0.026239337362776432,-0.14954376011092954,0.37503,-0.003523528896541374,-0.2313228263063524,0.60875,-0.10353412881577313,0.15885737515064702,0.37847,-0.017656536162186574,0.25676994196619424,0.58578,-0.10706113165699872,-0.2567564373686469,0.86546,-0.13173607960524747,0.2937440497446122,0.85582,-0.1395268452328611,-0.05112495362517332,-0.046809,0.0659364782940663,0.07307264996684598,-0.051021,0.051365423699438154,-0.11965369721192573,-0.47625,-0.046564777123022885,0.12646040926964133,-0.48631,-0.03789736575746144,-0.15832866625000677,-0.95995,-0.09711186304202984,0.15819237087591864,-0.95303,-0.06767088979506473
96,-0.00625081127951108,0.56608,-0.030474534669916405,-0.14960645958982768,0.36743,-0.006700912848056514,-0.23194500951075595,0.60151,-0.10746581904519842,0.157728896215524,0.36999,-0.021580186923019357,0.2557150105959494,0.5765,-0.11166183984205821,-0.2555829177109498,0.85893,-0.13510097954625588,0.291234381270752,0.84687,-0.1438547971909253,-0.05112495362517332,-0.053366,0.0659364782940663,0.07307264996684598,-0.057346,0.051365423699438154,-0.12135269230964921,-0.48158,-0.04980802189607218,0.12848749161953602,-0.49177,-0.040337435048843455,-0.15834940786177887,-0.96005,-0.09792054702575964,0.15856518281043208,-0.95304,-0.06797525185164272
97,-0.007385810746339914,0.55661,-0.03416450299095904,-0.14968195916527632,0.35985,-0.009893302049596178,-0.23268594045865082,0.59411,-0.11143749644026107,0.15664866564758254,0.36111,-0.025460558415555196,0.25446914727654657,0.56686,-0.11584809659354472,-0.25411775908016243,0.84547,-0.14032476267600288,0.2891096818876647,0.83749,-0.14801505061247414,-0.05119070261089578,-0.060325,0.06593791734808453,0.0727904217321159,-0.063956,0.05137152480762771,-0.12325892002666736,-0.48704,-0.05330513797805628,0.1305625970360147,-0.49743,-0.04319620445376243,-0.15807587281629404,-0.9601,-0.09873034859336223,0.158923110870263,-0.95315,-0.06830643685128138
98,-0.008577522280936433,0.54761,-0.03785361028382945,-0.1497755163673794,0.35299,-0.012784987207066584,-0.23344594866370208,0.5861,-0.11569012945149712,0.15570705441019322,0.35336,-0.028900306847871458,0.25324642903337025,0.55618,-0.11984550339018224,-0.25290529771353976,0.83559,-0.1446205673077858,0.2870522252988169,0.82677,-0.15375193316182154,-0.051450570482348926,-0.067162,0.06594413742737747,0.07226738426959523,-0.070375,0.051382516295240536,-0.1251513057580691,-0.49207,-0.056781339963497726,0.132610290082809,-0.50288,-0.04638320024699942,-0.15789967691985066,-0.96024,-0.09940113544928333,0.15929418632299974,-0.95315,-0.06862064698538947
99,-0.009735230027813319,0.53755,-0.04112528046476476,-0.15040399720713002,0.34448,-0.016003752938533594,-0.23421637575941337,0.57588,-0.1200018509279139,0.15443973619538934,0.34324,-0.03251718789961013,0.2520776637210285,0.54504,-0.12399762954971386,-0.2518943403601718,0.82494,-0.14954086864303662,0.2852057921953167,0.8082,-0.16025002401947339,-0.05212433339967736,-0.075005,0.06592382656247496,0.07135585247991263,-0.078124,0.051165505243913556,-0.12714634160485894,-0.49728,-0.060666936567627325,0.13467281535186595,-0.50897,-0.050004367671256614,-0.15776634629708114,-0.96052,-0.100084672533158,0.15964087711987923,-0.95315,-0.06895797396527557
100,-0.01085322221060137,0.52805,-0.04422930019395863,-0.15129569750654503,0.33584,-0.01927561778537907,-0.23490918390353044,0.56494,-0.12427648738911679,0.15321875621781259,0.33283,-0.036101622568335,0.25118992971966697,0.53417,-0.12788046515566304,-0.2511896948245624,0.81278,-0.1553921227538359,0.28377987619041434,0.79055,-0.1664364012749407,-0.05293424610525145,-0.083559,0.06520047712454773,0.07024186490814842,-0.086388,0.050502880395334154,-0.1292446963335377,-0.50271,-0.06473536973441665,0.13665496734087304,-0.51543,-0.05385100379811801,-0.157783020089783,-0.96088,-0.10098546217821223,0.15988650467735654,-0.9534,-0.06986845905741476
101,-0.012089960973473646,0.51714,-0.0465497963116906,-0.15218848956362294,0.32408,-0.022611262002440995,-0.23561474227560109,0.55347,-0.12850825857664586,0.15194749396351925,0.32073,-0.039683283674694585,0.2501728554359765,0.52267,-0.13186336120018333,-0.2507752100423657,0.79948,-0.16167961846877105,0.28257756381828136,0.7709,-0.17262158881937426,-0.05386908576155195,-0.093634,0.06388380715184844,0.06917210658968524,-0.095652,0.049210000222975225,-0.13138844714757136,-0.50811,-0.06894608148509848,0.13861948112674197,-0.52136,-0.05791284655543037,-0.15779681577444837,-0.96117,-0.10175475385182155,0.16011682715281217,-0.95369,-0.07069298046847695
102,-0.01332130943012215,0.50625,-0.048891551418081824,-0.1529681867884428,0.31362,-0.025247925848593592,-0.23652822785967711,0.54176,-0.13299784030412173,0.15079086711651893,0.31069,-0.04198135032664314,0.24921834258102,0.51138,-0.13583697998030336,-0.2507771745396966,0.78627,-0.1683709334472151,0.2816556362491919,0.75214,-0.1788866785679216,-0.054956762881240816,-0.10385,0.06231078252289142,0.06795403527740784,-0.10511,0.04761731969060008,-0.13349776753765308,-0.51304,-0.07330705482736805,0.14051500850130316,-0.52665,-0.06202040446400442,-0.15780249986336034,-0.9616,-0.10253563008473765,0.16033660695802704,-0.95429,-0.07151970462877452
103,-0.014488436291482493,0.49538,-0.051082162266564764,-0.15395221269831094,0.30273,-0.027776465745195596,-0.23764673850533502,0.52943,-0.13778636136344158,0.1494722300874011,0.29975,-0.04439199451138702,0.2482794821044405,0.49976,-0.13989459282599442,-0.2509440807634241,0.77144,-0.1761704425543629,0.280961356089555,0.73286,-0.18507005750341748,-0.0561813042362114,-0.11438,0.06058926822728804,0.06655820647591963,-0.11479,0.045845789290935426,-0.1356199378928821,-0.51761,-0.07774090394336049,0.14217085865737875,-0.5309,-0.06593237139390357,-0.15782440714377918,-0.962,-0.10329333719904016,0.16049285735642568,-0.95544,-0.07247637113963412
104,-0.01555248461739938,0.48415,-0.05302795314949989,-0.15491356460788863,0.29234,-0.030061239586509296,-0.2389361153901714,0.51652,-0.1427376851509604,0.14809182595945375,0.28852,-0.04669223568212234,0.24731430279966252,0.48649,-0.14381352863940453,-0.25112309427481433,0.75604,-0.1843841417309057,0.28036270263956986,0.71263,-0.19157492599146708,-0.05744224501022424,-0.12473,0.05859797609291099,0.06517126979507291,-0.12421,0.043865543941661284,-0.13796591313909098,-0.52263,-0.0828105489155627,0.14376471641402722,-0.53424,-0.07019591469162804,-0.15789845696227212,-0.96218,-0.10400123311256218,0.16064459290220504,-0.95664,-0.07345864265207203
105,-0.01662328839257439,0.47339,-0.05513299026914195,-0.15608750640405877,0.27986,-0.0323999164900607,-0.24041084522391637,0.50144,-0.14781879447053448,0.14667684180176366,0.27655,-0.04901582683236502,0.24693477465897487,0.47529,-0.14769357082866305,-0.25131476184461016,0.73979,-0.19324548268714298,0.27977099511669146,0.69336,-0.19804040216939625,-0.058572434678338406,-0.13588,0.056559258772121285,0.06386587206292285,-0.13457,0.04205979042556407,-0.14023079647015232,-0.52734,-0.08782341271749075,0.14524778841714717,-0.53716,-0.07468464128539179,-0.15798118918964837,-0.96257,-0.10475836941373481,0.16077866620245923,-0.95791,-0.0744834940316188
106,-0.017779380490025327,0.46232,-0.057111291829119976,-0.15730991830036206,0.26723,-0.0344376039429779,-0.24185434242806833,0.48657,-0.15255001163122428,0.1451774183287764,0.26431,-0.05106965697350493,0.24655881743521132,0.46333,-0.15184129986584713,-0.25182178427685276,0.73001,-0.20049761535644814,0.27919372621876926,0.67412,-0.20419364201678492,-0.05947456356279267,-0.14732,0.054961640395964656,0.06267080343379745,-0.14541,0.04043056024794018,-0.1422217422393079,-0.53146,-0.09237686579666939,0.14647925134611936,-0.54002,-0.0789878581117401,-0.158103860497888,-0.9631,-0.10574201149810027,0.16088128514016872,-0.95921,-0.07551396885111872
107,-0.018954360607615645,0.44857,-0.0586496294784244,-0.15892419534594818,0.25224,-0.03662451171883263,-0.24339693930542536,0.4697,-0.15697943539442058,0.1435028871493628,0.24843,-0.05319516898927236,0.24629463798544554,0.45106,-0.15581580728417227,-0.25316346579231425,0.71151,-0.20839460786695926,0.27878537069676596,0.65452,-0.208640286343426,-0.06014010553021906,-0.1608,0.05497643531381527,0.06185041832389618,-0.15889,0.04044828795090153,-0.14423521418678614,-0.53694,-0.09740359741042381,0.147624460999388,-0.54448,-0.08372265386763711,-0.15826818332638073,-0.96449,-0.10713463420653067,0.16096896855077591,-0.96167,-0.07703226118776021
108,-0.01992273057146097,0.43514,-0.06045591533983233,-0.15939304007418012,0.23916,-0.038074120500818,-0.24509827109191115,0.45437,-0.16133009857976294,0.14226678465705664,0.23512,-0.05467703491725455,0.24600845508571292,0.43814,-0.15985751476343157,-0.2547050831359626,0.69391,-0.2156978616600136,0.27870304718996847,0.64217,-0.21233207762141404,-0.06067530798213121,-0.17358,0.054987540964054074,0.06110087988666011,-0.17165,0.04046469316670934,-0.14614618562466694,-0.5376,-0.10219454597658517,0.14864784711056414,-0.54448,-0.08845729280502734,-0.158429225530416,-0.96448,-0.10712654665316422,0.16104174226049076,-0.96421,-0.07880787375450284
109,-0.02080470905458976,0.42034,-0.061991084045642166,-0.15989331690639272,0.222,-0.04010510353648111,-0.24692584331973788,0.43839,-0.16599359295116262,0.14106416865300736,0.21987,-0.056602454286328346,0.24572924215547404,0.42408,-0.1640324566959125,-0.2567942452141625,0.6771,-0.22213284431818847,0.2786115425883188,0.62844,-0.2166518145240363,-0.06112025782136026,-0.18745,0.054997964042775696,0.06049697402576647,-0.1856,0.04047775881549937,-0.14804959223753722,-0.53801,-0.10723053081235284,0.14956196221703674,-0.54448,-0.09306299824199557,-0.15854102734680073,-0.96448,-0.1071271415086811,0.16101271362096467,-0.9662,-0.08000908203706139
110,-0.02149307036261127,0.40586,-0.0636720896106594,-0.1603350021755706,0.20713,-0.042322086649405344,-0.24883740961313558,0.42198,-0.1706727397009393,0.13993314199910795,0.20521,-0.05887051043822783,0.24552474602640587,0.40959,-0.1681291848212823,-0.2590612675434215,0.6595,-0.22842476848799864,0.2782854206077227,0.61643,-0.22092002778648848,-0.06143407870107245,-0.20129,0.05682318771549548,0.060012579526156906,-0.19971,0.04211880420449628,-0.14989676445087624,-0.53817,-0.11258105927356751,0.15047495973963657,-0.54448,-0.09796298033622067,-0.15860185229375812,-0.96442,-0.1071265706955512,0.16098058335662752,-0.9681,-0.08140064362251624
111,-0.022134148877294705,0.38922,-0.06544774366987569,-0.16068396288552014,0.18859,-0.04481943052298613,-0.25071193897609334,0.40275,-0.17508425187562604,0.13809548305370417,0.18879,-0.06140287664404748,0.24530923615116074,0.39361,-0.1721731995954482,-0.26134741521461086,0.63823,-0.23465239474729802,0.2779963595999537,0.60468,-0.22509323323719269,-0.06141860617503092,-0.21882,0.06094207610933888,0.05998039729970224,-0.2172,0.04692338496709153,-0.15253296637350094,-0.53841,-0.1217729328270467,0.15211101842379302,-0.54437,-0.10659420666751313,-0.15861115360054537,-0.96267,-0.10689138250347507,0.16095443104131496,-0.96968,-0.0828734779840124
112,-0.022638559606429524,0.37289,-0.06774403956029,-0.16072639182858237,0.17144,-0.04713321439033214,-0.25241391370287,0.38407,-0.17897785971789953,0.1364945510915885,0.17345,-0.0637444515099607,0.2451516490724496,0.37715,-0.1761766563908468,-0.26339333354510297,0.61845,-0.23963278812382527,0.277910064443634,0.59279,-0.22938342590722463,-0.061320063121796824,-0.23505,0.06546873439848103,0.06003687359722858,-0.23342,0.05194283468073722,-0.15490220070371358,-0.53894,-0.13037216120455486,0.15368233394771252,-0.54426,-0.11495914495325615,-0.15861182058322318,-0.96064,-0.10626170039706412,0.1608977923415398,-0.97065,-0.08423127069929989
113,-0.02269623352554594,0.35586,-0.07040342665491421,-0.16079588762879654,0.15225,-0.05017637908087267,-0.25394442733495126,0.36324,-0.18282046664835874,0.13487218292499015,0.15611,-0.0668986495906158,0.24506475906061304,0.35933,-0.18035504724449405,-0.26536857885110754,0.5993,-0.24461548879525913,0.2778110190593607,0.58137,-0.23363075330358274,-0.06121247896254632,-0.25161,0.07038067603582551,0.06006167860773598,-0.24987,0.0572664043206925,-0.15672301313937168,-0.53974,-0.1378191164262648,0.15520669233650106,-0.54459,-0.12307210104228622,-0.15859452789261747,-0.95873,-0.10564533933173664,0.1608482233484521,-0.97154,-0.08560655682041225
114,-0.022754197659704697,0.33869,-0.07305870087034869,-0.16086245545237737,0.13483,-0.05303017527626989,-0.2552461519313202,0.34427,-0.18645971287185176,0.13335397605495908,0.13881,-0.07009558435688654,0.24497380122970625,0.34188,-0.18444133243681685,-0.2673815040278429,0.5805,-0.24940876869871398,0.27771259257299125,0.57078,-0.23816250927966764,-0.061103460557755,-0.26765,0.07539289201156087,0.059950434730598634,-0.2657,0.06282618721211906,-0.15845926069632893,-0.54045,-0.1451895943226403,0.15675119391389888,-0.54547,-0.13107081943196688,-0.15857956653930524,-0.95671,-0.10492702452755462,0.1608086760810722,-0.97225,-0.08698259461554826
115,-0.022959646798431453,0.32119,-0.07613577263606953,-0.1608656951273525,0.11658,-0.05638863526628109,-0.2564684489671573,0.32489,-0.19056990629262693,0.13217791930297826,0.1207,-0.07388594839166213,0.24487649232720954,0.32456,-0.18867881175564485,-0.2693618145248555,0.55959,-0.25545677418279067,0.27767392153448034,0.55919,-0.24333436625282345,-0.06090565744516321,-0.28383,0.08054582854606708,0.06000651743081858,-0.28182,0.06859204488732543,-0.1603234851764038,-0.54089,-0.15288275148260327,0.15846120267935448,-0.54713,-0.13910989089713405,-0.15856807814954643,-0.95485,-0.10422840587843285,0.16075441858718745,-0.97293,-0.08838447054599194
116,-0.023190206983820565,0.30559,-0.08025938319005173,-0.16167213595535596,0.10067,-0.05958008355678012,-0.25756148319929506,0.30701,-0.1952715311359524,0.1314387248368601,0.10535,-0.07784777770919465,0.2450156094125969,0.30732,-0.19347584692713915,-0.27059773894864914,0.54649,-0.26154464662056975,0.27775121630097244,0.54775,-0.24928824108515515,-0.060469624001235914,-0.29828,0.08590959987189531,0.060070238246617176,-0.29598,0.07441849677999852,-0.16211825038541186,-0.54034,-0.16018198554136137,0.16008019932497144,-0.54916,-0.14668612676077247,-0.15855601894665772,-0.95298,-0.10346896228235364,0.1606995181530119,-0.97294,-0.08932929113336678
117,-0.023228165436542714,0.29024,-0.08472462888943569,-0.16218457351147397,0.085081,-0.06288937528630167,-0.2584644537231631,0.28901,-0.20039253145161587,0.13059678230198282,0.089919,-0.08193161864242951,0.24539690870194092,0.28959,-0.1985694420084099,-0.2718225294143309,0.53191,-0.26854836622626327,0.278292013651671,0.53567,-0.25578078590405917,-0.05990394803874375,-0.31304,0.09128300537543385,0.060125364989948506,-0.31046,0.07997737598737205,-0.1638470052445195,-0.53973,-0.16727961941731692,0.16162966457236067,-0.55168,-0.15413840543558954,-0.1585300678895556,-0.95114,-0.10263073406603347,0.1606400049128461,-0.97294,-0.09001233371933413
118,-0.022976989979070203,0.27375,-0.08928350461592391,-0.16184814579530601,0.07117,-0.06731604642744081,-0.2591397527951916,0.27121,-0.20560444771757005,0.1297918473036898,0.073047,-0.08678457038837989,0.2461130907120831,0.27226,-0.2040673309967716,-0.2728652475555614,0.51472,-0.2768230105616984,0.2789944480619218,0.5239,-0.2623932200927143,-0.05924192673150218,-0.32851,0.0961662337940887,0.06005024055418165,-0.32508,0.08532161216470839,-0.16544254969279257,-0.53961,-0.1741976565604367,0.1631768946520043,-0.55395,-0.16217923742492035,-0.15844621807830656,-0.94912,-0.10157932110760395,0.16056712076299995,-0.97296,-0.09077120650228343
119,-0.022578559626104572,0.25716,-0.09384803682129125,-0.16109172370889613,0.057606,-0.07183708244003696,-0.25956761213315926,0.25431,-0.21142863318739447,0.12907423151255334,0.055918,-0.09137266112160561,0.24703786691690854,0.25511,-0.20993709155159734,-0.2735436349129514,0.49912,-0.28481665119618615,0.2802178332093312,0.5072,-0.27025509828950023,-0.0585406872278847,-0.34226,0.09813334974353508,0.06020538461463637,-0.33901,0.08773331080270312,-0.16696980053864563,-0.53825,-0.18067079373292433,0.16461229887287626,-0.55446,-0.170048037506426,-0.15831724378325107,-0.9462,-0.1000992313700492,0.1604371580151212,-0.97248,-0.09139308646189284
120,-0.02212386361850459,0.24207,-0.09895152744445035,-0.15946641158970296,0.045265,-0.07609500229780831,-0.25970169349983896,0.23977,-0.21783264147807532,0.1289674182612361,0.038679,-0.09641268244391597,0.24828249236205893,0.23921,-0.21641158052766984,-0.27373765786242776,0.48646,-0.29340341165022676,0.2814731420113985,0.48574,-0.2785693931971549,-0.05779456769754345,-0.35192,0.09854098027041372,0.060450862488898596,-0.35031,0.08831349837000159,-0.16749773908352705,-0.5379,-0.18331935577539726,0.16520497429539208,-0.55471,-0.17469149912934756,-0.15828946007482436,-0.94588,-0.09994166212956725,0.16031937646588906,-0.97187,-0.09171553259175094
121,-0.02145246003664503,0.22656,-0.10403535014299777,-0.15788821334672315,0.030037,-0.08188704773149195,-0.2598519259308646,0.22442,-0.22473136094016888,0.1288588444857552,0.021999,-0.10128992508041436,0.24983019708528453,0.22261,-0.22370108051667495,-0.27394542841179553,0.47027,-0.3031047173045609,0.2827921298260726,0.46459,-0.2865801341831525,-0.05708639901906578,-0.36422,0.09900404303378729,0.060561928840514714,-0.36259,0.08860361949218795,-0.16818022450653208,-0.5379,-0.18684439671805111,0.16581223259718603,-0.55491,-0.18005848500178123,-0.15828310900323458,-0.94546,-0.0997904680030621,0.16023019699737506,-0.97147,-0.09193335596606042
122,-0.02052972138642499,0.21163,-0.10900102173739365,-0.15687996580468266,0.015968,-0.08814723438158228,-0.2600050605123137,0.21109,-0.23158895161036525,0.12877852906228296,0.008088,-0.10525826647610506,0.25148568389059855,0.20874,-0.2312431335155229,-0.2743252308689886,0.4541,-0.3129178488176667,0.2845723369724338,0.44373,-0.2953728449435519,-0.056394044345949274,-0.37691,0.09946380167330779,0.06057136470724464,-0.37513,0.0890660056559289,-0.1689408756518742,-0.5379,-0.1906399743862183,0.1662549757313914,-0.55491,-0.18543707947590865,-0.15827963603968123,-0.94528,-0.09977077184800183,0.16010393251364713,-0.97112,-0.09207356038877568
123,-0.01971018264699048,0.19385,-0.1141718902577262,-0.15579007957675173,0.000817,-0.09411718815109898,-0.25988825322376624,0.19535,-0.23841290618651403,0.12931657743599462,-0.008933,-0.11072982283125177,0.25326348757250516,0.19201,-0.23941601024704157,-0.2747450204918189,0.43803,-0.32261223258728117,0.2869347944464929,0.42361,-0.30466423852488633,-0.05569126837793406,-0.3905,0.09996538610167481,0.06078498624553253,-0.38829,0.08961525499673825,-0.16981449428224776,-0.54045,-0.19438517004047512,0.1666820905296067,-0.55942,-0.19090430664780716,-0.158280777665941,-0.94561,-0.09989242174191665,0.15988119712176613,-0.97043,-0.09206982606104439
124,-0.01864244412334829,0.17599,-0.11917328350812456,-0.15420671997321586,-0.015279,-0.09953443582550807,-0.2595628517405356,0.17688,-0.2456087323291269,0.12968686297916182,-0.02499,-0.11577070456131858,0.25499549978792757,0.1758,-0.24738788165127457,-0.27508445730934056,0.42147,-0.3311022727901843,0.2895574659249534,0.40317,-0.3147833933471069,-0.05499139215610359,-0.40277,0.10049083664560479,0.06117366802588854,-0.40114,0.09016105301214257,-0.17056651110348053,-0.54283,-0.19778625379430756,0.167156685191309,-0.56338,-0.19621743754277707,-0.15828539225575414,-0.9459,-0.1000337677908917,0.1596992432254269,-0.96992,-0.09206515919839567
125,-0.017405048925886814,0.15737,-0.12322978226016423,-0.151936326279865,-0.035975,-0.10497128348542945,-0.2591234132731747,0.15845,-0.25221541030170913,0.1303474054452896,-0.04178,-0.12106585174061792,0.25659082862896204,0.15838,-0.2555590459434035,-0.2753281712476625,0.39985,-0.34060430959900945,0.2921232841059787,0.38447,-0.3243035759641537,-0.05431102401572351,-0.41762,0.10091716890283588,0.06166649908161839,-0.4148,0.09075042772360226,-0.1715670131154859,-0.54514,-0.2013872252915529,0.16790295820478443,-0.56747,-0.2014870842661693,-0.15834735882897136,-0.94619,-0.1001548468716766,0.15953733278050328,-0.96947,-0.09206199568379425
126,-0.016236248403674033,0.13769,-0.126817243944876,-0.14961838059586627,-0.056749,-0.11077191515844848,-0.2588409732331658,0.14043,-0.25873347961890736,0.13095850804937928,-0.059131,-0.12658379860582736,0.2581646527059986,0.13986,-0.263218705059483,-0.27535996228206977,0.37953,-0.34942276123918586,0.29470182847257065,0.36645,-0.33369399709153225,-0.053743732714523464,-0.4323,0.10134719283191745,0.06206856619708695,-0.42837,0.09126847987798326,-0.1725594275741248,-0.54748,-0.20482715458476292,0.16879286051975453,-0.57136,-0.20651804579154498,-0.1583832541331515,-0.94649,-0.10030083155285177,0.15940461927181468,-0.9692,-0.09206601123002889
127,-0.01503345006562615,0.11895,-0.13077625394208356,-0.14733654659753054,-0.078221,-0.11516489064256395,-0.2586813968404925,0.12104,-0.26485417691373425,0.13155061265876516,-0.074937,-0.1312880851757064,0.25943313829482745,0.12139,-0.2704792797138016,-0.2753674666139907,0.3615,-0.3579307130305986,0.2975271936753195,0.34789,-0.34341225884305426,-0.053330597175803726,-0.44631,0.10183587680612444,0.06235704692962018,-0.44182,0.09212134262600141,-0.17363181636403846,-0.54983,-0.20802958839099023,0.16969018340541325,-0.57448,-0.21075828300647448,-0.15844579151949859,-0.94679,-0.10048273558059408,0.15937929246408522,-0.96914,-0.09197929587492823
128,-0.01339313990912451,0.10018,-0.13499518586740275,-0.1453698991649327,-0.10032,-0.11915704518314177,-0.25825073695156286,0.10118,-0.2708195882205987,0.13202865624163382,-0.091448,-0.13640889315227395,0.26073985052512993,0.10208,-0.2776958234257996,-0.2755444551349604,0.33978,-0.3682060852897162,0.2999732667409156,0.33011,-0.35412983909970575,-0.05312942362923355,-0.46143,0.10233756515974687,0.06227205239003243,-0.45575,0.0930502134072408,-0.174694405161196,-0.55205,-0.21088850515231006,0.17066738445279878,-0.57708,-0.2145455086550184,-0.15853149802445926,-0.94725,-0.10068086279984327,0.15937817666403534,-0.96914,-0.09187044848180256
129,-0.011429157305159155,0.082703,-0.13857054561592058,-0.14389736804823067,-0.11931,-0.12324485047575837,-0.2573409221000496,0.081272,-0.27740766357960656,0.13252687062314458,-0.10548,-0.14078184209206912,0.2618391342293961,0.082985,-0.28459147244076083,-0.27575458106400874,0.31575,-0.37763281044185365,0.3024655818741909,0.31001,-0.36412446591997505,-0.053023828707541173,-0.47659,0.10281548953923884,0.06279450337315945,-0.46922,0.09392274648410931,-0.1757483836766311,-0.5542,-0.213180301235953,0.17166765844924992,-0.57891,-0.21762600405868704,-0.15861660967390304,-0.94799,-0.10099079183547718,0.15937480343767577,-0.96916,-0.09177440358946608
130,-0.00943355630742623,0.064964,-0.14207024641139546,-0.14241458633757753,-0.13561,-0.12606517995979968,-0.2567613513371344,0.061812,-0.2836227257458905,0.1329973012962287,-0.12012,-0.14531236027234629,0.2627893868477416,0.061378,-0.2903743367795921,-0.27593644864104844,0.29268,-0.38615063435318353,0.30517165256270556,0.28986,-0.3741161665474339,-0.05298686390426219,-0.49112,0.10360100440435506,0.0630786308800575,-0.48276,0.09483730241997321,-0.17667041361942631,-0.556,-0.2145510166639646,0.1726794208354599,-0.58056,-0.2200078808132339,-0.15874977199996365,-0.94916,-0.10151564209499708,0.15938619030641793,-0.96917,-0.09159465003812356
131,-0.00772157994256082,0.043669,-0.14551993653170223,-0.1409526904930184,-0.15099,-0.12865843284751824,-0.2564024820565651,0.040434,-0.28988010641510537,0.13351233372476332,-0.13975,-0.14982028014713972,0.2636758642839323,0.039835,-0.2957702479867123,-0.27616001582311517,0.26822,-0.3947321853618942,0.30761869895785254,0.26911,-0.383503709566776,-0.05296885079473589,-0.5042,0.10445180198773503,0.06348042096508434,-0.49701,0.09609666484897215,-0.17753107184452127,-0.55813,-0.21568885119480657,0.1740184049479095,-0.58291,-0.2218585081518971,-0.15882384586084358,-0.95056,-0.10205091124517703,0.15942374818139088,-0.96934,-0.09132406103977457
132,-0.006018410386575308,0.025991,-0.1485415945969975,-0.13908471617481769,-0.17242,-0.1312522084635927,-0.2562782541973291,0.019837,-0.29591333668080794,0.13403871028873482,-0.15579,-0.15259382079275888,0.26463934177381343,0.020376,-0.30084464559889174,-0.27643394097670526,0.24323,-0.4035993306189783,0.3096897819250782,0.24665,-0.3928351143561348,-0.052966890796184656,-0.51856,0.10452050539671652,0.0638164578763271,-0.5108,0.096971604957941,-0.1782648947727584,-0.56042,-0.21662565635597594,0.17532256325527776,-0.58557,-0.22321558998779434,-0.15883880721415577,-0.95234,-0.10276922604935906,0.15944969567084713,-0.96976,-0.09129208092421946
133,-0.004284807959794371,0.008971,-0.15087812870243214,-0.13847087258172186,-0.19101,-0.13399040057577463,-0.2563128333743827,0.00168,-0.3013499260786302,0.1345048086764918,-0.17117,-0.15513333891494865,0.26557841234927315,-0.000245,-0.3053664092431246,-0.27691289119187734,0.22058,-0.4127654152079065,0.3115075487302353,0.22506,-0.40095411206780274,-0.052966890796184656,-0.53373,0.10452050539671652,0.06420082668269005,-0.52454,0.09770601739022623,-0.17904041730602255,-0.56301,-0.21762618861452612,0.17643608704124636,-0.58884,-0.22421412129831103,-0.15884970074839772,-0.95433,-0.10357964651486555,0.15944969567084713,-0.97019,-0.09129208092421946
134,-0.0027246644736633775,-0.008488,-0.15347855103403196,-0.13828106713555116,-0.20698,-0.13671474891851718,-0.25635671385822356,-0.017529,-0.30655132728437645,0.1350461465937755,-0.18678,-0.1571885647563858,0.2664889360640804,-0.020931,-0.30872555296806004,-0.2775726759356929,0.20147,-0.4212294322265466,0.3134782701860611,0.20219,-0.40924223953687244,-0.05307767957436772,-0.54629,0.1047329715037282,0.06449780896321285,-0.53737,0.09865892374714463,-0.17966134487638918,-0.56571,-0.2180954954995796,0.17743892659470312,-0.59216,-0.22491897080708767,-0.158879671539796,-0.95688,-0.10467102259654544,0.1593543405627439,-0.97072,-0.09125698956689854
135,-0.0010814071840432177,-0.02401,-0.1559819316443488,-0.1376713634886865,-0.22272,-0.13884295507934838,-0.2569626017439592,-0.036817,-0.31102406692244156,0.13557699349323823,-0.20155,-0.15878499877297741,0.2673264073323326,-0.039568,-0.31163518213255026,-0.2784201690080977,0.18165,-0.4295486542750452,0.31518056987218424,0.17558,-0.41600051415238076,-0.053792814654693245,-0.55795,0.10520939129434131,0.0647851762999349,-0.54939,0.09960337121195423,-0.18051629497018518,-0.56834,-0.2186250805608476,0.17828474367842084,-0.59491,-0.22536258489713812,-0.15880071862284617,-0.96018,-0.10589330179415338,0.15935404313498547,-0.97183,-0.09120108865870621
136,0.00041074067041757534,-0.041585,-0.1578392573509571,-0.13736828421061134,-0.23694,-0.13965796609228098,-0.25706045741719874,-0.054105,-0.315494997951569,0.13629314525683564,-0.21728,-0.15990639373082963,0.26821418848733414,-0.058373,-0.31391396352198286,-0.2791242010757167,0.16201,-0.43642080378213277,0.3164627068913565,0.1503,-0.42145603655303754,-0.05478607951599132,-0.56853,0.10579577846619154,0.0650344696256284,-0.561,0.10023974990248737,-0.18124445785189733,-0.57097,-0.21860838272575875,0.17892253738058522,-0.59775,-0.22537350247376706,-0.1586893433652694,-0.9637,-0.10698929246564638,0.1593528774663387,-0.97304,-0.09115011178927893
137,0.0013994991326439742,-0.058134,-0.15934381100682177,-0.13734090301860563,-0.25002,-0.14076960914215103,-0.2571769637887867,-0.071124,-0.31915029906986003,0.13700920085088505,-0.23146,-0.16033728163531347,0.26883828267438115,-0.076566,-0.3153846798255894,-0.2796860339767448,0.14388,-0.4411043968250137,0.3177809253496471,0.12885,-0.42394272111208847,-0.05616904764939468,-0.57823,0.10651586814254499,0.06517595263878484,-0.57192,0.10091544699215714,-0.181629103688702,-0.57376,-0.21860148488342604,0.17917568524594493,-0.6002,-0.22537752220806329,-0.15841809157230421,-0.96778,-0.10804239382107858,0.15935813678026559,-0.9743,-0.09106269703299019
138,0.002392900415132102,-0.074647,-0.1604937840030051,-0.1371947740831085,-0.26311,-0.14184126502638364,-0.2570752923544182,-0.087589,-0.32128031383962885,0.13768931305598037,-0.24567,-0.16056890069428834,0.2695282910417805,-0.094307,-0.31596328889302505,-0.2800666298327084,0.12893,-0.4452208451478308,0.3190991197655506,0.1122,-0.4262567789077973,-0.05776749820285915,-0.58761,0.10715413284322103,0.06528517012982124,-0.58212,0.10158667909780444,-0.18172932094577987,-0.57777,-0.21859396814318946,0.17917568524594493,-0.60253,-0.22537752220806329,-0.15795744305374707,-0.97192,-0.1088851885424379,0.15930165303774987,-0.97546,-0.091037506026035
139,0.0028297410628464054,-0.090503,-0.16050988519875414,-0.137396896994267,-0.27798,-0.14218133315012482,-0.25710238503778005,-0.10306,-0.3222401919498638,0.13833695483567487,-0.25965,-0.16058155475269392,0.2701052597969875,-0.10848,-0.31597363565652414,-0.2803401105892614,0.11465,-0.4489601643740797,0.32025967281381124,0.095674,-0.42802517270505314,-0.05932157835077958,-0.59594,0.10822831527364879,0.06555460602370831,-0.59151,0.10275768221440372,-0.1817299398436837,-0.58183,-0.2183095395634627,0.1791785633539814,-0.60462,-0.22524602423661835,-0.15733465878966885,-0.97556,-0.1092691673965647,0.1591451016439469,-0.97657,-0.09083118670774813
140,0.0034076946258064025,-0.10213,-0.16052040561043088,-0.13760080447197612,-0.29494,-0.14218599582471192,-0.2571121369457622,-0.11629,-0.32292896252145553,0.13896490046030915,-0.26894,-0.16059073584754624,0.27072162086231494,-0.12253,-0.3159909283471299,-0.2804387534571137,0.10128,-0.45193827948008586,0.3213928446700661,0.079365,-0.42868192345243894,-0.06081754886938774,-0.60547,0.11008123788602503,0.06615113505577684,-0.5996,0.10455134581550048,-0.18169478364934236,-0.58549,-0.21701599248585035,0.17919176418312993,-0.60593,-0.2243649307466244,-0.15666958006504667,-0.97912,-0.10970122096969535,0.15884073113382127,-0.97759,-0.09031143715982543
141,0.004021033328775483,-0.1149,-0.15963343569242902,-0.13775199859848128,-0.30388,-0.14217964475312214,-0.2566556043310493,-0.12741,-0.3233343980548062,0.13955171729304625,-0.2779,-0.16060281909282192,0.2713594145644794,-0.13605,-0.3160018459237588,-0.280479617782754,0.089133,-0.45384007602727217,0.32256647833554036,0.064311,-0.4287060899429904,-0.06231260492358094,-0.6131,0.1128549911906324,0.0668043773190202,-0.60742,0.10716765916552426,-0.1815983519068487,-0.58954,-0.2147990574577001,0.1790941846102186,-0.60669,-0.22249964840152203,-0.15594372447824106,-0.98254,-0.10978859182927171,0.15836534656254944,-0.97841,-0.08972497786081424
142,0.004118441502898966,-0.12956,-0.1581883970605531,-0.13786380041486596,-0.31525,-0.14218023960863901,-0.25607863557584226,-0.13887,-0.3233447448183053,0.13979665739310457,-0.29111,-0.15990474721444306,0.27203246063053305,-0.14982,-0.31540972347614377,-0.2804934134674194,0.078267,-0.4546093677008815,0.3237302639234844,0.050097,-0.42872851995176514,-0.0637367717266526,-0.62271,0.11740136479131995,0.06741557081963381,-0.61656,0.1109794359828114,-0.18138557588531815,-0.59319,-0.21192230123503164,0.1785017015267987,-0.60687,-0.2192372008853371,-0.1549624137311692,-0.986,-0.10980930939865682,0.15764639060189947,-0.9792,-0.08884983711405067
143,0.004291819940264712,-0.14217,-0.1581783512924583,-0.13783906311118463,-0.32467,-0.1409457809962074,-0.2555839244044296,-0.14784,-0.3233608958826512,0.14003058374698601,-0.30261,-0.15915396198486026,0.2727384277231825,-0.16105,-0.3141126072654301,-0.2804934134674194,0.070411,-0.4546093677008815,0.3248314880826944,0.036888,-0.4287602272249401,-0.06515572908439424,-0.63161,0.12197728262459787,0.06813631530262276,-0.6248,0.1151476038525404,-0.1811003903575234,-0.59653,-0.20903800422973962,0.17753844041840053,-0.60704,-0.2157164441432364,-0.15368682632684044,-0.98957,-0.1098311445519147,0.15682510956365261,-0.97998,-0.08780637055674462
144,0.00444294612767053,-0.15435,-0.15728096069997355,-0.13858706640227897,-0.3342,-0.1398898496175127,-0.2556545974289171,-0.15614,-0.32335858858774463,0.14029693244149424,-0.31425,-0.15827688822916247,0.2732803302494383,-0.17164,-0.31190314089274246,-0.2803619154959745,0.063947,-0.45461224580891796,0.3261017458297582,0.028046,-0.427948472794078,-0.06604340879580357,-0.64045,0.12643921334234237,0.06878713843514783,-0.63269,0.11932810074288372,-0.18073815669126433,-0.59975,-0.2061774471561911,0.1767466163623107,-0.60709,-0.21197205972597935,-0.15236083286621427,-0.99277,-0.10991263898348322,0.15590403425949,-0.9806,-0.08646504983295714
145,0.004492107098019657,-0.16471,-0.15505569055929525,-0.13917985583257186,-0.34292,-0.1385871214450481,-0.2554397483321921,-0.16387,-0.3228887589743352,0.14049657976103722,-0.32366,-0.15679910578651426,0.27369765668896884,-0.18102,-0.3094787773385557,-0.2799361408672727,0.058831,-0.45461624150082725,0.32751843885919224,0.019339,-0.42624865490372815,-0.0665540273497442,-0.64988,0.1316977706247509,0.06935149191048645,-0.64104,0.1246306595737571,-0.1802450439514642,-0.60304,-0.20303533961095227,0.17607177952554856,-0.60712,-0.20802490945727298,-0.15105513041616525,-0.9956,-0.10987885863511374,0.15483226173096826,-0.98132,-0.08494179685097875
146,0.004535616397967044,-0.17469,-0.1530122006667785,-0.13952416007209217,-0.35165,-0.13708450552917062,-0.25494108955364414,-0.17051,-0.3221338818832952,0.14065740558358963,-0.33253,-0.155253552469802,0.2744440134636766,-0.18912,-0.3070311965809815,-0.27925155832668613,0.055047,-0.45367075393077455,0.3288857472466536,0.011443,-0.4235043940244425,-0.06675904186323747,-0.65891,0.1371461440562676,0.06980285385840662,-0.64853,0.13015622718188297,-0.17951098680351504,-0.60613,-0.19962093481603635,0.17532624562191187,-0.60669,-0.20390282513031796,-0.14996898782220236,-0.99781,-0.10976574689576032,0.15380092340163296,-0.98199,-0.08341958094958896
147,0.004440014816684986,-0.1845,-0.15037554286993488,-0.13979895695577169,-0.36086,-0.13553322003877238,-0.2543341740494258,-0.17647,-0.3208802258017723,0.14079736958243502,-0.34085,-0.1536535493201091,0.27513646717614665,-0.19639,-0.30437102593681475,-0.27853700499470135,0.051543,-0.451633890279042,0.3301012666520929,0.006021,-0.4206419802571824,-0.06669903435743765,-0.66803,0.14301488319676856,0.07014327020963694,-0.65589,0.13577243735492803,-0.1783953542658936,-0.60892,-0.1949639117281614,0.17466123282029283,-0.60658,-0.19978478458004617,-0.14922517256211318,-0.99987,-0.10986643879642018,0.1528314519083211,-0.98306,-0.08189202701481099
148,0.0044888903804691585,-0.19399,-0.14818068520273528,-0.1398269330032943,-0.36792,-0.1343097751725177,-0.2537620843502888,-0.18179,-0.31913302421748346,0.14092922198552693,-0.34886,-0.15204196161110942,0.2756336717774039,-0.20291,-0.30149365081624246,-0.2778995719283418,0.049889,-0.4490554064055396,0.33116147602718293,0.00122,-0.4173358562303239,-0.06660816850801717,-0.67616,0.14817753681650803,0.0702521720475636,-0.66283,0.14078975101760613,-0.17729758523200775,-0.6114,-0.19098407465257136,0.17423205115104085,-0.60658,-0.196114498066056,-0.1483586379090104,-1.002,-0.10932874213939872,0.1518529507097705,-0.98416,-0.08041568308318967
149,0.0042464520863787145,-0.20364,-0.14521350814809925,-0.1400756345755498,-0.37434,-0.13295602204585183,-0.2532770110790812,-0.18647,-0.316497212402964,0.14106219197249167,-0.35738,-0.1501360972448528,0.27587944095269124,-0.20883,-0.29842978112050167,-0.27728217161046026,0.047316,-0.44405667488169487,0.3319667529703625,-0.002387,-0.4136903070200151,-0.06674650367283595,-0.68357,0.14860809968320063,0.0702521720475636,-0.66957,0.14078975101760613,-0.17647774945193692,-0.61384,-0.18788942292843247,0.17416558399578763,-0.60658,-0.19303618974535897,-0.14754422175159468,-1.0029,-0.10891386104493889,0.15185742104526173,-0.98416,-0.07923857645416213
150,0.003685430578219625,-0.21168,-0.1419972252209638,-0.1405485346360916,-0.38075,-0.131491656813835,-0.2528394897985215,-0.19059,-0.3134976165753471,0.14123626670896658,-0.36595,-0.1480547039648307,0.275954866617156,-0.21401,-0.2951226356793183,-0.2768091877886862,0.042528,-0.4378038126327451,0.3324753978766047,-0.004894,-0.40976905972363675,-0.06684278169890179,-0.69001,0.14861492183072655,0.07030708814800292,-0.67575,0.14079022209354222,-0.17590860998799737,-0.61557,-0.18575583902556234,0.17421220453750086,-0.60659,-0.19087139725528274,-0.1470536264840262,-1.0044,-0.1084926529212762,0.15181617382525256,-0.98416,-0.07797522073749262
151,0.0031276645661482763,-0.21718,-0.1396954002763214,-0.14091305775902802,-0.38488,-0.13039164640804574,-0.2527796203428858,-0.19313,-0.31079698412196105,0.14136930882309226,-0.36977,-0.14666671988860036,0.2760101455253655,-0.21679,-0.2927359760382494,-0.27642255341216365,0.037702,-0.4312920222599758,0.33269961420312005,-0.006798,-0.40584843132516235,-0.06674740689132208,-0.69371,0.1513499107970807,0.07063198691307222,-0.67964,0.1421951479963771,-0.175553700722879,-0.6173,-0.18437651331582836,0.1742225513009999,-0.60659,-0.1902944285000758,-0.1464866019758973,-1.0058,-0.10781075614963027,0.15184492907940722,-0.98416,-0.0768907383100838
152,0.0026283921637407816,-0.22267,-0.13729219240595436,-0.1412040297494405,-0.38919,-0.1291624453257181,-0.25271118869030174,-0.19684,-0.307183977464214,0.14157473640109514,-0.37386,-0.1450985682664044,0.27611754292926216,-0.2193,-0.29022650083461893,-0.2761338289978124,0.033127,-0.42470204212248247,0.3327801771857539,-0.00796,-0.4019938613613624,-0.06666735515884205,-0.70145,0.15346819140175208,0.07064425101924171,-0.68822,0.14273116160786462,-0.1751987914577606,-0.61906,-0.18299718760609437,0.17423637102805228,-0.60672,-0.18969776358980855,-0.14608930208068704,-1.0072,-0.10717001221226845,0.15162646811627561,-0.98495,-0.07513513134735336
153,0.0022686247828604816,-0.2283,-0.1349846628976588,-0.14143244031111887,-0.3933,-0.12792396697899025,-0.25263462139957715,-0.19991,-0.30375518212911573,0.14174541030117765,-0.37745,-0.14355475143146879,0.2761606424226481,-0.22156,-0.28773615097291877,-0.2758972471215353,0.029059,-0.41806225078420856,0.33287001743278793,-0.008783,-0.3982018528262964,-0.06666735515884205,-0.70929,0.15346819140175208,0.0706432662114887,-0.69665,0.14273133525604229,-0.17479000317279147,-0.62083,-0.18165782501961078,0.17450971373444119,-0.60688,-0.1891265510506745,-0.14570772669101473,-1.0078,-0.10592739391930943,0.15170605420171274,-0.9839,-0.07341684672162781
154,0.001891797845103807,-0.23201,-0.13330368982857624,-0.14163185341094983,-0.3964,-0.1269241497878919,-0.252765957278471,-0.20241,-0.30075682409730653,0.14193989626016462,-0.38027,-0.14245176674809512,0.27620376595842094,-0.22354,-0.28541842787456073,-0.27575334171971244,0.02461,-0.41148735221196225,0.3329430877175722,-0.009397,-0.3946201268829164,-0.06556299571547924,-0.71578,0.15338515996279448,0.0711181923484337,-0.7032,0.14169309194908264,-0.17438002517678863,-0.62247,-0.18054206606589654,0.17543248278707524,-0.60702,-0.18890339801910008,-0.14570137561942495,-1.0085,-0.10577619979280425,0.1520301556122231,-0.98279,-0.07169395169415074
155,0.0015841405837873392,-0.23549,-0.1316450675058158,-0.14181968195147396,-0.3995,-0.1259162210010401,-0.25297610181999275,-0.20507,-0.2975719474479418,0.14217203804749542,-0.38295,-0.14136557606935823,0.27624807920522754,-0.22523,-0.28332430840897205,-0.27562556333984856,0.019954,-0.40557979157447077,0.3329009553495793,-0.009804,-0.39157657224013975,-0.06471352061925281,-0.72233,0.15329630018060297,0.07156652867604736,-0.7098,0.14065953714292,-0.17385474835846074,-0.62405,-0.1795786428649473,0.17646531717431735,-0.60719,-0.1886894982095389,-0.1457025893728457,-1.0088,-0.1053799693966928,0.1531896569996141,-0.98148,-0.07007063517152233
156,0.0012809128633286225,-0.23842,-0.130180157286879,-0.1419200194204868,-0.40203,-0.12504557044409312,-0.25301587880830506,-0.20755,-0.29480297330736177,0.1423613145611524,-0.38563,-0.14029213561857493,0.2762709838575843,-0.22679,-0.2814091908207022,-0.2755161952344632,0.015102,-0.40058286865956355,0.3325924502446912,-0.00993,-0.3892374645897188,-0.06407143015235048,-0.72855,0.1527972201947158,0.07184591610715305,-0.71596,0.1394222244648389,-0.17338035224001222,-0.62513,-0.17930689238601316,0.1772762844105667,-0.60738,-0.18846694003348138,-0.14490856039555505,-1.0094,-0.10415930646892659,0.15447085814951678,-0.98019,-0.06839058975145534
157,0.0010399611650390335,-0.241,-0.1287363822770207,-0.14199718777088605,-0.40455,-0.12415869669563923,-0.25327050489334246,-0.21002,-0.2925038287801912,0.14256564859766946,-0.38827,-0.13919088741697794,0.2762562567239842,-0.22827,-0.27964990599113765,-0.2754356803366033,0.010011,-0.3963830451690794,0.3320963329807619,-0.009978,-0.3874440690225247,-0.06348100028979972,-0.73479,0.15138321115039952,0.07232836627447513,-0.72219,0.13676812615542175,-0.17287641188897326,-0.62603,-0.17904035135240898,0.17801193999012843,-0.60754,-0.18821079384815023,-0.14402939572643364,-1.0101,-0.10280134126886857,0.15615114197735744,-0.97876,-0.06680832989356311
158,0.0009475826613344895,-0.2426,-0.12761327844742465,-0.14198450967009343,-0.40534,-0.1236836816792868,-0.25341787162464724,-0.21194,-0.29086331573650503,0.14275554400923027,-0.38996,-0.1384018755459214,0.2762137458819573,-0.22963,-0.2780481904020551,-0.27552452941585737,0.006636,-0.3948137759630106,0.33155337879363656,-0.010019,-0.3862618250753281,-0.06263935665680613,-0.74172,0.14846269201931317,0.07308110746939643,-0.72844,0.13288847337540802,-0.17287641188897326,-0.63006,-0.17904035135240898,0.1786734495816493,-0.60769,-0.18797203652297279,-0.14331940889948794,-1.0101,-0.1012510771927952,0.15770761822216742,-0.97736,-0.06512198986280354
159,0.0008821034159132192,-0.24387,-0.126637077408489,-0.14198282127309075,-0.40574,-0.1233285800750725,-0.25340531373578956,-0.21378,-0.2895251669034421,0.14287131747513723,-0.3911,-0.1378028792983606,0.27618807712934135,-0.23076,-0.27675407251131284,-0.275594631627215,0.00545,-0.39475064372114665,0.3311072169848096,-0.010051,-0.38545204755011253,-0.06168050523494032,-0.74867,0.14457715924364575,0.07389173904234148,-0.73471,0.128450282589407,-0.17256184422113927,-0.6309,-0.17915674371621979,0.1793059857537097,-0.60787,-0.18766724480550795,-0.14333282611011935,-1.0106,-0.10057852981271044,0.15918260538687762,-0.9757,-0.06355227114152251
160,0.0008479812000815636,-0.24472,-0.12578825665333115,-0.14197706505701782,-0.40587,-0.12306558413218266,-0.25322645611279265,-0.21562,-0.28851081491783953,0.14298014501393752,-0.39218,-0.13724327536092032,0.2761867672063726,-0.23178,-0.27566733506183305,-0.275594631627215,0.004552,-0.39475064372114665,0.33074393165768096,-0.010069,-0.38492089430377674,-0.06063255484784472,-0.75544,0.14065560738421734,0.07468430220827013,-0.74104,0.12355833577571274,-0.17256819529272904,-0.63342,-0.179307937842725,0.1799333124804401,-0.60802,-0.18739199732063344,-0.14253363577227268,-1.0112,-0.09898306912566972,0.16032967623263755,-0.97484,-0.06251774106713723
161,0.0008251058641561594,-0.24538,-0.1250023446232627,-0.14194347704774424,-0.40587,-0.122990272475495,-0.25354854052086323,-0.216,-0.2884946398111067,0.1430316446117207,-0.39289,-0.13683603121863197,0.2761971139698716,-0.23241,-0.2750903663066261,-0.275594631627215,0.003763,-0.39475064372114665,0.3305000129719475,-0.010056,-0.3846341824715305,-0.05954921932074003,-0.75804,0.13763154585446755,0.07563985423733584,-0.74436,0.12131837588327084,-0.17257571203296562,-0.63682,-0.17940815509980285,0.18049869667634025,-0.60802,-0.18741045567988596,-0.1426375183319998,-1.011,-0.0976142344337567,0.16056243335022635,-0.97484,-0.06252222706889218
162,0.0008395486771740346,-0.24582,-0.12430424691867392,-0.141829367936453,-0.40587,-0.1229190045954906,-0.25354854052086323,-0.21681,-0.2884946398111067,0.14308894851035078,-0.39344,-0.13651104466013797,0.2762011337041679,-0.23277,-0.2748372184412664,-0.275594631627215,0.003036,-0.39475064372114665,0.3304096437923996,-0.010056,-0.3846284022130705,-0.05848425746154201,-0.76004,0.13468180396093626,0.07664125000572139,-0.74792,0.11891801851090739,-0.1725097257254522,-0.63798,-0.1790339281536582,0.18103508341039304,-0.60811,-0.187190252883509,-0.14258654146257252,-1.0111,-0.09761306876510994,0.16056243335022635,-0.97484,-0.06252222706889218
163,0.0008513465158848099,-0.24582,-0.1237478425594155,-0.1416468930955808,-0.40587,-0.12292071703488029,-0.2535189962882729,-0.21757,-0.2884998492564367,0.14312888759121417,-0.39371,-0.13628453887694514,0.27620344099907446,-0.23292,-0.2747665454167788,-0.2755957011263138,0.002281,-0.39539017390508774,0.3304096437923996,-0.010076,-0.3846284022130705,-0.05786155059866908,-0.762,0.13194204901515535,0.0772075656505563,-0.7516,0.11637098364848103,-0.17246519609716268,-0.63883,-0.17849344955814828,0.18154425724914894,-0.60815,-0.18706679438065654,-0.1433743636225953,-1.0111,-0.09764677698631849,0.16058265044981962,-0.97484,-0.0625227456091865
164,0.0008561179242047093,-0.24582,-0.123484672968348,-0.14152524320166598,-0.40568,-0.12292185866114007,-0.2535419730677906,-0.21755,-0.2898970865546802,0.14312886354882717,-0.39383,-0.13611191211360305,0.27630365825615233,-0.23292,-0.27477406215701544,-0.2754877747899034,0.001443,-0.396678487494983,0.3304096437923996,-0.010043,-0.3846284022130705,-0.055700882388560295,-0.75974,0.1315610649133541,0.07777135343094012,-0.75418,0.11492105525759756,-0.1726233601931615,-0.63898,-0.1783538640333369,0.18208994528998887,-0.60811,-0.1870817797763557,-0.14355379205872212,-1.0119,-0.09872195391887845,0.16048056757991552,-0.97691,-0.06367756338168228
165,0.0008754523574774249,-0.24582,-0.1233865394894021,-0.14139374523022105,-0.40547,-0.1229247367691765,-0.25357363225619156,-0.21715,-0.29134356424057445,0.14313290732551043,-0.39383,-0.1360313910115854,0.2764762850194944,-0.23292,-0.2747740381146284,-0.2752233487121099,0.001443,-0.3986341149772461,0.3304096437923996,-0.009995,-0.3846284022130705,-0.05567665214697111,-0.75727,0.1314450955407054,0.07776422245487806,-0.75332,0.11454660479467839,-0.17290776473050126,-0.63898,-0.17852710969458285,0.18261767365754525,-0.60811,-0.1870834441309714,-0.14313146635118668,-1.0125,-0.09891827252919004,0.1604310983240216,-0.97881,-0.06493710845539791
166,0.0010404337925247684,-0.24581,-0.12339532163547924,-0.14128194341383638,-0.40521,-0.12292414191365965,-0.2533329941949155,-0.2169,-0.29303098633461766,0.14313290732551043,-0.39383,-0.1360313910115854,0.27668830409295697,-0.23292,-0.2747809599993481,-0.27489862041571494,0.001443,-0.4009963917462807,0.33049889538807464,-0.00994,-0.3849284591287873,-0.05602971309450111,-0.75727,0.1284407613436945,0.0775784303829766,-0.75331,0.11216264961346827,-0.17324079075758778,-0.63898,-0.17897610152667223,0.18320451453266934,-0.60787,-0.1872681541395892,-0.1436450864830468,-1.0126,-0.10039146442441212,0.15954727098031307,-0.98086,-0.06609116617774681
167,0.001365239490125035,-0.24481,-0.12340182231285972,-0.1411243501309674,-0.40449,-0.12312455238542842,-0.2529938753583383,-0.21664,-0.2947357732464276,0.14308193045608317,-0.39383,-0.13603255668023218,0.2769368373685036,-0.23278,-0.2749263257826194,-0.27449334697491534,0.001443,-0.4035353390553406,0.33071445955225154,-0.00994,-0.385433565148473,-0.05650595132638021,-0.75684,0.12559015208486987,0.07720101479386085,-0.75331,0.10975155723176813,-0.1737805783280329,-0.63898,-0.1797338807681357,0.1837363347616829,-0.60771,-0.18753455091887145,-0.14406141555063948,-1.0121,-0.1016584175046315,0.15953722164457249,-0.98062,-0.06672403584114614
168,0.001760718212212825,-0.24312,-0.12341063028514676,-0.14089839111851754,-0.40343,-0.12339794317659133,-0.2525957401837412,-0.21592,-0.2959330987588713,0.14308193045608317,-0.39357,-0.13603255668023218,0.27727752439014863,-0.23187,-0.27541287727350466,-0.27406768635399065,0.002618,-0.40688006819770683,0.33111195178655767,-0.009735,-0.3861738353178478,-0.05700468331807185,-0.75417,0.12286536027622406,0.07662809710547763,-0.75331,0.10812635283774945,-0.17444420287536444,-0.63427,-0.18142432522453733,0.1844031740104687,-0.60766,-0.18812938317781405,-0.14382727281527516,-1.0122,-0.10246127314512742,0.1586752000602661,-0.98235,-0.06763925154697178
169,0.0022134161415848855,-0.23971,-0.12373415553105847,-0.14063187412730035,-0.40199,-0.12372925676428817,-0.25207773968178004,-0.21441,-0.29679616044842083,0.14307672101075317,-0.39264,-0.13606210091282256,0.27804303675333153,-0.22744,-0.2774060884569506,-0.273741149448658,0.004518,-0.40975037717923757,0.33150889725012095,-0.008954,-0.3871475571975222,-0.057342070946916755,-0.75112,0.1217063388838838,0.07599621224983133,-0.75331,0.1081362285253124,-0.17504933381303212,-0.62939,-0.1830133867552143,0.1847415296948202,-0.60768,-0.18851398092984475,-0.14342816431112726,-1.0119,-0.10232856142026173,0.15789362388317058,-0.98398,-0.06884687884021948
170,0.0026512091785419814,-0.23485,-0.12434952635973975,-0.140277295251442,-0.39974,-0.1241370236349324,-0.25130428401955257,-0.21115,-0.2975925688477789,0.14307153560781014,-0.39071,-0.136264271908755,0.2785507866613416,-0.22219,-0.2795366259550754,-0.27339784258107563,0.007391,-0.4124104035690824,0.3317940649396865,-0.007352,-0.38829450069605553,-0.05717175566654286,-0.74743,0.12124982852773492,0.07550567344316006,-0.75264,0.10814148962306222,-0.17543378731074083,-0.62448,-0.18438750301961826,0.1849750294898937,-0.6077,-0.18885978122727182,-0.14342930593738704,-1.0118,-0.10245021131417655,0.15722389939105663,-0.98543,-0.06999604075425192
171,0.0031545138794305677,-0.22821,-0.12534200224260214,-0.13980511025835204,-0.39677,-0.1246264532338541,-0.2510972580099371,-0.2063,-0.2991826758351677,0.14306118884431104,-0.38636,-0.13684124066396197,0.2787306478604343,-0.21581,-0.2815687307626729,-0.2730725194291638,0.011234,-0.41488448215450163,0.33191821446760383,-0.004235,-0.3896059834045644,-0.05684929387042099,-0.74337,0.12018769746706405,0.0744859551937207,-0.75052,0.10816897947137631,-0.17607883328688495,-0.62118,-0.18637569709683013,0.18533833885940937,-0.60773,-0.1895635612369496,-0.14427433582649196,-1.0109,-0.10349941314724746,0.1567995566810814,-0.98665,-0.07153879227815033
172,0.003561797730369659,-0.22025,-0.12651047811516614,-0.13931727288688509,-0.39313,-0.1251998768983468,-0.25095460203799336,-0.201,-0.30027402787446067,0.14301668325840852,-0.38107,-0.137554346022814,0.2786863105712407,-0.20807,-0.2834902234649195,-0.2728063568695936,0.016396,-0.41683026155923464,0.33209160438317165,0.000382,-0.39092614852195673,-0.056497416429766925,-0.73774,0.11921176802967692,0.07297075005645803,-0.74621,0.10837522542167065,-0.17642555882908892,-0.61804,-0.18828448765589714,0.1855667013363138,-0.60759,-0.19045678605699332,-0.14491191314717344,-1.0088,-0.10504213644069725,0.15667730479635802,-0.98673,-0.07303834503703599
173,0.0037145066831242857,-0.21071,-0.12782699662082742,-0.13882831793154535,-0.38828,-0.12547902390558258,-0.25046800246233414,-0.19373,-0.3002785943794998,0.14295597852338607,-0.37331,-0.13841690902639453,0.2786517973171902,-0.19899,-0.2852408258856007,-0.2727696984131876,0.02396,-0.4180044660378387,0.33218395046836596,0.009089,-0.39264834833630735,-0.05452888608910508,-0.73127,0.11916929100184073,0.07339949167260372,-0.7393,0.10952829290737336,-0.17632229516726564,-0.61419,-0.18936889376808339,0.18554829106183526,-0.60774,-0.19136742377957763,-0.1455142861887396,-1.0075,-0.10563656618321887,0.15665753116266806,-0.98673,-0.073726363934604
174,0.0038418918528039248,-0.1967,-0.12949444917443897,-0.13804568117446558,-0.37765,-0.12564748668030648,-0.2500538123929391,-0.18317,-0.30029070166716254,0.14288485489770358,-0.36075,-0.13933856049515578,0.2788455503704961,-0.18813,-0.28719414607295723,-0.27277024518393056,0.035452,-0.4182379177481382,0.3321418964316919,0.018842,-0.3943265412507243,-0.05243969066228146,-0.72215,0.11912584599592244,0.07362370691313644,-0.73014,0.11096112629821575,-0.17637295948566206,-0.60953,-0.19161420736017723,0.18552640782380336,-0.60791,-0.19229775765722223,-0.14585080922176644,-1.0051,-0.10593262740702641,0.15663185170711452,-0.98673,-0.07485099034615696
175,0.0038125922321450532,-0.18231,-0.13082964598848146,-0.13766103533766091,-0.36639,-0.1256543845226392,-0.2500613291331757,-0.17158,-0.30039091892424036,0.1428079269711742,-0.34794,-0.1401779543801227,0.27901494459415477,-0.17548,-0.28894008581905134,-0.27277024518393056,0.047883,-0.4182379177481382,0.3321183007542704,0.032402,-0.3954393499692411,-0.05092686494708632,-0.71298,0.11936680731116682,0.07333820992029355,-0.72015,0.11280877222400283,-0.17618327425142633,-0.60469,-0.19347542188620934,0.18550164647773507,-0.60809,-0.1933595895063118,-0.14658296779538785,-1.002,-0.10634170420063938,0.15660495671431734,-0.98673,-0.075982510411981
176,0.003791926935595557,-0.16585,-0.1317703488881892,-0.13736675868040404,-0.35383,-0.125655502106512,-0.2500365437447204,-0.15726,-0.29950171383849294,0.14203466364804263,-0.33148,-0.14076256008750124,0.279380086614995,-0.16055,-0.2903245248045674,-0.27277024518393056,0.06447,-0.4182379177481382,0.33211656427249375,0.047156,-0.39544919804677126,-0.05129664978818837,-0.69872,0.12039666563700156,0.07231888270907302,-0.70134,0.11543568524815598,-0.17596340184430936,-0.60037,-0.1957989012006403,0.18510211141477917,-0.60808,-0.19458888675818736,-0.14658986563772056,-1.002,-0.10672635003744405,0.15696449390869832,-0.98592,-0.07705320971890925
177,0.003785937585793285,-0.14763,-0.1320231494571936,-0.1370643704273937,-0.33942,-0.12566820424969158,-0.2500221772469251,-0.14145,-0.29867159721792624,0.14127702866090108,-0.31284,-0.14125853309710862,0.2793934797832395,-0.14205,-0.29082444542131003,-0.2728820470003152,0.079542,-0.4182385126036551,0.3320360431704761,0.063684,-0.3954451542700881,-0.05290859084285235,-0.68408,0.12140184723068936,0.0709601543567892,-0.68279,0.11763503907705668,-0.175855451465512,-0.59653,-0.19725984155387774,0.18470664417089355,-0.60763,-0.19591028967138738,-0.14693452430888787,-0.99884,-0.10683819993860272,0.1573911812954166,-0.98498,-0.07820378299950267
178,0.003462116695946031,-0.12858,-0.1320168224279908,-0.13706265798800402,-0.31963,-0.12548572940881939,-0.2502852934017499,-0.12177,-0.2978027071851429,0.1410650095874385,-0.29201,-0.14125161121238894,0.2793934797832395,-0.12507,-0.29082444542131003,-0.2732992113472946,0.098772,-0.41766739623406895,0.33184372025207376,0.081706,-0.39544170534892165,-0.05427518617895813,-0.66688,0.12227237935952433,0.06935825480473395,-0.66316,0.11974526508986313,-0.17575387620069144,-0.59301,-0.19869934927027827,0.1840990376416104,-0.60702,-0.19636163688315728,-0.14749928960688416,-0.99526,-0.10710417015907697,0.15781332800330566,-0.984,-0.07961045856871486
179,0.002900671731057892,-0.10692,-0.13199905866144893,-0.13704710177917495,-0.29985,-0.12487921642102204,-0.25088738413883,-0.10225,-0.29626479082060214,0.14085125403219925,-0.27104,-0.14125453740519936,0.2792011568648372,-0.1039,-0.29082099650014365,-0.2738977329512735,0.12182,-0.41680029076783626,0.331449226337739,0.10212,-0.3954330710248123,-0.055404595477033136,-0.64787,0.1233651001094974,0.06813446915699979,-0.64214,0.12174820235508141,-0.17545243723484497,-0.58984,-0.20021471541410932,0.18294510013119641,-0.60612,-0.1963409433561592,-0.14820373659923983,-0.99131,-0.10683779742218172,0.15834613490131955,-0.98299,-0.08113818917632497
180,0.002007760548027756,-0.085371,-0.13198377405416842,-0.1370304279864731,-0.27965,-0.12397842677596776,-0.25146761568026527,-0.081647,-0.2936239138150747,0.14049788890976167,-0.25228,-0.14124300093066655,0.27886748789745974,-0.082679,-0.29081293298916416,-0.274817413718546,0.14623,-0.4142417194308771,0.3308669038828801,0.12451,-0.39441650791385113,-0.05468919011341507,-0.62661,0.12510733980761776,0.06713684323693467,-0.62032,0.1228684574704967,-0.174812786838969,-0.58648,-0.20107891872991854,0.18121650116048205,-0.60431,-0.1962392300411745,-0.14925862252122268,-0.98689,-0.1067736437659929,0.1588533674324425,-0.98187,-0.08246543299694371
181,0.0010489195183813853,-0.060128,-0.13191624717162007,-0.13712624703522075,-0.25337,-0.12227592311667743,-0.2524197187881646,-0.057778,-0.29119163100423046,0.1400268215005445,-0.22756,-0.14045929467448795,0.27806952915126304,-0.058528,-0.2887733835684911,-0.27589828094417573,0.17222,-0.41063929996049897,0.3301871461094318,0.15385,-0.3925704230378401,-0.05428483136930372,-0.60261,0.126640414497925,0.06618199789919756,-0.59571,0.12336175898174687,-0.17438173063777618,-0.58265,-0.20157125047926366,0.1792584702137644,-0.60218,-0.1958838220900872,-0.15034074538088932,-0.98256,-0.10663360763998656,0.159278889150514,-0.98052,-0.08356502940810986
182,-0.00022961393308318714,-0.033894,-0.13112216832573254,-0.13732987220844384,-0.22728,-0.12014823968420212,-0.25374386175923697,-0.032421,-0.2877595550446749,0.1392405675255895,-0.20355,-0.1392747674747718,0.2772453548817073,-0.032759,-0.2856731679673752,-0.2772955965737381,0.19792,-0.4058945756237876,0.32959473515317284,0.18036,-0.38982585581168144,-0.054215396140623935,-0.57688,0.127206964362472,0.06504358417910244,-0.56998,0.12338986951178779,-0.1741059604245458,-0.57841,-0.2017924987323525,0.1772233670861955,-0.59971,-0.19533204744391433,-0.15117550063365615,-0.97832,-0.10658796042782423,0.15940214639515599,-0.97912,-0.08470880939204177
183,-0.0018294999729200588,-0.006904,-0.12974340451001384,-0.13767203744976647,-0.2032,-0.11736656340044252,-0.2549951686652372,-0.005555,-0.2832233527754857,0.1384170842810986,-0.18093,-0.13697686074340892,0.2763260766308558,-0.003051,-0.28184538434006406,-0.27888547554557264,0.22202,-0.39942013473248916,0.32893535835569176,0.21095,-0.3845816855018094,-0.054195800343173256,-0.55096,0.12750813707823866,0.06464613584150862,-0.54333,0.12339902478043016,-0.17377229145716838,-0.57451,-0.20180056224333198,0.1750213934113574,-0.59539,-0.1945173008972386,-0.15196681979961926,-0.97372,-0.10646873804075091,0.1593887478754428,-0.97755,-0.08541826092644669
184,-0.0034727290320916114,0.021766,-0.1270267892889908,-0.13803920446102733,-0.17705,-0.11392045133235164,-0.2562830378580954,0.022531,-0.27820345308106087,0.13761841046745002,-0.1566,-0.1339623756896407,0.27561934018182266,0.026708,-0.27761844412383097,-0.28051094347471434,0.24677,-0.39113195917864546,0.32823877633106185,0.23893,-0.3783967624236327,-0.054195800343173256,-0.52292,0.12750813707823866,0.06475065405138608,-0.51509,0.12328920700498366,-0.17350929551427857,-0.57057,-0.2018063184594049,0.1726867560964276,-0.58992,-0.19364869937309911,-0.15262028992254767,-0.96944,-0.10620119963520892,0.15937031355857728,-0.97612,-0.08615627188568897
185,-0.005438628978727395,0.051804,-0.12341047439675348,-0.13874594091006037,-0.14813,-0.10969351111611857,-0.257500354238401,0.051465,-0.27232272686483217,0.13700494534838817,-0.13224,-0.12978234452376472,0.27480867308828855,0.058035,-0.27167741568900083,-0.2823729095189009,0.27847,-0.3817663474821092,0.32756378903581995,0.27496,-0.36920998430770635,-0.05420801217650713,-0.50013,0.1270127313141153,0.06486983564382594,-0.49397,0.12270970743809557,-0.17325614764891883,-0.56667,-0.20181033819370114,0.17032716509633358,-0.58442,-0.1924609155913125,-0.15341803228726147,-0.96543,-0.10571529108461454,0.1593574359833971,-0.97469,-0.08686276899683484
186,-0.00739138455711187,0.082692,-0.11933953523593464,-0.13983154293743819,-0.1194,-0.10536930387800508,-0.2585278473343068,0.081573,-0.26513510848752064,0.13633269097572698,-0.10792,-0.12524467132503855,0.2737580589585431,0.087861,-0.2648512740298804,-0.2843902817629848,0.31382,-0.3712665184726063,0.32685397593549675,0.30982,-0.3595296606890142,-0.05429542693279587,-0.47724,0.12701799062804223,0.06486148672628152,-0.47282,0.12234562599723951,-0.1730106607781176,-0.56238,-0.20087881460502277,0.16796854742579043,-0.57769,-0.1899430945722165,-0.15398175212854598,-0.96158,-0.10516910435780566,0.15933280020073246,-0.97326,-0.08757836251148719
187,-0.009002294735345074,0.11544,-0.11409005217589295,-0.1409820858156176,-0.091381,-0.10060716663875309,-0.25946687602915036,0.10962,-0.2567547311028046,0.13575698677367146,-0.082148,-0.11975632096525504,0.2726018257872939,0.11974,-0.2566661457563771,-0.28614537313163063,0.3465,-0.3597975100460811,0.32617517908328364,0.3477,-0.347945804041359,-0.05454955960590862,-0.45376,0.12702218401051613,0.06483846186198985,-0.4498,0.12129364222568008,-0.1727889859662208,-0.55786,-0.19950645886478247,0.16576792555453723,-0.57023,-0.1863564717345373,-0.15445224872463323,-0.95807,-0.10432457315466967,0.1593047413231114,-0.97159,-0.08825578165750142
188,-0.010637278336660679,0.14769,-0.1086027762011101,-0.14228850953727626,-0.061839,-0.0954621440868601,-0.26006086757879265,0.13957,-0.24682066476323583,0.13560787735643215,-0.054453,-0.11392178873193158,0.27105554499481427,0.14924,-0.2471226497663948,-0.2878208267624196,0.37696,-0.3461492224197495,0.32552649727679084,0.38421,-0.3363063318920765,-0.05617378989511179,-0.43014,0.12517618374842648,0.06360099965554253,-0.42638,0.11917635899294657,-0.17260323050089119,-0.55311,-0.19810746104237523,0.16396686278862685,-0.56177,-0.18171317840832463,-0.154773311718379,-0.95484,-0.10332361433731153,0.1592384816302265,-0.97004,-0.0887467344587958
189,-0.01193495900047718,0.18188,-0.10259618266610569,-0.14383892407182938,-0.029536,-0.08951252941269451,-0.2606972257161399,0.17007,-0.236320643414637,0.1356354162206541,-0.023885,-0.10743096054047886,0.26924788452928633,0.18271,-0.23670041566609903,-0.2892930879829513,0.40683,-0.33152133648573573,0.32513081908133584,0.42156,-0.3236351188970376,-0.05731644919309198,-0.40623,0.12324526952745775,0.0624772283777017,-0.40268,0.1168054808613042,-0.1722883805285711,-0.54835,-0.19609150729912367,0.1624008920452447,-0.55419,-0.1763700767219564,-0.15500640899703147,-0.95124,-0.10170860174953246,0.1591093390384621,-0.96842,-0.08901843685295599
190,-0.01326775149635575,0.2153,-0.09570606937509737,-0.14527691789209396,-0.000438,-0.0838467484627388,-0.26150109734104715,0.20448,-0.2251005948224664,0.1357489812761592,0.005033,-0.10137365685169389,0.2675874465407414,0.21622,-0.226882934029437,-0.29104464046504064,0.44452,-0.3163466449270092,0.3249058628707373,0.45532,-0.3097653425937473,-0.0586022757131697,-0.38222,0.12066941798665327,0.06145209050560728,-0.37909,0.11415320007993929,-0.17188442321489802,-0.54361,-0.19333984989153635,0.16111414043625927,-0.54609,-0.17105590037027465,-0.15522328308417702,-0.94803,-0.10011675828036698,0.15894489778185736,-0.96698,-0.0891448016942935
191,-0.01414668403928574,0.24931,-0.08833242206966034,-0.14688991789776812,0.031123,-0.07773378428963136,-0.2619486295659324,0.23759,-0.21445109178675203,0.13564509429609717,0.03327,-0.09539783084223095,0.2659159467212456,0.24899,-0.2166674855148868,-0.2926455215489807,0.48171,-0.301584382913514,0.3245059004747292,0.48894,-0.29544838306730525,-0.06005648450468715,-0.3577,0.11756477214683941,0.06030084078023006,-0.3554,0.11109667704390326,-0.17121585368849337,-0.53894,-0.18972096680578146,0.15977227201161537,-0.53761,-0.165132903735889,-0.1553978627107787,-0.94529,-0.09857298953020535,0.1587019452903831,-0.96568,-0.08914054882626789
192,-0.014904366877907636,0.28215,-0.08058210712663655,-0.1487077417068137,0.063091,-0.07128515330319193,-0.2623088149736282,0.26895,-0.20290310640089,0.13613308577213445,0.065581,-0.08917503136616596,0.26434989764654454,0.27986,-0.20660263627132494,-0.2943026610748391,0.51946,-0.28633495051122976,0.32429203013746855,0.52407,-0.28214920040524516,-0.06158015256727137,-0.33311,0.1140662032058207,0.058986056506955625,-0.33052,0.10764251038394747,-0.17009101601363263,-0.53318,-0.18460862485661433,0.1584796439746221,-0.52906,-0.1592185895103867,-0.15557822259584023,-0.94317,-0.09711958995959148,0.15831782039811143,-0.96421,-0.08913069656067614
193,-0.015462203465590317,0.3151,-0.0723664251499871,-0.15061355348951663,0.094529,-0.06487482527344877,-0.26216108838076285,0.30013,-0.19049017858937992,0.13626937291270402,0.096795,-0.08321921514877682,0.26282021851960574,0.3118,-0.19564047034626214,-0.29605706762257794,0.55687,-0.2714643836872902,0.3236483413948228,0.55856,-0.26892654315329345,-0.06293133207152646,-0.30871,0.11072812008113957,0.057871135934707066,-0.3066,0.10411248529656111,-0.16887293105118767,-0.52772,-0.17937056519446218,0.15716960303508817,-0.52019,-0.15305750253350145,-0.15555001232860555,-0.94116,-0.09586543519209963,0.1579331745613068,-0.96177,-0.08912379871834344
194,-0.015505173051641691,0.34749,-0.06455935664672197,-0.1523110186366979,0.12462,-0.05872259737827902,-0.2619178072054067,0.32954,-0.1778808600403973,0.13639948262986146,0.12626,-0.07741360825013985,0.2614203970518831,0.34285,-0.18538153766013427,-0.29748903533059917,0.58733,-0.25499552615304744,0.32292368094896456,0.5846,-0.25662380088832626,-0.06436555208870262,-0.2838,0.10759862572224846,0.05668010394697323,-0.28157,0.10095128001942476,-0.16725645265204664,-0.5208,-0.17302485817434926,0.15578363154096272,-0.5104,-0.14657839896761582,-0.15551778232707467,-0.93798,-0.09435813255924803,0.15770907581021434,-0.95854,-0.08889744556559581
195,-0.015314188053363039,0.37882,-0.05578826830316776,-0.15415163844179186,0.15564,-0.0520577226808,-0.26164031912287306,0.35824,-0.16548065841445378,0.13656603620576488,0.15731,-0.0708254409096457,0.2605981632372713,0.37305,-0.17541738031723225,-0.29815327955007886,0.61502,-0.23975869972439476,0.3220714460964096,0.61081,-0.24337452559659464,-0.06584119592129567,-0.25878,0.10450486744479205,0.05564780686836814,-0.2567,0.09771131416443439,-0.16559132872077187,-0.51423,-0.166576031746735,0.15421694573012873,-0.50077,-0.1402603616481525,-0.1554809136933436,-0.93476,-0.09288211064076352,0.1574444929913385,-0.95444,-0.08872792585595791
196,-0.015150933870259717,0.40851,-0.047554528079448086,-0.15557911006655675,0.18417,-0.045410864117501774,-0.26155396424770805,0.38594,-0.15330061150011332,0.13693389075288948,0.18571,-0.06465050706124216,0.2598918471428884,0.40146,-0.1658899873068219,-0.299402604120519,0.64236,-0.22449994197293627,0.32119273745839666,0.63309,-0.23136955699482475,-0.06720802183204323,-0.2351,0.10203976381011276,0.05485907931789384,-0.23323,0.0954438270418419,-0.16337200263648274,-0.50251,-0.15888456298377474,0.15247361342165638,-0.49165,-0.13419549623643587,-0.15549559274216979,-0.92928,-0.09146807933788312,0.1571051951551148,-0.9501,-0.08823349590304858
197,-0.014964094790096779,0.43688,-0.03896243920897405,-0.15678397007902145,0.21205,-0.038710854165989496,-0.2611256845550902,0.41386,-0.14217597323611156,0.13761194772101945,0.21276,-0.058443959007132666,0.259418484072836,0.43173,-0.1569418463041381,-0.30005759511798547,0.67189,-0.20915305020967564,0.3201993729383496,0.65672,-0.21966930798335874,-0.06760073288622587,-0.21173,0.09964558440415279,0.05372377575358182,-0.21046,0.09310544516181024,-0.16119087915128033,-0.49118,-0.15140975192647713,0.1503624533234032,-0.48303,-0.1282587039173848,-0.15526985011120276,-0.92366,-0.09018782925896726,0.15678174917165572,-0.94533,-0.08759157792091676
198,-0.01478721732967416,0.46366,-0.030801165572831562,-0.15780821729579428,0.23783,-0.03236864306583419,-0.2609005732303427,0.44007,-0.13220356004313416,0.13856413994161987,0.2406,-0.05194964218586285,0.25904843274938094,0.45802,-0.14942336494032474,-0.3011041297945893,0.70113,-0.19418390644088693,0.31949060529473816,0.67743,-0.20917682741738342,-0.06782483272330102,-0.18899,0.09738414254926842,0.05302605008557557,-0.18795,0.09086455986974255,-0.15899355651695798,-0.48529,-0.143785483224451,0.1482309006935562,-0.47782,-0.12272550191617501,-0.15526985011120276,-0.92366,-0.09018782925896726,0.15663537089317417,-0.94504,-0.08680927465517593
199,-0.014624639125787698,0.48751,-0.022289079264080868,-0.15869672507387428,0.26104,-0.02612043092728678,-0.26071200015006624,0.46135,-0.12192007618826303,0.13980135381364103,0.26409,-0.045969632333456384,0.25863522050831644,0.4814,-0.14145860884589007,-0.3016082089700366,0.72251,-0.18097571185627848,0.31902701817505497,0.69459,-0.19971254260645005,-0.06830135519833795,-0.16821,0.09532663159406438,0.052474768153487096,-0.16798,0.08861917655472644,-0.1568327240423327,-0.47929,-0.1361953973872154,0.14606072425728325,-0.47356,-0.11729617099649019,-0.15507531606744182,-0.9187,-0.08943009810227776,0.1564524045016247,-0.94504,-0.08577377125123978
200,-0.014424484976425832,0.51055,-0.014468016144754106,-0.1594141671383883,0.28389,-0.019477933965746954,-0.2605634863625881,0.48367,-0.1109999642998743,0.14099749233000775,0.28822,-0.039128406007009925,0.2582003503298176,0.50316,-0.13396220724726604,-0.3013054127706917,0.74353,-0.16728022667094597,0.31863819594131654,0.71122,-0.19051529751508978,-0.0688337297215286,-0.14703,0.08917461449663548,0.05210889400223043,-0.14799,0.08319835548172999,-0.1545774545690894,-0.47352,-0.12870319746976414,0.1439266648581421,-0.47038,-0.11206512411456138,-0.15507531606744182,-0.9187,-0.08943009810227776,0.15623798374753053,-0.94504,-0.08474389128725675
201,-0.014191965567750132,0.53132,-0.006526746994008167,-0.16070297134782704,0.30787,-0.012735705868913313,-0.26054446959852134,0.50692,-0.10196602062268192,0.1423006426409454,0.30858,-0.03283203973215718,0.2579539587674254,0.52308,-0.1263182935770326,-0.30105213926348356,0.76351,-0.1557084051837925,0.3182917643376699,0.72298,-0.18205663419610169,-0.06935374753664764,-0.12663,0.08206185585656067,0.051799215317118924,-0.1274,0.07483101187028511,-0.15101669902728,-0.46915,-0.11962357633386458,0.1397455553524975,-0.46792,-0.10410413678246441,-0.1551656852469896,-0.9187,-0.08942431784381785,0.15610753301662034,-0.94504,-0.08352573218155462
202,-0.01411733019997707,0.55046,0.00037514800388026553,-0.1617637585928938,0.32976,-0.006485548157246862,-0.25977102634460947,0.5277,-0.09435469448770528,0.1436352214882179,0.3283,-0.02676054730439176,0.25762366930901015,0.54105,-0.11938053933854449,-0.3008098073752913,0.78255,-0.14460175063546135,0.3184719194753199,0.73519,-0.17372128512564408,-0.06970242260775898,-0.10746,0.07460207176486033,0.05161697399709823,-0.10807,0.06650110778312558,-0.147432726282083,-0.46475,-0.1108729855331423,0.1357670104400917,-0.46634,-0.09689474281487113,-0.15528842868239018,-0.9218,-0.08989007963815702,0.15600642882773588,-0.94507,-0.08214114056559343
203,-0.013885211523899432,0.56637,0.0074503289146567505,-0.16255959168034242,0.34906,-0.000575567303054348,-0.2591996338746952,0.54715,-0.08760131676649605,0.14497093839410433,0.34636,-0.021373653083476597,0.257651778986362,0.5565,-0.11282888620013437,-0.2999115057301681,0.79871,-0.13507297557492134,0.3187489391184294,0.74724,-0.16627628276719372,-0.06996128248278154,-0.090511,0.06695484373340321,0.0514311149162109,-0.09157,0.057943370617142276,-0.14406179402467345,-0.46155,-0.10310025655832557,0.1320294063681892,-0.46533,-0.09021929969836584,-0.1553740630601899,-0.92581,-0.09060608714743248,0.15592700483484986,-0.94519,-0.08086394526754616
204,-0.013699627534782047,0.58058,0.013823931944575013,-0.16304152943410363,0.36544,0.004638331142590681,-0.2586889220974163,0.56412,-0.08188312881220942,0.14574779047238928,0.36073,-0.017025493720198345,0.2575854757074828,0.57068,-0.10635197390528198,-0.29866038573335035,0.81388,-0.12578918869921363,0.31889341533338217,0.75887,-0.15964055924799003,-0.07014933593678101,-0.075987,0.05917937198575737,0.05152716562456271,-0.077377,0.04917041061145293,-0.14056167109072554,-0.4586,-0.09540107871603282,0.12843813248999428,-0.46421,-0.08398090632091725,-0.15546026825111947,-0.92991,-0.09138291960366537,0.15586762429337944,-0.94569,-0.07958825331754621
205,-0.013426285060666432,0.59366,0.01938799717530734,-0.16338866990104417,0.38034,0.00986806282750648,-0.25816191500146957,0.57985,-0.07670599026656263,0.14666241768272506,0.37478,-0.012414262098807659,0.2576968572476621,0.58315,-0.1004222289569299,-0.29718318651214765,0.82749,-0.11764192643137925,0.3190313169599705,0.76992,-0.15321488518674292,-0.07032454842217215,-0.063088,0.051125439990454505,0.05163488922863739,-0.064786,0.04018722990386805,-0.13738118101561972,-0.45631,-0.08865081332257209,0.12484732968773542,-0.463,-0.07779742904390798,-0.15551055409548195,-0.93377,-0.09218639414206516,0.15581424574332056,-0.94717,-0.07856646090692965
206,-0.01327497940804727,0.60522,0.02440392646104149,-0.16369659348986484,0.3938,0.01468673972718006,-0.25756942028397833,0.59276,-0.07173333001175483,0.1476882999387026,0.38774,-0.008035887332199575,0.257828827226177,0.59184,-0.09466365969670813,-0.2955591432879961,0.83697,-0.11154125568087261,0.3195396991837787,0.77838,-0.1469916194432192,-0.07018259332554166,-0.051646,0.04300441310030444,0.05172927736619642,-0.053424,0.03128966558100484,-0.13403565304456933,-0.45436,-0.08148286085377604,0.12142726756125131,-0.46166,-0.07179738737313693,-0.15546985186239276,-0.93893,-0.0932800775186516,0.15576486110134805,-0.94959,-0.0775220179179938
207,-0.012964453344931081,0.61509,0.02918260301047707,-0.1640274644643475,0.40567,0.019144924716415587,-0.25692302250424937,0.60481,-0.06697325964353953,0.1487581356583711,0.39723,-0.0043872310681865555,0.25811246419095607,0.59964,-0.08856323355813299,-0.2939308879904523,0.84533,-0.10656845117174289,0.3222318327267075,0.79307,-0.13926776075814232,-0.06989641888037706,-0.042131,0.035044794944454574,0.051846718055504344,-0.044043,0.022413422136591272,-0.1306605808409286,-0.45281,-0.07432011783030999,0.11795950383832864,-0.4612,-0.06560717326036333,-0.15526641902826557,-0.93883,-0.09402674684439025,0.15572601912961628,-0.95305,-0.07647537217982257
208,-0.012646618392089118,0.62391,0.033058291974100436,-0.1640693661802741,0.41713,0.02385983089217374,-0.25648797681530516,0.61394,-0.06283594949701546,0.14988252094821394,0.40608,-0.0006019719330697844,0.25872532739765414,0.60645,-0.08301435622214189,-0.2922476120467981,0.85136,-0.10151395989194875,0.32504219128477174,0.80647,-0.13190999338106962,-0.06953637485719753,-0.033381,0.0274234891966596,0.0518906592647081,-0.035427,0.01386898258972024,-0.1271974672273878,-0.45497,-0.0662549532256842,0.11450955018289881,-0.46126,-0.05960389175976831,-0.15521936572358658,-0.94176,-0.09496923609447154,0.15581155555404513,-0.95705,-0.0754719816675613
209,-0.012242715212498968,0.63063,0.037030501714473786,-0.1641082713600522,0.42546,0.027439977172283872,-0.2559659387408185,0.62058,-0.05941462281737985,0.15100848954639698,0.41329,0.0022132756077169573,0.2591207866535591,0.61313,-0.077892210092157,-0.2905358132848783,0.8573,-0.09744946176810984,0.3277590514284444,0.81929,-0.1253704203858563,-0.06925334011652065,-0.027285,0.02412218652414229,0.052140346419981276,-0.028697,0.008766100627094453,-0.12409699778450778,-0.45722,-0.05851881476817408,0.11117241440670979,-0.46192,-0.05382460384417877,-0.15486362117908142,-0.94376,-0.09542797983454307,0.15592117920657275,-0.9616,-0.0743895734013297
210,-0.011948293912777661,0.63577,0.040566089515430004,-0.16405363539213352,0.42874,0.030283692156421627,-0.2555984181505998,0.62357,-0.05583302965011961,0.15193211171664697,0.41683,0.004629599693311167,0.25923511486129,0.6181,-0.07315509556315129,-0.2893165386113996,0.8618,-0.0924350057387271,0.33045574255729776,0.83123,-0.11917558237703285,-0.06892178067606075,-0.023709,0.02220752380255346,0.052446414401073047,-0.026624,0.00728850447423319,-0.12269361152557397,-0.45722,-0.053611964148047586,0.11002047342399447,-0.46192,-0.05108596531886353,-0.15453106979557688,-0.9462,-0.09573032000277942,0.15600061211857336,-0.96189,-0.07365114844746432
211,-0.01140228696087984,0.6402,0.043668407585596127,-0.16398738903869814,0.43186,0.03336601602335328,-0.2547710878888565,0.62647,-0.05206240985517825,0.15282648708206503,0.42005,0.006995232316043046,0.2596232034151032,0.62199,-0.06876580321991427,-0.28756249347370993,0.86615,-0.08807332880720783,0.3337638622591659,0.8432,-0.11210460733549071,-0.06855503735380225,-0.020705,0.02055574526546721,0.05255662220618007,-0.024593,0.005840366621784918,-0.12133170135489266,-0.45722,-0.04870998529385055,0.10894478803366192,-0.46192,-0.048087622953318004,-0.15464979349668123,-0.95148,-0.09594293393175889,0.15607049438080223,-0.96198,-0.07296688792001459
212,-0.010768182060760335,0.64417,0.046435332227801704,-0.16393156335974568,0.43435,0.03598612737472168,-0.25468648112953945,0.62894,-0.04812731878936059,0.1537306606564163,0.42288,0.009301257933299896,0.26035575116569604,0.62518,-0.06449614307031204,-0.2866157983543943,0.86939,-0.08495027447673838,0.3370124446784812,0.85454,-0.10554404811657381,-0.06858404916365747,-0.018173,0.019233698248569204,0.0529343167644093,-0.02274,0.004584704318184134,-0.12004559974304499,-0.45722,-0.04394999961698105,0.1079811039341016,-0.46192,-0.04485720363746215,-0.15441691259951162,-0.95148,-0.09600430564945919,0.1561417159598556,-0.96206,-0.07233261945423913
213,-0.0100493025701818,0.64781,0.04902077885808158,-0.16318007105069174,0.43692,0.03857800860453001,-0.2538158145181862,0.63098,-0.04439886486690498,0.15465217322232439,0.42571,0.011475267038817509,0.2613199883186018,0.62778,-0.06046737505602329,-0.28568128264990234,0.8723,-0.08172352992563771,0.3402365168785356,0.86533,-0.0993528440778721,-0.06859617925287562,-0.015939,0.018151361489082786,0.053277663806209394,-0.021158,0.0037158833879072876,-0.11894356163187844,-0.45557,-0.03942766205753942,0.10721229760701174,-0.4607,-0.041673331650175824,-0.15403062645047827,-0.94624,-0.09531084836089343,0.1561024509969617,-0.96206,-0.07157631114231275
214,-0.009075414952886097,0.64989,0.05155516811564996,-0.16257278064008526,0.43844,0.040467255638981944,-0.2528931790169366,0.63255,-0.040721206952982876,0.15574760378362504,0.42766,0.013944561651732013,0.26239151243527303,0.62994,-0.056463617187795974,-0.28477861847290736,0.87264,-0.07856224895369453,0.343498714199047,0.87559,-0.09363647419462905,-0.06818344623057686,-0.014152,0.017370833172937798,0.053660024606671554,-0.019913,0.0030625617073624482,-0.11793640933670191,-0.45421,-0.035328273291598745,0.10669572103579636,-0.45972,-0.03855627395964916,-0.1542229493688806,-0.94624,-0.09530739943972709,0.15604956756522595,-0.96206,-0.07078206159547759
215,-0.008075917525534675,0.6513,0.054050517167930606,-0.16209753497166662,0.43971,0.042125929071170846,-0.2520741357829473,0.63386,-0.03734311145687024,0.15668442143155475,0.4291,0.016032607076172625,0.26339896037438504,0.63149,-0.05282325338043016,-0.28385797058024176,0.87598,-0.07558691578617693,0.3467318383629041,0.88529,-0.08796981096649531,-0.06763923447074273,-0.012811,0.016725528159430025,0.054031478610866705,-0.01904,0.002525906396415662,-0.11717689981761958,-0.45316,-0.031654345517346326,0.10645878480631696,-0.45902,-0.035580928227946694,-0.153848247779154,-0.94005,-0.09462205374691479,0.15600601126648725,-0.96203,-0.06999250295367815
216,-0.007132379871511501,0.65292,0.05613636224737454,-0.1616179222725964,0.44123,0.044039719984225505,-0.2512828023464009,0.63534,-0.0342373414408833,0.15773998682297588,0.43086,0.0181606396662506,0.26459483527718397,0.63328,-0.0494963720755358,-0.28295468750534286,0.8785,-0.07271006339396052,0.348473898208689,0.88782,-0.08448233387069898,-0.06706444861044576,-0.01104,0.016167235928781356,0.0544189653287202,-0.017709,0.0020859358934417396,-0.11658307291859557,-0.45159,-0.028344173525742943,0.1064932277170294,-0.4578,-0.032909321466856725,-0.15352395224572482,-0.93323,-0.09387704877579187,0.15595144300539462,-0.96166,-0.06874710691029222
217,-0.006220662489882173,0.65431,0.05793232895531625,-0.16122146122441872,0.44209,0.04571228527062776,-0.25065935908762554,0.63658,-0.03145025918463616,0.15883541560045358,0.43247,0.020226810228782578,0.2656956266734282,0.63467,-0.046420797608553305,-0.2821840199857617,0.88078,-0.07012460955096456,0.35019070515772827,0.88927,-0.0810228976594457,-0.06645583679866844,-0.009483,0.015639534628266453,0.054856030113624846,-0.016451,0.0017083033024273275,-0.11626288972136474,-0.4501,-0.026355561265846345,0.1065436444762643,-0.45662,-0.030550236442872157,-0.1531950421224825,-0.92651,-0.09299069775569388,0.15590419201015102,-0.96121,-0.06763297570462186
218,-0.00540351728722932,0.65543,0.05954899395394194,-0.1608241061091428,0.44276,0.047620271882835526,-0.2501550865635037,0.63752,-0.028993501520271255,0.1598680113476487,0.43411,0.022570101722147105,0.2666480263563969,0.63561,-0.04349574190927489,-0.2816039148604192,0.88259,-0.0676984854726142,0.35199053997807933,0.89069,-0.07726535010559468,-0.06586937385458698,-0.008155,0.015256883069770591,0.05530158442532558,-0.015426,0.0015170277019841798,-0.11595386987610148,-0.44881,-0.024487847225840895,0.10659247257569028,-0.45564,-0.028430511975705154,-0.15292812261484434,-0.91972,-0.09205279905303873,0.15591565814134575,-0.96005,-0.06635860624177546
219,-0.00464267496619843,0.65623,0.061140046738273224,-0.16041538995133464,0.44297,0.049477514759345365,-0.2497130539979705,0.63825,-0.02677454879184099,0.1610053650307509,0.43573,0.02516197876389384,0.2675584290065801,0.6363,-0.040578512399184995,-0.2812171781101909,0.88294,-0.06608106942038061,0.35363188744846324,0.89234,-0.07354281340578037,-0.06531120416268753,-0.006875,0.015047781192579442,0.05575858509132013,-0.014423,0.0014943254712450928,-0.11566826849243628,-0.44753,-0.022925708995834182,0.1066390432488066,-0.45467,-0.02632359000932731,-0.15270865892830615,-0.91336,-0.09144162339065429,0.15595800782195532,-0.95899,-0.06513943828593334
220,-0.003994683563334321,0.65678,0.06277638384957218,-0.1601106872681261,0.44302,0.05114798184218343,-0.24932254507260748,0.63874,-0.024790213442356976,0.16221666701132936,0.43731,0.02794288662138332,0.26849919426164515,0.63708,-0.0377194388193584,-0.28118608973491976,0.88294,-0.06469541668144382,0.3545835168439145,0.89303,-0.07091006474825282,-0.06479326438710958,-0.005809,0.015036673138101938,0.05625317969586813,-0.013445,0.0014832720938418777,-0.11540883811500188,-0.44646,-0.02145440621283394,0.10679379316896355,-0.45372,-0.024409380913587915,-0.15270295079700724,-0.91196,-0.09083337392108026,0.15602198782996649,-0.95812,-0.06408553717170351
221,-0.00340808311208011,0.65715,0.06431794147437521,-0.1597609357959179,0.44302,0.052958757893407926,-0.2489814760092826,0.63904,-0.023028677778783084,0.16350370363975758,0.4387,0.030980543895844044,0.2693985813818286,0.63789,-0.035152620008447086,-0.28115733269694215,0.88294,-0.06320781020365251,0.35463465402206995,0.89303,-0.06831654320621576,-0.06426941576501358,-0.004792,0.015024523194558432,0.05677505870245811,-0.012478,0.0014714694466537066,-0.11518808141259032,-0.44542,-0.020144845035057063,0.10703610807161573,-0.45278,-0.022747206287397074,-0.15267752246826105,-0.9107,-0.09040122417840168,0.15610253832583987,-0.95719,-0.06305283556058122
222,-0.0028577895553904813,0.65741,0.06575725033680394,-0.1593246594464576,0.44302,0.054914714678948345,-0.2486706457712588,0.63927,-0.021265871900891235,0.16484920983546264,0.44054,0.03429221085937151,0.270225980203087,0.63874,-0.032706128604297016,-0.2811233662136346,0.88224,-0.0616906594932708,0.3547105765886807,0.89303,-0.06483381657843126,-0.06368572700371318,-0.003826,0.015011976086062698,0.057349710545803734,-0.011542,0.0014595003640039649,-0.11494899369815287,-0.44442,-0.0190192620461997,0.10736735309979743,-0.45188,-0.021156560905388592,-0.15294813132093546,-0.90951,-0.08980517816603831,0.15618484934587692,-0.95629,-0.062182912635270905
223,-0.00241831300733252,0.65762,0.0671957906955381,-0.15888389228676497,0.44304,0.05706890322940916,-0.2485146322290842,0.6395,-0.01969002267756493,0.1658230145452355,0.44168,0.03659002033520371,0.2709942905591647,0.63962,-0.03024921830948694,-0.2812968522987504,0.88121,-0.059679987322510175,0.3547847626735148,0.8924,-0.06136093802817687,-0.0631160707058778,-0.002927,0.015098368807610802,0.05791779679732402,-0.010654,0.0015888178447775823,-0.11487288414391493,-0.44347,-0.01812692167629945,0.10768478018474965,-0.45103,-0.019759456383264807,-0.15318919594101943,-0.90837,-0.08921434159900497,0.15623838463701814,-0.95542,-0.06141859727326225
224,-0.0020621407406122734,0.65776,0.06865714325957574,-0.15842866245972906,0.44301,0.05936270134706836,-0.2483742710652866,0.63966,-0.018030179388667633,0.1668268862159546,0.44298,0.03928869883934749,0.27159014780007795,0.64066,-0.027791347249310837,-0.2815520251545307,0.88191,-0.05761429450563907,0.3543467970743628,0.88571,-0.058258756999616586,-0.06251035026416198,-0.002089,0.015366256370755494,0.05855472163818429,-0.009858,0.0019933629561003138,-0.11478655517340457,-0.44257,-0.017406974936011933,0.10801433681592869,-0.45028,-0.01852391260547062,-0.15330278232395475,-0.90837,-0.0888795310053678,0.15626267312332742,-0.95458,-0.06070497337411593
225,-0.0017600806274721062,0.65776,0.07016865432074922,-0.15825957543563252,0.44303,0.06107028167556895,-0.2482773700306797,0.6398,-0.016271284511339225,0.16754543523984866,0.44363,0.04175133711978188,0.27188694192956653,0.64126,-0.025071565411607467,-0.2819265406093192,0.88258,-0.05547678703802063,0.3537619785531472,0.87914,-0.055125604705641186,-0.06191727790896725,-0.00199,0.015775487578636536,0.059217274902594076,-0.009747,0.0026411531781783664,-0.114713349553413,-0.44241,-0.01687662982459707,0.10837827400246283,-0.4502,-0.017496500942962546,-0.1534342802953997,-0.90837,-0.08887665289733135,0.15630777178092392,-0.95411,-0.06050679388203112
226,-0.0014290735414971521,0.65776,0.07180402042931155,-0.15808756578637143,0.44306,0.06175785834806524,-0.24817895603107068,0.64002,-0.014561396887932072,0.16809301828737053,0.44424,0.04393543162462059,0.27200738877299807,0.64197,-0.022257732339460608,-0.2824001316949258,0.88329,-0.053210112936250824,0.35305057229423537,0.87272,-0.05230725321322917,-0.061368072464870256,-0.00199,0.016292980941081135,0.05986926866709218,-0.009744,0.0034075793853604944,-0.11469273350504462,-0.44237,-0.01641418417530445,0.10874546063577577,-0.4502,-0.0165082484568456,-0.15342502707338646,-0.90743,-0.08876658756272335,0.15636306581240592,-0.95368,-0.060308381256216945
227,-0.0010755228271128025,0.65776,0.07337143961139346,-0.15799724469159762,0.44306,0.0620973316162895,-0.2480925477981077,0.64033,-0.012746834236140682,0.16860721101618348,0.44476,0.04587257251718259,0.27207147565349465,0.64272,-0.01947559397630392,-0.28343344871373055,0.88399,-0.05037460152935285,0.35217455113054114,0.86645,-0.04961625136990765,-0.060827169094375265,-0.00199,0.016941912789418975,0.06051197555023528,-0.009742,0.004305617726613529,-0.11456388834103867,-0.44235,-0.016086580872951915,0.10910078932441042,-0.4502,-0.01564483342163185,-0.15357565038676174,-0.90719,-0.08869941154417614,0.15640679932696805,-0.95366,-0.06029070698949832
