FrameNo,head_x,head_y,head_z,left_shoulder_x,left_shoulder_y,left_shoulder_z,left_elbow_x,left_elbow_y,left_elbow_z,right_shoulder_x,right_shoulder_y,right_shoulder_z,right_elbow_x,right_elbow_y,right_elbow_z,left_hand_x,left_hand_y,left_hand_z,right_hand_x,right_hand_y,right_hand_z,left_hip_x,left_hip_y,left_hip_z,right_hip_x,right_hip_y,right_hip_z,left_knee_x,left_knee_y,left_knee_z,right_knee_x,right_knee_y,right_knee_z,left_foot_x,left_foot_y,left_foot_z,right_foot_x,right_foot_y,right_foot_z
2,0.013142850000000001,0.7355945,0.03155268,-0.18341400000000002,0.521968,0.02887518,-0.34329750000000003,0.7103435,-0.07903265999999999,0.19611900000000002,0.531639,0.04320516,0.3629115,0.693253,-0.04267374,-0.42827400000000004,0.944471,-0.1744812,0.4203255,0.9397589999999999,-0.0878373,-0.0816942,-0.0032509,-0.0391935,0.07794885,0.0022372499999999997,-0.03747786,-0.131313,-0.49843649999999995,0.01680552,0.1322895,-0.496413,-0.00822018,-0.160272,-0.8628565,-0.06632652,0.18464250000000001,-0.882341,-0.08717532
3,0.013293,0.7356039999999999,0.032385000000000004,-0.183267,0.522158,0.029183220000000003,-0.3430455,0.710239,-0.07887048,0.19603500000000001,0.5313065,0.04337244,0.3627435,0.6931865,-0.04234836,-0.42722400000000005,0.944034,-0.17442000000000002,0.420189,0.9398255,-0.08782608,-0.08166585,-0.00338675,-0.03902724,0.07791000000000001,0.0021070999999999998,-0.037130039999999996,-0.1313025,-0.4985885,0.016851420000000002,0.13204800000000003,-0.49666,-0.00858942,-0.162015,-0.857698,-0.06407232,0.18112499999999998,-0.8993269999999999,-0.0928149
4,0.0133875,0.7355945,0.03246354,-0.1832565,0.522158,0.029172,-0.34260450000000003,0.709897,-0.07866036000000001,0.196056,0.531354,0.043512180000000004,0.36265949999999997,0.6930915,-0.0422637,-0.4268985,0.9434735,-0.1741242,0.42000000000000004,0.9399489999999999,-0.08795358,-0.0816942,-0.0035701,-0.0389283,0.07782705000000001,0.0020558,-0.03698928,-0.13137600000000002,-0.49877849999999996,0.016876920000000004,0.13198500000000002,-0.49671699999999996,-0.00854862,-0.16402049999999999,-0.8758525,-0.07455384000000001,0.18592350000000002,-0.897636,-0.1112718
5,0.01341165,0.735623,0.0327165,-0.18319349999999998,0.5224145,0.0297636,-0.34242600000000006,0.709897,-0.0785553,0.195972,0.531658,0.04284102,0.36223950000000005,0.692398,-0.04205358,-0.42612150000000004,0.9418394999999999,-0.1736856,0.4198425,0.939987,-0.08805048,-0.081711,-0.0036660499999999997,-0.0387447,0.07782075000000001,0.0020206499999999997,-0.036692459999999996,-0.1314705,-0.4990255,0.01618944,0.1321005,-0.4967835,-0.008574120000000001,-0.1698795,-0.9132825,-0.11522940000000001,0.1912155,-0.89965,-0.121839
6,0.0133959,0.7357845,0.033110219999999996,-0.18315150000000002,0.5224239999999999,0.02978298,-0.342405,0.7100110000000001,-0.07846962,0.19439700000000001,0.5301855,0.04080816,0.36228150000000003,0.6924549999999999,-0.0420087,-0.4257015,0.9414594999999999,-0.17350200000000002,0.4198425,0.9403385,-0.08784138,-0.0822738,-0.003989049999999999,-0.038694719999999995,0.0777231,0.00196935,-0.03671694,-0.13163850000000002,-0.49938649999999996,0.01617924,0.132111,-0.4968215,-0.00861288,-0.169806,-0.9130735,-0.1156068,0.193746,-0.8965434999999999,-0.123522
7,0.013663650000000001,0.7342835,0.03449742,-0.18306750000000002,0.5208755,0.03006858,-0.342594,0.708947,-0.07799532,0.1949325,0.5292925,0.04279104,0.36223950000000005,0.691011,-0.04132224,-0.4252185,0.9407089999999999,-0.1728798,0.41981100000000005,0.938752,-0.08737524,-0.08200185,-0.005199349999999999,-0.038623319999999996,0.0778638,0.0008987,-0.036598620000000005,-0.13154400000000002,-0.5005455,0.016345500000000002,0.13217399999999999,-0.4978854999999999,-0.00884034,-0.1646085,-0.8783509999999999,-0.07623378,0.19152000000000002,-0.9028419999999999,-0.1225428
8,0.013774950000000001,0.7330389999999999,0.03532056,-0.183015,0.5196500000000001,0.03044904,-0.342468,0.7078545,-0.07754346,0.19472250000000002,0.5280005,0.042809400000000004,0.362145,0.6896049999999999,-0.040787760000000006,-0.424809,0.9392079999999999,-0.172227,0.419748,0.9377165,-0.08693868,-0.08202285000000001,-0.006518899999999999,-0.03853254,0.0778785,-0.0002622,-0.03646704,-0.13158599999999998,-0.501904,0.016151699999999998,0.1322055,-0.4990825,-0.00907392,-0.1655955,-0.8831199999999999,-0.08168364,0.1915935,-0.9032789999999999,-0.1219818
9,0.013891500000000001,0.7317755,0.03617328,-0.182952,0.518434,0.03083868,-0.3423525,0.7067619999999999,-0.07709262,0.19455450000000002,0.5267084999999999,0.04291548,0.362082,0.688218,-0.040258379999999996,-0.42443100000000006,0.9377354999999999,-0.17159459999999999,0.419706,0.9366525,-0.08651436000000001,-0.08203755000000001,-0.007827049999999999,-0.03845196,0.07789005,-0.0014211999999999999,-0.03634158,-0.131628,-0.5032435,0.01594362,0.132237,-0.500289,-0.00930954,-0.165606,-0.8854759999999999,-0.08179992,0.191667,-0.9037919999999999,-0.1219818
10,0.014008050000000001,0.7305119999999999,0.03702192,-0.1828785,0.5172559999999999,0.031182420000000002,-0.3422265,0.7056695,-0.07660098,0.1943865,0.5253785,0.042995040000000005,0.36207150000000005,0.6869164999999999,-0.039679019999999995,-0.424116,0.936415,-0.17099280000000003,0.41968500000000003,0.9355505000000001,-0.08608188,-0.08203440000000001,-0.009125699999999999,-0.038369339999999995,0.07790369999999999,-0.0024833,-0.03624468,-0.1316595,-0.504564,0.015726359999999998,0.13224750000000002,-0.5013814999999999,-0.0095166,-0.16683450000000002,-0.890245,-0.0872406,0.193536,-0.906262,-0.1260312
11,0.0141393,0.7292199999999999,0.03787566,-0.182763,0.5160494999999999,0.031913760000000006,-0.34213200000000005,0.7045675,-0.07607058000000001,0.194313,0.524134,0.04294812,0.3620925,0.685634,-0.03909048,-0.4238535,0.9351324999999999,-0.1704012,0.419664,0.93442,-0.08565042,-0.08202915,-0.010425299999999998,-0.03824694,0.07793625,-0.0036005,-0.03612024,-0.13167,-0.505875,0.01551624,0.1322895,-0.502531,-0.009710400000000001,-0.167286,-0.8917555,-0.08906639999999999,0.195132,-0.9083519999999999,-0.1296624
12,0.014275800000000002,0.7279374999999999,0.038698800000000005,-0.18263700000000002,0.5148334999999999,0.032642040000000004,-0.34202699999999997,0.703456,-0.07553202,0.19425,0.5229275,0.04285122,0.362103,0.684418,-0.038548860000000004,-0.4237695,0.9337834999999999,-0.1699116,0.419664,0.9332704999999999,-0.08521692,-0.08202390000000001,-0.01171635,-0.03811842,0.0779898,-0.00471295,-0.03599886,-0.13167,-0.5071954999999999,0.01536324,0.13231050000000003,-0.503671,-0.00990216,-0.167727,-0.8925534999999999,-0.09021288,0.19509,-0.9088364999999999,-0.130866
13,0.01439865,0.7266454999999999,0.0394536,-0.1825005,0.513608,0.033341760000000005,-0.34193250000000003,0.7023445,-0.07499549999999999,0.19417650000000003,0.5217305,0.042798180000000005,0.362103,0.6831355,-0.038007240000000005,-0.423759,0.9324725,-0.1694832,0.4196745,0.932102,-0.08481606000000001,-0.08201024999999999,-0.01300835,-0.03798378,0.07805490000000001,-0.0058197,-0.035853,-0.1316805,-0.5085065,0.01519698,0.13234200000000002,-0.5048015,-0.01009902,-0.1670025,-0.8884779999999999,-0.08601762,0.195384,-0.9110499999999999,-0.1338036
14,0.014502600000000001,0.725363,0.04016658,-0.182364,0.5124015,0.03402414,-0.34183800000000003,0.701233,-0.07448652,0.194187,0.5206854999999999,0.04311438,0.3620925,0.6818719999999999,-0.03751458,-0.42374850000000003,0.9311995,-0.1691466,0.4196745,0.9308859999999999,-0.08445396,-0.0819273,-0.014225299999999998,-0.03787464,0.07813575,-0.0068476,-0.03572244,-0.13167,-0.5097415,0.01502562,0.1323735,-0.505856,-0.010346880000000001,-0.16626749999999998,-0.8851434999999999,-0.08195088,0.1943235,-0.9132064999999999,-0.1343952
15,0.01459815,0.7240899999999999,0.04075512,-0.1822065,0.511195,0.034708560000000006,-0.34173300000000006,0.7001215,-0.07400406000000001,0.1942815,0.5196975,0.04338876,0.3620925,0.680561,-0.03702804,-0.42372750000000003,0.9299835,-0.1688406,0.4196745,0.9296604999999999,-0.08411123999999999,-0.0818412,-0.01541755,-0.037766520000000005,0.07825335,-0.007879299999999999,-0.03559494,-0.13167,-0.510929,0.014918520000000001,0.132405,-0.506901,-0.01053252,-0.16635149999999999,-0.885894,-0.08350536,0.193578,-0.9146409999999999,-0.13460940000000002
16,0.0146811,0.724033,0.04101216,-0.18205949999999999,0.5111855,0.035148179999999994,-0.34164900000000004,0.700055,-0.0737613,0.194355,0.5196975,0.043578479999999996,0.3620925,0.6803899999999999,-0.036803640000000006,-0.42378000000000005,0.9299075,-0.1688304,0.4196745,0.9295464999999999,-0.08411123999999999,-0.08174250000000001,-0.01541755,-0.03769002,0.0783741,-0.007879299999999999,-0.03548682,-0.13167,-0.510929,0.014900159999999999,0.1324575,-0.506901,-0.01054068,-0.1652175,-0.882721,-0.07862568,0.1930215,-0.9158664999999999,-0.1335996
17,0.01475565,0.723976,0.0412743,-0.1818915,0.5111855,0.035578620000000005,-0.341586,0.699998,-0.07361238,0.19439700000000001,0.5196975,0.04380594,0.362103,0.6802189999999999,-0.03663126,-0.4240005,0.929898,-0.1688304,0.419664,0.9291949999999999,-0.08411123999999999,-0.08157765,-0.01541755,-0.0376227,0.0784875,-0.007879299999999999,-0.03540522,-0.1316805,-0.510929,0.014843040000000002,0.132489,-0.506901,-0.01055496,-0.166362,-0.885799,-0.08315652,0.1930215,-0.9158664999999999,-0.1335996
18,0.01483125,0.7239,0.041507880000000004,-0.18170250000000002,0.5111855,0.03602742,-0.341565,0.6999409999999999,-0.07348181999999999,0.1945125,0.5196975,0.04403952,0.36211350000000003,0.680086,-0.03646194,-0.42434700000000003,0.9298884999999999,-0.16881000000000002,0.419664,0.9288339999999999,-0.08411123999999999,-0.08140545,-0.01541755,-0.03758496,0.0785967,-0.007879299999999999,-0.03532872,-0.13163850000000002,-0.510929,0.014785920000000001,0.13252049999999999,-0.506901,-0.010555980000000001,-0.166656,-0.885799,-0.0833136,0.193074,-0.915439,-0.1333344
19,0.0149121,0.7238334999999999,0.04172004,-0.18152400000000002,0.5112140000000001,0.03645888,-0.34149150000000006,0.6998840000000001,-0.07340940000000001,0.1946595,0.5198115,0.04423638,0.36213449999999997,0.6799149999999999,-0.036367079999999996,-0.424767,0.9298884999999999,-0.16893239999999998,0.4196745,0.928473,-0.08417346,-0.08123430000000001,-0.015368149999999999,-0.03756048,0.0787248,-0.007809949999999999,-0.03524814,-0.13163850000000002,-0.5108815,0.014683920000000001,0.1324995,-0.5068345,-0.01049478,-0.167958,-0.8874614999999999,-0.08693256,0.19188750000000002,-0.9155435,-0.13203900000000002
20,0.015005550000000001,0.7237669999999999,0.041885280000000004,-0.181377,0.5112425,0.036563939999999996,-0.34146,0.6998555,-0.07337165999999999,0.194838,0.5198875,0.04448118,0.36218700000000004,0.6798104999999999,-0.03628956,-0.4252500000000001,0.9298884999999999,-0.1691262,0.41968500000000003,0.9279409999999999,-0.08426016,-0.08105265,-0.015324449999999998,-0.03756762,0.0788634,-0.00771875,-0.03519204,-0.131649,-0.5108245,0.0145656,0.132489,-0.5067395,-0.010432559999999999,-0.1698585,-0.8910999999999999,-0.09263742,0.190596,-0.9156955,-0.1311414
21,0.015096900000000002,0.7237005,0.04203522,-0.18126150000000002,0.5112804999999999,0.036728159999999996,-0.341418,0.699827,-0.07335432,0.19496400000000003,0.5199444999999999,0.04462398,0.36224999999999996,0.6796965,-0.036227340000000004,-0.42580650000000003,0.9298694999999999,-0.1694424,0.41969550000000005,0.9274089999999999,-0.08434992000000001,-0.08086995000000001,-0.015281699999999999,-0.03756762,0.0789978,-0.0076228,-0.03513696,-0.13167,-0.5107674999999999,0.01445136,0.132489,-0.506635,-0.0103938,-0.17136,-0.8949475,-0.09796896,0.190281,-0.916807,-0.132804
22,0.015321600000000001,0.723615,0.04213212,-0.1811145,0.51129,0.03691176,-0.34131300000000003,0.699808,-0.07333902,0.19522650000000003,0.519973,0.04486266,0.362418,0.6796205,-0.03616002,-0.4264365,0.9298884999999999,-0.16979940000000002,0.4198215,0.926877,-0.08445804,-0.08071035000000001,-0.0152171,-0.03757374,0.07912485,-0.0075506,-0.035114519999999996,-0.1316805,-0.510682,0.01433406,0.13242600000000002,-0.5065495,-0.01033464,-0.17127599999999998,-0.895489,-0.09821273999999999,0.19050150000000002,-0.9184694999999999,-0.13311
23,0.015552600000000001,0.7235389999999999,0.042210660000000004,-0.1809255,0.5114705,0.0373014,-0.3412185,0.6997604999999999,-0.07332882,0.195552,0.5201155,0.045221700000000004,0.36259650000000004,0.6794875,-0.03610086,-0.427161,0.9298694999999999,-0.17024820000000002,0.41994750000000003,0.926345,-0.08456717999999999,-0.08055705,-0.01511165,-0.03759618000000001,0.07924665,-0.007477449999999999,-0.03508596,-0.131691,-0.5105395,0.01421472,0.132363,-0.506464,-0.01028262,-0.1693335,-0.892867,-0.09390528,0.1903755,-0.9190489999999999,-0.1338648
24,0.01579725,0.7234725,0.04229838,-0.1806945,0.511955,0.03764922,-0.34112400000000004,0.6997225,-0.07332372000000001,0.195825,0.5202675,0.04545834,0.362775,0.6793545,-0.036057,-0.427854,0.9298694999999999,-0.17065619999999998,0.4200735,0.9258129999999999,-0.08467632000000001,-0.08041215,-0.014994799999999999,-0.037624740000000004,0.0793317,-0.00737675,-0.03506046,-0.131649,-0.510378,0.014103540000000001,0.1322685,-0.5063215,-0.01021326,-0.16940700000000003,-0.893342,-0.09395730000000001,0.1903335,-0.9194764999999999,-0.134793
25,0.01606395,0.723406,0.04237284,-0.1804845,0.512278,0.03779712,-0.341019,0.6996465,-0.07334514,0.19611900000000002,0.5204195,0.045727620000000004,0.36293250000000005,0.679345,-0.0360621,-0.42861000000000005,0.9298694999999999,-0.1710846,0.42021000000000003,0.925319,-0.08476914,-0.08028825,-0.014865599999999998,-0.03768084,0.07941465,-0.007334,-0.035040060000000005,-0.13163850000000002,-0.510188,0.01400562,0.1321845,-0.506236,-0.010149,-0.167748,-0.89091,-0.0891582,0.1888215,-0.917415,-0.1316004
26,0.01634325,0.7233585,0.04242792,-0.180285,0.51262,0.03794604,-0.34091400000000005,0.699542,-0.07337064,0.196392,0.520524,0.04597446,0.3630795,0.679326,-0.03606618,-0.4292925,0.9298694999999999,-0.1715844,0.4203885,0.9249769999999999,-0.08483339999999999,-0.08023785,-0.01479625,-0.03771756,0.0794787,-0.007277,-0.035033940000000006,-0.131691,-0.5100739999999999,0.013952580000000001,0.1321005,-0.5061315,-0.01009086,-0.16794750000000003,-0.893779,-0.0916572,0.18877950000000002,-0.917035,-0.132549
27,0.0166131,0.7233204999999999,0.04247484,-0.1801065,0.5129144999999999,0.03808782,-0.3408195,0.6994374999999999,-0.0733941,0.1966125,0.5206000000000001,0.04614480000000001,0.363258,0.679307,-0.03607332,-0.42990150000000005,0.9298694999999999,-0.1721046,0.420567,0.9246445,-0.08489766,-0.08019375000000001,-0.01473545,-0.03774918,0.07954695,-0.00716015,-0.03500538,-0.131733,-0.5099600000000001,0.013877100000000002,0.132027,-0.5059414999999999,-0.0100419,-0.1681365,-0.8970754999999999,-0.09392976,0.190281,-0.918403,-0.13613940000000002
28,0.0168819,0.7232824999999999,0.04251258,-0.17988600000000002,0.513038,0.0381123,-0.3407565,0.6993425,-0.07344918,0.19679100000000002,0.5206569999999999,0.04613868,0.3634785,0.6792785,-0.036081480000000006,-0.4305105,0.9298505,-0.1726452,0.42074550000000005,0.924293,-0.08497212000000001,-0.08017484999999999,-0.01468795,-0.037779780000000006,0.0795921,-0.00710125,-0.03501762,-0.131775,-0.5098364999999999,0.013874039999999999,0.1319115,-0.5057895,-0.009986819999999999,-0.168483,-0.8986715,-0.09509766,0.189672,-0.916997,-0.1330692
29,0.017131800000000003,0.7232635,0.04254828,-0.1796445,0.5131615,0.03831936,-0.340725,0.6991809999999999,-0.07350936,0.1969485,0.5207045,0.04615806,0.3635625,0.679269,-0.03610596,-0.43107750000000006,0.9297175,-0.1731246,0.42097650000000003,0.9238845,-0.08503434,-0.0801759,-0.01463665,-0.0378063,0.0796215,-0.00704235,-0.035029859999999996,-0.13182750000000001,-0.5096845,0.013874039999999999,0.131796,-0.505628,-0.00996846,-0.168399,-0.8986715,-0.09503748000000001,0.19071150000000003,-0.916674,-0.135915
30,0.017354400000000002,0.723235,0.042571740000000004,-0.1794135,0.5132469999999999,0.03855498,-0.340725,0.69901,-0.07358484,0.1970955,0.5207425,0.04619274,0.36364650000000004,0.679269,-0.036166140000000006,-0.4315815,0.9294325,-0.17354280000000002,0.421239,0.9235995,-0.0851802,-0.0801759,-0.014581549999999999,-0.03781242,0.07964460000000001,-0.00699295,-0.0350421,-0.131859,-0.5095419999999999,0.013875060000000002,0.131691,-0.5054759999999999,-0.00992256,-0.1682835,-0.8986715,-0.09482124,0.19071150000000003,-0.9168164999999999,-0.1361598
31,0.0174153,0.7232255,0.0425748,-0.1792455,0.5132945,0.03862536,-0.3407565,0.6988485,-0.0737001,0.19715850000000001,0.5207805,0.04625904,0.363678,0.679269,-0.03623448,-0.432075,0.9290714999999999,-0.173961,0.42138600000000004,0.9233809999999999,-0.08542296,-0.0801759,-0.01453025,-0.03781242,0.07966665,-0.006944499999999999,-0.03505026,-0.13188,-0.50939,0.01387608,0.1316595,-0.5053239999999999,-0.00990828,-0.16863,-0.9018255,-0.09851262,0.1919925,-0.9172155,-0.1394646
32,0.01743945,0.7232255,0.04258602,-0.17913,0.5132945,0.038778360000000005,-0.3407565,0.6986964999999999,-0.07381842000000001,0.1972215,0.520809,0.04627026,0.36369900000000005,0.679003,-0.03632424,-0.432516,0.9286819999999999,-0.17432820000000002,0.4215645,0.92321,-0.08569428000000001,-0.08017905,-0.014480849999999998,-0.03781242,0.07968660000000001,-0.0068912999999999995,-0.03506658,-0.1319325,-0.5092475,0.01391892,0.131628,-0.5051815,-0.00990726,-0.16695000000000002,-0.9009515,-0.09463458,0.19306350000000003,-0.918916,-0.1421268
33,0.0174426,0.7232255,0.04260336,-0.17910900000000002,0.5132945,0.039030300000000004,-0.3407775,0.6986015,-0.07402854,0.1972635,0.5208375,0.0462264,0.36369900000000005,0.6787275,-0.036422159999999995,-0.4329045,0.9283115,-0.1746546,0.42174300000000003,0.9230579999999999,-0.08600946,-0.08018955,-0.014438099999999999,-0.03781446,0.07971075,-0.0068647,-0.035084939999999995,-0.13198500000000002,-0.509105,0.01396074,0.1315965,-0.5050865,-0.009883800000000002,-0.16600499999999999,-0.9015405,-0.09305052,0.1931895,-0.9199325,-0.14418720000000002
34,0.0174426,0.7232255,0.04260336,-0.1790985,0.513323,0.03914148,-0.3409245,0.6985445,-0.07425294,0.19729500000000003,0.5208755,0.04615398,0.3636885,0.6784519999999999,-0.036527220000000006,-0.4332615,0.9279505,-0.17499119999999999,0.42192150000000006,0.922944,-0.08637563999999999,-0.0802032,-0.01439535,-0.03781446,0.0797181,-0.0068457,-0.03508596,-0.132006,-0.5089815,0.014004599999999999,0.131565,-0.5050105,-0.00988788,-0.16587900000000003,-0.8987474999999999,-0.08961414000000001,0.19419750000000002,-0.919619,-0.1455438
35,0.0174426,0.723235,0.04260336,-0.1790985,0.5136935,0.03893136,-0.34108200000000005,0.6985445,-0.07449264,0.197337,0.5209419999999999,0.04614684,0.36366750000000003,0.678471,-0.03665064,-0.43362900000000004,0.9279505,-0.1753074,0.4220685,0.922944,-0.08677446,-0.0802263,-0.014353549999999998,-0.03781446,0.0796929,-0.00676115,-0.03512574,-0.13204800000000003,-0.5088674999999999,0.014083140000000001,0.1315335,-0.5049155,-0.00987054,-0.165669,-0.894558,-0.08667348,0.19533150000000002,-0.9187449999999999,-0.14701260000000002
36,0.0174426,0.7232445,0.042585000000000005,-0.1791195,0.5136935,0.038679420000000006,-0.341292,0.6985445,-0.07473438,0.19737900000000003,0.5210085,0.046074420000000005,0.363657,0.6784899999999999,-0.036774060000000004,-0.43408050000000004,0.9279505,-0.1756134,0.422184,0.922944,-0.08719062,-0.0802494,-0.013859549999999998,-0.037821600000000004,0.0796971,-0.00668895,-0.035181840000000006,-0.132111,-0.5082975,0.01417494,0.131502,-0.504868,-0.009869520000000001,-0.16546950000000002,-0.8902165,-0.08378688,0.196287,-0.9176334999999999,-0.1480632
37,0.017407950000000002,0.7232635,0.042555420000000004,-0.17913,0.5136935,0.03838566,-0.34155450000000004,0.6985445,-0.0749547,0.197421,0.521094,0.04601832,0.36366750000000003,0.6785185,-0.0369699,-0.4345215,0.9279505,-0.1759296,0.42226800000000003,0.922944,-0.08762412,-0.08027250000000001,-0.0133627,-0.037829760000000004,0.07970445000000001,-0.006614849999999999,-0.03524202,-0.13217399999999999,-0.507756,0.01427082,0.1314285,-0.50483,-0.00987564,-0.16626749999999998,-0.892468,-0.08658779999999999,0.19703250000000003,-0.917187,-0.1495422
38,0.017348099999999998,0.7240424999999999,0.0422841,-0.1791405,0.514007,0.03809394,-0.3418275,0.6992284999999999,-0.07543002,0.197421,0.521968,0.04588368,0.3636885,0.6790694999999999,-0.037406459999999996,-0.434994,0.9283779999999999,-0.17659260000000002,0.4222575,0.9237325,-0.08836566,-0.0803082,-0.01214765,-0.03783894,0.0797202,-0.0058254,-0.03529302,-0.132258,-0.5064829999999999,0.0143463,0.131355,-0.504032,-0.0099093,-0.16703400000000002,-0.8946909999999999,-0.08960190000000001,0.196644,-0.9165884999999999,-0.148257
39,0.0172746,0.7248215,0.042004620000000006,-0.179151,0.5144249999999999,0.0377961,-0.34213200000000005,0.6999315,-0.07591962,0.19744200000000003,0.5228325,0.04575108,0.363678,0.679649,-0.0378624,-0.4354875,0.9288434999999999,-0.1772454,0.422226,0.9245685,-0.08913270000000001,-0.08034285000000001,-0.0109554,-0.03782364,0.0797391,-0.0051053,-0.035344020000000004,-0.13233150000000002,-0.5052479999999999,0.0144075,0.1312815,-0.503253,-0.0099093,-0.167958,-0.8970754999999999,-0.09312396,0.195468,-0.9152585,-0.14517660000000002
40,0.0171822,0.725591,0.04167108,-0.17925600000000003,0.5149855,0.0375768,-0.342678,0.70072,-0.07664177999999999,0.1974525,0.5236685,0.04555932,0.36366750000000003,0.6802855,-0.038382599999999996,-0.43602300000000005,0.9293469999999999,-0.1779492,0.42220500000000005,0.9254425,-0.08986506,-0.0803691,-0.009728,-0.03780834,0.07975695000000001,-0.0043776,-0.0353787,-0.13241550000000002,-0.5039845000000001,0.01445034,0.13125,-0.502474,-0.0099399,-0.1680735,-0.8966384999999999,-0.0935034,0.195468,-0.9152585,-0.14517660000000002
41,0.0170625,0.7263605,0.04130184,-0.17936100000000002,0.5155460000000001,0.037334040000000006,-0.3431505,0.7015275,-0.07734048,0.1974525,0.5245044999999999,0.04526148,0.363657,0.681036,-0.03896604,-0.4365585,0.929955,-0.17867339999999998,0.4221735,0.9265349999999999,-0.0906525,-0.08040585000000001,-0.0085367,-0.037807320000000005,0.0797811,-0.0036460999999999998,-0.0353838,-0.1324995,-0.5027874999999999,0.01446564,0.131229,-0.501695,-0.00995724,-0.16875600000000002,-0.8965055,-0.0948702,0.19413450000000002,-0.9144985,-0.1420758
42,0.01694595,0.7271205,0.040872420000000007,-0.17945550000000002,0.5161444999999999,0.037107600000000004,-0.34351800000000005,0.702278,-0.07796574,0.19744200000000003,0.5253214999999999,0.04501158,0.36366750000000003,0.681853,-0.0395658,-0.43707300000000004,0.930639,-0.1793874,0.42210000000000003,0.927561,-0.09143178,-0.08044470000000001,-0.007398599999999999,-0.03778692,0.0797979,-0.0029184,-0.0353838,-0.132552,-0.5016475,0.01448196,0.131229,-0.5009255,-0.009955199999999999,-0.1681575,-0.8923445,-0.09200502,0.192801,-0.9147265,-0.13781220000000002
43,0.0168273,0.7278994999999999,0.04034508,-0.1795605,0.516914,0.03691788,-0.343833,0.7029905,-0.07857162000000001,0.1974525,0.5261385000000001,0.044849400000000005,0.363678,0.682746,-0.0402441,-0.437556,0.931456,-0.18019320000000003,0.42192150000000006,0.9285964999999999,-0.09245688,-0.08046779999999999,-0.00627285,-0.037744080000000006,0.07981680000000001,-0.0021346499999999997,-0.03538482,-0.13260450000000001,-0.5005075,0.0145044,0.131229,-0.5001275,-0.00994704,-0.167811,-0.890435,-0.09106151999999999,0.19394550000000002,-0.9154009999999999,-0.1404744
44,0.01672965,0.7286975,0.03974736,-0.1796445,0.5177025000000001,0.03651294,-0.34408500000000003,0.703627,-0.07918158,0.19746300000000003,0.526927,0.04464948,0.363804,0.6840189999999999,-0.041043779999999995,-0.4379025,0.9322349999999999,-0.1809684,0.42168000000000005,0.9296034999999999,-0.0935289,-0.0804657,-0.00518605,-0.037674719999999995,0.07984725000000001,-0.0013585,-0.035352180000000004,-0.1326465,-0.4994245,0.014537040000000001,0.131229,-0.499339,-0.00991032,-0.168693,-0.89433,-0.09375636,0.194271,-0.914584,-0.1404846
45,0.016658250000000003,0.7294955,0.03910272,-0.1797075,0.5185289999999999,0.035975400000000005,-0.344253,0.7042065,-0.07978746,0.197484,0.5276965,0.04444956,0.3639405,0.6853585,-0.041975040000000005,-0.4380915,0.9329284999999999,-0.18180480000000002,0.42139650000000006,0.93062,-0.09466722000000001,-0.08045415,-0.0045999,-0.03760638,0.07990395,-0.00058235,-0.03531852,-0.1326675,-0.4988544999999999,0.01455234,0.1312395,-0.49855049999999995,-0.009898080000000002,-0.168693,-0.89433,-0.09375636,0.1945125,-0.9137955,-0.139434
46,0.0166089,0.7302839999999999,0.038363219999999996,-0.17976,0.519365,0.03573162,-0.344337,0.7047384999999999,-0.08037090000000001,0.19749450000000002,0.5284565,0.04427208,0.3640875,0.6867169999999999,-0.04288692,-0.4381965,0.9336505,-0.182682,0.4211235,0.9316079999999999,-0.09584634,-0.080451,-0.0038522499999999993,-0.0375207,0.07997955000000001,0.00019855,-0.035270579999999996,-0.1326675,-0.49808499999999994,0.01455234,0.1312815,-0.497762,-0.009857280000000001,-0.16996350000000002,-0.89433,-0.09411132,0.19419750000000002,-0.912152,-0.1373226
47,0.0165837,0.7302839999999999,0.0377298,-0.17976,0.519422,0.03553374,-0.3443895,0.704748,-0.080733,0.197505,0.5284945,0.04417722,0.364245,0.6872964999999999,-0.04363458,-0.438249,0.933679,-0.1832226,0.420882,0.9318265,-0.09679698,-0.0804384,-0.00366985,-0.0374136,0.08009925000000001,0.0002109,-0.03521244,-0.1326465,-0.49785699999999994,0.01452072,0.131334,-0.4977525,-0.009766500000000001,-0.170184,-0.891879,-0.09324738,0.1933155,-0.9104135,-0.1335384
48,0.016557449999999998,0.7303219999999999,0.03705966,-0.17978100000000002,0.5194695,0.03522774,-0.34440000000000004,0.704805,-0.08106246,0.197526,0.5285515,0.04407522,0.3644025,0.6878,-0.04434858,-0.43827,0.933679,-0.1838142,0.42069300000000004,0.9319784999999999,-0.09765888,-0.08038275,-0.0035264,-0.03715452,0.08026095,0.00023370000000000002,-0.03508698,-0.1326465,-0.49769549999999996,0.01449216,0.1314075,-0.49774299999999994,-0.009646140000000001,-0.1709715,-0.891423,-0.09474168,0.192402,-0.9089124999999999,-0.12840780000000002
49,0.016528050000000002,0.73036,0.03630384,-0.17978100000000002,0.5196689999999999,0.03495744,-0.34440000000000004,0.7048525,-0.08114406,0.197547,0.5285515,0.04392528,0.3645495,0.6882845,-0.045046260000000005,-0.43829100000000004,0.9337074999999999,-0.1843548,0.4205565,0.9322064999999999,-0.0985422,-0.080157,-0.0034503999999999997,-0.0368373,0.08044785,0.00023370000000000002,-0.0349248,-0.13267800000000002,-0.49765750000000003,0.01451154,0.1315335,-0.49774299999999994,-0.00949722,-0.1701525,-0.8915369999999999,-0.09465702,0.19093200000000002,-0.9066039999999999,-0.123318
50,0.01650285,0.73036,0.0355062,-0.1797915,0.5199634999999999,0.03467286,-0.3444315,0.7049664999999999,-0.08121546,0.197589,0.5285515,0.04382022,0.36471750000000003,0.6887025,-0.045771479999999996,-0.43836450000000005,0.933774,-0.18487499999999998,0.42037800000000003,0.9324344999999999,-0.09945000000000001,-0.07989450000000001,-0.00337725,-0.03639768,0.08062845,0.0002451,-0.0346902,-0.1326255,-0.49765750000000003,0.0145095,0.1316805,-0.497724,-0.0093381,-0.17052,-0.895204,-0.09782922,0.189693,-0.904457,-0.11908500000000001
51,0.01656165,0.73036,0.03456984,-0.1797705,0.5203055,0.0344148,-0.3444315,0.7050995,-0.081345,0.197652,0.5285515,0.04367844,0.36486450000000004,0.6891014999999999,-0.046555860000000004,-0.4383855,0.9338595,-0.1854156,0.420273,0.9327194999999999,-0.10041492,-0.07959735,-0.0032366499999999998,-0.03593052,0.08082375,0.00025554999999999995,-0.03442398,-0.13257300000000002,-0.497591,0.014457480000000002,0.13182750000000001,-0.497705,-0.009170820000000001,-0.17027850000000003,-0.8966765,-0.09913992,0.18870599999999998,-0.9023479999999999,-0.1156272
52,0.016659300000000002,0.7303885,0.03365286,-0.17951850000000003,0.5206569999999999,0.03383952,-0.34419,0.7050995,-0.08151738,0.197694,0.5285515,0.0428502,0.365022,0.6894625,-0.04730352,-0.43830150000000007,0.9339259999999999,-0.18585420000000002,0.420252,0.9329949999999999,-0.10114422,-0.07925295,-0.0030229,-0.035466420000000005,0.0811356,0.0002603,-0.03401904,-0.1324785,-0.49748649999999994,0.014428920000000001,0.13198500000000002,-0.497705,-0.00892092,-0.1687455,-0.8942444999999999,-0.09487734,0.187614,-0.9005524999999999,-0.11183280000000001
53,0.0168063,0.7309109999999999,0.03258084,-0.1792245,0.521189,0.03323466,-0.34398,0.7052514999999999,-0.0818295,0.197778,0.52877,0.04216272,0.36514800000000003,0.6900895,-0.048098100000000005,-0.438165,0.934268,-0.18644580000000002,0.42021000000000003,0.933774,-0.10199592,-0.0788592,-0.0028452499999999997,-0.034985999999999996,0.081459,0.0005329499999999999,-0.03354576,-0.1323735,-0.49742949999999997,0.01437588,0.132216,-0.49746749999999995,-0.00861084,-0.16721250000000001,-0.8905394999999999,-0.0897855,0.18662700000000002,-0.9005524999999999,-0.1103334
54,0.0169491,0.7314335,0.031405800000000005,-0.178899,0.521721,0.03255942,-0.34380150000000004,0.7054604999999999,-0.08214366,0.19792500000000002,0.5290835,0.04142118,0.36527400000000004,0.690669,-0.04878048,-0.437997,0.9346005000000001,-0.1869354,0.420189,0.9346289999999999,-0.102816,-0.07844235,-0.0026229499999999998,-0.03441276,0.0817677,0.00080465,-0.03306738000000001,-0.1322685,-0.4973345,0.01432794,0.132447,-0.4972395,-0.008298719999999999,-0.166047,-0.8870625,-0.08536992,0.18671100000000002,-0.9008754999999999,-0.1115982
55,0.01715595,0.7319749999999999,0.030255240000000003,-0.178542,0.5222625,0.031854600000000004,-0.343644,0.7056695,-0.08246394,0.19811399999999998,0.529416,0.04053378,0.36545250000000007,0.6912105,-0.04950876,-0.437787,0.9349899999999999,-0.1873638,0.42022050000000005,0.9355505000000001,-0.103581,-0.07799715,-0.0024234499999999997,-0.0337416,0.0820974,0.00108205,-0.0324564,-0.1321425,-0.497268,0.01428714,0.13268850000000001,-0.4969925,-0.00793662,-0.165711,-0.8856755,-0.0839511,0.186585,-0.901322,-0.1121694
56,0.01742685,0.732545,0.0291006,-0.1781115,0.522804,0.0312579,-0.3434865,0.7059165,-0.08277606,0.198303,0.5297485,0.0394536,0.3657045,0.6915524999999999,-0.05026866,-0.4375665,0.9353984999999999,-0.187833,0.4203885,0.9363484999999999,-0.1044072,-0.0775551,-0.00217265,-0.03301536,0.08240190000000001,0.0013698999999999999,-0.03182502,-0.1320165,-0.49714450000000004,0.014269800000000001,0.132888,-0.49674549999999995,-0.007701,-0.164955,-0.881695,-0.07967832000000001,0.186816,-0.903089,-0.1149744
57,0.01772715,0.7331625,0.02788782,-0.1776285,0.523336,0.03055002,-0.343371,0.706116,-0.08310348000000001,0.1986705,0.53029,0.038105160000000006,0.36600900000000003,0.691828,-0.05108874,-0.437388,0.9356644999999999,-0.1882104,0.42069300000000004,0.9368424999999999,-0.10528440000000001,-0.0771267,-0.0018544,-0.03239724,0.08272635,0.0017470499999999998,-0.03114366,-0.13190100000000002,-0.49693550000000003,0.0142137,0.1330665,-0.496432,-0.00758472,-0.1651335,-0.8814385,-0.07856958,0.1880025,-0.903089,-0.11719800000000001
58,0.01810935,0.7338655,0.02665872,-0.1771455,0.523735,0.0298299,-0.3432555,0.7060209999999999,-0.08342988000000001,0.19920600000000002,0.5310689999999999,0.03634056,0.3664605,0.691828,-0.05213526,-0.437136,0.9359305,-0.1886184,0.4212075,0.9371464999999999,-0.1062534,-0.07684845000000001,-0.0015998,-0.031824,0.08310329999999999,0.00209855,-0.03051432,-0.131796,-0.49679299999999993,0.0141117,0.13324500000000003,-0.49619450000000004,-0.007533720000000001,-0.1651545,-0.8803555,-0.07720482,0.1880025,-0.903089,-0.11719800000000001
59,0.01855665,0.7346159999999999,0.02523174,-0.176652,0.5240389999999999,0.029089379999999998,-0.34327650000000004,0.7059639999999999,-0.08379708000000001,0.19979400000000003,0.531829,0.0345525,0.366996,0.691828,-0.05328378,-0.4368525,0.9360729999999999,-0.1890672,0.421995,0.9373079999999999,-0.1073448,-0.07657965,-0.00138985,-0.0312987,0.0834792,0.00238925,-0.0299217,-0.13170150000000003,-0.49674549999999995,0.01389342,0.1334235,-0.496033,-0.007540860000000001,-0.164409,-0.8761944999999999,-0.07405914000000001,0.1880025,-0.9033074999999999,-0.11719800000000001
60,0.01902075,0.735395,0.0236487,-0.176148,0.5244854999999999,0.028344780000000003,-0.343287,0.7059355,-0.08412246000000001,0.2003715,0.532589,0.03251964,0.3676995,0.691828,-0.054549600000000004,-0.43666350000000004,0.9360729999999999,-0.1895976,0.42301350000000004,0.9373079999999999,-0.10865040000000001,-0.07633185,-0.0012369,-0.030764220000000002,0.08385195000000001,0.00265715,-0.02929542,-0.131607,-0.49674549999999995,0.013533360000000001,0.1335705,-0.4959,-0.00754596,-0.164409,-0.875729,-0.07405914000000001,0.1890105,-0.9039535,-0.1200132
61,0.019503750000000004,0.7361835,0.02201772,-0.1758435,0.525122,0.0280041,-0.34329750000000003,0.7057359999999999,-0.08445702000000001,0.2010645,0.5333395,0.03133848,0.3685605,0.6917995,-0.055947000000000004,-0.436569,0.9360729999999999,-0.1901178,0.4242,0.9373079999999999,-0.1100478,-0.0761019,-0.00117515,-0.03018486,0.08413125,0.00294975,-0.02877522,-0.13152300000000003,-0.4968215,0.01311822,0.1337175,-0.4957764999999999,-0.00755106,-0.16410450000000001,-0.8743894999999999,-0.0718641,0.18790800000000002,-0.9027185,-0.1175958
62,0.020038200000000003,0.7365445,0.02033166,-0.17559149999999998,0.5257869999999999,0.027877620000000002,-0.3435075,0.7051945,-0.08484666,0.20172600000000002,0.533843,0.03023994,0.36962100000000003,0.6914005,-0.057291360000000006,-0.43659000000000003,0.9360539999999999,-0.1905462,0.4255125,0.9373079999999999,-0.1114044,-0.07588875,-0.00102885,-0.02961468,0.08442630000000001,0.0029887,-0.02827644,-0.1314915,-0.49687849999999995,0.01253886,0.1337595,-0.4957764999999999,-0.00759084,-0.164136,-0.87495,-0.07253016000000001,0.18895800000000001,-0.9038965,-0.1207884
63,0.02063775,0.736934,0.018391619999999997,-0.17540250000000002,0.5264615,0.027870480000000003,-0.34399050000000003,0.7042255,-0.08538012,0.2023455,0.5342704999999999,0.02899452,0.371259,0.6905549999999999,-0.05892234,-0.4366215,0.9355029999999999,-0.191046,0.42698250000000004,0.9372699999999999,-0.1127916,-0.0756609,-0.00089585,-0.02912508,0.0847791,0.0030267,-0.02780316,-0.13148100000000001,-0.49687849999999995,0.01169736,0.1337805,-0.4957764999999999,-0.0077979,-0.164052,-0.8740665,-0.07195182000000001,0.188937,-0.904172,-0.1207884
64,0.02131815,0.7372759999999999,0.016080300000000002,-0.175161,0.527136,0.02754918,-0.3447885,0.7027055,-0.08593908,0.20291250000000002,0.534717,0.02782458,0.3733485,0.6892915000000001,-0.06073182,-0.4367475,0.9347144999999999,-0.1916682,0.4286625,0.9368899999999999,-0.1143012,-0.07546245,-0.0007638,-0.02869668,0.08510985000000001,0.0030267,-0.0274737,-0.13152300000000003,-0.49687849999999995,0.01068756,0.13381200000000001,-0.4957764999999999,-0.0083691,-0.16407300000000002,-0.8737339999999999,-0.07228128,0.188937,-0.9042954999999999,-0.1207884
65,0.022005900000000002,0.737466,0.01363536,-0.17494050000000003,0.52782,0.02707998,-0.3457755,0.7002259999999999,-0.08656434,0.20350050000000003,0.535154,0.026766840000000004,0.37605750000000004,0.6872204999999999,-0.06290646,-0.43677900000000003,0.9333845,-0.19244340000000001,0.43078350000000004,0.9341824999999999,-0.1159944,-0.0752808,-0.0006992,-0.02827338,0.0854154,0.0030495,-0.02717892,-0.1315755,-0.4969925,0.0093279,0.1338225,-0.4959475,-0.00926874,-0.16389450000000003,-0.8729835,-0.07202934,0.190071,-0.9060149999999999,-0.1247256
66,0.022673699999999998,0.737466,0.0108987,-0.17470950000000002,0.5284945,0.02646798,-0.3469725,0.6974235,-0.08726610000000001,0.203973,0.535154,0.02591208,0.3794175,0.6849689999999999,-0.06527184,-0.43736700000000006,0.9317124999999999,-0.1934226,0.43305150000000003,0.931057,-0.11776919999999999,-0.0751086,-0.00071345,-0.02781846,0.08567580000000001,0.0030495,-0.02699022,-0.13163850000000002,-0.497078,0.00784074,0.1338225,-0.49611849999999996,-0.01037952,-0.16389450000000003,-0.8729835,-0.07202934,0.1898295,-0.9064519999999999,-0.1243686
67,0.0233436,0.737466,0.00788562,-0.1744785,0.5294825,0.025641780000000003,-0.348495,0.6944784999999999,-0.08807088,0.2043405,0.535154,0.02528274,0.3827775,0.6822995,-0.06747096,-0.43862700000000004,0.9286154999999999,-0.194667,0.4353405,0.9275895,-0.1195746,-0.074949,-0.00074575,-0.02735232,0.08587950000000001,0.0030333499999999998,-0.026769900000000003,-0.13172250000000002,-0.4971634999999999,0.00626586,0.1338645,-0.49637499999999996,-0.01201458,-0.1640625,-0.8729835,-0.07202322,0.1897245,-0.9062905,-0.1238892
68,0.023950500000000003,0.737466,0.00465324,-0.174237,0.5304515,0.02458914,-0.3504165,0.691334,-0.08905212,0.204729,0.535154,0.02459832,0.3864735,0.67963,-0.0697833,-0.44031750000000003,0.9235045,-0.1958196,0.4375665,0.9239985,-0.1213698,-0.07477890000000001,-0.00074575,-0.02692902,0.08611155000000001,0.00301435,-0.02652102,-0.13180650000000002,-0.4972205,0.0046562999999999995,0.13396950000000002,-0.49662199999999995,-0.014009700000000002,-0.16428299999999998,-0.873088,-0.07253424,0.189483,-0.904172,-0.12197160000000001
69,0.02449335,0.7370954999999999,0.00121176,-0.17394300000000001,0.5312494999999999,0.02312952,-0.35255850000000005,0.687591,-0.09021798,0.2051385,0.5349735,0.0239904,0.3904635,0.6765424999999999,-0.07225782,-0.4422915,0.917947,-0.196962,0.43974,0.919847,-0.1229712,-0.0746277,-0.00086165,-0.02655468,0.08633310000000001,0.0025707,-0.02632926,-0.1319745,-0.497724,0.0027142200000000003,0.134106,-0.4973535,-0.01659336,-0.1643775,-0.873088,-0.07322172,0.189462,-0.9050459999999999,-0.1217472
70,0.02507085,0.7365349999999999,-0.00251124,-0.1736175,0.531563,0.02153118,-0.3549315,0.6840284999999999,-0.09153786,0.2055375,0.5345175,0.0233784,0.39446400000000004,0.6736449999999999,-0.0747507,-0.44458050000000005,0.9115725,-0.19830840000000002,0.44186100000000006,0.9156005,-0.1246542,-0.0745563,-0.0009975,-0.026215020000000002,0.08654205,0.00212135,-0.02612832,-0.1322055,-0.498237,0.00072522,0.1342215,-0.4980755,-0.0194718,-0.1646715,-0.873791,-0.07450079999999999,0.1905225,-0.906851,-0.1245726
71,0.02557695,0.7356705,-0.00666774,-0.1733025,0.531563,0.0195075,-0.35740950000000005,0.6803425,-0.09328104000000001,0.2059785,0.534033,0.0226797,0.3983805,0.6708139999999999,-0.07733435999999999,-0.447069,0.9047894999999999,-0.199971,0.443982,0.9112304999999999,-0.1265922,-0.074508,-0.0011799,-0.02589882,0.08669850000000001,0.0016948,-0.02595594,-0.13257300000000002,-0.4987404999999999,-0.00152388,0.1343895,-0.49852199999999997,-0.023047920000000003,-0.16480799999999998,-0.87514,-0.07569828,0.189924,-0.9061385,-0.12310380000000001
72,0.0260043,0.7346064999999999,-0.0107559,-0.17295600000000003,0.531563,0.0173808,-0.35998199999999997,0.6765329999999999,-0.09519864,0.206913,0.5331684999999999,0.02038164,0.401835,0.667983,-0.07978848000000001,-0.449505,0.8975884999999999,-0.202062,0.44591400000000003,0.9066894999999999,-0.1288872,-0.0744933,-0.0014648999999999999,-0.025521420000000003,0.08681190000000001,0.0012388,-0.02573868,-0.13311900000000002,-0.49924399999999997,-0.0038943600000000004,0.13464150000000003,-0.499168,-0.02683824,-0.164934,-0.875596,-0.07624296,0.189168,-0.9038204999999999,-0.118269
73,0.026337150000000004,0.7332289999999999,-0.014943,-0.1725885,0.531563,0.01514598,-0.36228150000000003,0.6724384999999999,-0.09801384,0.2078685,0.5323135,0.01811112,0.405111,0.665152,-0.0825792,-0.45186750000000003,0.8880315,-0.2053566,0.44738400000000006,0.9019015,-0.13176359999999998,-0.07443765,-0.0019209,-0.025029779999999998,0.0869379,0.00067925,-0.02548062,-0.13398,-0.5000134999999999,-0.00667794,0.13536600000000001,-0.4998805,-0.03134154,-0.165165,-0.8758904999999999,-0.07670706000000001,0.18823350000000003,-0.9015215,-0.1135566
74,0.026599650000000002,0.7313479999999999,-0.01990428,-0.17204250000000001,0.531164,0.0123777,-0.364371,0.6678025,-0.10120746000000001,0.208824,0.5314015,0.01614966,0.40780950000000005,0.6620075,-0.08570754000000001,-0.454062,0.877648,-0.2091918,0.4479615,0.898453,-0.1350786,-0.0743589,-0.00257735,-0.024533040000000002,0.08716470000000001,-6.649999999999999e-05,-0.025160340000000003,-0.13505100000000003,-0.5009825,-0.009961320000000001,0.1370145,-0.5006594999999999,-0.03831324,-0.1653225,-0.8758904999999999,-0.0767958,0.187257,-0.8991179999999999,-0.108834
75,0.02688525,0.729049,-0.024853319999999998,-0.171318,0.5303565,0.00896886,-0.36638699999999996,0.6602595,-0.1044072,0.2096955,0.5300144999999999,0.01358946,0.40992000000000006,0.6581885,-0.0892092,-0.45572100000000004,0.864956,-0.21385320000000002,0.44802450000000005,0.8949664999999999,-0.138822,-0.07427385,-0.0034105,-0.02385882,0.08743035,-0.0011608999999999999,-0.0246432,-0.13707750000000002,-0.5020845,-0.0151521,0.1389255,-0.5015715000000001,-0.045407340000000004,-0.1655115,-0.8759664999999999,-0.0774996,0.1868685,-0.8963249999999999,-0.1063044
76,0.02717715,0.726085,-0.029873760000000003,-0.1705305,0.5290075,0.0058680600000000005,-0.368277,0.6520704999999999,-0.10761,0.210504,0.5282095,0.01073142,0.4119255,0.6540275,-0.09288936,-0.4565925,0.8525584999999999,-0.2188002,0.4478355,0.890853,-0.143565,-0.0741951,-0.00460085,-0.02296836,0.08790390000000001,-0.00278255,-0.0238833,-0.1390935,-0.5032055,-0.020596859999999998,0.14110950000000003,-0.50198,-0.05261568,-0.16567950000000004,-0.8760615,-0.07824522,0.187278,-0.895755,-0.10638600000000001
77,0.0274386,0.722266,-0.03522978,-0.169596,0.5263665,0.00252552,-0.369915,0.6431689999999999,-0.111129,0.2113335,0.5236495,0.0059976,0.4134165,0.6491065,-0.09710808,-0.456813,0.8414529999999999,-0.2245122,0.44762550000000007,0.8859889999999999,-0.1489914,-0.07400925000000001,-0.00654455,-0.02184228,0.08866305000000001,-0.005267749999999999,-0.02290104,-0.14157150000000002,-0.5046780000000001,-0.02658528,0.1438395,-0.5028444999999999,-0.060581880000000005,-0.16579500000000003,-0.8763084999999999,-0.07895514000000001,0.187089,-0.8932184999999999,-0.1052232
78,0.02766435,0.7177819999999999,-0.040730640000000005,-0.16865100000000002,0.523222,-0.0005028599999999999,-0.371469,0.6335645,-0.11544360000000001,0.2121,0.518282,0.0007599,0.4144455,0.6432165,-0.10182354,-0.457086,0.8298629999999999,-0.2313666,0.447363,0.880764,-0.15550920000000001,-0.07375515,-0.00902975,-0.0204561,0.08957760000000001,-0.0083809,-0.02174844,-0.14408100000000001,-0.5063025,-0.03334074,0.14692650000000002,-0.503215,-0.06854706,-0.16614150000000003,-0.8765649999999999,-0.0795549,0.187131,-0.8923825,-0.105366
79,0.0277914,0.7117874999999999,-0.0465069,-0.16768500000000003,0.5180159999999999,-0.00391782,-0.37303349999999996,0.6231239999999999,-0.1200132,0.21274050000000003,0.511841,-0.00468486,0.41527500000000006,0.6355784999999999,-0.106845,-0.45738,0.818406,-0.2388228,0.44680650000000005,0.873829,-0.1629348,-0.07334775,-0.0128212,-0.01877208,0.090741,-0.01279935,-0.02029596,-0.14703149999999998,-0.5095324999999999,-0.04169556,0.15021299999999999,-0.503709,-0.0773364,-0.16650900000000002,-0.876964,-0.08020769999999999,0.18718350000000003,-0.891575,-0.1055598
80,0.0279195,0.7042635,-0.05210262,-0.166656,0.510644,-0.00739806,-0.37424100000000005,0.611724,-0.1245624,0.2130975,0.5040699999999999,-0.01040604,0.415968,0.62567,-0.11214900000000001,-0.4576845,0.8066544999999999,-0.24685020000000002,0.4458615,0.8659439999999999,-0.17069700000000002,-0.07255394999999999,-0.01801485,-0.0168045,0.09234435,-0.0183502,-0.018585420000000002,-0.14994000000000002,-0.5128005,-0.0504645,0.1541085,-0.504431,-0.08628996000000001,-0.16687649999999998,-0.8774959999999999,-0.08087376,0.18648,-0.890492,-0.10547820000000001
81,0.02803605,0.6952765,-0.05784318,-0.16561650000000003,0.5010395,-0.011230200000000001,-0.374745,0.5990129999999999,-0.12948900000000002,0.212919,0.495406,-0.01489608,0.4165245,0.6146879999999999,-0.11784059999999999,-0.457506,0.794998,-0.2554794,0.4444335,0.8558359999999999,-0.17966279999999998,-0.0714651,-0.02500305,-0.01458702,0.09439605,-0.02582955,-0.01643934,-0.1527225,-0.516059,-0.05970876,0.1580985,-0.5055519999999999,-0.09560052000000001,-0.167181,-0.877857,-0.0812736,0.18636450000000002,-0.889504,-0.1066614
82,0.02796045,0.6842754999999999,-0.06369288000000001,-0.1645665,0.49057049999999996,-0.014828760000000002,-0.3753225,0.5859315,-0.1342728,0.21273,0.48467099999999996,-0.01958196,0.4167135,0.6025564999999999,-0.12368520000000001,-0.4568445,0.7849659999999999,-0.26342519999999997,0.4427745,0.8448159999999999,-0.18851640000000003,-0.07019145,-0.0335198,-0.01203192,0.09665775,-0.03475955,-0.013934219999999999,-0.15544200000000002,-0.5191275,-0.06943038,0.16226700000000002,-0.5075565,-0.1058148,-0.16721250000000001,-0.8781895,-0.08181318,0.186312,-0.890017,-0.10794659999999999
83,0.027857550000000002,0.672239,-0.06876636000000001,-0.1637685,0.47841049999999996,-0.017914259999999998,-0.37611000000000006,0.572318,-0.1389648,0.2125305,0.47176999999999997,-0.0246789,0.416808,0.588962,-0.12935639999999998,-0.45514350000000003,0.774269,-0.2710446,0.4407585,0.8327795,-0.197472,-0.0688065,-0.0436525,-0.0089556,0.0989058,-0.0452162,-0.01118532,-0.1580985,-0.522006,-0.07941924,0.165585,-0.5100739999999999,-0.1135668,-0.167265,-0.878636,-0.08235174,0.1864905,-0.8910999999999999,-0.10948680000000001
84,0.027651750000000003,0.6584925,-0.0739806,-0.16298100000000001,0.46492999999999995,-0.02085186,-0.3770025,0.556871,-0.1436568,0.21217350000000001,0.45742499999999997,-0.02989008,0.41679750000000004,0.5746359999999999,-0.1353336,-0.4525815,0.7638285,-0.2781438,0.43845900000000004,0.819565,-0.2068968,-0.0673386,-0.055387849999999995,-0.005641620000000001,0.1014237,-0.05711305,-0.00815592,-0.1599045,-0.5248084999999999,-0.08783321999999999,0.168966,-0.5127435,-0.12134940000000001,-0.167286,-0.879073,-0.08290662000000001,0.18607050000000003,-0.8910999999999999,-0.11025180000000001
85,0.027426000000000002,0.6426844999999999,-0.0797028,-0.162141,0.448229,-0.0242607,-0.3778215,0.54074,-0.14882820000000002,0.21154350000000002,0.44103749999999997,-0.03540318,0.41668200000000005,0.5575549999999999,-0.141933,-0.449064,0.747023,-0.2853348,0.43613850000000004,0.804859,-0.21600540000000001,-0.0658644,-0.06957229999999999,-0.00190842,0.1039395,-0.070927,-0.0045961199999999995,-0.1618995,-0.527326,-0.09653790000000001,0.1723365,-0.515907,-0.12934620000000002,-0.167307,-0.8793865,-0.08338092,0.185367,-0.8910999999999999,-0.1102212
86,0.027216,0.6261924999999999,-0.08502108,-0.16149,0.4314805,-0.02739822,-0.37832550000000004,0.523127,-0.15355080000000002,0.210924,0.4253245,-0.03937098,0.41649300000000006,0.5386975,-0.1481346,-0.44527350000000004,0.7298184999999999,-0.2919648,0.4337235,0.789222,-0.2254098,-0.0644196,-0.08468774999999999,0.00230928,0.106197,-0.08568714999999999,-0.0005844600000000001,-0.1635585,-0.5291689999999999,-0.1049988,0.1751925,-0.5192034999999999,-0.13643519999999998,-0.1673175,-0.8798425,-0.08397558,0.185262,-0.8919929999999999,-0.1113942
87,0.02700075,0.608247,-0.09028836,-0.160818,0.413516,-0.03067446,-0.3792915,0.5051245,-0.157845,0.21026250000000002,0.408709,-0.043200060000000005,0.41648250000000003,0.518776,-0.153867,-0.4410315,0.7121865,-0.2979318,0.43140300000000004,0.76893,-0.23480399999999998,-0.06301785,-0.1004625,0.0072063000000000006,0.10836,-0.10089949999999999,0.00414222,-0.16531200000000001,-0.5291689999999999,-0.112506,0.177807,-0.518871,-0.143106,-0.16770600000000002,-0.8798425,-0.0848691,0.1851465,-0.8919929999999999,-0.1145664
88,0.0265608,0.589874,-0.09548016,-0.160335,0.39526649999999997,-0.03400884,-0.380331,0.4851364999999999,-0.16260840000000001,0.2092545,0.39094399999999996,-0.0473892,0.41673450000000006,0.49774299999999994,-0.159681,-0.43613850000000004,0.6903744999999999,-0.3034398,0.42920850000000005,0.74898,-0.2437698,-0.06171480000000001,-0.11696399999999998,0.01317534,0.11034450000000001,-0.1169355,0.009945,-0.16707600000000003,-0.5291689999999999,-0.1190442,0.180285,-0.5179115,-0.1487976,-0.16821000000000003,-0.8798425,-0.08624304,0.1849995,-0.8919929999999999,-0.11861580000000001
89,0.025911899999999998,0.5708075,-0.10079538,-0.1601775,0.3760765,-0.03771348,-0.3816435,0.463771,-0.1668924,0.20775300000000002,0.372951,-0.051828240000000005,0.41701800000000006,0.47683349999999997,-0.1656888,-0.43140300000000004,0.6684675,-0.3082746,0.427077,0.7253155,-0.2537454,-0.06036765,-0.1349,0.0253215,0.1122345,-0.134501,0.02195856,-0.169092,-0.5282095,-0.1250622,0.182154,-0.5174175,-0.1538364,-0.168693,-0.8798425,-0.0876435,0.1850625,-0.8919929999999999,-0.1210434
90,0.02516325,0.5509335,-0.1066308,-0.1599675,0.3561645,-0.041164139999999995,-0.38291400000000003,0.44287099999999996,-0.171513,0.2059785,0.352564,-0.05604288,0.41713350000000005,0.45505949999999995,-0.1725738,-0.4268985,0.6456295,-0.3135888,0.4251555,0.702753,-0.2627622,-0.059505600000000006,-0.153501,0.03868962,0.113358,-0.1526935,0.03511656,-0.1738485,-0.5251505,-0.13498680000000002,0.1852515,-0.515641,-0.1630266,-0.1698795,-0.879985,-0.09014556,0.18533550000000001,-0.891879,-0.12390960000000001
91,0.024071250000000002,0.5310214999999999,-0.1126488,-0.16004100000000002,0.3356065,-0.04477494,-0.3843105,0.4202705,-0.17586839999999998,0.204204,0.3325665,-0.060538020000000005,0.4170285,0.4317465,-0.1790814,-0.42243600000000003,0.6216609999999999,-0.31946399999999997,0.423108,0.6813494999999999,-0.2717484,-0.05848815,-0.17190249999999999,0.052337220000000004,0.11458650000000001,-0.17062,0.04861218,-0.1786365,-0.5192509999999999,-0.1442484,0.18779250000000003,-0.5141875,-0.1703706,-0.17124450000000002,-0.879491,-0.09293118,0.1856715,-0.8917174999999999,-0.1273878
92,0.02276085,0.509599,-0.1193196,-0.1601775,0.3148205,-0.0487458,-0.38583300000000004,0.39729,-0.1803258,0.2024505,0.313006,-0.06487302,0.4169865,0.40758799999999995,-0.1854972,-0.41940150000000004,0.596961,-0.3258696,0.420651,0.658863,-0.2801124,-0.0575022,-0.190266,0.06665292,0.115857,-0.18855599999999997,0.06307884,-0.1833615,-0.5134655,-0.152694,0.1902495,-0.5124774999999999,-0.1777758,-0.17262,-0.8791395,-0.09616356000000001,0.18610200000000002,-0.891499,-0.1302132
93,0.02106405,0.4883665,-0.1258578,-0.16034550000000003,0.293683,-0.0531063,-0.387282,0.3772545,-0.185334,0.200571,0.2930655,-0.06968436,0.416787,0.3830305,-0.1915866,-0.4172805,0.572375,-0.33262200000000003,0.418089,0.6297265,-0.29086320000000004,-0.05647215,-0.20836349999999998,0.08128992,0.1168965,-0.20637799999999998,0.07776582,-0.188034,-0.5076799999999999,-0.1607112,0.1924965,-0.5113469999999999,-0.1848546,-0.1738485,-0.878617,-0.09972846,0.1870155,-0.8916605,-0.133263
94,0.0192171,0.46759,-0.13218180000000002,-0.16056600000000001,0.2749775,-0.05690988,-0.38851050000000004,0.35549,-0.1896078,0.19887000000000002,0.273277,-0.07469664000000001,0.4167135,0.3589765,-0.19749239999999998,-0.416535,0.55328,-0.33938460000000004,0.415611,0.6022145,-0.30134879999999997,-0.0552426,-0.22515,0.09660828,0.1180725,-0.223155,0.09290568,-0.19239150000000002,-0.5023125,-0.168198,0.1945125,-0.5087915,-0.1911072,-0.17514000000000002,-0.8787214999999999,-0.10338720000000001,0.18695250000000002,-0.8911855,-0.133263
95,0.017149650000000002,0.44614849999999995,-0.1384446,-0.160818,0.254942,-0.06063798,-0.3895395,0.333811,-0.1938612,0.196749,0.25430549999999996,-0.07938558,0.41608350000000005,0.33566349999999995,-0.2038878,-0.415905,0.528903,-0.3462084,0.41288100000000005,0.5739805,-0.3120894,-0.05389125,-0.2418225,0.11178180000000001,0.11916449999999999,-0.23937150000000001,0.1080486,-0.19603500000000001,-0.498237,-0.1751646,0.1964235,-0.5061694999999999,-0.197115,-0.176589,-0.8787404999999999,-0.10722240000000001,0.1871625,-0.8897795000000001,-0.1332732
96,0.014865900000000001,0.425448,-0.144585,-0.16097550000000002,0.234973,-0.06412841999999999,-0.3911355,0.3107165,-0.1975026,0.1945965,0.23594199999999999,-0.08407962000000001,0.4153485,0.3118375,-0.21077279999999998,-0.4155375,0.5051625,-0.35252219999999995,0.40979400000000005,0.5478365,-0.32291159999999997,-0.05252415,-0.25827649999999996,0.126633,0.120372,-0.25537899999999997,0.1227264,-0.1990905,-0.494836,-0.1817538,0.19825050000000002,-0.5050295,-0.20288820000000002,-0.17613750000000003,-0.877876,-0.1071918,0.1878555,-0.8887725,-0.1337934
97,0.0123627,0.4042535,-0.1506132,-0.16151100000000002,0.214567,-0.06708030000000001,-0.39264750000000004,0.288705,-0.1991244,0.19230750000000002,0.21729349999999997,-0.08826774000000001,0.41503350000000006,0.2899305,-0.2179944,-0.41533800000000004,0.48202999999999996,-0.358632,0.406203,0.520334,-0.3339378,-0.0510132,-0.2745405,0.1405866,0.1216005,-0.2709495,0.1365984,-0.20154750000000002,-0.4930785,-0.1876902,0.199983,-0.503842,-0.20859,-0.17593799999999998,-0.877876,-0.1069776,0.18849600000000002,-0.8879649999999999,-0.13413
98,0.00984165,0.383952,-0.1565802,-0.16220400000000001,0.1955765,-0.06965478,-0.394044,0.2668645,-0.2009298,0.1902705,0.19892049999999997,-0.0921468,0.41468700000000003,0.266912,-0.2250018,-0.41554800000000003,0.459553,-0.3644562,0.40245450000000005,0.49491199999999996,-0.3436788,-0.0491757,-0.28974049999999996,0.1486548,0.1229865,-0.285437,0.14432999999999999,-0.20361600000000002,-0.49148249999999993,-0.1934226,0.2014845,-0.5027685,-0.2142,-0.17577,-0.877876,-0.1071408,0.188769,-0.8862549999999999,-0.1319982
99,0.0073962,0.3644675,-0.1621494,-0.162834,0.1775835,-0.07223945999999999,-0.395094,0.2441595,-0.2023578,0.18825450000000002,0.18191549999999998,-0.09619314000000001,0.41412,0.24509999999999998,-0.2309892,-0.415611,0.43723749999999995,-0.36893400000000004,0.39828600000000003,0.46808399999999994,-0.3529506,-0.047678399999999996,-0.303791,0.155652,0.12428850000000001,-0.298718,0.15109260000000002,-0.2036685,-0.491264,-0.19437120000000002,0.201558,-0.5027305,-0.2150874,-0.17574900000000002,-0.8781135,-0.1080996,0.1891365,-0.8862549999999999,-0.12989699999999998
100,0.0049686,0.3447075,-0.1672188,-0.16348500000000002,0.158935,-0.07479048,-0.3958395,0.21938349999999998,-0.2032044,0.18624900000000003,0.1641505,-0.09987636000000001,0.41329050000000006,0.22375349999999997,-0.2371092,-0.415695,0.4128415,-0.37234079999999997,0.39393900000000004,0.44013499999999994,-0.36187559999999996,-0.04621575,-0.3186585,0.1621086,0.12568500000000002,-0.3130535,0.157386,-0.2036895,-0.491264,-0.1950036,0.20151600000000003,-0.5027305,-0.2159646,-0.17581200000000002,-0.8786455,-0.1086096,0.189399,-0.8862549999999999,-0.12795900000000002
101,0.0025956,0.3260305,-0.1719924,-0.164052,0.14115099999999997,-0.07717932,-0.39648,0.195567,-0.20400000000000001,0.184338,0.147022,-0.10341779999999999,0.41241900000000004,0.20366099999999998,-0.2429946,-0.4156635,0.3872675,-0.375309,0.389424,0.40964,-0.37133099999999997,-0.04523925,-0.332633,0.16765739999999998,0.1265145,-0.326534,0.16277160000000002,-0.203952,-0.491264,-0.1954014,0.201495,-0.5027305,-0.2165868,-0.17593799999999998,-0.8791205,-0.1086708,0.189441,-0.8862549999999999,-0.127041
102,0.0002877,0.307629,-0.176817,-0.164493,0.12474450000000001,-0.07913364,-0.39678450000000004,0.1718835,-0.20400000000000001,0.18265800000000001,0.1309195,-0.1061922,0.411117,0.184566,-0.2483394,-0.4153695,0.362938,-0.3774714,0.38502450000000005,0.38658349999999997,-0.3776958,-0.04396665,-0.34604699999999994,0.1724412,0.12789,-0.3394445,0.16753500000000002,-0.20349,-0.4953584999999999,-0.195942,0.20146350000000002,-0.506825,-0.2174028,-0.17433150000000003,-0.880612,-0.10700820000000001,0.18861150000000002,-0.8879174999999999,-0.125919
103,-0.00188685,0.290396,-0.1813152,-0.1649025,0.1083665,-0.08113998,-0.3969945,0.1489505,-0.2039898,0.180957,0.1157385,-0.1082628,0.40972050000000004,0.16353299999999998,-0.2536026,-0.41526450000000004,0.3384375,-0.3784404,0.380562,0.3619405,-0.3835404,-0.043061550000000004,-0.359062,0.1760112,0.12888750000000002,-0.3519655,0.17105399999999998,-0.20291250000000002,-0.4997379999999999,-0.1965948,0.20108550000000003,-0.5113469999999999,-0.21841259999999998,-0.1728615,-0.8819894999999999,-0.1058352,0.18774,-0.8894565,-0.12419519999999999
104,-0.0040047,0.2739515,-0.18588480000000002,-0.1652175,0.0933736,-0.08323404,-0.39698400000000006,0.12613149999999998,-0.2038062,0.1796445,0.10080449999999999,-0.110415,0.40833450000000004,0.14407699999999998,-0.25796820000000004,-0.415212,0.31826899999999997,-0.3795012,0.376047,0.3387035,-0.3880284,-0.04235175000000001,-0.371735,0.17901,0.1298325,-0.3642585,0.1738692,-0.20233500000000001,-0.504146,-0.19765560000000001,0.200508,-0.516173,-0.21983039999999998,-0.171318,-0.883386,-0.1043154,0.186816,-0.8907484999999999,-0.123318
105,-0.00596295,0.25801999999999997,-0.1902096,-0.165501,0.07818594999999999,-0.08533728,-0.396963,0.10410099999999999,-0.20312280000000002,0.178353,0.0863607,-0.1123428,0.406959,0.12636899999999998,-0.2617116,-0.415443,0.298262,-0.3798378,0.371469,0.318117,-0.3912414,-0.04159575,-0.3841135,0.1812948,0.1307985,-0.37627599999999994,0.17625600000000002,-0.2018625,-0.508535,-0.1988184,0.1996365,-0.5207805,-0.22150319999999998,-0.1698165,-0.884659,-0.1024182,0.18592350000000002,-0.8919929999999999,-0.121533
106,-0.00761355,0.24293399999999998,-0.1942794,-0.16579500000000003,0.0653106,-0.08735178,-0.39715200000000006,0.082688,-0.2025924,0.177492,0.07444295,-0.11407679999999999,0.40510050000000003,0.1081765,-0.26471039999999996,-0.415653,0.277438,-0.3804192,0.3668175,0.299478,-0.3936078,-0.041318549999999996,-0.3952475,0.183039,0.13126050000000003,-0.387049,0.178092,-0.201579,-0.5125915,-0.2002056,0.19866,-0.5247894999999999,-0.2230638,-0.16853550000000003,-0.8860745,-0.10083924000000001,0.18531450000000002,-0.8932754999999999,-0.1215126
107,-0.009319800000000001,0.227772,-0.1982982,-0.16607850000000002,0.051760749999999994,-0.08953356,-0.39732,0.0626278,-0.2024292,0.176526,0.060804750000000005,-0.1159638,0.40326300000000004,0.09253759999999998,-0.2673216,-0.4150125,0.2550655,-0.3813882,0.361767,0.282644,-0.3957294,-0.0412692,-0.40634349999999997,0.1842936,0.13132349999999998,-0.398069,0.17966279999999998,-0.2016105,-0.5163724999999999,-0.20170500000000002,0.197505,-0.528808,-0.2248794,-0.167286,-0.886958,-0.09965706,0.184695,-0.8945865,-0.1214922
108,-0.01102395,0.21320849999999997,-0.202011,-0.1661835,0.03863175,-0.0915603,-0.39742500000000003,0.04324495,-0.2022864,0.1758015,0.0483512,-0.117555,0.4015935,0.07656334999999999,-0.26974919999999997,-0.41440350000000004,0.23095449999999998,-0.3824694,0.356664,0.26790949999999997,-0.3974634,-0.0411432,-0.4176295,0.18505860000000002,0.13137600000000002,-0.40911749999999997,0.18059100000000003,-0.2016735,-0.5194789999999999,-0.2034492,0.1961715,-0.532304,-0.2268888,-0.16721250000000001,-0.8876705,-0.09966012,0.18420150000000002,-0.8955745,-0.1214718
109,-0.0124971,0.199823,-0.2055708,-0.1664565,0.027453099999999998,-0.09339324,-0.3976035,0.027521499999999997,-0.20190899999999998,0.1750875,0.037740649999999994,-0.1190442,0.400407,0.061655949999999994,-0.2717076,-0.4137735,0.2109,-0.3832752,0.3522435,0.2530515,-0.39887100000000003,-0.0411222,-0.427462,0.18559920000000002,0.131397,-0.4188265,0.1812234,-0.201747,-0.5216544999999999,-0.2052546,0.1946595,-0.535021,-0.2290308,-0.1669185,-0.88825,-0.09898488000000001,0.18402300000000002,-0.8969139999999999,-0.122196
110,-0.01392405,0.1868555,-0.2088756,-0.1667295,0.0166174,-0.09505176,-0.3979185,0.011633699999999999,-0.2014602,0.1744785,0.02658765,-0.1204824,0.39929400000000004,0.046745699999999994,-0.2726766,-0.41329050000000006,0.1941895,-0.3837648,0.348621,0.2424685,-0.39948300000000003,-0.0414939,-0.4373705,0.1858236,0.1313025,-0.4287445,0.18152939999999998,-0.20202,-0.523716,-0.207162,0.193284,-0.5374625,-0.2313156,-0.16668750000000002,-0.8886109999999999,-0.09875436,0.183792,-0.897883,-0.1228896
111,-0.015026550000000001,0.1742965,-0.2118846,-0.16701300000000002,0.00515565,-0.09659706,-0.398118,-0.00322145,-0.20117459999999998,0.17388,0.0166345,-0.121839,0.398622,0.031844950000000004,-0.2738496,-0.413175,0.1772605,-0.384438,0.34534500000000007,0.22736349999999997,-0.3998808,-0.041874,-0.4473835,0.18605819999999998,0.13093500000000002,-0.43803549999999997,0.1817742,-0.20267100000000002,-0.5259389999999999,-0.20892660000000002,0.191919,-0.539885,-0.23354940000000002,-0.16713899999999998,-0.8897605,-0.09971112,0.183372,-0.89889,-0.1235832
112,-0.0159306,0.161348,-0.2149242,-0.167286,-0.005997349999999999,-0.09802914,-0.39843300000000004,-0.017625349999999998,-0.201501,0.1734285,0.005891899999999999,-0.1234812,0.39861150000000006,0.020465849999999997,-0.27405359999999995,-0.413196,0.1615855,-0.3849786,0.342783,0.21338899999999997,-0.3999114,-0.042285600000000007,-0.457083,0.1862622,0.1305465,-0.44750699999999993,0.1819986,-0.20350050000000003,-0.527231,-0.2102424,0.1908585,-0.541899,-0.2353446,-0.1675485,-0.8900739999999999,-0.10037615999999999,0.183141,-0.899004,-0.12416460000000001
113,-0.016647750000000003,0.148751,-0.21769860000000002,-0.1675485,-0.0158897,-0.09915726,-0.39843300000000004,-0.030555799999999998,-0.201501,0.1730925,-0.0038959499999999996,-0.1249194,0.3985905,0.00784225,-0.2737884,-0.41320650000000003,0.1464425,-0.3851724,0.340998,0.2000985,-0.39995220000000004,-0.04266255,-0.4657945,0.1865274,0.1302525,-0.45625649999999995,0.182223,-0.2040885,-0.5283615,-0.210987,0.189882,-0.5439984999999999,-0.23676239999999998,-0.16797900000000002,-0.890568,-0.10115339999999999,0.1827,-0.8994504999999999,-0.1251948
114,-0.017262,0.13605899999999999,-0.22046280000000001,-0.1677375,-0.0252415,-0.10029558,-0.398097,-0.04200045,-0.2008686,0.17283,-0.014363999999999998,-0.1263474,0.39860100000000004,-0.0045638,-0.2735742,-0.41320650000000003,0.1299315,-0.38541719999999996,0.340116,0.1874255,-0.4001868,-0.04306785,-0.4734135,0.18673140000000002,0.130032,-0.463904,0.18250860000000002,-0.2040885,-0.529416,-0.210987,0.18898950000000003,-0.546231,-0.2367318,-0.1684305,-0.8917649999999999,-0.10170522,0.1824165,-0.8996215,-0.1265616
115,-0.017879400000000004,0.12498200000000001,-0.2233494,-0.16788450000000002,-0.03463415,-0.10149714,-0.39767700000000006,-0.052117949999999996,-0.2002464,0.17254650000000002,-0.024969799999999997,-0.127806,0.398559,-0.015719649999999998,-0.27416579999999996,-0.413385,0.118294,-0.3850398,0.3401055,0.1749045,-0.400605,-0.04356555,-0.480491,0.18746580000000002,0.12978,-0.47116199999999997,0.1832226,-0.2040885,-0.530423,-0.210987,0.18774,-0.5480835000000001,-0.236691,-0.16893450000000002,-0.8929429999999999,-0.1022448,0.1821435,-0.8999825,-0.12821400000000002
116,-0.01826685,0.114456,-0.2257974,-0.16797900000000002,-0.04278515,-0.1021938,-0.397404,-0.0628197,-0.1997364,0.1724415,-0.0333583,-0.12878520000000002,0.3985485,-0.02691255,-0.2743596,-0.4139625,0.10777749999999998,-0.384642,0.3400845,0.1627825,-0.4010844,-0.04391835,-0.48581099999999994,0.1883532,0.12958050000000002,-0.47665299999999994,0.18387540000000002,-0.2040885,-0.5306605,-0.210987,0.186144,-0.5498409999999999,-0.2366298,-0.169533,-0.8940164999999999,-0.102612,0.18204900000000002,-0.8999825,-0.1290606
117,-0.0186228,0.103854,-0.2280516,-0.168105,-0.0503785,-0.1027446,-0.3973515,-0.07266645,-0.1993488,0.1723365,-0.04132405,-0.1297338,0.39848550000000005,-0.03730365,-0.2743596,-0.41462400000000005,0.09985449999999998,-0.3844686,0.3400635,0.150252,-0.401574,-0.044027550000000006,-0.48976299999999995,0.19431,0.129591,-0.4810134999999999,0.188292,-0.202881,-0.5311355,-0.2069988,0.18394950000000002,-0.551494,-0.233886,-0.17013150000000002,-0.8950805,-0.10341779999999999,0.181839,-0.8999825,-0.1297542
118,-0.01891155,0.093594,-0.2301324,-0.16806300000000002,-0.0579747,-0.1030914,-0.39730950000000004,-0.08238685,-0.1990122,0.17220000000000002,-0.0497952,-0.13067220000000002,0.39879000000000003,-0.04713805,-0.2743698,-0.41509650000000003,0.09057585,-0.38461140000000005,0.3402315,0.13798749999999999,-0.4020126,-0.04384065,-0.49305949999999993,0.2004504,0.1297695,-0.4845665,0.1929432,-0.201495,-0.5314965,-0.2026026,0.18178650000000002,-0.552729,-0.230928,-0.17088750000000003,-0.8961254999999999,-0.1042134,0.181797,-0.900904,-0.1307946
119,-0.019087950000000003,0.08372349999999999,-0.231744,-0.1680735,-0.06437295,-0.103275,-0.3972885,-0.0922754,-0.1983492,0.1720635,-0.05670075,-0.1315086,0.3988635,-0.05718145,-0.2739924,-0.41517,0.07833984999999999,-0.3847236,0.34200600000000003,0.12227449999999998,-0.403104,-0.04359285,-0.495805,0.2067234,0.1299585,-0.48730249999999997,0.1976658,-0.20013,-0.5314965,-0.19788,0.179487,-0.5538974999999999,-0.2274498,-0.1718745,-0.8976835,-0.10491719999999999,0.1815975,-0.9006664999999999,-0.1307946
120,-0.019257,0.0742862,-0.23336579999999998,-0.168084,-0.0704235,-0.1035912,-0.397173,-0.1023245,-0.1974108,0.1719165,-0.06554144999999999,-0.1325592,0.39889500000000006,-0.06735975,-0.2731866,-0.415065,0.06684105,-0.3850398,0.344379,0.1110265,-0.4040424,-0.0433377,-0.49762899999999993,0.2132106,0.1301475,-0.48962999999999995,0.20249040000000001,-0.19863899999999998,-0.5314869999999999,-0.19265759999999998,0.1770825,-0.5548854999999999,-0.223533,-0.1727145,-0.8992034999999999,-0.1053762,0.18152400000000002,-0.9012745,-0.1319778
121,-0.019428149999999998,0.06488215,-0.2346408,-0.167916,-0.07745824999999999,-0.1037748,-0.396312,-0.111549,-0.1961562,0.1717905,-0.07275955,-0.1332732,0.398706,-0.0770849,-0.2723196,-0.41503350000000006,0.0561146,-0.3850398,0.34651050000000005,0.100149,-0.40498080000000003,-0.0430605,-0.49871199999999993,0.22010580000000002,0.130515,-0.4910454999999999,0.207723,-0.197085,-0.5311164999999999,-0.1867416,0.1745415,-0.5556265,-0.219249,-0.1734285,-0.899289,-0.1051212,0.181377,-0.9012745,-0.1332018
122,-0.019597200000000002,0.055656699999999996,-0.2360076,-0.16779,-0.0846887,-0.1037748,-0.39418050000000004,-0.12263550000000001,-0.1930146,0.1715595,-0.08101315,-0.1338954,0.39872700000000005,-0.0875615,-0.27148320000000004,-0.41502300000000003,0.046620299999999996,-0.38489700000000004,0.348411,0.08878225,-0.4064088,-0.042595350000000004,-0.5001559999999999,0.2270724,0.1311135,-0.4926224999999999,0.2131494,-0.1954575,-0.531031,-0.180642,0.17204250000000001,-0.5560350000000001,-0.2146692,-0.1739955,-0.9006284999999999,-0.10426440000000001,0.18108300000000002,-0.9013315,-0.1347318
123,-0.019744200000000003,0.0473062,-0.2369256,-0.1676955,-0.090915,-0.10378499999999999,-0.39214350000000003,-0.1335415,-0.1898016,0.1713075,-0.08854474999999999,-0.13430340000000002,0.39869550000000004,-0.098173,-0.2707896,-0.4146555,0.03771595,-0.38460120000000003,0.35013299999999997,0.07680655,-0.4082754,-0.04258695,-0.501942,0.2342124,0.13152300000000003,-0.4945985,0.21852480000000002,-0.19371449999999998,-0.531031,-0.174216,0.1694175,-0.5560350000000001,-0.20983439999999998,-0.173901,-0.9018825,-0.1033974,0.18117750000000002,-0.9023859999999999,-0.1370064
124,-0.0198324,0.038066499999999996,-0.2369256,-0.1677795,-0.0983155,-0.1037748,-0.390306,-0.1453215,-0.1864254,0.17106600000000002,-0.09608299999999999,-0.13476239999999998,0.3982965,-0.109174,-0.270759,-0.4141305,0.023672099999999998,-0.38352,0.3511515,0.06441095,-0.4106928,-0.04261845,-0.5041745,0.2409648,0.13198500000000002,-0.49679299999999993,0.224196,-0.191919,-0.531031,-0.1680246,0.1671495,-0.5562725,-0.20510160000000002,-0.1748355,-0.9019015,-0.103479,0.1812195,-0.9034499999999999,-0.1393116
125,-0.019911150000000002,0.02899495,-0.23723160000000001,-0.16788450000000002,-0.105678,-0.1036524,-0.3885735,-0.1560945,-0.18333480000000002,0.17073,-0.1041865,-0.1350786,0.397992,-0.12008949999999999,-0.270912,-0.4134165,0.010081399999999999,-0.3825714,0.3519915,0.05221295,-0.41326320000000005,-0.04256175,-0.507186,0.24794159999999998,0.132531,-0.49978549999999994,0.2305098,-0.1901025,-0.531525,-0.1616598,0.165249,-0.556187,-0.2007462,-0.17558100000000001,-0.9020535,-0.1036932,0.181272,-0.904894,-0.1414434
126,-0.0201453,0.02028155,-0.23739480000000002,-0.167874,-0.1129265,-0.1033668,-0.3871665,-0.167295,-0.18043800000000002,0.17031000000000002,-0.112328,-0.1353132,0.39715200000000006,-0.131385,-0.2708814,-0.41217750000000003,-0.0029678,-0.3813066,0.3523695,0.04042535,-0.4161804,-0.04256385,-0.51072,0.2498694,0.133077,-0.5034525,0.2334678,-0.189693,-0.531525,-0.15975240000000002,0.1639995,-0.5560065,-0.2002362,-0.17619,-0.9029465,-0.1042338,0.18132450000000003,-0.9060244999999999,-0.14381999999999998
127,-0.0204372,0.01151495,-0.23748660000000002,-0.16796850000000002,-0.120973,-0.1029588,-0.3857805,-0.17812499999999998,-0.17754119999999998,0.16975350000000003,-0.1199185,-0.135507,0.395955,-0.142386,-0.2711364,-0.4106235,-0.014859899999999999,-0.3800622,0.35231700000000005,0.02879165,-0.4194852,-0.04239165,-0.515432,0.2518278,0.133644,-0.508041,0.2358954,-0.189294,-0.5322565,-0.157998,0.1628445,-0.5560825,-0.1999506,-0.176589,-0.9029465,-0.1040298,0.18123,-0.9084375,-0.1461354
128,-0.020884500000000004,0.0037477499999999993,-0.2374662,-0.16821000000000003,-0.1291715,-0.10247940000000001,-0.384468,-0.187986,-0.17491980000000001,0.169218,-0.12786999999999998,-0.1356294,0.39475800000000005,-0.1516105,-0.271524,-0.4087755,-0.02407965,-0.3789504,0.352212,0.021014,-0.4221168,-0.042213150000000005,-0.519745,0.25382699999999997,0.13417949999999998,-0.51224,0.2380986,-0.18895800000000001,-0.5331400000000001,-0.1562844,0.16177350000000001,-0.555769,-0.19975679999999998,-0.17670450000000001,-0.9029465,-0.1037748,0.18106200000000003,-0.908067,-0.14531940000000002
129,-0.0213192,-0.0032394999999999998,-0.2374152,-0.168609,-0.13678099999999999,-0.10185312,-0.3832605,-0.19708699999999998,-0.17232899999999998,0.16863,-0.134045,-0.135609,0.393666,-0.1597235,-0.27137100000000003,-0.4070325,-0.032947899999999995,-0.377859,0.35210700000000006,0.01403435,-0.4247994,-0.0420189,-0.525008,0.25570380000000004,0.134778,-0.517313,0.24015899999999998,-0.18875850000000002,-0.534185,-0.15477480000000002,0.16089150000000002,-0.5558735,-0.1995018,-0.17668350000000002,-0.90421,-0.103173,0.1804425,-0.9078485,-0.144228
130,-0.02175285,-0.008083549999999998,-0.2373132,-0.16905,-0.142405,-0.1012401,-0.38279850000000004,-0.2044495,-0.169932,0.1681365,-0.13867149999999998,-0.1355886,0.3926895,-0.16629750000000001,-0.270912,-0.40536300000000003,-0.04171735,-0.3767982,0.35202300000000003,0.008549049999999999,-0.4271658,-0.0415968,-0.5295774999999999,0.2570808,0.135156,-0.521436,0.24188279999999998,-0.18849600000000002,-0.535154,-0.1537446,0.160272,-0.555731,-0.1991958,-0.176652,-0.9045804999999999,-0.1023876,0.17992800000000003,-0.907858,-0.143259
131,-0.0221634,-0.0110181,-0.2369256,-0.1695015,-0.145787,-0.10083516000000001,-0.3825675,-0.20847749999999998,-0.1693812,0.16771650000000002,-0.1420535,-0.13557840000000002,0.3922275,-0.1696035,-0.27021839999999997,-0.40408200000000005,-0.049557699999999996,-0.3757476,0.3510675,0.0049951,-0.4282776,-0.04114215,-0.5330164999999999,0.2582844,0.1355865,-0.5243049999999999,0.2433822,-0.188013,-0.53599,-0.152847,0.15978900000000001,-0.5556074999999999,-0.198798,-0.17620049999999998,-0.9030984999999999,-0.10071785999999999,0.17966550000000003,-0.9103089999999999,-0.1460028
132,-0.022581300000000002,-0.01201465,-0.236181,-0.16986900000000002,-0.1481525,-0.10031190000000001,-0.38255700000000004,-0.21054849999999997,-0.1689018,0.167391,-0.14365899999999998,-0.13530299999999998,0.3917655,-0.17063899999999999,-0.269586,-0.4032525,-0.055117099999999995,-0.3744828,0.3500175,0.00339055,-0.428859,-0.04073475000000001,-0.5351254999999999,0.2592942,0.135996,-0.5257394999999999,0.2449224,-0.18738300000000002,-0.536446,-0.1521942,0.1595685,-0.5554269999999999,-0.198288,-0.1761795,-0.901778,-0.09916848,0.179571,-0.9122089999999999,-0.14783880000000002
133,-0.02298135,-0.01201465,-0.23576280000000002,-0.1705935,-0.1481525,-0.09984168,-0.38255700000000004,-0.21054849999999997,-0.1689018,0.16710750000000002,-0.1441435,-0.1348848,0.3917025,-0.17063899999999999,-0.268872,-0.40249650000000003,-0.055117099999999995,-0.3745134,0.3488835,0.00339055,-0.428808,-0.0405048,-0.535287,0.2604264,0.136458,-0.5261195,0.2460138,-0.186732,-0.5367975,-0.1513884,0.159558,-0.5552275,-0.19791060000000002,-0.17627400000000001,-0.900676,-0.0981495,0.179172,-0.911677,-0.146931
134,-0.02334885,-0.01201465,-0.2351916,-0.1712865,-0.1481525,-0.09952854,-0.38328150000000005,-0.21054849999999997,-0.16887120000000003,0.1668975,-0.1441435,-0.13436460000000003,0.3914085,-0.17063899999999999,-0.2688618,-0.401835,-0.055117099999999995,-0.37420739999999997,0.34812750000000003,0.00339055,-0.4287876,-0.04039455,-0.535287,0.2612322,0.13664700000000002,-0.5261195,0.2465136,-0.185955,-0.5368545,-0.1508274,0.159579,-0.5550375000000001,-0.19757400000000003,-0.176505,-0.900125,-0.09814134,0.1794765,-0.9131684999999999,-0.1481346
135,-0.0234612,-0.01201465,-0.233784,-0.1716435,-0.1481525,-0.09930108,-0.383943,-0.21054849999999997,-0.1685652,0.166761,-0.1441435,-0.13382400000000003,0.391083,-0.17063899999999999,-0.2683824,-0.401373,-0.055117099999999995,-0.37383,0.3476445,0.00339055,-0.4287672,-0.04040085,-0.535287,0.262089,0.1365945,-0.5261195,0.2471256,-0.18513600000000002,-0.5368545,-0.150195,0.15961050000000002,-0.5548474999999999,-0.19678859999999998,-0.176967,-0.8991939999999999,-0.09812399999999999,0.1798755,-0.9136624999999999,-0.14843040000000002
136,-0.02357775,-0.010791049999999998,-0.2324988,-0.17161200000000001,-0.147288,-0.09855648,-0.3839535,-0.20859149999999999,-0.1682592,0.16675050000000002,-0.1441435,-0.132651,0.39078900000000005,-0.16880549999999997,-0.26752560000000003,-0.40082700000000004,-0.05225855,-0.373422,0.3475395,0.00383705,-0.42830820000000003,-0.0403662,-0.535287,0.2630172,0.13664700000000002,-0.5261195,0.2477478,-0.1842435,-0.5368545,-0.1493484,0.1596315,-0.5546765,-0.1962582,-0.17739749999999999,-0.8997069999999999,-0.09931229999999999,0.1804215,-0.912133,-0.1472574
137,-0.02351895,-0.00769785,-0.23100959999999998,-0.1719165,-0.144932,-0.09772314,-0.3840795,-0.2055515,-0.1681164,0.166698,-0.1421865,-0.1311312,0.3905475,-0.16521450000000001,-0.2663934,-0.4003125,-0.04687015,-0.372963,0.347592,0.0052288,-0.4270026,-0.04074105,-0.534052,0.26302739999999997,0.13664700000000002,-0.5249415,0.2477478,-0.1842435,-0.5371775,-0.1493484,0.1597365,-0.554306,-0.19678859999999998,-0.17779650000000002,-0.8988139999999999,-0.10034454000000001,0.1808835,-0.910594,-0.145911
138,-0.0235431,-0.00249375,-0.2291124,-0.1721685,-0.140391,-0.09675822,-0.38430000000000003,-0.1989965,-0.168453,0.166656,-0.1392985,-0.1295808,0.39037950000000005,-0.1595335,-0.264639,-0.39974550000000003,-0.0410077,-0.3725754,0.34767600000000004,0.0083809,-0.42489119999999997,-0.040769400000000004,-0.530309,0.26302739999999997,0.1367205,-0.5216164999999999,0.2473092,-0.1842435,-0.5371204999999999,-0.1493484,0.1600305,-0.553983,-0.19718639999999998,-0.1780695,-0.8983865,-0.10159506,0.180852,-0.9086179999999999,-0.1436874
139,-0.0234696,0.005579349999999999,-0.227256,-0.1722315,-0.133038,-0.09552912000000001,-0.3845205,-0.1911495,-0.168555,0.16660350000000002,-0.132601,-0.1274082,0.3901695,-0.15222799999999997,-0.2617218,-0.3992625,-0.03444225,-0.372249,0.347802,0.01402675,-0.4219332,-0.0403935,-0.525236,0.2630172,0.1371405,-0.5171325,0.24666659999999999,-0.1842435,-0.5370729999999999,-0.1493484,0.16044,-0.5532895,-0.19757400000000003,-0.177513,-0.8981015,-0.1009902,0.180852,-0.9065375,-0.14121899999999998
140,-0.023248050000000003,0.01580325,-0.22479780000000002,-0.1722105,-0.12303449999999998,-0.09349014,-0.3847725,-0.18149749999999998,-0.16848359999999998,0.166572,-0.12404149999999999,-0.1250418,0.38997000000000004,-0.1423575,-0.258519,-0.39871650000000003,-0.02457935,-0.3712494,0.348075,0.0242269,-0.4176186,-0.0404754,-0.5196689999999999,0.2592942,0.13709849999999998,-0.5120404999999999,0.2422296,-0.184863,-0.5369875,-0.1524594,0.161322,-0.5525485,-0.1995222,-0.177051,-0.8976265,-0.100266,0.18081,-0.904381,-0.1383324
141,-0.02301075,0.02873085,-0.2218398,-0.172158,-0.1116725,-0.09121962,-0.38525550000000003,-0.1679125,-0.1684938,0.1665615,-0.113107,-0.1226652,0.38981250000000006,-0.130682,-0.2551122,-0.398118,-0.012688199999999998,-0.3697398,0.34853700000000004,0.035587,-0.41314080000000003,-0.040628700000000004,-0.513589,0.255408,0.13692,-0.5063595,0.2378538,-0.185535,-0.536503,-0.15568259999999998,0.162057,-0.5517409999999999,-0.201144,-0.17651550000000002,-0.896933,-0.09902670000000001,0.18079950000000003,-0.9022055,-0.1361802
142,-0.02272725,0.043168,-0.21819840000000001,-0.17226300000000003,-0.098135,-0.0889134,-0.3862635,-0.1537955,-0.16833060000000002,0.166635,-0.10117499999999999,-0.1200642,0.3899595,-0.11770499999999999,-0.2512158,-0.397488,0.0010602,-0.36785280000000004,0.34935600000000006,0.04894685,-0.40833660000000005,-0.04067175,-0.5062075,0.2512872,0.13674150000000002,-0.49977599999999994,0.23367179999999999,-0.1861965,-0.5360375000000001,-0.1587528,0.1623825,-0.5508005,-0.202674,-0.17640000000000003,-0.896933,-0.09936534000000001,0.18059999999999998,-0.900011,-0.134079
143,-0.022435350000000003,0.0588905,-0.214404,-0.1725675,-0.08523115,-0.08626038000000001,-0.3871455,-0.1376645,-0.167994,0.166761,-0.08746364999999999,-0.1173204,0.3902745,-0.103854,-0.24737040000000002,-0.3968475,0.01747715,-0.36558840000000004,0.350385,0.06309615,-0.4038894,-0.0407421,-0.497933,0.2467788,0.136458,-0.49228999999999995,0.2295306,-0.187047,-0.535572,-0.1618638,0.162498,-0.549803,-0.20385720000000002,-0.17640000000000003,-0.8971419999999999,-0.09924906,0.18059999999999998,-0.9003815,-0.134079
144,-0.022071,0.0756219,-0.2103954,-0.17267250000000003,-0.0730094,-0.08362164,-0.3882165,-0.12045999999999998,-0.16762680000000002,0.1669185,-0.07411424999999999,-0.1146072,0.39068400000000003,-0.0886882,-0.2433516,-0.3961755,0.03557845,-0.3626202,0.3518235,0.07955299999999998,-0.3988608,-0.0406875,-0.49001949999999994,0.2421684,0.136332,-0.48478499999999997,0.22522620000000002,-0.18808650000000002,-0.5351254999999999,-0.16508699999999998,0.162456,-0.5483494999999999,-0.2049792,-0.1764105,-0.8969139999999999,-0.09959178,0.1806105,-0.9003435,-0.13385460000000002
145,-0.02169405,0.09399775,-0.20609100000000002,-0.17293500000000003,-0.056606699999999996,-0.08111346,-0.3894555,-0.1037115,-0.1670556,0.1669605,-0.05639295,-0.1115778,0.391167,-0.07230829999999999,-0.239343,-0.39575550000000004,0.054755149999999995,-0.3596622,0.35340900000000003,0.09767899999999999,-0.3937506,-0.0408534,-0.4803105,0.23678280000000002,0.136017,-0.475209,0.2204526,-0.18927300000000002,-0.5344034999999999,-0.168198,0.1624035,-0.547086,-0.206142,-0.1764105,-0.8963155,-0.09959178,0.180663,-0.8999729999999999,-0.13243680000000002
146,-0.021274050000000003,0.1130595,-0.2015826,-0.17298750000000002,-0.04063339999999999,-0.07855121999999999,-0.39118800000000004,-0.08532614999999999,-0.16665780000000002,0.166992,-0.0394839,-0.10880340000000001,0.39165,-0.05553985,-0.2352426,-0.395367,0.07185704999999999,-0.35626559999999996,0.354921,0.11930099999999999,-0.3888138,-0.0411243,-0.47103849999999997,0.231183,0.1357545,-0.4659465,0.2156484,-0.190491,-0.5336055,-0.171003,0.1623615,-0.5455375,-0.2072946,-0.1764105,-0.895945,-0.09959178,0.1804635,-0.897807,-0.1296114
147,-0.020897100000000002,0.13381700000000002,-0.197166,-0.17313450000000002,-0.02339185,-0.07580844,-0.39272100000000004,-0.0660573,-0.16654560000000002,0.166971,-0.0205675,-0.1060698,0.39240600000000003,-0.03717445,-0.23169299999999998,-0.39482100000000003,0.09428275,-0.35200200000000004,0.35637,0.140372,-0.38403,-0.041382600000000005,-0.460864,0.224859,0.1355445,-0.455221,0.2103036,-0.1919715,-0.5316295,-0.17340000000000003,0.1622775,-0.5438845,-0.2084064,-0.176127,-0.895945,-0.09960198,0.180159,-0.8960115,-0.1269798
148,-0.020440350000000003,0.15504,-0.1921374,-0.17298750000000002,-0.0061712,-0.07307177999999999,-0.39260550000000005,-0.0448761,-0.1654848,0.1670025,-0.00294405,-0.1036014,0.3925215,-0.0183065,-0.22842900000000002,-0.39451650000000005,0.118142,-0.3476772,0.35815500000000006,0.1613385,-0.3788484,-0.0416472,-0.44985349999999996,0.21814740000000002,0.13527150000000002,-0.4436405,0.2044896,-0.193599,-0.5296535,-0.17580720000000002,0.16200450000000002,-0.5418040000000001,-0.2089164,-0.17554950000000002,-0.895926,-0.09916950000000001,0.17999099999999998,-0.8951089999999999,-0.12442980000000001
149,-0.02003295,0.1763105,-0.18704759999999998,-0.17290350000000002,0.0094392,-0.07107054,-0.39255300000000004,-0.02232215,-0.164373,0.1670865,0.01439535,-0.10128804000000001,0.392784,0.0014592,-0.2250426,-0.39410700000000004,0.14196799999999998,-0.343434,0.36001350000000004,0.17995849999999997,-0.3745848,-0.042060900000000005,-0.43756049999999996,0.2155974,0.1351245,-0.43073,0.2028066,-0.19376700000000002,-0.527649,-0.17580720000000002,0.1617105,-0.539315,-0.2089062,-0.174804,-0.8944344999999999,-0.09762114000000001,0.17980200000000002,-0.894026,-0.12204300000000001
150,-0.0196413,0.197657,-0.18225360000000002,-0.17308199999999999,0.028147549999999997,-0.0689469,-0.3941175,-0.0014819999999999998,-0.163098,0.16707600000000003,0.0335369,-0.0987717,0.3932565,0.0206435,-0.222003,-0.39369750000000003,0.165737,-0.33920100000000003,0.3620295,0.19866399999999998,-0.370056,-0.04248615,-0.42303499999999994,0.21253740000000002,0.13503,-0.4157105,0.20112359999999999,-0.19413450000000002,-0.525559,-0.1757868,0.161616,-0.535686,-0.20889600000000003,-0.17426850000000002,-0.8929144999999999,-0.09530574000000001,0.17945550000000002,-0.8923635,-0.1190646
151,-0.0192843,0.220381,-0.177225,-0.1734075,0.044695599999999995,-0.06682122,-0.3957135,0.0209456,-0.16156800000000002,0.1670235,0.05214265,-0.09654912,0.393834,0.0413326,-0.2195754,-0.393288,0.18967699999999998,-0.3351414,0.36362550000000005,0.218899,-0.3648336,-0.0429576,-0.4088325,0.20951820000000002,0.13485149999999999,-0.400273,0.19929780000000002,-0.1943235,-0.5234785,-0.1757868,0.16147950000000003,-0.5312304999999999,-0.20889600000000003,-0.17426850000000002,-0.892601,-0.09530574000000001,0.178857,-0.8909005,-0.1169838
152,-0.018870599999999998,0.24281049999999998,-0.1725432,-0.173649,0.0651605,-0.06440178,-0.3972045,0.043714249999999996,-0.1599972,0.1670655,0.07129465,-0.09440304,0.3942435,0.061780400000000006,-0.2176578,-0.39309900000000003,0.2153555,-0.3304494,0.365064,0.23947600000000002,-0.3596214,-0.0430815,-0.3924735,0.206397,0.13457850000000002,-0.3841135,0.19717620000000002,-0.19420800000000002,-0.5204574999999999,-0.17373660000000002,0.161259,-0.5263095,-0.2061318,-0.17426850000000002,-0.8923254999999999,-0.09530574000000001,0.1783005,-0.889371,-0.1151988
153,-0.01844745,0.26539199999999996,-0.1680246,-0.173859,0.08636355,-0.06181506,-0.398391,0.06606205,-0.15807960000000001,0.1670025,0.0919011,-0.092004,0.3947895,0.08171045,-0.2162094,-0.392994,0.23987499999999998,-0.3265326,0.3655365,0.258286,-0.3553272,-0.04340070000000001,-0.37582,0.2031636,0.134127,-0.3677355,0.1947486,-0.19396650000000001,-0.516211,-0.17132940000000002,0.161301,-0.5213599999999999,-0.2035614,-0.17426850000000002,-0.891442,-0.09530574000000001,0.177681,-0.888212,-0.1144542
154,-0.01809045,0.2876125,-0.1632816,-0.1740585,0.1035975,-0.059627160000000005,-0.399525,0.0884697,-0.15626400000000001,0.1668975,0.1094685,-0.09013026,0.394968,0.100187,-0.214251,-0.39281550000000004,0.2630645,-0.32201399999999997,0.366114,0.2790625,-0.3510228,-0.044514750000000006,-0.360525,0.20004239999999998,0.132972,-0.3524025,0.192321,-0.1937775,-0.5119644999999999,-0.1688304,0.16133250000000002,-0.5161825,-0.2003688,-0.1747305,-0.8901785,-0.09549954000000001,0.177177,-0.886977,-0.11397480000000001
155,-0.0176001,0.31018450000000003,-0.1584978,-0.1743945,0.12082099999999998,-0.05759838,-0.4006065,0.11089349999999999,-0.1546932,0.167055,0.128554,-0.08800254,0.395073,0.1210775,-0.2123946,-0.392679,0.28816349999999996,-0.3178014,0.36711150000000004,0.296989,-0.3469632,-0.04548915,-0.3446125,0.1968396,0.1317435,-0.336224,0.189669,-0.19358850000000002,-0.507775,-0.16626000000000002,0.161448,-0.51072,-0.1972476,-0.17523450000000002,-0.888953,-0.09594528,0.1768095,-0.8858655,-0.11373
156,-0.0171612,0.3325665,-0.1531326,-0.174741,0.1402105,-0.055198319999999995,-0.40133100000000005,0.1334655,-0.152592,0.16721250000000001,0.147763,-0.0854811,0.395304,0.1411035,-0.2101608,-0.392784,0.3101655,-0.3141702,0.3681405,0.3213755,-0.34198560000000006,-0.0466452,-0.3281965,0.1933512,0.130368,-0.3201405,0.1867518,-0.19344150000000002,-0.5040985,-0.1633428,0.1615845,-0.504906,-0.1938612,-0.176001,-0.8875375,-0.09660726000000001,0.1764945,-0.884621,-0.11324039999999999
157,-0.016792650000000003,0.354977,-0.1480836,-0.17487750000000002,0.1595715,-0.052989,-0.4018665,0.155458,-0.1505724,0.16713899999999998,0.1674755,-0.08323098000000001,0.395577,0.1620415,-0.2080392,-0.39300450000000003,0.334438,-0.3097128,0.3691485,0.3446315,-0.33762000000000003,-0.04819500000000001,-0.311657,0.1894854,0.128688,-0.303753,0.1833552,-0.19332600000000003,-0.5000134999999999,-0.1602726,0.162015,-0.499301,-0.1902606,-0.176547,-0.8861694999999999,-0.0966705,0.1761795,-0.883595,-0.11302620000000001
158,-0.016422000000000003,0.3777105,-0.1430448,-0.17520300000000003,0.180424,-0.05030742,-0.4026435,0.176206,-0.14788980000000002,0.1672545,0.1882235,-0.08046372,0.3955875,0.18151649999999997,-0.20578500000000002,-0.3933195,0.3573615,-0.3056532,0.3701565,0.36841949999999996,-0.3324588,-0.05028135,-0.29501299999999997,0.18531360000000002,0.126399,-0.2875935,0.17979540000000002,-0.1930845,-0.495406,-0.1573146,0.1624035,-0.49273649999999997,-0.1867416,-0.177261,-0.884317,-0.09648078,0.17590650000000002,-0.8806975,-0.11281200000000001
159,-0.016048200000000002,0.3999405,-0.1374756,-0.1757385,0.199728,-0.04782066,-0.403746,0.1994905,-0.14528880000000002,0.16737,0.206796,-0.07756284,0.39553499999999997,0.2022075,-0.2029698,-0.3939285,0.382204,-0.30167520000000003,0.371049,0.3926825,-0.327012,-0.052804500000000004,-0.2791575,0.18124379999999998,0.123312,-0.2724315,0.17585820000000002,-0.19237050000000003,-0.4904945,-0.1542444,0.162708,-0.4869795,-0.18309,-0.17816400000000002,-0.8822935000000001,-0.09626148,0.1756125,-0.8783795,-0.11271
160,-0.0155799,0.421553,-0.1317942,-0.176232,0.2209225,-0.044943239999999995,-0.40517400000000003,0.221445,-0.1428612,0.1675065,0.2254825,-0.07426212,0.3956715,0.22136899999999998,-0.199716,-0.3948945,0.40611549999999996,-0.29757480000000003,0.3718155,0.4146085,-0.32161619999999996,-0.055879950000000005,-0.26241849999999994,0.1767048,0.1196475,-0.25742149999999997,0.1714212,-0.191499,-0.485336,-0.1507968,0.162771,-0.4815075,-0.1797648,-0.179235,-0.8806215,-0.09662052,0.175371,-0.8757005,-0.1121592
161,-0.01515465,0.44309899999999997,-0.1257966,-0.176904,0.23884899999999998,-0.042126000000000004,-0.4065495,0.24271549999999997,-0.14002560000000003,0.167853,0.24391249999999998,-0.07047588,0.3958185000000001,0.242269,-0.1959726,-0.3963645,0.42862100000000003,-0.293454,0.37270800000000004,0.43616399999999994,-0.3159144,-0.058670850000000004,-0.247646,0.1723902,0.116319,-0.24284850000000002,0.1668822,-0.191331,-0.48044349999999997,-0.1465332,0.162918,-0.476178,-0.1758888,-0.1801065,-0.878864,-0.09816888,0.1751295,-0.8726889999999999,-0.1112106
162,-0.01473255,0.465215,-0.11982960000000001,-0.1775025,0.2591695,-0.039112919999999995,-0.40866,0.26311199999999996,-0.1366494,0.1683045,0.2631215,-0.06664170000000001,0.39597600000000005,0.264613,-0.1918212,-0.3981705,0.45189599999999996,-0.289221,0.37354800000000005,0.4647115,-0.30882539999999997,-0.06161085,-0.23113499999999998,0.16780019999999998,0.112812,-0.22703099999999998,0.1625676,-0.190974,-0.47539899999999996,-0.1420452,0.1631175,-0.469927,-0.171003,-0.181419,-0.876223,-0.10073928,0.174825,-0.8686799999999999,-0.11084340000000001
163,-0.01417815,0.48747349999999995,-0.1135464,-0.178227,0.278958,-0.0357663,-0.4106445,0.28277699999999995,-0.1332732,0.1688085,0.2821595,-0.06261474,0.39630150000000003,0.287527,-0.1880472,-0.400281,0.47542749999999995,-0.2856306,0.3744615,0.489269,-0.30230759999999995,-0.06431774999999999,-0.214776,0.1633938,0.109536,-0.2112705,0.1582224,-0.19030200000000003,-0.46976549999999995,-0.1374348,0.163296,-0.4666685,-0.1655052,-0.18187050000000002,-0.872309,-0.10168584,0.17437350000000001,-0.8665995,-0.110364
164,-0.01365,0.5097415,-0.1070592,-0.178941,0.30057049999999996,-0.032013719999999996,-0.41268150000000003,0.3074675,-0.13002960000000002,0.1692495,0.30153,-0.05847966,0.396774,0.30863599999999997,-0.18387540000000002,-0.40228650000000005,0.500023,-0.28125479999999997,0.375606,0.512753,-0.295545,-0.06721680000000001,-0.19746699999999998,0.1588956,0.10594500000000001,-0.19525349999999997,0.153867,-0.18963000000000002,-0.461928,-0.1320594,0.1631595,-0.46416999999999997,-0.15906900000000002,-0.1821225,-0.866058,-0.10167666,0.17392200000000002,-0.864652,-0.1103436
165,-0.0128982,0.5318575,-0.10036494,-0.17936100000000002,0.31900049999999996,-0.0286875,-0.41481300000000004,0.3298115,-0.127296,0.1701525,0.3212045,-0.05417934,0.39721500000000004,0.33022,-0.179673,-0.40412400000000004,0.526243,-0.276624,0.3772545,0.531088,-0.28848660000000004,-0.06990585,-0.1810415,0.1550298,0.10240545000000001,-0.1795405,0.1497768,-0.188853,-0.454119,-0.1270002,0.16247699999999998,-0.45902099999999996,-0.1517862,-0.1821225,-0.859522,-0.10167666,0.1739115,-0.8605765,-0.1106598
166,-0.01205925,0.5529474999999999,-0.09311886,-0.1796445,0.33782,-0.025227660000000002,-0.417102,0.352222,-0.1239198,0.171108,0.33983399999999997,-0.04977192,0.39759300000000003,0.3523265,-0.17552160000000003,-0.40618200000000004,0.549689,-0.2723808,0.37935450000000004,0.5529474999999999,-0.2807448,-0.07290255000000001,-0.16456849999999998,0.1512048,0.0987546,-0.164103,0.14588040000000002,-0.18805500000000003,-0.4479535,-0.1211148,0.16165800000000002,-0.453758,-0.1415352,-0.1816605,-0.8538789999999999,-0.10047612,0.17386949999999998,-0.8559595,-0.1102416
167,-0.0112308,0.5725554999999999,-0.08543928,-0.180012,0.356288,-0.02177802,-0.41899200000000003,0.375117,-0.12094139999999999,0.17199,0.358378,-0.04555932,0.39814950000000005,0.37443299999999996,-0.17133959999999998,-0.40821900000000005,0.5737715,-0.2676888,0.381444,0.57342,-0.2739618,-0.0755265,-0.14800999999999997,0.1475328,0.09532425000000001,-0.1480955,0.1420248,-0.18688950000000001,-0.4426335,-0.114189,0.16021950000000001,-0.453758,-0.13147799999999998,-0.18140850000000003,-0.8489675,-0.09887166000000001,0.17339700000000002,-0.8555605,-0.109497
168,-0.010412850000000001,0.5905294999999999,-0.0776169,-0.18039000000000002,0.373882,-0.018066239999999997,-0.4201995,0.39626399999999995,-0.1179936,0.17272500000000002,0.37538299999999997,-0.04169148,0.3983805,0.39646349999999997,-0.16708620000000002,-0.4103505,0.5965334999999999,-0.2630376,0.38328150000000005,0.5991744999999999,-0.26674020000000004,-0.07783755,-0.13221149999999998,0.1437486,0.0925701,-0.132829,0.1381896,-0.184926,-0.4426335,-0.1066512,0.158571,-0.453758,-0.1214412,-0.181314,-0.8489675,-0.09750588,0.17290350000000002,-0.8555605,-0.1056414
169,-0.009653700000000001,0.6064229999999999,-0.06967314000000001,-0.18079950000000003,0.39120049999999995,-0.01423818,-0.4209555,0.41866499999999995,-0.1150356,0.1734285,0.3913715,-0.03815106,0.3985485,0.418475,-0.16282259999999998,-0.4125765,0.6232665000000001,-0.2580702,0.385014,0.6241025,-0.26051820000000003,-0.07942095,-0.116831,0.1403112,0.0905268,-0.11800899999999999,0.1348134,-0.18025349999999998,-0.4426335,-0.09490386,0.156996,-0.453758,-0.1113024,-0.1802745,-0.8489675,-0.0956199,0.172977,-0.8555605,-0.10565160000000001
170,-0.0088368,0.6211289999999999,-0.06215472,-0.1813875,0.40839549999999997,-0.01047336,-0.421365,0.44022999999999995,-0.11227140000000001,0.17400600000000002,0.4066665,-0.03479628,0.39871650000000003,0.4395555,-0.15862020000000002,-0.41442450000000003,0.6466934999999999,-0.2542554,0.3865785,0.6496099999999999,-0.25429620000000003,-0.08107784999999999,-0.101365,0.1309476,0.08836275,-0.103227,0.1257354,-0.17557050000000002,-0.4426335,-0.08363184,0.1540455,-0.45542049999999995,-0.09588612,-0.1800015,-0.8489675,-0.0950742,0.172977,-0.8555605,-0.10565160000000001
171,-0.007918050000000001,0.6387134999999999,-0.054050820000000006,-0.18195450000000002,0.42361449999999995,-0.006961500000000001,-0.4212495,0.4622225,-0.1093134,0.175392,0.42350999999999994,-0.030401100000000004,0.398874,0.4589355,-0.15437700000000001,-0.4159365,0.669902,-0.2503896,0.3880485,0.6682395,-0.2489106,-0.08241975,-0.08664,0.12066600000000001,0.08649480000000001,-0.0886274,0.1153314,-0.1704675,-0.44841899999999996,-0.06932634,0.15115800000000001,-0.4620705,-0.08000879999999999,-0.17994900000000003,-0.850003,-0.09510582000000001,0.17331300000000002,-0.856045,-0.1058556
172,-0.00698565,0.6546735,-0.046689480000000005,-0.1824165,0.438235,-0.00355776,-0.42110250000000005,0.48429099999999997,-0.1056006,0.1767255,0.438311,-0.0265455,0.39872700000000005,0.47700449999999994,-0.14987879999999998,-0.4172385,0.6915524999999999,-0.2459832,0.3890775,0.687515,-0.2428824,-0.08337945,-0.07335235,0.1103844,0.08503635000000001,-0.075411,0.10518240000000001,-0.165249,-0.45435649999999994,-0.05497698,0.14856450000000002,-0.46907199999999993,-0.06523103999999999,-0.1794345,-0.851447,-0.09314742,0.17522400000000002,-0.8616309999999999,-0.10648800000000001
173,-0.00607005,0.6693984999999999,-0.03912414,-0.183141,0.4518485,-3.774e-05,-0.4209555,0.5005264999999999,-0.10171644,0.1780695,0.451155,-0.02293878,0.3982965,0.494513,-0.14520719999999998,-0.4186245,0.7110939999999999,-0.2422602,0.390012,0.707959,-0.2366502,-0.0839328,-0.0615524,0.10039248,0.08397375000000001,-0.06329660000000001,0.09488244,-0.1599465,-0.4604935,-0.04088568,0.146181,-0.476102,-0.05121624,-0.17866800000000002,-0.853442,-0.09140016,0.17727150000000003,-0.8676539999999999,-0.10722240000000001
174,-0.00529725,0.6816154999999999,-0.03247578,-0.1838865,0.4642555,0.00347922,-0.419874,0.5168,-0.09745896,0.1791405,0.461738,-0.01958196,0.3978975,0.510701,-0.140454,-0.42016800000000004,0.7277855,-0.2385168,0.39033750000000006,0.7273675000000001,-0.23157060000000002,-0.0843276,-0.05129525,0.09038526,0.08320200000000001,-0.05272784999999999,0.08475690000000001,-0.15451800000000002,-0.467989,-0.0266577,0.1439445,-0.48431949999999996,-0.03807966,-0.1776285,-0.8572135,-0.09109314,0.1779855,-0.8722234999999999,-0.1044072
175,-0.0046116,0.6929394999999999,-0.02625582,-0.18446400000000002,0.4753705,0.00722466,-0.4186875,0.5321994999999999,-0.09369414,0.18024300000000001,0.47123799999999993,-0.01615272,0.39727799999999996,0.526148,-0.1355988,-0.42152249999999997,0.7437739999999999,-0.2348448,0.390726,0.7450944999999999,-0.22652160000000002,-0.08471925000000001,-0.04241845,0.08047188000000001,0.0828009,-0.043429249999999996,0.07459464,-0.14915250000000002,-0.47553199999999995,-0.01336404,0.14184449999999998,-0.492024,-0.027905160000000002,-0.1763475,-0.8630939999999999,-0.08966207999999999,0.1797705,-0.879814,-0.1066512
176,-0.0039627,0.7035889999999999,-0.020276580000000002,-0.184758,0.48466149999999997,0.01057638,-0.417333,0.5462499999999999,-0.0902853,0.18135600000000002,0.479161,-0.012714300000000001,0.3964905,0.5407114999999999,-0.13104960000000002,-0.42273000000000005,0.7583469999999999,-0.2312034,0.3912405,0.764598,-0.2209218,-0.08506365,-0.03514715,0.07058808,0.08239245,-0.0357808,0.06425489999999999,-0.14427,-0.48520299999999994,-0.00117606,0.1400805,-0.500061,-0.01752258,-0.175098,-0.8696965,-0.08696724,0.18169200000000002,-0.8881549999999999,-0.109701
177,-0.0033033,0.713811,-0.01457886,-0.18481050000000002,0.49248,0.01381896,-0.41595750000000004,0.558087,-0.08697131999999999,0.18252150000000003,0.487065,-0.00917286,0.395661,0.5535745,-0.1269696,-0.423843,0.770906,-0.227664,0.39167100000000005,0.777803,-0.2160564,-0.08544795000000001,-0.0287375,0.06084096,0.081984,-0.02891895,0.05391312,-0.1401225,-0.49551049999999996,0.00982872,0.138411,-0.504222,-0.007302180000000001,-0.17394300000000001,-0.8770969999999999,-0.08495274,0.1827945,-0.8903875,-0.10722240000000001
178,-0.00254415,0.7240044999999999,-0.0101184,-0.184884,0.4999755,0.01676472,-0.41416200000000003,0.568651,-0.08360226,0.1838655,0.49539649999999996,-0.00578442,0.39463200000000004,0.5662474999999999,-0.1234404,-0.4245255,0.7794465,-0.224604,0.39195450000000004,0.791939,-0.21122159999999998,-0.08513715000000001,-0.0228722,0.051040800000000004,0.08172990000000001,-0.0223668,0.04346628,-0.13881000000000002,-0.5045165,0.01627002,0.1367835,-0.508212,0.00272646,-0.17365950000000002,-0.8856375,-0.08496294,0.1855665,-0.8963915,-0.11320980000000001
179,-0.00181335,0.7336564999999999,-0.00514284,-0.18485250000000003,0.505666,0.01931268,-0.41213550000000004,0.5779989999999999,-0.08050656,0.1852725,0.5023695,-0.0028172400000000004,0.3936135,0.5770775,-0.1202274,-0.4251765,0.7879394999999999,-0.2211972,0.39212250000000004,0.8046025,-0.206907,-0.08418795,-0.0187131,0.04673742,0.08228535000000001,-0.0173185,0.03869574,-0.13744499999999998,-0.5132375,0.02199528,0.1366575,-0.5105395,0.0065943,-0.17339700000000002,-0.8941115,-0.08547396,0.187677,-0.9021009999999999,-0.119289
180,-0.0011277000000000001,0.7376084999999999,-0.00025398,-0.184758,0.5102925,0.021909599999999998,-0.409899,0.586378,-0.07776378,0.18585,0.505286,-0.0010842599999999999,0.39277350000000005,0.58691,-0.117351,-0.42593250000000005,0.794808,-0.2174028,0.39276300000000003,0.8163729999999999,-0.20298000000000002,-0.08311485,-0.0163894,0.0435591,0.08284920000000001,-0.01434975,0.035152260000000005,-0.1365525,-0.5132375,0.02464116,0.1366365,-0.5105395,0.00893724,-0.1729245,-0.8954509999999999,-0.0843285,0.18977700000000003,-0.907212,-0.1221246
181,-0.0004515,0.740544,0.0046767,-0.18465299999999998,0.5139689999999999,0.02440452,-0.407505,0.593009,-0.0755208,0.186732,0.508573,0.00095166,0.392154,0.5959635,-0.1149438,-0.42666750000000003,0.8011539999999999,-0.2136492,0.39342450000000007,0.8274405,-0.19964459999999998,-0.08201655000000001,-0.0143678,0.0403155,0.08346765,-0.01172585,0.03145374,-0.13579650000000001,-0.5132375,0.027099360000000003,0.1367205,-0.5105395,0.011029259999999999,-0.17313450000000002,-0.8956029999999999,-0.08432034000000001,0.19164599999999998,-0.9106225,-0.1257048
182,0.00026460000000000003,0.742748,0.00898926,-0.18439049999999998,0.5168189999999999,0.02672706,-0.40505850000000004,0.5987659999999999,-0.0731595,0.1876035,0.511727,0.0027774600000000003,0.3917655,0.6042285,-0.1130976,-0.4273185,0.8064834999999999,-0.2099874,0.39407549999999997,0.8376054999999999,-0.19682940000000002,-0.080892,-0.012461149999999999,0.03699234,0.08413125,-0.009486699999999999,0.02792148,-0.1351245,-0.5132375,0.029019,0.1367835,-0.5105395,0.01267554,-0.17367,-0.8979874999999999,-0.0861543,0.1931475,-0.913634,-0.1304376
183,0.0009891000000000001,0.7447619999999999,0.01327938,-0.1841385,0.519327,0.02880582,-0.4026435,0.6034495,-0.07112562,0.18844349999999999,0.5143584999999999,0.00424524,0.39142950000000004,0.6120945,-0.1117206,-0.427875,0.8107679999999999,-0.20669279999999998,0.39491550000000003,0.847324,-0.1942896,-0.0796971,-0.01082335,0.033312180000000004,0.0848085,-0.0070471,0.02408118,-0.13446300000000003,-0.5112140000000001,0.030691799999999998,0.13682550000000002,-0.5079364999999999,0.01384344,-0.17433150000000003,-0.9004099999999999,-0.08802906,0.19365150000000003,-0.9142039999999999,-0.1319268
184,0.0017661,0.7465385,0.01707072,-0.18385500000000002,0.521322,0.030312360000000003,-0.40036499999999997,0.6072209999999999,-0.06915191999999999,0.18918900000000002,0.516914,0.00552534,0.391251,0.618108,-0.1105374,-0.4284945,0.814416,-0.20337780000000003,0.3959025,0.8552184999999999,-0.1924026,-0.07854525,-0.00934705,0.02971362,0.08547315000000001,-0.00481175,0.020356139999999998,-0.1338225,-0.5093519999999999,0.032133060000000005,0.1368465,-0.505514,0.014623740000000001,-0.174993,-0.9025475,-0.09013944,0.193431,-0.9139285,-0.13175340000000002
185,0.0026355000000000003,0.7481059999999999,0.020401020000000002,-0.1832985,0.5231459999999999,0.03165672,-0.39814950000000005,0.610356,-0.06708132,0.189966,0.5186335,0.00635154,0.391125,0.6233234999999999,-0.1094256,-0.4291665,0.8175225,-0.2003484,0.3970365,0.8604814999999999,-0.1910868,-0.0774732,-0.008040799999999999,0.026310899999999998,0.08607585,-0.0029354999999999997,0.01682184,-0.133224,-0.5076324999999999,0.0334662,0.13688850000000002,-0.5034239999999999,0.01507662,-0.17433150000000003,-0.9000204999999999,-0.08805558000000001,0.193893,-0.9140995,-0.1333956
186,0.0035238,0.7495404999999999,0.02332434,-0.1827105,0.5247705,0.03282156,-0.395955,0.6130445,-0.0648771,0.1906905,0.5202959999999999,0.0070747200000000005,0.391062,0.6281115,-0.1084566,-0.429891,0.8202489999999999,-0.19722720000000002,0.3982965,0.8652029999999999,-0.18999539999999998,-0.0765198,-0.0068798999999999996,0.023295780000000002,0.08668065000000001,-0.00113905,0.01361292,-0.13268850000000001,-0.5060745,0.03469836,0.136899,-0.501448,0.01521228,-0.17365950000000002,-0.8974745,-0.085731,0.19345199999999999,-0.9140995,-0.1333752
187,0.0042651,0.750177,0.0262701,-0.1822695,0.525369,0.033974159999999996,-0.39412800000000003,0.6145075,-0.06266166000000001,0.1912995,0.520771,0.00780708,0.39109350000000004,0.6314175,-0.10744680000000001,-0.4306995,0.8218734999999999,-0.19398359999999998,0.3997245,0.8680815,-0.1890366,-0.07576065,-0.006466649999999999,0.020432640000000002,0.08715315,-6.27e-05,0.010479480000000001,-0.1322265,-0.5052385,0.03556332,0.13692,-0.50008,0.015211259999999999,-0.173187,-0.8974745,-0.08516694,0.19274850000000002,-0.9131115,-0.1293972
188,0.004970700000000001,0.7507564999999999,0.02875686,-0.18199650000000003,0.5258344999999999,0.035083920000000005,-0.39240600000000003,0.6156569999999999,-0.060434999999999996,0.19187700000000002,0.5209894999999999,0.00840072,0.391125,0.6342865,-0.10659,-0.4315815,0.823213,-0.1907502,0.401142,0.87039,-0.1880166,-0.0752619,-0.00612275,0.01806012,0.08745975,0.0007371999999999999,0.00758982,-0.13188,-0.5044975,0.0362049,0.136941,-0.4989684999999999,0.015211259999999999,-0.172305,-0.8956695,-0.0834513,0.19119450000000002,-0.9133965000000001,-0.1272348
189,0.005628,0.751089,0.0304062,-0.1818075,0.5263095,0.0360672,-0.390915,0.616493,-0.05844192,0.19237050000000003,0.5209894999999999,0.00877506,0.391125,0.6366995,-0.1059576,-0.4324005,0.8242865,-0.1879452,0.40240200000000004,0.872081,-0.1872108,-0.07495635,-0.0058045,0.015763080000000002,0.08755005,0.0013432999999999997,0.00495006,-0.131607,-0.5037755,0.036202859999999996,0.136941,-0.4980469999999999,0.015211259999999999,-0.1715805,-0.8926105,-0.0811002,0.19119450000000002,-0.9133965000000001,-0.1272348
190,0.00626535,0.751089,0.031884180000000005,-0.181734,0.5263095,0.03695868,-0.3897495,0.616493,-0.0566712,0.19263300000000003,0.5209894999999999,0.00898212,0.3910515,0.6380865,-0.105417,-0.4330935,0.8242865,-0.18546659999999998,0.4035675,0.8728315,-0.1862928,-0.07489230000000001,-0.0058045,0.013523160000000001,0.0874545,0.0013432999999999997,0.00251328,-0.1314075,-0.5037755,0.03619572,0.136983,-0.49785699999999994,0.01494096,-0.1721895,-0.8935225,-0.08264958,0.1920765,-0.9133965000000001,-0.1277856
191,0.0068407500000000005,0.751089,0.033257100000000005,-0.18170250000000002,0.5263095,0.037525800000000005,-0.388815,0.616512,-0.05509122,0.192843,0.5209894999999999,0.00929628,0.39104099999999997,0.6389984999999999,-0.1048764,-0.4339335,0.8242865,-0.1829472,0.40453350000000005,0.8732304999999999,-0.1853544,-0.07497945,-0.0058045,0.011331180000000001,0.0873621,0.0013432999999999997,0.00017135999999999999,-0.13126050000000003,-0.5037755,0.03619062,0.13699350000000002,-0.49768599999999996,0.01458702,-0.171633,-0.8927054999999999,-0.08108796,0.19204500000000002,-0.9133395,-0.12776520000000002
192,0.007377300000000001,0.751089,0.03458718,-0.18170250000000002,0.5263095,0.038111280000000004,-0.38805900000000004,0.6165215000000001,-0.05360814,0.192969,0.52098,0.00957984,0.390957,0.6393214999999999,-0.1043256,-0.43479450000000003,0.8242865,-0.1805094,0.4053315,0.8733825,-0.1843548,-0.0750477,-0.0058045,0.00958392,0.0872865,0.0013432999999999997,-0.00174522,-0.13105050000000001,-0.5037755,0.03618246,0.13697250000000002,-0.49751500000000004,0.01409844,-0.17234700000000003,-0.8950425,-0.08340539999999999,0.1927695,-0.9133395,-0.1280916
193,0.0078414,0.7507185,0.03613554,-0.18167100000000003,0.5260245,0.038884440000000006,-0.38740800000000003,0.6165215000000001,-0.05196594,0.1930845,0.5199159999999999,0.00987054,0.39097800000000005,0.639369,-0.1035912,-0.43573950000000006,0.8238209999999999,-0.178092,0.405972,0.8734774999999999,-0.1829574,-0.07511385000000001,-0.0062073,0.00790806,0.08721825,0.0013147999999999999,-0.00343434,-0.1308825,-0.5037659999999999,0.035856059999999995,0.1369305,-0.497382,0.01337526,-0.1710345,-0.8920975,-0.0806208,0.191982,-0.911924,-0.1252458
194,0.008127,0.7503479999999999,0.0376635,-0.1816395,0.5256635,0.039692279999999996,-0.386967,0.6163314999999999,-0.050539980000000005,0.19309500000000002,0.5187285,0.010152060000000001,0.390999,0.639369,-0.1028976,-0.43667400000000006,0.82346,-0.1758378,0.406455,0.8736105,-0.1814172,-0.0752241,-0.00671555,0.0063495,0.08694315000000001,0.0012293,-0.0049725,-0.130746,-0.503842,0.03543786,0.136857,-0.4973535,0.01263882,-0.170688,-0.8920975,-0.08130114000000001,0.19103699999999998,-0.90991,-0.12216540000000001
195,0.00831705,0.74993,0.03888954,-0.1816815,0.5253785,0.04038282,-0.386673,0.6160749999999999,-0.049334340000000004,0.19310549999999999,0.5176455,0.01027548,0.39102000000000003,0.639369,-0.1022244,-0.4375875,0.8231464999999999,-0.1738896,0.4067805,0.8736864999999999,-0.1798668,-0.07550865000000001,-0.007238049999999999,0.00471954,0.08652735,0.000798,-0.006520860000000001,-0.13062,-0.5039939999999999,0.03499824,0.136815,-0.49743899999999996,0.01183812,-0.169827,-0.8913279999999999,-0.07989252000000001,0.190785,-0.9099955,-0.1221552
196,0.0084063,0.7494455,0.0400656,-0.1818285,0.5250935,0.04086732,-0.38652600000000004,0.615752,-0.04831944,0.193116,0.516591,0.01063656,0.39104099999999997,0.639369,-0.10145022,-0.43845900000000004,0.8229185,-0.1722576,0.406896,0.8738005,-0.1782144,-0.0759045,-0.00775295,0.0032385,0.086079,0.00028405,-0.00782238,-0.13052550000000002,-0.504165,0.034518839999999995,0.136752,-0.4975625,0.011049660000000001,-0.170121,-0.8949379999999999,-0.08296374000000001,0.190806,-0.9100999999999999,-0.12148199999999999
197,0.0084525,0.748904,0.04124166,-0.182007,0.5247515,0.041283480000000004,-0.3864525,0.6154289999999999,-0.04739532,0.19306350000000003,0.5156885,0.01083954,0.39107250000000005,0.639255,-0.10061076000000001,-0.4392885,0.8226905,-0.1708908,0.4069695,0.8738005,-0.176562,-0.07634130000000001,-0.0083201,0.00180846,0.0856275,-0.00030494999999999996,-0.00893826,-0.130473,-0.5043739999999999,0.03406494,0.1366785,-0.4978,0.01027752,-0.1703205,-0.895945,-0.08339928,0.189945,-0.908295,-0.119034
198,0.00849765,0.7482865,0.04238202,-0.1822065,0.5243049999999999,0.04164048,-0.386421,0.6150964999999999,-0.0465732,0.193074,0.5149285,0.01120062,0.39107250000000005,0.6389225,-0.09981005999999999,-0.44008650000000005,0.82251,-0.169728,0.4070325,0.873791,-0.1748892,-0.07683795,-0.0089015,0.00044472,0.08512455000000001,-0.0008835000000000001,-0.01006026,-0.1304625,-0.5045735,0.0335886,0.1366155,-0.4980565,0.0095115,-0.1699425,-0.8951754999999999,-0.08167956,0.18878999999999999,-0.9059484999999999,-0.1151988
199,0.00853755,0.7476025,0.04338774,-0.182448,0.5234975000000001,0.04194648,-0.38641050000000005,0.6151439999999999,-0.0462774,0.19291650000000002,0.5142444999999999,0.01136382,0.390999,0.6384285,-0.09902772000000001,-0.4408215,0.8223104999999999,-0.1687794,0.4070955,0.8737339999999999,-0.173349,-0.07726635,-0.00960735,-0.0007976400000000001,0.08467095000000001,-0.00166725,-0.011109840000000001,-0.130452,-0.504925,0.033060240000000005,0.1365525,-0.49859799999999993,0.00868326,-0.1696485,-0.894881,-0.08035152,0.187173,-0.9033264999999999,-0.1113024
200,0.008491350000000002,0.7468425,0.04419762,-0.18278400000000003,0.5225664999999999,0.04214232,-0.38641050000000005,0.6151249999999999,-0.04620498,0.192906,0.5136175,0.011732040000000001,0.39085200000000003,0.6378585,-0.09830658,-0.4414095,0.822016,-0.168096,0.407022,0.873601,-0.17206380000000002,-0.07770735000000001,-0.01033505,-0.00190944,0.08419845,-0.0024414999999999997,-0.012041099999999999,-0.130452,-0.5053145,0.03255024,0.1365,-0.49912999999999996,0.00789888,-0.1704045,-0.898263,-0.08262204000000001,0.18557700000000002,-0.9001155,-0.1071306
201,0.00837585,0.746054,0.04479126,-0.18316200000000002,0.5215025,0.04233,-0.3864735,0.6149825,-0.04616622,0.1927275,0.5130665,0.01196154,0.39062100000000005,0.6370984999999999,-0.09770682,-0.4419135,0.8217405,-0.1676064,0.40677,0.8734584999999999,-0.1709622,-0.07809375,-0.0110865,-0.00295188,0.0837795,-0.00319865,-0.01290198,-0.130473,-0.5057705,0.03216468,0.13644750000000003,-0.49964299999999995,0.00718182,-0.17115000000000002,-0.9002294999999999,-0.08460288,0.185703,-0.8977689999999999,-0.1071408
202,0.0081963,0.7458925,0.0449667,-0.18350850000000002,0.5211699999999999,0.04235652,-0.38700900000000005,0.6148874999999999,-0.04613664,0.192507,0.5129619999999999,0.01226346,0.390369,0.636804,-0.09744366000000002,-0.44226000000000004,0.8217405,-0.16753500000000002,0.406287,0.8734014999999999,-0.1703706,-0.07854945,-0.01116915,-0.00399636,0.08330280000000001,-0.0033582499999999997,-0.0138312,-0.1304835,-0.5057705,0.031905600000000006,0.13638450000000002,-0.49967150000000005,0.00664632,-0.17143350000000002,-0.901816,-0.0859095,0.184926,-0.8971704999999999,-0.1088238
203,0.007921200000000002,0.7457025,0.04498812,-0.1839285,0.520828,0.04237284,-0.387555,0.614802,-0.0461091,0.192318,0.5128575000000001,0.01249806,0.3900225,0.6364335,-0.09719172,-0.44256449999999997,0.8217405,-0.1675248,0.405636,0.8733635,-0.1699626,-0.0790209,-0.01122425,-0.00501024,0.0828324,-0.00353305,-0.01470636,-0.130494,-0.5057705,0.0316812,0.13630050000000002,-0.49967150000000005,0.00614958,-0.171423,-0.9028229999999999,-0.08620734,0.1861335,-0.8971895,-0.1106496
204,0.007598850000000001,0.7454839999999999,0.045000359999999996,-0.18432750000000003,0.5206189999999999,0.04238712,-0.38811150000000005,0.614764,-0.046087680000000006,0.1921185,0.5127435,0.01262658,0.3896235,0.6360155,-0.09707136000000001,-0.442827,0.8217405,-0.16751459999999999,0.4049115,0.8733635,-0.16974840000000002,-0.079506,-0.01122425,-0.005882340000000001,0.08239455,-0.0037088,-0.01546524,-0.1306305,-0.5057705,0.03149658,0.13620600000000002,-0.499681,0.0056814000000000005,-0.17153849999999998,-0.9031745,-0.08655516,0.187551,-0.9006854999999999,-0.1153212
205,0.00727125,0.7452845,0.04501260000000001,-0.18465299999999998,0.5204195,0.04235448,-0.388668,0.615163,-0.046350840000000004,0.191856,0.5126105,0.01264494,0.389214,0.635645,-0.09705606,-0.4430475,0.8219305,-0.1675044,0.40414500000000003,0.8736579999999999,-0.1697178,-0.0800184,-0.01122425,-0.00677178,0.08193360000000001,-0.0037980999999999996,-0.01625472,-0.1307985,-0.5056185,0.03131706,0.1360695,-0.49964299999999995,0.0051142800000000006,-0.17065650000000002,-0.9002199999999999,-0.08334522000000001,0.187551,-0.9006854999999999,-0.1153212
206,0.00696255,0.7452845,0.04502382,-0.1849785,0.5204195,0.04226574,-0.389256,0.6156284999999999,-0.046668060000000004,0.1915515,0.5126674999999999,0.0126429,0.3888255,0.6355689999999999,-0.09704178000000001,-0.443205,0.8220445,-0.16751459999999999,0.403347,0.8739239999999999,-0.1696872,-0.08050665000000001,-0.01122425,-0.00758982,0.08147055,-0.0037220999999999995,-0.01707582,-0.130977,-0.5054759999999999,0.03112428,0.135933,-0.499605,0.00460428,-0.17066699999999999,-0.9002199999999999,-0.08334522000000001,0.187593,-0.9003245,-0.1148214
207,0.00654465,0.7452845,0.044982,-0.18537750000000003,0.5204195,0.042139260000000005,-0.389886,0.6161414999999999,-0.047001600000000004,0.191226,0.512829,0.01265514,0.38839500000000005,0.6354645,-0.09702546000000001,-0.4433205,0.822111,-0.16762680000000002,0.4024755,0.87419,-0.16965660000000002,-0.0810663,-0.01066185,-0.008604720000000001,0.08096445,-0.0037220999999999995,-0.0179469,-0.131145,-0.504697,0.030843779999999998,0.135744,-0.4995764999999999,0.00413814,-0.169806,-0.8971515,-0.0800955,0.18772950000000002,-0.9027755,-0.11795280000000001
208,0.0061036499999999995,0.7453034999999999,0.04486776,-0.18575550000000002,0.5204955,0.0420036,-0.390516,0.6166544999999999,-0.04737696,0.19084800000000002,0.512905,0.012557220000000001,0.3878805,0.6353599999999999,-0.09713561999999999,-0.443415,0.8221585,-0.1678614,0.401541,0.8744274999999999,-0.16974840000000002,-0.08165115,-0.0099408,-0.00961554,0.08040689999999999,-0.0037220999999999995,-0.01884042,-0.13129200000000002,-0.503747,0.030638759999999998,0.13553400000000002,-0.499567,0.00377502,-0.170247,-0.8971515,-0.08007918,0.1874985,-0.9029845,-0.1179732
209,0.0056983500000000005,0.7452559999999999,0.044560739999999995,-0.18607050000000003,0.5206569999999999,0.04183836,-0.3913455,0.617443,-0.048125640000000004,0.19042800000000001,0.513228,0.0125562,0.387345,0.635208,-0.09749874,-0.44352,0.8225669999999999,-0.1682796,0.400575,0.874931,-0.17019720000000002,-0.08224965000000001,-0.0091428,-0.01066818,0.07983989999999999,-0.00360525,-0.019761479999999998,-0.1314705,-0.5026925,0.030431700000000002,0.1352925,-0.49915849999999995,0.00341802,-0.1701105,-0.8951754999999999,-0.07945494,0.1875195,-0.905103,-0.11974800000000001
210,0.005273100000000001,0.7451895000000001,0.04411092,-0.18637499999999999,0.520923,0.041685360000000005,-0.392133,0.618165,-0.048941639999999995,0.190113,0.513532,0.01256844,0.3867885,0.6350939999999999,-0.09792918,-0.443625,0.8229945,-0.1687182,0.3995985,0.875311,-0.17085,-0.08287125,-0.00836285,-0.01166268,0.07925925,-0.0034238,-0.02068662,-0.1316805,-0.5017045,0.030241979999999998,0.1350405,-0.4987025,0.00307632,-0.17057250000000002,-0.8951754999999999,-0.08087069999999999,0.18756150000000002,-0.904875,-0.1188096
211,0.0046283999999999995,0.743679,0.043821240000000004,-0.1870995,0.5204385,0.041514,-0.392007,0.617158,-0.048369419999999996,0.18963000000000002,0.5123445,0.01291422,0.386631,0.633422,-0.09806688,-0.4437405,0.822415,-0.1688814,0.3989685,0.8747599999999999,-0.17088060000000002,-0.08377319999999999,-0.005975499999999999,-0.013187579999999999,0.07861245000000001,-0.0049295499999999996,-0.02180658,-0.13180650000000002,-0.49914899999999995,0.02939028,0.134736,-0.49964299999999995,0.00222462,-0.16735950000000002,-0.892848,-0.07556262,0.192171,-0.916256,-0.1391994
212,0.00393015,0.7435364999999999,0.04361928,-0.18712050000000002,0.5205145,0.04152624,-0.392007,0.6169775,-0.04842042,0.1891365,0.5117935,0.0125766,0.38579100000000005,0.633099,-0.09869009999999999,-0.443793,0.8222535,-0.1694424,0.39784500000000006,0.87495,-0.1718496,-0.0842016,-0.00458755,-0.01426368,0.0778575,-0.0049628,-0.02258994,-0.131859,-0.49757199999999996,0.02898432,0.134547,-0.49941499999999994,0.00204816,-0.1675695,-0.8927245,-0.07447224,0.193284,-0.918669,-0.1401378
213,0.00376635,0.7469184999999999,0.04266048,-0.1872885,0.5239345,0.04094076,-0.3939705,0.6221645,-0.05148246,0.18868500000000002,0.5150045,0.011711639999999999,0.385056,0.6361199999999999,-0.09994164,-0.44400300000000004,0.8256355,-0.1706766,0.39680550000000003,0.878332,-0.1736244,-0.08473395000000002,-0.002432,-0.01525818,0.0774543,-0.0015542,-0.02339676,-0.1321215,-0.495121,0.02934132,0.13429500000000003,-0.4957575,0.00247248,-0.166908,-0.8891714999999999,-0.07204872000000001,0.18887400000000001,-0.9115725,-0.1273062
214,0.0033894000000000003,0.7465289999999999,0.04202094,-0.187425,0.5239345,0.04101114,-0.394149,0.621813,-0.05170482,0.1886535,0.5150615000000001,0.01170144,0.38466750000000005,0.6359585,-0.100266,-0.44401350000000006,0.8258255,-0.1708704,0.3958185000000001,0.8782369999999999,-0.1746138,-0.08522850000000001,-0.00315495,-0.01536324,0.07703535,-0.0015978999999999998,-0.02401386,-0.13277250000000002,-0.495615,0.02973198,0.1340745,-0.495596,0.00233988,-0.1629495,-0.87096,-0.050901060000000005,0.190575,-0.9134059999999999,-0.1302846
215,0.00302505,0.7463105,0.04146912,-0.18756150000000002,0.5241625,0.041100899999999996,-0.3943065,0.6212239999999999,-0.05148348,0.18843300000000002,0.5151375,0.011688180000000001,0.384321,0.6358255,-0.10053732,-0.4440345,0.8258349999999999,-0.1709724,0.39522,0.8780944999999999,-0.17526660000000002,-0.0855897,-0.0035055,-0.015440760000000001,0.07656285,-0.0014364,-0.024561600000000003,-0.13294050000000002,-0.4959569999999999,0.02976462,0.132762,-0.49545350000000005,0.0023358,-0.1705935,-0.8720429999999999,-0.06798096,0.186207,-0.8960589999999999,-0.107457
