FrameNo,head_x,head_y,head_z,left_shoulder_x,left_shoulder_y,left_shoulder_z,left_elbow_x,left_elbow_y,left_elbow_z,right_shoulder_x,right_shoulder_y,right_shoulder_z,right_elbow_x,right_elbow_y,right_elbow_z,left_hand_x,left_hand_y,left_hand_z,right_hand_x,right_hand_y,right_hand_z,left_hip_x,left_hip_y,left_hip_z,right_hip_x,right_hip_y,right_hip_z,left_knee_x,left_knee_y,left_knee_z,right_knee_x,right_knee_y,right_knee_z,left_foot_x,left_foot_y,left_foot_z,right_foot_x,right_foot_y,right_foot_z
22,-0.006615534347503756,0.81565,0.09698362368099574,-0.1674292716658364,0.61093,0.031475394047534314,-0.2214589661685769,0.87198,-0.053012322195364135,0.1719344336343248,0.58295,0.09794307648753917,0.28802210272950957,0.83308,0.04672436130405476,-0.22022235211131755,1.1667,-0.1140427761480703,0.33959705084397823,1.062,-0.032869959523438096,-0.07080474775548488,0.047081,-0.05342374210294669,0.08634340636629032,0.03564,-0.030663471869076676,-0.10777153803680087,-0.41008,-0.06787145103194996,0.1293568155817533,-0.4734,0.0036764285044410677,-0.10507017919567077,-0.80772,-0.03015334216616178,0.14217302403089974,-0.80991,-0.014184406470106652
23,-0.006792354493319752,0.81572,0.09723778039649546,-0.16738824261113303,0.61108,0.031588232944507605,-0.2214376074427239,0.87337,-0.05313345354898464,0.1719550977674672,0.5828,0.09782588436493071,0.2882480875681694,0.83302,0.04676725480817719,-0.22030944601787664,1.168,-0.11423989451717953,0.34065732164329166,1.0619,-0.033239458957975185,-0.07087517802928824,0.047141,-0.05334680331863097,0.08615129975194645,0.036043,-0.03077756415069703,-0.10777153803680087,-0.41009,-0.06787145103194996,0.12931618190817926,-0.47293,0.003906873518645923,-0.10507266013875502,-0.80797,-0.030081684333921242,0.14160350167259125,-0.8032,-0.015215974831092383
24,-0.007027749372499576,0.8158,0.09742677576907352,-0.16737970980804032,0.61123,0.031712604127952085,-0.22138643109890901,0.87506,-0.05336610131242488,0.1719755882524319,0.58269,0.09770967705007527,0.2884857567033297,0.83294,0.04668629566914945,-0.2204196093058555,1.1697,-0.11453653074217857,0.34165203091007673,1.0618,-0.03392819292299502,-0.07096962162020655,0.04721,-0.053076090540701185,0.08605496224032891,0.036253,-0.0307955664798614,-0.10773214572668038,-0.40986,-0.06786450510484328,0.12927294351194019,-0.47271,0.004152090649145963,-0.10507930863810325,-0.80825,-0.029986391115608413,0.14197318437226084,-0.80944,-0.014087638134195123
25,-0.007386768569577621,0.81605,0.09757975686636802,-0.16740419420109137,0.61173,0.031851462021126806,-0.22136420413216767,0.87596,-0.05349215670481044,0.17200528209081292,0.58261,0.09754127492431018,0.28874327159934104,0.83282,0.046435197922579934,-0.22048378165296256,1.1706,-0.11486364373468538,0.3423015124763875,1.0615,-0.034847376090281296,-0.07106342529548848,0.047641,-0.052785971822753505,0.08597733607601862,0.036831,-0.0308102694936501,-0.10774881595173641,-0.40986,-0.0677699635605541,0.129249053974406,-0.47211,0.004402750358705368,-0.10508699902651748,-0.80852,-0.029885189050777514,0.1423932232596309,-0.81564,-0.012841771635288868
26,-0.0077498483730097985,0.81623,0.09769242033134073,-0.1674533366353711,0.61215,0.03213016261522926,-0.22149604939996795,0.87651,-0.05349306519734087,0.17201701625591043,0.58254,0.09735955175746164,0.28900344108661424,0.83264,0.04611145753601687,-0.22050588127247733,1.1711,-0.11548695072711954,0.3428602036558113,1.0611,-0.035885126140165216,-0.07117072366003152,0.047991,-0.05247690862376925,0.08589918656293663,0.037425,-0.030839280760513975,-0.10788921984883924,-0.40914,-0.06766474594948857,0.12921953378420264,-0.47151,0.0045701676767174425,-0.10509781508212973,-0.80874,-0.029766260446392388,0.1428471493678559,-0.82203,-0.012018439935260437
27,-0.008166690629428014,0.81642,0.09777021836000578,-0.16754670948635902,0.61258,0.03260211866265146,-0.2217322055701262,0.87681,-0.05336309880439186,0.1720182077507671,0.58246,0.09718003133984848,0.2892603611271087,0.83248,0.04574855797306268,-0.22060247417638829,1.1711,-0.11609089924389399,0.343260407485268,1.0607,-0.03688786533601239,-0.07128496795168127,0.04833,-0.0521284531146645,0.08579613866218047,0.03794,-0.03079043272933819,-0.10805897028796779,-0.40891,-0.06739309582816398,0.12920477368910094,-0.47097,0.004653876335723478,-0.10512450703289354,-0.80912,-0.029672470576126875,0.14326915003760013,-0.82895,-0.01124440089571821
28,-0.008582205590215285,0.81658,0.09781169506867406,-0.1676544951360933,0.61299,0.03315581375357368,-0.2220947500035932,0.87641,-0.05314981370467295,0.17201627357842578,0.58238,0.09701823746178953,0.28947550765159213,0.83232,0.04533462926784562,-0.22085522309297287,1.1706,-0.11655788316777715,0.3436429250268125,1.0604,-0.03802065142809276,-0.07138838416652525,0.048663,-0.051812612828273825,0.08569256981689131,0.038473,-0.030738630274903374,-0.10826253225314449,-0.40866,-0.06698727871870036,0.12916198232641102,-0.47043,0.004781382803320765,-0.10512547501097567,-0.80923,-0.029551805489965083,0.1431736194974963,-0.82855,-0.010875383394903584
29,-0.009090282862830909,0.81686,0.09790589955397848,-0.1678207743954914,0.6134,0.033810891770220564,-0.222645200456214,0.87721,-0.0532529655306845,0.17200535956944263,0.58235,0.09684978306318884,0.2896651038515716,0.83214,0.04489284053897927,-0.2213113104579596,1.1708,-0.11667790531364808,0.3440425838693491,1.0602,-0.039193062964022994,-0.07151889670980138,0.048926,-0.05139493056141588,0.08558633916762418,0.03894,-0.03066597320947763,-0.10850067424806391,-0.40837,-0.06655811162972941,0.12905174334362532,-0.46997,0.004773114389060536,-0.10514080591920724,-0.80935,-0.02940727188400164,0.1429770052432492,-0.82855,-0.010912082645942997
30,-0.0095413981042786,0.8171,0.09813199917568004,-0.16805574263843887,0.61377,0.03456758584632147,-0.2233371964321975,0.87709,-0.05312924985171572,0.17199288272686053,0.58234,0.09669019193436526,0.28982255109629573,0.83196,0.044460614481078096,-0.22185173918487264,1.1699,-0.11678030546563598,0.34440957281209744,1.0601,-0.04035295740572901,-0.07164453989138675,0.049157,-0.05095303488263965,0.0854797612220017,0.039263,-0.030591346528545872,-0.10870307054459383,-0.40787,-0.06610131765083851,0.12892418941166983,-0.46968,0.004805456226403163,-0.10514251835859692,-0.80935,-0.029224797043129438,0.14285237928792704,-0.82839,-0.011069109303743666
31,-0.01000779438536098,0.81733,0.09844476187964668,-0.168336230746322,0.61408,0.035409672790369474,-0.22429581092041478,0.87647,-0.05281798266266451,0.17198052966385918,0.58238,0.09658748652148706,0.289930360788417,0.83182,0.04407954615349796,-0.22252552614458804,1.169,-0.11693262136407556,0.3447211938123798,1.0602,-0.041429195461264584,-0.07178315681770024,0.049363,-0.050495149146085855,0.08537283598002388,0.03957,-0.030514750232108076,-0.108925162996184,-0.40762,-0.06564799663550097,0.12882821362183983,-0.4694,0.00488906033973802,-0.10508670516640488,-0.80935,-0.029023040041820106,0.14300275504214077,-0.82806,-0.011115704717087168
32,-0.010455070132990405,0.81756,0.09878729714145564,-0.16866501708998352,0.61443,0.03635290952641281,-0.2254343952640331,0.87664,-0.05240745898190144,0.17196678741543653,0.58243,0.09649265957063294,0.29000827895159254,0.83168,0.043695237996093844,-0.22358971337335812,1.1686,-0.11723196321234053,0.34504601207416485,1.0603,-0.04258027890602907,-0.07192872447959779,0.049552,-0.050032396452080005,0.0853029314592309,0.039669,-0.030406240518382966,-0.10914038343165137,-0.4076,-0.06534882416992763,0.12876297177563395,-0.4693,0.005201477531172245,-0.10500233976209158,-0.80935,-0.028868035272361058,0.1430803757775579,-0.82806,-0.01155591378268363
33,-0.010887338226356595,0.8179,0.09915989517614927,-0.1690263495538527,0.61478,0.0373655490726257,-0.22664137116344227,0.87616,-0.051839418333492,0.17196185135547795,0.58251,0.09640547794807355,0.29008098766943813,0.83156,0.0433404740712801,-0.2248220383390608,1.1675,-0.11732638873275639,0.3453117418707693,1.0605,-0.0437417812414536,-0.07205965342173574,0.049723,-0.049692975456691324,0.08523229209408516,0.039713,-0.030166870344610613,-0.10919404071855046,-0.40848,-0.06504451857424685,0.1287858915512631,-0.46925,0.005474606958157161,-0.10492052921184639,-0.80922,-0.02875612891030519,0.14367594536251638,-0.83488,-0.010672066584649732
34,-0.011233456969274618,0.81795,0.09960251670273927,-0.1694586782961777,0.61484,0.038550477702780146,-0.2278581452717847,0.87703,-0.05133098469055761,0.17194215520041772,0.58251,0.09640200498452023,0.29011901662034717,0.8315,0.04312480117337042,-0.22607088392402888,1.1672,-0.11749988427997815,0.34548481923530633,1.0608,-0.044665764047508404,-0.07224780095074218,0.049728,-0.049247885008210604,0.08516825616816816,0.039714,-0.029930397512784312,-0.10942473988421718,-0.40823,-0.0648303249819975,0.12871085149612396,-0.46924,0.005727417144116353,-0.10491217005693138,-0.80906,-0.0286307729191077,0.14430592132903997,-0.84166,-0.009810584558370174
35,-0.011574646864950182,0.818,0.10008053182288601,-0.1698978532284156,0.61494,0.03965905759565834,-0.22885173695469696,0.87777,-0.050936527382794666,0.17193248077106527,0.58251,0.09639928369499054,0.29014697397695155,0.83154,0.04296624712513546,-0.22716905632702478,1.1675,-0.11766407433235108,0.34563011289141665,1.0611,-0.04543217761308126,-0.07242227773807114,0.049728,-0.04880546117218528,0.08508319679155997,0.039726,-0.02966107632451457,-0.10963591654300132,-0.40711,-0.0646116736184418,0.12861043476465853,-0.46924,0.005951382498673243,-0.10488081543158045,-0.80902,-0.028520655311664096,0.14496697853554294,-0.84871,-0.008722259069497272
36,-0.011865378431492764,0.81802,0.10057759837397921,-0.1703361839621522,0.61504,0.04059008668642938,-0.22975265216315488,0.87811,-0.05060696284105935,0.17191278461600504,0.58252,0.0963958107314372,0.29012946133721706,0.83166,0.042835215421149236,-0.22809274170532112,1.1679,-0.11778125078869578,0.34574472068867684,1.0614,-0.0460821507300693,-0.07259994448662718,0.049728,-0.04839101633091261,0.08500451252892857,0.039726,-0.02937032249940791,-0.10988293863736873,-0.40601,-0.06430490809740931,0.128480300152425,-0.46924,0.006171123215653135,-0.10486754425909389,-0.80902,-0.0284807444612493,0.14508594979580888,-0.84903,-0.008821101566586019
37,-0.012141804149198875,0.81805,0.1010568788999665,-0.17076288026798506,0.61503,0.041455133657748625,-0.23070881153449788,0.87832,-0.05013685619720823,0.1719119163751167,0.58245,0.09640073477020226,0.2900213061325634,0.83166,0.04281512931385286,-0.22885784178027946,1.1685,-0.11764605509609141,0.3457568520187265,1.0614,-0.04632371403612225,-0.07278646729224424,0.049532,-0.047926346294236324,0.08492154173892977,0.03937,-0.029078293651505896,-0.11027212515300262,-0.40534,-0.06405570365112324,0.12833493436915375,-0.46958,0.00641965649119974,-0.1048663785904471,-0.80913,-0.028429767591822024,0.1452039530779927,-0.84975,-0.00879927897751297
38,-0.012302122909659112,0.81807,0.10125200423159848,-0.17117305417072964,0.61503,0.04199612660549125,-0.2315662167451682,0.87856,-0.04976611059074016,0.1719053676129622,0.58245,0.09638028694111836,0.2898539885517451,0.83166,0.042669868076252754,-0.2296269598057111,1.1686,-0.11766083558850982,0.3457533069280122,1.0615,-0.04682189817108824,-0.07297913688658611,0.049532,-0.04750743887317991,0.08484743662294678,0.03937,-0.028767439293670677,-0.11058304799292856,-0.40471,-0.06378965292736478,0.12829395339922434,-0.46958,0.0066520711209106225,-0.10481185484648262,-0.80907,-0.028335873175885325,0.14564222502401775,-0.85518,-0.007656817292673004
39,-0.012432274351563499,0.81814,0.10135090621423894,-0.1715190040739474,0.61503,0.042403237971659805,-0.2322971838239329,0.8788,-0.04953655421474036,0.17189899249898544,0.58245,0.09635885430428145,0.2896195946895734,0.83166,0.04255948910463119,-0.2303327478987141,1.1686,-0.11757407633669678,0.34555689214815266,1.0616,-0.047090079516921124,-0.07316665892538836,0.049532,-0.04714651854268654,0.08473232409040872,0.039396,-0.028414059745800867,-0.11087926060634969,-0.4036,-0.063549440338914,0.12833674297809136,-0.46956,0.006927688703695872,-0.10475472637985311,-0.80891,-0.02825675087624381,0.14586820986267757,-0.85382,-0.00761392378855057
40,-0.01254140715125409,0.81822,0.10138243448776751,-0.17182737205980522,0.61506,0.04271238710282145,-0.2327478141844281,0.87901,-0.04957234916131096,0.171885150513369,0.58245,0.09637976840082407,0.28934476662821523,0.83178,0.04244807305242103,-0.23096071934955828,1.1686,-0.1173527601445086,0.3451982935379981,1.0619,-0.04724469852220565,-0.07337850373025749,0.049532,-0.0467340385084425,0.08461547507609399,0.039436,-0.028050832120400934,-0.11118663657173837,-0.40269,-0.06318832953057207,0.12833741174459212,-0.46954,0.007154246759724267,-0.10469516683873627,-0.80873,-0.028191415885144466,0.14605497603939455,-0.85263,-0.007578961019287827
41,-0.01275643292081129,0.8198,0.10141559950587897,-0.172220279098154,0.61675,0.042867516272277056,-0.23336861619139104,0.87963,-0.049449280610694646,0.17171768332676002,0.5841,0.09640811873431906,0.28879448982377204,0.83374,0.04234393641865646,-0.23131512814488484,1.1692,-0.11695526372214082,0.34461899344549757,1.064,-0.04735699902455927,-0.07358062183293856,0.050886,-0.04635944503203293,0.08447539986185268,0.040529,-0.027665298808798353,-0.11150130576058909,-0.40061,-0.06278585679660363,0.1283894545454724,-0.46847,0.007319799007901501,-0.10465547888468027,-0.80751,-0.027725444999462917,0.14612078334726156,-0.8508,-0.006742831006531863
42,-0.012957904515555676,0.82138,0.10144100022459233,-0.1725842367594293,0.61842,0.04291605307067798,-0.23396977191189058,0.88014,-0.04926486857282663,0.17155004249197336,0.58579,0.09643745387556704,0.2882046470610307,0.83585,0.04223383866553823,-0.2316041472720377,1.1702,-0.11664067201191981,0.3442349184218228,1.0664,-0.047424721813849366,-0.07378581332998206,0.052251,-0.046007732863433314,0.08435715204516181,0.041653,-0.027363243426711155,-0.11178486788325045,-0.39834,-0.0623870378870823,0.12838171428846126,-0.46737,0.007478871596430773,-0.10458694129074456,-0.80619,-0.02725032543743931,0.14625575071461397,-0.84906,-0.0059534009527905905
43,-0.013164067015335765,0.82297,0.1014757280763028,-0.1729183768027428,0.6201,0.04285307345925917,-0.2345792627449182,0.88127,-0.04903318576281404,0.17129220612581667,0.58796,0.09646002395060213,0.2876072875580528,0.83813,0.04222395816949788,-0.23184156884803656,1.1715,-0.11644594144100136,0.34419031666637234,1.0687,-0.04740212350836567,-0.07394178126904584,0.053631,-0.04576817702028979,0.08423427040474823,0.042847,-0.027057943406322574,-0.1120667932613289,-0.39645,-0.06188232600769434,0.12833872345138375,-0.46618,0.007837860158821515,-0.10453549512920407,-0.80473,-0.026793450955264225,0.14642626608979123,-0.8477,-0.005307985964718449
44,-0.013384016823658028,0.82456,0.10150802485352593,-0.17323282069099602,0.62171,0.0427935668113937,-0.23512869713468296,0.88338,-0.04891174914830322,0.17098468233846018,0.59038,0.09659162227965663,0.287064675315814,0.84062,0.042249116757942864,-0.23209958064619388,1.1733,-0.11601926250783073,0.3440965706928191,1.071,-0.046697700558397004,-0.07409641710400125,0.055074,-0.04553041714447464,0.0841048472148963,0.04409,-0.026721303186015267,-0.11230550606937822,-0.39484,-0.061392333971765994,0.12829764274426056,-0.46498,0.008186015835929126,-0.10447633453686239,-0.80306,-0.02626515177457796,0.14642313685494743,-0.84771,-0.004484011324399163
45,-0.013585255284673057,0.82638,0.10154362094612474,-0.1735277420723667,0.62334,0.04273851793483459,-0.23567019357687188,0.88528,-0.0487777431667326,0.17064652256085044,0.59298,0.09678179053359756,0.2867515449181753,0.84322,0.04247009945879212,-0.23236880566491566,1.175,-0.11541381483107059,0.3439067233660323,1.0735,-0.04556343516065629,-0.07425053199442369,0.056501,-0.04529561169191852,0.08398011493008006,0.045493,-0.026393990098705085,-0.11247126260042041,-0.39397,-0.06114333442876067,0.12828975288145875,-0.46361,0.00851869999555349,-0.10456194308845218,-0.80142,-0.02577964155234294,0.14640088227817322,-0.84771,-0.0037243345945906225
46,-0.013788929628652821,0.82815,0.1015584789945973,-0.17380460404325998,0.62497,0.04258104905196221,-0.23612665406442387,0.88739,-0.04866529841005706,0.17030106955977872,0.59567,0.09701332071316499,0.2866331667296033,0.84587,0.043083867822648086,-0.23299993217681358,1.1761,-0.11413802671152268,0.34355535919162816,1.0762,-0.04368592531595631,-0.07440001786960079,0.05794,-0.0450985762303322,0.08385017319993382,0.046848,-0.02603713277880454,-0.11263324874015085,-0.39397,-0.06085813013262326,0.12821461308912588,-0.4623,0.008887251228909411,-0.104655365808037,-0.79976,-0.025249814981222373,0.1463876574066377,-0.84771,-0.003015867867938716
47,-0.013997942006020763,0.82993,0.10151147020704646,-0.17404921732170417,0.62651,0.04229827645072791,-0.236726494510486,0.88959,-0.04860352107385686,0.16995921330184108,0.59841,0.09728204045361753,0.2864626940877313,0.84857,0.0439930785124077,-0.23392821345400483,1.1773,-0.11273185820440265,0.34324755131596274,1.079,-0.04101885682945689,-0.07452454827579073,0.05939,-0.044985482561481265,0.08372017438847461,0.048226,-0.025674192964208257,-0.11282110845835364,-0.3936,-0.060426189481287036,0.12804307629962378,-0.46098,0.009226619951462496,-0.1047245775199422,-0.79794,-0.02474212044812678,0.1464442391025243,-0.846,-0.0027032938579977135
48,-0.014223177574895612,0.83176,0.10144129230088203,-0.1744055825479361,0.62812,0.04195822818131213,-0.23741977993469698,0.89085,-0.048587667980260714,0.16962564228783458,0.60119,0.09756135994562386,0.2862211993411935,0.85131,0.04530507557314931,-0.23513928656633995,1.1792,-0.11121917782951214,0.34336988153200493,1.0818,-0.03779666203114889,-0.07467236436745896,0.060858,-0.04486126338806616,0.08360952443572028,0.049639,-0.025305810570552603,-0.11301772271260076,-0.39329,-0.06046288873232645,0.127846336481973,-0.45963,0.009536159034860263,-0.10483040317112526,-0.79599,-0.02425712876618607,0.14637224901977644,-0.84427,-0.0021798424008539277
49,-0.014463418393794999,0.83357,0.10135831429816715,-0.1747561675157081,0.62971,0.0415278107323486,-0.23841885266448778,0.89159,-0.0484500646351402,0.16930742622444667,0.60402,0.09786877259500883,0.2859850360357436,0.85401,0.04704753816762845,-0.23677000675256168,1.1805,-0.10980283194158469,0.3440478182097552,1.0847,-0.03363674101495628,-0.07475102280388046,0.0623,-0.04480100684999995,0.08351800703761242,0.051049,-0.02482134223738358,-0.11331371359307023,-0.39302,-0.059878407424944505,0.12771424187118824,-0.45828,0.009824603160821656,-0.10477878336140711,-0.79448,-0.023801239091763994,0.14628750870907498,-0.84259,-0.0016992562173839681
50,-0.014531370128752842,0.83383,0.10134633257390813,-0.1749880305661987,0.62976,0.041287903404788134,-0.23931440882182503,0.89191,-0.04832365589709034,0.16914486927158634,0.60522,0.09821480183810363,0.28603367264876267,0.85513,0.048960039012039776,-0.23884262502179834,1.1816,-0.1085293919115768,0.34533757349018074,1.0859,-0.02880030096915666,-0.07481137667490176,0.062306,-0.04474666156269051,0.08343702509702924,0.05107,-0.02439086468245257,-0.11358904034039735,-0.3928,-0.05941111824017102,0.12768201722112607,-0.45827,0.010122533642525643,-0.10468052610288046,-0.79404,-0.023725018942545924,0.1462630982270078,-0.84244,-0.0014456420845655286
51,-0.014600306671463696,0.83409,0.10133417720147143,-0.17535568292397896,0.62976,0.041011867639318154,-0.24050091649483357,0.89209,-0.04844757337726096,0.16899679902845624,0.60645,0.09859384827734216,0.2863335211709773,0.85631,0.05111788976307093,-0.24203546722877164,1.1825,-0.10769819539969183,0.347278044565079,1.0865,-0.023507938830424728,-0.07483940553825133,0.062306,-0.044685601077765064,0.08336194719448674,0.051076,-0.02399387059112397,-0.11381616858913986,-0.39263,-0.05892923779999612,0.12761972739394054,-0.45827,0.010418209102158658,-0.10460127040670338,-0.79352,-0.02365621098789324,0.14635262320805423,-0.84233,-0.0012623110239984824
52,-0.01467810648395166,0.83436,0.10132045899543575,-0.1757196886700282,0.62976,0.04071515091103492,-0.24170763948361246,0.89241,-0.048975133448108416,0.168914018716306,0.60727,0.09900573105183061,0.2868711866503201,0.85751,0.05342429385436176,-0.24548936942247057,1.1833,-0.10711408527620334,0.35013324522401884,1.087,-0.017932433992547743,-0.07485219842208568,0.062306,-0.04461880779873789,0.08328681221063124,0.051078,-0.023590794005099634,-0.11390281902979565,-0.39262,-0.05843781873124303,0.12771091494577977,-0.45826,0.010476935845551868,-0.10453741952974176,-0.7933,-0.023557625666920837,0.14635262320805423,-0.84224,-0.0012623110239984824
53,-0.014705138518354713,0.83434,0.1014680065102099,-0.1758682023790616,0.62974,0.040405659912411115,-0.24310718407676257,0.89198,-0.048927437203138566,0.16885984048487393,0.60727,0.09931299107077042,0.2878618378698386,0.85751,0.05604107339441983,-0.24919398840704188,1.1826,-0.10654778219555329,0.3539372862046297,1.087,-0.012555176585854921,-0.07486429671320938,0.062264,-0.044555953750722785,0.08324926876109048,0.051009,-0.023216628948745384,-0.11392320977756658,-0.39383,-0.058437352463784314,0.12771091494577977,-0.45838,0.010476935845551868,-0.10466509724127801,-0.7933,-0.02358216954552356,0.14625325014947768,-0.84233,-0.0014473785663422015
54,-0.014733155360510775,0.83433,0.1016153803768064,-0.17589593443506849,0.62969,0.04010223457881218,-0.2444358321286506,0.89107,-0.048936288994713535,0.16880675401110473,0.60727,0.09955647171949379,0.28907405881259135,0.85751,0.05861061039278192,-0.2529148786678941,1.1815,-0.10634990176020098,0.35793246039260923,1.087,-0.0073980738907651195,-0.07487656865251073,0.062224,-0.04449211489495466,0.08324190465129908,0.050939,-0.022852373859711637,-0.11392320977756658,-0.39505,-0.058437352463784314,0.12773864878560956,-0.45848,0.010377237128768277,-0.10476340436840155,-0.7933,-0.023600519171043267,0.14621949027584935,-0.84235,-0.0017742061522840816
55,-0.01475943572089017,0.83432,0.10175290616587278,-0.1758843979605357,0.62959,0.03974886945637455,-0.2456458063480312,0.89005,-0.0490998841915696,0.16882399326546776,0.60727,0.09980422927862975,0.29048956833514933,0.85751,0.06089105613683014,-0.2561530359139468,1.1802,-0.10687416662630995,0.36197551339285083,1.087,-0.0028580316621908478,-0.07485987678930642,0.062195,-0.04443129235223595,0.08328117380225458,0.050869,-0.02248192692183358,-0.11395655022767863,-0.39666,-0.05824826937520597,0.12786337447812549,-0.45857,0.010418522739172213,-0.1048617114955251,-0.7933,-0.02361886879656297,0.1461663076325322,-0.84222,-0.0022212325569290446
56,-0.014720956091361728,0.8331,0.10227755873482804,-0.17582119002386493,0.6279,0.03939039943427811,-0.24656961550590836,0.88751,-0.04927394636385964,0.16898076639222234,0.60631,0.10035481731584775,0.2921103985632248,0.85694,0.06333158750760924,-0.25898337820458134,1.178,-0.10740775684159312,0.3661278391816189,1.0859,0.001407820016422895,-0.07477088958246389,0.0606,-0.04436584560274933,0.08340479393209119,0.049188,-0.022060051272501713,-0.11397912449077532,-0.39856,-0.05812024436731439,0.12795838228987338,-0.46027,0.010455583711999148,-0.1049440171640934,-0.79463,-0.023958318022400248,0.14606251945853008,-0.84226,-0.0024964361450911694
57,-0.014618359412216314,0.83166,0.10273228274060334,-0.1757520780491535,0.6262,0.038998445948579256,-0.24732635464212874,0.8849,-0.049416518730440284,0.16914790854104006,0.60519,0.10090418741158344,0.29361717133242876,0.85627,0.06538239218431185,-0.2613814469729564,1.1758,-0.10785903301218477,0.370042697093437,1.0846,0.005120024688888426,-0.07459500856386563,0.05901,-0.04429218511607677,0.08359051162744185,0.047538,-0.02165058095900678,-0.11388352182351055,-0.40008,-0.05797138157810276,0.12813991497887334,-0.462,0.010347463950510168,-0.1050639786610055,-0.79595,-0.024314561252874324,0.1459606912830792,-0.84321,-0.0028403431422348024
58,-0.014453900705524887,0.83026,0.10314714336032203,-0.17568197405397296,0.62446,0.03865845414006068,-0.24758602544343303,0.88314,-0.04967148358086088,0.16933926169753732,0.60399,0.1014314254692941,0.29495258452795414,0.85556,0.06696533267504948,-0.26330784990895173,1.1741,-0.10822104921097823,0.3735231273615257,1.0829,0.007840728669289775,-0.0743581836272066,0.057384,-0.04419559345299738,0.08384167607227914,0.045915,-0.02133009785235438,-0.11346092273060365,-0.4027,-0.05789178882294092,0.12834826339821795,-0.46367,0.010202440034701037,-0.10513569179073612,-0.79761,-0.024714083751645348,0.14592192143850843,-0.8443,-0.0033691085903797754
59,-0.014176317695295235,0.82888,0.10349056245185867,-0.17554844038916997,0.6227,0.038304261028376835,-0.24758954649176035,0.88154,-0.04999704095248481,0.16955361032447053,0.60275,0.10194342514325089,0.2961428073722089,0.85476,0.06839269758319816,-0.2645399495740569,1.1731,-0.10877745411322798,0.37647404647933036,1.0813,0.009821238795538867,-0.07406267460303514,0.055765,-0.0440805307890562,0.08414937893670646,0.044308,-0.021007768909776736,-0.11299922875533468,-0.4051,-0.057861151048864745,0.12858476686473153,-0.46533,0.010070504026246001,-0.10519165280489594,-0.79916,-0.025145353232242117,0.1458382524107287,-0.84416,-0.003931176641233405
60,-0.013847006141614642,0.82753,0.10382279414904073,-0.17527616539805702,0.62091,0.03796945462280128,-0.24750641888325475,0.8802,-0.050410893342479286,0.16975434048256183,0.60147,0.10241748358229891,0.29717010370868385,0.85386,0.06959231053622306,-0.2643896201207942,1.1726,-0.10957242710363818,0.3788760797619361,1.0795,0.011286609775616747,-0.07371410493130441,0.054143,-0.04397845148679795,0.08447700868568468,0.042758,-0.020689034306094492,-0.11231708085688134,-0.40752,-0.05798660320961019,0.12889826860111253,-0.46696,0.010020178473232808,-0.10506652816360489,-0.80098,-0.025567031811425105,0.14543969424496953,-0.83912,-0.00483816472743228
61,-0.013461560546012353,0.82613,0.10416492379234982,-0.17488132240354395,0.61912,0.03757299528102209,-0.24734839904157785,0.87832,-0.051307068397720396,0.16995889090056182,0.60016,0.10286987625078063,0.2980624549363704,0.85285,0.07057824424923129,-0.26418007663894716,1.1716,-0.11070321953782557,0.3805249964776654,1.0777,0.012416100662958639,-0.07332695170478984,0.052523,-0.04385332203702949,0.0848596662934895,0.041202,-0.020400198444074057,-0.11146170955574615,-0.40923,-0.05840340164674049,0.1293376376562693,-0.46859,0.009889488636708752,-0.1049230965526749,-0.80278,-0.025977358965030655,0.14501032822460236,-0.83409,-0.006088722131374236
62,-0.012997278057333495,0.82477,0.10448033744250806,-0.1744510810069968,0.61736,0.03720613244466886,-0.24715210268983034,0.87706,-0.05230514491898047,0.17016517780033846,0.5988,0.10331242084173226,0.29877960050425983,0.85163,0.07134847683388126,-0.2639264763885696,1.1713,-0.11202628261757967,0.38155502310020906,1.0759,0.01325470316525118,-0.07291141510585428,0.050898,-0.043739434658689895,0.08526629937100585,0.03963,-0.02016095267029825,-0.11055670070200807,-0.41171,-0.058871357814191824,0.12980345110302827,-0.47024,0.009551237498028466,-0.10478313790529828,-0.80434,-0.026367989963575963,0.14451487615952796,-0.829,-0.006849311541774827
63,-0.012504669277546643,0.8234,0.10479059151593324,-0.1738437478630851,0.61554,0.0368715110880487,-0.24660834525368588,0.87547,-0.05325820150210532,0.1703541996195422,0.59739,0.10373770516058838,0.299380008195806,0.85026,0.07203212265148873,-0.26352713901617836,1.1696,-0.11342722182504433,0.38227551785207103,1.0742,0.013948353878895543,-0.07245474971502157,0.049275,-0.04362844943077374,0.08572674957858253,0.038053,-0.019910186631244754,-0.10971923920555955,-0.41414,-0.05935934781610394,0.13009321469148874,-0.4719,0.009174836033097053,-0.10464439479516531,-0.80581,-0.026751727307850186,0.14451393400765578,-0.8301,-0.006959143742653478
64,-0.011962120708921109,0.82197,0.10514011411989811,-0.17316092941430805,0.6138,0.03656949293294912,-0.245668333379043,0.87393,-0.05403984507530883,0.1705204494850846,0.59593,0.10411937253174702,0.2998273614994896,0.84876,0.07266237975909116,-0.2626314296854046,1.1681,-0.11453349023495434,0.3827211845425748,1.0725,0.014530588540329743,-0.0719962336797862,0.047654,-0.043539477269779185,0.08616755590393457,0.036519,-0.01970350140310875,-0.10893027363545407,-0.41663,-0.05991782998160981,0.13026909268543252,-0.47352,0.008810847116718666,-0.10460135408949091,-0.80714,-0.027168586393939296,0.14447471534571296,-0.83112,-0.006967074477513168
65,-0.01152393353166627,0.8219,0.10525799540632406,-0.17257723646494608,0.61358,0.036196178667396536,-0.2446175615770814,0.87349,-0.05481617465751115,0.17060230990392666,0.59593,0.1041734083701045,0.300079665166348,0.84876,0.07284395029549455,-0.2613380268621142,1.1676,-0.1155340946206655,0.3828488622541111,1.0725,0.014555132418932464,-0.07158429382398476,0.047582,-0.0434627794523247,0.08656026346789579,0.036519,-0.019627148477770896,-0.10818779590836643,-0.41818,-0.06027025419300677,0.13030121759830088,-0.47352,0.008628657682411408,-0.10456111758086907,-0.80742,-0.027339191268939765,0.14396991032143153,-0.82599,-0.00750185750590902
66,-0.011096812373423918,0.82181,0.1053637711889102,-0.17209567090261627,0.61339,0.035826180546890504,-0.24357080950941612,0.87276,-0.05533935637435376,0.17068521221183477,0.59593,0.10422153536194392,0.3002901953171954,0.84876,0.07297449168963507,-0.2599249101010732,1.1669,-0.11629222720779325,0.38290795071929185,1.0725,0.01456555130959248,-0.07122472242727061,0.047513,-0.043394300180533536,0.08690917562750446,0.036519,-0.019561564143687076,-0.10756731537154893,-0.42005,-0.06062185041515751,0.1303442324777654,-0.47352,0.008442295883362747,-0.10452864537164536,-0.80777,-0.027523350318753047,0.14355403720650253,-0.82104,-0.008368235340505036
67,-0.010693326601253859,0.82172,0.10546537941523235,-0.17161688371112915,0.61323,0.03547193935043267,-0.2425586134291065,0.8719,-0.05566656134834692,0.17076828816792053,0.59593,0.10426867754603035,0.30049244022411176,0.84874,0.0730944333322218,-0.25858221880535814,1.166,-0.11693889565793689,0.3829274732261744,1.0725,0.014570009080898831,-0.07092157528752052,0.047474,-0.04333983173405911,0.08722477797168839,0.036519,-0.01950286865539696,-0.10723312367581564,-0.4208,-0.0610198653778196,0.13030035114123548,-0.47352,0.008230457670793941,-0.10449912518144197,-0.8081,-0.02769076763676512,0.1433772188445095,-0.82104,-0.008517202675387841
68,-0.010329024047861922,0.82172,0.1053976103249912,-0.17120673563459443,0.61311,0.035161443689730495,-0.24157819318148702,0.87218,-0.056216670553921384,0.17083201526530134,0.59601,0.1043103771510574,0.3006428898893094,0.84878,0.07316259415852203,-0.2573605825480411,1.1663,-0.11747490391795562,0.3829435726381005,1.0725,0.014536292483567054,-0.0706630917930113,0.047432,-0.04329120784007367,0.0874968751265621,0.03661,-0.01945082887917117,-0.10697746904116177,-0.42148,-0.06131800076280434,0.13033838009214455,-0.47347,0.008014784772884267,-0.10433547825474168,-0.80835,-0.027697452199693842,0.14283880176856747,-0.81481,-0.009149300810438125
69,-0.010000174573578423,0.82183,0.10532358990035402,-0.1708092140064325,0.61311,0.03486496847129984,-0.24076288295697307,0.87309,-0.05686697297418675,0.1709106262373647,0.59609,0.10432525381302377,0.30080028548161364,0.84883,0.07319136267470173,-0.25647117620408316,1.1668,-0.11808472467467632,0.38297078553339736,1.0726,0.014439548190042506,-0.07041805552340505,0.047432,-0.043298772665084216,0.08778280945857489,0.036692,-0.01945422855215641,-0.10686298680730529,-0.42148,-0.061621735545355216,0.13020472443158373,-0.47346,0.007908968118240232,-0.10419284275753907,-0.80826,-0.02758497502450808,0.14222331072795125,-0.80861,-0.009574641590191453
70,-0.009715175180721765,0.82194,0.10526214605549274,-0.1705156061156764,0.61311,0.03463952799914424,-0.2402235940724969,0.87398,-0.05704604697866658,0.17097956278007553,0.59615,0.10433740918546044,0.30092037254192944,0.84887,0.07320136757073864,-0.25553761692204674,1.1668,-0.1181963090235954,0.3829873319788726,1.0727,0.014288120929807975,-0.07023564497656193,0.047432,-0.04334276576000142,0.08799169084364594,0.036773,-0.019515893509553545,-0.10681736720517579,-0.4208,-0.06182286946069906,0.13025143579137613,-0.47341,0.00764405483267995,-0.10404876820631825,-0.80826,-0.027538246835044786,0.14268941625099993,-0.81375,-0.008647619669531793
71,-0.009497480394470478,0.82203,0.10525991445539298,-0.1702537998838203,0.61311,0.034421680582447794,-0.23991249758439329,0.87491,-0.05731308251017805,0.17105817375213886,0.59621,0.10435228584742681,0.301018679669053,0.84891,0.07321971719625833,-0.25495538885291286,1.1668,-0.11827337701638507,0.3829987687162117,1.0728,0.014050496854767093,-0.07007212182944239,0.047432,-0.04340633603887549,0.0882000987485422,0.037019,-0.01964973724372422,-0.1067857632368404,-0.4201,-0.06200210447174728,0.13028512353784352,-0.47319,0.007453002128595581,-0.10391124241725189,-0.80826,-0.02751196647466539,0.14215122090800958,-0.80759,-0.008935449085650932
72,-0.00921315217235328,0.82325,0.1049546498781691,-0.16999005769579997,0.61419,0.03396250299342776,-0.23965041796716574,0.87616,-0.05764765578202424,0.1711613189858501,0.59746,0.10417043409252011,0.30112805219477323,0.8501,0.07282978559890109,-0.2546378433398487,1.1668,-0.11840422367141593,0.3831080931571579,1.0739,0.013315311730725685,-0.06990815405301246,0.048554,-0.04360487965698653,0.08835990377718556,0.038364,-0.019790120123094543,-0.106745303211444,-0.41846,-0.06223156467819913,0.13029350851896845,-0.47189,0.007347860832752634,-0.10391898267426301,-0.80785,-0.027352893886136122,0.1420864501377398,-0.80669,-0.008568115793777382
73,-0.008982988376651752,0.82444,0.10463983465117353,-0.16983104761747686,0.61528,0.033521413665749476,-0.23956518253814119,0.87697,-0.057900699101712784,0.1712477200835214,0.59871,0.10396836764225884,0.3012153473595428,0.85128,0.07239229782283432,-0.2545752320425177,1.1644,-0.11847137145951453,0.38323039134283227,1.0751,0.012564136548906715,-0.06977929446357431,0.049693,-0.0438289069013338,0.08849392534759551,0.039703,-0.01996855839999961,-0.10678645604572816,-0.41717,-0.06240128929111776,0.13025967295053328,-0.47057,0.007309401057549566,-0.10394130937819818,-0.8071,-0.02711109744635383,0.14193403690634512,-0.80667,-0.0077613251103310285
74,-0.008841690412450684,0.8255,0.1042991957143025,-0.16976766603262844,0.6164,0.033161958835900014,-0.23952993195807482,0.87766,-0.05810061507557426,0.17132705147450528,0.59995,0.10374880778617271,0.3012995667257113,0.85247,0.0719146660626234,-0.25454102335151735,1.1644,-0.11866537858685794,0.38326671142199753,1.0763,0.011724690391104194,-0.0697070327792779,0.050825,-0.0440659601632448,0.0885777788039148,0.04099,-0.02016193522866143,-0.10685569001619745,-0.41649,-0.0624693455717468,0.1301579427284533,-0.4693,0.007252877063391739,-0.10398663155256924,-0.80623,-0.026854062622817643,0.1417578855270299,-0.80644,-0.007280610338802902
75,-0.008764171818466051,0.8265,0.10395746501976856,-0.16969565190749358,0.61751,0.03281113414209832,-0.23950440567595777,0.87795,-0.05824538181526706,0.1713972293806697,0.60118,0.10352357221729785,0.30140058009651655,0.85369,0.07139937847406866,-0.25454102335151735,1.1644,-0.11866537858685794,0.38308381894143195,1.0775,0.010803943226811753,-0.06966205549702346,0.051945,-0.044303762694940754,0.08863799687416184,0.042223,-0.020359479613587264,-0.10692445291073065,-0.41596,-0.06248248575193649,0.1299869286673071,-0.468,0.007186167312303255,-0.10405112893746755,-0.80533,-0.026603455186093833,0.1420084233182559,-0.81168,-0.00605244633706388
76,-0.008691524990410884,0.82763,0.10357425823698214,-0.1696334858598888,0.61862,0.032458572966519945,-0.23957321665526493,0.87945,-0.058603775522140925,0.17143855764695443,0.60242,0.10328918797208095,0.30149504470516736,0.8549,0.07086364305643002,-0.25447682339437744,1.1649,-0.11897188693177407,0.3828023717745813,1.0788,0.009751075005108918,-0.06961864104836803,0.053096,-0.044532701956859586,0.08867504342155659,0.043439,-0.020558063483340397,-0.10706197869979701,-0.4157,-0.06250876611231589,0.12981643555069391,-0.46667,0.007116503137955728,-0.10412981560433766,-0.80461,-0.026329964037321386,0.14235761553296075,-0.81703,-0.004807902325311173
77,-0.008613668717025715,0.82869,0.10316150722160534,-0.16958099424163647,0.61982,0.03210329050141189,-0.23965730867420676,0.88054,-0.058875506146749704,0.17149077587983533,0.60367,0.10305063136212264,0.3015315126063003,0.8561,0.07025370937791492,-0.25449614642687246,1.1654,-0.1192078267978739,0.38221325299840636,1.0801,0.00860029263317312,-0.06956862796896125,0.05426,-0.044799063913392896,0.08870635957908832,0.044624,-0.020724148697244118,-0.10722014279579585,-0.41434,-0.06264835163712727,0.12967600761120407,-0.46504,0.007049093985679175,-0.10424486865132404,-0.80397,-0.025965404307813106,0.1427403458883423,-0.82231,-0.003580799446547746
78,-0.008534075961863872,0.82977,0.10273890812869843,-0.16957843760374547,0.62104,0.03174326485843254,-0.2398809603917501,0.88206,-0.059219569962400104,0.17153557710967338,0.60492,0.10279655096184548,0.3014474722397783,0.85731,0.06952098417922524,-0.2547283086889444,1.1655,-0.11910051098324416,0.3814027880157717,1.0814,0.007437897471481929,-0.06952996631513192,0.055409,-0.0450471189002873,0.08873455006942205,0.045785,-0.020872507371593633,-0.10741990675962794,-0.41254,-0.06283995111195455,0.12952325065109993,-0.46389,0.007051606183866492,-0.10434335121044816,-0.80342,-0.025579645075197267,0.14266676892960845,-0.82227,-0.003221111482968931
79,-0.00849260530250456,0.83089,0.1022791242833838,-0.16960339128890972,0.62224,0.031424082600785413,-0.2402033903123531,0.88358,-0.05963689950400955,0.17158142022857747,0.60617,0.10253656171505027,0.3011879029594907,0.85853,0.06874715423102538,-0.25474086122633327,1.1618,-0.1189717343013289,0.38030963093518705,1.0826,0.0062662731301645,-0.06953770478832011,0.056533,-0.04529117036214057,0.08873377675725011,0.046941,-0.02101784973289372,-0.10763949065810106,-0.41029,-0.06309190926628051,0.12933474799260627,-0.46275,0.007026491492133869,-0.10442538706129084,-0.80275,-0.025229572055419223,0.1427607865047101,-0.82227,-0.0036391362377048223
80,-0.008518101570350078,0.83205,0.10180753236198782,-0.16973997314228093,0.62345,0.031104510390902142,-0.24060882227805802,0.88524,-0.05998661499006168,0.1716188044553727,0.60742,0.10226695752445428,0.30076312391890386,0.85977,0.06798887211553135,-0.25499636625519645,1.163,-0.11884721048743926,0.3789863953706624,1.0839,0.005190146910440632,-0.06957354122736438,0.057664,-0.045554392226043676,0.08868863963183442,0.047916,-0.021095873062156243,-0.10800371992092492,-0.4082,-0.06332977066311238,0.12920659920513392,-0.46178,0.00694703151309182,-0.10454230036963466,-0.802,-0.024912049964326173,0.14331994162477837,-0.82764,-0.003009473985619262
81,-0.00865211173998232,0.83212,0.1016518972938472,-0.1700412696376284,0.62351,0.031028028877506105,-0.24095027958722046,0.88636,-0.06018085943919606,0.1716010682988637,0.60747,0.10219478115191943,0.30014636747244705,0.85988,0.06762829551374748,-0.2552976387081569,1.1648,-0.11875106523749321,0.3774336004829079,1.0842,0.004609688439433851,-0.06965558731557764,0.057681,-0.045693756638319205,0.08859397190372577,0.047916,-0.02118669167949183,-0.108303651273238,-0.40622,-0.06358675740187458,0.12904578051787316,-0.46178,0.006880088628273976,-0.10459327723906194,-0.80188,-0.024910884295679395,0.14374975646251756,-0.83308,-0.002279751294962589
82,-0.008885068952374491,0.83213,0.10145850666016897,-0.17041011349026539,0.62357,0.030931513529649294,-0.2413434582271178,0.88764,-0.06031212846497325,0.17156311504276145,0.60752,0.10212208623909029,0.2994198929877376,0.85998,0.06725649607444434,-0.2556106693686019,1.1671,-0.11864582358404069,0.37571953987434353,1.0845,0.004079997746511972,-0.06977557463869964,0.057681,-0.04581950258175284,0.08846507144222976,0.047916,-0.021256129932826093,-0.10862496539379111,-0.40421,-0.06389523955035836,0.12885524394984438,-0.46178,0.006808921105879138,-0.10467258280383593,-0.80176,-0.024921821726633715,0.14430457037814418,-0.83852,-0.0016254688490517227
83,-0.009164830669452537,0.83213,0.10127717166173364,-0.1708682846333841,0.62363,0.030823309076814513,-0.24165790211537103,0.88887,-0.06037163511283871,0.17151583465366205,0.60757,0.10204470042122545,0.29859163841235126,0.8601,0.06688604316468175,-0.2557265648302666,1.1695,-0.1185068371028078,0.37400421385993865,1.0848,0.003615071231559547,-0.06992533932814138,0.057681,-0.04596065334440192,0.0883106254647071,0.047916,-0.021318902857141234,-0.10896880390884404,-0.40221,-0.06413356721464894,0.1286391071887147,-0.46178,0.006767764083533377,-0.10468178615725228,-0.80175,-0.024869626915724072,0.14485055406291963,-0.84413,-0.0011514584947776886
84,-0.009545199595844605,0.83205,0.10119994809126873,-0.17141873508600491,0.62361,0.030720157250802953,-0.24194892932584913,0.8884,-0.060333593520320375,0.17144707175912888,0.60757,0.10203156024103574,0.29770704791641694,0.8601,0.06671991172725139,-0.25585831392851893,1.1705,-0.11781723854196989,0.37235303615025384,1.0848,0.0033046309457718803,-0.07012683736951145,0.057669,-0.04612514206536486,0.08811284794605191,0.047774,-0.021389316301273713,-0.10937188049486837,-0.40262,-0.06420870219850444,0.12843959078404418,-0.46196,0.006689936040596811,-0.10478009328437582,-0.80187,-0.02488797654124377,0.14485055406291963,-0.84413,-0.0011514584947776886
85,-0.009915487310977194,0.83193,0.10113465637646596,-0.17198285387606455,0.62359,0.030636934713580997,-0.2422399066677304,0.8883,-0.06035342245150041,0.17137830886459568,0.60757,0.10201842006084605,0.29684215357554283,0.8601,0.06655725325337437,-0.25589773206484934,1.1754,-0.11759368718203612,0.37074125075068953,1.0848,0.0030011365870908913,-0.07034397817230373,0.057646,-0.046304574146561965,0.08789983444788155,0.047624,-0.0214654625395079,-0.10980432766530542,-0.40279,-0.06429003143544294,0.1282626726848573,-0.46246,0.006656709753110739,-0.10484950090302278,-0.802,-0.02495504801411979,0.14496387241195227,-0.84441,-0.0019092941971383774
86,-0.010269266428037932,0.83184,0.10106212130679808,-0.17259760223919615,0.62357,0.030552908229499798,-0.24255931244215206,0.88767,-0.06026961343488481,0.17128984981500228,0.60757,0.10200180691710302,0.2960264996223194,0.8601,0.0664032771883807,-0.255984432374102,1.1784,-0.11704439758958468,0.3694439092393784,1.0848,0.002757148876275352,-0.07055462489001588,0.057616,-0.0464402132276452,0.08766683698384727,0.047471,-0.021531931944150942,-0.11023354943135066,-0.4019,-0.0645048282593324,0.12812762783887513,-0.46265,0.0065587715604908045,-0.10492875659919987,-0.80213,-0.02502385596877247,0.1449483179869461,-0.8447,-0.0017059052597235592
87,-0.01060392020316832,0.83095,0.10105388414764095,-0.1731998737597456,0.62301,0.030628472874242158,-0.24287532094782724,0.8875,-0.05991713276259063,0.171154878880004,0.60716,0.10201862496412681,0.29531309683570894,0.85938,0.06630287069428581,-0.25608720805289387,1.1789,-0.11628876463645937,0.36831487732935464,1.0844,0.0027103840802402274,-0.0707788828638538,0.056864,-0.04656200551463459,0.08742544251749461,0.046594,-0.021579573434622062,-0.11070484214116529,-0.40149,-0.06482655513367708,0.12805588888293465,-0.4636,0.006389746348760234,-0.10496539458086468,-0.80267,-0.025219185583269424,0.1449616167694655,-0.845,-0.0022996157467317507
88,-0.010915742539085664,0.8301,0.10110044411781975,-0.17385051742705734,0.62239,0.03069043107133612,-0.24314226271402944,0.8875,-0.059554984873660094,0.1710301033188912,0.6067,0.10203520987742123,0.29470732830921914,0.85865,0.06622550473074634,-0.25614396696460395,1.1791,-0.11579410573788229,0.36742053670926106,1.0839,0.0028298991640189966,-0.07100047903371375,0.056078,-0.0467046524126149,0.087216720355169,0.045712,-0.02162246934298319,-0.11117886335322567,-0.40147,-0.06519039560767192,0.12801188376682393,-0.46457,0.006121022420246071,-0.10504397972671807,-0.80322,-0.02546455953227624,0.14494725562313895,-0.84568,-0.002678871277312634
89,-0.01118770629742381,0.82928,0.10117434076287615,-0.17443726034881055,0.62176,0.03079310406570412,-0.24337715526217008,0.88694,-0.059086658608298,0.17091413394624252,0.60622,0.10205944011901041,0.29424992566979496,0.85791,0.06622811728654322,-0.2562601375954631,1.1786,-0.11513526935111712,0.36669981487297876,1.0834,0.003001351882591076,-0.07123608602889041,0.055273,-0.04679087505363117,0.08701355974300616,0.044845,-0.021662353746772292,-0.11149983017742346,-0.40147,-0.06550084737166173,0.1279535157205638,-0.46553,0.005876167011533557,-0.10515734259287884,-0.80391,-0.025858225457364777,0.14490853207951923,-0.84639,-0.0024592591483909125
90,-0.011447152961537742,0.82847,0.10128090730772092,-0.17493594138592256,0.62119,0.030972230343019547,-0.243594162048011,0.887,-0.058719767541496166,0.1707978172772385,0.60572,0.10208563997610562,0.2938442684034926,0.85716,0.06634038118232499,-0.2563093779831137,1.1787,-0.11514395176000047,0.36608985296401503,1.0829,0.003178118592164346,-0.07146224451572789,0.054471,-0.04683278375000059,0.08681689081168475,0.043995,-0.021675707826781757,-0.11184285032018496,-0.40147,-0.06568622855101901,0.12791392571987864,-0.4664,0.005697579128837806,-0.10526966356997361,-0.80487,-0.026257800228971395,0.14498255607180224,-0.8471,-0.002936657774872474
91,-0.011637948489505764,0.8276,0.10143004169848108,-0.17540664102404321,0.62061,0.03116542933544208,-0.24377219773107067,0.88657,-0.058458717171725356,0.17069360611207424,0.60519,0.10210077381418833,0.29355267037988464,0.85637,0.06643924772180074,-0.25632907413817396,1.1783,-0.11514742472355381,0.36562550439748415,1.0824,0.00322012345808171,-0.07166853319932745,0.05366,-0.04687220429056968,0.08664049606126958,0.043136,-0.021694625861192657,-0.11215528434129006,-0.40147,-0.06587230913156433,0.1279708823221534,-0.46728,0.005374562185849804,-0.10538262927118215,-0.80576,-0.026711306293264323,0.14489481744112936,-0.84783,-0.003187707436668012
92,-0.011796659356247506,0.82676,0.10152390788396917,-0.17583968483382006,0.62,0.03137542233250142,-0.24391862944579495,0.88591,-0.058376901813002764,0.1705911314286867,0.60467,0.10210605957474089,0.2933447689940892,0.85557,0.06646656097470711,-0.25632907413817396,1.1776,-0.11514742472355381,0.3652813426284629,1.0818,0.003156392172639251,-0.07188878283964685,0.052848,-0.04691307109787309,0.08643936455016443,0.042278,-0.021722982786987956,-0.11244107628022826,-0.40212,-0.06609430905867682,0.12803733970560294,-0.46817,0.005055251340144496,-0.1055034091403857,-0.80669,-0.027120496008671703,0.14483818587664588,-0.84855,-0.003442410922910647
93,-0.011884488107159356,0.82601,0.1014576499749072,-0.17617975474138411,0.61936,0.031576423471725484,-0.24406617696056912,0.88516,-0.05840393384740582,0.17049763658194092,0.60411,0.10211800585583522,0.29316854548761295,0.85468,0.06642939545620899,-0.25632684075425133,1.1776,-0.11533285398768506,0.36504550971227295,1.0812,0.003111762186740148,-0.07209952929455277,0.05203,-0.046932969131559615,0.08624686557934574,0.041417,-0.021742709576735502,-0.11270595652686254,-0.40383,-0.06631972967650704,0.1280995057532077,-0.46905,0.004702690164566124,-0.10560062272602344,-0.80764,-0.02760574905479038,0.1447516627832167,-0.84925,-0.003700354238977261
94,-0.011986908113472625,0.82534,0.10143959056442983,-0.17649543999309095,0.61874,0.03175430776517155,-0.24423324698222587,0.88416,-0.05843542365311522,0.17040106593659404,0.60353,0.1020898081527854,0.29299301657384746,0.85378,0.06638829070669883,-0.25617234374472464,1.1776,-0.11615146236416757,0.36487843969061623,1.0803,0.0030802723810307506,-0.07231745721453339,0.051205,-0.0469409329053453,0.08604707578930373,0.040548,-0.02170381176452233,-0.11287560544497438,-0.40539,-0.06656694465296172,0.12824482345170501,-0.46997,0.004108903362335357,-0.10569245321815351,-0.80865,-0.02812153114125243,0.14465169486912327,-0.85017,-0.003997223597705664
95,-0.012086606830256214,0.82476,0.10141185672460003,-0.17676721808205792,0.61807,0.031913532984145974,-0.24437680058891367,0.88305,-0.05848510626583755,0.17031451701695496,0.60292,0.10206236212375924,0.2927827838507584,0.85282,0.06631365022075064,-0.2558622116670573,1.1756,-0.11710408091028228,0.3646916735138992,1.0793,0.0030453096117680004,-0.07256120884438953,0.050382,-0.04686003084763054,0.08585453416260425,0.039709,-0.021613880001568886,-0.11301055055376275,-0.40687,-0.06678062389297837,0.12843774479327005,-0.47087,0.0034179059991213227,-0.10577565116999713,-0.80967,-0.028628683091666732,0.14465077854346095,-0.85097,-0.004337553085624769
96,-0.012183817391239474,0.82471,0.1013642530815323,-0.17696383233630503,0.618,0.03187683373310656,-0.24444725009662666,0.88246,-0.0585462688921955,0.170265971222015,0.60276,0.10204974048386382,0.29261216695456443,0.8526,0.06618710033045777,-0.2553762496802202,1.1742,-0.11876594189945958,0.36457253038927856,1.0789,0.002742012866227231,-0.07284277552533495,0.050267,-0.04669136192879431,0.08564821244007868,0.039611,-0.02147459128410015,-0.11298432967893504,-0.40801,-0.06692932986368322,0.12865767955574434,-0.47087,0.002861646437176204,-0.10581786993573426,-0.81024,-0.02896512562140938,0.14469106492067968,-0.85176,-0.004566028484323598
97,-0.012256536346455602,0.82471,0.10122957957429246,-0.1771013581253714,0.61797,0.031850553372727165,-0.24451286149775195,0.88187,-0.05880763289897986,0.1702191619088517,0.60259,0.1020272707664383,0.29252343630342253,0.85233,0.06588408899148196,-0.2549139278879328,1.1732,-0.1204664957975693,0.3645627597903781,1.0786,0.0020487845233292112,-0.0731272822041072,0.050116,-0.04641963789648584,0.08543321071290846,0.03949,-0.021268799502646603,-0.1129440931703132,-0.41019,-0.06709993473868368,0.1288802929518675,-0.47103,0.0024053709985796153,-0.10576733831603319,-0.8108,-0.029251704677535934,0.14474941070837577,-0.85207,-0.0048969238893357
98,-0.01222691161058104,0.82471,0.10098094656155208,-0.17724890564014556,0.61793,0.03182352133832411,-0.24440361275161243,0.88113,-0.059254450212282456,0.17017026881755645,0.60243,0.10201661874204894,0.29248223538436435,0.85202,0.06536911085187914,-0.2543820987398046,1.1718,-0.12221571927019972,0.3645645514922204,1.0779,0.0007716937709531246,-0.07340389839966188,0.049978,-0.046060211297084985,0.0852315468564926,0.039375,-0.020960128660137176,-0.11288366360448511,-0.41019,-0.06744264783673193,0.12910637931154403,-0.4712,0.0019293994049227846,-0.10573642894040847,-0.81139,-0.029427000457572107,0.1447346025285001,-0.8524,-0.005158468757013833
99,-0.01215848523204126,0.82489,0.10024159628548537,-0.17735470368129577,0.61782,0.03167489168284185,-0.24416750109858232,0.88059,-0.060535918232680695,0.17016230682759367,0.60227,0.10183142261164707,0.29255008552088113,0.8516,0.06423567344338467,-0.2535600758767622,1.1702,-0.12624417783553654,0.3646802323562253,1.0772,-0.0013240576307410462,-0.07364587267568347,0.049818,-0.04569569181921881,0.0850747251019727,0.039259,-0.02061207272022335,-0.11267288232683029,-0.41052,-0.06800458311146576,0.12939954373639684,-0.47137,0.001015421494904873,-0.10570135200851975,-0.8117,-0.029625931623680574,0.14473269239854575,-0.85272,-0.005147635871730696
100,-0.012021094080342017,0.82514,0.0993011667711491,-0.17742795560223842,0.61782,0.03145685921719002,-0.24385694424592996,0.87965,-0.062181998255422796,0.17015404740987247,0.60227,0.10159032557305284,0.29267866265098436,0.85128,0.06281542384503429,-0.2526298238980823,1.1686,-0.13013779405393328,0.3648329759768799,1.0769,-0.0039179408945656385,-0.07391105632196071,0.049818,-0.04518802792081052,0.08491288678421004,0.039259,-0.0200973559447985,-0.1123931645064646,-0.41055,-0.06855436301376293,0.12970511109284796,-0.47137,0.0001462784740668202,-0.10568207706079873,-0.81178,-0.029735245284264928,0.144643910094984,-0.85238,-0.004989652636625621
101,-0.01181994279233593,0.82539,0.09822372760380205,-0.17743981176309376,0.61783,0.031178572617710693,-0.24352433407471388,0.87897,-0.06395314886279746,0.17014687974981413,0.60227,0.10128544916424218,0.2928729527032295,0.85087,0.06113767315568901,-0.25169265181850553,1.1671,-0.13384030529541002,0.36500923779632655,1.0765,-0.006933141015785668,-0.07415370595678336,0.049831,-0.04468146780125862,0.08479102841936866,0.039259,-0.019515679454884922,-0.11195242495680477,-0.41061,-0.07007493022680077,0.130012762227431,-0.47137,-0.0007346822398073896,-0.10559118693671794,-0.8121,-0.02973241944906406,0.14457671003404982,-0.85208,-0.005011656086592431
102,-0.011625071689590231,0.82563,0.09697458939955293,-0.17742874636449704,0.61783,0.030770291394833737,-0.24336799727857097,0.879,-0.06570359446497188,0.17013941466199736,0.60227,0.10092467184723916,0.2931578114094101,0.85044,0.05923422063001017,-0.2506825991567284,1.1668,-0.137495441219071,0.36519594433264296,1.0759,-0.010237926889226902,-0.07436054079071004,0.049843,-0.04406704990481149,0.08466987426419272,0.039275,-0.018868891490646564,-0.11154616569969387,-0.41184,-0.07168788850772798,0.1303040165223295,-0.47135,-0.0016378272645421674,-0.10543959564526055,-0.81247,-0.029785908516678658,0.14454413987145523,-0.85187,-0.0051148800397649505
103,-0.011376017546935055,0.82615,0.09545271652903245,-0.17734646117066988,0.6179,0.030130865756563874,-0.24309363137403425,0.87819,-0.0676627147651137,0.1701655874520511,0.60241,0.10043071234985014,0.2935261450204516,0.85001,0.05691494609883084,-0.24963600646665743,1.1652,-0.14124263053122085,0.3655417366420893,1.0755,-0.014272169901085242,-0.07449304637146341,0.049772,-0.043401954970934215,0.08455549238794581,0.03949,-0.01826051102877567,-0.11115374842819942,-0.41268,-0.0732799326921126,0.13050227108880535,-0.47137,-0.0023014831444012063,-0.10533471571359555,-0.81288,-0.029574484298732967,0.1445196813046141,-0.85187,-0.005206519433630676
104,-0.011082906635749377,0.82667,0.09373857301294522,-0.17723795510201504,0.61799,0.02934273414758916,-0.24278034423531325,0.87705,-0.06966980523858818,0.17020078994734353,0.60259,0.09988554284930451,0.29403217985256,0.8496,0.05421784306989535,-0.24854126514659874,1.1634,-0.14491735806427092,0.3659770815426148,1.075,-0.018756703189799502,-0.07465474648421311,0.04959,-0.04272677642155877,0.08442467101613352,0.039678,-0.017564656325064362,-0.11071858966261193,-0.41376,-0.07494161282039613,0.1306179207751315,-0.47144,-0.002957365107907336,-0.10516499110067692,-0.81334,-0.02961563713301711,0.1445647799622106,-0.85208,-0.005404698925715486
105,-0.010765834680284359,0.82703,0.09187126335060808,-0.1771053618052614,0.61804,0.028475584784644115,-0.24230043054083875,0.87564,-0.07233394334421556,0.17030867711809447,0.60283,0.09881298266060302,0.2945866625262375,0.84924,0.05124597867786945,-0.24755068512310735,1.1609,-0.1486348222829366,0.36652946353106497,1.0746,-0.023501872853661454,-0.07480235464794609,0.049409,-0.041941477860501016,0.08433607981083609,0.039903,-0.0168664324366561,-0.11030404516156991,-0.41467,-0.07654397134976956,0.13082374195044078,-0.47142,-0.003779108768542639,-0.1049930829724325,-0.81382,-0.029784348707734137,0.14455676810365092,-0.85223,-0.005532024532419008
106,-0.010432437391879944,0.82724,0.08992864443582203,-0.1769434718350789,0.61813,0.02749987343513837,-0.2418350035560945,0.87411,-0.07503109864598664,0.17040567432224935,0.603,0.09774459483664297,0.29517582496685146,0.84891,0.04813502325893947,-0.2466267085212104,1.156,-0.15266561218556698,0.36704863063280685,1.0739,-0.02840419776338226,-0.07496536041817846,0.049253,-0.04107461390412091,0.08432002429562231,0.040141,-0.016101600938591844,-0.10991366179961057,-0.41559,-0.07818206836481639,0.13107644813372016,-0.47147,-0.004866750522491234,-0.10484474112775387,-0.81426,-0.029876996951739863,0.14453861073980273,-0.85245,-0.005716987529091538
107,-0.010103410158781596,0.82724,0.08780349359885077,-0.1767702947333481,0.61817,0.02646014958168683,-0.24135747106751043,0.87235,-0.0777393199667702,0.17051894458650801,0.60308,0.0966415056075981,0.29587703856683467,0.84854,0.0447341203660008,-0.24580299726116525,1.1542,-0.15704917235511806,0.36771038514697724,1.073,-0.03353929902460145,-0.07510837741406952,0.049079,-0.040182901428663556,0.08434531868484157,0.040341,-0.015415789598736613,-0.10953863338826982,-0.41633,-0.07984825853724187,0.13131372545539707,-0.47148,-0.0060972416734621886,-0.10470277439705204,-0.81498,-0.0299910778325825,0.14453099604619526,-0.8527,-0.005904153274999449
108,-0.009761009611764189,0.82724,0.08561977524123177,-0.17658662482997337,0.61808,0.025476093502698284,-0.2408717032035921,0.87114,-0.08037907101230163,0.1706239296068355,0.60311,0.09552781662699947,0.29659851913500795,0.84808,0.04127586548965806,-0.24523745097271393,1.1542,-0.16002619391963838,0.3683963747112143,1.072,-0.038523905560503564,-0.07520845762954158,0.048911,-0.03920644561785025,0.08446677693750068,0.04043,-0.014710991121964,-0.10915911595051962,-0.41767,-0.0813095564242052,0.13158813766088479,-0.47163,-0.007307984396537317,-0.10458415043314147,-0.81565,-0.030087950714165222,0.14451526975683435,-0.85308,-0.006102903580214154
109,-0.00937252319515857,0.82724,0.08325531371603985,-0.17633637376356834,0.61795,0.02422961229394978,-0.2404070705487523,0.86985,-0.08295654603566394,0.1707386389251124,0.6031,0.09435897841223215,0.2973656691739076,0.84758,0.037558606174273104,-0.24485440356752183,1.1567,-0.16317755468689044,0.36918057344920396,1.0709,-0.04377754547387175,-0.07526637678100527,0.048813,-0.0383078515093153,0.08462181598671728,0.040523,-0.014133292330881649,-0.10880103114960633,-0.41772,-0.08276447919719176,0.13191124526710313,-0.47143,-0.00867971705081214,-0.10450491877935138,-0.81632,-0.030191769522854628,0.14446300343917953,-0.85308,-0.006209600496940006
110,-0.008920814416449992,0.82714,0.08063595822675675,-0.17606342465448585,0.61783,0.022911991793255027,-0.23988024780392075,0.86858,-0.08571395547126252,0.1708516616302095,0.60305,0.09314211775129658,0.2982036917116824,0.84691,0.033612172059001244,-0.2442741363496283,1.1567,-0.16859915868901365,0.3700400598014943,1.0696,-0.049170224141308436,-0.07527314060638662,0.048649,-0.03737688252451171,0.08483251800191949,0.040535,-0.013600611694111612,-0.10855643834590335,-0.41743,-0.08346058146006462,0.13225772146632264,-0.4712,-0.010299154991387324,-0.10444364679884484,-0.81699,-0.030308909372627486,0.14458282246559262,-0.85362,-0.007292241896900961
111,-0.00836115293212979,0.827,0.07783052153651251,-0.17576484952609253,0.61777,0.02133386350547076,-0.23939408099122733,0.86726,-0.08881667070638088,0.17098802710209784,0.60301,0.09190804909110109,0.2990779069813957,0.8462,0.029575654170746573,-0.24340825084097417,1.1545,-0.17379777795627133,0.37095975220283817,1.0682,-0.054846760575341984,-0.07525090278185889,0.04831,-0.03659311375812697,0.08512159785545564,0.040519,-0.013063249769260666,-0.1083331027470367,-0.41709,-0.08455441746709624,0.13266174912333376,-0.4712,-0.012129808058565842,-0.104390362634511,-0.8176,-0.030380748065761784,0.14472829155370354,-0.85426,-0.008462764320609363
112,-0.007798077969807936,0.82665,0.07499420850956956,-0.1754782561219582,0.61772,0.019823686952644335,-0.238823846201979,0.86594,-0.09182028208023252,0.17111102166430583,0.60297,0.09074981062788756,0.2999199234272569,0.84537,0.025606569477155443,-0.2424409583642084,1.1524,-0.1787652768505231,0.37180187373736184,1.0667,-0.06014095846747743,-0.07520196338961257,0.047837,-0.0358340841566709,0.08546426651380018,0.040498,-0.01249003760034905,-0.10804321181134961,-0.41709,-0.08568018131684735,0.1331656503087133,-0.47024,-0.01475722287076682,-0.1043191187968936,-0.81818,-0.030439265717812625,0.14482285768337108,-0.85484,-0.009517364836027265
113,-0.007264190326766322,0.82621,0.07221976712712742,-0.17503701967015234,0.61747,0.01812753855300538,-0.23820838897555346,0.86453,-0.09496518723022362,0.1712625684386351,0.60294,0.08954481993282373,0.3007473534261939,0.84448,0.021720208634817332,-0.24140703663963836,1.1502,-0.18364994734785062,0.37252177456484076,1.0651,-0.06537547303891528,-0.07512870603977675,0.047218,-0.03516113961163391,0.08590052013912947,0.040491,-0.012113563465265318,-0.10775001977646398,-0.4188,-0.08722778056428826,0.13377614564897042,-0.4698,-0.01775881235627684,-0.10420969818639934,-0.81866,-0.0304839437884857,0.14494359481926938,-0.8554,-0.010662800798451652
114,-0.006672232685638767,0.82577,0.0692138935184887,-0.17458328054955446,0.61717,0.016360483995149545,-0.23768273189936867,0.86309,-0.09777357353524949,0.17138184069430532,0.60281,0.08869563024316227,0.3017026606110549,0.84354,0.017626909576288492,-0.2404263750370151,1.148,-0.18829015238870175,0.37310087611408754,1.0633,-0.07084805391046577,-0.07503780327408671,0.046497,-0.03465161366804526,0.08634597471363642,0.040441,-0.011806546817425441,-0.10725289265383635,-0.4192,-0.08941366382373923,0.13435888310701075,-0.46907,-0.02083332988834536,-0.10409124787066643,-0.81912,-0.030579831862315415,0.1450974488885052,-0.85602,-0.011938464518002994
115,-0.006038461276858186,0.8249,0.06613212782307767,-0.17409027289841691,0.61645,0.014543489648455036,-0.23710242551581567,0.86157,-0.10083430375877583,0.17150654591208003,0.6022,0.08775804098945905,0.30282481608462086,0.84251,0.013220831604537894,-0.23951755212752626,1.1456,-0.19298364159388676,0.3735252865308889,1.0613,-0.07647991646188781,-0.07488146578010353,0.045454,-0.03431738831297019,0.0868222269053808,0.039935,-0.01164539828389605,-0.10655334519229184,-0.41923,-0.091883714298739,0.13499455743302957,-0.46834,-0.02397771649804216,-0.10387568013884373,-0.81973,-0.030880973943394785,0.14527365370406317,-0.85698,-0.01328329791399455
116,-0.0053171447399077846,0.82361,0.06274390845982478,-0.17357203639292074,0.61555,0.012525827653875384,-0.23643130113534291,0.85998,-0.10441008843712757,0.17165724848790795,0.60149,0.08673060109650238,0.30390772885385703,0.84133,0.008634196134585527,-0.23859488544859797,1.1432,-0.19810116894599689,0.3737353946217081,1.0592,-0.0818754011102,-0.07472902245701292,0.044269,-0.03407625342697256,0.08740715524631186,0.039277,-0.011467118066329322,-0.10573269282375251,-0.41958,-0.09452229548756204,0.1357382890103312,-0.46831,-0.027389400003428384,-0.10370888171873552,-0.82018,-0.03113588233291817,0.145524525452195,-0.85784,-0.014648474593398828
117,-0.004489443139422159,0.82208,0.05914394581271945,-0.17291185719910973,0.61433,0.01022145801511102,-0.23544302662293515,0.85838,-0.10846000368168827,0.17184731933146938,0.60054,0.08553748036731029,0.3050582388489797,0.84009,0.004009723975395577,-0.23767055441505397,1.1409,-0.20374642466566342,0.37392402199091634,1.0569,-0.08760976417121956,-0.07450997152426629,0.042855,-0.0339076542310586,0.08802324052202917,0.038453,-0.011350362196908057,-0.10466950738725521,-0.42017,-0.0976725344828797,0.1365644037348308,-0.46846,-0.031153126144098677,-0.10348785698242124,-0.82064,-0.0313527972146972,0.14579132296407527,-0.8587,-0.016046383062381864
118,-0.003566184552207045,0.82026,0.055364855104475794,-0.17229439545700478,0.61284,0.008159351083587646,-0.23444941710179373,0.85664,-0.11288570149327654,0.17220652350007837,0.59933,0.0833851568866843,0.30628559929200194,0.83879,-0.0007626502076399644,-0.2367717719221911,1.1382,-0.20982266445936176,0.37392905693537964,1.0544,-0.0930515630143719,-0.0742870979273723,0.041223,-0.0337434581293767,0.08871515599472843,0.037443,-0.01122023541780644,-0.10354294036590948,-0.42072,-0.10118222830804682,0.13747520890143503,-0.46854,-0.03533956794454056,-0.10330947400300626,-0.82112,-0.031615817199974035,0.14607719773311192,-0.85942,-0.01772524714753832
119,-0.0025833519984429006,0.81794,0.05175467544533673,-0.17151157434880987,0.61115,0.0059080847482633515,-0.2334408996635829,0.85437,-0.11716559548458341,0.1728506843282388,0.5974,0.0796167638833653,0.3075268017206406,0.8369,-0.00555593848721813,-0.2362243776461193,1.1354,-0.2141940211717022,0.3739641828831762,1.0515,-0.09872160412249373,-0.07408321868011178,0.039002,-0.03353488619325756,0.08935997434346078,0.035812,-0.01109942855898585,-0.10230680312827885,-0.42134,-0.10491021177498211,0.138448204158031,-0.46864,-0.03970594415721873,-0.10289173527525111,-0.82192,-0.03191177387811039,0.1462254434082426,-0.85995,-0.01850840244491238
120,-0.0014802617608397689,0.81507,0.0477158664714306,-0.17064441187868865,0.60902,0.0036391964190560233,-0.23235195907672518,0.85195,-0.12172882870219284,0.17354195189732097,0.59552,0.07592674150566414,0.30888608312627003,0.83471,-0.010615771988462044,-0.2353342054349788,1.1354,-0.21970314028772367,0.3741400119396569,1.0484,-0.10484408598387128,-0.07387603771323689,0.036603,-0.033327762928111446,0.08998955911691663,0.033993,-0.010967091817932755,-0.10101328808103421,-0.42196,-0.10884842556076771,0.13942430103943795,-0.46889,-0.0442626736727932,-0.10240235554492629,-0.8227,-0.03232608834750196,0.14639088025296232,-0.8606,-0.01938905370983465
121,-0.00036599134159816596,0.81199,0.043676998011972785,-0.1696124350293974,0.60606,0.0010114763459647264,-0.23118299250617302,0.84938,-0.12651556100690045,0.17423039122696352,0.59364,0.07231034657570956,0.3103662717483295,0.83235,-0.016015778159118324,-0.23436703317014795,1.1354,-0.22553377299868582,0.37433556119358485,1.0447,-0.1107904681183534,-0.073704069479025,0.033941,-0.03306490759447327,0.09061607530448744,0.031804,-0.010823111032021186,-0.09964443555089204,-0.4226,-0.11298354862432017,0.1402660699261375,-0.4691,-0.04834552979827505,-0.10179665914559748,-0.82353,-0.03276660267398874,0.14639088025296232,-0.86152,-0.01938905370983465
122,0.0008765203895934846,0.80874,0.03955006045515767,-0.1685911246299277,0.60285,-0.001670926693836547,-0.22998750763303466,0.84675,-0.13139509837412056,0.17484875238763545,0.59174,0.06880344616723308,0.3119332586330125,0.82977,-0.021677690919240225,-0.23293938068346895,1.1323,-0.23172999833168328,0.37460004699022365,1.0411,-0.11672469488039885,-0.07354837911339429,0.031133,-0.032801876208418713,0.09123661835151112,0.02938,-0.0107258776694825,-0.09831026278768638,-0.42326,-0.11697958066096853,0.14106968608234724,-0.46902,-0.05226959874179256,-0.10107563809773372,-0.8244,-0.03328527853475101,0.14644404242153827,-0.86256,-0.019920902169296834
123,0.0021784300349178033,0.80523,0.035575756078865955,-0.16746428779085637,0.59926,-0.004491098273388342,-0.2287763205129224,0.84394,-0.13624851219946804,0.17586295569858118,0.58803,0.06333955189262759,0.3134033516183804,0.82697,-0.027193205003563842,-0.23140109204905196,1.1291,-0.23797779538962488,0.3751037407132349,1.0372,-0.12292137081459124,-0.07340558858150784,0.027847,-0.03240809852494289,0.09193612928390822,0.026424,-0.010546686555146638,-0.09706549300976929,-0.42338,-0.12069893399185608,0.1418432130190466,-0.46897,-0.05636854947072314,-0.1003468527504719,-0.82528,-0.03379040022070046,0.14636426756465112,-0.86362,-0.020389879751073012
124,0.0035870293842518823,0.8014,0.03149739735591678,-0.16625462255486081,0.59535,-0.007377899100744427,-0.22759132844142796,0.84103,-0.14118371734115115,0.17695398541503962,0.58385,0.05755512883083442,0.3146597130908959,0.82408,-0.03253316613173497,-0.22986806094473908,1.1257,-0.24454130174166028,0.3757922165720249,1.0331,-0.12918700733388147,-0.07329709507703784,0.024273,-0.032038646011772635,0.09275722822042975,0.023038,-0.010394796672523665,-0.09587497537426815,-0.42354,-0.12422578354344752,0.14257734764562552,-0.47025,-0.060474446126760395,-0.0997755627327081,-0.82595,-0.0342085493754329,0.146318875046942,-0.86512,-0.02105384926794561
125,0.0050020753543079275,0.79764,0.02753796483311403,-0.16454079345105177,0.59062,-0.010590096293156052,-0.2264331022316812,0.83811,-0.14613988885221244,0.1780608928104725,0.57927,0.051392720452778325,0.3158582515040713,0.82107,-0.037948310328535545,-0.22826376196042167,1.1222,-0.2509906989824044,0.3766226092929198,1.0286,-0.13550885421031597,-0.07322225628010923,0.02038,-0.031656850052555835,0.09352676985743931,0.019302,-0.010249966879633348,-0.09459932204693622,-0.42427,-0.1278899353673308,0.14338925082958925,-0.47146,-0.06479103936910666,-0.09920022893826108,-0.82648,-0.03470721963218299,0.14635296174218454,-0.86645,-0.021707866161616893
126,0.006442205381409289,0.79361,0.023586001586189658,-0.16278933434510884,0.58596,-0.013555002193890428,-0.22502083765712227,0.83372,-0.15052121385401795,0.17914914593991113,0.5746,0.045220930264650815,0.316970043307043,0.81783,-0.04356254250995137,-0.22678620210341421,1.1175,-0.2565485598001076,0.37752253341204245,1.024,-0.1417067438979291,-0.07325974264833698,0.016312,-0.03128876749089732,0.09422557898440967,0.015231,-0.010118624563288062,-0.09323384631079945,-0.42496,-0.13131485522245465,0.14407627693142355,-0.47277,-0.06857218260037924,-0.09853812270740041,-0.82702,-0.03523729919135828,0.14619504520534723,-0.86753,-0.02173368025453758
127,0.007838207133234961,0.7896,0.01972881542152251,-0.1609834734909592,0.58126,-0.016886023445015982,-0.22359634558296576,0.82918,-0.15445359510850806,0.1801344755685902,0.56984,0.03957526055036118,0.31799947778902643,0.81383,-0.04905522934312357,-0.2253196319501966,1.1124,-0.26198650720567257,0.37855742846616336,1.0195,-0.14792145163256604,-0.07332602157513146,0.012187,-0.030935916100276607,0.0949086311873318,0.011018,-0.00999006061778545,-0.09176986575697446,-0.42541,-0.13454978349646973,0.1447054283214978,-0.47416,-0.07196751432620038,-0.09782486595893479,-0.82765,-0.03576952922693337,0.146243097665787,-0.86856,-0.02235172552880613
128,0.009259209414167274,0.78592,0.01569529158775319,-0.15918311950989805,0.5764,-0.02024340137174352,-0.22202936583357438,0.82505,-0.15850301166709985,0.18091822370538493,0.56538,0.0352455794006608,0.3190095874546921,0.80991,-0.05438073199201306,-0.22373371919797075,1.1079,-0.2673526399604903,0.37942723753956575,1.015,-0.15406372581855177,-0.07338176504440125,0.008339,-0.030637055487893895,0.09556540543411325,0.00708,-0.009706708206882256,-0.09028673581883215,-0.42622,-0.137547787096632,0.14515532849126878,-0.47549,-0.07509490202797962,-0.09720674080179782,-0.82812,-0.03639570595128074,0.1461242279265378,-0.8692,-0.022771748129496644
129,0.010687909916645703,0.7824,0.012032740444872334,-0.157272650325632,0.57164,-0.023649396600156174,-0.22041024354610894,0.82117,-0.16250261702491112,0.18171102737362826,0.56057,0.030634190960763343,0.3199681734801875,0.80569,-0.059471617261956274,-0.22204927758566972,1.1037,-0.27235615437085714,0.3799900918549187,1.0106,-0.1597321025720579,-0.07345366741114887,0.004468,-0.030315658459817887,0.09616542014876882,0.003076,-0.009349083624118716,-0.08864368126052734,-0.42827,-0.14024342648617094,0.14543934835041672,-0.47683,-0.07803017590269892,-0.096603152222988,-0.82858,-0.03699702934807346,0.1460129987071059,-0.87031,-0.023235102271319696
130,0.012309192297465719,0.77885,0.008153336310002833,-0.1552293198107096,0.56723,-0.02682989489551603,-0.2185704197762976,0.81747,-0.16654454088565335,0.18257549787065114,0.55541,0.025673947442570205,0.32080399202789533,0.8013,-0.0642693675009024,-0.2200045489662114,1.0994,-0.2775601513801538,0.3804062945064186,1.0062,-0.16606605673615513,-0.07359096665878619,0.000637,-0.02996314474859771,0.09669477386013037,-0.000879,-0.008907452954590705,-0.08697396057766862,-0.43016,-0.14280235845893494,0.14549859890814854,-0.4781,-0.08101523693581171,-0.09607614070670635,-0.82912,-0.037567176576170314,0.14594021964592233,-0.87113,-0.02380134268691473
131,0.013886897982230348,0.77506,0.0041697828997594895,-0.15319725238494855,0.56305,-0.029773753923588005,-0.21652328769238474,0.8138,-0.17112870386606913,0.18359706831604278,0.55017,0.02028344748198192,0.3215425195113357,0.79668,-0.06886087892484585,-0.21711067455380395,1.0916,-0.28337599103451266,0.380783080805411,1.0016,-0.1725795835907011,-0.07371715901535315,-0.003064,-0.0293050600358562,0.0971833605013823,-0.00455,-0.008361313692140025,-0.08515130928652805,-0.43186,-0.14536478743763925,0.14531221834075725,-0.4781,-0.08410453496029865,-0.09562416924556384,-0.82905,-0.03788451361830798,0.145468280428171,-0.87085,-0.023773876803563184
132,0.015423274780294465,0.77154,2.2700801631178602e-07,-0.15116230685115106,0.55888,-0.032849110923104906,-0.2140607998704301,0.80921,-0.1756497826893949,0.18427895888353094,0.54641,0.01664660472294343,0.3221703868046512,0.79179,-0.07357344538718721,-0.21412174424487462,1.0838,-0.28880951618936046,0.3806779542457184,0.99743,-0.17872114270923503,-0.07391941470263141,-0.006444,-0.0286705416066805,0.09754052548641186,-0.007903,-0.007686033621747874,-0.08323655233406305,-0.43329,-0.1479312842354138,0.14492659297024388,-0.4781,-0.08698526283248936,-0.09515396472576627,-0.82895,-0.03830525547451194,0.1449748587049859,-0.87085,-0.023682165282536492
133,0.01685167963883737,0.76784,-0.004121349093439419,-0.14909741991981093,0.55493,-0.03597909861649618,-0.21145056684313668,0.80481,-0.17997218752272862,0.18485435503333525,0.54316,0.01326819558981725,0.32269166172691205,0.78685,-0.07831496122660209,-0.21081710464185155,1.0761,-0.29424829887431225,0.38061681054357227,0.9934,-0.1851697287129794,-0.07418710271396413,-0.009417,-0.02784345991265702,0.09774193643219742,-0.010841,-0.006899103745000416,-0.08132177133921106,-0.4347,-0.15032515426984625,0.14437243269784567,-0.47929,-0.08960123423762656,-0.09468150037542035,-0.82886,-0.03872153715517084,0.14467862383300067,-0.87085,-0.024017703507810323
134,0.018299140116388363,0.76442,-0.008679244898076451,-0.14746359097348657,0.55195,-0.039198294008850075,-0.20887047290395042,0.80001,-0.18441160361777698,0.1854463715395987,0.54,0.009853115436100266,0.3230084102735598,0.782,-0.0833362429711566,-0.20731334044764144,1.0684,-0.3007587855282706,0.38026876267008397,0.99005,-0.19275541013772693,-0.07452929781470942,-0.012106,-0.026680209074262343,0.09792050213375353,-0.013507,-0.005850160328877422,-0.07930265718343697,-0.43598,-0.1522741483760335,0.1436955530324338,-0.48028,-0.09157881708508253,-0.09394630385060122,-0.82789,-0.03894628605927025,0.14429229138301625,-0.86991,-0.024072623796311275
135,0.01975395330295305,0.7612,-0.013267322446701528,-0.14592876374699637,0.54873,-0.04243189979571162,-0.2064456649527266,0.79663,-0.18912210320908168,0.18600165032700355,0.53692,0.006358446715283059,0.3233147158871606,0.77728,-0.08847106301387248,-0.20362032378216127,1.0617,-0.30851533939635445,0.37987606495637116,0.98679,-0.20066374678367502,-0.07491671535263199,-0.014531,-0.025375664459728213,0.09804961595207795,-0.01583,-0.0046647306085153585,-0.07738949245842672,-0.43732,-0.15379503651622542,0.1428547530549502,-0.48138,-0.09343298951446,-0.09317669613573966,-0.82707,-0.03915887478245558,0.14381077747310625,-0.86924,-0.02416362024988614
136,0.02117823744917436,0.75813,-0.017860783088834282,-0.14433425319980858,0.54568,-0.045543284875528466,-0.20398267844480306,0.79293,-0.19422188726939113,0.18653318918266495,0.53422,0.0029408261329301605,0.32368531941127215,0.77307,-0.0936250083985187,-0.19996327454802226,1.0548,-0.3166437888732894,0.37946590625534377,0.98349,-0.20916410970769017,-0.07540660935776505,-0.01693,-0.02366271003425896,0.09799259210854407,-0.018072,-0.003160784372352437,-0.0757322575372647,-0.43895,-0.15449793936590034,0.14140218255956527,-0.48408,-0.09561842744676033,-0.09248598479950636,-0.82635,-0.03935592769412858,0.14359977624632272,-0.86806,-0.024349077744465986
137,0.0226638169978734,0.75476,-0.022819143544114552,-0.1427906954796611,0.5427,-0.04848087752335646,-0.201443310781093,0.78884,-0.19992761350436808,0.18706115533757922,0.53175,-0.00034135724696576775,0.3241780474728805,0.76871,-0.09952914415723088,-0.1962218046895043,1.0477,-0.32588447625561123,0.37928560608912754,0.97972,-0.21850736352261257,-0.07598876103425192,-0.019034,-0.021789338894958602,0.09797144735993522,-0.020129,-0.0015032748249873933,-0.07409886709351733,-0.44046,-0.1550425783823826,0.13993341291506045,-0.48775,-0.09765440773433216,-0.09182311425301276,-0.82582,-0.03938932887062388,0.1432564845020127,-0.86756,-0.02482085711905604
138,0.024062473883952322,0.75132,-0.027992869852591258,-0.14143075422664558,0.5397,-0.05129853271665932,-0.1989114839000065,0.78427,-0.20570574924560917,0.18757684234047606,0.52921,-0.003611489800096193,0.3247344545470956,0.76446,-0.10573683383760016,-0.19267092126761198,1.0397,-0.3351384606366295,0.3793624735225673,0.97543,-0.22809974546859849,-0.07657916429532813,-0.02111,-0.019684890038533107,0.0978688351693749,-0.022204,0.00042622011886408323,-0.07266941235792769,-0.44109,-0.15536932011357152,0.13839863292065516,-0.49068,-0.09948878783910145,-0.09112455749368137,-0.8253,-0.03940628333883772,0.1428548487538295,-0.86707,-0.025364865139016514
139,0.025347040272233806,0.74731,-0.03337761359710663,-0.14020950443134325,0.53643,-0.05419344513976887,-0.19638608021767082,0.77874,-0.21185057115037134,0.18811708764740775,0.52647,-0.006905724006757617,0.3253539457784008,0.75994,-0.11235987925601124,-0.18932808526966,1.0307,-0.34499776829441137,0.3796895866709433,0.97093,-0.2377292364721853,-0.07719489855219543,-0.023407,-0.017281295163159953,0.09770161383552899,-0.024512,0.0026357501651650614,-0.07101721020926353,-0.44294,-0.15560601413535813,0.13680538335897305,-0.49359,-0.101049158254804,-0.09042658597291205,-0.82486,-0.03946598891809941,0.1420415020955126,-0.8656,-0.025589514228497718
140,0.02664192278932704,0.74307,-0.039143354162456956,-0.138813989344293,0.53276,-0.057385612685781316,-0.19396320108731957,0.7726,-0.21793223677088258,0.18868459571823315,0.52327,-0.01035457303064196,0.32601040181298496,0.75501,-0.11976843953953853,-0.18639943934110298,1.0238,-0.35486918323985595,0.3798844386956486,0.96451,-0.24868179474358781,-0.07768679218710603,-0.02598,-0.014952329372957268,0.0974861465387403,-0.027223,0.00490582215609719,-0.069533699780991,-0.44482,-0.15545612814799875,0.13515482989866082,-0.49684,-0.10228454211201249,-0.08986399697752541,-0.82382,-0.039552612369138165,0.1413560308392966,-0.86421,-0.025617977483787125
141,0.02780288347320411,0.73819,-0.04484639749829894,-0.13737923155291296,0.5289,-0.06039722273359201,-0.1919418098831837,0.767,-0.22432839793206688,0.18926438294107606,0.51994,-0.013815472881291806,0.32669404670047886,0.74988,-0.1274463708799325,-0.18335097616995583,1.0165,-0.3654201155348789,0.38035039825899725,0.95742,-0.2596170122396107,-0.07820017972822814,-0.028886,-0.01222504460003373,0.09728489256631036,-0.030237,0.007325637198322767,-0.06806107451083722,-0.44642,-0.15526754444322954,0.13349618888498213,-0.50024,-0.1033588837651857,-0.08925854030422625,-0.82288,-0.039634723371796285,0.14080575403485346,-0.86293,-0.025722114117551684
142,0.02904601037980494,0.73263,-0.05121122683568773,-0.13595243575149568,0.52422,-0.06359402891180457,-0.19001780591286332,0.76065,-0.23120882733161682,0.18973621443365285,0.51609,-0.01752794093403149,0.3274604478577361,0.74416,-0.13570881175815694,-0.18039121782374073,1.0072,-0.3765045564559182,0.38080415436513526,0.95005,-0.2708285467196069,-0.07887981891871557,-0.032366,-0.009476303147886292,0.0969794346414323,-0.0337,0.009812374107633682,-0.0664967011130849,-0.44818,-0.1555704963740781,0.13175355380573248,-0.50387,-0.10441757303998189,-0.08863022155702677,-0.82185,-0.03985800917949048,0.14001522741497188,-0.86172,-0.02555789273265123
143,0.030159671440673035,0.72661,-0.057129757400068225,-0.13433468217471042,0.51856,-0.0666068809434846,-0.18818821489877388,0.75352,-0.23801451588760905,0.19020075270276762,0.51205,-0.021199047061144664,0.3283305632780116,0.73768,-0.143810805287863,-0.17759932739673268,0.99743,-0.38669455880349307,0.3814028256533495,0.94152,-0.28136465571148184,-0.07942698735119855,-0.036044,-0.006810823321195775,0.09674412158379267,-0.037389,0.012252584706107569,-0.0653016630412224,-0.45029,-0.15533947038679718,0.1299338705880185,-0.50778,-0.10550000224652156,-0.08834409496334251,-0.82157,-0.0401446789762718,0.1392293394272904,-0.86088,-0.025362390633383754
144,0.031375906301706696,0.71942,-0.06358970149911478,-0.13272300628414352,0.51318,-0.06958526470380921,-0.18660249448564398,0.74577,-0.24476166274916342,0.1906606523396823,0.50738,-0.024901433902624864,0.328969510240507,0.72926,-0.15215664537614157,-0.17494583278350223,0.98736,-0.39650279342229966,0.38205073732921446,0.93227,-0.2918920822944734,-0.07999200307816204,-0.040328,-0.0037677054745976664,0.09649871831835453,-0.041815,0.015032199470299235,-0.0643011025522236,-0.45224,-0.15477718246423927,0.12802731519669708,-0.51183,-0.10643528110323933,-0.08814978622017905,-0.82155,-0.0404404307511274,0.1386180399853252,-0.86079,-0.02563874003586728
145,0.03243808335363092,0.71203,-0.06982092264030096,-0.13099898180644903,0.50658,-0.07279769502995019,-0.18524385066883672,0.73764,-0.2514879237446238,0.1910754052342265,0.50183,-0.02875089477870442,0.3295280082281459,0.72091,-0.15998864895107712,-0.17264451358167565,0.97702,-0.4060989608828698,0.38280640704478075,0.92309,-0.30233958263096417,-0.08050879688456972,-0.044954,-0.0009577563359727918,0.09626114124210493,-0.046827,0.017853811267276396,-0.06310272848098915,-0.45601,-0.15388554095253573,0.12666131052804658,-0.51442,-0.10680815004164126,-0.08791903959015414,-0.82155,-0.04072975754340932,0.13809455486883962,-0.86074,-0.025952407587294092
146,0.033506845231290085,0.70446,-0.07577275580739011,-0.12914053138067627,0.49949,-0.076196615743198,-0.18390716221722236,0.72955,-0.2578017311524658,0.19152305154533356,0.49588,-0.03267172808045958,0.32998812161003144,0.71295,-0.16714751029041103,-0.17058002288415394,0.96674,-0.4149854719057542,0.3833976337199194,0.91372,-0.31225759407573495,-0.08103931851396788,-0.050162,0.0018609419098032116,0.09596935227508145,-0.052169,0.020741005614514453,-0.06185922992594827,-0.46356,-0.1534225762199575,0.12530051530472605,-0.51688,-0.10721056321263361,-0.08772209308539967,-0.82215,-0.04121899069259793,0.13742025053223705,-0.86173,-0.026908017163239702
147,0.03445873164800882,0.69632,-0.08155125078875561,-0.1272355192009018,0.49218,-0.079686838170911,-0.182612173370635,0.72126,-0.264051811462927,0.19188149434553972,0.48962,-0.03654736477124734,0.33054892689257687,0.70413,-0.17505018688983412,-0.16883181229385588,0.95683,-0.42380590045157723,0.383910670630334,0.90491,-0.3220776955583345,-0.08146164468707026,-0.055511,0.004572805033840388,0.09575066259855543,-0.057568,0.023582194595448483,-0.060770917001260215,-0.47135,-0.1529260493043155,0.12400865662411642,-0.51972,-0.10760082101118926,-0.08752242288687682,-0.82276,-0.041700635594804775,0.13704863187640326,-0.86291,-0.027795023687813385
148,0.03533069181822679,0.68834,-0.08722198773041968,-0.12522150761797224,0.48464,-0.08333452529343477,-0.1812777922139272,0.71296,-0.27029494584628144,0.192189754606223,0.48323,-0.04054151607179712,0.3311155605183561,0.69524,-0.18269797914212083,-0.16724343015417242,0.94716,-0.43223818615465526,0.3841937287940025,0.8943,-0.3319180399667371,-0.0819985396466223,-0.061381,0.006966946592396949,0.09539819588612652,-0.063401,0.026277943882127335,-0.059986909672252925,-0.47749,-0.15248317967557265,0.12289059037549561,-0.52241,-0.10794012598270461,-0.08731302358192722,-0.82335,-0.042202904378511895,0.1365480424931598,-0.86412,-0.028008188575597354
149,0.03613958225678698,0.67943,-0.09237379287603668,-0.12330429198098708,0.47641,-0.08654843073717446,-0.180186614675501,0.70381,-0.2758498564287872,0.192349002471904,0.47557,-0.044266453133987034,0.33159660785110967,0.68549,-0.1892845103584479,-0.16580381463415259,0.93647,-0.43988436213710025,0.3845488660746751,0.88434,-0.339978832577385,-0.08240248555951767,-0.06815,0.009384530654938545,0.09530231455944597,-0.070288,0.029119463329745805,-0.059241981016352585,-0.4841,-0.15229090305812137,0.12171807429389421,-0.52556,-0.10825856913051292,-0.08705910845370451,-0.82453,-0.042928841089017455,0.1366096653376675,-0.86545,-0.028933546141641307
150,0.036885963539448674,0.67024,-0.09755692860461763,-0.12139126794265293,0.46781,-0.08991132755818393,-0.17903982163544746,0.69414,-0.28137465196557265,0.19243621217006313,0.46818,-0.04781319226571734,0.3321008243024769,0.67556,-0.19588726476628185,-0.16431557762438603,0.92603,-0.4478062842903886,0.3849792428848744,0.87424,-0.3485239174687856,-0.08253436557264242,-0.074984,0.01162973970136122,0.09529023922472657,-0.077219,0.031842739148735026,-0.05858094188035204,-0.48982,-0.1521641897570214,0.12041704289455553,-0.52853,-0.10879260405253095,-0.08680936328598451,-0.82574,-0.043648405089784945,0.13665082173959747,-0.86685,-0.029570069629487734
151,0.03755026871962561,0.66146,-0.10226307008438533,-0.11951227894714146,0.45922,-0.09308120205960302,-0.17805694890746565,0.68397,-0.2867760370842797,0.19245731356495097,0.45988,-0.05144571421763089,0.3324678586934871,0.66569,-0.20171202104923613,-0.16283483331246906,0.9159,-0.455455362423257,0.3852776230376599,0.86313,-0.356493175231239,-0.0826451578410469,-0.082024,0.013887805925647343,0.09528748381028818,-0.084638,0.03451891784375733,-0.05792782929114957,-0.49473,-0.15238411916802694,0.11919873534646985,-0.53114,-0.10931205252762494,-0.08666060566285985,-0.82701,-0.04408317878903814,0.13628001788840927,-0.86785,-0.029597881568363047
152,0.03822665295701663,0.65202,-0.10717016702284182,-0.1179010242639138,0.45074,-0.09617237244406532,-0.17715457323911452,0.67425,-0.2920088392163278,0.19244085708486583,0.45179,-0.05480764717119542,0.332978522385992,0.65556,-0.20777546253020693,-0.1615464119189544,0.90527,-0.4631078894772918,0.38553197224812463,0.8528,-0.3645006596351661,-0.08277947373713637,-0.089374,0.016112276927943772,0.09525292192847236,-0.092291,0.037168164241570364,-0.05725952640296718,-0.49909,-0.1529263066352807,0.11802451101354038,-0.53378,-0.1098338822086094,-0.08657684054295661,-0.82849,-0.04449488791534893,0.1355514542740991,-0.86833,-0.028748491163482437
153,0.03877347641995855,0.64275,-0.11148069878822485,-0.11633057511861489,0.44173,-0.09943523705695229,-0.17626147483516355,0.66365,-0.2973042027771101,0.19229114210917211,0.44344,-0.05833523691860839,0.33348749768149416,0.64703,-0.2134838024069634,-0.16033156570035073,0.89401,-0.47080385261813024,0.3858528545368458,0.84254,-0.37311582269553734,-0.08293705189673292,-0.096884,0.018100113471429723,0.09525735216717031,-0.099723,0.03944654730264352,-0.05656113669951311,-0.50479,-0.15331087499345566,0.11714103810147886,-0.53624,-0.11029429030329663,-0.08645084525653852,-0.82993,-0.04490422785696277,0.13481386095455017,-0.86876,-0.0278478907554452
154,0.039331446405197146,0.63327,-0.1160329675078385,-0.11503884998938968,0.43346,-0.10249948414074433,-0.17529943988850177,0.65304,-0.3025874109654556,0.1920466170122952,0.43489,-0.061728245683259214,0.33399756651848217,0.6374,-0.21965904570431888,-0.1591463117991114,0.88228,-0.47885027873098285,0.38613436855783356,0.83134,-0.38156530491967316,-0.08313436966280527,-0.10435,0.02008297370331502,0.09543676633271381,-0.10702,0.0415963627731438,-0.05618617793367021,-0.50816,-0.15381339854904041,0.11647562169745616,-0.53829,-0.11065532355558444,-0.08628244615542792,-0.83119,-0.04531218342163267,0.13432473235103276,-0.86887,-0.028126052954927976
155,0.039949746839485836,0.62413,-0.12039182155138692,-0.11416997329605584,0.42583,-0.1053539713612064,-0.17442139900741102,0.64251,-0.30785496677542423,0.19170492463073158,0.42645,-0.06485812991696202,0.3344085597246521,0.62691,-0.22596345563582576,-0.1578990672822679,0.86991,-0.4868451571612783,0.38629901557142843,0.81895,-0.38894888747564926,-0.08332106123069816,-0.11142,0.022247438130945492,0.09560935835073141,-0.1142,0.043842456269709916,-0.05608725074523565,-0.50997,-0.1543341311208932,0.11593058497303028,-0.53995,-0.11098497635631138,-0.08610964155584655,-0.83274,-0.04569905364582099,0.13392346972541483,-0.8692,-0.02890252787743493
156,0.04058800479301272,0.61528,-0.12495024186820276,-0.11312864527138049,0.41865,-0.1078043737659199,-0.17347392289764044,0.6315,-0.3136890724499397,0.19175231724378514,0.41856,-0.06771835349917163,0.3347211923674557,0.61701,-0.23142209656838886,-0.15676888211191306,0.85657,-0.49515515003015076,0.3863790736639355,0.80539,-0.39642861946963304,-0.08359795313843855,-0.11829,0.02437061213969463,0.09574387333306597,-0.12116,0.04595896913750154,-0.055960539848374374,-0.50997,-0.15501243293322797,0.11530803384268141,-0.53995,-0.11135875983655275,-0.08602466570717703,-0.83351,-0.04615218177907128,0.13388306313626114,-0.86926,-0.029537186295446518
157,0.04130116040860414,0.60651,-0.1295360727708801,-0.11230439437588412,0.40974,-0.11080888944424036,-0.17275050102183415,0.61896,-0.31859802964975364,0.19205826664191605,0.40948,-0.07083558367446881,0.3350100369937419,0.60681,-0.23714894288917185,-0.15610724067438592,0.84035,-0.5027658813096104,0.3867951320611135,0.79308,-0.4037983342137827,-0.0840455826972992,-0.12526,0.026747999945256486,0.0955858223137104,-0.12854,0.048295013630930694,-0.05587301635835284,-0.50997,-0.15547425068807771,0.11473293434537091,-0.53995,-0.11167340498301645,-0.08594796788972255,-0.83419,-0.04656412163487274,0.13412338864650633,-0.86926,-0.030093912124850353
158,0.042182360616234725,0.59825,-0.134579677651724,-0.11153481504632003,0.40126,-0.11413681201778497,-0.17203925856085153,0.60735,-0.32361067707019875,0.19249871411528618,0.40225,-0.07362142394684658,0.3353770473423651,0.59715,-0.24314632593546825,-0.15537782836279468,0.82608,-0.5104154340860608,0.38744338033039616,0.78108,-0.41190898610998516,-0.08503854858030956,-0.1319,0.033715424057163074,0.09496975060971585,-0.13473,0.05576248151874495,-0.056040577930686855,-0.50907,-0.1565395314583336,0.11432716950874289,-0.53995,-0.11191757479555733,-0.08591526254676947,-0.83432,-0.046738085310800564,0.13447449812645718,-0.86926,-0.030472697199910907
159,0.04302963932325279,0.5904,-0.13986281192908562,-0.11087706157552761,0.39163,-0.11763676649915476,-0.17136046248288275,0.59565,-0.32866966272787107,0.19310997974306077,0.39369,-0.07691532047410747,0.3351133060854787,0.58648,-0.24850351181514577,-0.1547827921306848,0.80999,-0.5179363669991027,0.38801981394893165,0.7688,-0.4199002954071793,-0.08613713761546091,-0.13932,0.04137400715926789,0.09418993045800432,-0.14185,0.06375549906726721,-0.05541275872214534,-0.50361,-0.1615973514473591,0.11469216944722668,-0.53424,-0.11654448640535786,-0.08594378412420342,-0.83432,-0.046887305013322306,0.13418942303879375,-0.86845,-0.030122885544310824
160,0.04391159539296864,0.58247,-0.14530229990968557,-0.11021318233374286,0.38296,-0.12082593572519582,-0.17071180549302123,0.58398,-0.3338456596472581,0.1936453869434048,0.38591,-0.08000935330034248,0.334844950238779,0.57594,-0.2537193516458482,-0.15440438956185062,0.79439,-0.5253228757478893,0.38878388376889533,0.75584,-0.4282646900242583,-0.08732956096058148,-0.14616,0.049518680913692395,0.0931742479962471,-0.14858,0.07274063201769587,-0.05483031698546498,-0.49833,-0.16679517816853526,0.1150812511849161,-0.52878,-0.12170532784851384,-0.08603093270783681,-0.83432,-0.047061078211401576,0.1339160785485819,-0.86793,-0.029148548954794226
161,0.04477338904016555,0.57475,-0.15076565160160976,-0.1096983653555573,0.37508,-0.12368802018917864,-0.17036327754603747,0.57211,-0.3394502852609963,0.19412460782899155,0.37805,-0.08307267622534034,0.3343975684723736,0.56486,-0.25912922683434264,-0.1541205201611824,0.77841,-0.5334977774698284,0.3896783339764311,0.74231,-0.43633192987604397,-0.08788260372755168,-0.15387,0.05783803573831084,0.0923059153586994,-0.15568,0.0815811550469385,-0.054114479788994654,-0.49322,-0.17250765977534585,0.11547297789691263,-0.52273,-0.12700786263700026,-0.08600434289850546,-0.8342,-0.047056389710604565,0.13391798511089043,-0.86683,-0.028353133739312295
162,0.04563575350049234,0.56702,-0.15628982824049142,-0.10938651370320863,0.36777,-0.12643560977769572,-0.16991636499330037,0.56076,-0.3457280531103363,0.19408887461736246,0.37079,-0.08592217146793799,0.33391835922085816,0.55327,-0.2643010116803375,-0.15385932119315887,0.7623,-0.5422351612372442,0.39067823492876175,0.7284,-0.44424857045684146,-0.08829809728348428,-0.16102,0.065935910959934,0.09162866605992338,-0.16264,0.0902593938882765,-0.053435289570728114,-0.48807,-0.17806413497527354,0.11590316438411224,-0.51708,-0.13234423299392178,-0.08605242483022539,-0.83388,-0.04706588327906326,0.13391798511089043,-0.86568,-0.028353133739312295
163,0.046448178171980464,0.55847,-0.1618532734099127,-0.10898845685993037,0.35871,-0.12996003182244567,-0.16960497014630452,0.54809,-0.35175555120235297,0.19398182544095505,0.36235,-0.08923102934851107,0.3332155463365734,0.54061,-0.26947160681529864,-0.15358718060611937,0.74549,-0.5514377119434826,0.39150089452793724,0.71358,-0.4520238409462768,-0.08849796781010412,-0.16837,0.07412968565616458,0.09086213933926247,-0.16973,0.09886807310093813,-0.05272919590611671,-0.48348,-0.1838595687585891,0.11639609734900128,-0.51134,-0.13802493876804225,-0.08610658925664107,-0.83354,-0.04707543392883494,0.13433177801533322,-0.86458,-0.028281186312445198
164,0.04734016736818183,0.54941,-0.1676260830615347,-0.10857648412005182,0.34656,-0.1333906117240945,-0.16937635561145892,0.53428,-0.3573711665198811,0.19389677971451438,0.35426,-0.0926070872900183,0.33263440738859046,0.52831,-0.27446843356065787,-0.15321836785271625,0.72794,-0.5611309300444502,0.3923292382160246,0.6988,-0.4605799876686283,-0.08852875363944171,-0.17684,0.08226290157809313,0.09023509840621918,-0.17724,0.10743432926499771,-0.05201384901949206,-0.47928,-0.18976506787651273,0.11698772018053394,-0.50613,-0.1438507111138527,-0.08620703964744832,-0.83296,-0.047093146042956974,0.1343250057364042,-0.86372,-0.02824277881007772
165,0.04821520574123961,0.54009,-0.17323941334272042,-0.1080069421396913,0.33402,-0.13679340791731662,-0.16932716951274007,0.52044,-0.36191160490484936,0.1939379984718017,0.34136,-0.09612334965424083,0.3319844040250576,0.51502,-0.27895953538842744,-0.15285704779716275,0.70985,-0.570551304124998,0.39282745802744895,0.68196,-0.46864601376699316,-0.08877441982060741,-0.18575,0.09064153232108636,0.08964992894255769,-0.18585,0.11633899757430591,-0.05133716681135124,-0.47497,-0.19586016141059287,0.11764237489632096,-0.5009,-0.1500512313503407,-0.08632706481797373,-0.83231,-0.04707470808102119,0.1343250057364042,-0.86297,-0.02824277881007772
166,0.04909591982708612,0.53036,-0.17886189710872555,-0.10754270664980367,0.32386,-0.13931104280147452,-0.16924960485007767,0.50664,-0.36649781071391485,0.19389010988773595,0.32959,-0.09890390835412761,0.33127478946798805,0.50177,-0.2830549776332156,-0.15219162704920924,0.69276,-0.5801414509032382,0.3932740820715422,0.6662,-0.4769953027764381,-0.08898181189594122,-0.19388,0.09890099892172645,0.0891999797568789,-0.19324,0.12493749521809853,-0.05093825685045705,-0.4715,-0.20157775450936263,0.11833043676048782,-0.4954,-0.15637786646476604,-0.08642380670725956,-0.83178,-0.047084658299983796,0.13475279023225414,-0.86291,-0.02836535705084833
167,0.04998718139165081,0.5208,-0.18445205827129768,-0.10709873812810623,0.31317,-0.1417713257022284,-0.16909903582563418,0.49282,-0.3709797554892192,0.19384041269473257,0.31739,-0.10219249926651056,0.33035089662732336,0.48764,-0.28674141521155166,-0.1515945239460627,0.6752,-0.5894593244741885,0.3935926089805828,0.65087,-0.4858850463390059,-0.08841546073051719,-0.20179,0.10295087143298191,0.0893974461976081,-0.20124,0.12859738688381564,-0.05024960431883492,-0.46823,-0.20740672643335492,0.11903899872657418,-0.4901,-0.16275165818870993,-0.08655402725167044,-0.83128,-0.04706598720431866,0.1353335552049828,-0.86291,-0.02854930282125763
168,0.05077827378391158,0.51071,-0.1897044826474222,-0.1066611206779986,0.30355,-0.14408041447647707,-0.16898964367786184,0.47909,-0.3758040516407843,0.19360074796300736,0.30619,-0.10520995859786317,0.32981336206285305,0.4741,-0.2906034297884273,-0.15084796319818763,0.65859,-0.5987609988960187,0.3936835606073318,0.63445,-0.4941751987984963,-0.08774606228475279,-0.20866,0.1065315091863449,0.08968116591404088,-0.20812,0.13182569961998408,-0.05034601822309946,-0.46823,-0.20922103190902996,0.11920545217714132,-0.4901,-0.16465161851692584,-0.08668767569951516,-0.83128,-0.04712001582996006,0.13595103385418306,-0.86288,-0.02882628678790879
169,0.0514457947515255,0.5005,-0.1946131424194777,-0.1061296851271768,0.29343,-0.14657604591066817,-0.16883498279196113,0.46463,-0.38002126399142216,0.19359279845980507,0.29468,-0.10821702308094279,0.3292497081445717,0.46018,-0.29483560349237736,-0.15012395267102233,0.64204,-0.6077620215466154,0.39335927670797394,0.61889,-0.5016653015983661,-0.0873694810449103,-0.21565,0.10935987100368699,0.09019819308645119,-0.21492,0.13401879854684293,-0.05047034442384888,-0.46823,-0.21096917921283684,0.11951423648443651,-0.4901,-0.16654679060715094,-0.08685260245748821,-0.83128,-0.047152143147067144,0.13652078508073484,-0.86289,-0.02906294590952204
170,0.05222125461973464,0.49042,-0.1993910727237828,-0.10545457219008644,0.28338,-0.1489651090161916,-0.16855279558413783,0.45064,-0.3836371968419796,0.1935390815325054,0.28325,-0.111252466127966,0.32847241888298606,0.4468,-0.29820171718680655,-0.14961700236594067,0.62574,-0.6155320345059468,0.3926272740227459,0.60036,-0.5084555719956932,-0.08752917780538776,-0.22134,0.11194135854862944,0.09051188359428228,-0.22122,0.13615573520133148,-0.05066128001807722,-0.46823,-0.2122416667761775,0.1198903776711727,-0.4901,-0.16854178278950172,-0.08702558132566303,-0.83128,-0.04718467484184255,0.13696236169360435,-0.86275,-0.02914856772313689
171,0.05269320865106064,0.48071,-0.2038874285140106,-0.10484038036950141,0.27198,-0.15204524998821325,-0.16842396554340425,0.43682,-0.3861530471595869,0.19272584888196564,0.27138,-0.11481784866790418,0.32764862308746434,0.43325,-0.3027437718416165,-0.14923269932671168,0.60762,-0.6221457786175706,0.3916098453858531,0.58171,-0.5140878130211494,-0.08797190434321586,-0.22742,0.11458463723478851,0.09102253565271581,-0.22759,0.1383274014913534,-0.05088206929384786,-0.46942,-0.21366157807471156,0.12036298193293007,-0.49185,-0.1708650109771253,-0.08714259980009381,-0.83153,-0.04720632378273793,0.13736377749265882,-0.86269,-0.029351952472490093
172,0.053135485673676486,0.47166,-0.20809454344413386,-0.1043401534058857,0.26285,-0.154018362500178,-0.16833507458353414,0.42487,-0.3884423916940014,0.1915894863666434,0.26174,-0.11758724936729217,0.32702176480015804,0.42142,-0.3074237236242351,-0.14928846528681877,0.59148,-0.6274155215105108,0.3906538605938216,0.5644,-0.5194350546537488,-0.08839674752298295,-0.2333,0.11710921804605308,0.09145728119894483,-0.23366,0.14035367795571704,-0.05115990110407063,-0.47059,-0.21495954205157236,0.12078722606911867,-0.49334,-0.17311553223072623,-0.0871877916025838,-0.83195,-0.04726100194097051,0.1377441079512317,-0.86266,-0.029550931723372535
173,0.05356070732747757,0.46272,-0.21206096330909252,-0.10375129374449894,0.25697,-0.1559758466761527,-0.16817960246063368,0.41169,-0.39099416135817583,0.19041779936027098,0.25186,-0.12027149033246237,0.3262454969528973,0.4098,-0.3117746210292895,-0.14964181257102732,0.57548,-0.6314582984888689,0.38983636778511566,0.54856,-0.5244735569617481,-0.08878056226846247,-0.23797,0.1193262510275742,0.09168980766446742,-0.23925,0.1420295154904535,-0.05148456564942788,-0.47115,-0.21603221578248405,0.12126364097382993,-0.49457,-0.17552947689425294,-0.08719683573325467,-0.83251,-0.047313367995819124,0.13816864300030285,-0.86266,-0.02971266914053428
174,0.053875525967270105,0.45399,-0.21596561607522155,-0.10281328103406667,0.24838,-0.15904966061897152,-0.16796449510180955,0.39952,-0.39376896384198967,0.18975871107143377,0.24375,-0.12344413948222943,0.32539156206926834,0.39911,-0.31643368694581414,-0.15003562166445503,0.56056,-0.6348684912103927,0.38926916877612006,0.53524,-0.5292039148006641,-0.08913734497953893,-0.24319,0.12139573649432121,0.09190142422150901,-0.24493,0.14330564966552517,-0.05180075268918253,-0.47193,-0.21737755988563803,0.12176507021266422,-0.49565,-0.17843656989559328,-0.08719267120164514,-0.83301,-0.04777465278494236,0.13851084655459583,-0.86254,-0.029983358496492845
175,0.05404985058972082,0.44544,-0.2195802594775515,-0.10202529678149279,0.24008,-0.1620788487639529,-0.1677743173857627,0.38931,-0.39669032182010866,0.18912800134654018,0.23642,-0.12666255605609375,0.32451909669922585,0.38881,-0.32104524895646486,-0.15050816729334976,0.54792,-0.6379473222594456,0.3886552049710893,0.52133,-0.5328052407295563,-0.0893707130844753,-0.24838,0.12324328089909159,0.09205102612055945,-0.25081,0.14435760939469758,-0.05203874996421308,-0.47276,-0.21882081395096334,0.12224216466423818,-0.49672,-0.181378416574854,-0.08718734340562755,-0.83348,-0.048202223380972534,0.13883318030565087,-0.86245,-0.030256536008251747
176,0.05404838074616643,0.43724,-0.2226471070185225,-0.10113707122945403,0.23308,-0.16492789340535557,-0.16745551980630735,0.37946,-0.3994773037187462,0.1885749827004017,0.22928,-0.12940017735514578,0.3239552744842356,0.37995,-0.32648581000380944,-0.15107686236025217,0.53579,-0.6409415643874107,0.38814450482788176,0.50745,-0.5353221605462625,-0.08961568560304384,-0.25336,0.12454044876222503,0.09223069498055617,-0.25603,0.14500870009555844,-0.052268374279312226,-0.47382,-0.22045552269380264,0.12280480880226603,-0.49747,-0.18439656693127146,-0.08710479863144537,-0.83414,-0.04864156420568065,0.13903259875695054,-0.86248,-0.030466090968300975
177,0.05402005972910275,0.42947,-0.22551560382346975,-0.10033747837518638,0.22653,-0.16779256638274834,-0.16720032911229793,0.37015,-0.4014428514057004,0.18814708691173146,0.22203,-0.13215635318299823,0.32309796280660125,0.3712,-0.3304346727119055,-0.15193336280088682,0.52456,-0.6432249844090433,0.3878191576335829,0.49523,-0.5379688658950239,-0.0897686768602845,-0.25821,0.12535627636362615,0.092514600831927,-0.26123,0.14541415967129614,-0.0524564035350555,-0.47447,-0.22207274283929446,0.12337064049728227,-0.49844,-0.18740400096927048,-0.0870594740528356,-0.83414,-0.04888133635288264,0.13932474355130148,-0.86216,-0.030798409218076195
178,0.05402164466641697,0.42159,-0.22827728474058778,-0.0997713612736052,0.22008,-0.17083041289422604,-0.1669295100822985,0.36221,-0.4034970317904257,0.187777708775112,0.21494,-0.13484128517323327,0.3222042330964308,0.36307,-0.3338314722651848,-0.15279450187372154,0.5139,-0.645539685145043,0.38788942193749165,0.48377,-0.5409012135769328,-0.08997624653856395,-0.263,0.12610155472012055,0.0929178252399191,-0.26637,0.14571880713443908,-0.05260029730280699,-0.47497,-0.22373295203804092,0.1238918422063994,-0.49945,-0.1901756020910796,-0.08700720354711915,-0.83414,-0.0491605008102051,0.13951163529142213,-0.86178,-0.03110968478325064
179,0.05391352180284908,0.41397,-0.23056075106317145,-0.09917629479495052,0.21254,-0.17397485177675845,-0.16664192109004922,0.35422,-0.40576149476683687,0.18749812900491042,0.20705,-0.13745961195805104,0.32146345803692916,0.35499,-0.3370591420610624,-0.15351201164506162,0.50361,-0.6480930710790591,0.3883066281650872,0.47576,-0.5441887109478298,-0.09032573307894835,-0.26751,0.1269030434337592,0.09324573799122357,-0.27118,0.1459898665883084,-0.052760052540277866,-0.47554,-0.2253147239129017,0.12426557992868105,-0.50046,-0.19279042830231113,-0.08697262592161513,-0.83406,-0.04920111346604665,0.1395653664893051,-0.8612,-0.03129923413928769
180,0.053973105851919834,0.40631,-0.23323097104307877,-0.09863620087763238,0.20592,-0.17669235036194222,-0.16628803944341353,0.34629,-0.410359904033113,0.18729390897617046,0.19991,-0.139699097206911,0.320930231715399,0.3468,-0.33910278334319277,-0.15420116689484503,0.49657,-0.6508648512005146,0.38879453145955734,0.46817,-0.5473012742604784,-0.09060547912976263,-0.27154,0.12766605794676258,0.09345200084861323,-0.2757,0.14625978441591794,-0.0528970045689843,-0.47606,-0.22662846404772027,0.12459818467100392,-0.50144,-0.19501649098907098,-0.08681519969462355,-0.8341,-0.04936831688423897,0.13974806484695185,-0.86022,-0.031356377031349386
181,0.0540090022420827,0.3992,-0.23586475073188598,-0.09810595503784439,0.19903,-0.17941158542890268,-0.1659735501068983,0.33892,-0.41496525922649585,0.18712154047492743,0.19242,-0.1420040460349285,0.32056442271188085,0.33913,-0.3411169044351197,-0.1547293039829802,0.48868,-0.6538011705319459,0.38918233770888444,0.46071,-0.549558220496653,-0.0909525820600179,-0.27532,0.12852889255189165,0.09354876918452476,-0.27968,0.14645962407455682,-0.05302177718286706,-0.47642,-0.22783851396190768,0.12490365283325255,-0.50257,-0.19701379046632833,-0.08656909570974136,-0.83402,-0.04961228784280804,0.13996474837882447,-0.85914,-0.031548671719303104
182,0.0540342466078562,0.39261,-0.2384496373293979,-0.09758903023913985,0.19182,-0.1821128608225796,-0.1658131089625377,0.33427,-0.4192728407566815,0.18697581405585129,0.18488,-0.14434491420951318,0.3203057528501602,0.33146,-0.34333552786027266,-0.15531536386764935,0.48189,-0.6566969318846096,0.3897067792478256,0.45278,-0.5523597131474076,-0.09133003316972274,-0.27902,0.12943714728476266,0.0935349013726984,-0.28376,0.1467110354581399,-0.05312257673127698,-0.47665,-0.22911541664067386,0.1251124007443636,-0.50371,-0.1988656760755404,-0.08630739883203387,-0.83389,-0.04978344491744459,0.1401144794089244,-0.85803,-0.03164919842533293
183,0.05403901491409719,0.38637,-0.2408147405540491,-0.09738360266113694,0.18788,-0.18368101244477555,-0.1655206711607633,0.32933,-0.42415624941581426,0.18714475147415716,0.18046,-0.14587888296691867,0.3200228684131142,0.32397,-0.3447257711466356,-0.155893360241339,0.47327,-0.659926362204651,0.39011247304327534,0.44543,-0.5551212186325252,-0.09178253457193729,-0.28147,0.13010877477153926,0.09351118548334192,-0.28661,0.14696071035994626,-0.053261892515787175,-0.47673,-0.22993201452959247,0.12518865750015354,-0.50447,-0.19994889069286995,-0.08601085513151252,-0.83378,-0.04972607912902412,0.1402199559799292,-0.85715,-0.03172909644138509
184,0.05408991236622298,0.38065,-0.2430498587722575,-0.09718685749201741,0.18386,-0.18519992367932092,-0.16520275694546868,0.32328,-0.42912655429094154,0.18734556446234693,0.17593,-0.1473056885401396,0.3197185753816183,0.31643,-0.34593701255567966,-0.15656165366741545,0.46417,-0.6626436924931257,0.39055577458229496,0.4385,-0.5582111836396899,-0.09230773088698098,-0.28368,0.13081835551441814,0.0935268619041059,-0.28924,0.14721733118885935,-0.05338682613623833,-0.47673,-0.23063437952763907,0.12518389865601848,-0.50511,-0.2008433052239474,-0.08574635584057534,-0.83341,-0.04974036636436678,0.14034607264168936,-0.85655,-0.03209881334338778
185,0.05415752331970137,0.37482,-0.24506879036073928,-0.09699011232289784,0.17856,-0.1867188349138663,-0.16476554821593983,0.31688,-0.43437029804200566,0.18756488389456316,0.17058,-0.14895262478257654,0.31941946775306534,0.30897,-0.34735042496065616,-0.15703593577808686,0.45532,-0.6657126754646486,0.3909880864175247,0.43115,-0.5611812352347165,-0.09295716979741098,-0.28571,0.13162788012900345,0.09349099064231274,-0.29202,0.1475359426333766,-0.05347407988595866,-0.47673,-0.23114732375770675,0.1251127959706441,-0.50562,-0.20185096062542776,-0.08548196349954806,-0.83315,-0.049690700581315334,0.1405546205354215,-0.85589,-0.03247531935399038
186,0.05435514456284113,0.36901,-0.24612045087833037,-0.09705690986741108,0.17336,-0.1880100506541851,-0.16409200966807502,0.3104,-0.43974499299377173,0.1875751344885143,0.16522,-0.15022010059115184,0.31913251549694915,0.30201,-0.3488327739083435,-0.15742731736467314,0.44593,-0.6683304073939494,0.391390854020164,0.42302,-0.5641564962750731,-0.09349524911652801,-0.28792,0.13258904590364304,0.0933746463632759,-0.29477,0.1481957638278948,-0.05352981978758261,-0.47662,-0.2316547112460891,0.12518332474080968,-0.50583,-0.20288441391057369,-0.08530371988855316,-0.83272,-0.04929067156344351,0.14074900497339177,-0.85505,-0.03305943893958481
187,0.05432927509500595,0.36414,-0.24802386012771266,-0.09715263274661078,0.1684,-0.18902204726010713,-0.1635592223136684,0.30405,-0.44501250071896625,0.1874782459406678,0.15989,-0.15128307406650118,0.3187835726252287,0.29492,-0.350366670538588,-0.15769816664121739,0.43622,-0.6706527210397336,0.39159787382562156,0.41495,-0.5667702565548518,-0.09417273309956267,-0.29005,0.1337591789955311,0.09322067029828221,-0.29735,0.14901141778111826,-0.05357273314603042,-0.47636,-0.2319872145448197,0.12525742683213817,-0.50625,-0.20363291767145986,-0.08512147756099453,-0.83229,-0.04887876777122255,0.14083959945353702,-0.85422,-0.033515638062958805
188,0.054274223116367926,0.35865,-0.24983087237992568,-0.09722635217584366,0.16443,-0.19010124392696337,-0.16324532783267004,0.29828,-0.44972965772873374,0.18729389036369698,0.15525,-0.1523106990084132,0.31829749577792543,0.2887,-0.35077731551726876,-0.15797241675415408,0.42686,-0.6724374582404313,0.3913168701246742,0.40738,-0.5671345873386923,-0.09492371594228574,-0.29261,0.13501789491659336,0.09304238348841518,-0.30026,0.14996494481976344,-0.05358540287069978,-0.47572,-0.23228392227656394,0.125399118936637,-0.50669,-0.20447104615058623,-0.08501222036130739,-0.83188,-0.04843302360208903,0.14092840758330868,-0.85356,-0.03390411858510434
189,0.054120891077647816,0.35363,-0.2510459580912654,-0.09741934207692385,0.16112,-0.19073437495454063,-0.1630828857402759,0.29334,-0.4521481929396866,0.1870863897104996,0.15025,-0.1531494739954763,0.31792545591475246,0.28319,-0.3517771086659801,-0.1581059878007935,0.41761,-0.6748472629577269,0.39103872048937627,0.39961,-0.5678030428573199,-0.09590605229174409,-0.29531,0.13636782243188184,0.09250147833409728,-0.3035,0.15101700071848376,-0.053573866396166986,-0.47543,-0.23263728739900155,0.1255372094895243,-0.50704,-0.20538088954326614,-0.08488386186207689,-0.83159,-0.048095608285786864,0.14091216034941478,-0.8531,-0.03409991446705999
190,0.05426416703347813,0.34792,-0.2521579724798777,-0.09742581336044857,0.15788,-0.19144631464474587,-0.16270894730277513,0.28735,-0.4541537277922782,0.18696059987035363,0.14541,-0.15376060157308677,0.31727721927954106,0.27757,-0.3519015645407704,-0.15812135787468443,0.40867,-0.6770636031303603,0.39059776812587943,0.39181,-0.5686423646151257,-0.09695556047168802,-0.29771,0.13748251188649724,0.09181922713080432,-0.30687,0.15206444202739106,-0.053568057907258465,-0.47516,-0.23294089118925554,0.12566713617382258,-0.50747,-0.20626170964788867,-0.08475151907171481,-0.83153,-0.047849894253140804,0.14088082798262797,-0.85273,-0.033634281260778984
191,0.054359030590904085,0.34253,-0.2531566720871033,-0.09739753096605291,0.15476,-0.19218258912221148,-0.16233905264195758,0.28088,-0.4560787415428521,0.1868574083356913,0.14091,-0.15432712739524676,0.3165095679181605,0.27233,-0.3526157153563343,-0.15802085831312057,0.39951,-0.679188432497186,0.3895595559965984,0.38307,-0.5696073079163689,-0.09776410020109588,-0.30008,0.13849753085477765,0.09111147547160423,-0.3102,0.1530261527889506,-0.05358083217759902,-0.475,-0.23315638322627147,0.1258061069887917,-0.50734,-0.2070901636976626,-0.08464849699716856,-0.83143,-0.04766824499727615,0.14083880512363256,-0.85205,-0.033395957784550026
192,0.054463918898692315,0.33738,-0.2537169706172543,-0.09733739704416039,0.15142,-0.1929843271788346,-0.16192902656118074,0.27471,-0.45684924696988216,0.18679708207470283,0.13629,-0.15490640344536027,0.31594158791870985,0.26734,-0.35463502185120427,-0.15786821621348252,0.39275,-0.6812634506632314,0.3894572175795521,0.37502,-0.5723670047925487,-0.09857416732093804,-0.30258,0.13935996651113153,0.0904564371636081,-0.31366,0.1539768498043333,-0.05358445777159752,-0.475,-0.23340072490316707,0.1259384977865033,-0.50774,-0.20816348036886512,-0.08456699349163661,-0.83162,-0.04768129024874945,0.14074248203744721,-0.85165,-0.03331038405570915
193,0.05454872109918416,0.33249,-0.25416911394275155,-0.09721991113886375,0.14677,-0.1937657982672676,-0.1615629833379505,0.2697,-0.4573127255117018,0.18668056949895706,0.13032,-0.1554549695942367,0.31543272042682696,0.26284,-0.3564712826920722,-0.15765070539020387,0.38725,-0.6834184191181645,0.3894881376581142,0.36698,-0.57496104487488,-0.09927299924946381,-0.30534,0.13989677088487767,0.09009969524716509,-0.31723,0.15467551653822906,-0.05358334018772472,-0.47508,-0.23369500156042397,0.12600791316085772,-0.50797,-0.2092885183708025,-0.08456699349163661,-0.8318,-0.04768129024874945,0.14080742645589467,-0.85165,-0.033678702155335714
194,0.05468504275178458,0.32819,-0.2544700132731468,-0.09713541838732381,0.14325,-0.19436015588262823,-0.16124670323072682,0.26543,-0.4573788079887632,0.18649921224195767,0.12545,-0.15575095869088326,0.3149337250548612,0.25876,-0.35813318028782126,-0.1574337172952812,0.38168,-0.685167309099456,0.3894936053655433,0.36006,-0.5772955619778748,-0.09985912086907447,-0.30834,0.14030113513530662,0.08972844257860486,-0.32055,0.15516853931263902,-0.053516469430067846,-0.47513,-0.23437370053771092,0.1260198720061369,-0.50836,-0.2103526076462017,-0.08455590164641423,-0.83201,-0.04789968203195011,0.14087926693285188,-0.85182,-0.034028542041384405
195,0.05494604503678142,0.3243,-0.2546372311167712,-0.09706943207981038,0.13994,-0.19473438282877287,-0.16101034937000386,0.261,-0.4573371324261231,0.1865038268317708,0.12136,-0.15589230473985832,0.31459175215263446,0.25529,-0.3595338424648442,-0.1571061651797816,0.37719,-0.6874856510957178,0.3896573092961321,0.35438,-0.578972613266032,-0.10039509360850407,-0.3114,0.14058233652681867,0.08942491269933472,-0.32388,0.15527748706337427,-0.05341818518192415,-0.47517,-0.2353514884526326,0.12601542679901537,-0.5084,-0.2114906692614641,-0.08458447790092245,-0.83233,-0.0480255565634419,0.14076364664038143,-0.85209,-0.03440940546568379
196,0.05518141408975133,0.31962,-0.25459572920230883,-0.09701443547608685,0.13661,-0.19498869636277938,-0.1606674031382263,0.25659,-0.45726650748640957,0.18650496845803058,0.11718,-0.1560139546337731,0.3143836085591462,0.2516,-0.36082967279497613,-0.15674495292784738,0.37297,-0.6893614244586411,0.38979392054335915,0.34884,-0.5796897864439543,-0.1008376622418427,-0.31558,0.14061599666325325,0.08914916652849131,-0.32815,0.15522886557362753,-0.05335465042363921,-0.47592,-0.23669080295434222,0.1259007918572893,-0.50895,-0.21311525654140182,-0.08464151624731298,-0.83294,-0.04828947061581698,0.14041812151214875,-0.85267,-0.0346957555761426
197,0.05538962252026003,0.3162,-0.25449809084168606,-0.09699880714009683,0.13348,-0.19507732906055048,-0.16031287234714192,0.25231,-0.4572039941424495,0.18650727575293713,0.11356,-0.15608462765826062,0.31420215513259886,0.24816,-0.361816168944991,-0.15647465662620386,0.36937,-0.691009526369725,0.3897261977540691,0.34317,-0.5793057114202795,-0.1010553047552584,-0.31926,0.14057762041598887,0.08911962229590095,-0.33198,0.15522365612829753,-0.053298061592460935,-0.47698,-0.23799072514593134,0.12578841193763418,-0.50952,-0.2147699089984629,-0.08470195186245004,-0.83359,-0.048822056323870634,0.13997468642174468,-0.85333,-0.03506029545132551
198,0.05562273655115898,0.3137,-0.25442652375010033,-0.09693971867491612,0.13053,-0.19506691016989047,-0.16012280863887213,0.24786,-0.45678461867011144,0.18650727575293713,0.11055,-0.15608462765826062,0.3140097600870355,0.24538,-0.36233749815618366,-0.15645729180843715,0.36585,-0.6911080071450262,0.3899792254074938,0.33881,-0.5801648255026938,-0.10106149900834141,-0.32249,0.14060699100040155,0.08911962229590095,-0.33521,0.15522365612829753,-0.05325982238680237,-0.47802,-0.23919234021039693,0.12568471442686244,-0.51035,-0.2164738018431746,-0.08475008249935972,-0.83427,-0.04959719014573023,0.1395028469411872,-0.85401,-0.03514857061537069
199,0.05565228078374934,0.31293,-0.25442131430477033,-0.09687078213220525,0.12802,-0.1950547547974538,-0.16002309006776316,0.24448,-0.45619839669289125,0.18656636421811787,0.10793,-0.1560742087676006,0.3139923231421079,0.24294,-0.3627568976709087,-0.15645729180843715,0.36302,-0.6911080071450262,0.39002090097013387,0.33574,-0.5804011793634167,-0.10106497197189476,-0.32566,0.1406266871554618,0.08912830470478429,-0.33831,0.1551744157406469,-0.05322477073813222,-0.47915,-0.2404046715932809,0.12559208293510318,-0.51126,-0.21816558918404655,-0.0848019024038812,-0.83484,-0.05024198445207559,0.13883277872036373,-0.85455,-0.03480368718659728
200,0.055768697189947154,0.31244,-0.25456325520926226,-0.09678850050602393,0.12597,-0.19488793233495857,-0.1600473286854756,0.24209,-0.4555426433174432,0.18666948362561922,0.10571,-0.1560255632354669,0.3139923231421079,0.24099,-0.3627568976709087,-0.15645729180843715,0.36127,-0.6911080071450262,0.3898872640004913,0.33484,-0.579124997103571,-0.10103695512973869,-0.32855,0.14047931328886532,0.08920413908982784,-0.34082,0.15480192527627892,-0.05323813148786643,-0.48041,-0.2415036881947782,0.1254144966124069,-0.51206,-0.21966927103137698,-0.08474379696263058,-0.83528,-0.05063486325997577,0.13820718847541003,-0.85529,-0.03453828777925292
201,0.05552954572447197,0.31307,-0.2547272752585278,-0.09666449523242861,0.12433,-0.19461221020650216,-0.15994121095800284,0.24159,-0.45476236194004405,0.18676739358779051,0.10386,-0.1559473734707428,0.3139923231421079,0.23988,-0.3627568976709087,-0.15622669416378715,0.36127,-0.6908033356394961,0.38977853263123896,0.33476,-0.5778748861127624,-0.10089443922405525,-0.33105,0.1401490433740574,0.08970746054296289,-0.34269,0.15425095566294802,-0.05328541792627476,-0.4816,-0.2424563728187449,0.1252227811137063,-0.51281,-0.22071850225830364,-0.0846350192924272,-0.83601,-0.05113659667371769,0.137523921209261,-0.85624,-0.03371543491086805
202,0.05557956182853322,0.31307,-0.2545559878120101,-0.09654339210925669,0.12433,-0.1943776168699429,-0.15974070431668613,0.24159,-0.4542294481695447,0.18676798844330744,0.10382,-0.1558355716543581,0.3139853772150012,0.23983,-0.3627175053607881,-0.15604764420169426,0.36127,-0.6904366735183621,0.3896425883666898,0.33476,-0.5765280308284293,-0.10047229018935193,-0.33282,0.13990869738907102,0.09051259943597839,-0.34394,0.1537735131397541,-0.053401022009490096,-0.48272,-0.2431367842354216,0.12499014172638931,-0.51339,-0.22154140135021513,-0.08460972133556212,-0.83651,-0.05125703343462752,0.1368009143366361,-0.8566,-0.03289755835408383
203,0.055585418402215696,0.31307,-0.25451433807557994,-0.09645066755002839,0.12433,-0.19409725610928633,-0.1595448363075695,0.24159,-0.45372781511341226,0.18676858329882431,0.10382,-0.15572376983797345,0.31424142723078435,0.23983,-0.3626723568345947,-0.1557469683880736,0.36127,-0.6902414965343103,0.39038930577720243,0.33476,-0.5763862101358722,-0.09982773142097465,-0.33324,0.1398294194343299,0.09154947759990369,-0.34433,0.15347909222817527,-0.053582226636044325,-0.48379,-0.2431687355001123,0.12483036973667197,-0.51409,-0.22157972772888265,-0.08463814798427968,-0.83698,-0.05155651953721442,0.13625914272525277,-0.85756,-0.03224370246698093
204,0.055637870389241686,0.31311,-0.2543223125849361,-0.09634983139504662,0.12433,-0.193805310789323,-0.15911727711231702,0.24159,-0.453388413972349,0.18678019190051806,0.10382,-0.15555925467038478,0.3145861580291126,0.23983,-0.36226632644572715,-0.15542657237700575,0.36169,-0.689870219823363,0.3906945961806362,0.33535,-0.5763323792007955,-0.09908715599070946,-0.33324,0.13996000286393542,0.09259042358289922,-0.34433,0.15327677697792086,-0.053746689530797365,-0.4846,-0.24319773474578268,0.12471711684507555,-0.51485,-0.22159969726931433,-0.08467120845671997,-0.83739,-0.051852761001499936,0.1359684111587102,-0.85846,-0.03174663591588773
205,0.05563843701430997,0.31394,-0.2539972761578451,-0.09633351203399176,0.12451,-0.19309163461734108,-0.15881248539485215,0.24212,-0.4527558778002886,0.18680976017549542,0.10383,-0.15538141846171272,0.31476363980613775,0.23983,-0.3606814289036684,-0.15504125955752324,0.3623,-0.6892336398746195,0.3908799731719319,0.33717,-0.5762895379695088,-0.09836702838952817,-0.33324,0.1400971350556954,0.09329772464090434,-0.34433,0.15323902498002911,-0.053753583185068454,-0.48462,-0.24319895028302635,0.12471711684507555,-0.51489,-0.22159969726931433,-0.08474846390270371,-0.83745,-0.05211719359416932,0.13591180185279078,-0.85881,-0.03142558858840575
206,0.055631120989292536,0.31576,-0.25328776754212723,-0.09632413860004362,0.1253,-0.1923385661352387,-0.158766573716433,0.24351,-0.45169173865629253,0.18685441001571992,0.10408,-0.15505876324051224,0.31498924438694065,0.24069,-0.3587935722954693,-0.15460765563755396,0.36369,-0.6870857135163411,0.39114413478346854,0.34007,-0.5762328048840084,-0.09760258443946135,-0.33324,0.1402420814154504,0.09400504974129646,-0.34433,0.15337389974547944,-0.05381513576366253,-0.48462,-0.24301687260710636,0.12471711684507555,-0.51489,-0.22159969726931433,-0.0848676328535343,-0.83757,-0.052189993052669637,0.13584881743289456,-0.859,-0.031125973897760686
207,0.05550124657782986,0.31836,-0.25244755528486884,-0.09631533597922533,0.12685,-0.19152467270617887,-0.15860928678043706,0.2467,-0.44953160884080334,0.18691704357161493,0.10475,-0.1545501602148862,0.31545469983440677,0.243,-0.3567111095163484,-0.1543037170377051,0.36598,-0.6842600062902608,0.3910551957388244,0.34271,-0.5742887138762781,-0.09693410906650843,-0.33271,0.14052241991754286,0.09456639016051342,-0.34408,0.15347287920674957,-0.05407233578182871,-0.48462,-0.24216864849128833,0.12466901389562313,-0.51491,-0.22134416819806418,-0.08510850877959267,-0.83773,-0.05225785164273401,0.135689558011587,-0.85909,-0.030395531951590574
208,0.055237172759717956,0.32264,-0.25104205856890405,-0.09640667848832396,0.12932,-0.19020041572732937,-0.158610139898053,0.2505,-0.44733843778678356,0.1869983278258584,0.10866,-0.1532259272784237,0.31594565573778005,0.24685,-0.3545429161898798,-0.1540558926254525,0.36984,-0.6808857088729172,0.3913074183594073,0.34829,-0.5726094033779884,-0.09608346830163524,-0.33026,0.14066225656916162,0.0952325624266214,-0.34174,0.15343802935928125,-0.05444455759187822,-0.48489,-0.24073144985361727,0.12465583710886159,-0.51493,-0.22029044794472807,-0.08521143049652934,-0.83773,-0.05213485521927867,0.1355411386882787,-0.85925,-0.0296113918464635
209,0.054889048415137864,0.32788,-0.2491944402531498,-0.09649454803386927,0.13191,-0.18889585490354016,-0.1586341621342825,0.2554,-0.44512904354125693,0.18707847045384204,0.11263,-0.15178004444804644,0.3167071724090537,0.25198,-0.35212393037773204,-0.15382012741608864,0.37499,-0.6767519678594944,0.3916199431985916,0.35508,-0.5705234435929271,-0.09526387511739973,-0.32759,0.14081692722686598,0.09584716296778521,-0.33903,0.15329254336407502,-0.05482325906157566,-0.4849,-0.23923446815805485,0.12463910685526254,-0.51475,-0.21896318907826137,-0.08528077800920883,-0.83784,-0.05177035978379947,0.1356529868056144,-0.85965,-0.028863609124913682
210,0.054485095289526386,0.33392,-0.24682864421961082,-0.09666120219965553,0.13471,-0.18760518593396427,-0.15860420918111334,0.26314,-0.44218917911911143,0.1871586130818257,0.11666,-0.1503341616176691,0.3173615499385299,0.25888,-0.34950044223235827,-0.1536486841596224,0.38229,-0.6727717282674834,0.39182192805958593,0.36293,-0.5676954050295533,-0.09458707905735098,-0.32461,0.1409464188988086,0.0959589647841699,-0.33579,0.15329194850855815,-0.05522279831259314,-0.48484,-0.23761930953213095,0.12457820869516145,-0.51473,-0.2169938451737855,-0.08534740423235865,-0.83817,-0.05141553877767273,0.1358149711615219,-0.85991,-0.028745689370668563
211,0.05406654672045187,0.33975,-0.24402878831343894,-0.09697436377497287,0.14073,-0.185944333794927,-0.1588475748919461,0.27139,-0.43850547539448986,0.18681245835275162,0.1238,-0.1484861960055595,0.31806052922345646,0.26623,-0.34689955239246817,-0.15351025809930002,0.39129,-0.6687770019657421,0.3919550965898044,0.37131,-0.5640163880219058,-0.09412411486776406,-0.32127,0.14094681784758376,0.09605744555947111,-0.33193,0.15330931332632483,-0.05564643921714163,-0.48471,-0.23602870921024197,0.12448750493829208,-0.51458,-0.21482667147781884,-0.08554724086634306,-0.83849,-0.050881121038710245,0.13610004446536247,-0.86001,-0.028692376975886117
212,0.05350983128326748,0.34682,-0.24045110793056507,-0.09730253478837642,0.14702,-0.18391042037839184,-0.15910763843786768,0.28062,-0.4340936087881561,0.186395678683964,0.13155,-0.1462952841616723,0.3185945908243735,0.27438,-0.3430178416605323,-0.15330586977385113,0.40187,-0.6653291293734876,0.3919893337435266,0.38134,-0.5594307770683573,-0.09375843755438298,-0.31755,0.14076759423731322,0.09601229703327771,-0.3275,0.15356536334210802,-0.05624978140019706,-0.48448,-0.23449010360445927,0.12448960624393517,-0.51432,-0.21263297947926604,-0.08570515678276457,-0.83885,-0.05048654840491419,0.13635557353661265,-0.86025,-0.028644274026433676
213,0.05291801611263894,0.35473,-0.23600634969149129,-0.09774417197278029,0.1538,-0.18134818373878342,-0.16000892056473304,0.28932,-0.42932771007670695,0.18627843320253729,0.13983,-0.14378754543981848,0.3190145913987732,0.28318,-0.3387196095219079,-0.15280946400127798,0.41225,-0.6614642126461885,0.3920305649091296,0.39242,-0.554539304898245,-0.09347677834895987,-0.31338,0.14043139624207768,0.09596714850708431,-0.32259,0.15382141335789118,-0.05695466332748392,-0.48425,-0.23288816806624796,0.12463499498361075,-0.51334,-0.21022109098383857,-0.0858723475593476,-0.83922,-0.050137274523518,0.13674528099677952,-0.85985,-0.028896432895978777
214,0.05251771991355347,0.36362,-0.23150751295817926,-0.09828364699219458,0.1611,-0.17834625657387285,-0.16088819924163156,0.29955,-0.4246290114261919,0.1862944221743321,0.15088,-0.14128677668745832,0.319791333889616,0.29434,-0.33512004411717927,-0.15241558278068928,0.42503,-0.6575361396346385,0.3920405874875264,0.40301,-0.5491253138059062,-0.09319265503012343,-0.30882,0.1399027016802621,0.09571925817182857,-0.31673,0.15413310291768875,-0.05784300490339599,-0.48396,-0.231288118615604,0.12509469002694237,-0.51161,-0.20748977088777945,-0.08611020655194077,-0.8395,-0.04975578258435995,0.13714379464541057,-0.85941,-0.029140946437229136
215,0.05216826780777551,0.37307,-0.22671539158807946,-0.09886822245302823,0.16914,-0.17474302586649496,-0.16172232939233672,0.31078,-0.4201863627914601,0.18634987558340843,0.16239,-0.13826118171796525,0.3205987862816958,0.30556,-0.33146429239769326,-0.15210293772957006,0.4414,-0.6545870460328668,0.3919660932719964,0.41453,-0.543289591861549,-0.09293483611405336,-0.30404,0.1393389061441708,0.09534334282868123,-0.31078,0.1544222182143896,-0.05918853041043508,-0.48347,-0.22977883729328294,0.12572685920317092,-0.50953,-0.20502251266606314,-0.08648123570372643,-0.83968,-0.04932161514140136,0.1375070336715882,-0.85921,-0.029358170767960098
216,0.05180409167047633,0.38325,-0.22158062141396048,-0.09947998676677176,0.17784,-0.1708704241022504,-0.16221075541516272,0.32163,-0.41666772100517013,0.18635090320189104,0.17413,-0.13504209816142307,0.32133382916751146,0.31673,-0.32780099989558376,-0.15180361371953421,0.45776,-0.6516199927578117,0.39202721293175546,0.42691,-0.5370136326211467,-0.09265757821903942,-0.2989,0.13859576143440533,0.09477681700652124,-0.30431,0.1545254097490519,-0.06067130591693041,-0.48294,-0.2283952995101568,0.12650578877698526,-0.50729,-0.20235675410253243,-0.08681457598824228,-0.83962,-0.049049362951843783,0.1379524804129633,-0.859,-0.029523328875839583
217,0.05137579848356018,0.39404,-0.21637592267666156,-0.09989429084394388,0.1859,-0.16754179793945612,-0.16271423896084886,0.33452,-0.4131212714680663,0.18651461333663774,0.18364,-0.13251528218241287,0.322201061049837,0.32873,-0.3233325204156848,-0.1513809273761939,0.47523,-0.6488342726973687,0.39188682857825996,0.4403,-0.5301131766772766,-0.09276771149274676,-0.29377,0.13768276654831751,0.09430006550839215,-0.29818,0.15452257972578942,-0.06236495887062852,-0.48213,-0.2271403335056652,0.1274091940799153,-0.50481,-0.19978074403682272,-0.08707478634757337,-0.83963,-0.04901908806296227,0.13841052956032415,-0.8591,-0.029875134189332686
218,0.050954008998678975,0.40576,-0.21105838023391194,-0.1004480602339925,0.19689,-0.1631918738639526,-0.16319859716460466,0.34766,-0.40951052402045185,0.1868134627030916,0.19561,-0.1287968969070319,0.322834390620668,0.34119,-0.3179406289428609,-0.15122178374648643,0.49329,-0.6458208571426993,0.39179920566074233,0.45394,-0.5228784809528991,-0.09274377813592467,-0.28774,0.13649893750895783,0.09371845812098506,-0.29116,0.15448095224792333,-0.06432215453795936,-0.48107,-0.225657672006947,0.12846228597324158,-0.50203,-0.19679247807405925,-0.08742318655918804,-0.83963,-0.048736290798925205,0.13886741303903824,-0.85951,-0.030277916372253064
219,0.050432102614329455,0.41771,-0.20544370885207883,-0.10094502441137994,0.20842,-0.15858823110995945,-0.164346555873305,0.36078,-0.40403670535309366,0.1871749456254405,0.20845,-0.12456990860602488,0.3234979314067672,0.35321,-0.3119138459182961,-0.15192151377532312,0.51082,-0.6413342016080339,0.39150613112283494,0.46808,-0.5142482603696678,-0.09272738137366453,-0.28119,0.13485683758928563,0.09314900610601466,-0.28385,0.1543703882273464,-0.06638534772082802,-0.47989,-0.22409215806891758,0.12976650803164758,-0.49873,-0.19414579320003908,-0.08773681626321146,-0.83963,-0.04835698958780904,0.13932962974266314,-0.85995,-0.030653357071818453
220,0.04989166155550485,0.43081,-0.1993956721903235,-0.10145647529849758,0.218,-0.15401760555211,-0.165774280487145,0.37443,-0.3983583603101225,0.1876922372641077,0.21899,-0.12047791528240313,0.32415281382637007,0.36694,-0.3056651957427386,-0.1530219204933756,0.52789,-0.635496598927578,0.39117711319597326,0.48371,-0.5058173086319454,-0.09247940215900137,-0.27377,0.13351958282332105,0.0922163168486895,-0.276,0.15407392448711787,-0.06869298231778609,-0.478,-0.222407277489493,0.1314727365565633,-0.49509,-0.19120482988493911,-0.0880670170755129,-0.84023,-0.04841927460651718,0.13990625298533768,-0.86043,-0.03104416474319591
221,0.0494433021156177,0.44364,-0.19352433011098052,-0.10168061949785204,0.23117,-0.14957909686360935,-0.16701774569356215,0.3889,-0.3923428973786075,0.18834224062764054,0.23046,-0.11598681345463348,0.32533473358846443,0.38203,-0.30021719008231834,-0.15424388093579483,0.5447,-0.6289696308200137,0.39103278123534246,0.49978,-0.4981458245326892,-0.09232987967725242,-0.26533,0.13233759000293183,0.09128767136804761,-0.26757,0.15369693964487172,-0.07104050791083354,-0.47552,-0.22015063760019138,0.13361565309874818,-0.49094,-0.18851180320604594,-0.08842971654366373,-0.84081,-0.04848729001508833,0.1410156421765439,-0.86091,-0.03186499153517755
222,0.048966250474773404,0.45703,-0.18736357352335525,-0.10190364611333369,0.2443,-0.1454348648323656,-0.1684836488641019,0.40381,-0.38627526786663163,0.1892738185052507,0.24428,-0.11119220578998067,0.32654672031150517,0.39765,-0.29517005345020964,-0.15563661144784458,0.56472,-0.621589352930882,0.3916560285089313,0.51785,-0.49027806990789546,-0.09200096536594848,-0.25658,0.13106537760878556,0.09005544792336159,-0.25871,0.1530836490266766,-0.07386423823126718,-0.47221,-0.21813027944445174,0.13647910704867583,-0.4867,-0.18523478436620935,-0.08887890544590198,-0.84134,-0.04857157127104718,0.14300648999232857,-0.86202,-0.03670582761734201
223,0.04844847984859345,0.47063,-0.18075305481612317,-0.10226169174858757,0.25706,-0.1416190682807822,-0.1698296626648905,0.4204,-0.38036927541420784,0.18998412408738508,0.25553,-0.10629445467543953,0.3281259880535838,0.41384,-0.29001753820046705,-0.1571764923097163,0.58443,-0.6142959472153579,0.39290836303341414,0.53831,-0.4825227840821642,-0.09199164730691481,-0.24789,0.12975712030466843,0.08871144670467788,-0.2505,0.15264358002734046,-0.07712999041429655,-0.46829,-0.21630971286257702,0.14007920138591823,-0.48264,-0.18221373806352625,-0.08967308969014975,-0.84315,-0.05262506154316928,0.14535464875386322,-0.8627,-0.041903031329977095
224,0.047890432462149565,0.48451,-0.17384501000485547,-0.10256069700343472,0.26931,-0.13813810636522297,-0.17122427391303882,0.43652,-0.37401491002759857,0.19086006242098083,0.26675,-0.10170258881984909,0.3297169124821302,0.43027,-0.2843552542564517,-0.15888895185015603,0.6027,-0.6066572639307625,0.39434426594025507,0.55849,-0.4752326892376422,-0.09180749973530367,-0.23941,0.12845938162840506,0.0873929459419013,-0.24234,0.15228924157535195,-0.08043163790150608,-0.46464,-0.21434316159952713,0.14651206908828246,-0.47645,-0.17867288885410215,-0.09061784799959173,-0.84398,-0.05722398508425369,0.14851555931819793,-0.86285,-0.046987387769515665
225,0.04717903628473911,0.49956,-0.16660860540873412,-0.10285665585353647,0.28352,-0.1335802550777141,-0.17269871523813995,0.45378,-0.36686227954791945,0.19191341040444074,0.28009,-0.09604370571222609,0.3310617551843585,0.44688,-0.2778732485401426,-0.16136187640099986,0.62241,-0.5980458561384305,0.39560877987956156,0.578,-0.46737371319127974,-0.091748732197277,-0.23022,0.12699737534371466,0.08632578443554685,-0.23344,0.1514308906451636,-0.08427721290539189,-0.46028,-0.21222881704636445,0.15280644480732108,-0.4704,-0.17544077896927818,-0.09173749290292413,-0.84451,-0.06182734475849616,0.15162507358958904,-0.86261,-0.052586489214927694
226,0.046680491358099076,0.51511,-0.1596291431116713,-0.10314676231801738,0.29917,-0.1285948926797267,-0.17453791390588966,0.47017,-0.3583320598402831,0.19318639037114774,0.29443,-0.08978761092359296,0.33201621987609614,0.46334,-0.2709625179599344,-0.16442430355352133,0.64218,-0.5879340195131929,0.3973483569199946,0.60075,-0.45915680551744037,-0.09144523783859601,-0.22008,0.1253855899441503,0.08572317097011078,-0.22372,0.1502990527542644,-0.08786376361591011,-0.45578,-0.20951031488508498,0.15922021121014196,-0.46458,-0.17179160090702278,-0.09303303022563252,-0.84442,-0.06617029157436549,0.15502043145233815,-0.86212,-0.05842458530730814
227,0.04593908049257793,0.5303,-0.15203247733460257,-0.10337785244447847,0.31303,-0.12411699168110558,-0.17668687331256427,0.48719,-0.34867856443869594,0.19415805158394323,0.30809,-0.08418374846208047,0.33289932051828147,0.48082,-0.2648564035443856,-0.16754044142918462,0.66189,-0.5766537586678109,0.3989563398194346,0.62322,-0.45163328300500594,-0.09115314717832805,-0.20985,0.12383271936158904,0.08532270445822021,-0.21369,0.14899977350296612,-0.09107613546505769,-0.45043,-0.20707107994297624,0.16587259068381832,-0.45855,-0.16851667383329894,-0.09436051702920868,-0.84401,-0.07073515781406313,0.15863118161490938,-0.86154,-0.0641597146226324
228,0.04517636139021641,0.54587,-0.14395216400089497,-0.10380419168215238,0.32642,-0.11985629515889003,-0.1782770400187984,0.50299,-0.3405816841847719,0.1950428406231313,0.32224,-0.07843273565074604,0.3338028323829789,0.49866,-0.25777188053218847,-0.17066661972147396,0.68426,-0.5667562484109424,0.40052892610066343,0.64553,-0.44454248104838,-0.09083070833861046,-0.19925,0.12223442865128578,0.08504098568982099,-0.20313,0.14766050708603048,-0.094148278849103,-0.44498,-0.20433295375379748,0.17304699039375215,-0.45097,-0.1646318329353854,-0.09563298497049727,-0.84342,-0.07497858677404264,0.16250785034553508,-0.86009,-0.06886908406587944
229,0.044348697248991695,0.56162,-0.13592391929427755,-0.10444252773472475,0.3413,-0.11502676970766956,-0.17940622781721544,0.52122,-0.33342910178986684,0.19605741519437458,0.33781,-0.07249636989050295,0.3346362420363187,0.51603,-0.2507504897618553,-0.17368342370422007,0.70689,-0.5576517938018135,0.4022469262499375,0.66913,-0.4373549588406164,-0.09037347942478836,-0.18834,0.12056851667270918,0.0852724845368609,-0.19195,0.14611726106422476,-0.09706915597948215,-0.43957,-0.20107059620300266,0.17983267644781106,-0.44337,-0.160845995541129,-0.09683043868285666,-0.84289,-0.07924432863294088,0.16638273629343306,-0.85847,-0.07431698300866306
230,0.043379811458788484,0.57834,-0.12742301673481116,-0.10540280037339997,0.35333,-0.10998390688389459,-0.18045955718820184,0.5389,-0.32647638309598764,0.19696405807773873,0.35305,-0.06663894556900762,0.33566894457755453,0.53479,-0.24359241561713418,-0.17677201829532654,0.7323,-0.5482553698303343,0.4039042697489632,0.69184,-0.4289596201025882,-0.08976624609549488,-0.17805,0.118685352132953,0.08529020378627461,-0.18122,0.1444043144718874,-0.09991707683285424,-0.43442,-0.1980492311451309,0.18621287888374533,-0.43609,-0.15694887905884386,-0.09807130443963279,-0.84212,-0.08326386855358608,0.16964118191355093,-0.85637,-0.07868755873054853
231,0.042441249805647896,0.59424,-0.11914016106642877,-0.1063588315448273,0.36608,-0.10484992320654818,-0.18186970060279223,0.55696,-0.3193428779582389,0.19771722536590106,0.36661,-0.060947696581655,0.33664382049180425,0.55307,-0.23570327644027744,-0.17932767507354663,0.75461,-0.5388868257368299,0.40458273000775835,0.71439,-0.4197925381417222,-0.08909308291958516,-0.16777,0.11685442986846464,0.08532122003438478,-0.17064,0.14250078144292436,-0.10243358792898155,-0.42975,-0.19460387602510798,0.19163722294374083,-0.42909,-0.15333200312528028,-0.09921998884027768,-0.84188,-0.08757584410404032,0.17212332400994965,-0.8539,-0.07934655084983777
232,0.04143888055184227,0.61032,-0.11064516254500306,-0.1073023101788657,0.3787,-0.09984471621111701,-0.18347204672385004,0.57324,-0.3113496879249462,0.19842722995263115,0.38,-0.05529959827454115,0.33692654904045705,0.56978,-0.2271136859629743,-0.18191965371475488,0.77695,-0.5282757114351403,0.40468831337280387,0.73642,-0.4103710705196887,-0.08824221212306152,-0.15731,0.11490252826038518,0.08529602592535067,-0.15996,0.14045533155185638,-0.10432036883392391,-0.4251,-0.19081393436107874,0.19628245129498392,-0.42239,-0.1495580325948167,-0.10002663534682653,-0.84154,-0.08835678098591525,0.1743692084151734,-0.8513,-0.07935671147839873
233,0.04036736985204504,0.62626,-0.10238574938060571,-0.10874804433458617,0.39357,-0.09412182168553093,-0.1852162616222388,0.58977,-0.3029550340078249,0.1992216720708355,0.39523,-0.04897861490794202,0.3373858519595871,0.58701,-0.21929514768344416,-0.18467659812474663,0.79905,-0.5167290297680892,0.4049352668292114,0.75908,-0.40077236154449997,-0.08723664600603077,-0.14605,0.11272404695812901,0.08528990907347295,-0.14871,0.138128926044615,-0.10583056741304116,-0.41998,-0.18668342588733944,0.19819053299075692,-0.41754,-0.14598237541854045,-0.10071833211122863,-0.84068,-0.08858028844913665,0.17593157977890947,-0.84767,-0.07906091472084807
234,0.03954574074115786,0.64097,-0.09428231439264273,-0.10989825511812741,0.40544,-0.08984457266853117,-0.18703000791885532,0.60572,-0.29468433727952514,0.19982759283962795,0.4078,-0.04406474514756517,0.3380751817102373,0.60564,-0.21111111295142668,-0.18721752776936662,0.82029,-0.5056012008450201,0.40502060726845374,0.78443,-0.3911209151757203,-0.086261637159792,-0.13558,0.11075341717307141,0.08544661899218113,-0.13835,0.1361460135398941,-0.10712760529243599,-0.4152,-0.18266764542279518,0.20054066059151265,-0.41228,-0.14203429990505717,-0.10157337837457257,-0.83959,-0.088741210441237,0.17784848193372993,-0.84299,-0.07870260461933731
235,0.03854173357936222,0.65488,-0.08506969806398434,-0.11118477972113722,0.41864,-0.08479424956541684,-0.18861377546872568,0.62296,-0.2863933976254221,0.20055535940907693,0.42188,-0.038574967754956946,0.3389955837491194,0.62409,-0.203373738714205,-0.18965077150144607,0.84232,-0.4949113259654766,0.4044484338080844,0.80469,-0.381656486110465,-0.0852747583476815,-0.12469,0.10874426331878166,0.08577245866829109,-0.12754,0.1340101463845044,-0.1085544046614991,-0.40969,-0.17866459114381758,0.20323321169569003,-0.40622,-0.13760952097821877,-0.10266418542694548,-0.8352,-0.08842888212921021,0.1799212168472557,-0.8376,-0.07830666273186973
236,0.037703723295054226,0.66732,-0.0760440978754432,-0.11240122437135347,0.43049,-0.08025654503416314,-0.19015301339030652,0.63995,-0.27864293656682904,0.20112302771018578,0.43528,-0.03338656976521906,0.34002669406290054,0.64123,-0.19517005591190123,-0.1919740701108525,0.86433,-0.4850753316806302,0.4044528506288881,0.82568,-0.3707398712280166,-0.08419631226886623,-0.11347,0.10619277060762453,0.08615329494812457,-0.1164,0.13161996569510817,-0.11016531918366311,-0.40466,-0.17396289417333116,0.2055899067495184,-0.39991,-0.13225899872116192,-0.10368402202707244,-0.83114,-0.0880583456140845,0.18159965018554258,-0.83197,-0.07653834106177484
237,0.03691283596092306,0.67815,-0.06723967505366148,-0.11373436238078478,0.44442,-0.07465392564250271,-0.19163204526283378,0.65713,-0.2711763332748328,0.20160707685211177,0.44752,-0.028818110350033163,0.34086545741589225,0.65812,-0.18714244879410594,-0.19469112352475487,0.88421,-0.47410040932345604,0.40469416808115755,0.84634,-0.3600150324932276,-0.08313133986157958,-0.10225,0.10339519973779512,0.08637708471583201,-0.10557,0.12879592282364366,-0.11178722340961707,-0.39935,-0.16914128379070664,0.20769461960663388,-0.39525,-0.12686151932897405,-0.10489015372798026,-0.82688,-0.08766785576778222,0.18326012385054588,-0.82795,-0.07478334043276341
238,0.03614718531428237,0.68739,-0.05816374512404552,-0.11478507810999165,0.45652,-0.06973159931683134,-0.1934741460810069,0.67209,-0.26268724235909363,0.20207450385375575,0.46057,-0.02380985586387392,0.34183522005435996,0.67467,-0.1785332583312905,-0.19763342088365532,0.90403,-0.46242394212434973,0.40502892516010724,0.86501,-0.34803489736468696,-0.08218596722941753,-0.091353,0.10034299207999087,0.08666112861736698,-0.095216,0.12603327571226647,-0.11351108137442556,-0.39415,-0.16431734207078852,0.20999929233432313,-0.3904,-0.12069767445598728,-0.10624378307506537,-0.82267,-0.08736226847958134,0.1852576673193189,-0.82357,-0.073557852737859
239,0.03552845126331848,0.69516,-0.04943152512142432,-0.11562134369124862,0.46831,-0.06481613841498247,-0.1954135139210605,0.68674,-0.2538192858650097,0.20260370152187518,0.47236,-0.019497446464471192,0.3421271777826389,0.68832,-0.17022635995193747,-0.2008814832895715,0.92127,-0.45004997385999435,0.40573557784790804,0.88392,-0.33609072966748754,-0.08126334972124591,-0.081058,0.09736800620882857,0.08678874490467976,-0.085468,0.12312119499854775,-0.11549446231857058,-0.3891,-0.1595188527220036,0.21280505134740188,-0.38579,-0.11449624588181766,-0.10809262049570914,-0.81858,-0.0868972510691253,0.1878565143305593,-0.81946,-0.07228726460153519
240,0.035012903938539494,0.70413,-0.04016730464931155,-0.11647485031069146,0.47958,-0.05974531102188703,-0.19753352395066165,0.70083,-0.24427238283447716,0.20317747333541225,0.48483,-0.01457401403312917,0.3429973901467066,0.70305,-0.16099500412294768,-0.20476893162510681,0.93854,-0.4366413145146853,0.4065111670784196,0.90006,-0.32413440659785125,-0.08030196298891931,-0.070822,0.09450139905909452,0.08687987103229552,-0.075749,0.12024329714961952,-0.11777961261782204,-0.3839,-0.1544486369366715,0.21537569429556544,-0.38121,-0.10776763571083454,-0.10995333990341816,-0.81437,-0.08648002297110814,0.1899892691582005,-0.81549,-0.06935232732023373
241,0.03470639962581575,0.7119,-0.031052047324019973,-0.11745459737147528,0.49129,-0.054361652442734235,-0.1991206202097634,0.71469,-0.23492598644526141,0.20378116072028202,0.49744,-0.009474715008621092,0.3439938429521152,0.71629,-0.15207647948001524,-0.20874967533300035,0.95515,-0.42345219098307535,0.4075788218408295,0.91485,-0.3114157858664865,-0.0793810338777504,-0.060788,0.09188151479214653,0.08690496276762384,-0.06611,0.11739437272015175,-0.11994480142016141,-0.37881,-0.1490221779208653,0.2170455716410617,-0.37678,-0.10088307256921125,-0.1117462145260792,-0.81027,-0.08598686013043784,0.19135082039845513,-0.81153,-0.06601722878793201
242,0.03455084188043563,0.71859,-0.02204421035902931,-0.11825119725724029,0.5012,-0.049555971468928414,-0.20059248977370112,0.72888,-0.22594513459330698,0.2042396613215269,0.50761,-0.005337239667467013,0.3448594888111437,0.72895,-0.1423585240753662,-0.21300742704993197,0.97071,-0.4110531728640078,0.4086419581829742,0.92835,-0.2978653120327783,-0.078496446483895,-0.05206,0.08994571259599318,0.08737644161237655,-0.05769,0.1148932464340657,-0.12139983509884619,-0.37431,-0.14393759563773792,0.21744154997923196,-0.37287,-0.09437544618506011,-0.11327748239127176,-0.80659,-0.08548006261167054,0.19190239820675242,-0.80801,-0.06281073445277502
243,0.034609301054472706,0.72493,-0.013242338823669859,-0.11894597075137733,0.51303,-0.04400325944759644,-0.2018599531739608,0.74381,-0.21754765065292325,0.20494368974305535,0.51985,-0.00017353818677700444,0.3457731132196281,0.7401,-0.1333733701846295,-0.21730913758202328,0.98734,-0.3981745010963877,0.41091576512103306,0.9408,-0.28455830628360856,-0.07752641216543397,-0.042551,0.08761169836702888,0.087811009090093,-0.048334,0.11231351638863242,-0.12244177224962173,-0.36937,-0.13837400264634883,0.21614201866999247,-0.37227,-0.08746613953559765,-0.11422828627913989,-0.80239,-0.08440686367073982,0.19121981304655367,-0.80489,-0.05916995246272447
244,0.034867875056343055,0.7311,-0.005057085529754228,-0.11956121159632002,0.52265,-0.0393047134275266,-0.20322944244023602,0.75686,-0.20966571566527228,0.20560669267752626,0.53019,0.004071076296174654,0.34747113490935594,0.75303,-0.12405697483335688,-0.22072342759491778,1.0022,-0.38560644938946637,0.41335589583561816,0.95312,-0.2707548769236365,-0.07661526862158902,-0.033873,0.08543890720299363,0.08823560292687563,-0.039406,0.11007828819585964,-0.1234837094003973,-0.36937,-0.13281040965495974,0.21483033198831622,-0.37227,-0.08048789634342432,-0.11458399165798566,-0.8,-0.08250473363221454,0.19039401800837652,-0.80489,-0.054774574600137224
245,0.03514677070347783,0.73732,0.003047470609727396,-0.119995717649813,0.53348,-0.03378835878977188,-0.20482067864556897,0.76928,-0.2009293052274072,0.20628705686211798,0.54205,0.009023458104590158,0.34916796688805,0.76535,-0.11496418311485362,-0.2237604923416962,1.0166,-0.3722407755297661,0.4155070074230504,0.9651,-0.2566368558534435,-0.07546410234672606,-0.025756,0.0838628614525098,0.0886175291805491,-0.030803,0.10802745218662951,-0.12460959253196985,-0.36937,-0.1268859107585095,0.21344107443981986,-0.37227,-0.0731273146093529,-0.11500012660265949,-0.79832,-0.080259890495641,0.1895021128831052,-0.80489,-0.05006185550735069
246,0.03544789510117689,0.74386,0.010622847306440926,-0.12025977688764386,0.54331,-0.02895071755473634,-0.20634069505567149,0.78066,-0.19242403920493506,0.20694529381716217,0.55385,0.013986154257994491,0.35100426417962055,0.77668,-0.10689268930905965,-0.2261968964862982,1.0297,-0.3592870565717152,0.4176950838137616,0.97658,-0.2433043496483666,-0.07350936497577286,-0.016512,0.07845514263487524,0.0898837663406276,-0.021318,0.10205560620281211,-0.1254574774178581,-0.36937,-0.11971622072195406,0.21024032716832752,-0.37227,-0.06292207806608581,-0.11571322397353077,-0.79716,-0.07650365286475867,0.18684565826287367,-0.80489,-0.04403762237352772
247,0.03586660033288897,0.75721,0.017266486514656326,-0.12065734931553651,0.55583,-0.022780008343909797,-0.20774600749896588,0.79225,-0.18387823924608265,0.20740071683598305,0.56304,0.01848660966538696,0.35242128216840096,0.78773,-0.09794062474162757,-0.2288393711491939,1.0416,-0.3452222413345372,0.4196693806068466,0.9884,-0.23014154401382148,-0.07137183555928807,-0.006971,0.07199924107168033,0.09160101233523525,-0.011703,0.0946777161118712,-0.12374442581530296,-0.36997,-0.10979401178407218,0.20477903156605773,-0.37991,-0.05193246518188335,-0.11550120761502497,-0.79659,-0.07027724346095894,0.18355835586758446,-0.80859,-0.03806369912645417
248,0.036141797638448506,0.77042,0.02418843396049935,-0.12095127960757192,0.56774,-0.016966732074591095,-0.20893818328492492,0.80352,-0.17561979405976744,0.20788096797656444,0.57285,0.023652485664863738,0.3536860365315774,0.79853,-0.08835538106184425,-0.2313585556059461,1.0522,-0.3318566396019979,0.4209879480668706,0.99912,-0.2168303502336466,-0.06923522246846558,0.002739,0.06520301002056635,0.09358085889160346,-0.001804,0.08696229832582508,-0.12188191478419644,-0.37166,-0.1002587277474529,0.19910485043325996,-0.38842,-0.04134797419401805,-0.11517857915116826,-0.79627,-0.06427503254544543,0.18003918685415882,-0.81188,-0.03152343510617602
249,0.03637703841305796,0.78169,0.03079566172847898,-0.12130982928026349,0.5793,-0.011362858134876466,-0.20986393824921473,0.81406,-0.16772054233912373,0.20824713939971035,0.58071,0.027852884156539415,0.3543638778924687,0.80803,-0.07947272768070499,-0.23368712958368568,1.0618,-0.3183051141074201,0.4223349181332252,1.0099,-0.2033922971142269,-0.0671385466746836,0.011894,0.05823016070226263,0.09556251584073222,0.007299,0.07935178870189255,-0.11936729520554999,-0.37403,-0.09108164818069049,0.19268752637451958,-0.39781,-0.031443865151549254,-0.11465968372941975,-0.79615,-0.0582341527633865,0.17626546209903385,-0.81537,-0.026361311272659702
250,0.036579639922566354,0.79259,0.03721943465631079,-0.12176378392965516,0.59063,-0.005736205028784384,-0.21069168708178523,0.82333,-0.15905259380038758,0.20860343870293913,0.58826,0.03187891940309634,0.35481476286897234,0.81747,-0.06970605461676127,-0.23567965517198033,1.0703,-0.30429831783632394,0.42321726803150034,1.02,-0.19019863732412265,-0.0650868938436913,0.020742,0.05116712306530491,0.09760703164635351,0.015814,0.07178790272175212,-0.11649241444595618,-0.37718,-0.08187455392581738,0.18537744857167165,-0.40851,-0.021256477531736706,-0.11391840021214554,-0.79606,-0.052187569038090235,0.17246500087601696,-0.81989,-0.0222568991963271
251,0.03673442086453278,0.80347,0.04343067477886313,-0.12247309400211934,0.60162,-0.0001586396798977513,-0.21125234811000873,0.83109,-0.150114156620912,0.2089645743289327,0.59591,0.03610787731960938,0.3551433790536573,0.8267,-0.060224951758804136,-0.23726603015947245,1.0785,-0.2897731185468457,0.42371844505652423,1.03,-0.17703157153141136,-0.0630729875816976,0.029856,0.04385169644972721,0.09971093512873686,0.024652,0.06388721249008153,-0.11300623424439712,-0.38104,-0.07239111026846075,0.17723986065474495,-0.4187,-0.011501352576397176,-0.11263740838687888,-0.79585,-0.04580414864275358,0.1678734903047626,-0.82396,-0.017582187261452473
252,0.03658532943935114,0.81422,0.04978735762032513,-0.12322839323163245,0.61095,0.0050462783861141315,-0.21170346653198008,0.83738,-0.1407603877457816,0.2090874994004917,0.60149,0.03944187393430204,0.35528093415813466,0.83503,-0.05000581389921773,-0.23798796140728545,1.0857,-0.27416130201982264,0.4232222083549043,1.038,-0.1630452586099883,-0.06105939076865585,0.037676,0.03639405554428614,0.10181922968415878,0.032102,0.05590403154088726,-0.10921543240590506,-0.38561,-0.06308039373205578,0.1693144690271043,-0.42889,-0.002546538644856034,-0.11126691383912987,-0.79497,-0.03981314800057449,0.16369322313535165,-0.82888,-0.01408799845826153
253,0.03641296434988473,0.82451,0.05624147934802234,-0.12395794266225395,0.61978,0.010047574380981843,-0.21206238133925615,0.84342,-0.1311233036867356,0.2092100032647115,0.60641,0.04266308392485702,0.3545524052107041,0.84048,-0.04017293814627771,-0.23874043425962668,1.0948,-0.2573972844641622,0.4225620272988256,1.0461,-0.14910816203382887,-0.0590252584105299,0.044641,0.028727811447622827,0.10373430903790307,0.038339,0.047749698945949624,-0.10563253016938554,-0.38946,-0.054145487993126934,0.16175834245943982,-0.43927,0.006617577258679622,-0.10974837309063776,-0.79429,-0.03437382056097601,0.1599993854610681,-0.82827,-0.011394506443043483
254,0.03626634122617804,0.83471,0.06201980424885602,-0.12467151467670717,0.62761,0.014555144012189911,-0.21235855750197466,0.84873,-0.12230272980060795,0.20945554620826748,0.60924,0.0458775570796477,0.3535980873313556,0.84548,-0.029808189891488514,-0.23863098704867824,1.1041,-0.24102961751654825,0.42165326488242627,1.0535,-0.13566168476762494,-0.057339645855537774,0.050842,0.020901617525002913,0.1054088928008703,0.043673,0.03934682888740376,-0.10259747187899891,-0.39377,-0.04573163024688738,0.15513287659103409,-0.44946,0.014822731920633967,-0.108359592047991,-0.79323,-0.029350343357326635,0.15692225971611312,-0.82683,-0.009491939453490798
255,0.03615767616705101,0.84434,0.06790534941518725,-0.12539761161851648,0.63396,0.018557868987890233,-0.21275410850709262,0.85413,-0.11326409940644147,0.20971810488941184,0.61192,0.0493986431250257,0.35265049007851623,0.85022,-0.019020854564985888,-0.23834670194902913,1.113,-0.2254231546891771,0.42082167081642624,1.0613,-0.12132833375296709,-0.05641052829040148,0.054806,0.017181439229523622,0.10621385005772739,0.047328,0.035069627955177984,-0.09996469049326344,-0.39868,-0.03872195991405968,0.15145373844031781,-0.45669,0.01990913010283953,-0.10709952525447772,-0.79301,-0.025554873336909506,0.156410723362385,-0.83242,-0.008030565251304883
256,0.03593472113573898,0.84512,0.07381135924027327,-0.12603447565556908,0.63554,0.021478651964817668,-0.21318890043271746,0.8575,-0.1048091505608593,0.20996642620381045,0.61283,0.052597359355768175,0.35206392786178753,0.85293,-0.009302059692888505,-0.2383175416203863,1.1214,-0.2115371311519929,0.41999231191817177,1.0666,-0.10758353605282299,-0.05575587760782721,0.055985,0.014695348828149402,0.10672110042707948,0.048347,0.03236563127197141,-0.09953861044882246,-0.40023,-0.03486132009717322,0.14935312985297525,-0.45803,0.02318411766965296,-0.10706842175593419,-0.79431,-0.024752279060591548,0.15619857515787292,-0.83975,-0.006885000700822319
257,0.03577338235663431,0.84541,0.07916061019702947,-0.126705075523863,0.63697,0.024245234119145306,-0.21371701355691045,0.86019,-0.0963432402419358,0.21021765145245544,0.61333,0.055434080328025284,0.35157138143633765,0.85541,0.00040183447485551277,-0.2384922887694525,1.1296,-0.1976464449402216,0.41974103935899715,1.0712,-0.09412266824643672,-0.0551712191620462,0.056735,0.012519822569568056,0.10693007844726543,0.048747,0.03008629163359384,-0.09906192487369651,-0.40172,-0.03117250309676959,0.14720801924737592,-0.45936,0.02636596249455335,-0.10706629167685112,-0.79551,-0.024015719176560996,0.15589397934714982,-0.83975,-0.006942770866911124
258,0.03554592263264908,0.84541,0.08391737822521461,-0.12750491772111514,0.63805,0.027399259715029853,-0.21435496671511395,0.8623,-0.08834856252685946,0.21046751155806606,0.6139,0.05845130652564856,0.35116945353342,0.85693,0.009822156282567614,-0.23894927741527397,1.1373,-0.18468894667174435,0.41973418417152486,1.0753,-0.08095379384478778,-0.054633564695338636,0.057266,0.010587834041023078,0.1073088549913539,0.04921,0.02788055540057585,-0.09882372502219945,-0.40331,-0.02785879749265404,0.14537142623342514,-0.46046,0.02906504661719701,-0.10706138322692538,-0.79659,-0.023294916216578636,0.15595105972900533,-0.8461,-0.0072089020939537785
259,0.03503968421551591,0.84546,0.08889610895352465,-0.1281357557243692,0.63856,0.030746568994682758,-0.2152495389184076,0.86405,-0.08074133244140166,0.21060956197155545,0.61451,0.06184960105085197,0.3507143429871852,0.8578,0.018795451685634755,-0.23978567841018303,1.1446,-0.17159526371484812,0.41996427770029243,1.0784,-0.0676314420641141,-0.05406341397702038,0.057575,0.008644313226006893,0.10750488330919872,0.049592,0.025789832583317924,-0.09866539798096047,-0.40492,-0.02530145247330047,0.1441843904805919,-0.46147,0.030556579761815545,-0.10699351618331335,-0.79708,-0.0226432306602009,0.15546954581909536,-0.83859,-0.00729989854752864
260,0.034297858037115644,0.84555,0.09392671845149207,-0.12880107402017216,0.63868,0.034001487206446274,-0.21656053100737307,0.86607,-0.07376702848024039,0.21077802738279133,0.61513,0.06607707966170467,0.350420052912034,0.85784,0.027432565923137198,-0.24080124957911986,1.1512,-0.1597313766957964,0.4204844598553118,1.0806,-0.055263212177602467,-0.05352880645804954,0.057864,0.006879332829328266,0.10762860007415019,0.04979,0.02399403355166935,-0.09871216634464143,-0.40666,-0.023366172462511693,0.1433975549895695,-0.46249,0.031851621811351975,-0.10688752045159848,-0.7974,-0.022322959049129565,0.1549878582610077,-0.83123,-0.007389910193350498
261,0.03343958838547611,0.84557,0.0984889926875584,-0.1295337161564901,0.63868,0.037177516252297635,-0.21781074623415517,0.8677,-0.0671374072326334,0.2109486745255301,0.61561,0.07058012358250704,0.35010247350633433,0.85787,0.035222769535436134,-0.24210729405250025,1.1569,-0.14967539599605595,0.4212657331747353,1.0821,-0.04408776534088238,-0.053034395196058445,0.058064,0.005158036078614906,0.10780485654212797,0.050044,0.022188205581596898,-0.09883012510969709,-0.40836,-0.022236493424135508,0.14269491303850562,-0.4631,0.03289952938771793,-0.10678154876227058,-0.79772,-0.02217531420140031,0.15525127897888263,-0.83123,-0.008077615453904955
262,0.03266183681119973,0.84533,0.102617661297257,-0.13042740049684332,0.63868,0.04034545774478253,-0.21894275692054296,0.86875,-0.061120569541129335,0.21109796294241584,0.61615,0.0752042988569299,0.34981582930246924,0.85789,0.04260718008065845,-0.24320470958587292,1.1593,-0.1414936612688045,0.42227106072812315,1.0829,-0.033837466978863875,-0.05258404310683655,0.058185,0.0036117472971340728,0.10796178819378781,0.050282,0.020549561795807164,-0.09892585512418846,-0.40956,-0.02163599382852742,0.14237173687277216,-0.46271,0.032947133651201436,-0.10666359534868369,-0.798,-0.022095621088628906,0.15537913033859652,-0.83151,-0.008054056383055237
263,0.031839571817888934,0.84461,0.10698726051008826,-0.13132639223589743,0.63834,0.043255560466872,-0.21998955443647028,0.86937,-0.05593252598303845,0.21116539450810534,0.6167,0.0789681901922302,0.3496461019745939,0.85789,0.048867820434022664,-0.2444825348729041,1.1603,-0.13470745558846856,0.42334205490270194,1.0829,-0.02459304728490698,-0.052066895334348794,0.058091,0.002095514075821814,0.10808741330487073,0.05034,0.019146053929257993,-0.09892585512418846,-0.41047,-0.02163599382852742,0.14218497069605518,-0.46255,0.03291217088193869,-0.10657687278086693,-0.79815,-0.022069159867355748,0.15524069000769075,-0.82532,-0.008823790281736268
264,0.031079803338867344,0.84333,0.11088149019749567,-0.13218018736398415,0.6377,0.04625486669986244,-0.22116181853857525,0.86979,-0.05153020638140614,0.21122364854658834,0.6172,0.08255377905139968,0.34956446592521545,0.8575,0.05416816868252877,-0.24572042107907177,1.1609,-0.12814775569132542,0.42450042350450296,1.0829,-0.01688073127852073,-0.05163031131975948,0.057812,0.0006848956305273088,0.10815965451442601,0.050141,0.01793012580323985,-0.09892585512418846,-0.41158,-0.02163599382852742,0.1419392897023351,-0.46252,0.03286580441426293,-0.1064196508367403,-0.79836,-0.022039406543423012,0.15477884821045404,-0.81931,-0.00908394053509989
265,0.02983135871877064,0.84168,0.11483475910190272,-0.1331113262744707,0.63692,0.04877140804253455,-0.22264133125884228,0.86999,-0.047516138356251604,0.2112959182188655,0.61769,0.08611746900627357,0.34934478492606047,0.85688,0.05904206694353201,-0.24684218652297726,1.1612,-0.1221890216572491,0.4258580164346848,1.0829,-0.010355860288537841,-0.05127421234360734,0.057358,-0.00047082644643729916,0.10818463937726888,0.049845,0.016809438622698947,-0.09892585512418846,-0.41276,-0.02163599382852742,0.14169360870861508,-0.46264,0.03281943794658716,-0.10628195139949627,-0.79867,-0.02201411099079663,0.15425236120635125,-0.81294,-0.009322995831027123
266,0.02836159371842413,0.84013,0.1185459179295139,-0.134193361883704,0.6358,0.05133749922180918,-0.22418873506510836,0.87,-0.0443263826508169,0.21129696987973517,0.61767,0.08950917932615782,0.34909536557139637,0.85598,0.06293286570285109,-0.24782850460447964,1.1614,-0.11740156172090481,0.42697152059860133,1.0827,-0.004922964423813347,-0.05097095530671732,0.056649,-0.0017069458458387823,0.1081920359055705,0.04908,0.01584608754891064,-0.09899759408012895,-0.41361,-0.02180501904025799,0.14157091870945718,-0.4633,0.03242108111646291,-0.10608801577889804,-0.79921,-0.022077395863105757,0.1539771359800408,-0.81462,-0.009374571744032903
267,0.0267761681739651,0.83863,0.1220031345618609,-0.13508451006090733,0.63465,0.05316654020720759,-0.2257308519474147,0.86959,-0.041857663039093905,0.2112223385451749,0.61747,0.09269664448893244,0.34873967888346885,0.85486,0.06621699465586606,-0.2486578910343221,1.1614,-0.11425274557035028,0.4279552926667054,1.0817,-0.0005395401324609361,-0.05074514357324382,0.055763,-0.002906965037779351,0.10822411451748784,0.047997,0.014915520537536682,-0.09899109161892558,-0.41428,-0.02253294878824079,0.14149042521747235,-0.46428,0.0317834160023567,-0.1057740910513549,-0.80046,-0.022418058842363784,0.15354109028264676,-0.8156,-0.009089966491473988
268,0.025299312992189994,0.83863,0.12471792511954008,-0.1358790101141341,0.63411,0.05433228703453447,-0.22705260929226173,0.86884,-0.04063866446594341,0.21121443797943557,0.61747,0.09544807295085199,0.3484827997924568,0.85442,0.06853764394703454,-0.24946437281180783,1.161,-0.11301904700806556,0.4288295016538161,1.0809,0.0024496775991294933,-0.05053959159524436,0.055714,-0.0039978442173132294,0.10821546150246023,0.047747,0.013928015537381783,-0.09907349345704182,-0.41428,-0.023562905067446398,0.1413166105269194,-0.46453,0.03115671236159179,-0.10557859259715767,-0.80057,-0.022490206984450017,0.15341445446017649,-0.81576,-0.009120419216594795
269,0.023821658051617255,0.83863,0.12709748387624287,-0.13664617170866034,0.63353,0.055055051233899616,-0.22835335342378815,0.86806,-0.03994195168128991,0.21109198662032463,0.61745,0.09717910780453111,0.348118759301083,0.85403,0.07048704475770441,-0.2504224921817021,1.1602,-0.11248023695523293,0.42956504679324664,1.0802,0.0047280167634903,-0.05031082784275053,0.055677,-0.005214605141055007,0.10811661295606252,0.047664,0.012933745471013967,-0.09923542437670659,-0.4152,-0.024544943446154946,0.14099666333322355,-0.46461,0.03026460093735929,-0.10538031577211776,-0.80071,-0.022578112050584447,0.15332460265751588,-0.82314,-0.008322905797548664
270,0.022330710300409656,0.83863,0.12928176769552302,-0.1374604142178984,0.63286,0.05546894752060645,-0.22963524203110983,0.86733,-0.039870463231740996,0.2109387772752026,0.61743,0.09850870281676877,0.34785005165924837,0.85366,0.07189578611197057,-0.25144460846670275,1.1594,-0.11267264875304268,0.4300629762337594,1.0796,0.00622319644241541,-0.050077382802175795,0.055651,-0.00650974390313074,0.10793111575283193,0.047536,0.012027770423016709,-0.09947457708301337,-0.41591,-0.025549736948853964,0.14055372514496556,-0.46468,0.029724479875575263,-0.10516993344323808,-0.80086,-0.022677083135731364,0.15281364603603226,-0.81692,-0.008937976794232808
271,0.020859358346652743,0.83885,0.13116487879903646,-0.138301520542255,0.6323,0.0555744944349493,-0.23096212777501127,0.86733,-0.04011966038788653,0.21075384196598734,0.61782,0.09955752307372678,0.3476969438351431,0.85367,0.07270651602642898,-0.2525945761114174,1.1594,-0.11288861962170216,0.4304108549578497,1.0792,0.007187251105453402,-0.05001796813579667,0.055729,-0.007900556218800633,0.10763433767774964,0.047536,0.011119435807277301,-0.09977616565465047,-0.41533,-0.026891491521589928,0.14012763082994123,-0.46468,0.02908883246174905,-0.1049662735246905,-0.80103,-0.02279551724220917,0.15241657144141943,-0.81665,-0.008759212238704909
272,0.019533581267509474,0.8391,0.13263702523754672,-0.13937419248934377,0.63192,0.055496034929924005,-0.23211192177154824,0.86725,-0.04033661606429901,0.210615841533339,0.61814,0.1002825747136731,0.3475254809566248,0.85367,0.07316064098862578,-0.2538034585731351,1.1593,-0.11311599418877465,0.43079401187203925,1.0792,0.007317768457206941,-0.05010555599727171,0.055807,-0.009148728228790533,0.10718510007032166,0.047664,0.010269514297917547,-0.10024527128149349,-0.41634,-0.028147025237132542,0.1396522222162824,-0.46457,0.02832974639939577,-0.10480188213668265,-0.80101,-0.022864011559848307,0.15220058250225754,-0.8165,-0.008570856781763232
273,0.018146408428278915,0.83959,0.13416942580988447,-0.1406027711061217,0.63158,0.05526518739929818,-0.2332914336488532,0.86706,-0.040557796378288484,0.21052107949692972,0.61836,0.10076240922311941,0.34725087462821824,0.85367,0.07339349365534677,-0.2550812277089667,1.1591,-0.11341339465198219,0.4310495409432894,1.0792,0.007365871406659369,-0.05027822968198063,0.055883,-0.010317468490186985,0.10670557376899573,0.047761,0.009476193097938198,-0.10072645836978929,-0.41622,-0.02921886617032058,0.13912896240039432,-0.46447,0.027554099466135053,-0.10477680288811474,-0.80095,-0.022891067636638347,0.15174747476632397,-0.8089,-0.00934124199685835
274,0.01687904864357692,0.84011,0.1354081704066921,-0.1418508722297822,0.63119,0.055029882097365986,-0.23446389986185776,0.86675,-0.04093411004979518,0.21047106882176164,0.6185,0.10104603385598693,0.3469461051693175,0.85365,0.07333670829701099,-0.25628943783653785,1.1587,-0.11422045926379137,0.43119691480988587,1.0791,0.007393888248815428,-0.050543427831114505,0.055956,-0.0115776648803167,0.1061536878300025,0.047953,0.00863254215688404,-0.10150432736361942,-0.41567,-0.0305085346658797,0.13859625167192832,-0.46427,0.026716875911893274,-0.10474725865552437,-0.80095,-0.02288585819130834,0.15126623245796253,-0.80886,-0.009145840255200433
275,0.015744019007627716,0.84123,0.136385928927758,-0.14296144756437634,0.63098,0.0548208571558132,-0.23562123285719533,0.86605,-0.041626599282854386,0.21034989000378299,0.61883,0.10109980833016646,0.34659244261912137,0.85345,0.07326927091428583,-0.25751513477763344,1.1579,-0.11538905286662716,0.43128537385947935,1.079,0.007410501392558472,-0.051017752520242314,0.056465,-0.01287270506860578,0.10544768157169367,0.048227,0.007568784589000852,-0.10235172775567727,-0.41393,-0.03192216035026018,0.1377773758819589,-0.46399,0.025890119333085486,-0.10472721520410878,-0.80082,-0.022884354843261026,0.1507927304066122,-0.80864,-0.009109511102071782
276,0.014523234781943856,0.84255,0.13721656114138897,-0.1443008101508599,0.63068,0.054412068870844106,-0.23676018318808723,0.86533,-0.04259610490107497,0.21012390516512316,0.61913,0.10105691482604405,0.34609123255415125,0.85313,0.07317480149715762,-0.2588021517840096,1.1571,-0.11678576014637432,0.4314366935493882,1.0788,0.007070614129711078,-0.051548158978456216,0.056992,-0.014218251050386032,0.10472116078603314,0.048475,0.006448607572631016,-0.10319560531558489,-0.41315,-0.03341335271339927,0.1369606337387184,-0.4637,0.024993674537543187,-0.10471667253386799,-0.80044,-0.022886557592496404,0.15007441560243018,-0.80089,-0.009124472455383954
277,0.013241083026621314,0.84402,0.1378942128781412,-0.14555739242519328,0.63031,0.053591397811386526,-0.23785934226008343,0.86477,-0.0440216287817758,0.20983883186128263,0.61943,0.10100360243126161,0.3455751145721116,0.85282,0.07293452825974803,-0.26004781469789107,1.1565,-0.11864734895837879,0.4317649090799199,1.0787,0.006188202340625171,-0.05210712966998487,0.057499,-0.015603358181987041,0.1039507586638427,0.048648,0.005116592343692378,-0.1040694242730351,-0.41287,-0.034849914382663987,0.13621334908272173,-0.46342,0.024106430691178536,-0.10471840901564466,-0.80002,-0.02287670951496628,0.14962116004452886,-0.79309,-0.010124370149766512
278,0.011955148858793493,0.84554,0.13844934648009027,-0.14669621897650437,0.62994,0.0526787779091113,-0.23896822384620614,0.86432,-0.04579512747869047,0.2094293543350716,0.61973,0.10113753209760964,0.3451421241985774,0.85258,0.07228040263234392,-0.26131838142833985,1.1559,-0.12088599055172877,0.4322280234182888,1.0786,0.004771092214489195,-0.0527250506216813,0.058004,-0.016838422430297463,0.10319298299002505,0.04893,0.0037705566724822084,-0.10482871291185487,-0.41249,-0.03624495730779541,0.13565995017872637,-0.46302,0.023213772496203124,-0.10469923380511742,-0.79973,-0.022870282128153906,0.1491845453178278,-0.79274,-0.010182064000632731
279,0.01052913885630858,0.84708,0.13896962666692522,-0.1478360615906716,0.62957,0.0515415695663137,-0.2400273681425322,0.86388,-0.047735524953322915,0.2090089868422645,0.62004,0.10127563412869908,0.34477546742891213,0.85235,0.07125008044328918,-0.2625527055582532,1.1554,-0.12327258644175995,0.43291390075857167,1.0785,0.0027240950786615453,-0.05333217893973668,0.058513,-0.01794465531961835,0.10247477327450555,0.049418,0.0024304821206257033,-0.10553585901260057,-0.41225,-0.03759018903214633,0.13513758264611359,-0.46246,0.022605828287519426,-0.10473056438808134,-0.79956,-0.022807772972255426,0.14867363499729522,-0.79224,-0.010048757420250177
280,0.00905207566917381,0.84872,0.139359053606429,-0.14891961815288773,0.62925,0.05025791027488223,-0.24109874172227885,0.86342,-0.049721742124888224,0.20859526784880555,0.62037,0.10131844294147571,0.34450267862855777,0.85209,0.06997534507059364,-0.26379355262411114,1.1548,-0.12591012744791547,0.4336919594549856,1.0785,0.00038466231302487774,-0.05393628373202655,0.058982,-0.018970136377430936,0.10181872782276791,0.049961,0.001140970443573367,-0.10626791249755944,-0.41129,-0.038506225437077685,0.1346169515952775,-0.46185,0.021988036001305607,-0.10475946389655795,-0.79938,-0.02275905112489912,0.148280406488801,-0.79171,-0.010122155922328992
281,0.0075224036765062785,0.8504,0.13967827859738138,-0.14994133192146747,0.62884,0.04879628618672048,-0.24211544195227028,0.86285,-0.05178767645161193,0.20790632362903624,0.62073,0.10130967584124656,0.3442938163999718,0.85176,0.06851082720813167,-0.26496886041600465,1.154,-0.1288041847373129,0.4346097292396148,1.0783,-0.002459172883047811,-0.05453806680397765,0.059459,-0.019962714401725798,0.1012327130756427,0.050441,-0.00018290255492452168,-0.10679454553980709,-0.41008,-0.039377917262674894,0.13415734318196348,-0.46129,0.02154245648381075,-0.10484571538843859,-0.79897,-0.02273059624573295,0.1477410232185998,-0.78382,-0.011036713021600024
282,0.006076520846128981,0.85182,0.13975842122536503,-0.15083794687496602,0.62844,0.04714348080641621,-0.24312202071936012,0.86222,-0.053968600151708714,0.20694269916987645,0.62114,0.10141900516809466,0.34445052453485714,0.85136,0.06693103875379332,-0.26609993779119007,1.1532,-0.13189149748003004,0.4356179937671954,1.078,-0.0056434661550977955,-0.05509136597077921,0.059889,-0.020971113644097938,0.10068248427854909,0.050877,-0.0016060698925376739,-0.10736109183670822,-0.40914,-0.04025360059211974,0.1337966127089029,-0.46072,0.0210544016448782,-0.10488394202991232,-0.79869,-0.022686565303412346,0.14748904280570976,-0.78325,-0.011392879936851528
283,0.004615504177668976,0.85324,0.13973435268818443,-0.1516683039194026,0.62799,0.04540284667520008,-0.244109845483262,0.86151,-0.05625588308913081,0.20589860347729597,0.62154,0.10146642019456117,0.34459517703449954,0.85091,0.06530444579476909,-0.2671571167374961,1.1522,-0.13510997051479157,0.4366901109555605,1.0772,-0.009132298156557889,-0.05558650199460135,0.060288,-0.02195808746234926,0.1001819026510131,0.051185,-0.0030113442551350372,-0.10765747453066118,-0.40983,-0.04081865129668101,0.13344481220388718,-0.46025,0.02063087785018574,-0.10495808801795317,-0.79844,-0.022669176443258665,0.14732576900157468,-0.78274,-0.01161866227646928
284,0.003230526797533273,0.85405,0.13956122367122759,-0.15253743259223287,0.6275,0.0435365711462215,-0.24507541923803547,0.86064,-0.05849659465559639,0.2047073574348935,0.62167,0.10142696304742024,0.3447441208699867,0.85033,0.06371110316561791,-0.2681800389080279,1.1512,-0.13817719715021237,0.43786085674119457,1.0763,-0.012374252860963872,-0.056002548757707986,0.060288,-0.022823480489192263,0.09977969965734584,0.051263,-0.0043007754289031835,-0.10784691755720414,-0.40935,-0.04135672223967482,0.13338121066991,-0.46006,0.02024293991072151,-0.104988426580448,-0.79844,-0.022554705610179894,0.14732576900157468,-0.78274,-0.01161866227646928
285,0.0018015707479125571,0.85473,0.13930926016543288,-0.15320669756403732,0.62699,0.04174615404467348,-0.24598475680945475,0.8598,-0.06082588664699748,0.20334648651676618,0.62179,0.10131291768716674,0.3449500213077486,0.84919,0.06179474359347873,-0.2695996589829613,1.1469,-0.1421043742334168,0.4390171897280823,1.0753,-0.01553446852186982,-0.05637063736867546,0.060288,-0.023736265663521928,0.09943804582102585,0.051263,-0.005490172610725902,-0.10801780605494662,-0.40887,-0.041769670325200486,0.1333367344778632,-0.46002,0.01991929988176802,-0.10502335390654605,-0.79844,-0.022529386015166526,0.14696208472567085,-0.78268,-0.01168685133321809
286,0.00031404477340541206,0.85528,0.1390266606693849,-0.15393936816307713,0.62643,0.040142565009632813,-0.2468678993322563,0.85886,-0.06307338732206297,0.2018985457344668,0.6219,0.1011743807211461,0.3452810686453657,0.84775,0.06003245625588119,-0.2708707154802644,1.1426,-0.14577993084169577,0.440055643212367,1.074,-0.018659621055903464,-0.05672690828660678,0.060288,-0.02464696705971959,0.09915516440863432,0.051263,-0.006442766494037872,-0.10814843400168031,-0.40978,-0.04218059652238454,0.13328456789740217,-0.46002,0.01969686191764543,-0.10502387485107904,-0.79823,-0.022526431591907488,0.1466115238002858,-0.78268,-0.011944642018839553
287,-0.0012286304352704149,0.8557,0.13873433687538758,-0.15469041964273972,0.6256,0.03841286830937101,-0.24760024489350485,0.8578,-0.06525469678633425,0.20034912228924892,0.62193,0.10109309119285834,0.3455713585298279,0.84647,0.058443728216543145,-0.2720750688187795,1.1383,-0.14925790281340684,0.4410194538064649,1.0722,-0.02159180354318231,-0.05705340183821839,0.060155,-0.025542263636701784,0.09891068328589418,0.051263,-0.007440376127423459,-0.10825713240943105,-0.40947,-0.042773479020146485,0.13325688749381506,-0.46002,0.018932442009965595,-0.10502891064823139,-0.79802,-0.022497872167070134,0.14633848030547827,-0.78268,-0.011720652621895672
288,-0.002715923276048207,0.85609,0.13846193275322505,-0.15533619402578513,0.62481,0.0368347556878505,-0.24825164814539655,0.8567,-0.06731917584978463,0.1987771005385474,0.62189,0.10096719990912006,0.3458499641177895,0.84533,0.05697885282035528,-0.2732221957372941,1.134,-0.1523693694824906,0.44179314725605023,1.0702,-0.02407924287833578,-0.05737741685098446,0.059977,-0.02652648072225873,0.0986927204657402,0.05119,-0.008530790823321543,-0.10830842896518085,-0.40962,-0.043403965073416664,0.1331923696341756,-0.46002,0.018204174582582257,-0.10500926436176804,-0.79802,-0.022436528679818428,0.14618964155865363,-0.78272,-0.011452423191288832
289,-0.004097270874123791,0.85633,0.13814728403911547,-0.15591719942238366,0.62411,0.03529243382483896,-0.2488095325081555,0.85562,-0.06922297443098722,0.1972301580364138,0.62186,0.10081425254859176,0.34639905834649054,0.84396,0.05524688961982035,-0.27431916594249584,1.1297,-0.1551318242547719,0.44256731178157177,1.0681,-0.026511766113049895,-0.057612789549024636,0.059785,-0.027426018766488813,0.09851276077028535,0.051032,-0.009606381130088857,-0.10828982100013766,-0.40962,-0.04414296084041196,0.13312906731177981,-0.46006,0.01746901350092784,-0.10500740410041058,-0.79791,-0.022389491041403198,0.1459990292958181,-0.78281,-0.011235222902944847
290,-0.005397992824510554,0.85648,0.13775546340696085,-0.15631860808614648,0.62355,0.033883322372662034,-0.24935506380791309,0.85464,-0.07102406759931162,0.19592314209575024,0.62188,0.10056754354824655,0.34703232028894027,0.84266,0.0534982892331554,-0.27541259105698324,1.1255,-0.15739609489208717,0.443310838533017,1.0663,-0.028482595372495062,-0.057813123162579506,0.059579,-0.028380304071457953,0.09836682231263683,0.050811,-0.010558183087735071,-0.10825012769461291,-0.40962,-0.044886362105878,0.13309925326146382,-0.46016,0.016774281809982507,-0.10500380735727646,-0.79778,-0.02235230148051809,0.14594681106293722,-0.78304,-0.010996666292986533
291,-0.0066263815838557005,0.85662,0.1372240830762047,-0.15672237391341273,0.62303,0.032602754468671,-0.24986298914792374,0.8537,-0.07275049623930084,0.1948419373455688,0.62189,0.10036471285977677,0.34766166223428757,0.84147,0.05188709566445346,-0.2764978805333302,1.1213,-0.1594761542067536,0.4440943764924867,1.0644,-0.030162050125106796,-0.05801445120084217,0.05933,-0.0294038137299416,0.09823560129420918,0.050563,-0.011484035151686337,-0.10819602159034176,-0.40962,-0.04571150241484405,0.13308925914578884,-0.4603,0.016139908798535867,-0.10500589113540847,-0.79754,-0.022340483787481942,0.1459279074539585,-0.78328,-0.010716695484566129
292,-0.007737473674921207,0.85672,0.13663215118386265,-0.15722918523719642,0.62262,0.03138829727218996,-0.25034417445239665,0.85285,-0.07422546122287141,0.1938493652931585,0.62189,0.10017751050729704,0.348283611218979,0.84037,0.05043300506877475,-0.2776497752150945,1.1168,-0.16146641515500215,0.44486811445920027,1.0626,-0.03149798783281102,-0.058209235285427784,0.059051,-0.03044140091200976,0.09811462792250258,0.0504,-0.012450728196731108,-0.10814109711377923,-0.40995,-0.04648369623887681,0.13309323079531113,-0.46039,0.015541507406491975,-0.10500589113540847,-0.7973,-0.022340483787481942,0.14581975224930485,-0.78343,-0.010736781591862504
293,-0.008858880110975551,0.85684,0.13601809206197302,-0.15769357832085545,0.62227,0.0302788005106581,-0.2507792209940299,0.85214,-0.07550139049466233,0.19310118478624064,0.62179,0.09992881203712042,0.34895951313450513,0.83938,0.04913363383599015,-0.27881092311887196,1.1125,-0.16334661076864265,0.4455677304802599,1.0606,-0.03264390991701949,-0.05837130441010553,0.058757,-0.031583901064668914,0.0980355398251942,0.050213,-0.013395819765238702,-0.10812618562906394,-0.41061,-0.04714414051936047,0.13308544423734892,-0.46054,0.014952202417954544,-0.10502176703056006,-0.79704,-0.022365622521601552,0.14566089356059533,-0.78364,-0.010872427885661843
294,-0.00977591280186207,0.85684,0.13541976101326716,-0.1580816677273577,0.62199,0.029254853435580125,-0.25124048841049096,0.85144,-0.07662861379574841,0.19261029565855958,0.62162,0.0994878711518257,0.34938874025201905,0.83894,0.048139058508732006,-0.2794685572304185,1.1115,-0.16439676188887745,0.446238397124246,1.0586,-0.033683239630173265,-0.05847022686748712,0.058539,-0.03269292737068044,0.09801137504104125,0.050111,-0.014289594380679779,-0.10803335598117308,-0.40993,-0.04818889295724826,0.13309358344313524,-0.46055,0.014330165639838358,-0.10505473435810686,-0.79664,-0.02240900633556968,0.14565042658516134,-0.78367,-0.011158592947165282
295,-0.010477634316626433,0.85684,0.13475785247297112,-0.15842503159882868,0.62171,0.02826519377096382,-0.2516153805554905,0.85079,-0.07772740626005531,0.19221004909579767,0.62146,0.0989359846698411,0.3497225125242361,0.83851,0.047225132871549697,-0.28018413818088606,1.1106,-0.16557898179368705,0.446841911792072,1.0566,-0.034399319266609704,-0.05852443100255353,0.05833,-0.03381945429523294,0.09802346968709469,0.050029,-0.015210484558462578,-0.10793571405290447,-0.40956,-0.049203349488522015,0.13311174437462928,-0.46058,0.013708880535745824,-0.10507837455265655,-0.79632,-0.022447699244502104,0.14571576638473807,-0.78373,-0.011183627135613706
296,-0.011047443865322755,0.85688,0.13415982063584664,-0.1587220572330725,0.6214,0.027243087723333708,-0.2519933244567042,0.85028,-0.07869371594516428,0.19199297196661874,0.62131,0.09838187139623415,0.35012182407041736,0.8375,0.04605469095112549,-0.28086784356146965,1.1097,-0.1666540385143121,0.4474118384506244,1.0551,-0.03504008724635849,-0.05850136829085849,0.058175,-0.03501562197216175,0.09807965956949781,0.049899,-0.016047442560464788,-0.1078467304911322,-0.40893,-0.04999593886880308,0.1331440429356753,-0.46065,0.013525706293685552,-0.10503342550085072,-0.79632,-0.022472267165491815,0.14591577969155467,-0.7838,-0.011281380279278254
297,-0.011472434401490691,0.85691,0.133546707233475,-0.15897604394546483,0.62111,0.026207246639997007,-0.25236385135487505,0.84979,-0.07964450183995439,0.19185485310585837,0.62117,0.09784066516908754,0.35050416796378425,0.83647,0.044922889666798124,-0.2814774029540123,1.1087,-0.1677464840950908,0.4479655659600567,1.054,-0.0355313975813788,-0.05842511874778468,0.058037,-0.03615062461849392,0.09818814880848176,0.049786,-0.016956412903778955,-0.10769476250946373,-0.40827,-0.051088142939729214,0.13318919146186872,-0.46075,0.01326965627790238,-0.1050397008776337,-0.79623,-0.022609440849725458,0.14610252182588465,-0.78391,-0.0114190442733576
298,-0.011819391991441308,0.85691,0.13295750741102455,-0.1592413177894055,0.62085,0.025235418060606113,-0.2526590665963584,0.84932,-0.0805616997254709,0.19194120611875573,0.62103,0.09729334519214211,0.3507525810273959,0.83581,0.044205121633359,-0.2820678370046247,1.1079,-0.16877463176535878,0.44843936722298844,1.053,-0.03591494987669763,-0.058354552130215696,0.057914,-0.03732826180900927,0.0983161557458709,0.049651,-0.017895450828455194,-0.10752610026035225,-0.40736,-0.05210226179160243,0.13323746565526012,-0.46089,0.012995879722564984,-0.1049941311441011,-0.79623,-0.02275270424137094,0.1461765680767317,-0.78405,-0.01132069208611455
299,-0.01209209904767988,0.85694,0.13226970303369212,-0.15946112163700735,0.62057,0.02423606713696646,-0.25289593783396846,0.84884,-0.08140666896561699,0.19206010525186068,0.62088,0.09667662240502711,0.3509383329250797,0.83526,0.04361237191171684,-0.28262004441376337,1.1071,-0.16984681037794735,0.448887668030013,1.0521,-0.03638423271936414,-0.05825060899895415,0.057788,-0.03843604194308983,0.09845047109896901,0.049536,-0.01887602432693561,-0.10727188111207078,-0.4066,-0.05314089629162977,0.13330149196422234,-0.46083,0.012690356185401845,-0.10493762157537545,-0.79623,-0.022958010521456185,0.1461765680767317,-0.78405,-0.01132069208611455
300,-0.012307972660808686,0.85697,0.131622382724143,-0.15959767588034576,0.6203,0.02328287358966021,-0.25310973969015876,0.8484,-0.08215212034987326,0.19217315021552184,0.62077,0.09603551255781617,0.3511610220160097,0.83464,0.04286772866238142,-0.28312995736235813,1.1064,-0.17087091427153211,0.4492687687761033,1.0516,-0.036875519011997454,-0.0581096451465078,0.057709,-0.03951190865988308,0.09861405008656997,0.049426,-0.019786450553938895,-0.107030338280759,-0.4059,-0.054107639825687226,0.1333541073620554,-0.46085,0.012391959436239147,-0.10491447649914888,-0.79622,-0.02314686047630518,0.14635383525609683,-0.78411,-0.011692559464517024
301,-0.012468930173498167,0.857,0.13097459133865783,-0.15959658055503703,0.62004,0.022412846118678702,-0.2532602356563074,0.84793,-0.08296865875324017,0.19233303031855623,0.62057,0.09518637514099029,0.35135572970794826,0.834,0.0421090126979389,-0.28351588907974445,1.106,-0.1717919228000025,0.44958847376210637,1.0513,-0.03730655117080324,-0.05790409316850832,0.057676,-0.040602787839416954,0.09877063087422863,0.049333,-0.020616876623457552,-0.10683101599900727,-0.40541,-0.05500770183910479,0.1334134451702206,-0.46085,0.012113025708407336,-0.10489909572232038,-0.79638,-0.023349264605966983,0.14652284123391782,-0.78415,-0.011902399831131203
302,-0.012529099615979863,0.85703,0.13027349174645184,-0.15963301727849138,0.61985,0.021582910359005752,-0.2533879098001978,0.84744,-0.08379945073260794,0.1927917518000637,0.62035,0.09425487978276054,0.35145520607136443,0.83348,0.04137209109212084,-0.28384330314508,1.1057,-0.17264168749085548,0.4498537289151288,1.0513,-0.03771672150590201,-0.057710813129810246,0.057657,-0.04162982816318271,0.09892640050231198,0.049341,-0.021448461148906875,-0.10659329342760415,-0.40462,-0.05595277960259597,0.13350912531611508,-0.46074,0.011570396636497608,-0.10485121869388121,-0.79658,-0.023563201022099987,0.14668653981303792,-0.78404,-0.012370078968140831
