FrameNo,head_x,head_y,head_z,left_shoulder_x,left_shoulder_y,left_shoulder_z,left_elbow_x,left_elbow_y,left_elbow_z,right_shoulder_x,right_shoulder_y,right_shoulder_z,right_elbow_x,right_elbow_y,right_elbow_z,left_hand_x,left_hand_y,left_hand_z,right_hand_x,right_hand_y,right_hand_z,left_hip_x,left_hip_y,left_hip_z,right_hip_x,right_hip_y,right_hip_z,left_knee_x,left_knee_y,left_knee_z,right_knee_x,right_knee_y,right_knee_z,left_foot_x,left_foot_y,left_foot_z,right_foot_x,right_foot_y,right_foot_z
75,-0.026624851372228118,0.83006,0.11263786534912122,-0.1727651690845541,0.58366,0.019467396723378994,-0.26403664998726206,0.7401,-0.16605218897534613,0.15557362629451799,0.5739,0.0894906406143886,0.33321914492156823,0.72407,-0.02318940184090306,-0.15853599858608833,1.0134,-0.1603962669525441,0.2596971991117573,0.97184,-0.08788929043693708,-0.07266378326395052,0.021622,-0.059632891157226496,0.09421074583305386,0.018632,-0.0305242069607013,-0.0995133803495509,-0.44364,-0.08579676276180598,0.129868215747585,-0.46766,-0.006249565948025004,-0.08304238032586875,-0.85581,-0.10387221028655241,0.1499858872190773,-0.86761,-0.02710805629524583
76,-0.02625683015736864,0.83006,0.1114030113555603,-0.17272490674972235,0.58366,0.019066294561338078,-0.26416645956170426,0.7401,-0.1664101686875969,0.1557602945178641,0.5739,0.08923822038066553,0.33366449370957246,0.72407,-0.023641942951768358,-0.1589345603194933,1.0129,-0.16049700693797794,0.26230422364175426,0.9693,-0.09029310471844763,-0.07271675619550953,0.021622,-0.05982196222461135,0.09426175333716844,0.018632,-0.030721344563720103,-0.098921941791709,-0.44364,-0.08753852176703542,0.1302591939650612,-0.46766,-0.007775861146687154,-0.08279931910066167,-0.85581,-0.10433503448730345,0.15009912987330315,-0.86761,-0.027577524186867704
77,-0.025762126276096496,0.82938,0.10970309016037084,-0.17261972582265311,0.58345,0.018527371586711038,-0.26423256608115264,0.73903,-0.16689907555816266,0.15589271238261718,0.57373,0.08877517987585604,0.3343869039428575,0.7231,-0.02416849727455471,-0.1593782224943177,1.0124,-0.1599964433809444,0.2648394816057779,0.96575,-0.09223232287426575,-0.07275317066039977,0.021276,-0.06007614717055969,0.0943217382736861,0.018334,-0.030929084322531386,-0.0978801872082257,-0.44371,-0.09108550969875884,0.13100711535719092,-0.46766,-0.01063542922442106,-0.08262762789689149,-0.85581,-0.10481348942828321,0.15038678742506753,-0.8683,-0.02851785877248758
78,-0.025157172011260963,0.8284,0.10767736403439594,-0.17251642919932828,0.58316,0.017768784210326693,-0.2642807129273174,0.73786,-0.16737466138764498,0.15618597476084087,0.57331,0.08814858496882393,0.33523716553585653,0.72192,-0.024671492526491375,-0.15972804252604103,1.0118,-0.15950979572051122,0.26737997305751854,0.96202,-0.09402845849933214,-0.07274306362293038,0.020772,-0.060294712601938,0.09438229883181107,0.017911,-0.031163123675631663,-0.09673203794425236,-0.44394,-0.09477519020899783,0.13187209966345512,-0.46766,-0.013986130964343101,-0.08243720851614318,-0.85616,-0.10516780631954785,0.1506839217156197,-0.86929,-0.029627114024166862
79,-0.02455563843714318,0.82593,0.10563072621611713,-0.1725075695746214,0.58148,0.016912310914158013,-0.2642790485727018,0.73526,-0.16790238975520133,0.1565000490941747,0.57149,0.0876343104184708,0.336208729726415,0.71925,-0.025171376536662203,-0.160132312390745,1.0099,-0.15900228623637103,0.26984693741912225,0.95684,-0.09552277668451811,-0.07269200144174152,0.018883,-0.06051519537598676,0.09446585966884934,0.016165,-0.031377876059817414,-0.09562052487812092,-0.44394,-0.09906332438411633,0.13299308768455145,-0.46793,-0.018040061755138444,-0.08206197155645141,-0.8577,-0.10575253037761395,0.15099722932908194,-0.87062,-0.030655329633534185
80,-0.02382294038291939,0.82319,0.10327212545266931,-0.1723595215900554,0.57946,0.015957513661194873,-0.2642710091041092,0.73249,-0.1684086854859208,0.1568160834260598,0.56947,0.08705133245913618,0.337478911778672,0.71581,-0.02569476315678554,-0.16246682949373983,1.0022,-0.15900775394380007,0.2725584153219762,0.95094,-0.09661858122107306,-0.0726353777103899,0.016769,-0.06073266664546349,0.0945825068045378,0.014207,-0.03152688426675809,-0.09412751390094692,-0.44511,-0.1039025849910725,0.13432381509423658,-0.46841,-0.022650018974149554,-0.08166227362567981,-0.85928,-0.10622835236548009,0.15130307007090446,-0.87221,-0.03164119850952199
81,-0.02306209689848137,0.82043,0.10085756189123875,-0.17221693060998094,0.57723,0.014918489208931407,-0.26428616279651734,0.72955,-0.16907138478847544,0.1572524782036321,0.56726,0.08636163354068872,0.3388145574100866,0.71218,-0.026186298249411974,-0.1647451602819774,0.99432,-0.15904393155246624,0.2753567894408247,0.94484,-0.09768890934410784,-0.072587091495805,0.01442,-0.060920129819129844,0.09485372129309098,0.012001,-0.031573496509772495,-0.09245264519698164,-0.44633,-0.1094276857887483,0.13578365926947625,-0.46862,-0.027301181300280405,-0.08119017642601459,-0.8609,-0.10720115256802337,0.15160045192061822,-0.8732,-0.03263668232931055
82,-0.022048487124796515,0.81718,0.0977869234842148,-0.1719011162272246,0.57461,0.013588118480283094,-0.264282834087286,0.72652,-0.17012684152358817,0.15779717779164878,0.56487,0.08551840915844253,0.34031980387483896,0.70818,-0.026775871892267884,-0.1667957955759884,0.98613,-0.1588165664474997,0.27823223574052447,0.9384,-0.09856287077205708,-0.07253573669533507,0.011878,-0.06111923703765467,0.09518808244894034,0.009629,-0.03158663490613927,-0.09071558640302463,-0.44728,-0.11513272099866037,0.13740509241949408,-0.46873,-0.032177707783344264,-0.08068054477334761,-0.86261,-0.108196781805541,0.15190859995734726,-0.8743,-0.03369322422978588
83,-0.02074052864411824,0.81312,0.09357099872055717,-0.1713459425284823,0.57118,0.01141856295801022,-0.2644823433566648,0.72278,-0.1718171657680549,0.15869144985222722,0.56174,0.08407476568387244,0.342298306615603,0.70358,-0.027918670170525683,-0.16871664533794414,0.97727,-0.15840384839362448,0.28137824280812457,0.93138,-0.09918603971432711,-0.072217741744483,0.008701,-0.061350531679254056,0.09587437688592518,0.006698,-0.031470699813248154,-0.08847314463636463,-0.44831,-0.12197629432866415,0.13950474373169203,-0.46874,-0.0377507745662911,-0.08006412608371581,-0.86451,-0.10942946911344703,0.15227432171043206,-0.87464,-0.0343852304431399
84,-0.019404370056151435,0.80899,0.08927576598788683,-0.1707192516067511,0.56748,0.00907376392853675,-0.2646731942595474,0.71879,-0.17372935716351426,0.15976822257988774,0.55833,0.08240233736165159,0.3444185766126814,0.69901,-0.02894406723483267,-0.17044167517555722,0.96818,-0.15783475081030107,0.2846893358564432,0.92415,-0.09988164220524834,-0.07175794409415197,0.005265,-0.06162587168860624,0.09670011205040811,0.00353,-0.031304791892592346,-0.08620966739781993,-0.4491,-0.12876640263344027,0.14183943541399838,-0.46875,-0.04356265513531258,-0.07932658565741829,-0.86661,-0.11070984840083686,0.15247059223596968,-0.87567,-0.03515280967735952
85,-0.017865891486877287,0.80454,0.0843917203603477,-0.16996773347148728,0.5633,0.006251385411687963,-0.26488088725184067,0.71427,-0.175949146257314,0.16098698786446003,0.55465,0.08038533087154764,0.3467097368913251,0.69427,-0.02995964026399653,-0.1718584643745391,0.95895,-0.1568254399733196,0.2859916134277129,0.91987,-0.09955047287187341,-0.07116554950199702,0.001617,-0.061910324931135775,0.09771302738623117,0.000104,-0.03104292260753874,-0.08376259773453025,-0.45026,-0.13584907515608366,0.14425278793696497,-0.46875,-0.04941752956606607,-0.07859942146589999,-0.86874,-0.11204079777574694,0.15268678243334208,-0.8766,-0.0359757712794772
86,-0.01634448511608879,0.80013,0.07962753106363371,-0.16917250586404828,0.55902,0.003238705864778455,-0.26500579993198375,0.70979,-0.1785808181256022,0.16223755480793237,0.55102,0.07836073132598456,0.34929286831614215,0.68952,-0.031306546735182586,-0.17307191690894178,0.94952,-0.1557599668639678,0.2873315468273264,0.91549,-0.09920250953386173,-0.07049529080332502,-0.002082,-0.062135354433322736,0.09884730720940406,-0.003393,-0.030749499222746644,-0.08176130520187563,-0.45141,-0.1409794969904693,0.14634491894128052,-0.46845,-0.054084130991169946,-0.07780943928994706,-0.8708,-0.11361858900454644,0.1530968565988929,-0.87724,-0.0364010231798231
87,-0.01477121261725217,0.7956,0.07459222941979901,-0.16819837254883838,0.55416,-0.00044307214104945605,-0.2649622017526289,0.70501,-0.181649873224286,0.16366658042562648,0.54684,0.0757847439844058,0.3521176886104158,0.68456,-0.032987560210756134,-0.17415732039306586,0.93992,-0.15449929272817725,0.28876011292471104,0.91085,-0.09883891785985999,-0.06979196263567371,-0.006062,-0.062415478492604086,0.1000385869111483,-0.007217,-0.0304683646069268,-0.07960655933258327,-0.45191,-0.14651949430443684,0.14853895381585375,-0.46818,-0.058695193229869005,-0.07714374476949992,-0.8725,-0.11500404048527274,0.15356981544714615,-0.87817,-0.03701014872341733
88,-0.012795876648017259,0.79156,0.06818083949181564,-0.1669333081926983,0.54999,-0.004853398792764037,-0.26477330991716375,0.70058,-0.18548534188854263,0.16539660867855546,0.5433,0.07242308914726568,0.35562823128771276,0.68016,-0.03533258709991463,-0.17509383704559137,0.93064,-0.15316159449630934,0.28985063588877497,0.90662,-0.09661577601444185,-0.06904530292688987,-0.009387,-0.0626879620320681,0.10137590837538069,-0.010305,-0.030157417181622532,-0.07752248648777843,-0.45191,-0.1520617989133109,0.15063051400703945,-0.46864,-0.06330096970801549,-0.07666362911897473,-0.87303,-0.1162181137788266,0.15406815097172574,-0.8785,-0.03759042943560925
89,-0.010704081616703743,0.78781,0.06151785010663933,-0.16558107423519236,0.54602,-0.009354974886108217,-0.26464933489011316,0.69587,-0.18958611379059567,0.16719728591358493,0.54021,0.06889111484169004,0.35912632116481463,0.67541,-0.03766457835455461,-0.17647316275532532,0.9268,-0.15351650376142773,0.29109632462886637,0.90203,-0.0949846844894778,-0.06831318460491057,-0.012161,-0.06297011759664586,0.10275852618777422,-0.012784,-0.029873007292814006,-0.07540708484383259,-0.45191,-0.15726348862770095,0.15267623107932105,-0.46864,-0.06764675693936674,-0.07632217785912121,-0.87303,-0.11689916813579414,0.15427496059985832,-0.8785,-0.03755396331829919
90,-0.008448031618572419,0.78404,0.05422278057949076,-0.16406357886496734,0.54204,-0.014333093386239115,-0.26429895024941785,0.69084,-0.19433745366515368,0.1690632308210302,0.53707,0.06481622605763972,0.3629131826099079,0.67086,-0.0404249327513063,-0.1766562324517144,0.92248,-0.1536300180172021,0.2924451087340721,0.89741,-0.09347757419572214,-0.06762190485978606,-0.014894,-0.06324525813161047,0.10398658145578045,-0.015179,-0.02965646801526334,-0.07341966012300434,-0.45191,-0.16214249907850356,0.15468821232036128,-0.46864,-0.07214674499331777,-0.07592552509226341,-0.87303,-0.11761110604217646,0.15454983852981338,-0.8785,-0.03750041778978741
91,-0.006257975761086409,0.78064,0.04682976324276746,-0.16245253877939958,0.53839,-0.019381028691162698,-0.26401992965827475,0.68607,-0.19989340970437122,0.1709942937951006,0.5339,0.06037203436620983,0.36677483655097864,0.66638,-0.04355186876590788,-0.17651265123499377,0.91796,-0.15421395674190275,0.29390212552256123,0.89268,-0.09264186965579144,-0.06691209943672549,-0.01783,-0.06360242792511744,0.10520797860748365,-0.01769,-0.02941368622473669,-0.07144597043788267,-0.45164,-0.16706454845115762,0.15672919280707193,-0.46784,-0.07681119594202186,-0.07554937242732511,-0.87299,-0.11827588733904018,0.15482169052976424,-0.87817,-0.037544886769118116
92,-0.004067408576022192,0.77761,0.0393647407774483,-0.16077732456290192,0.53493,-0.024504975053961986,-0.2634124495450844,0.68173,-0.20541175800001898,0.17298444701817461,0.53138,0.055535137515057426,0.3706347299678858,0.6621,-0.04684158346632143,-0.17598616066324513,0.91315,-0.15478114954674058,0.29527160315476514,0.88821,-0.09228869687244973,-0.06643476572468879,-0.020122,-0.06399449619385805,0.10615133850269196,-0.019782,-0.029448400891846527,-0.06995837435231077,-0.45076,-0.1708537973062991,0.15820639823243238,-0.46619,-0.08075459094268887,-0.07529927934283398,-0.87169,-0.11857703422859694,0.15494443396516488,-0.87641,-0.03801064856345728
93,-0.0018415811939367938,0.77468,0.03176885304360449,-0.1590686220743244,0.53162,-0.029588492026052175,-0.2628878218712052,0.67725,-0.2110361038112045,0.17492726998355237,0.52873,0.05067872536973853,0.3745021160826425,0.65787,-0.05040414218715496,-0.17489081293204295,0.90859,-0.15534958014738615,0.2964377441223897,0.8836,-0.0919916863614783,-0.06605879810870588,-0.022598,-0.06432421933792307,0.10704092873219813,-0.021987,-0.02956976902426665,-0.06854943429892167,-0.45002,-0.1745655269470402,0.15927700245579543,-0.46552,-0.08429243019807023,-0.07510591934384304,-0.8704,-0.11861401950661708,0.15508669990744808,-0.8747,-0.03847195258649012
94,0.00042497238620035644,0.77165,0.02377499121915647,-0.15735260053607497,0.52855,-0.03494386821080934,-0.2622728250177782,0.67285,-0.21665466936393007,0.1768928408602045,0.52635,0.04569330340877504,0.3783897451232024,0.65368,-0.05419667965473464,-0.17390862502496815,0.90399,-0.15734940686867877,0.29751525239224325,0.87918,-0.0917103041864969,-0.06570066638642576,-0.024964,-0.0646103778071262,0.10792487628784159,-0.023915,-0.02986069292990514,-0.06736094273982378,-0.44927,-0.1776662545735745,0.16056828411911733,-0.46395,-0.08804521471972458,-0.07491979067852375,-0.86928,-0.11858120000103804,0.1554248855112677,-0.87283,-0.03889261812747151
95,0.0028659787112794667,0.76883,0.01516607879534103,-0.15554342966361223,0.52538,-0.04071234511153732,-0.26173666086936626,0.66816,-0.22263238029755325,0.17902168910863744,0.52387,0.04012741568666424,0.38214580406515636,0.6494,-0.05850997552037701,-0.17285124567314064,0.89776,-0.1601787793974082,0.29840329180934394,0.87446,-0.09173649566746889,-0.06524281190497505,-0.027295,-0.06469617567315741,0.10890226882163392,-0.025916,-0.030105692592939572,-0.06614619486273346,-0.44892,-0.18107713475251724,0.1618485520362624,-0.46395,-0.09185071259258289,-0.07470256215973117,-0.86844,-0.11860382234890872,0.15560339227026349,-0.87092,-0.03909875239680298
96,0.005281334974660766,0.76615,0.006645047395273038,-0.15376380302373982,0.52236,-0.046486031457595306,-0.2613250247229055,0.6635,-0.22847973488599124,0.18108822348749795,0.52192,0.03468457666084439,0.3857941049674089,0.64521,-0.06290319763252014,-0.17170763708799658,0.89152,-0.16361235761902845,0.2991306434540563,0.8697,-0.09338524051884348,-0.06476390031349138,-0.02927,-0.06457314442695314,0.10985294357845257,-0.027653,-0.03002640509866806,-0.06503723959790018,-0.44896,-0.1841817325075571,0.1631010362449807,-0.46395,-0.09549864122495927,-0.07438944137904727,-0.86807,-0.1188938557550948,0.15579236778851616,-0.86904,-0.039421845655013575
97,0.00755802925160908,0.7639,-0.0013257023918743925,-0.15208804203649923,0.51978,-0.05184342953069408,-0.26087164088664366,0.65945,-0.23404556304512592,0.18300696100859978,0.52006,0.029504058219113293,0.38889153242587843,0.6414,-0.06710923414443,-0.17003932249765452,0.88538,-0.16794853409464053,0.29971022585104284,0.86538,-0.09540528612355224,-0.06422398772263395,-0.031217,-0.0644332644990378,0.11072051655297552,-0.029464,-0.029763762501442494,-0.0639557063197061,-0.44956,-0.18702715457961583,0.16438182689048167,-0.46434,-0.09971021757145912,-0.0740670673763501,-0.86837,-0.11929395449588891,0.15596224200722547,-0.86721,-0.039636610060392805
98,0.010170151779266865,0.76109,-0.009966383435663861,-0.1502780269655351,0.5166,-0.0577894572335292,-0.2600123468734492,0.65468,-0.24081925581929925,0.1850834449860071,0.51784,0.023544090577290837,0.39211565092688394,0.63788,-0.07255206060606502,-0.16760436012202753,0.87822,-0.17461701654788886,0.3005103654760534,0.86118,-0.09850341081124445,-0.06360633240060153,-0.033512,-0.06427358387039102,0.11163958734145875,-0.031675,-0.02950523999612276,-0.06266094021462867,-0.45008,-0.18946942437084335,0.1656562905067798,-0.46479,-0.10359797302811175,-0.07372352210099402,-0.86857,-0.11949738911383899,0.15594601881571854,-0.86549,-0.0396597791790064
99,0.012727475393765779,0.75808,-0.01818110898985776,-0.1484295617363227,0.51279,-0.0638383712101363,-0.2592370228834388,0.64996,-0.24740466945175354,0.18724203872524098,0.51493,0.01734880615533406,0.3950923777786025,0.63419,-0.07826190274488612,-0.16510690844482745,0.87122,-0.18181265655556372,0.30153225204012174,0.85676,-0.10245601094915074,-0.06296627824747299,-0.036518,-0.06383781939150028,0.11273865202772997,-0.034509,-0.029173347219172793,-0.06126875445722563,-0.45051,-0.19202652190845979,0.1667500878911434,-0.46535,-0.10697940871165794,-0.07345256719279587,-0.86865,-0.11974408617041514,0.1559363443863661,-0.86369,-0.039662500468536074
100,0.015416603404007074,0.75439,-0.026688391549202762,-0.14663033689476096,0.50867,-0.06989596759562676,-0.2580069027604921,0.64469,-0.2535747994733269,0.18930331735782038,0.51184,0.01118713378503786,0.39801172860453016,0.63046,-0.08416463861523944,-0.162637384730376,0.86401,-0.1898864879028091,0.302695983339134,0.85227,-0.10698270173422753,-0.06233697826016629,-0.039848,-0.06325468345025176,0.11398856354415102,-0.037884,-0.028833133755127013,-0.05991420048577942,-0.45121,-0.19442778668737098,0.1674813150158301,-0.46619,-0.10991706200844475,-0.07325495851384095,-0.8687,-0.11963816256586123,0.1559593897253989,-0.86198,-0.03973560937598833
101,0.017977236571252237,0.75053,-0.03443239101865032,-0.1449054833418375,0.50468,-0.07547419573912963,-0.2567565397117423,0.63914,-0.2599749082416465,0.19105838390983496,0.50867,0.0058406731428934065,0.40069294100318414,0.62635,-0.0904444554973869,-0.16074977475020466,0.85669,-0.19604222738420019,0.3033226368790287,0.84703,-0.11209149859268036,-0.061710532338509094,-0.04362,-0.06236742277421621,0.11524035936431648,-0.041484,-0.028273255889323924,-0.05854917535083759,-0.45223,-0.19692874777882702,0.16821943998284947,-0.4672,-0.11323936114203621,-0.07312967883786604,-0.869,-0.11977854063675417,0.15604958704059194,-0.86172,-0.04013196836015795
102,0.02075598992014952,0.74613,-0.04245169683810827,-0.14285561740421016,0.50025,-0.08122561727104285,-0.25513953858424526,0.63341,-0.266726693735401,0.19292748744597982,0.50514,-9.493566928170383e-05,0.4033393275967568,0.62187,-0.09721781788230024,-0.15872203247447905,0.84886,-0.20258958267188965,0.3036311776603751,0.84142,-0.11781487194991,-0.061219599314115664,-0.047515,-0.061195366988188976,0.11640218138606352,-0.045428,-0.027375874370802585,-0.057183165408142764,-0.4535,-0.1994295352221054,0.16898591947142547,-0.4683,-0.11678005446306702,-0.07292618116671842,-0.86962,-0.12023006328052466,0.15608414302794765,-0.86149,-0.040327945103007384
103,0.023505708580211726,0.74119,-0.05014509318110956,-0.14089026826050965,0.49586,-0.0865553079509375,-0.2534095699717169,0.62744,-0.2734280972152451,0.19476541000495137,0.50155,-0.006141646896653433,0.4059404454522011,0.61677,-0.1045982640681408,-0.15653598184843265,0.84079,-0.20796159185471522,0.30361344600264584,0.83481,-0.1245096598919074,-0.06084247316477763,-0.05138,-0.05986161706129658,0.11738514935245944,-0.049242,-0.02627038896744373,-0.055797226176658325,-0.45492,-0.201916654327945,0.16973627193804253,-0.46842,-0.11965340984934308,-0.07276601503670335,-0.87032,-0.12068922644411248,0.15614464650475962,-0.86149,-0.040555901961411914
104,0.026140452912748836,0.73578,-0.05732464820229044,-0.13887892995976026,0.49145,-0.09151235134795738,-0.25162864853214817,0.62133,-0.280303293127078,0.1964337798153591,0.49701,-0.011745066047111494,0.40799528041128863,0.61133,-0.11210549746606521,-0.1530829300573929,0.83413,-0.21257201844326395,0.3032660891542224,0.8279,-0.131293032446902,-0.0607868864365902,-0.055901,-0.058374369901054074,0.11817184857714066,-0.054095,-0.02480044838024779,-0.05454354077870409,-0.45839,-0.20401076844206495,0.17056483821177065,-0.47178,-0.12245204843444844,-0.07257399319112973,-0.8732,-0.12159971456090617,0.15621904183578494,-0.86161,-0.04086264344005741
105,0.028830579613183978,0.72985,-0.06448428355163652,-0.13698482822132307,0.48717,-0.09597727627503613,-0.24981877771550598,0.61469,-0.28728508140996567,0.1979899746868169,0.49225,-0.0171154234395062,0.4100083676805751,0.60541,-0.11989425729329298,-0.14928167450447152,0.82737,-0.21679611079800531,0.30242411730393415,0.82049,-0.13740204901287412,-0.06092012980892636,-0.060633,-0.056351779679647745,0.11878921857003258,-0.059077,-0.022946071047589563,-0.0533788257579215,-0.46201,-0.20604949057133204,0.17137259074656574,-0.47565,-0.12495988332585019,-0.0723415942276826,-0.87646,-0.1225030831024155,0.15644011822451906,-0.8618,-0.041540552895917335
106,0.03142904590202089,0.72295,-0.0713544376944326,-0.1352676463658956,0.482,-0.10007230343921841,-0.24792669739984352,0.60695,-0.29461792752038435,0.1995037254919401,0.48644,-0.022360243979809645,0.4120810901857852,0.59866,-0.1279060499401602,-0.14526889856405656,0.8203,-0.22043457603104338,0.3012379614260606,0.81201,-0.14415054767801339,-0.061150897379259356,-0.066298,-0.054133146017124205,0.11922746112220191,-0.064888,-0.02076686397494408,-0.05232731135589972,-0.46643,-0.20814879008839499,0.1718167035225851,-0.47946,-0.1263844056465515,-0.07216650335092717,-0.87744,-0.12269560371138248,0.156681064416491,-0.86243,-0.04221597419597693
107,0.03379447028711982,0.71566,-0.0777782786387882,-0.13367834348021493,0.47709,-0.10355726833682742,-0.24592902208506415,0.59866,-0.30076441377976226,0.20077265997658572,0.48061,-0.026850106925788854,0.41395580568368107,0.59094,-0.13514041527527765,-0.1414672583329434,0.81423,-0.22189664017231142,0.30018151895308137,0.80294,-0.15123157368427018,-0.0614904955130471,-0.071853,-0.05179255782021133,0.11948702326719782,-0.070642,-0.0183805378252141,-0.051549079011308015,-0.47062,-0.2104892076617847,0.17237782756031916,-0.48275,-0.12783906705536013,-0.07201561867337394,-0.8777,-0.12283146692965607,0.15706043046462762,-0.86298,-0.043100536461462655
108,0.03604471303717421,0.70812,-0.08392897092224927,-0.13226923575053268,0.47273,-0.10648099736089066,-0.24374825303150865,0.59027,-0.3066247590200237,0.20175604651380885,0.47511,-0.030641950266224786,0.4155739243950508,0.58276,-0.14218647742628904,-0.13742836303871742,0.80423,-0.22516494627827505,0.29966967097945624,0.79372,-0.15783071087422884,-0.06188427971139881,-0.076915,-0.049616884360078,0.11958246740955732,-0.076015,-0.016042443212994726,-0.050953611102215066,-0.47441,-0.21241506382703704,0.17303914481274416,-0.48608,-0.12945883848727427,-0.07202865430789246,-0.8777,-0.12284391972985119,0.15738403140534613,-0.86358,-0.043841602201573536
109,0.03802525310027037,0.70088,-0.08916053293167543,-0.13068730356694372,0.46808,-0.10923310847175181,-0.2414620091907714,0.58164,-0.31216187822595476,0.20271499852657787,0.46948,-0.03435280623718434,0.41677380926034224,0.57389,-0.14916412576294547,-0.13307613787246514,0.79387,-0.22888571717988138,0.2992232625426016,0.78405,-0.16457062330003272,-0.062333588670723125,-0.081838,-0.047235730971681766,0.11958384589204116,-0.081177,-0.013631577372723625,-0.05034943674185179,-0.47799,-0.21421753361659793,0.17319433463115858,-0.48968,-0.12987826204438627,-0.07211236296689849,-0.8777,-0.12285867982495288,0.15751982071263587,-0.86434,-0.04380547376366401
110,0.03989987196305133,0.69365,-0.09417722358581246,-0.1289499117472147,0.46337,-0.11171512089410966,-0.23928863666551764,0.57296,-0.31705887239242786,0.20369238307238946,0.46337,-0.038398549117003654,0.41750978902500624,0.56522,-0.15541123179582222,-0.1286387529719951,0.78401,-0.23257116359043745,0.2991146870617426,0.77482,-0.17051985950016435,-0.0626338251290777,-0.086804,-0.04469222491329018,0.1196879207908642,-0.086454,-0.010881728574073973,-0.05012310763149113,-0.48152,-0.21461425913103246,0.17381269044036174,-0.49344,-0.1321757903017151,-0.07217375453892416,-0.8777,-0.1231842870651737,0.15786334132518914,-0.86511,-0.04460192187167293
111,0.04179481727957412,0.68596,-0.09924008604171508,-0.12739578909826235,0.45864,-0.11407916547744842,-0.23698954642727882,0.56411,-0.3218626192713169,0.20456076643122312,0.45776,-0.04188370325162967,0.4180204527175111,0.55626,-0.161474673276793,-0.12456458127149281,0.77402,-0.236269882957303,0.29965380144535203,0.76567,-0.17611118811520615,-0.06278707286459449,-0.091598,-0.041974548491867096,0.1198551021053413,-0.091305,-0.007971484699741495,-0.049934567125594076,-0.48482,-0.21473332834466927,0.1744542874953395,-0.49718,-0.1339716614605247,-0.07220028788735829,-0.87725,-0.12361544478738319,0.15825042180412702,-0.86595,-0.04541505943864747
112,0.043570556418278714,0.67879,-0.10381117732403188,-0.12543645621655672,0.45339,-0.1164377632936662,-0.234659151432286,0.55482,-0.3264983780190638,0.205360732408056,0.45241,-0.044980843131568866,0.41836840985136503,0.54731,-0.16701847394357391,-0.12084498844684888,0.76386,-0.24037636919481278,0.3005266809658868,0.75679,-0.18100394616590015,-0.06289868645252045,-0.096395,-0.03854279392503247,0.12012964251074469,-0.09613,-0.004518350389321333,-0.04968442595632898,-0.48787,-0.21468922170754187,0.17508841589485463,-0.50075,-0.13532206183557216,-0.07238346631748019,-0.87614,-0.12326188197438093,0.15860599805192324,-0.86679,-0.04616470304197051
113,0.04558573661708506,0.67141,-0.10863452240461018,-0.1235834441043573,0.44821,-0.11853891229172468,-0.2322388619013273,0.54568,-0.3303770245080251,0.2061234895900942,0.44642,-0.04821248767904763,0.4185420999096481,0.53843,-0.17186189543706937,-0.11725170819070688,0.75377,-0.24468790453629152,0.30173789212838603,0.74831,-0.18568473322790555,-0.06304093060180649,-0.10132,-0.034597557353926264,0.1203799941670326,-0.10112,-0.00046733322715157566,-0.04924722358682715,-0.49146,-0.21457151406929356,0.17562875023604266,-0.50375,-0.13631329278733512,-0.07254453675196407,-0.8748,-0.12305673491704115,0.15898625638333516,-0.86769,-0.04688156258287919
114,0.047622634859293266,0.66387,-0.11349465507264393,-0.12179445830112003,0.44319,-0.12033453775262001,-0.2294988673843656,0.53595,-0.3346867031557922,0.2067373100719369,0.44052,-0.05146328579890533,0.41870361055310745,0.52892,-0.17680900715119602,-0.11490166512542778,0.74365,-0.24966544384716932,0.30202454967170056,0.73944,-0.19047777270749058,-0.06299050934481228,-0.1059,-0.030685366829828146,0.1205693214019755,-0.1059,0.003814595216681746,-0.04880411237080726,-0.49278,-0.2144527645419793,0.1759288311941464,-0.50498,-0.136229917619668,-0.07271035455238088,-0.87317,-0.12241579150529176,0.15929598951222732,-0.8687,-0.047371216939407025
115,0.04973041521733136,0.65703,-0.11851491183522778,-0.12000512520152745,0.43929,-0.12213213282902136,-0.22661976198617445,0.52768,-0.3384032138992324,0.20726224851302405,0.43596,-0.05444035963626123,0.41893933931176874,0.51976,-0.1812556274354501,-0.11123550692359745,0.73315,-0.25893971923876474,0.3024403978915535,0.73132,-0.19519726105455165,-0.06293173792944207,-0.10949,-0.026296484293152622,0.12055372152870737,-0.10969,0.008682845995344864,-0.048452676069242216,-0.49278,-0.215812394096653,0.1767483365849572,-0.50498,-0.13753747676342865,-0.07275671264393342,-0.8722,-0.12294183325966834,0.15960664075060468,-0.8687,-0.04792366585839827
116,0.0517651389407528,0.65016,-0.12359882178420857,-0.11724658329105694,0.43364,-0.1247041924177902,-0.22361900669406845,0.51977,-0.34211858301641285,0.20797822220810885,0.4309,-0.05792497118820596,0.4193169849325349,0.51118,-0.18575845807684846,-0.10731967381996074,0.72226,-0.26819027874100365,0.30269587089004896,0.72365,-0.19929515484856825,-0.0628140534808917,-0.11335,-0.021493074007681537,0.12031334878637726,-0.11368,0.01430755771637952,-0.048141255163763136,-0.49278,-0.21707753678411187,0.17771846528914326,-0.50498,-0.13877785988864208,-0.07286387164005637,-0.87089,-0.12329581906383277,0.15994591811208722,-0.8687,-0.048408110769596085
117,0.0540711792941599,0.64315,-0.1288278223472663,-0.11459088918653924,0.42827,-0.12703849934345998,-0.22037849670484724,0.51061,-0.3463298530160397,0.20858641203728234,0.42611,-0.06125901169961098,0.4198822907971163,0.50218,-0.1904617472747896,-0.10389774065073692,0.71425,-0.2757915466211251,0.3034769030113583,0.71483,-0.20648881795059648,-0.06373540093061456,-0.11781,-0.008983008305340512,0.11830969102379368,-0.11821,0.026995382769178705,-0.04788327524112468,-0.49278,-0.21814901723634395,0.17860809693369867,-0.50498,-0.13984966002719668,-0.07306440651182172,-0.86895,-0.1236154982236259,0.16022511498791991,-0.8687,-0.0489549362486342
118,0.056815177879154105,0.6344,-0.1343349983718319,-0.11077443185643582,0.42079,-0.13025463886896255,-0.21679789454949777,0.50137,-0.35016637334116596,0.20887571882039002,0.41908,-0.06491532166804198,0.4208049574760446,0.49332,-0.1955792746268998,-0.1013150571121581,0.70633,-0.2824339818477234,0.3039526687716209,0.70531,-0.21356368522435945,-0.06492462865334157,-0.12424,0.004637409214820075,0.11589774187838701,-0.12469,0.04084698922186036,-0.047658858199390135,-0.48937,-0.22146035427617833,0.18308432116938847,-0.49834,-0.147498576067514,-0.07272562209669689,-0.8685,-0.1293030760138692,0.1635867014214141,-0.86791,-0.05811435504297632
119,0.06001927510988363,0.62502,-0.14086786159832237,-0.10700314709491279,0.41363,-0.13338735514202404,-0.21291728356320555,0.49191,-0.35443739878865144,0.2090768621978398,0.41252,-0.06812921982164113,0.4219459221728643,0.48391,-0.20135895451082164,-0.0991361207099273,0.69781,-0.28897498606382305,0.3046560098141752,0.69549,-0.22123814360120006,-0.06610344469812467,-0.13038,0.018146950240797308,0.11345228041851355,-0.1309,0.054485539520490844,-0.04749130283121395,-0.48566,-0.22459894077308987,0.18723106446870608,-0.49182,-0.15420031614077592,-0.07207472993908975,-0.86755,-0.13506762624776997,0.16677913048747375,-0.86661,-0.06648719784922663
120,0.06293142283258818,0.61491,-0.14691402729578273,-0.1031542433817956,0.40557,-0.13655715643029945,-0.20837918271968875,0.48216,-0.35869403369595454,0.20903929633488613,0.40498,-0.07165937404007702,0.42273754148154263,0.47422,-0.20740331873463608,-0.09598455596950796,0.68883,-0.29544603232288696,0.30526476960378945,0.68549,-0.2300462484778774,-0.06759518383302701,-0.13713,0.03211816662854969,0.11076359129797142,-0.13774,0.068639686856628,-0.04775437819140528,-0.48158,-0.2268386495387244,0.19110153886882428,-0.48489,-0.160544599230143,-0.07168635179065,-0.8671,-0.13987319243853402,0.1700547352468129,-0.86513,-0.07492863951878727
121,0.06578067144715813,0.60348,-0.15287989540800007,-0.09947330375743335,0.39706,-0.13952302619847876,-0.20387471797021944,0.47162,-0.36322061047325416,0.2084235239209177,0.39718,-0.07576873218146546,0.4234618886021257,0.46381,-0.21398756669844354,-0.09134103462774104,0.67814,-0.3039285619897113,0.3054795582074249,0.67451,-0.2392690661523058,-0.06918867723239636,-0.14416,0.04586023225880216,0.10782964239104846,-0.14447,0.08286025434922706,-0.048121505494015386,-0.47711,-0.2291677853320345,0.1947519066421135,-0.47743,-0.1667347620001945,-0.07129146156405207,-0.86643,-0.14533763767194405,0.1732692158476133,-0.86347,-0.08302342885928762
122,0.06841349130173315,0.59179,-0.1584879093713703,-0.09574431345645427,0.38889,-0.1427038171905441,-0.1996587496195472,0.46117,-0.36783867401397446,0.20741792026720163,0.39005,-0.07968281716925416,0.4240002398335093,0.45304,-0.22089908447326462,-0.0862398630873884,0.6679,-0.3122999327804418,0.30551008740363744,0.66314,-0.2488290017152779,-0.07052629845222179,-0.15078,0.06003429259704937,0.10482715232254397,-0.1507,0.0974119503805676,-0.0487225026896097,-0.47202,-0.23117260511717425,0.19781051260359245,-0.47147,-0.17100856938616843,-0.07083828681913264,-0.86581,-0.15074103444162207,0.17593765397592676,-0.86354,-0.08951873777845096
123,0.07106375647735905,0.57995,-0.16444824656811216,-0.0919093015975504,0.38023,-0.14579483385857853,-0.19539582413374385,0.44776,-0.37220475535798175,0.20623217310990688,0.38296,-0.08349666085757798,0.42431272822199106,0.44252,-0.22739348598588027,-0.08125339551384386,0.65415,-0.3207118375075526,0.30521743865029366,0.65128,-0.257938208964384,-0.07182130195753496,-0.15735,0.07408183127545233,0.10203725214063193,-0.15708,0.11190974334967042,-0.04959157249730409,-0.46647,-0.23344808719123106,0.20076949616351042,-0.46481,-0.17517809169599427,-0.070330847290188,-0.86581,-0.15583023488220843,0.17864255822155028,-0.86311,-0.09622085632574688
124,0.07351904957221389,0.56632,-0.16988447796664166,-0.08794683554388485,0.3701,-0.14880245131655886,-0.19154880115672518,0.43375,-0.37640046914877956,0.2048789845922131,0.37219,-0.08751265149944726,0.4244832757059808,0.43125,-0.23400430390469365,-0.07717884533930758,0.64059,-0.32585239592811227,0.30467204454801106,0.63905,-0.2683206482381383,-0.07297001792502134,-0.16524,0.08867607824561291,0.09942578123908596,-0.16477,0.1268928939105631,-0.051047387010574624,-0.46083,-0.2352177722205374,0.20388952192746365,-0.45769,-0.1793395264524536,-0.06990574584832183,-0.86593,-0.1606597885638775,0.18144363594756843,-0.86244,-0.10283493703078858
125,0.07600297840712869,0.55283,-0.1751836546520409,-0.08503273604390343,0.36141,-0.1508170292138386,-0.187946195551409,0.41996,-0.38030418953484,0.20350331798097054,0.36216,-0.09071011008005661,0.42462603948154387,0.41868,-0.24045755258302515,-0.07285462026296491,0.62694,-0.33096923845931536,0.30385038154652916,0.6255,-0.2783456305279977,-0.074272482873081,-0.17281,0.10322087573678053,0.09710603392455168,-0.17215,0.14143093959754285,-0.05254494083752294,-0.45458,-0.23804070642724368,0.20694986437071927,-0.44988,-0.18362318191595767,-0.06964171065287797,-0.86609,-0.16567005656225514,0.18424295314942293,-0.86162,-0.10961179642164225
126,0.07826363710061303,0.53759,-0.18016680057320092,-0.0816430507144397,0.34716,-0.15287975395728315,-0.18373522026458383,0.40612,-0.38333906797289113,0.20276837126470282,0.35149,-0.09368289552879779,0.424406827852947,0.40561,-0.2463552170582126,-0.0688449147696823,0.61354,-0.33585721982764516,0.3029115932755555,0.61253,-0.284999740279293,-0.07465426223592055,-0.18175,0.11131758769399563,0.09633504221986833,-0.17998,0.15000735328808448,-0.05432023868126931,-0.44994,-0.2406993748093458,0.21014227559854973,-0.44284,-0.18796478421838267,-0.06939947400412018,-0.86567,-0.17038969451510688,0.18705963516904414,-0.86004,-0.11648713658779712
127,0.08099399790543131,0.52404,-0.18751430347388165,-0.07973155034404514,0.33547,-0.15387291372991868,-0.18015566356594623,0.39114,-0.3863634313507343,0.2018811609228311,0.34185,-0.09602250186518772,0.4239015473323945,0.39166,-0.2515519075045977,-0.0649047166322404,0.59902,-0.34069653162145425,0.3024860707047949,0.59908,-0.2915125761087741,-0.07482556558199557,-0.18795,0.11832428871256517,0.09567337673995417,-0.18601,0.15744545780420213,-0.054613192851372644,-0.44872,-0.24077133906588377,0.2105112930993644,-0.44066,-0.18786925367827886,-0.06939947400412018,-0.86531,-0.17038969451510688,0.18705963516904414,-0.85784,-0.11648713658779712
128,0.0834146742865472,0.51016,-0.19360651176463367,-0.07793993934340174,0.32378,-0.15470443644300202,-0.176920717453702,0.37426,-0.3889306913007346,0.20101481240466637,0.3319,-0.098307658368597,0.42301635577678554,0.3774,-0.2560337080255802,-0.060555850421764354,0.58225,-0.3477383398184573,0.30184912391608865,0.58492,-0.29792053200659024,-0.07512453221417467,-0.19414,0.12541002191053724,0.09496073439061274,-0.19221,0.16488472798896656,-0.05488251163540369,-0.44735,-0.24083913576615779,0.21090000675523926,-0.43886,-0.18777025017462173,-0.06939947400412018,-0.86472,-0.17038969451510688,0.18705963516904414,-0.85607,-0.11648713658779712
129,0.08598392805030974,0.49353,-0.19976391024917176,-0.07629369412602961,0.31183,-0.15528742588053882,-0.17457200214962074,0.35764,-0.3909637275572669,0.20051350973779403,0.31973,-0.09989888293985862,0.42243595593864136,0.3626,-0.2598829723745022,-0.05586627314725629,0.56586,-0.3541209697612331,0.3002160733237072,0.56878,-0.3024225033262149,-0.07557881725282636,-0.19953,0.13282376759700756,0.09452733521805506,-0.19769,0.17252555027175956,-0.05499402804522343,-0.44606,-0.2408689533841196,0.21141500893722906,-0.43734,-0.18763882433033777,-0.06939947400412018,-0.86377,-0.17038969451510688,0.18705963516904414,-0.8545,-0.11648713658779712
130,0.08805647698476661,0.47818,-0.2061104338577532,-0.07500312132600168,0.30103,-0.15581127876812084,-0.1723083984949833,0.33972,-0.39268683477816524,0.2006779287358347,0.30668,-0.10060099859492073,0.4218950926649395,0.34579,-0.262689530216265,-0.052179078620852214,0.54895,-0.35792854070928587,0.29936318389679006,0.55114,-0.30789372619002264,-0.07749973728171608,-0.20472,0.146873652658552,0.09230371329914147,-0.20303,0.1868063802743094,-0.05711088185036371,-0.44185,-0.2332000330580461,0.20923229322457187,-0.43561,-0.17911840461545755,-0.06951861076973417,-0.85984,-0.16316055553241476,0.1848449477169551,-0.8529,-0.1087643871104698
131,0.08997886887330692,0.46132,-0.21250374273711095,-0.07384505953562029,0.28967,-0.15612494880121078,-0.1700042128191916,0.32198,-0.39417939243918754,0.2007804052030452,0.29307,-0.10100940840585582,0.4215460295812842,0.32861,-0.26508656066322,-0.049133769658069724,0.53112,-0.36201176165863413,0.2985504739746062,0.53325,-0.3118651872036024,-0.079756002110801,-0.21017,0.1601129916911863,0.09031456450485217,-0.20903,0.2001029733369769,-0.05935431377624546,-0.43776,-0.2251472612250724,0.20713878102281572,-0.43313,-0.17064318151154473,-0.0696558640271385,-0.85593,-0.15582291404871362,0.18266846286395283,-0.85068,-0.10125829533880515
132,0.09030604670283418,0.44475,-0.21376610705372714,-0.07263842852832775,0.27563,-0.15667375715778,-0.16816398032880148,0.30616,-0.3952866613231143,0.20086725333426564,0.27718,-0.10132918551901987,0.4211784840959894,0.31084,-0.2670908336776168,-0.046132443552833864,0.51482,-0.36578795572277195,0.2972616074098101,0.51568,-0.31572767642405997,-0.08122253053927164,-0.21554,0.1712576440127479,0.08912550725079948,-0.21475,0.209956188185268,-0.06149001790897059,-0.43562,-0.22139105717610746,0.20673491987869058,-0.43273,-0.1672010170505891,-0.06967216043178907,-0.85412,-0.15387616844972143,0.1823854403767427,-0.85065,-0.0994804319380532
133,0.09029635963187246,0.43014,-0.2142755284516446,-0.07152524971190016,0.26282,-0.15732027778595586,-0.16635790666081482,0.29028,-0.3962577936033961,0.20093212205790628,0.26391,-0.10140913580790761,0.4209390117033601,0.29308,-0.2687272789022328,-0.04403640147053041,0.49908,-0.36857634371392617,0.2960975333132222,0.49773,-0.3178216275929397,-0.08269145824413518,-0.2198,0.18139660093138033,0.0878743391692077,-0.21935,0.21889472153429154,-0.06397286886866332,-0.4341,-0.21750313342274588,0.20652809241232886,-0.433,-0.1632062426640738,-0.06975423824067234,-0.85294,-0.1513317659199929,0.18229704810284147,-0.85132,-0.09776979264062235
134,0.09029439001636644,0.41506,-0.21427587574799992,-0.07006062311570543,0.24817,-0.15799621708331843,-0.16464857728635268,0.27414,-0.3972561387789746,0.2014615869072393,0.25023,-0.10141731953082203,0.42068279339086806,0.27572,-0.2699808147718208,-0.0414635838477109,0.4829,-0.3711892749184758,0.2949485407818814,0.48012,-0.3197707597492911,-0.08393148817955352,-0.22399,0.1908651200742699,0.08672505269930948,-0.22414,0.2273130432559953,-0.06629356004044795,-0.43327,-0.21390139877327477,0.20706310330040972,-0.43412,-0.16082719593278944,-0.06999304892466807,-0.8524,-0.1494648726565176,0.18226464980460164,-0.85287,-0.09747087735116539
135,0.08836759387120728,0.40218,-0.21995676587323557,-0.06902298908969486,0.23909,-0.15868652109465334,-0.16435851270248797,0.2589,-0.39838288743647876,0.20217005363389123,0.23705,-0.10140409465928654,0.420882536879959,0.25861,-0.27076809016110065,-0.040541199473268646,0.46699,-0.37417445616352357,0.2958143844099193,0.46199,-0.3211107652760655,-0.08568943919963157,-0.22886,0.20170453007717162,0.08514502257924934,-0.23062,0.23748318115180098,-0.06859281237123788,-0.42992,-0.20610217197061304,0.2071208942509374,-0.43326,-0.1534957799572744,-0.07034327364477777,-0.84941,-0.14273342269046835,0.18065556793376225,-0.85239,-0.09208852140484075
136,0.08575871171738518,0.38917,-0.2254837609797531,-0.0680939212383066,0.22788,-0.15902026040536876,-0.1640632386732932,0.24448,-0.39953918032657326,0.20332922463202216,0.22234,-0.10124031860153669,0.4209948614246996,0.24272,-0.27117476349025915,-0.03885009423834698,0.45189,-0.3770850167769485,0.296613977264187,0.44507,-0.32397543825345826,-0.08754219312817677,-0.23355,0.21273030909183818,0.08352560014906871,-0.23655,0.24764637312049997,-0.07060183182145413,-0.42664,-0.19822130648206088,0.20753095678241687,-0.43191,-0.14568592408662756,-0.07066522434661507,-0.84652,-0.1359665244537881,0.17931526226427258,-0.85149,-0.08679077842199098
137,0.08300915887338911,0.37655,-0.23115741131776943,-0.06702868436476309,0.21645,-0.15991893687843528,-0.16345510941565417,0.23174,-0.40039660601198473,0.20443915524250253,0.20784,-0.10108522495267025,0.42103943913776315,0.22631,-0.2713699885590849,-0.03723413236340406,0.43779,-0.37882077805625247,0.2982278179791614,0.42791,-0.3284633796687054,-0.08946323647108032,-0.23889,0.2238151267030885,0.08174109173816954,-0.24238,0.25788199863785016,-0.07255354737304029,-0.42366,-0.19066542755200272,0.20785819091697214,-0.42912,-0.13780943896817646,-0.07100228065608648,-0.84382,-0.1295170719929783,0.17844928058607054,-0.84891,-0.08228266620810164
138,0.08012434968782983,0.36623,-0.23678383113528328,-0.06579462718276974,0.20657,-0.16111278229203396,-0.16283482478557837,0.21374,-0.40132296824010705,0.2053712256019238,0.19629,-0.10107318979216848,0.42104464858309315,0.20728,-0.2713995327916753,-0.03596756396137647,0.42013,-0.38116647720213315,0.2993058668156,0.40958,-0.3326193164711909,-0.0916039682581282,-0.24431,0.2347292018547412,0.079528501403662,-0.24843,0.2681843014877786,-0.07438475465697143,-0.421,-0.18298675710176998,0.20839340034830678,-0.42719,-0.12984551086298804,-0.07141602338223467,-0.84163,-0.12298975302141277,0.17754975898336883,-0.84704,-0.07735398881084049
139,0.07683975136527725,0.35636,-0.23926184220456545,-0.06431845992398057,0.19612,-0.16252794808588245,-0.1623755583171509,0.1988,-0.4020847912582538,0.2061873782411162,0.1845,-0.10149791896415847,0.42114139287661767,0.1913,-0.27137231989637844,-0.03505162682807196,0.40464,-0.38469097137404407,0.3008978483349296,0.39426,-0.33600429724545144,-0.09233387398164404,-0.24936,0.24008380348649488,0.07818129789183964,-0.25466,0.27386669030743305,-0.07549860262804227,-0.419,-0.17799432856474098,0.2093257894629167,-0.4253,-0.12338546051187177,-0.0717032276962921,-0.8397,-0.11796326183152825,0.1764145264602351,-0.84529,-0.07200993163315055
140,0.07529841958406305,0.34881,-0.24155431954146958,-0.06287914454667595,0.18249,-0.1640105374574397,-0.16158433532073574,0.18365,-0.4026560759245488,0.2070371188895822,0.17318,-0.10199795979283607,0.4216893882123641,0.17559,-0.2714280075251668,-0.03406853771860727,0.38951,-0.3885387156226723,0.30093776337340605,0.37915,-0.33640342979198634,-0.09343297806686829,-0.25426,0.24529207135689507,0.07676513379491945,-0.26043,0.27936429699130866,-0.07647631399546803,-0.4172,-0.1729677412053085,0.21032590136681673,-0.42524,-0.11730948518443031,-0.07199098180574695,-0.83805,-0.11314096833439516,0.17525711505513392,-0.84529,-0.06619456553639089
141,0.07371232504082996,0.34176,-0.2433165136567492,-0.06160001934177339,0.17189,-0.16520659042875116,-0.16081690034083806,0.17003,-0.40349556597906366,0.20767134345864527,0.16427,-0.10265785311451522,0.4220839061690859,0.16064,-0.27124674643771535,-0.032377404253237,0.37628,-0.3916625108468035,0.3017270877954934,0.36484,-0.33396938645697843,-0.09474591402255433,-0.25883,0.2503712465041278,0.07496372900567772,-0.26622,0.28474320401646697,-0.07768576463380363,-0.41596,-0.16812417545749112,0.21169964536134453,-0.42437,-0.1112793253658601,-0.07213466679287414,-0.83676,-0.10872685872718396,0.17409791729965923,-0.84441,-0.06031148083840272
142,0.07394026623297073,0.33137,-0.244200359691376,-0.06032669843771775,0.16155,-0.166484900983857,-0.15971175261687973,0.15587,-0.4044075136246168,0.2083866599428559,0.15427,-0.10337452760646855,0.4223521115573058,0.14637,-0.2712705344542328,-0.030368724654386683,0.36299,-0.39449676599924877,0.3038290784329657,0.35121,-0.3356397562842858,-0.0957848799978244,-0.26404,0.2543919149438566,0.07411206574049696,-0.27166,0.2880759460831054,-0.07953287092413949,-0.41659,-0.16645963397341762,0.21423614732533372,-0.4263,-0.10844581909505728,-0.07237730138184882,-0.83722,-0.10769633582291009,0.1744905215587808,-0.84629,-0.05931313876490307
143,0.07431422452479688,0.32149,-0.2456474064065771,-0.05941659073362984,0.1533,-0.16777648449527224,-0.15868020411021938,0.1426,-0.4055355241203156,0.20888648439005064,0.14449,-0.1040784278280813,0.42268982430136637,0.13339,-0.27134299204527096,-0.028932166087200895,0.35035,-0.39747251859028265,0.30709459019212515,0.33828,-0.33918659049958133,-0.0967842445716316,-0.26842,0.25825709792123547,0.07320481101607582,-0.27657,0.29155119986736566,-0.08127633507861809,-0.41704,-0.16515252543085193,0.21695621767168094,-0.42842,-0.10607750380546374,-0.07269647696977122,-0.83752,-0.10637569660492721,0.17448972544505342,-0.84658,-0.05879033443611176
144,0.07476391265599541,0.31148,-0.24738572789141797,-0.05851988038584796,0.14474,-0.1691821272493819,-0.15746620480507384,0.12998,-0.4068344489399669,0.20926870272001377,0.13424,-0.10486399077797151,0.42330447292730417,0.12126,-0.271143224513793,-0.027446576223706845,0.33797,-0.40027715738297664,0.31048691320575544,0.32664,-0.34310708084789165,-0.09797337907102038,-0.27041,0.2609007702047009,0.07174308967238342,-0.27853,0.29437020159020916,-0.08242032834195398,-0.41739,-0.164480975422705,0.21936005599557848,-0.43026,-0.1032978525121247,-0.07303756712825299,-0.83784,-0.1060134225321772,0.17424974544734065,-0.84676,-0.05783245417183142
145,0.07588662281086064,0.29845,-0.24988879858721588,-0.057520617255633025,0.1377,-0.17086416089844872,-0.15642143142687795,0.11802,-0.40867092616231765,0.20952287199969835,0.12654,-0.10584475475430047,0.4240326598514033,0.10923,-0.27095389991536206,-0.02703991328676783,0.32634,-0.4039828387313551,0.31385837439567876,0.31565,-0.34708202102918256,-0.09914346035563976,-0.27248,0.26309086010865085,0.07019732617834605,-0.28074,0.2968596021647454,-0.08355335594388696,-0.41779,-0.16410196559003834,0.2215077240917579,-0.43179,-0.10142648356168943,-0.0731718308289313,-0.83808,-0.1054938436077777,0.17409892087575488,-0.84644,-0.05726502404520262
146,0.07702410089395943,0.28644,-0.25200340318630055,-0.056585394859812496,0.13087,-0.17234424706835763,-0.1550290972270914,0.10691,-0.4105781244939299,0.20980946362000974,0.11836,-0.10695180725674436,0.4248483618894008,0.098642,-0.27045467032368425,-0.026024708183549322,0.31678,-0.4059971521623779,0.3183213256750591,0.304,-0.35436772386953214,-0.10019839126031768,-0.27433,0.26478338655936157,0.06859126046570721,-0.28285,0.29894235345251013,-0.0845595482489621,-0.41821,-0.1639239851270443,0.2235772264656002,-0.43378,-0.09928457788574077,-0.07346915745857939,-0.83861,-0.10576560246283506,0.1730123632786106,-0.84644,-0.05306083166281954
147,0.08178007211057702,0.27648,-0.25333781009077344,-0.05573382466210079,0.12345,-0.17426556255478076,-0.1539681006573886,0.10102,-0.41239143259766714,0.21009605524032116,0.11043,-0.10805885975918826,0.42575450523410696,0.088066,-0.26943178018352026,-0.026445405057058224,0.31079,-0.40822403678907504,0.3240949305877194,0.29369,-0.35941177842043703,-0.10070132276121659,-0.2754,0.26522272800448543,0.06710724716340416,-0.28418,0.29975703407618276,-0.0848416695337823,-0.41821,-0.163994039253628,0.22546939131673932,-0.43364,-0.09769180917179843,-0.07346915745857939,-0.83861,-0.10576560246283506,0.17130085659298053,-0.84509,-0.04773106047964071
148,0.08767559448548788,0.26539,-0.254379894985072,-0.05513110137694924,0.11643,-0.1760885967402902,-0.1529366964050502,0.092904,-0.41455520367341847,0.20998410916961452,0.10347,-0.10909402548372388,0.42659344851787895,0.077851,-0.26843089349332305,-0.026507097701912605,0.30309,-0.4094635810672559,0.3298656573923432,0.28354,-0.3643243349998971,-0.10134660916123056,-0.27616,0.2654846544482765,0.06555719946881369,-0.2856,0.3006006881193158,-0.08502704652507795,-0.41821,-0.16403688048491483,0.22742927895716855,-0.43223,-0.0964831154815308,-0.07346915745857939,-0.83861,-0.10576560246283506,0.17096263981148221,-0.84425,-0.04587052550047127
149,0.093599262290613,0.25418,-0.2554779426773533,-0.054601929224321666,0.11239,-0.1777824402492613,-0.15180907058754312,0.084545,-0.4162856833802315,0.20980496303797375,0.096603,-0.11015119465822631,0.42742021238682726,0.068652,-0.2675336970237571,-0.026797498879195164,0.29555,-0.4107536070965409,0.33532419595120055,0.2743,-0.3689060766776292,-0.10221928160651915,-0.27663,0.26562525246829816,0.06384608552780094,-0.28682,0.30126362784574034,-0.08504500619836153,-0.41821,-0.16405020152599828,0.22920259989526837,-0.43079,-0.09554086665531941,-0.07343228634318524,-0.83861,-0.10556007747445267,0.17060547312005417,-0.84389,-0.04447839728994815
150,0.09950652604333746,0.24299,-0.25664996270949775,-0.05406759571113806,0.10797,-0.17985108151750692,-0.15085300203427934,0.076179,-0.41865566922859854,0.2094867781522645,0.089825,-0.11128365144702934,0.42765433107980455,0.060135,-0.26690346814660326,-0.025945928681483474,0.28763,-0.412674922582964,0.3397606315645067,0.26545,-0.3710888590875338,-0.10306572596426396,-0.27933,0.26566893254661755,0.06238172029578415,-0.28974,0.30173652790628214,-0.0860901402123622,-0.4187,-0.16480312575377876,0.23083450265723215,-0.43082,-0.09512111270894735,-0.07342948036230976,-0.83908,-0.10620945573592384,0.17088329771756086,-0.84363,-0.043232221342089955
151,0.10478302671235,0.23485,-0.25851199646051043,-0.053570142309887644,0.10335,-0.18177391175275506,-0.15037534933376034,0.06882,-0.4205007567326717,0.20920855638980557,0.085101,-0.11246998725568316,0.42833967677261686,0.052226,-0.26652876655687674,-0.025430411061278274,0.27975,-0.414665647471857,0.34391849098370697,0.25723,-0.37284351148905603,-0.10371194071113374,-0.28236,0.2655042161208185,0.061241698681970526,-0.29283,0.3018096765223851,-0.08715963305601024,-0.41935,-0.16576343042282166,0.2320776917633211,-0.43082,-0.09480036226623245,-0.07342284450457079,-0.83958,-0.10681144906262444,0.17097569367135204,-0.84352,-0.0415678920514377
152,0.10838060264724726,0.22737,-0.25984757438509887,-0.053095648935908436,0.098813,-0.18384295018595292,-0.1499503859420583,0.061491,-0.4221622037272259,0.20907455878435818,0.080126,-0.11378320644596876,0.4291889427775009,0.044496,-0.2662774753852286,-0.025546786672842645,0.27226,-0.41589452530021626,0.34768014404918274,0.25001,-0.3744243233738155,-0.10427693495479778,-0.28536,0.26537412959335893,0.06029511757043203,-0.29581,0.30159199740239756,-0.0881943481793509,-0.41998,-0.1665754431157829,0.23292231913600506,-0.43082,-0.09458035180895136,-0.0735559647951664,-0.8401,-0.10681664408252228,0.1713588986703156,-0.84352,-0.041092121173000005
153,0.11235502646020928,0.21881,-0.2614314861108464,-0.052603505337597584,0.093679,-0.18604088186793072,-0.14940029969288815,0.053686,-0.4238422052505805,0.20891793883104012,0.075613,-0.11531365415504695,0.43021026473259716,0.036802,-0.26596538330901004,-0.02492273948458698,0.26494,-0.4172568575309259,0.35037530259098193,0.24281,-0.3762338040823523,-0.10476273058359775,-0.28866,0.2653189335152479,0.0594273210791345,-0.29897,0.3013882101366234,-0.08915434650152079,-0.4208,-0.16746566961585518,0.23341645949428783,-0.4308,-0.09450337579764803,-0.07351727669471138,-0.84076,-0.10687480962974039,0.17153229036970638,-0.84292,-0.04017508010599026
154,0.11413184549023213,0.21304,-0.2628241016839852,-0.05213774664533731,0.089118,-0.18802007206611376,-0.14899443760072945,0.045821,-0.42539532339230335,0.20883315757085635,0.071514,-0.11679081769979127,0.43135437820786793,0.028617,-0.26577379950044655,-0.02417012051769682,0.25761,-0.4188300672088383,0.35320136424870907,0.23511,-0.37815220849923736,-0.10517321455571008,-0.29203,0.2652973254464103,0.05869218822792869,-0.30217,0.3012382778483129,-0.09004833447379029,-0.42178,-0.16855749629873004,0.23369103999648444,-0.43254,-0.09450573117732858,-0.07357116773575559,-0.84166,-0.1070010861346618,0.17005712063770392,-0.84209,-0.036588756325043575
155,0.11581103996464862,0.20717,-0.2643253194953267,-0.051813723954288224,0.084536,-0.18989224868590296,-0.14871543484781558,0.038064,-0.4269200389276956,0.20877789650087597,0.06696,-0.11843539856254767,0.4322303103373059,0.020491,-0.26538580091202346,-0.02347187088050308,0.25039,-0.42063625752111405,0.3545905380359732,0.22923,-0.37779556275234233,-0.10572444553321897,-0.29542,0.2649970432300961,0.05765407226819565,-0.30552,0.3009638416004382,-0.0908855653181726,-0.42293,-0.16974085782979942,0.23419838118391575,-0.43309,-0.09530984865601924,-0.07369783000485153,-0.84265,-0.1072214282994589,0.1685973797673039,-0.84102,-0.032859583147074524
156,0.11743905266635704,0.20109,-0.2660488016226132,-0.05165541032992313,0.080006,-0.19159055896271943,-0.14850134890331634,0.030123,-0.4287100577008842,0.2085777683335932,0.061354,-0.12041015138674116,0.4322303103373059,0.016162,-0.26538580091202346,-0.02312836003975341,0.24255,-0.4248303247955253,0.3545905380359732,0.22516,-0.37779556275234233,-0.10653392927574638,-0.29831,0.2646410698173476,0.056384811893069695,-0.30892,0.30061818555733305,-0.09174363394387494,-0.42412,-0.17080604243050734,0.23484300060125188,-0.43317,-0.0962014572062212,-0.07385613292627913,-0.84373,-0.10794186232493763,0.16840113506797622,-0.84102,-0.03232250119989535
157,0.11866135280427306,0.19564,-0.2680570614098048,-0.05140493877139801,0.075133,-0.19333354490597027,-0.14862785381091415,0.024506,-0.43029612091158986,0.20790029381266445,0.055031,-0.12249953605058178,0.43247303931200565,0.011402,-0.2653226927125465,-0.02274727387394411,0.23697,-0.42875375560722934,0.3545905380359732,0.2209,-0.37779556275234233,-0.10748374602904726,-0.30131,0.2640674208522575,0.0550071986227254,-0.31243,0.30008080145134247,-0.09267875070804159,-0.42534,-0.17189496696295875,0.23543485858261004,-0.43405,-0.09742730553693041,-0.07396340910968252,-0.84492,-0.10872133254276149,0.16675331453024467,-0.84055,-0.028908780139903743
158,0.11986476073398808,0.19014,-0.27011942373362147,-0.05097084236961768,0.069683,-0.19596819105184285,-0.14867564622543195,0.019672,-0.4323861725581083,0.2072848099073399,0.049015,-0.12453737303186524,0.43247303931200565,0.006179,-0.2653226927125465,-0.022729509641835344,0.2316,-0.4322233823064663,0.35401040886824375,0.21603,-0.37554206543733404,-0.10844115583780727,-0.30433,0.2634619702282673,0.05373094423571878,-0.31588,0.2994292841916737,-0.09368049672001252,-0.42648,-0.17306671989233435,0.235986158585201,-0.43491,-0.09871107666417361,-0.07397029438783038,-0.84593,-0.10949427082810181,0.16661184648551175,-0.84092,-0.02937340449604476
159,0.12097217604420221,0.18419,-0.27221902067844295,-0.050594749267655496,0.064551,-0.19830843676087784,-0.14874663180095032,0.01557,-0.43463262777646194,0.2066577414427086,0.042845,-0.12656709841739522,0.43248628822592816,0.000863,-0.26585853267585635,-0.02259430448712503,0.22688,-0.43471779998723664,0.3521772425168952,0.21113,-0.3736110550468174,-0.10944679718407789,-0.30697,0.26302063760691347,0.05244367610253528,-0.31937,0.29872505358080087,-0.09467988735230291,-0.42761,-0.1739638923195133,0.2364604344917146,-0.43409,-0.09984596095981818,-0.07403547139701581,-0.84695,-0.11038004560617672,0.1680277282779459,-0.84112,-0.03273866507285801
160,0.12195369278053755,0.17774,-0.2744626681320982,-0.05018574351522079,0.059609,-0.20058195348491464,-0.14864499061312658,0.011592,-0.43687910703720256,0.20609844385214132,0.036799,-0.1286356452999158,0.43259963418499364,-0.005017,-0.26724998971563996,-0.0217658469471297,0.22279,-0.4370493615035653,0.3501477094704611,0.20576,-0.37160297247544927,-0.11054262684900251,-0.30924,0.2626243279483494,0.05111699161684427,-0.3226,0.2978412502794794,-0.09561669251347224,-0.42858,-0.17469771524775043,0.23670418488073916,-0.43442,-0.10076763647096643,-0.07414577591466213,-0.84795,-0.1112747930081773,0.16796142406793288,-0.84146,-0.03339921389901286
161,0.12286865658429116,0.17128,-0.27665712506669965,-0.04970129332997866,0.054748,-0.20311633250511246,-0.14880344321776928,0.007437,-0.4390902137221189,0.20534394523513524,0.031027,-0.13057614313215782,0.4327048685483056,-0.010452,-0.2686530313147305,-0.02161517027493612,0.21852,-0.4395105883400143,0.34807121928889595,0.2006,-0.36984687210079426,-0.11162630114149047,-0.31152,0.2621590817470744,0.04989513897804431,-0.3258,0.2968236176694194,-0.09660273806229219,-0.42993,-0.1754402205848709,0.23690913781516013,-0.43494,-0.10158445609283666,-0.0742548672993035,-0.84927,-0.1121936967407832,0.16825305148539665,-0.84247,-0.03453482582629411
162,0.12332160858770067,0.16636,-0.2782527113171441,-0.04920287497530059,0.050506,-0.20559747722957336,-0.14894162885422185,0.004032,-0.4413586723904394,0.20447303021193142,0.025355,-0.1323747000599079,0.43281010291161764,-0.01549,-0.27005607291382094,-0.020894732138820205,0.21484,-0.44171903686602293,0.34556835962311216,0.19561,-0.3682065692344331,-0.11269574590036452,-0.31356,0.2615440306047157,0.048667116128548314,-0.32867,0.29600798240711407,-0.09750478954554116,-0.43123,-0.17619837830036836,0.23707757654749703,-0.43681,-0.10253971961325851,-0.07441092241137622,-0.85057,-0.11299598397238791,0.16815353238867523,-0.84323,-0.0353525298983078
163,0.12374200966242518,0.16203,-0.27981342011008736,-0.04863987330354684,0.04626,-0.20812815976944327,-0.14918923688499153,0.001207,-0.4431793289377043,0.20353665160957002,0.019768,-0.13420510851515494,0.4328858170847262,-0.019808,-0.27129169719489926,-0.020710443414966043,0.21153,-0.4440829485958175,0.3430636913483907,0.1911,-0.36707429858056817,-0.11372123603214053,-0.31561,0.26083518718785276,0.04756224652101443,-0.33151,0.2951734453196531,-0.09842192259403722,-0.43233,-0.17710135502839422,0.23705773613811487,-0.43913,-0.10357895315686434,-0.07445478575482811,-0.85164,-0.11391049422771654,0.16646825728081038,-0.84306,-0.03259020898812898
164,0.12413698659646513,0.15784,-0.2813278405344004,-0.048055258134062404,0.042217,-0.21061441420204036,-0.14979249329071845,-0.00156,-0.4447682221716722,0.20257655711785216,0.015305,-0.13578584206859556,0.43304374075685514,-0.024032,-0.2728783793035088,-0.02063376010036816,0.20844,-0.4462627487401569,0.34098298909343344,0.18694,-0.36644606444729005,-0.11453587275910077,-0.31746,0.26008228878628215,0.046879525948183856,-0.33397,0.29409856224720576,-0.0993187886743432,-0.43343,-0.17806168373982414,0.23698808452795223,-0.44166,-0.10456604416239614,-0.07457379912798348,-0.85272,-0.11494589068174282,0.16465468377968245,-0.84304,-0.02973373648589714
165,0.12414026722092256,0.15399,-0.2827285507961973,-0.04766338825372666,0.039288,-0.21239339340284225,-0.15045010335987802,-0.00325,-0.445645746528565,0.20254803429958662,0.013271,-0.13677583522455078,0.4334287410253068,-0.028007,-0.2744859472782122,-0.02092401283526721,0.2065,-0.4469028755634378,0.3398174429813257,0.18344,-0.3666312731418767,-0.11505294072614455,-0.31945,0.25926000859227455,0.04653824825908357,-0.33605,0.2931143475658875,-0.10009866753532143,-0.43441,-0.17922477830270342,0.2367979486925215,-0.44465,-0.10550329992476043,-0.07470639793105474,-0.85371,-0.11619793762871568,0.16289903307508852,-0.84321,-0.026917821962432552
166,0.12420776525260654,0.15107,-0.28389454394185415,-0.047350721176316606,0.03732,-0.21386140167894419,-0.15119920019245817,-0.004832,-0.4462347744866607,0.202430902825937,0.012784,-0.13760882995315393,0.43351713329920805,-0.030986,-0.276196586575643,-0.021013183927657955,0.20462,-0.44745677493722497,0.3385807251587615,0.18033,-0.36624008389438645,-0.1151977513625497,-0.32109,0.258503367409425,0.046607273681201856,-0.33754,0.2921009377321571,-0.10063698309024671,-0.435,-0.18037574153553296,0.23669875284976846,-0.44697,-0.10649560037562222,-0.0745511234212945,-0.85424,-0.1172570650179464,0.16174940023996884,-0.84306,-0.02431389409392032
167,0.12423566188282764,0.14853,-0.28490505162516105,-0.04733581628390164,0.036947,-0.21415324726171375,-0.15190248151616703,-0.005878,-0.44645017035412865,0.2025118985715366,0.012289,-0.13835611817679644,0.43379611200973495,-0.033235,-0.27789392887437736,-0.021037048259398006,0.20343,-0.44785699924142275,0.33772396645602787,0.17811,-0.3662185310456146,-0.11518076812089591,-0.32247,0.2577447920542342,0.04680136968795269,-0.3389,0.2911095812169905,-0.10101366158561986,-0.43553,-0.1814068153986114,0.2366557673641597,-0.44697,-0.10734598396437905,-0.07448083616098147,-0.85457,-0.11752899092888117,0.16174940023996884,-0.84372,-0.02431389409392032
168,0.12418858034770007,0.14679,-0.2856343062645362,-0.04739513788281172,0.036947,-0.21417386152625922,-0.1523305874821624,-0.006663,-0.4465561197848925,0.20269427724286085,0.012289,-0.13904491279077513,0.434131871890536,-0.034931,-0.2795101792579642,-0.021476630050967352,0.20267,-0.44842191414520977,0.3368770798732113,0.17641,-0.36602261495172395,-0.11507440050744736,-0.32364,0.2569918233093255,0.04704071457850647,-0.34003,0.2901668203653607,-0.1013121262738819,-0.43594,-0.18236317246051903,0.2366631879348483,-0.44796,-0.1081367082748253,-0.07448083616098147,-0.85457,-0.11752899092888117,0.1607169024461446,-0.84372,-0.021683219597569983
169,0.12402515453353563,0.14667,-0.285703739709393,-0.047458165579004515,0.036947,-0.2141849750096299,-0.15284558966415218,-0.007271,-0.44668754562917645,0.20291956927263294,0.012289,-0.13940120410602314,0.4343431999389337,-0.035456,-0.28030556624299746,-0.022055588276005733,0.20204,-0.44899109634245454,0.33608059934669215,0.17569,-0.3657670395795227,-0.11492949680357314,-0.32476,0.25633703791195966,0.04724196141564474,-0.34099,0.2893595015246652,-0.10159320210199027,-0.43625,-0.1832453835343858,0.2367105475864003,-0.44747,-0.10915393836846433,-0.07448083616098147,-0.85457,-0.11752899092888117,0.16109576802448933,-0.84372,-0.021585952575689515
170,0.12385750408179422,0.14667,-0.2857434552734819,-0.04761202872220377,0.036947,-0.21422225949923138,-0.15347351124639946,-0.007303,-0.44652409996068665,0.20319296006379578,0.012289,-0.13962716311847304,0.43413986327435444,-0.035456,-0.2803617285153678,-0.022610677981242472,0.20191,-0.44954591560954993,0.3354074811534775,0.17561,-0.3656927974219339,-0.11485918131281155,-0.3256,0.25585187739031867,0.0473839106962599,-0.3417,0.2887041951827664,-0.10174913103024351,-0.43626,-0.18397352237371095,0.23670405226048857,-0.44702,-0.11003850482201165,-0.07445424635165016,-0.85453,-0.11752430242808415,0.16145364799954628,-0.84372,-0.021600021102735015
171,0.12369379286106483,0.14667,-0.28578247624486003,-0.047976982592009804,0.03751,-0.21383982300396245,-0.1542467505271441,-0.007325,-0.4457668674899661,0.2033812151631279,0.012367,-0.13971581985863116,0.4341103190417641,-0.035456,-0.2803669379606978,-0.023166262184386513,0.20177,-0.44990789101370987,0.33514277277119797,0.17561,-0.3655160787971346,-0.11488475808394126,-0.32606,0.25563412792699314,0.04745769915057486,-0.34226,0.28819933850606516,-0.10185403500429548,-0.43626,-0.18435757335499875,0.23686790044539935,-0.44702,-0.11067979553011636,-0.0743530286205555,-0.85453,-0.11657226252823118,0.16145364799954628,-0.84388,-0.021600021102735015
172,0.12352098523682897,0.14667,-0.2858332554237226,-0.04834058993227528,0.038099,-0.2133556064180166,-0.15510974008953254,-0.0074,-0.4447309866979786,0.20362394413782758,0.012718,-0.13965271165915416,0.43389713429965476,-0.035456,-0.28042483671484475,-0.023797704814961115,0.20167,-0.450070002716844,0.3350802113424639,0.17561,-0.3655068015327344,-0.11492427898211993,-0.3263,0.25553577093127267,0.047637661793259754,-0.34246,0.2880482939853506,-0.10194559389487703,-0.43626,-0.18458695724622803,0.2368521999822484,-0.44621,-0.11110904312237149,-0.07409338961734567,-0.85438,-0.11529781496633928,0.16177104390681987,-0.84386,-0.021557256186670756
173,0.12330862848396587,0.14692,-0.2857691569875995,-0.048826655301376434,0.039106,-0.21243604051121023,-0.15576763246317818,-0.006982,-0.4434761649478089,0.20407985785463667,0.013671,-0.13953170470553022,0.43360982761189154,-0.035377,-0.2802927198454959,-0.024255355013546823,0.20183,-0.4501811615929378,0.33498058894090293,0.17561,-0.3654025164565863,-0.11493806629066208,-0.3264,0.25553333985678534,0.04781319070702528,-0.34246,0.28808939873486084,-0.10200294587828107,-0.43616,-0.18460722421441816,0.23674560761119373,-0.44487,-0.11113799249944499,-0.07380388250716133,-0.85382,-0.11377236761124875,0.1621558633918022,-0.84322,-0.02155134315209107
174,0.1230272546851077,0.14734,-0.2854633714658426,-0.04937590937323876,0.040576,-0.2110199031716338,-0.15660443054459466,-0.006863,-0.4415522447387208,0.20447841958804167,0.014955,-0.13943096472009642,0.43336367375841245,-0.035198,-0.27999087836322856,-0.02487694956659131,0.20183,-0.4503415368142953,0.3348566798368555,0.17574,-0.3649877315316744,-0.11494102071392112,-0.3264,0.2555328189122523,0.04794440327190525,-0.34246,0.28812268931637597,-0.10204233818840158,-0.43587,-0.18461417014152484,0.23666682299095274,-0.44526,-0.11115188435365836,-0.07348663915290848,-0.85316,-0.1123293562966076,0.16197609122696585,-0.84243,-0.021280444704790142
175,0.12259006798186962,0.14865,-0.2846367295926521,-0.050075819176986586,0.042413,-0.20907184586584998,-0.15755124587584524,-0.006783,-0.4392923242249618,0.20504620724839637,0.016873,-0.1387926723319631,0.43308571646221045,-0.034506,-0.2792783197751194,-0.02556574418056995,0.20183,-0.45052391548561954,0.33476578792895184,0.17641,-0.3645874333164927,-0.11494102071392112,-0.3264,0.2555328189122523,0.04803819314217077,-0.34246,0.2881493812671398,-0.1020915785760522,-0.43554,-0.1846228525504082,0.23657992677495832,-0.44439,-0.11117736076717849,-0.07307103701911227,-0.85252,-0.11132898993052762,0.1622223412499929,-0.8417,-0.020891779133689236
176,0.1219926628757809,0.15057,-0.2833103167085097,-0.050794701692219606,0.044362,-0.20692404863862107,-0.15843956759743194,-0.006252,-0.43713378663692737,0.20552714677753062,0.018885,-0.13783460283066576,0.4324325108055389,-0.033013,-0.27764696378389847,-0.026273021196188087,0.2024,-0.4503135367243857,0.3346395715299979,0.17771,-0.36410197536709327,-0.11501415785182201,-0.3264,0.2557230081839258,0.048007193646307074,-0.34236,0.28850946879990946,-0.10211010906246568,-0.43505,-0.18457534864453423,0.236523740460201,-0.44261,-0.11114665086594133,-0.07257296580594068,-0.85167,-0.11047959657841697,0.16262038203886492,-0.84147,-0.02078808472499639
177,0.12121137993838219,0.15302,-0.2816609271330213,-0.051564741937773655,0.046146,-0.20482588896399498,-0.15925897681869478,-0.005988,-0.4351357204397985,0.20579378398068274,0.019811,-0.1366401554262585,0.4318453876259288,-0.031081,-0.27569932768545385,-0.027068834740029385,0.20286,-0.4494282792457735,0.33449946327683067,0.17938,-0.3635377327974529,-0.11509338888519631,-0.32608,0.25624721371933196,0.04798508146260746,-0.34212,0.28904374592962034,-0.10213901035476516,-0.43453,-0.18412350274679543,0.23641369916798,-0.44034,-0.11098327732461252,-0.07256524524840606,-0.85048,-0.10786858884327115,0.16447156328356266,-0.84086,-0.023973016749275603
178,0.1203020155321947,0.15542,-0.2796076425992172,-0.05246597489388232,0.047846,-0.20220253173349365,-0.16008882897300464,-0.00479,-0.43325119254083083,0.20589595410102018,0.021339,-0.1350888458934733,0.43128899838994283,-0.029328,-0.27352287850891,-0.027724419818768428,0.20411,-0.4482441305200914,0.3344097610799607,0.18126,-0.36291383094950186,-0.11514154829554596,-0.32582,0.2569292120119946,0.04784924593179112,-0.34182,0.2899235241451769,-0.10223508766561187,-0.43421,-0.18352103353568128,0.236240549676282,-0.43843,-0.11057717480858394,-0.07284120640505196,-0.84961,-0.10530150928859763,0.16446322817103465,-0.84027,-0.023925745977131017
179,0.11932010884362323,0.15817,-0.27725236697735495,-0.05321435355693172,0.049455,-0.19971469042491055,-0.16085666646932328,-0.003932,-0.43114249019596396,0.2060265508700752,0.023165,-0.1332380502581012,0.4305704734084357,-0.027221,-0.27088761346513346,-0.02837474736740349,0.2051,-0.44674427250031534,0.3344301001753118,0.18325,-0.36245330264287967,-0.11518615842711966,-0.32552,0.25772353306557494,0.047655616192498994,-0.34137,0.2909352714081145,-0.10236011435353207,-0.4338,-0.18281197195351248,0.23609694441717435,-0.4372,-0.1101658628472254,-0.07309062405331758,-0.84884,-0.10347811881019384,0.16443150042311844,-0.83973,-0.02380339668202815
180,0.11831570420717766,0.16118,-0.2746370474316232,-0.053909628916541046,0.050949,-0.1973494910307114,-0.16167840702787967,-0.002591,-0.4292463777376895,0.2058791182157672,0.025178,-0.1311925763246463,0.42974131227919066,-0.025002,-0.26820077669641285,-0.02930189058598079,0.20651,-0.444653505786345,0.3344533895058603,0.18532,-0.3616063920176762,-0.11527951863649831,-0.32506,0.2587021892213849,0.047426091149026725,-0.34072,0.29209300335222715,-0.10252160715876231,-0.43336,-0.18189610074321114,0.23596551857289041,-0.43563,-0.1096508606652356,-0.07308923122282598,-0.84834,-0.10262796114245025,0.16592539833209904,-0.83973,-0.027265582413259708
181,0.11729997218754162,0.16427,-0.27183079415291045,-0.05464468653850699,0.052471,-0.1948796093954119,-0.16249548491184895,-0.000792,-0.427146357801706,0.2059611175374625,0.027818,-0.12889340775508867,0.4289597031405936,-0.022454,-0.26515015591459457,-0.03021859087151109,0.20825,-0.4424492007742134,0.33452939218761274,0.18747,-0.36077049513864956,-0.11557554433971673,-0.32447,0.2598685038371872,0.04720501119264681,-0.33975,0.29357716090885216,-0.10269232914361878,-0.43286,-0.1806975374349597,0.23506601480841788,-0.43399,-0.10875342377179974,-0.07312738030824556,-0.84785,-0.10161113783071823,0.16733053976372778,-0.84004,-0.030800282196426648
182,0.11620469968557934,0.1682,-0.2686425496286549,-0.05544961742616283,0.054059,-0.19207680325404256,-0.16315844247650269,0.001162,-0.4248262312388934,0.20600203615203458,0.030879,-0.12624608350842348,0.42819598154811905,-0.019961,-0.26260409438171906,-0.031079675655413988,0.21009,-0.4402147807163615,0.3350925893005413,0.18993,-0.3598182299381991,-0.11578402669858823,-0.32447,0.26113148883553017,0.047129759098935284,-0.33952,0.29521903731174987,-0.10274544501124375,-0.43286,-0.17941731139843078,0.23401186799627383,-0.43507,-0.10767001503155138,-0.07312738030824556,-0.84785,-0.10161113783071823,0.16584842767226446,-0.84004,-0.027980814206124534
183,0.11507474982091924,0.17264,-0.2652979514011611,-0.0563231513651906,0.055846,-0.18897131143190446,-0.1639187151478108,0.00339,-0.42247249262442027,0.20580429361097718,0.033811,-0.12356976179991078,0.42744853123192555,-0.017438,-0.2596896102035458,-0.032100018076801545,0.21217,-0.437653042762722,0.3356349486321498,0.19242,-0.35874778780738714,-0.11597600045938788,-0.32442,0.262387230479008,0.047092733646697485,-0.33892,0.29681688277232676,-0.10265317105321035,-0.43286,-0.17821299187410644,0.23285346015036867,-0.43546,-0.10651360192952192,-0.07298055809829379,-0.84834,-0.10304847886146386,0.1657832891308982,-0.84075,-0.028590386162852102
184,0.11379855391090604,0.17695,-0.2617862092410267,-0.05732406318375747,0.057906,-0.18581719990384252,-0.16473460332074635,0.006318,-0.4201488690556674,0.20580003965696886,0.036684,-0.12083901430080449,0.42663159760227815,-0.014791,-0.2565538296875098,-0.03360905098727196,0.21556,-0.4334715574195554,0.33683762784424554,0.19495,-0.35813970663452205,-0.11619638101457971,-0.32385,0.26390197415728933,0.04713897462839399,-0.33779,0.29858172434357666,-0.10255563956507302,-0.43282,-0.1766929630556883,0.2316342273575061,-0.43551,-0.10535775964062238,-0.07288528597513788,-0.84884,-0.10444109195293952,0.1657293878524834,-0.84159,-0.0292061000998271
185,0.11255397639466042,0.18121,-0.25835012603393526,-0.058276462246310404,0.060165,-0.1824717574778474,-0.1654698982645032,0.009458,-0.41730332142020504,0.2056492782934295,0.039562,-0.11773808363223678,0.42609390714941453,-0.012045,-0.2532164970734452,-0.03474383290921078,0.2191,-0.4290514590055333,0.33691539105016166,0.19749,-0.3571410310696835,-0.11647330960631636,-0.32312,0.2653458212943086,0.047316689539148436,-0.33653,0.30017681725952094,-0.10241176983970854,-0.43265,-0.17520538062028393,0.2299753040393414,-0.43427,-0.1042997551867332,-0.07327762700883417,-0.84922,-0.10438131308310973,0.16659154391930808,-0.84327,-0.03248317439200259
186,0.11145595437271985,0.18551,-0.254938972469621,-0.059317908001257566,0.062578,-0.17920294198297732,-0.16618666272184665,0.012705,-0.4145052776906166,0.20524420339588362,0.042973,-0.1146921495673926,0.4254021444620093,-0.009163,-0.24975401755952548,-0.036082996952440646,0.2234,-0.4238753659165983,0.3366814887386672,0.20006,-0.35621761907675864,-0.11664654797742179,-0.32207,0.2667774890165042,0.04766070837210377,-0.33483,0.3017098456488771,-0.10219836871611629,-0.43246,-0.1735938409960582,0.22828914378349288,-0.4344,-0.10331763320266152,-0.07406207951014324,-0.8494,-0.10344531186879963,0.16605662028166057,-0.8439,-0.03215609381800598
187,0.11050533987671755,0.1903,-0.2512581245944718,-0.06027203935752554,0.064767,-0.1762335128535004,-0.16687385890421277,0.015861,-0.4115293977523561,0.20483625039030126,0.04621,-0.11151471753110351,0.42501855028607427,-0.004846,-0.2463692050819739,-0.03725881149672863,0.22729,-0.41876185829878443,0.3367355120128399,0.20358,-0.3551418953734557,-0.1168027111253871,-0.321,0.2685269498109256,0.04792627607615705,-0.33304,0.30354382323722545,-0.10203530152166047,-0.43235,-0.17152408036011685,0.2265092135117042,-0.43338,-0.10180371503196331,-0.07446996837654536,-0.85002,-0.10355074275926915,0.1669664040339399,-0.84484,-0.03535775190782264
188,0.10946567450025943,0.19577,-0.2472680422763994,-0.06130793798774215,0.068428,-0.17306526191206356,-0.16750543958495145,0.023055,-0.4085234027683753,0.20430840801496777,0.049813,-0.10817564843526224,0.4247814875620573,0.000161,-0.24318194901054163,-0.03771169664702151,0.23401,-0.41377473537663345,0.33569809328232947,0.20882,-0.35041015548441,-0.11691616581818534,-0.31925,0.27038548391948597,0.048275476123993806,-0.331,0.30526054200469754,-0.10188957510258437,-0.432,-0.1691832121855322,0.22469569523064195,-0.43205,-0.10021448520457743,-0.07451844630981037,-0.8505,-0.10432390696562274,0.16797350467669664,-0.84566,-0.03899614609968241
189,0.10843834535713175,0.20188,-0.2432960932797882,-0.06227030952782178,0.07235,-0.17019882841050718,-0.16828650195280564,0.030051,-0.40570623369685643,0.20385880348913235,0.054407,-0.10458923577490811,0.42452242138807367,0.006386,-0.23992749287817525,-0.038269437686592356,0.24075,-0.408826409909086,0.33440988206613986,0.21492,-0.3454078548274639,-0.1169634293001894,-0.31707,0.2720932210664933,0.04869799417062516,-0.32845,0.3068378747217458,-0.10166449325013735,-0.43151,-0.1668892771036916,0.22287466020934313,-0.43032,-0.09852503812011362,-0.07477524497496274,-0.85057,-0.10392138436305741,0.1689704099455679,-0.84631,-0.04263430715781285
190,0.10741026453998043,0.20807,-0.23931412255746928,-0.06327549825680125,0.076479,-0.16697439115431306,-0.1691811026188212,0.037276,-0.4028786216922907,0.20338952685062367,0.059289,-0.10083366931476526,0.42440410640754805,0.014359,-0.23678022397238038,-0.03946149946477427,0.24795,-0.4039086981732278,0.33305061935142877,0.22367,-0.3389660224117303,-0.11703987529299628,-0.31425,0.2738973552106698,0.04909153879779604,-0.3252,0.3083491730465066,-0.10125515199026755,-0.43094,-0.16425822413330732,0.2215181732289627,-0.42943,-0.09710907799636069,-0.07522270515113176,-0.85039,-0.10282340422173297,0.16941537227155737,-0.84671,-0.045445752431768946
191,0.10643784730923045,0.2142,-0.23495678326274588,-0.0641261244413934,0.081541,-0.16368208328686107,-0.17006407064075596,0.045167,-0.3997138677567942,0.20315948218087437,0.065811,-0.09716792526342724,0.42445777525007367,0.022666,-0.23409003445204135,-0.04046292672155653,0.25588,-0.39863243591198894,0.33140457267731044,0.23205,-0.3327981516002895,-0.11701669888424218,-0.31099,0.2755972042786983,0.04964438914722558,-0.32082,0.309878407002164,-0.10068533933949228,-0.43027,-0.1615582586625991,0.2201553592193795,-0.42914,-0.09536929698276048,-0.07570753156101805,-0.85008,-0.10215849193257237,0.16836075616730012,-0.84638,-0.04482038384234243
192,0.10495755049642952,0.22089,-0.230333597527129,-0.06484050528860769,0.089953,-0.16082269366578225,-0.17064750447532984,0.054027,-0.3962322869433311,0.2029798195250355,0.072626,-0.0936151486971207,0.42445123804354584,0.032497,-0.23111598716510545,-0.04095399042854912,0.26464,-0.39325602852083313,0.32999086012961876,0.24165,-0.3263354573608489,-0.11694485290096737,-0.30658,0.2773665607025676,0.05020592190553844,-0.31645,0.3113584005701709,-0.10027245298890818,-0.42969,-0.1584290215572488,0.21904800037006256,-0.42914,-0.09369616925935156,-0.07586462553750226,-0.85001,-0.10251722091460809,0.16788362976278287,-0.84638,-0.0441876229126759
193,0.10323959719007748,0.22838,-0.22512275254409658,-0.06555175085166919,0.098154,-0.1579119798789208,-0.17120255974596016,0.063282,-0.39279647355396524,0.20266178509780597,0.081187,-0.08950797763870388,0.42448406910475145,0.042802,-0.22830762071440494,-0.041435422439494496,0.27341,-0.3894315255179794,0.33009127592995036,0.25196,-0.32074305924670826,-0.11672704627890437,-0.30197,0.27899918566727483,0.050916936350966786,-0.31119,0.31302722005063965,-0.10095332214207145,-0.42912,-0.1557769625088355,0.21834217753173507,-0.42767,-0.09136329246858543,-0.07610429918834204,-0.84978,-0.10351905999404806,0.16848801445532008,-0.84638,-0.04531175063825993
194,0.10149201914785089,0.23754,-0.21966327454832377,-0.06646994300704465,0.10648,-0.15435742052988655,-0.171786540351277,0.073712,-0.38908144103020265,0.202256854454582,0.09137,-0.0854262829938072,0.42437386571997937,0.05433,-0.22514876724930327,-0.04156639147842567,0.28336,-0.38563661483249,0.3287048662429456,0.26309,-0.3178904695145912,-0.11641874188923543,-0.29713,0.28072900195905587,0.05164652936758259,-0.30536,0.3149937891519187,-0.10163071833168139,-0.42845,-0.1531445996154825,0.21767520023278514,-0.42579,-0.08879001804041314,-0.07651133005122639,-0.84945,-0.1041188523553362,0.16920648421676154,-0.84638,-0.04667977300719045
195,0.10024231579163834,0.25247,-0.21434955593312865,-0.06724943408775218,0.11759,-0.15065655324570873,-0.17221761439069894,0.089466,-0.3855425322757225,0.20183865085504857,0.10222,-0.08098137514894278,0.4241843549866103,0.066986,-0.22159772716477338,-0.041371851230506934,0.29756,-0.38219047872201206,0.3288652717108478,0.27577,-0.3141355700371262,-0.11595571813667238,-0.29191,0.2824048653200022,0.05237264942064505,-0.29969,0.316980054408258,-0.10233941927804538,-0.42785,-0.15068022485327143,0.21702848990202536,-0.42467,-0.0862740955956449,-0.07702316871861477,-0.84932,-0.1044121886445438,0.16872518490451152,-0.8455,-0.044814004540304035
196,0.09909469895040017,0.26698,-0.20933261896066166,-0.06798209662138682,0.12982,-0.14679511483343177,-0.17308200384144626,0.10537,-0.38208002871941577,0.20126922908662292,0.11386,-0.07671544513901024,0.42364447745077505,0.079509,-0.21732658770951085,-0.04185035704864186,0.31286,-0.3781522201639192,0.32749899094186913,0.28926,-0.30817222560129837,-0.11587791832418443,-0.2859,0.2824185835260379,0.05337310955203427,-0.2937,0.31723769665149587,-0.10281502914991468,-0.42604,-0.15080470477044872,0.21702848990202536,-0.42585,-0.0862740955956449,-0.07751248663657362,-0.848,-0.1056337155477123,0.16872518490451152,-0.84696,-0.044814004540304035
197,0.0972793782645581,0.28142,-0.2040475540786045,-0.06873279933158927,0.14173,-0.14269315500416788,-0.17434257560353103,0.11862,-0.37827105788300414,0.20079134216639188,0.12631,-0.07239275800119052,0.42309705913231627,0.09617,-0.21312785776051252,-0.04372854551009102,0.32736,-0.37089815867374143,0.32546203732474643,0.30392,-0.3053734187194841,-0.11562435646420156,-0.27987,0.2824836018554692,0.05415053686378403,-0.28709,0.31743570365881013,-0.10331033517684421,-0.42284,-0.15093265765117933,0.21791250958482977,-0.42564,-0.08604713921125715,-0.07804764883684366,-0.84502,-0.1057717424269863,0.16996570429606617,-0.84685,-0.04660885847285034
198,0.09566461649286835,0.29632,-0.1982701832734121,-0.06957654442609518,0.15398,-0.13824204747732727,-0.1755295000635439,0.13338,-0.37390077066976246,0.20015241304212553,0.13919,-0.06807815841673726,0.4224963566495236,0.11219,-0.2088572891183799,-0.045765372711120966,0.34196,-0.3630323507080494,0.3246312118408857,0.31913,-0.3021588535832071,-0.11553746024820716,-0.27415,0.28250907826898936,0.0547721314168285,-0.28087,0.3175960788801676,-0.10405821825600362,-0.41965,-0.15112545521316356,0.2189998659322134,-0.42564,-0.08576402055449908,-0.07852262119731529,-0.84208,-0.10589407908047989,0.17124946208385988,-0.84685,-0.04864892953589667
199,0.09399334639328454,0.31454,-0.19144673273470098,-0.07032789845271169,0.16705,-0.13382542024303556,-0.1766428012638718,0.14907,-0.369141793843033,0.19950780339659308,0.1529,-0.06378893070013296,0.4216998823271623,0.12804,-0.2043978464790112,-0.04685968661968266,0.35753,-0.3550409692836942,0.32333431821581277,0.3349,-0.2971073125386104,-0.11434077659007158,-0.26858,0.2791660927436915,0.05619131787610707,-0.27487,0.31300273480489954,-0.1061792442700161,-0.41645,-0.15303274351016602,0.2220722978249026,-0.42395,-0.08643062558357284,-0.08012755691674536,-0.83928,-0.10859175703318247,0.17361683165393535,-0.84496,-0.05067258398235751
200,0.09222537170882691,0.33365,-0.18353351881650584,-0.07113486379289398,0.17947,-0.12982476942851245,-0.17795194643092935,0.16632,-0.3647118233090938,0.19835327545099715,0.16667,-0.05931443472596581,0.4207551160287193,0.14482,-0.19990362611933524,-0.04930844467997504,0.37517,-0.34760319515683663,0.3214304850441345,0.35165,-0.2909747421758329,-0.11317181599140391,-0.2635,0.2751683458634147,0.05743495137923312,-0.26976,0.3081956592167792,-0.10849268937197883,-0.41337,-0.1556339877817031,0.22474398090121517,-0.4223,-0.08626416375688248,-0.08182461217994068,-0.83652,-0.11263284072863607,0.17606296536951063,-0.8433,-0.05366122143871212
201,0.0905346824846246,0.35293,-0.1759722309667301,-0.07241934905747549,0.19139,-0.12427348141535073,-0.17961669188817017,0.18434,-0.3597048359351736,0.1971548626012254,0.18152,-0.05424552886360241,0.41988906222335626,0.16315,-0.19591339419547205,-0.05180154002946104,0.39355,-0.33824392832773237,0.32249106125918714,0.37075,-0.2874875974853927,-0.11200443086794451,-0.25936,0.27067276214452723,0.05868032136413587,-0.26464,0.30337873555112876,-0.11109172872231515,-0.41109,-0.15828559002476358,0.2278420334617464,-0.42075,-0.08598190442189817,-0.08333779566113503,-0.83444,-0.1178721999215375,0.17858299751396525,-0.84199,-0.056781019187111134
202,0.08852968276870457,0.37255,-0.16834451334353764,-0.07380723913612328,0.20432,-0.11874042646084404,-0.18151367530228962,0.20489,-0.35430216493588484,0.1959167858397847,0.19717,-0.04946996712357847,0.41890085983810943,0.18268,-0.19134559866088519,-0.05497067976497214,0.41357,-0.3290241748962785,0.3229349219772653,0.39112,-0.2824032796685222,-0.11061576507288609,-0.2548,0.2653023122276549,0.060048434784439206,-0.25977,0.29809605009113915,-0.11429794804312664,-0.40881,-0.16158243058306407,0.23319827005426,-0.41962,-0.08474298167813318,-0.0856045721366106,-0.83215,-0.12229298315646663,0.18270962965504117,-0.84104,-0.05939515158089668
203,0.0868198723906335,0.39246,-0.16123338477832097,-0.07509082133706754,0.21808,-0.11377589579486774,-0.1832473573022413,0.22497,-0.34930733293440136,0.1949187113346208,0.21259,-0.04507653483411027,0.4180962017928337,0.20257,-0.18741562087084956,-0.058324601636262005,0.43351,-0.3197354608797269,0.32240366092731026,0.41247,-0.27449539362376907,-0.10903865494147855,-0.24892,0.25912228604377735,0.0611684895727779,-0.25343,0.29191666684755246,-0.11822253025289414,-0.40651,-0.1652394860213609,0.23930586268948636,-0.41852,-0.08333095752744415,-0.0888036772336065,-0.82979,-0.12442082868149303,0.1872408976480946,-0.84001,-0.061136764159838805
204,0.08476977223329407,0.40866,-0.15300436361266118,-0.07633943355603297,0.23459,-0.1089463432766058,-0.1852121115904249,0.24257,-0.343865840438122,0.19399716402338824,0.22826,-0.04065640818963953,0.4173459695381517,0.22298,-0.18367913166786304,-0.0614237593723504,0.45057,-0.3113157090231195,0.3220330636073565,0.43406,-0.2651375809719555,-0.10736706701681958,-0.24186,0.251669327046833,0.06248191273623076,-0.24621,0.284928575577849,-0.12176196793988807,-0.40447,-0.16946834885430867,0.24538559948912497,-0.41764,-0.08227924442629946,-0.09110304434641783,-0.82796,-0.12992371073370182,0.19208909047248554,-0.83905,-0.06289052792315598
205,0.0825304802536435,0.42666,-0.14434160582833683,-0.07757131366015196,0.25025,-0.10418288944466035,-0.187462387999821,0.26102,-0.3379568256233398,0.19308065250930806,0.2457,-0.03626484097000616,0.41654535526955916,0.24519,-0.17982967497984514,-0.06358584748101259,0.46891,-0.30026323984151204,0.32140139916538557,0.45709,-0.2544143585070083,-0.10568588400268521,-0.23453,0.24364942102038933,0.06355251075543594,-0.23797,0.27718686905530027,-0.12360173199085407,-0.40375,-0.17331627923787504,0.2507202591904798,-0.41686,-0.08206970714861017,-0.0932426970163917,-0.82724,-0.13247400217819863,0.19688045760947415,-0.83835,-0.06587688522906993
206,0.08030826768519467,0.44586,-0.13574691634583497,-0.07913543748264652,0.26638,-0.09917643744070535,-0.18998431871860338,0.27997,-0.3318316998736379,0.1921774121677144,0.26284,-0.031833362899958015,0.4156833933256533,0.26338,-0.17557471063131552,-0.06574204132343778,0.48644,-0.2926418732899094,0.32003695725188924,0.47797,-0.24356648782817475,-0.10415656209773386,-0.22669,0.2349934818159451,0.06446487255148131,-0.22955,0.2687876967179139,-0.12474173576643852,-0.40314,-0.17727437112559735,0.25517308629200175,-0.41636,-0.0830209330965066,-0.0950959984899241,-0.82669,-0.13785761375856015,0.20176323759889944,-0.83798,-0.06926649517342459
207,0.07896043162530089,0.46554,-0.12670357697613033,-0.08091118802212884,0.28275,-0.09427127281334284,-0.1931266542793965,0.29908,-0.32564334571252407,0.19154661868158848,0.28058,-0.027334551992855873,0.41486491555332516,0.28263,-0.1710480679310127,-0.0691813152680413,0.50716,-0.2847694978711447,0.3189088691991159,0.49962,-0.23267694158670124,-0.10264304101354305,-0.21785,0.22560364933992558,0.06546227386980953,-0.22017,0.25956071505486733,-0.12510485900101614,-0.40265,-0.18080100429570592,0.2587413709823634,-0.41612,-0.08379303695514924,-0.09668811262950426,-0.82635,-0.1437435013353449,0.20644917981730307,-0.83774,-0.07263394903736728
208,0.0776484992457105,0.48403,-0.11857794503569748,-0.08293438605137937,0.30025,-0.08878626791503723,-0.19588372510548102,0.32198,-0.31916366512935074,0.1911320340837532,0.29835,-0.02227670377338173,0.414046509908158,0.3022,-0.16600354494068364,-0.07257822262493993,0.52897,-0.2763311674433498,0.3164436056428306,0.51986,-0.22312999047139478,-0.10171928079312896,-0.20819,0.22001921856721648,0.065219562733339,-0.21022,0.25546636635156506,-0.12510485900101614,-0.40235,-0.18080100429570592,0.2599364613270615,-0.41562,-0.08360261881523248,-0.09664239949433878,-0.82616,-0.14826424356525286,0.2094228905108211,-0.83731,-0.07504418651762858
209,0.0762176664921836,0.50239,-0.11067636376158314,-0.0851083539751414,0.31872,-0.08275717806113275,-0.1988076183940608,0.34336,-0.3126017029199961,0.19147897507630623,0.31576,-0.016815489993672467,0.41312912480172076,0.32374,-0.1603976815311376,-0.07639043763510639,0.54922,-0.26761066764596086,0.3160667534208349,0.54191,-0.21293047663970766,-0.10081503586688134,-0.19794,0.21448211805220366,0.06516451184068367,-0.19978,0.25117155909172,-0.12510485900101614,-0.40202,-0.18080100429570592,0.26020873453435156,-0.41499,-0.08353430117042551,-0.09640831104790626,-0.82592,-0.1520105087186085,0.2113767093841466,-0.83714,-0.07581664480791818
210,0.07464877979234123,0.52321,-0.10284989645359176,-0.0870572113504409,0.33564,-0.07755556947044269,-0.2018670534307687,0.36574,-0.3059620977166602,0.19184965600060272,0.33319,-0.01143132435242751,0.41229173806894515,0.34556,-0.15438169587126677,-0.0798836627267216,0.57076,-0.2602961356404727,0.31345572156485735,0.56377,-0.20186577995850263,-0.10020231388985072,-0.1858,0.208335129539211,0.06554724669484491,-0.18751,0.24577605040102085,-0.12510485900101614,-0.40199,-0.18080100429570592,0.26020873453435156,-0.4145,-0.08353430117042551,-0.09601541556518405,-0.82592,-0.1551601330040839,0.21260655340676507,-0.83707,-0.0756505614552618
211,0.07292408437618056,0.54492,-0.09488843416821513,-0.0891348255533303,0.35338,-0.07180802527975114,-0.20492475198569993,0.38622,-0.29933234059085456,0.19266682377151736,0.34959,-0.00581510161519759,0.4119629303194086,0.36673,-0.14860097053063304,-0.08411853383368353,0.59236,-0.2499848618730171,0.3110324701646299,0.58494,-0.19013840801712992,-0.09957712709143147,-0.17316,0.20226141877337087,0.06629776125401306,-0.17496,0.23990721509097196,-0.1243720094023299,-0.40113,-0.18040777221956586,0.259754821765576,-0.41319,-0.08176626180481665,-0.09535364771156413,-0.82541,-0.15770386319966584,0.21248033700781116,-0.83615,-0.07516510350586239
212,0.07117456091568378,0.56568,-0.08592810824439007,-0.09129056522691467,0.37118,-0.06591686559258135,-0.20760867419568152,0.40806,-0.29171263839386763,0.19351194711521344,0.36686,4.569112417990989e-05,0.4117112428354973,0.38847,-0.14227862496822963,-0.08727247179201258,0.61379,-0.23975715561232444,0.3102864802298848,0.6066,-0.180897558542257,-0.09907921362688016,-0.16085,0.19615511201872626,0.06729795071498759,-0.16306,0.23406209567027952,-0.12325034997822085,-0.40024,-0.17922502958640033,0.259408594909341,-0.41188,-0.0804361764827333,-0.09506705609125274,-0.82488,-0.15881091570210973,0.21254691817084145,-0.83524,-0.07542752863562233
213,0.06922396124157193,0.58702,-0.07659909769067354,-0.0933654124597391,0.38558,-0.0598510049808923,-0.21004579961189307,0.42936,-0.2839377223360793,0.19426940573922058,0.3841,0.00577019044140558,0.4113436857161311,0.41201,-0.13604779021163377,-0.09066447605045425,0.63535,-0.2293886500733997,0.3087596381046105,0.62936,-0.171489766392954,-0.0983382094658416,-0.1487,0.19021351990605784,0.0687754865296081,-0.15076,0.2283316080892343,-0.12124754897934378,-0.39905,-0.17768383259740214,0.2580306752921237,-0.41047,-0.07901384124500357,-0.0950190054146359,-0.82404,-0.15902583692599576,0.2125880229203516,-0.83435,-0.07560305754938787
214,0.06711894746545628,0.60921,-0.06668805854221067,-0.0954772227120196,0.40099,-0.053402753554469544,-0.21249855336409473,0.45397,-0.2760741735805198,0.19524404122960046,0.39998,0.011933061984841477,0.41185662723124206,0.43448,-0.129915556442274,-0.0942046101924265,0.65933,-0.22198084673794038,0.30773951826886364,0.65059,-0.1631705203020683,-0.09692831174916539,-0.13626,0.1842274035165686,0.070387350338936,-0.13866,0.22212724711809642,-0.118278470713868,-0.39749,-0.1759214835248631,0.2538795935033212,-0.40865,-0.0785069684969964,-0.09492054868172166,-0.82281,-0.15918109887157114,0.21209271689342207,-0.83334,-0.07573101043011848
215,0.06472588975298597,0.63098,-0.05653130474068598,-0.09759352199070952,0.41675,-0.04715939441350892,-0.21509726775508456,0.4777,-0.2680738933657984,0.19656060510507894,0.41606,0.018345094077851076,0.41228445709690925,0.4586,-0.12347339363728041,-0.09858325485520496,0.68389,-0.21246664835252074,0.306078468360817,0.67394,-0.15242572094596224,-0.09535962266246326,-0.12351,0.17789357848352094,0.07211905543324108,-0.12604,0.21541599556072222,-0.11451336252306807,-0.39567,-0.17349075106085737,0.24847021700079566,-0.40635,-0.07863829196757459,-0.09419752311817853,-0.82129,-0.15861697651386567,0.2108298316322729,-0.8315,-0.07605523383638672
216,0.062069158334586025,0.65252,-0.04625552918988269,-0.10003808310088216,0.43236,-0.04078200106052907,-0.2177515495629278,0.50182,-0.2597584746701131,0.19747079307915744,0.43239,0.02470070253431242,0.412425647257491,0.48341,-0.11626943185652708,-0.10321307047769662,0.70896,-0.20124005014550664,0.30285764289258466,0.69741,-0.1399758702117893,-0.0937204936850029,-0.11103,0.17155186537149433,0.07397067393968432,-0.11333,0.20871573370713795,-0.11093472486504956,-0.39385,-0.1706359564075396,0.24268780326315925,-0.40595,-0.07861199811289685,-0.0932183754116913,-0.81979,-0.15748982533994055,0.20910244641497927,-0.83137,-0.07576071675525996
217,0.05918911714352933,0.67377,-0.035116414919088235,-0.10244885494357071,0.44717,-0.03511452550941286,-0.22020021145367222,0.52224,-0.25163019348988713,0.19822515007835353,0.44814,0.030615555154434402,0.4123391659662332,0.50802,-0.10915638602606438,-0.1076917641008441,0.73154,-0.19052498115692898,0.30110463157753536,0.72097,-0.12819124245656052,-0.0921029018900507,-0.098603,0.16529774306817288,0.07595262474892567,-0.10038,0.20196737309216278,-0.10700443452398312,-0.39158,-0.16758715043881678,0.23644840630961497,-0.40527,-0.078067181027902,-0.09199140949710925,-0.81785,-0.15719224401583926,0.20705811410778407,-0.8309,-0.07602979930348272
218,0.05642747577919286,0.69492,-0.024435704925141865,-0.1049621753806307,0.46198,-0.029556520437387775,-0.2223342335494216,0.54406,-0.24286763965582409,0.19860977094163734,0.46327,0.03626618970212254,0.41216464683272114,0.53185,-0.10194716671520707,-0.11239413348392184,0.75397,-0.1803266027473438,0.2986002401773864,0.74404,-0.11675234287159783,-0.0912624279578963,-0.085931,0.15898782804740047,0.07750820607394834,-0.08732,0.1951032149688937,-0.10323920612124823,-0.38904,-0.16429328415810068,0.23051606028366814,-0.40449,-0.07730575432201843,-0.09099094936572005,-0.81563,-0.15693460177260135,0.20504332603317926,-0.82917,-0.07629367240637551
219,0.05346984448740634,0.7124,-0.013052353523122987,-0.10752805956310395,0.47634,-0.02416111319028089,-0.2242458898082095,0.56421,-0.23467513269224832,0.19894475425231833,0.47833,0.041967981980131734,0.41162001665690867,0.55337,-0.09436657452385457,-0.11767592317143512,0.7752,-0.17110365865682273,0.29560251345179667,0.76512,-0.10792884387864243,-0.09063519941681006,-0.074754,0.15343234486794194,0.07885655121203047,-0.075794,0.1892991762553245,-0.09995479703571263,-0.38904,-0.16109435356197155,0.22177195317478626,-0.40421,-0.07177005284267536,-0.09047568271747339,-0.81563,-0.15490428153155447,0.19897568488713196,-0.82741,-0.06952446780592253
220,0.050180783041058316,0.72877,-0.0014075828168296674,-0.10988435217895616,0.48923,-0.019551244850677208,-0.22679767110645527,0.58391,-0.22659549704415605,0.1991050305891711,0.49182,0.04687536789279899,0.41048978340177983,0.57557,-0.08640183518166634,-0.12200223916120144,0.79524,-0.1643625022310533,0.2942957058261905,0.78677,-0.09919305233868123,-0.09016440267800761,-0.064174,0.1481132894601902,0.07991475963908692,-0.064892,0.18410400590923318,-0.09683316663598901,-0.38904,-0.1578936624416787,0.21341889105907277,-0.40421,-0.06603339412082058,-0.08969999188750029,-0.81584,-0.15469642644671008,0.19309272792349258,-0.82741,-0.0631116067935532
221,0.04712116613489837,0.74618,0.009333298403421312,-0.11228670964666407,0.50227,-0.015025655983209452,-0.2294067563033311,0.6055,-0.21819087483756977,0.19918942624002917,0.50342,0.05140686669276752,0.4089991910123328,0.59709,-0.07875449353057459,-0.12628671129161884,0.81815,-0.15664931232261226,0.29290405101739736,0.81075,-0.0882484373663232,-0.08937899328867607,-0.052365,0.14115394630934977,0.08106714059850446,-0.05361,0.17710782708616327,-0.09361000905621877,-0.38904,-0.15359871713166953,0.20522540269952064,-0.40422,-0.059186153472071366,-0.08886537468489758,-0.81584,-0.15148267254743286,0.1873658494938971,-0.82744,-0.05614421851295378
222,0.04416028353508572,0.76162,0.01941633044889884,-0.11482120980993067,0.51437,-0.010556876516464475,-0.2320639402615978,0.62571,-0.20991658493378165,0.1992597581723192,0.51399,0.05561501087034751,0.40725664046855975,0.61645,-0.07088756798100976,-0.13093035284532067,0.83976,-0.1490299164724983,0.2915151060199318,0.83212,-0.0786437077088047,-0.08715675977991916,-0.040845,0.1306299499566063,0.08316616859246367,-0.042798,0.16664334040593973,-0.09066415962820192,-0.38931,-0.14393029062331503,0.19733363025883222,-0.40453,-0.05174652063540592,-0.08739878591920655,-0.81616,-0.14430901815149563,0.1822585352754568,-0.8278,-0.04986875594242421
223,0.041407527001250236,0.77464,0.028589683132919336,-0.11777724135082829,0.52623,-0.006404095938439859,-0.2346354417572908,0.64263,-0.20201304901258482,0.19956708690562297,0.52769,0.06032188595363641,0.4052180767857531,0.63549,-0.0630119119377876,-0.13640215815632972,0.85819,-0.13988109432763107,0.2898047195546865,0.85232,-0.0685980978149503,-0.08378500046337686,-0.027895,0.11590169452321192,0.08672132380659345,-0.02991,0.15062736802198984,-0.0887799016254047,-0.39882,-0.13256035782760794,0.18836842713916416,-0.41276,-0.041098545145995063,-0.08594095168955981,-0.81869,-0.13760400365793413,0.17700407070719454,-0.83112,-0.04368016554550208
224,0.03835033085478262,0.78712,0.03716305538204182,-0.1207237204581313,0.53695,-0.0027086038372134483,-0.2369758469223648,0.65967,-0.19438354682284173,0.1997343626058251,0.53992,0.06432576093171974,0.4032171448889033,0.65294,-0.05529208865327069,-0.14138522489348185,0.87932,-0.13200676604560677,0.2888585293254976,0.87061,-0.061849881454297116,-0.08064851403025655,-0.016478,0.10182244422872352,0.0897610021951515,-0.018512,0.13523130179408172,-0.08734175734666039,-0.40783,-0.12165494903043236,0.18007492720107954,-0.42117,-0.03028643606510848,-0.0848012302184614,-0.8214,-0.1315135656631494,0.17204581875235345,-0.83462,-0.03773178773703073
225,0.03519551914924764,0.79884,0.04527648937158161,-0.12352773593258648,0.5473,0.0006972261965692041,-0.23861130640911427,0.6759,-0.18706637713318702,0.19962589391900676,0.54994,0.06787789036967382,0.4013777538820577,0.67011,-0.04814288305237101,-0.1457859994223199,0.8964,-0.12749236868313074,0.288902260125103,0.88846,-0.05564806820193567,-0.0777392892424143,-0.005668,0.08809913795312782,0.09232630850764799,-0.008153,0.12027961280844982,-0.0862459163594028,-0.41724,-0.11036310982990147,0.17146509371952848,-0.4335,-0.018544125882697094,-0.08374436118667417,-0.82456,-0.12552912518390247,0.16718074017411266,-0.83834,-0.03202388388118814
226,0.03216526065145804,0.80892,0.052608683002179066,-0.12609403240328437,0.55806,0.003964226567625739,-0.24022535730141384,0.69203,-0.1799282093208512,0.19947557958901646,0.55884,0.07086111037533876,0.3991605908383532,0.68599,-0.04155784789395074,-0.14967479591534943,0.9133,-0.12334768403459584,0.28855896388201335,0.90537,-0.049497236007063135,-0.07468530911565696,0.004247,0.07473543130469486,0.09467140845612163,0.00108,0.10559778518953028,-0.08651129715427372,-0.42995,-0.09837709827335298,0.1636818059416199,-0.44628,-0.007055136050415967,-0.08279986478440152,-0.82824,-0.11948326490218128,0.1628471363123531,-0.84251,-0.02645073768093982
227,0.029406379432612945,0.81766,0.0589834554232388,-0.12844783694076067,0.56825,0.006889940873458764,-0.241904373086902,0.70702,-0.173400598272996,0.19914710936403163,0.5667,0.07324224693406411,0.39644695609907243,0.70036,-0.03515174248568838,-0.15329530954152945,0.92992,-0.11991827926369972,0.28807896378979453,0.921,-0.044125985788401746,-0.07157966954795518,0.013486,0.06128030637493203,0.09680605216473172,0.009771,0.09090017241611392,-0.08696872926599841,-0.43816,-0.08610813744273807,0.15616352397374933,-0.45446,0.004313036065258215,-0.08195183929028199,-0.83216,-0.11358134337090664,0.15859363234527193,-0.84731,-0.02098633432814596
228,0.02699241041598121,0.82643,0.06457116395059972,-0.13060175016717826,0.57793,0.00925789226929934,-0.24356776053640006,0.72224,-0.16696161992291186,0.19873901210412734,0.57423,0.07538391839030073,0.39354147130114825,0.71431,-0.029097293948535566,-0.15611545382176645,0.94624,-0.11544198724477979,0.2873116739169079,0.93887,-0.036837495735519366,-0.06930588129877387,0.022381,0.047417538974521514,0.09821642894634512,0.017995,0.07587582822630365,-0.08799622686170422,-0.45148,-0.0737792571330417,0.15177546135989453,-0.46605,0.011922664341126215,-0.08095003658514055,-0.83638,-0.10784320697134524,0.15802380720773626,-0.85233,-0.02086443144617643
229,0.024981823168839696,0.83335,0.06909779889519509,-0.13270870447464192,0.5874,0.011474701811470353,-0.2443199394501839,0.73743,-0.1605650562453066,0.198355473148258,0.58148,0.07750148819300633,0.3903423581377269,0.72707,-0.02379627980333432,-0.15868953863424948,0.96234,-0.11236116781187815,0.28702766561338644,0.95468,-0.030907726744780276,-0.06742333813756432,0.030798,0.033164909699676004,0.09967158291540962,0.025729,0.06042477687287415,-0.08959415344700156,-0.46551,-0.061088939736380576,0.1474935699097552,-0.47849,0.019448455369930007,-0.08023226351095074,-0.84113,-0.1025674158634669,0.15751882675145426,-0.85801,-0.020995105616436735
230,0.022906650820799585,0.83784,0.07407709570558203,-0.13461743004183963,0.59558,0.013258352760822763,-0.24445188181866595,0.74941,-0.15544010832250782,0.19781992169359205,0.5888,0.07955976043918883,0.38676428144258984,0.7387,-0.01887991568299932,-0.16094872538963848,0.97579,-0.11095104859554392,0.28701867328998426,0.96575,-0.02809251891264429,-0.0653503147917988,0.036702,0.021074201399170562,0.10158921627053293,0.031778,0.04690030326702469,-0.09158365923202538,-0.48005,-0.04952371199407664,0.14353257672429848,-0.48697,0.02596056977193229,-0.07959439333871492,-0.84639,-0.09909591090979451,0.1566676933499211,-0.8594,-0.019680938224969958
231,0.020865082691288173,0.8412,0.07868153286690407,-0.136365137447389,0.60245,0.014877464500199552,-0.24419801268169658,0.76122,-0.15025728568794908,0.19730776287431417,0.59589,0.08154295416241306,0.38288639717472045,0.74933,-0.01416365258548119,-0.16297755670807018,0.98987,-0.11055940145671808,0.28747450417669485,0.97638,-0.026070647946751395,-0.0641979753248549,0.041278,0.013364170351702375,0.1023949411783955,0.036796,0.03732067992511559,-0.09316987057541679,-0.48778,-0.04338996937035199,0.1398811189771693,-0.49855,0.0318113878618177,-0.07970480294502379,-0.84923,-0.09866554511325079,0.15627779176683537,-0.86325,-0.02040666941177899
232,0.01872112883522106,0.84394,0.0839299748131444,-0.13762210176340223,0.60843,0.016304880595201108,-0.24303402855049874,0.77205,-0.14464997430527027,0.19700090428581268,0.59838,0.08270735864826101,0.3788795457470873,0.75853,-0.009579795951938419,-0.16229774193073335,1.0032,-0.11038368330593556,0.2882901082613214,0.98657,-0.02585880135805936,-0.06417503949481954,0.043268,0.010009183325244506,0.1015990733456224,0.038421,0.03365681660987618,-0.09412864894000812,-0.49308,-0.03968009820714544,0.13778515258967267,-0.50346,0.0343114080422331,-0.07973890468611428,-0.85125,-0.09853549100430149,0.15625626652809635,-0.86657,-0.021897049451935605
