FrameNo,head_x,head_y,head_z,left_shoulder_x,left_shoulder_y,left_shoulder_z,left_elbow_x,left_elbow_y,left_elbow_z,right_shoulder_x,right_shoulder_y,right_shoulder_z,right_elbow_x,right_elbow_y,right_elbow_z,left_hand_x,left_hand_y,left_hand_z,right_hand_x,right_hand_y,right_hand_z,left_hip_x,left_hip_y,left_hip_z,right_hip_x,right_hip_y,right_hip_z,left_knee_x,left_knee_y,left_knee_z,right_knee_x,right_knee_y,right_knee_z,left_foot_x,left_foot_y,left_foot_z,right_foot_x,right_foot_y,right_foot_z
13,0.030125958802190635,0.80426,0.10120623223027676,-0.13657204866477957,0.6374,0.10234940480777145,-0.21224360047785015,0.87423,0.01687813118205687,0.18512704363603058,0.60833,0.04690258184346809,0.27379731920773,0.85526,-0.048041260221401455,-0.20614775403401653,1.1496,-0.04909873834153603,0.26795402025517745,1.1075,-0.1345640577163455,-0.07974271921661519,0.002517,-0.024643207825688407,0.0674313382010817,-0.002197,-0.04923227792222638,-0.11996832444171551,-0.46848,-0.03187903322949557,0.1209920670719372,-0.49751,-0.05485847546787864,-0.1085875150973066,-0.86943,-0.03862883468333218,0.13585343845199638,-0.8969,-0.06818660983484685
14,0.03208905385393363,0.8039,0.09942833408420029,-0.135266998074136,0.63697,0.10082462024729714,-0.21076783503764174,0.87352,0.014939413728303881,0.18706416110662138,0.60839,0.04614062915128049,0.2760070999152714,0.85462,-0.05042418662072176,-0.20447004468229604,1.149,-0.05190774463044846,0.2705125461438746,1.1068,-0.13830923879032128,-0.0786292513485524,0.00243,-0.024824310853801525,0.06878965969403407,-0.002227,-0.049758136954461865,-0.11965660106772733,-0.46819,-0.03569716949449572,0.12125407898233873,-0.49667,-0.05861301322355614,-0.10864367915349984,-0.86904,-0.03923529539829394,0.1357633649163841,-0.89657,-0.06863985453496181
15,0.03429130037115182,0.80314,0.09748641588885829,-0.13367754472997556,0.63631,0.09906995729768628,-0.20916560742314075,0.87333,0.012969258741677082,0.18922865260129332,0.60836,0.045343661416994564,0.2782636400673793,0.8539,-0.052887453261165965,-0.20267177719432367,1.1485,-0.05478167191583714,0.2731212305297076,1.106,-0.14200030771071698,-0.07708240617937388,0.002301,-0.025110261938060766,0.07065834473677612,-0.002256,-0.050384141116614274,-0.11922734548749143,-0.46803,-0.03948221224812962,0.12169214075103871,-0.4954,-0.062405701305484756,-0.1085747203522249,-0.86873,-0.039823201584455244,0.13567654082755065,-0.89565,-0.06913225841146792
16,0.03669107925210235,0.80235,0.0955705930049403,-0.13169404450502945,0.63524,0.09718894936106326,-0.20752091169991813,0.87283,0.010952013843799468,0.1917715385983739,0.60831,0.0445043427612675,0.2806289062372706,0.85314,-0.05530998106194913,-0.20079554345840175,1.148,-0.05761654457050587,0.27579136232804774,1.105,-0.14517012792320427,-0.07522059858164781,0.001992,-0.025435502570592225,0.07293352224778286,-0.002503,-0.051071666602257676,-0.11879275668234476,-0.46999,-0.04329459648511848,0.1222447087959822,-0.49402,-0.06606728136820458,-0.10853748689462744,-0.87064,-0.040550719742053626,0.13553206554373176,-0.89471,-0.06995161846197408
17,0.03919048293885258,0.80168,0.09374179252083621,-0.1293097010779817,0.63357,0.09504737717645352,-0.20563564647493462,0.87221,0.00857147524266991,0.19470470108492838,0.60826,0.04357488387166041,0.283178854805747,0.85221,-0.05777928932503119,-0.19877233302083558,1.1474,-0.06053927420653504,0.27858666506863,1.1038,-0.14866664713357525,-0.07296661398144831,0.001439,-0.02577099984638375,0.07555697681123928,-0.002958,-0.0518398958346354,-0.11860992655713648,-0.47193,-0.047095082525787,0.12311464870581225,-0.4927,-0.06959899958364658,-0.10860957128567593,-0.87252,-0.041644824325979296,0.13559035789518514,-0.89338,-0.07048484168142541
18,0.04159310146002038,0.80083,0.09223367042971048,-0.12697745032041108,0.6316,0.09301348671632265,-0.20364051360590776,0.87166,0.006353325375116188,0.19765674135425162,0.60802,0.04269489850343328,0.2858148830017493,0.8499,-0.059818003466317556,-0.19702203873085034,1.1468,-0.06293663085468838,0.2809891382494931,1.1026,-0.1516268036522805,-0.07050907641261113,0.000734,-0.02605201603409157,0.07833121871929385,-0.003574,-0.05260526557247048,-0.11832878573715881,-0.47307,-0.05010767009121016,0.12426901719536909,-0.49197,-0.07313009890118471,-0.10865964982251893,-0.87355,-0.042688991525304976,0.13568891079764733,-0.89259,-0.07102008678921834
19,0.044216631175292245,0.80003,0.09050991150425555,-0.12457244276022097,0.62967,0.09098910665432133,-0.2014524130943648,0.87133,0.004077795293709798,0.200802270210624,0.6078,0.04176048734461251,0.2885621181586193,0.84762,-0.061744320935702354,-0.1952134004369919,1.1461,-0.06540621614821215,0.28357262139100037,1.101,-0.15488491888313835,-0.0679443113655603,1.6e-05,-0.026346862186222356,0.08119692396879778,-0.004198,-0.05332989887488322,-0.11752095665486786,-0.4733,-0.05272470680738459,0.12550142584385934,-0.49123,-0.07673689982764662,-0.10851741389450725,-0.87362,-0.042844046163360926,0.13575308136093145,-0.89185,-0.0717503238321077
20,0.0469718517440963,0.79898,0.08864615786784352,-0.12202804914960703,0.62769,0.08889140859352543,-0.1991820051304306,0.8712,0.0018659400368486526,0.20412620430497544,0.60706,0.04051334535734399,0.29142904321085294,0.84576,-0.06374048344032844,-0.19328326185500935,1.1455,-0.06805055463909081,0.2863131270022467,1.0993,-0.1584042695327224,-0.06528576846943744,-0.000927,-0.026582086907445915,0.08419301860241286,-0.005044,-0.0540003509212094,-0.11693464742721428,-0.47162,-0.05533111554155661,0.12674990986188875,-0.49086,-0.08013735739343467,-0.10834033416833622,-0.87179,-0.04278997426142295,0.13584614964886926,-0.89143,-0.07283496307802328
21,0.050303004607934514,0.79753,0.08631123654202921,-0.11886918056123297,0.62505,0.08659295819349858,-0.19606101588717492,0.87059,-0.00047457168999278515,0.2082206438263569,0.60537,0.038856177289298605,0.29478140038627615,0.84305,-0.06609335963094894,-0.19079247923034343,1.1443,-0.0712009358726342,0.28959427950571176,1.0976,-0.16317653715399055,-0.06220457420757208,-0.002533,-0.02685629653646716,0.0877038179902593,-0.006559,-0.05474632790362721,-0.11576576283407147,-0.46969,-0.057858486667432936,0.12810501207718272,-0.49051,-0.08333626704925576,-0.10810907016142414,-0.86972,-0.043303941146647054,0.13618529609547936,-0.89106,-0.07390612865241025
22,0.05343823362217467,0.79627,0.08363109232421802,-0.11550816680313634,0.62306,0.08405882510348825,-0.19299041044165255,0.86881,-0.003331174952248203,0.21200207494585757,0.60346,0.03651801675407607,0.2980155752798691,0.84035,-0.06963477019139701,-0.18862256726032733,1.1432,-0.0747313723955561,0.2922920881399932,1.0959,-0.16791702537492276,-0.058811693410563644,-0.004107,-0.026940747097693195,0.09147615743730644,-0.008,-0.05544297135350094,-0.11411913472233046,-0.46963,-0.06044064949375204,0.1300160734020089,-0.48936,-0.08626156115630784,-0.10746271418488693,-0.86944,-0.04406676874944772,0.13697326250982406,-0.88984,-0.07490818101125421
23,0.05696918713384125,0.79479,0.08042524465184657,-0.11215007923785018,0.62125,0.08173844756871715,-0.18983953323709699,0.86648,-0.006481174609678696,0.2157479322313235,0.60133,0.03380534386614398,0.30152140091520246,0.8376,-0.07376631791769034,-0.18650127678005796,1.1421,-0.07853755508932142,0.2949164418112985,1.0943,-0.17347721132576163,-0.055434329191157955,-0.005619,-0.027084402690964647,0.09518940841917285,-0.009372,-0.05612919591271465,-0.11245754401644571,-0.46836,-0.06314527096932258,0.13208698543601366,-0.48815,-0.08937446323433955,-0.10684813582486274,-0.86805,-0.045009816171049634,0.1379146564345966,-0.88849,-0.07573115517755673
24,0.06066049066107115,0.79358,0.0771901075187624,-0.1086928403469391,0.61963,0.0795772712105335,-0.18645312232793287,0.86304,-0.010023027395198482,0.21962766869412478,0.59923,0.031045709655019224,0.30533102803135437,0.83468,-0.07807531608848124,-0.1844819159962562,1.141,-0.08251869588372238,0.2979040567673456,1.0926,-0.17939592375959415,-0.05219097273714579,-0.007064,-0.027089685892429688,0.09860929604479021,-0.01061,-0.05671698297292371,-0.1106636249456311,-0.46813,-0.06599203041953394,0.13409183903534405,-0.48689,-0.09234371196848966,-0.10623663085920099,-0.86777,-0.045929982284841596,0.1385611530203855,-0.8871,-0.0766717072306422
25,0.06438135284632361,0.79228,0.07384618488234297,-0.10569987432775209,0.61839,0.07766245779717129,-0.1825644835071195,0.85966,-0.013480813987986302,0.22353694760569354,0.59687,0.02787774194818194,0.30916831329252936,0.83164,-0.08257298335322738,-0.182318258928282,1.1397,-0.08689083358651778,0.3008789695802131,1.0908,-0.18561702444643705,-0.048791843630395834,-0.00858,-0.026701033971496337,0.10199777917645977,-0.011826,-0.057252522949387534,-0.10889607697585066,-0.46808,-0.0687407206848285,0.13610331530781275,-0.48582,-0.09544816477136737,-0.10572094184020799,-0.86769,-0.0472495783729269,0.13917111136170338,-0.88589,-0.07730118862183401
26,0.06807660762575904,0.79095,0.07052403977487708,-0.10310914069608806,0.61766,0.07600033016977172,-0.17878082435516493,0.85603,-0.016842917410225176,0.22703404631501536,0.59454,0.024848455461687215,0.3128869745897938,0.82869,-0.08716752349955625,-0.18014934433020374,1.1384,-0.09157868058340699,0.30377102995376937,1.0891,-0.19173212761774214,-0.045419716543777404,-0.010391,-0.02584357090424838,0.10535629686819975,-0.013181,-0.057670066856383664,-0.10721742849691246,-0.46808,-0.07122190977156866,0.13797758904518345,-0.48474,-0.0983517408350176,-0.10519021693650313,-0.86769,-0.04838600262319062,0.13980049247271004,-0.88461,-0.07805086883172888
27,0.07199119277262153,0.78956,0.06627472252054509,-0.10075825793108731,0.61717,0.07453280871329405,-0.17526080408639105,0.85227,-0.01974220927332228,0.23064854988335828,0.59191,0.02110290010173907,0.31634501936623594,0.82666,-0.09220351469535093,-0.1779774314121541,1.1368,-0.09699816342556168,0.3066823358811909,1.0875,-0.19877466251626838,-0.04203452318795314,-0.012228,-0.024802588702823525,0.10884226875470143,-0.014663,-0.058171009973433885,-0.10573733744110168,-0.46759,-0.07385594175059035,0.13980554858771393,-0.48327,-0.10146039004502372,-0.1047140175605857,-0.86701,-0.049831656507900175,0.1404144447221142,-0.88282,-0.0786576996446014
28,0.07592735597404998,0.78788,0.061819530577236645,-0.09853557382215579,0.61667,0.07308687671216008,-0.1718025767426567,0.84833,-0.022761595409451284,0.23434119156400549,0.58879,0.016994260129881353,0.31983290401920395,0.82463,-0.0977037402950505,-0.17583037600972076,1.1349,-0.10278897106343757,0.3100328336479457,1.0846,-0.20649374048678862,-0.03861025899215384,-0.01421,-0.023540024756970916,0.1124483036591319,-0.016393,-0.05850933122317893,-0.10471856242951724,-0.46718,-0.07626139440565781,0.14190607876529296,-0.48161,-0.10469325780802916,-0.10405730760783333,-0.86643,-0.050069303384496486,0.14108565100155163,-0.88087,-0.07899741442267824
29,0.07989187191321212,0.78616,0.057179608770985005,-0.09588609902166635,0.6157,0.07141236057859446,-0.168104500316082,0.84389,-0.026378711766884732,0.237898019894976,0.58611,0.01309437535927524,0.32336065027440564,0.822,-0.10366895197267859,-0.17384897740113583,1.1329,-0.10871303719692207,0.31314640674084765,1.0815,-0.21423196784162624,-0.035155342596846155,-0.016455,-0.021919342893854592,0.11608259334792521,-0.018294,-0.05874499933288135,-0.10376767245462287,-0.46684,-0.07871783354710737,0.1440615779365627,-0.47996,-0.10830543337445107,-0.10340796238528815,-0.86589,-0.05025081862340981,0.1417197722657751,-0.87881,-0.07925951024916089
30,0.0833600970176917,0.78426,0.052667813493641684,-0.09223343737136486,0.61336,0.06903496455175823,-0.16496952661671085,0.83896,-0.030137194027618594,0.2413172449582504,0.58302,0.00852927908792718,0.32629726431863837,0.81932,-0.10941620331181581,-0.17245675100496854,1.1305,-0.11435043958293417,0.31565332259163037,1.0782,-0.22091887840758226,-0.03210571515375299,-0.018909,-0.02014393267130516,0.11946410829392401,-0.020711,-0.05874418080574105,-0.10291474773938988,-0.46604,-0.08069904136814601,0.14605705275047617,-0.47816,-0.11173098577764637,-0.10265550977643513,-0.86494,-0.05039466601278581,0.14224854073857457,-0.87665,-0.07965838980764106
31,0.08714136301998678,0.78177,0.0477718224376973,-0.08856040420720203,0.61041,0.06679613620305438,-0.1616316632863096,0.83457,-0.034069549223625505,0.24469090207181518,0.57956,0.004224043475316158,0.3295394920202733,0.81579,-0.11504268920718168,-0.17061374821016126,1.1273,-0.12065627344518683,0.31870140806298786,1.0734,-0.22845262747158088,-0.029045241020360275,-0.022005,-0.018053621909998575,0.12283585085719949,-0.023589,-0.058453257986085264,-0.10232470720865948,-0.46447,-0.08264506530738606,0.14765654651126267,-0.47719,-0.1148683993157706,-0.10209081358094531,-0.86316,-0.05004846490533626,0.14240593633087884,-0.87529,-0.07968715832382078
32,0.09103538501173225,0.7789,0.0426802806547201,-0.085139655475988,0.60758,0.06460077698008025,-0.15787626427018656,0.82994,-0.038743677937054605,0.2482621396338862,0.57577,-0.00040035035255500673,0.33283730761350283,0.81164,-0.1213329114856908,-0.16845891160123447,1.1237,-0.12824575822274775,0.3218538507376544,1.0681,-0.2366038792271667,-0.025853038806447765,-0.025473,-0.015538735227562953,0.12643335652618315,-0.026864,-0.05786095995162076,-0.10148692354422531,-0.46365,-0.08447027393425786,0.14925122799167134,-0.47626,-0.1179755169472808,-0.1014866745863223,-0.86207,-0.05007172592801173,0.14253378769059277,-0.87405,-0.07971071739467049
33,0.09524283428588351,0.77492,0.03650992316058379,-0.08076505939939049,0.60387,0.061175092498605366,-0.15393417655597627,0.8262,-0.04414426128086778,0.25218552321350535,0.57118,-0.005849422409995135,0.33611641372067247,0.8072,-0.12888099462897445,-0.16591174411855752,1.1194,-0.13695031092895807,0.32533670579762786,1.0614,-0.24633653151887097,-0.022191612072013308,-0.029767,-0.01263745839341413,0.13073608125886282,-0.031199,-0.05683960356191809,-0.10027399482416127,-0.46312,-0.08629867430617968,0.1513509878817329,-0.47515,-0.1215006917520371,-0.10076388277692433,-0.8613,-0.05020526618511501,0.1427421307584686,-0.87261,-0.08077506563000895
34,0.09953153050986616,0.77082,0.030115046328431587,-0.07567477844707009,0.59994,0.05706879053376595,-0.15052785667791485,0.82224,-0.05004947600078469,0.2559872809415967,0.56634,-0.01146997960451756,0.33938753022784646,0.80198,-0.1368775029792792,-0.16345144880948803,1.1152,-0.14580201398499032,0.3289963756519486,1.0544,-0.2570243992462232,-0.018305452099743193,-0.034471,-0.009527028572645695,0.13530934450087886,-0.0361,-0.05549328884417,-0.09892290761211056,-0.46234,-0.08812097294949615,0.1533731546464102,-0.47398,-0.12483245428496688,-0.10001853291368477,-0.86028,-0.05051032942670398,0.14287835996401574,-0.8711,-0.08230597960654584
35,0.10410300716821498,0.76571,0.02349260801900417,-0.0698267206575249,0.59447,0.052439963674815626,-0.14693539308868617,0.81783,-0.05651147301100267,0.26017730529201377,0.56031,-0.01730725096559988,0.34302200775695596,0.79597,-0.14511679676518088,-0.16058562179751987,1.1101,-0.15488769147967796,0.33302446815156705,1.046,-0.26769599569729446,-0.014641884505863746,-0.039666,-0.006607851550764984,0.1397934541005908,-0.041834,-0.05413430021369093,-0.09761512789880544,-0.46161,-0.09010825783633737,0.1553268559443127,-0.47267,-0.1282069775458993,-0.09925235666990288,-0.85929,-0.05103128908297716,0.1429186392059428,-0.8695,-0.08369000040937713
36,0.10848385411364157,0.76043,0.017194194882288977,-0.06322714457786704,0.58818,0.04730494687164861,-0.14320136350135365,0.81313,-0.06372547738034745,0.26416585502303197,0.55442,-0.022732273642344595,0.3466907420618399,0.78973,-0.15350733695042332,-0.15765894579620734,1.105,-0.1641465665508376,0.3371909564649631,1.037,-0.27798582441959757,-0.011008170593526597,-0.044955,-0.0035412507936908814,0.14423598965867934,-0.047625,-0.05249280034615551,-0.09620323978218433,-0.46142,-0.09175850052944168,0.1571103392947964,-0.47155,-0.13099198672695192,-0.09839895855191952,-0.85889,-0.0514203914502566,0.14294398470459052,-0.86819,-0.08515871467896748
37,0.11265941401289249,0.75496,0.010814189903625752,-0.05605263962442184,0.5811,0.04141665071121389,-0.1393666215386202,0.80824,-0.07117454135371021,0.26821331957105327,0.54858,-0.028168700017502338,0.3505491188676543,0.78304,-0.16220446598386612,-0.15474725519059393,1.0996,-0.17395112966283716,0.34106968748940103,1.0282,-0.2893317287749173,-0.006962024731719385,-0.050675,-0.00034124131480173583,0.14907706290778588,-0.053774,-0.05077941370071184,-0.0944909853008945,-0.46142,-0.09346170591673437,0.1586533030121161,-0.47072,-0.13335583168105425,-0.09753733948403413,-0.85885,-0.05177438803478294,0.14301951452658396,-0.86715,-0.08634281950793729
38,0.11694947840456398,0.74921,0.004162168893788787,-0.04944000565168139,0.57421,0.035693430294127124,-0.13567769239270713,0.80353,-0.07898984926552233,0.27246461590197696,0.54202,-0.033888831528811794,0.35446479778827583,0.776,-0.17097973250919737,-0.15172483226769473,1.0939,-0.1843946281032609,0.3449171618418589,1.0195,-0.3008548985257792,-0.0030357730481407183,-0.056278,0.0027316564572036524,0.15383977452781364,-0.05996,-0.04876179777480996,-0.09272933361344728,-0.46142,-0.09505177017081795,0.1601289945413406,-0.47002,-0.13517979289516352,-0.09673145008040211,-0.85885,-0.0521104345629805,0.1430536181289218,-0.86628,-0.08747392557913822
39,0.12127072377340871,0.74341,-0.0026009545312447972,-0.044247322065709964,0.56823,0.03044601014933379,-0.13216087084942607,0.79903,-0.08720535084684494,0.27621654017072367,0.53555,-0.03898578044768366,0.3586844019692969,0.76822,-0.17998933519497162,-0.14866641787106738,1.0883,-0.19538264891587784,0.3492548049030773,1.0082,-0.31305344567998833,0.000899411007721542,-0.061691,0.005722760508634737,0.158369481471091,-0.065881,-0.04662592441526243,-0.09095176818344508,-0.46146,-0.09652278925365174,0.16159250665574149,-0.46967,-0.13690006388864154,-0.09600243997553413,-0.85885,-0.05238723099901316,0.1431524907177065,-0.86569,-0.08864082240884812
40,0.12537449484812224,0.73802,-0.008869804821875816,-0.039672525151677386,0.56287,0.02577159005745522,-0.12876629405557669,0.79442,-0.09530790898552309,0.27973511246636473,0.5292,-0.04396644154841589,0.36277310303438987,0.75963,-0.18910786158909404,-0.1454574042034517,1.0826,-0.2062652189836999,0.35331539187048355,0.99801,-0.324116633894971,0.004381239225497333,-0.066583,0.008354123703235636,0.16238500460467,-0.071414,-0.044411571696364234,-0.08929471102109793,-0.46165,-0.09787101681631091,0.16285905721953992,-0.46967,-0.1385856052465862,-0.0954184177228948,-0.85885,-0.052714619160714356,0.14323799239681087,-0.86564,-0.08988354943553996
41,0.12915119558620972,0.73267,-0.0150931689069129,-0.03471007927239137,0.55697,0.020324110925310043,-0.1258334352793833,0.79022,-0.10320720258678295,0.282755378631282,0.52294,-0.04849063797353455,0.36658186989763425,0.75106,-0.19722252701543486,-0.14250739078681668,1.0769,-0.21671625820674717,0.35730920533576355,0.98757,-0.33406123313297686,0.007557565544258274,-0.071429,0.010894149119790867,0.16622951546092574,-0.077165,-0.041727385175995016,-0.08793281077808945,-0.46191,-0.09913673745219133,0.16401028491862635,-0.46967,-0.13994618408842383,-0.09495199197053227,-0.85889,-0.05302939529947494,0.1432720461305518,-0.86564,-0.09107252603043925
42,0.1323752899663834,0.72805,-0.020707318568948318,-0.03107906888979951,0.55199,0.016182674869844486,-0.12370583560814029,0.78586,-0.11072080489452635,0.28535143478491926,0.51714,-0.052598851386584294,0.37028687441308644,0.74262,-0.20483149156657313,-0.1399052716831113,1.0714,-0.2269231774858505,0.36081346899018696,0.97872,-0.3436148835473623,0.010035199923329331,-0.075548,0.013140032439031913,0.169280821063651,-0.082118,-0.03910743591717772,-0.086955813548002,-0.46257,-0.10021273810851149,0.1645792622900148,-0.46981,-0.1408080801093265,-0.09468674100557142,-0.8593,-0.05300508633842448,0.14332232662344552,-0.86564,-0.09147842364318703
43,0.13554113829605477,0.72278,-0.02653662258859911,-0.02795409287374915,0.54698,0.012252317519792198,-0.12169327758310597,0.7811,-0.11826489358673231,0.28794471256771387,0.51167,-0.05672282172368224,0.37398257762175147,0.7339,-0.21220526792563527,-0.13718497983710604,1.0654,-0.23753679592032217,0.3641033101066932,0.97003,-0.35254177804814724,0.011954750542678305,-0.079534,0.015393948014149351,0.17188472171027294,-0.086895,-0.03631822412483889,-0.08606213502468443,-0.46355,-0.10116235050152297,0.16511869542881288,-0.46981,-0.14166476668489916,-0.09467626200894395,-0.86014,-0.05337756478159896,0.14334060776687452,-0.86564,-0.09172027235580493
44,0.1384781477214169,0.71814,-0.03262715783891448,-0.02444307756998676,0.54182,0.00704451793294688,-0.11985949248972277,0.77616,-0.12618363043242212,0.2904207537881963,0.50672,-0.06133891053072134,0.37711639364045657,0.7259,-0.21971351653372673,-0.13484065141902213,1.0598,-0.24809427612481055,0.36750854621507256,0.9612,-0.36231151535506545,0.013851600094695321,-0.083157,0.018014373700371508,0.17442767541417958,-0.091203,-0.03306843175304227,-0.08502065483513087,-0.46464,-0.10188416766311405,0.1657038959917083,-0.4704,-0.14254983182441544,-0.09472610144017307,-0.86114,-0.053642941930379266,0.14336109646801629,-0.86609,-0.09200718909133201
45,0.1412583822362015,0.7134,-0.03857022910239437,-0.021091695430512952,0.53635,0.0012941962241017164,-0.11828482056911459,0.77102,-0.13452377487616216,0.29282624576377203,0.50184,-0.06600957775879923,0.38016390829868413,0.71761,-0.2273080905446827,-0.13243316671668723,1.0539,-0.25875428088128344,0.3708175848006702,0.95208,-0.37182058805638746,0.015777582288918287,-0.086806,0.020673325860064512,0.1769131034865045,-0.095485,-0.02979935722080853,-0.08401092162740303,-0.46649,-0.10259023270913438,0.16636731036171476,-0.47183,-0.14350961376510243,-0.09476285777252547,-0.86287,-0.05384563867932211,0.1432430931858325,-0.86741,-0.09198536650225897
46,0.144113307725947,0.70829,-0.04466558384580362,-0.017945743350705163,0.53087,-0.00434273020007246,-0.11716088115043405,0.76584,-0.14292660274439417,0.29513925895545806,0.49666,-0.07091677970849382,0.3829379840809748,0.70925,-0.23478337004140443,-0.13000681384853835,1.0482,-0.26929576141103945,0.37380836637339754,0.94362,-0.37967932367888,0.017107353819139238,-0.090355,0.023412020380710035,0.1790005905071512,-0.09995,-0.026310847232485213,-0.08326866617625839,-0.46834,-0.10313743728262226,0.1669508465699944,-0.47382,-0.14492240727217506,-0.09487591537779591,-0.86465,-0.053980048418145285,0.14315463413623908,-0.86912,-0.09196875335851594
47,0.1466304946454219,0.70269,-0.05106389346729148,-0.014763974065762712,0.52525,-0.01010477707747608,-0.11652643926977459,0.76055,-0.15089787394164153,0.29739105003523447,0.49138,-0.07588325098426289,0.3855254691185491,0.70075,-0.24181957791072783,-0.12744875391760216,1.0421,-0.2796776886593753,0.3769127102866733,0.935,-0.38770024313166773,0.018125119748310388,-0.093894,0.026172220828760574,0.18088980070275798,-0.10437,-0.022910242310296328,-0.0825764550596236,-0.47011,-0.10372658902029876,0.16729108299044448,-0.47591,-0.1463329175267281,-0.09489837307402793,-0.8663,-0.05411317111297959,0.14306034495958883,-0.87086,-0.09210037991801903
48,0.1489596241561294,0.69672,-0.057722501784526516,-0.01157435214500607,0.5193,-0.016098710427341484,-0.11614960302578116,0.75428,-0.15888464791147522,0.29961284984887143,0.4857,-0.08096222347760473,0.3877647503942419,0.69276,-0.24846945154624392,-0.12482846604927084,1.0358,-0.28973549759010553,0.37945519105237613,0.928,-0.3960282615968269,0.018754352882500422,-0.097547,0.028980621559218635,0.18250661391149398,-0.10902,-0.0193844340273551,-0.08237061038491869,-0.47233,-0.10432136962682155,0.1675716841749709,-0.47849,-0.14796646060092067,-0.09476398497335305,-0.86835,-0.054070864631242166,0.14292068373997063,-0.87314,-0.09254691182475668
49,0.15104547792139428,0.69047,-0.06455145361258405,-0.00826992589983173,0.51319,-0.02243782339290717,-0.11616075280602597,0.74804,-0.16658976988860189,0.3017059300619061,0.47983,-0.0860225609388619,0.38955967847004536,0.6852,-0.2548175798690405,-0.12242420861257508,1.0295,-0.299267809753379,0.38174452395271924,0.92074,-0.4043522603276897,0.019314156759895208,-0.10141,0.03201145784956058,0.18388503934997186,-0.11411,-0.015770897351111587,-0.08201994669768536,-0.47444,-0.10490106866809722,0.16724926937764029,-0.48157,-0.14973737807456594,-0.09456217810344683,-0.87035,-0.05395718091535174,0.14288302791162683,-0.8758,-0.09253011782011988
50,0.15267645985891612,0.68398,-0.07125348964049957,-0.005306840396955198,0.50701,-0.02858778959628121,-0.11634371702663038,0.74172,-0.17347256358694693,0.3037658194306195,0.47384,-0.09109836991760234,0.3910527650635814,0.67842,-0.26091955433835806,-0.12012197704189487,1.023,-0.3082845729639199,0.38371117758947487,0.91255,-0.41254828213543493,0.019862326209386306,-0.10495,0.03497631202045072,0.18483798580368346,-0.11865,-0.0126123899415337,-0.08211281240915669,-0.47682,-0.10568688096097188,0.1668544931588195,-0.48471,-0.15186108985751898,-0.0944511471949954,-0.87256,-0.05382850637486899,0.14283482941304224,-0.87864,-0.09251552656471848
51,0.15390386830826755,0.67753,-0.0780559718711607,-0.002308824543326143,0.50061,-0.03515008560769283,-0.11655768074309848,0.73576,-0.18071544481806176,0.3054100057649356,0.46808,-0.09611306435475879,0.3920678623631806,0.67219,-0.2664498416249596,-0.11804004862520119,1.0156,-0.3164603037610881,0.3851662298806331,0.90395,-0.4200753016538098,0.020371712629705996,-0.10854,0.0377327342440576,0.18538465430936596,-0.12337,-0.009684841898393352,-0.08252744160154453,-0.48008,-0.10792894332246405,0.16647013583065867,-0.48823,-0.1539257131752913,-0.09461250784452165,-0.87474,-0.054029540553019055,0.1427126327483845,-0.88184,-0.09274783664875817
52,0.15478208097526833,0.6716,-0.0844201581908342,0.0005796090728245025,0.49394,-0.04184435787920158,-0.11661554614862174,0.73001,-0.1874070572242643,0.30678804644677693,0.46187,-0.10096710235205447,0.39272165124129765,0.66542,-0.2731653952211161,-0.11616800865989568,1.008,-0.32412177505375106,0.38652986753553176,0.8957,-0.42840869786100777,0.02066176813960729,-0.11202,0.040172431110714585,0.1858402073903702,-0.12773,-0.00721644740188605,-0.0829760487554421,-0.48445,-0.11035794550885086,0.16568265026405374,-0.49146,-0.156376196083289,-0.09482451008831333,-0.87733,-0.05414345740263882,0.14248034492290887,-0.88466,-0.09320139079782508
53,0.15556900635323612,0.66499,-0.09084135881451125,0.0022717800059055167,0.48872,-0.047001549608547674,-0.11686562573881451,0.72401,-0.19362814364052386,0.3079021748600661,0.45561,-0.10547505464535814,0.393410764610465,0.65834,-0.27979578908305486,-0.11448919591746132,0.99966,-0.3315257813189996,0.3874329768838082,0.88815,-0.43676243316355695,0.02066258581405852,-0.11499,0.04220415558303077,0.18623237888652602,-0.13192,-0.005107507735228202,-0.08345516090729604,-0.48917,-0.11295419136507209,0.16464953357232562,-0.49461,-0.15872244199991256,-0.09501110323726841,-0.88027,-0.05368712309890633,0.14223406728984903,-0.88739,-0.09344634656414715
54,0.156256708278418,0.65819,-0.09690388032474946,0.0034219491411039086,0.48382,-0.0515757670236294,-0.11708540104627004,0.71783,-0.19907269502830893,0.30886771386951506,0.4488,-0.10996188375077681,0.3940303225390176,0.65072,-0.2861295989928301,-0.11309604955056145,0.99101,-0.3383615493226985,0.3882811377131351,0.88025,-0.4457157355267968,0.020247315310353887,-0.11832,0.04415084107605549,0.18657769120092163,-0.13661,-0.003033968874843203,-0.08408777448056173,-0.49242,-0.11561475917419103,0.16343280041346556,-0.49784,-0.16118862537106127,-0.09516301181080963,-0.88241,-0.05312622312093817,0.1420837654466192,-0.89018,-0.09360769821713438
55,0.15673990965419685,0.65181,-0.10245613864280756,0.0043557862288466555,0.47928,-0.05595444813711051,-0.11703707551117687,0.71123,-0.2045746740943049,0.30923219867948126,0.44177,-0.11411425979628426,0.39456700398587197,0.64291,-0.29218478462372555,-0.11180062809687753,0.98184,-0.3447840694088746,0.38923425060128786,0.87139,-0.45539834239800847,0.020716516951895976,-0.12164,0.04553336876821005,0.18743827729885565,-0.14114,-0.0013782540539749484,-0.08482830291203564,-0.49242,-0.11831722427890169,0.16207350745220964,-0.49784,-0.16325396375628537,-0.09539344720805969,-0.88241,-0.05315464015270094,0.1418092330291965,-0.89018,-0.09395530712349909
56,0.15727044307149488,0.64568,-0.10762478820464963,0.00535122878843485,0.47337,-0.060530830454024215,-0.11677587468292633,0.70449,-0.2099923376245845,0.3091740104855565,0.43453,-0.11807228684698612,0.3950047059714562,0.63481,-0.2988013106738379,-0.11083485587627476,0.97284,-0.3509453781187115,0.39035482889222684,0.86146,-0.46545572298610777,0.021227889274401224,-0.12546,0.04692470745730612,0.18824915193320288,-0.14627,0.00034105927621597143,-0.08572124341149709,-0.49242,-0.12100296928995943,0.16079183344254797,-0.49784,-0.16528221712629557,-0.09566129087449203,-0.88241,-0.053280034611717625,0.1416659750664442,-0.89018,-0.09436464946935164
57,0.1578937028318441,0.63936,-0.11267067447676571,0.0060517685801461905,0.46747,-0.06476987857833574,-0.11641561807818301,0.69841,-0.214980679651625,0.3087373538782393,0.42724,-0.12187320673660315,0.3953567254944668,0.62627,-0.3057885907065416,-0.11004611591748481,0.96369,-0.3570856255304538,0.39198560243624647,0.84835,-0.4744048613607294,0.02265999348307765,-0.13031,0.05401575410328803,0.18972863262310222,-0.15258,0.008328497281497448,-0.08674591501613281,-0.49242,-0.12367564081909527,0.1593971919478548,-0.49784,-0.16726008848239537,-0.09591551366784376,-0.88241,-0.05346063298197728,0.14148607912202713,-0.89018,-0.09457866220070721
58,0.15846070236645218,0.63293,-0.11763251441047519,0.006785341777256343,0.45898,-0.06869489200053976,-0.11611126238163208,0.69152,-0.21996931910642398,0.3080577207370609,0.42051,-0.12549724699485248,0.39596817182726596,0.61686,-0.3121108160570101,-0.10953760813129325,0.95404,-0.3634100085700382,0.39366383180136605,0.83532,-0.4830272766950804,0.02452219902204094,-0.14004,0.06289528553972401,0.19101485181037284,-0.16125,0.017235464509589002,-0.0893623956553276,-0.48953,-0.1305558190918378,0.15647425415059674,-0.49531,-0.17652325395826593,-0.0973956921299571,-0.87906,-0.057685792354154344,0.14013254679717904,-0.88692,-0.10098799596059142
59,0.15928330666711724,0.62648,-0.1223540894828983,0.0073967218773546214,0.45043,-0.07204596740601839,-0.11429019819977114,0.68418,-0.22514416106010174,0.30744692618522235,0.41424,-0.1288460596225527,0.39665790409433715,0.60672,-0.31902563849867555,-0.10885396138357228,0.94396,-0.36988712452733974,0.39558027172092025,0.82223,-0.4925446533312517,0.026130357820068867,-0.15,0.0715779407373191,0.19209135921908743,-0.17064,0.026220026646887766,-0.0920720430788224,-0.48648,-0.137307872619495,0.15334110588881378,-0.49197,-0.18628752976191293,-0.09882292829519874,-0.87555,-0.062295994728088305,0.13858254447240576,-0.88287,-0.1083963910494887
60,0.16041770383241946,0.61969,-0.12640156574241537,0.008192795776815595,0.4416,-0.0751097499287502,-0.11188324134396728,0.67629,-0.2295185820154167,0.3068929644560779,0.40804,-0.13181496959131958,0.3975520665674734,0.59488,-0.32552971979211237,-0.10809321841261303,0.93207,-0.37673323394306896,0.3980030073711939,0.80798,-0.5020700694360154,0.027274845814605705,-0.15997,0.08034336903434836,0.19298010843061597,-0.18003,0.03529151323062956,-0.09441936904263343,-0.48299,-0.14266159887506868,0.15023752590200815,-0.48817,-0.19622964177423202,-0.10035418755199477,-0.87158,-0.06702392219035722,0.1371160152686705,-0.87841,-0.11579208818326801
61,0.16176193655585844,0.61267,-0.130583522627085,0.00882645930455245,0.43239,-0.0779083007204308,-0.1096046837820274,0.66764,-0.23492640638728074,0.3058304753961142,0.40173,-0.13455814530524265,0.3986400720593057,0.58261,-0.33047376105910675,-0.1072185471912563,0.92059,-0.3834572722575441,0.40105654271175123,0.79192,-0.5113005419008445,0.028465503206669438,-0.1699,0.08910573355396997,0.19383018575094454,-0.1897,0.044604382259530534,-0.09662716175446867,-0.47926,-0.14789776888200762,0.14786436800704728,-0.48383,-0.20577252507046828,-0.10193745114185186,-0.86743,-0.07186250022579621,0.13578659064666238,-0.8734,-0.12310127905328902
62,0.16303750612195803,0.60644,-0.1346365982841682,0.009632366235695569,0.42347,-0.0804498569402173,-0.10675024681830472,0.65973,-0.24042561956919442,0.3044918430003548,0.39547,-0.13731253966862336,0.39960526198857643,0.56975,-0.33536568383041393,-0.10597339172760945,0.90996,-0.3912417550195105,0.40467938581295704,0.77311,-0.519605817806198,0.029688461564017922,-0.17978,0.09803400963931767,0.194612021121273,-0.19901,0.053933345891880244,-0.09872426604573041,-0.47513,-0.15304175931663827,0.14566435960378438,-0.47883,-0.21490930585067594,-0.10357248112256331,-0.86285,-0.07685644956095919,0.13469647547204336,-0.86782,-0.12962915565338384
63,0.16422332540641374,0.60012,-0.1389683222625183,0.010621471451285946,0.41361,-0.08319633848439195,-0.10379129164470458,0.65204,-0.24603465052655463,0.30188868146357173,0.38665,-0.1412493138573994,0.40058379700131763,0.55719,-0.34041227369177973,-0.10452988009904565,0.89928,-0.3995080010343712,0.40818390772947954,0.75282,-0.5268544953501789,0.030937949624730267,-0.18946,0.10738916413222356,0.19539807570028522,-0.20829,0.06374693948438315,-0.10130979527383546,-0.46706,-0.15921659652992692,0.1436218483138425,-0.47421,-0.22355599004928411,-0.10557228767983284,-0.85527,-0.08308988671340581,0.1334426635021272,-0.86265,-0.13622158734010573
64,0.16534139785919236,0.59351,-0.14351149450120104,0.01174667542311797,0.40362,-0.08612116275633949,-0.10109116423731448,0.6442,-0.2520346766084864,0.29938283681726596,0.3786,-0.1447493519441323,0.4016006307826935,0.54439,-0.3459327129008511,-0.10269602706656311,0.88801,-0.4083304795441356,0.41165296090062975,0.73361,-0.5331525720483251,0.03216512478652386,-0.19872,0.11681933285405866,0.19618929163985346,-0.21722,0.07393533083616058,-0.10395057828178036,-0.45999,-0.16546292513999458,0.14161290099078722,-0.46855,-0.23195473582786252,-0.10758994455623737,-0.84874,-0.08926331248270908,0.13212048580263,-0.85656,-0.14274103870743354
65,0.16670098553324994,0.58683,-0.14772154454324932,0.012817207829017727,0.39501,-0.08872258013306289,-0.09824590418038248,0.63649,-0.257775974040986,0.2969112507305575,0.37154,-0.14799751237982342,0.4026440345190753,0.53249,-0.3508993524733291,-0.10052742827746385,0.87695,-0.41823756364047376,0.4155716007593862,0.71384,-0.5398954765899425,0.033643164561157624,-0.20723,0.12600218205376787,0.1969391810969599,-0.22523,0.08429246199310361,-0.10667605475648435,-0.45086,-0.17169432000678284,0.13981171258302832,-0.46452,-0.23888728372309956,-0.10953550137532966,-0.84154,-0.09528698317952539,0.13102290910784006,-0.8522,-0.14810188988976028
66,0.16823205834438978,0.57995,-0.1520532204368254,0.0139757780771717,0.38694,-0.09122782402939164,-0.09549139596509383,0.62783,-0.2653391916427682,0.2948991029766313,0.36546,-0.15088598903999736,0.4040095467059147,0.52005,-0.35605479391588213,-0.09815722930556202,0.86542,-0.4282106580867123,0.41935020449213645,0.69709,-0.5477205039912266,0.034213639076435584,-0.21443,0.1293641967514482,0.19666866220967566,-0.23167,0.08840186821926604,-0.10943687976462557,-0.44233,-0.1778382478444468,0.13786461162125532,-0.45922,-0.24630181660418266,-0.11144280332249962,-0.83366,-0.10105338832331487,0.12982585426581106,-0.84664,-0.15460278672828764
67,0.17011766194661407,0.57296,-0.1564474096743616,0.015120515956664011,0.38131,-0.09382303272759983,-0.09295758504408948,0.61967,-0.2725588663734329,0.2935158688254214,0.3594,-0.15366298170886178,0.40531768286696307,0.50794,-0.3610173416269029,-0.09532160203065994,0.85334,-0.43799165491514613,0.4235802756485915,0.6799,-0.5570162717385043,0.03448245607241879,-0.21649,0.13081962844777426,0.19615553455962667,-0.23528,0.09171124882819505,-0.11081747258659859,-0.43976,-0.17961551103821316,0.13721818359498153,-0.45908,-0.24668539294188846,-0.11218246715815544,-0.83089,-0.10289289325949276,0.1295693536488329,-0.84662,-0.15548159696576205
68,0.1719934415136952,0.56585,-0.16101248919346323,0.016338660171367026,0.37602,-0.09649718767303317,-0.09109811444584379,0.61134,-0.28022827561367164,0.2929648092467004,0.35318,-0.1566730204695258,0.4063986943469148,0.49494,-0.36565552167733356,-0.09260513230581072,0.84054,-0.44736577894003393,0.42796285085452024,0.66414,-0.5674051280068515,0.03476441324859169,-0.21874,0.1323438230386335,0.19568991081545156,-0.2384,0.09500209895071053,-0.11250661968421635,-0.43711,-0.18119620806250636,0.13624091662459292,-0.45908,-0.24658415427048577,-0.11296887903759996,-0.82814,-0.10431798460950109,0.1293568358894014,-0.84662,-0.156053380318026
69,0.17387445456849332,0.55895,-0.16572065124331653,0.017286626978105447,0.37088,-0.09917752066229443,-0.08931183325833453,0.60296,-0.28812848197294805,0.2923813273273525,0.34685,-0.15980934775630473,0.40738536499779643,0.48278,-0.37088632286134815,-0.08957647852325662,0.82987,-0.4567949494372421,0.43230724750374955,0.64865,-0.5781832687442036,0.03510738042067737,-0.221,0.13420250496916158,0.19553074314335708,-0.24135,0.09818814126872204,-0.11419695649286792,-0.43437,-0.1825533014540302,0.1351692126555863,-0.45908,-0.24638502967929868,-0.11369241166323522,-0.82534,-0.10510429023687592,0.12912048202867848,-0.84662,-0.15601170475538595
70,0.17576648136946832,0.55103,-0.1704815266443738,0.018495420017424342,0.36636,-0.10167435793934997,-0.0872546975202367,0.59469,-0.29547734559632827,0.2918238926346547,0.34131,-0.16279795388013182,0.40832805279113144,0.471,-0.37642415093057324,-0.0865784625147787,0.81892,-0.46668581390971914,0.4360861637875305,0.63311,-0.5882524440689347,0.03414146177378725,-0.22327,0.1364239842437869,0.1941070018131107,-0.24429,0.10134330538878746,-0.11611618269484139,-0.43194,-0.1838091098732003,0.13404360562434192,-0.45992,-0.2459733152015191,-0.11445170681693087,-0.82287,-0.10574213023999138,0.12890273078153,-0.84756,-0.15644040557689817
71,0.17773843441694412,0.54263,-0.17513464400572964,0.019765245311220096,0.36149,-0.10441245869046131,-0.08569815356962099,0.586,-0.3025957816555902,0.2913354666118287,0.33525,-0.16631659566642187,0.40925444526579857,0.4588,-0.3814209295911585,-0.08395114402799489,0.80752,-0.4760645266982102,0.43944344538884084,0.61877,-0.5989276096531072,0.03319091009870919,-0.2257,0.13853105697936258,0.1925732191906433,-0.24746,0.10433509596752406,-0.11820438183570986,-0.42937,-0.18509604940094668,0.13317564083633548,-0.46138,-0.24456114059235037,-0.11532723751593055,-0.8202,-0.10657271436884835,0.128682527985153,-0.84927,-0.15590401884284547
72,0.17964839684881576,0.53401,-0.17973621368452825,0.020681400221687914,0.35802,-0.10661094730312815,-0.08428477265304123,0.57702,-0.30997329366063964,0.29141104273477314,0.33243,-0.16824907807245837,0.41006201786981333,0.44544,-0.3859398151273548,-0.08140048372743924,0.7961,-0.48530787138675063,0.4428552729926798,0.60582,-0.6102724204669412,0.03262082770763277,-0.22809,0.14025626046515335,0.19130659649968387,-0.25028,0.10653851761549496,-0.11983175051114475,-0.42937,-0.18478879186367,0.1320006251207316,-0.46323,-0.2429323563622929,-0.11584130716300292,-0.8202,-0.1064820700201062,0.1284130848011254,-0.85137,-0.15535894969990938
73,0.18165974220641204,0.52511,-0.18439627697299074,0.02140153511300972,0.35483,-0.10846415175442349,-0.08287369065524477,0.56815,-0.31664975594207995,0.2921424203179396,0.32944,-0.1705510526228915,0.41063095336058564,0.43231,-0.3906603248887407,-0.07890377876195691,0.78516,-0.4943792340360627,0.4463111555812264,0.59132,-0.6218280846855908,0.03199640002924691,-0.23055,0.14204181782196543,0.19007479961380586,-0.25305,0.10824839376069997,-0.1214598708606033,-0.42937,-0.18449155605210113,0.13078567032426433,-0.4658,-0.24153007791542827,-0.11627856180534034,-0.8202,-0.1064049702292221,0.12818067854753776,-0.85426,-0.15454624598188332
74,0.1834243628973993,0.51602,-0.18941900669067807,0.022145429790400375,0.35071,-0.11079879620464496,-0.08159657074230658,0.55833,-0.32351583668206374,0.29296476193617066,0.3263,-0.17297060924816915,0.4109936500363553,0.4188,-0.39528354358585926,-0.07654392965563306,0.77367,-0.5028273636039248,0.44920550541146,0.57712,-0.6319037553362337,0.031419528529570584,-0.23336,0.14384945253972814,0.18900989731758394,-0.25616,0.10952267124206003,-0.12305746216971844,-0.42937,-0.1841997033340399,0.1291797426617896,-0.4685,-0.24044472251607812,-0.11660279668981072,-0.8202,-0.10633764460488422,0.127796603523863,-0.85722,-0.15447852319259323
75,0.18487667513068518,0.50765,-0.19390941749338292,0.022920825751702567,0.34473,-0.11429658151869672,-0.08005946468465208,0.54989,-0.3283258269073679,0.29454343482273243,0.31912,-0.17801132268152706,0.4108854235572298,0.40554,-0.4001588166068516,-0.0742694734172563,0.76242,-0.5112299733068508,0.45194159497614683,0.56288,-0.641149333408697,0.03092675564113643,-0.23641,0.14575395533059618,0.1880093410166468,-0.25968,0.11047082053866628,-0.12459396716769824,-0.42992,-0.1837053821922878,0.12745161833465715,-0.47196,-0.23959167720076774,-0.1167192569927209,-0.8207,-0.10574847060864367,0.12728450349229664,-0.86097,-0.15438822614020642
76,0.1860434171579845,0.4994,-0.1985220970879064,0.023551764422263904,0.33834,-0.11791105484049484,-0.07839943851876482,0.54171,-0.3331067199336309,0.2958828516981479,0.31146,-0.18296923176034774,0.410473691241221,0.39325,-0.4053156641419213,-0.0722549301104522,0.75194,-0.5197187588068509,0.45444520616008516,0.54871,-0.6490643274731077,0.030202319797015053,-0.23986,0.14770946081710146,0.18681938799011774,-0.2639,0.11120866320119964,-0.1260027043339028,-0.43092,-0.18305081317640484,0.12603523165209626,-0.47487,-0.23933177574739722,-0.11666093167976596,-0.8215,-0.10443870033952442,0.12703018995829016,-0.86404,-0.1543332295364829
77,0.1870716672019583,0.49157,-0.20282603735782978,0.02415955801659865,0.33164,-0.12171437811714193,-0.0773975336721909,0.5329,-0.33874637796212975,0.29658390405826895,0.3034,-0.18797704820949684,0.41016043970051363,0.38195,-0.4104898764947576,-0.07027045376459438,0.7425,-0.5286084133351625,0.45660042124304595,0.53393,-0.6552119731969746,0.029368284885744368,-0.24316,0.14965382877784902,0.18538152058594592,-0.26816,0.11180744306727754,-0.126932663925575,-0.43268,-0.18197295225872726,0.1255347161798367,-0.47608,-0.23923336709925694,-0.11637013527620294,-0.82308,-0.10274344181892209,0.1267840361048111,-0.8652,-0.15463507101875035
78,0.1878624458013363,0.48333,-0.20738257872236998,0.024707483241280397,0.32477,-0.12573053883954305,-0.07672763343837866,0.52403,-0.34385024411209275,0.2964490354969765,0.29507,-0.19288824057705636,0.4097834610624252,0.37037,-0.4156223892425669,-0.06860165848238174,0.73306,-0.5372900907828717,0.4585092901334318,0.51912,-0.6602804462963723,0.02870552602021361,-0.24653,0.1513141394976122,0.18428312644999842,-0.27257,0.11231590183858159,-0.127909203264327,-0.43388,-0.18168906509827465,0.125396843094415,-0.47781,-0.23920905635438355,-0.1164256096255873,-0.82397,-0.10164715371967062,0.12669547553420094,-0.86691,-0.15513732297278657
79,0.18850086460556237,0.47572,-0.21188179214589306,0.025218632899700163,0.31798,-0.12981129490021337,-0.07623419046518776,0.51499,-0.34848636264295546,0.2959016893056787,0.28648,-0.19760485081608098,0.4093919716722197,0.35931,-0.42054925803089044,-0.06702038250212905,0.72312,-0.5460477246113826,0.46031037694172916,0.50505,-0.6650963663859271,0.02826413980776824,-0.24978,0.1527729479879436,0.1835583884470656,-0.27688,0.11269754935541484,-0.1284637984716564,-0.43644,-0.180941401968244,0.12523418462053798,-0.47817,-0.2400739506952577,-0.11628119204349718,-0.82636,-0.10041348943714348,0.1263979422948736,-0.86736,-0.15670954241405274
80,0.18892210297576986,0.46795,-0.21674888144397103,0.02591927126519815,0.30942,-0.13475811275422742,-0.07589699005726362,0.50599,-0.3526379894186779,0.29507162697404365,0.27741,-0.20213960511213724,0.40877347781285234,0.34897,-0.42601489297533424,-0.06546021714557645,0.7128,-0.5537963637215885,0.4617145904136241,0.492,-0.6694564448858337,0.027761747787471702,-0.25353,0.1542831305126546,0.18271547351377135,-0.28147,0.11310003465356815,-0.1288870002532121,-0.43908,-0.18027783264097808,0.1249592737290813,-0.48005,-0.24186339865531645,-0.11597920103286352,-0.82874,-0.0988217474889947,0.12634894233109284,-0.8691,-0.15842712763859026
81,0.18929926231888278,0.46004,-0.2212324905738911,0.02657839088656285,0.30075,-0.13981946092687195,-0.07542069024631219,0.49722,-0.35605257321324024,0.2942108787835586,0.26746,-0.2067907998567783,0.40813642942468464,0.33997,-0.4313554050623099,-0.06404330680454613,0.70142,-0.5607277103501652,0.4628169383608648,0.47928,-0.6733977427689191,0.027133119513895833,-0.25779,0.15586634322535653,0.18189225473553736,-0.28657,0.11349904698816811,-0.1293776875022669,-0.44198,-0.17962267233722412,0.12462644004109069,-0.4819,-0.24369340459414246,-0.11570170162799696,-0.83134,-0.09731707540501802,0.1260473893574693,-0.87105,-0.16025249494521615
82,0.18952230134268003,0.45227,-0.22549599307698215,0.027152013094309254,0.29173,-0.14491650492930908,-0.07482268408054875,0.48814,-0.35904182941264995,0.2933362387388602,0.25723,-0.21152077922166038,0.40752240590080857,0.33094,-0.4356439333777261,-0.06298372067129085,0.69012,-0.5670883377741079,0.4635531709577142,0.46726,-0.6772846389037981,0.02662956182495252,-0.26237,0.15742750261949476,0.18119415881477147,-0.2919,0.11391661385156851,-0.12985202297175663,-0.44496,-0.17908209222069746,0.1241818045367154,-0.48393,-0.2455240053884854,-0.11532082563951274,-0.83396,-0.09604387099040262,0.12574985611814193,-0.87316,-0.16182471438648238
83,0.18953329725062776,0.44498,-0.2295799469320114,0.027558588081954345,0.28406,-0.14931391243594536,-0.0742535467885746,0.4796,-0.36188383552504383,0.29176642896620636,0.24681,-0.21604694727838122,0.40689908107014516,0.32184,-0.43969727350106613,-0.0621329817207735,0.67924,-0.5725084101203108,0.464151530469142,0.45614,-0.6811472242938035,0.02613510053951567,-0.26666,0.15897690380614854,0.18051052556134886,-0.29726,0.11447379028216731,-0.13037692550411212,-0.44804,-0.17898953774200096,0.12377127976996961,-0.4861,-0.2468732160524991,-0.11517876762516477,-0.83668,-0.09492148757972713,0.1254876233274779,-0.87527,-0.16313914733018872
84,0.18932071356819313,0.4373,-0.23383771726141653,0.02773456961301103,0.27526,-0.15302078706300346,-0.07389197079875666,0.47001,-0.36469939724583544,0.2904488836947515,0.23958,-0.2183938120929087,0.4062854841050771,0.31295,-0.4428892162894724,-0.06152458598078136,0.66824,-0.578139607472878,0.46445963305760907,0.44521,-0.6847555442345765,0.025724090736968516,-0.27186,0.16069436703492818,0.17987089920785987,-0.30303,0.11516536683463446,-0.13088977720970216,-0.44982,-0.17890926241532196,0.12372751329390588,-0.48777,-0.2487338838077883,-0.11501836417335873,-0.83827,-0.09408665841597642,0.1254090791311068,-0.8769,-0.1648515231093962
85,0.18857804613852155,0.42965,-0.23781924273400928,0.027253841191315346,0.26613,-0.15649001481346522,-0.07395850077493409,0.45984,-0.36740900953586325,0.2888243355804732,0.23217,-0.2208693208132316,0.4058021473156461,0.30439,-0.44551518002646173,-0.061199034969184454,0.65731,-0.583497537813863,0.46429845280340964,0.4343,-0.687915563368325,0.025564283226662054,-0.27693,0.1622355310624248,0.17960954357719872,-0.3083,0.11587147818160583,-0.13131345363483976,-0.45141,-0.17899702508838183,0.12377642329229646,-0.48984,-0.2505296587970499,-0.11485692364096407,-0.83975,-0.09321139505303924,0.12530215637079212,-0.87904,-0.16660966631270094
86,0.18793214704476152,0.42153,-0.24200060786524097,0.026728567475066384,0.25732,-0.15955537164799816,-0.07381688607164055,0.45058,-0.36892665714839096,0.28726463214744846,0.22542,-0.22309225248132464,0.40538479683372863,0.29573,-0.44776691681730635,-0.06115980164953616,0.64645,-0.5886018972983262,0.4638938765918326,0.42394,-0.6903827921961855,0.025171594819186002,-0.28289,0.16383806680762175,0.17926585823558228,-0.31399,0.11708966551775653,-0.13174467084260094,-0.45321,-0.17901237825517746,0.12442085657469451,-0.48954,-0.25246090340727867,-0.11475302014092886,-0.84123,-0.09265092287471062,0.12535337366408927,-0.87861,-0.16833476827747498
87,0.18727573289079355,0.41323,-0.24555055440828505,0.026185724037769965,0.24821,-0.1624957792732407,-0.0741803460555052,0.44059,-0.37254856794797303,0.2854413138736301,0.21907,-0.22502499935361803,0.40509537519015476,0.28737,-0.44935072081787936,-0.06151309262871661,0.63591,-0.5936979697550354,0.4634765261099151,0.41381,-0.6926345289870302,0.024805210814476328,-0.28888,0.16540550157854295,0.17896791627567618,-0.31967,0.11845210105330578,-0.13238092148806727,-0.45446,-0.18009839350191373,0.12527152867209523,-0.49007,-0.2544894390817749,-0.1149133389013891,-0.84211,-0.0928460482063426,0.1255123730394749,-0.87899,-0.17031242325209192
88,0.1866627307812423,0.40436,-0.248854299013076,0.02567685856198328,0.23715,-0.16524924707358854,-0.07487768409808959,0.43116,-0.3763248466260322,0.283333044291729,0.21159,-0.22736444359745683,0.40468832338696226,0.27921,-0.4506802353268328,-0.06208386511474437,0.62531,-0.5982479810483393,0.46310085119063776,0.40411,-0.6946499119171518,0.02431082584426206,-0.29595,0.16682288384921884,0.1787441203038109,-0.32604,0.11983192544900866,-0.13293542890197196,-0.45516,-0.18081296017334805,0.12610300330040464,-0.49062,-0.2559357965557341,-0.11510068550819078,-0.8426,-0.09280285967870043,0.12573671578208304,-0.87955,-0.17145879593749533
89,0.18598367023701667,0.39613,-0.2520143902739854,0.025348768051863965,0.22812,-0.1670293180320533,-0.07560127845866639,0.42208,-0.38041127785649986,0.28186941816955097,0.20579,-0.2289849060544358,0.4042000834990743,0.27142,-0.4513760239526921,-0.06303340700956893,0.61542,-0.6033912323731312,0.4627871188021905,0.39479,-0.6963715890031466,0.023813225086610795,-0.30237,0.1680377478276069,0.17854232778191242,-0.33182,0.12127894990564576,-0.13348760497858309,-0.4559,-0.18162948058363698,0.12678789839202195,-0.49112,-0.2572344569091285,-0.11513076813540082,-0.84306,-0.09225937919557325,0.12612210072872654,-0.87996,-0.17261325617626522
90,0.18510650651592875,0.38797,-0.2552614017932762,0.024508891147191854,0.21941,-0.1684754448539463,-0.07638225303309586,0.41316,-0.3846906767294837,0.28073596400881007,0.20061,-0.23046050141411237,0.40344594551787316,0.26359,-0.4520249275705813,-0.06406329333357899,0.60636,-0.6089671045165378,0.4623968850460219,0.3857,-0.6978360744470983,0.023313393349275548,-0.30834,0.1690499198655295,0.17822005103474597,-0.3374,0.12267613911911537,-0.13395143795204972,-0.45667,-0.1828779031774429,0.1273285452842408,-0.4895,-0.25848737388081267,-0.1153222348341083,-0.84345,-0.0921646928539708,0.12639161603991506,-0.87818,-0.17367620560922753
91,0.18406998898780827,0.3802,-0.2581452241549863,0.022536951594014414,0.21305,-0.16974226701929326,-0.07735633880652314,0.4038,-0.38996160576581174,0.27963317166453233,0.19565,-0.23164702956186206,0.4025782692385106,0.25584,-0.45268427412151757,-0.0651399277013777,0.59743,-0.6141285630737747,0.4618316691468306,0.37709,-0.6990260034312403,0.022857664681421867,-0.31416,0.16950598497195216,0.17789254079986247,-0.34272,0.12421641086333667,-0.1345716504549645,-0.45759,-0.18432214569559147,0.12789293210820316,-0.48928,-0.25966324271403246,-0.11570877397119639,-0.84373,-0.0922894666312607,0.12664490815959675,-0.87798,-0.17471598592357626
92,0.18288049276663199,0.37232,-0.26068728999595253,0.018476829652214956,0.20738,-0.17075258321619335,-0.0783862251305332,0.39465,-0.39553747790921834,0.2785130385448748,0.18752,-0.2331046652482551,0.40170133973713473,0.24862,-0.4534536860070618,-0.06665189936884341,0.58689,-0.619253876983847,0.4611280333914747,0.3687,-0.7004250733808085,0.022456100439983858,-0.3204,0.16995249942860316,0.1774515403515916,-0.34865,0.12540098614782683,-0.13529322184121698,-0.45856,-0.1858805213674183,0.12864731051327427,-0.48928,-0.26074060672956406,-0.11621743345771962,-0.84419,-0.09277856940856821,0.12697700894190636,-0.87798,-0.17594228485548047
93,0.18165215100607815,0.36425,-0.2629889581995126,0.018376209878716094,0.20264,-0.17201427876630876,-0.07972383774094177,0.38591,-0.40103878107342184,0.2773737560409,0.1801,-0.23432537626079528,0.40081979564594583,0.24149,-0.45436444394158115,-0.06777556299893416,0.57701,-0.6236454730543448,0.4603832928866086,0.36058,-0.7019996722441422,0.021803924573760416,-0.32598,0.1700776498961041,0.1770470300630178,-0.3542,0.12661974429710743,-0.1359169553924591,-0.45975,-0.18699920651394294,0.1296450848757229,-0.48806,-0.2625107610509836,-0.1165301360557188,-0.84508,-0.09274374003584103,0.12752636228539554,-0.87674,-0.17731858820285604
94,0.18029169237617546,0.3561,-0.26500331971530944,0.01796768187194224,0.19854,-0.17563839712360357,-0.0813133280023921,0.37745,-0.4065058256780281,0.276319609228756,0.17274,-0.23540878500104365,0.39996551253482765,0.23424,-0.45552371110926004,-0.06884160909338122,0.56751,-0.6274684354821635,0.4596368158999658,0.35291,-0.703584119185006,0.02114096809508944,-0.33107,0.1702453183409236,0.17646237627086533,-0.35932,0.12773826114692316,-0.13635754712015116,-0.46118,-0.18874928620626819,0.13060974587247992,-0.48785,-0.26360489502876494,-0.11680314527076878,-0.84648,-0.09362979362818058,0.12826965481712882,-0.87642,-0.17782535857715748
95,0.17896306123138273,0.34844,-0.26677959088860664,0.017619540775115673,0.19422,-0.1790294609355511,-0.08315350620385047,0.36887,-0.41216221535580644,0.27525735082085845,0.16522,-0.2364806091819852,0.3990266885873956,0.22681,-0.45693208236561544,-0.07005915876328542,0.55802,-0.6311428325485291,0.4587484460936051,0.34474,-0.7053974032463562,0.020662170666231744,-0.33511,0.17038051457651932,0.17595310626256144,-0.36426,0.12830530969743908,-0.13663312499428565,-0.46238,-0.18990905205991604,0.1318392595058384,-0.48484,-0.2655580709617996,-0.11696805876671677,-0.84773,-0.09452475314617802,0.12904313452174326,-0.87324,-0.1787943937398577
96,0.1777942585372045,0.34118,-0.26816771921915894,0.01750531765604731,0.18974,-0.18244146226601254,-0.08464058374912807,0.36134,-0.41593124711135476,0.2741701868125707,0.15752,-0.2375785046319638,0.3987667871340251,0.21967,-0.45834846904817633,-0.07117739548058055,0.54864,-0.6345707302488833,0.4578183766822175,0.33701,-0.7072744144050872,0.020227351906859058,-0.33893,0.1704368763232772,0.17533553144381323,-0.36904,0.12871883278415625,-0.13692666254170374,-0.46384,-0.19105549687248047,0.13334102230409997,-0.48125,-0.2674069377762991,-0.11716619855015083,-0.84912,-0.0955966307633623,0.1299782272435229,-0.86941,-0.179710691508967
97,0.17678131264411862,0.33502,-0.2697661060990101,0.016763595325478026,0.18529,-0.18530618511200214,-0.08585862791693957,0.35343,-0.41979848804065567,0.2734108393860395,0.15117,-0.2382569524824434,0.39832039110548617,0.21257,-0.4600162911567073,-0.0722477665702142,0.53944,-0.6381187648781501,0.4567447260541091,0.32941,-0.7097353642885189,0.019905110680281696,-0.34152,0.17033122788791763,0.1748256665799925,-0.3729,0.12939768315105685,-0.13721208849336836,-0.46547,-0.19221352624435162,0.13557903553744013,-0.47706,-0.2691114602218522,-0.11716619855015083,-0.85053,-0.0955966307633623,0.1313795804456107,-0.86498,-0.1801710274764933
98,0.17596351969269752,0.32827,-0.2708911904018986,0.015379951910698013,0.18131,-0.18639242030786718,-0.08693500402263925,0.34519,-0.4226549737274881,0.27260225157185763,0.14453,-0.23892671792403966,0.3975096162083327,0.20606,-0.4616198634395015,-0.07317476972253117,0.53007,-0.6416311535462212,0.45556334142868626,0.3216,-0.7122890146887921,0.019588862991568222,-0.34417,0.17086424139561082,0.17455619935357788,-0.37701,0.130115379057335,-0.13719239233830813,-0.4666,-0.19221699920790494,0.13744910076906453,-0.47302,-0.2700809219433604,-0.11681306237338096,-0.85053,-0.09521211048996135,0.13263839788768966,-0.86078,-0.18040314522143708
99,0.17529342386184124,0.32043,-0.27186969516809495,0.014180491588118273,0.17795,-0.18768375447629798,-0.0878127061383468,0.33676,-0.4253637142089818,0.27181685691867635,0.13666,-0.2397528869374711,0.39668549622770877,0.20047,-0.4630687686322372,-0.0737979575890131,0.52116,-0.6450041819900785,0.454337331005426,0.31381,-0.7146926366312067,0.019259941390123762,-0.34667,0.1713081012609999,0.17450681471160534,-0.38089,0.13115982204627083,-0.13724101382805487,-0.4677,-0.1924927453787484,0.13948130174621,-0.46884,-0.27059156779763616,-0.11671840061715684,-0.85191,-0.0960919145317278,0.1339151750030522,-0.85645,-0.18064858400746436
100,0.17479481316806728,0.31312,-0.27296982578581913,0.013808117147623623,0.17364,-0.18885691528201318,-0.0881636040452922,0.32906,-0.42726161480145275,0.27114673704543313,0.1292,-0.2405587649403254,0.39587120028222794,0.19588,-0.46434678354340747,-0.07451017229356384,0.51205,-0.648859071640201,0.45305225615937195,0.30613,-0.7172584664463033,0.018900486560274307,-0.34899,0.17137148284584833,0.17450493397550676,-0.38455,0.13218573454879323,-0.1373046928406617,-0.46866,-0.19279629930040548,0.1418019750797655,-0.465,-0.2710210736519903,-0.11648685477132566,-0.85327,-0.09738171704423826,0.13519542508196805,-0.85241,-0.1808743266384314
101,0.17443638285462157,0.30616,-0.2740235941239292,0.013400960798760006,0.16261,-0.19026764548569494,-0.08849962529027118,0.3211,-0.4290809044218602,0.27034045652615785,0.12394,-0.24115785735743414,0.3942145602165828,0.19177,-0.465161488209467,-0.0752397518158813,0.50423,-0.6528124420656247,0.45181232983951114,0.29844,-0.7195682462456169,0.01879403534146265,-0.35453,0.17246660527645302,0.1746802465077894,-0.3889,0.1336982706693618,-0.1373973212303421,-0.46954,-0.19320644559311725,0.14410927928746353,-0.46292,-0.27112328565294397,-0.11591639390621525,-0.85434,-0.09766508147633494,0.13653642798068036,-0.85004,-0.180582759792502
102,0.1738866750794854,0.29978,-0.27426175659358976,0.014044513819076204,0.15103,-0.19211750075301776,-0.08883217357169684,0.31373,-0.43088049788720756,0.2695943820559361,0.11835,-0.24147309200794598,0.39272990397398894,0.18854,-0.4655191134900708,-0.07582788493161412,0.49634,-0.6570750727601815,0.45058103784375986,0.29074,-0.7214835321305955,0.01874177677951527,-0.35943,0.17376541166799225,0.1747298172847,-0.39261,0.13547668084085668,-0.13735964135961126,-0.4702,-0.19339586636109615,0.14621617302339276,-0.46035,-0.2713830909367665,-0.11556458440466053,-0.85521,-0.09773726924964751,0.13748640992861122,-0.84722,-0.18026286246740306
103,0.173474293619028,0.29353,-0.27475768151842317,0.016122650517027874,0.14025,-0.19386491251463164,-0.08903174457601726,0.30686,-0.4324902992458337,0.26892128790510844,0.11297,-0.2417199609288769,0.3921738451272629,0.18549,-0.46590847008623654,-0.07627664580193955,0.4881,-0.6617278321222445,0.4492964135989008,0.28298,-0.7231254031820245,0.01879792757368343,-0.36434,0.17529895921805855,0.17477355971837677,-0.3964,0.13750997535948797,-0.13719510214963565,-0.47063,-0.19355688452274444,0.1482222786891142,-0.45894,-0.27169620442730985,-0.11475312685856545,-0.85616,-0.09770772858470297,0.13850066574466585,-0.84557,-0.17975121303703168
104,0.17331798621674077,0.2866,-0.27547138173279206,0.020336569679023447,0.13116,-0.1965778677844742,-0.08907988413204154,0.30025,-0.4337307856758868,0.2682794744686478,0.1073,-0.2419621912176077,0.3915059123369913,0.18134,-0.4657805412478929,-0.07576400117159571,0.47901,-0.666560267479596,0.44824680924940896,0.27532,-0.7235495855832715,0.01894001381847999,-0.36917,0.17663457723944026,0.1750101958835857,-0.39964,0.1396006459039103,-0.1370212856752598,-0.47107,-0.19378046411312683,0.1504675682388211,-0.45838,-0.27157424198236424,-0.11441011687575012,-0.85666,-0.09906795656253943,0.13942911888621184,-0.8448,-0.17874718377254115
105,0.17322825997748387,0.27838,-0.275922656817401,0.021511480848956134,0.1222,-0.19828786770925996,-0.08929702066934778,0.29343,-0.4348297764511741,0.26770716838802794,0.10066,-0.24215575193181774,0.3907377622896418,0.17771,-0.46564509566931267,-0.07507473408600054,0.46964,-0.6709669041658585,0.4472215396871774,0.26785,-0.7240085216624389,0.018495021866361493,-0.3742,0.1777792392692769,0.17491711068855262,-0.40343,0.1424704081146981,-0.13697663583503533,-0.47145,-0.19410311933432728,0.15277291958325956,-0.45779,-0.2701326611907692,-0.11401519330052848,-0.85715,-0.10008193899322258,0.14051844593508425,-0.84398,-0.1765428547180225
106,0.17319938272757135,0.27057,-0.2765471294784819,0.02315859795228685,0.1138,-0.19855799036272584,-0.08959756060476973,0.28687,-0.43644208279527147,0.26722406581830904,0.094272,-0.24230411603506044,0.3900796775769003,0.17014,-0.4655189033127457,-0.07411430718892646,0.46037,-0.6753502737801366,0.44636475694205674,0.26037,-0.7238574477478686,0.018261040137565562,-0.37915,0.17908977982591362,0.17480958686856318,-0.40717,0.14502793399494543,-0.13699747361635536,-0.47174,-0.19422129626468876,0.1549698939900927,-0.45745,-0.2683267255729467,-0.11355339896764993,-0.8576,-0.10041722244661877,0.14118604213193806,-0.84361,-0.17425400886957698
107,0.17306914659432115,0.26363,-0.2772857352932411,0.02319703368510293,0.10529,-0.19835152803094863,-0.08997030933123674,0.28066,-0.43867122128063235,0.26679484226844086,0.08818,-0.2424924432615535,0.3895264006686628,0.16207,-0.4650862548840982,-0.07298622565204935,0.45057,-0.6793874975844552,0.44545062221353204,0.2526,-0.7236861068651084,0.018080294488329502,-0.38402,0.1808174126023688,0.17467254285837042,-0.41075,0.1474180425571807,-0.13702061869258197,-0.47182,-0.19441014621953775,0.15724451139090706,-0.45745,-0.26665633170325226,-0.11323683764192291,-0.85791,-0.10070658887012701,0.14190984868593615,-0.84361,-0.1721070798832364
108,0.17312250288581596,0.25868,-0.27773177689013306,0.021549916581772223,0.09802,-0.19808140537748276,-0.0903713080335892,0.27305,-0.44103753825870434,0.2664188788405196,0.08384,-0.24243630503157018,0.3891347127352035,0.15398,-0.46442824229851765,-0.07189836441453892,0.44099,-0.683295778271397,0.4447925375007905,0.24542,-0.7235599145085413,0.01768617904802871,-0.38897,0.18226788598017224,0.17437616908353207,-0.41388,0.14999871351365462,-0.13702582813791198,-0.47194,-0.19443969045212814,0.15993845617928545,-0.45745,-0.26445062059860397,-0.11302728686993528,-0.85812,-0.10129186869547502,0.14289655501327608,-0.84361,-0.16927540005960037
109,0.1736630055237129,0.25372,-0.2779489332817647,0.01988084830131029,0.092126,-0.19783787493758692,-0.09024312310511193,0.26702,-0.4430402226132923,0.26601684414356125,0.079476,-0.24235526120119663,0.38889072192230906,0.14573,-0.4636236501762451,-0.07054299300193512,0.4319,-0.6867638234461166,0.44444026591983876,0.23859,-0.7230814746134097,0.017154266837528794,-0.39375,0.18361065118687112,0.17401549739818295,-0.41706,0.1525602591281982,-0.13723608668721088,-0.47198,-0.1945955472532204,0.16244007804926153,-0.45782,-0.2622414605727893,-0.11311457722622748,-0.85821,-0.1017638818242102,0.14350967733476228,-0.84381,-0.1668347892715198
110,0.1742219905632493,0.24923,-0.27777333224083817,0.01320219156933343,0.091976,-0.1968024072865132,-0.09008311487958631,0.26208,-0.4451906779994289,0.2658100345154287,0.076531,-0.2423187950838866,0.38901865076065273,0.13807,-0.46295571738597346,-0.0692091545837778,0.42333,-0.6899335980554931,0.4444308684435036,0.2323,-0.722155779367965,0.016672233766908733,-0.39487,0.1841018172675695,0.1738461031745243,-0.41858,0.1543061988742923,-0.13749965344323062,-0.47198,-0.1946506159841049,0.1648901522366805,-0.45918,-0.2600942911625788,-0.11312152315333415,-0.85806,-0.1018032741343307,0.14430993717170776,-0.84487,-0.164599798400538
111,0.17470454636222527,0.24558,-0.27785841984789494,0.00904264902717481,0.091859,-0.19603850491056937,-0.08991051324461394,0.25788,-0.4475058222013319,0.26563624208343983,0.074075,-0.24226784225684628,0.38910200188593286,0.13279,-0.4624830096645276,-0.06801691520265024,0.41549,-0.6925300745637805,0.4446525672977874,0.22729,-0.7209560503910669,0.0160961776922938,-0.39598,0.1846298706729171,0.17352672857778126,-0.42006,0.15566225929586475,-0.13778060905940404,-0.47198,-0.19463153872694852,0.167226736210712,-0.46081,-0.25830281821209955,-0.11312771740641717,-0.85797,-0.10183264471874338,0.1450633360430702,-0.84622,-0.16280333238621159
112,0.1750689252308398,0.24269,-0.2779226696736317,0.005372109525129926,0.091845,-0.19589900306854552,-0.08961118923457814,0.25474,-0.45047287547638715,0.2654363783824139,0.072361,-0.24219198382941576,0.38834531618595514,0.13574,-0.4614763186734835,-0.06682834112417194,0.40903,-0.6937652331203916,0.4450160868446282,0.22369,-0.719009604003656,0.0154549434450863,-0.39691,0.18522018807924037,0.17294961556825236,-0.42147,0.15670836663941629,-0.13799036892273403,-0.47189,-0.19420869029105714,0.16939423851211577,-0.46208,-0.25700955343897325,-0.11304828565782371,-0.85795,-0.10191773054197727,0.14577624906282632,-0.84739,-0.16146682386537747
113,0.17509670893926652,0.24161,-0.2777651004331498,0.003918416171827865,0.092968,-0.19688149817518238,-0.08962507379865095,0.25224,-0.4522677323561635,0.2652648692029446,0.071573,-0.24189773121454586,0.388451169447171,0.13579,-0.46035770565411976,-0.06607791761637663,0.40526,-0.6938975530317738,0.4453865523185756,0.22244,-0.7170237653061248,0.0140431953947255,-0.3975,0.18544880881824385,0.17158579798257348,-0.42242,0.15801504241901615,-0.13842423110480231,-0.47205,-0.19436573680318317,0.17118113875339808,-0.46353,-0.25562886972149657,-0.11344936377747765,-0.85802,-0.10205009497048761,0.14661545060869735,-0.84885,-0.16016273768517017
114,0.1750664736816113,0.24161,-0.27695758211806676,0.0025538019294302633,0.093941,-0.19734152422818982,-0.0895718941799883,0.25195,-0.4522771093577575,0.2650412415277883,0.071573,-0.24172629416223754,0.3895557223156124,0.13403,-0.45933395619218204,-0.06579504465753278,0.40446,-0.6939575854326496,0.4454870037953655,0.22244,-0.7145536824126147,0.012589152883820773,-0.39763,0.18572550427625115,0.17016705592033202,-0.42249,0.1585495243745833,-0.13882046150091376,-0.47209,-0.1943669505566039,0.17257247558124683,-0.46478,-0.2548790818638516,-0.11349230117831244,-0.85801,-0.10154496490841494,0.14707709649919234,-0.85016,-0.15984812193256218
115,0.17491863230672455,0.24161,-0.2760684010747063,0.001784433940598365,0.094829,-0.1971957096275465,-0.08975900765306062,0.25195,-0.4522441162040008,0.2648147117022085,0.071573,-0.24151372831803206,0.3911506059853655,0.13205,-0.4559901042098187,-0.06579504465753278,0.40446,-0.6939575854326496,0.445658056169482,0.22244,-0.7115680265239851,0.011149130815187563,-0.39763,0.18598957328588567,0.16876049327291426,-0.42249,0.15898031610951924,-0.13915355965516124,-0.47209,-0.19429806209866707,0.173069968691148,-0.46687,-0.25407322790338427,-0.11357594918835964,-0.85785,-0.10071787421785244,0.147372538825096,-0.85232,-0.15990021638586224
116,0.17474869131232298,0.24161,-0.2745559130389117,0.0017282998986766773,0.09585,-0.1971858116814195,-0.09016695119653703,0.25195,-0.4521620304845613,0.26454759985547444,0.071573,-0.24107061291395052,0.39174277031359667,0.13198,-0.4528045365353892,-0.06578809873042608,0.40446,-0.6939181931225291,0.4458534914156328,0.22244,-0.70896237783996,0.009923177938807152,-0.39763,0.18650021557251553,0.16774844858221824,-0.42249,0.1592298467570037,-0.1393505212057637,-0.47209,-0.19426333246313368,0.17322915420147167,-0.46901,-0.25322802971757047,-0.11392457113292596,-0.85785,-0.10065640276295836,0.1475498042206382,-0.85448,-0.1599314730578423
117,0.17494431889756976,0.24357,-0.2733312784616232,0.0008035654185982108,0.096744,-0.19702275604259023,-0.09055369104884427,0.25195,-0.4516775129032111,0.26432159275825057,0.072402,-0.24045196859610346,0.392329130340981,0.13198,-0.4495367112771653,-0.06575139947938669,0.40446,-0.693721578868282,0.4461507601887035,0.22296,-0.7054912640019309,0.009091019575573452,-0.39762,0.18703280965669242,0.16701157924923576,-0.42249,0.159369930967784,-0.13936327143371724,-0.47206,-0.19422046718945982,0.17326735680055838,-0.46988,-0.25301137201190776,-0.11423403390110115,-0.85785,-0.10059168186128549,0.14755154070241489,-0.85563,-0.15992162498031218
118,0.1746097906084186,0.24777,-0.2713125187374961,-0.0007675364387951869,0.097555,-0.19643094614600604,-0.09078520447616525,0.25314,-0.4497886144059461,0.26432418235764316,0.074849,-0.23824894946455358,0.3922805988166244,0.13986,-0.4462990972342097,-0.06587233740792857,0.40661,-0.6925934392415336,0.4461261547310283,0.22552,-0.6993537486600802,0.008368046284865933,-0.39736,0.18763753986176204,0.1665556174476527,-0.42216,0.15983619144809214,-0.13931869372065375,-0.47185,-0.19402524212063404,0.17330382291786844,-0.47175,-0.25280456238377524,-0.11447572160715064,-0.85757,-0.10010227808857368,0.14770204380385518,-0.85781,-0.15912566718214896
119,0.17402087665810007,0.25314,-0.2687208821196193,-0.001717513112681729,0.099973,-0.19387718708942467,-0.09116307997271265,0.256,-0.44681786465056295,0.26441597546793677,0.07984,-0.23600073372203625,0.3924110691695867,0.14833,-0.443082891785704,-0.06633240254917094,0.41147,-0.6905322354510719,0.4460945793038596,0.23068,-0.6930829988650079,0.008240081925933174,-0.39626,0.18847244472031954,0.16652833242519496,-0.4208,0.1602573274445938,-0.1391641468425302,-0.47155,-0.19314876322045318,0.17320588891331012,-0.4732,-0.252553745855709,-0.11433658978561313,-0.85711,-0.09876613912265897,0.14781776918498818,-0.85964,-0.15818141740790403
120,0.1730582825323797,0.26166,-0.26582980748392954,-0.0030149701048748194,0.10487,-0.19114030668403437,-0.09101452446048756,0.26251,-0.4416044576781707,0.26433571262801814,0.086008,-0.23369171707494854,0.3924209831701199,0.15697,-0.4393986412903395,-0.06720944698843741,0.41905,-0.6875648571382255,0.4456870644911566,0.23775,-0.6869287376032943,0.008392840049444478,-0.39268,0.18929846769560613,0.16653006890697164,-0.41761,0.16026717552212394,-0.13886892089810943,-0.47121,-0.19164721680367452,0.17233283489190862,-0.47449,-0.25203424929584106,-0.11396402192003986,-0.8566,-0.09648619741604843,0.147551276236158,-0.8613,-0.15802273058354926
121,0.1717179644545744,0.2717,-0.2627198159324445,-0.0030593533068770107,0.11003,-0.18774095584433273,-0.09092676147670967,0.26954,-0.4357913839078941,0.26369755829004893,0.096159,-0.23109139804818835,0.39208963933587826,0.16778,-0.4352886642510472,-0.06853578852068354,0.42941,-0.6837363771343807,0.4452355187361328,0.2482,-0.6807362497001072,0.008562962990722484,-0.38869,0.19022297144619393,0.16658042687849503,-0.41217,0.16055276977049748,-0.13849086655676443,-0.47084,-0.19007904113909158,0.170988641334129,-0.47573,-0.25021316618976824,-0.11357354665401863,-0.85605,-0.09426018459788552,0.14686704812721849,-0.86289,-0.1573537523365658
122,0.17030523687050492,0.28204,-0.25961736516358297,0.00135909859075857,0.11592,-0.1853722256300026,-0.09106970068325294,0.27839,-0.42975485432681587,0.26312888726553346,0.10649,-0.22826978268356532,0.39150460086553396,0.18044,-0.43140811918775807,-0.07025568305622379,0.44184,-0.6791683215538717,0.4443906206930343,0.26073,-0.6744134775788957,0.008685216116277393,-0.38343,0.19088175075164612,0.16669677115753187,-0.40599,0.16121259096501564,-0.13782148579335998,-0.46971,-0.18812560073980006,0.16923772636241696,-0.47705,-0.24793450501227066,-0.11323057948193294,-0.85479,-0.09240150266735743,0.14607972465316463,-0.86466,-0.1568087553207907
123,0.16886743538933624,0.29599,-0.2553325983203639,0.0033931542455194544,0.125,-0.18214642858224292,-0.09164983807123644,0.2893,-0.4232147557334409,0.26246692086865986,0.11867,-0.22522863150524322,0.39089001816259933,0.19509,-0.42752236467913907,-0.07276442426819058,0.45671,-0.673516824271613,0.44344255515766035,0.2758,-0.6676968063988664,0.009024645487789303,-0.37683,0.19152254455760478,0.1674219597616596,-0.39808,0.16175490221185024,-0.13686137346341296,-0.4684,-0.18567509378941538,0.16713970117030913,-0.47828,-0.24480260618036678,-0.11283950936039483,-0.85349,-0.09028729166557918,0.14512545850468064,-0.86649,-0.15548290611448645
124,0.1674255660890974,0.3111,-0.2509557258158205,0.004569104668006165,0.14076,-0.17884040429257814,-0.0931932575079262,0.30162,-0.4150832072682071,0.2618894231809391,0.13209,-0.22142049594821833,0.3895521997187965,0.2061,-0.42572271420990304,-0.0763480078353957,0.47213,-0.6655129445988007,0.44128265335772554,0.29267,-0.6611726264339485,0.009735114248457449,-0.36758,0.19210806837446853,0.16849701648228463,-0.38913,0.1624386075924338,-0.13550738611703503,-0.46667,-0.1829487925834133,0.16522938430679054,-0.47727,-0.24181550231860427,-0.11216230240780188,-0.85204,-0.08837584829907319,0.14454363473579065,-0.86559,-0.15388763776654163
125,0.1660398831036158,0.32694,-0.2465481434100399,0.005383321196185457,0.15633,-0.17532843683184623,-0.09501613758886529,0.31575,-0.4076842608424978,0.26133623623809177,0.1457,-0.21747448730577174,0.38798494929899047,0.2191,-0.42366936910456454,-0.08015698378998248,0.4884,-0.6575607105619166,0.4389732698706752,0.31039,-0.6544596205565683,0.01086349903012869,-0.35797,0.19213249754745393,0.17011374150945338,-0.37946,0.16285417971195848,-0.13414528717490362,-0.46499,-0.180234075936718,0.16295925507969658,-0.47605,-0.2382775490554458,-0.1114768029985617,-0.85061,-0.08652679271312361,0.14345953497047745,-0.86479,-0.15203118208464456
126,0.16455165152376278,0.34404,-0.24203109052516814,0.006193659142311521,0.17213,-0.17100344418294286,-0.09719579619281922,0.33137,-0.40196893850948723,0.2606237195305989,0.15938,-0.21333791626908646,0.3869332718743041,0.23278,-0.4216866248965526,-0.08421616466487207,0.50557,-0.6482747668497819,0.43632743547775893,0.32927,-0.6485605561930221,0.012207009938966697,-0.34801,0.1918854460592308,0.17204272690954958,-0.36918,0.16308268644318485,-0.1327964570010201,-0.4628,-0.17749671111594212,0.16096539475180194,-0.47493,-0.2343821388083925,-0.11141623522772065,-0.84875,-0.08634454138902597,0.14235340771281046,-0.86404,-0.1500692997003396
127,0.1633327188736154,0.36186,-0.23702334620317994,0.006865701632269534,0.18996,-0.1673648649421277,-0.10017602718474951,0.34738,-0.39624445912401135,0.25927576450062206,0.17304,-0.2094650081579689,0.3866496483274193,0.2477,-0.4191488192137525,-0.08871029288719251,0.52375,-0.6388410503222758,0.4332486222669351,0.34945,-0.6450018613180915,0.014119972862775117,-0.33728,0.19152783055043066,0.17434712896682414,-0.35824,0.1630216032341284,-0.13137734375488522,-0.46072,-0.17487328175827982,0.1595224319100772,-0.47493,-0.230472169724448,-0.11147679462243848,-0.84705,-0.08575506996502696,0.14128612599452103,-0.86404,-0.14834781495344082
128,0.16182233958947365,0.37966,-0.2315377327991899,0.006606079381306154,0.20671,-0.16454697188404252,-0.1027167160937612,0.365,-0.3899679183675417,0.25798687389343894,0.19094,-0.2054298921741693,0.38607051032746986,0.26646,-0.41604103878762605,-0.09336745278337966,0.54215,-0.6288404108076573,0.4302549687903291,0.37112,-0.6414784909342112,0.016421701715293998,-0.32609,0.1911118193853376,0.17716424995356894,-0.34555,0.1625857943929584,-0.12986666743010714,-0.45863,-0.17209337491779847,0.15833953881843196,-0.47472,-0.22635420130133718,-0.11105692046413151,-0.84527,-0.08498630101977357,0.14028259541599944,-0.86404,-0.14684065657491116
129,0.16017170779784262,0.39623,-0.22558060138478778,0.0062407931061439145,0.22125,-0.162126772318474,-0.10552360106683595,0.38431,-0.3848324891987256,0.25677676790649684,0.20772,-0.201408668044583,0.38446555599454596,0.28626,-0.41362564615096653,-0.09840574894624629,0.56117,-0.6178282199368432,0.42721845004004927,0.39502,-0.6379678707782844,0.018736285341437637,-0.31648,0.19073415864129906,0.17993503270308658,-0.33386,0.16211753916877453,-0.12842254403791079,-0.45527,-0.16936265859637084,0.15760675514274888,-0.47431,-0.22227498224805597,-0.11086508785557488,-0.84274,-0.08479673242982692,0.1394273568135596,-0.86404,-0.14529872047607414
130,0.15826949632591966,0.41314,-0.21840121481516464,0.004142261937926644,0.23914,-0.15785750646401836,-0.10848502872997266,0.40373,-0.38018767755604205,0.2562339517695355,0.22141,-0.19705831741027152,0.3825773387505422,0.30675,-0.4112618492816382,-0.10387861088043088,0.58118,-0.607328350830547,0.42343866280042314,0.41743,-0.6341231070113984,0.020999140424130334,-0.30589,0.19034531050290587,0.18261718275483316,-0.3234,0.16166491228058075,-0.1269545521259128,-0.45115,-0.16664630520509263,0.15728661739378005,-0.47207,-0.21959873266670427,-0.11066299317486501,-0.83947,-0.08466989891679202,0.13879757853760072,-0.86216,-0.14460888040538367
131,0.15611173352418245,0.43157,-0.2105979744823645,0.0025457015052422725,0.25675,-0.15332135227960328,-0.11176296544600081,0.42458,-0.3752128916424861,0.2555677252144958,0.23575,-0.19254404646388829,0.3808181438863677,0.32729,-0.4077632162014393,-0.10995013138277569,0.60208,-0.596641687937501,0.4195967887756449,0.44055,-0.6295362885085869,0.023000213317353933,-0.29505,0.1895659881844742,0.1851545137940513,-0.31251,0.1611972038271398,-0.12574165365239356,-0.44821,-0.16409821154650497,0.157308284250329,-0.46963,-0.2171147579189809,-0.11034515325869679,-0.83745,-0.08415730376690259,0.138439550740576,-0.86018,-0.14439343645314173
132,0.15373224782577447,0.44737,-0.20382183636312048,0.0008130891602586704,0.27167,-0.14811133544066593,-0.11496410701161937,0.44415,-0.36969316214939774,0.2547525637430834,0.25013,-0.18760749789474354,0.37910880830774774,0.34805,-0.40455769410985043,-0.11580039944397007,0.62338,-0.5852933934571762,0.4152492138756642,0.46412,-0.6250532323535676,0.024684491751121158,-0.28509,0.18908622766343622,0.18714035249158262,-0.30259,0.1608267383531924,-0.12469249881811392,-0.4448,-0.1621101929012937,0.15753688094694548,-0.46806,-0.21553038310527806,-0.11000730773851639,-0.83477,-0.08379039587042986,0.13838852578637473,-0.85926,-0.14404934859510435
133,0.15097786819854397,0.46358,-0.1963500298299521,-0.0012359193158219504,0.28094,-0.14171840588803125,-0.11863619158645852,0.46282,-0.363866998842793,0.25347920530234247,0.26419,-0.18279324215980447,0.37744442891622537,0.36876,-0.3997151078957417,-0.12124637049599461,0.64513,-0.5757121498896371,0.4113707054368669,0.48685,-0.619464836135494,0.026257800545811547,-0.27736,0.18886973647065955,0.18894378847540272,-0.29304,0.15994010502860834,-0.12389304711608931,-0.44226,-0.16031169297743217,0.15770291621482788,-0.46474,-0.2139552855559754,-0.10976581655962443,-0.83323,-0.0832846469104533,0.13842963053588495,-0.8565,-0.1438738196813388
134,0.14833643201395796,0.48139,-0.18875597854735202,-0.0037196859023164337,0.29107,-0.13445678399317793,-0.12235629441940432,0.48103,-0.35765666077531966,0.25182467398835007,0.27891,-0.17795239242747246,0.3757332126015068,0.38872,-0.3954836733016306,-0.1270820556779108,0.66694,-0.5650873796588244,0.40616503786879676,0.51131,-0.6137439686164246,0.027512678756878454,-0.26967,0.1886383133184264,0.19030242065813857,-0.28371,0.15843125825307602,-0.12289006951246845,-0.439,-0.1578484357990939,0.15769228094268498,-0.46124,-0.21246073315107739,-0.10945025570791417,-0.83069,-0.08262949017434515,0.13842963053588495,-0.85349,-0.1438738196813388
135,0.14550555101900609,0.49873,-0.18102698037214068,-0.0061692455816334535,0.30203,-0.12740427902136373,-0.126830481874733,0.49864,-0.34956682347073925,0.25002701205883215,0.2942,-0.1727715226561733,0.37366920197748055,0.40892,-0.39117987728602915,-0.13320001477509236,0.6883,-0.5541285174694722,0.40102654631927387,0.53505,-0.60787247778398,0.028624032212121925,-0.26131,0.18824942066290512,0.19140619253612504,-0.27408,0.1567439563709677,-0.1217846959449213,-0.43614,-0.15523061126789095,0.15766194951548182,-0.45746,-0.21096270778262602,-0.10932754469102378,-0.82861,-0.08276282436476051,0.13834280644705146,-0.85022,-0.14436622355784492
136,0.14260808886102394,0.51422,-0.17356040732668931,-0.008887749759009132,0.31184,-0.11922799966962974,-0.13085448251289428,0.51655,-0.33915995944433447,0.24872472828340467,0.30857,-0.16823648605563096,0.3714776650315317,0.4306,-0.38627480177034734,-0.14009130513450485,0.71264,-0.5428505193234239,0.3962818817014078,0.55907,-0.6013799391692337,0.029123196966779324,-0.25319,0.1878669307313934,0.19211311512009618,-0.26468,0.1553398693151654,-0.12049476081113991,-0.43316,-0.15137604665555968,0.15771501729833276,-0.45424,-0.20933722821941297,-0.10916126899927148,-0.8264,-0.0829139944488787,0.13824613428068785,-0.84744,-0.14485689095257434
137,0.13971459835256397,0.53052,-0.16549543288919405,-0.012131723093808605,0.32363,-0.1106341294121084,-0.1356800163043979,0.53389,-0.3289163914806289,0.24827220919883017,0.31704,-0.16337403538975315,0.3691499433971638,0.45006,-0.38099031390557786,-0.14716985322131157,0.7364,-0.5305037674435664,0.3910933144848476,0.58316,-0.5936616964781003,0.029226573550397,-0.24496,0.18763546306203213,0.19225175135774372,-0.25682,0.15399536941051278,-0.11938712384539858,-0.43023,-0.14795643419913668,0.1578572885920847,-0.45154,-0.20766655204523254,-0.10920639348307791,-0.82413,-0.08334267122800396,0.13823286132437837,-0.84529,-0.1452201041525421
138,0.1367805739077238,0.54647,-0.15754516241850686,-0.01536773746329978,0.33606,-0.101787805881938,-0.1409468527029838,0.54953,-0.31906210620210507,0.24814919509301483,0.32789,-0.15773703552016202,0.3667885856687483,0.46943,-0.37543588417081186,-0.15395566041741895,0.75756,-0.518777272583752,0.38535963004057716,0.60702,-0.5858676434443102,0.02934300981092018,-0.23651,0.1872189158291337,0.19209670579365118,-0.24847,0.15254018527334826,-0.11843008615064551,-0.42851,-0.14464227248750855,0.15806497538022019,-0.44883,-0.20568247387186486,-0.10918988488500606,-0.82308,-0.08333542787313883,0.13823286132437837,-0.84315,-0.1452201041525421
139,0.13382228680278418,0.56263,-0.15007801855992559,-0.017588116913836715,0.34487,-0.09526108548838402,-0.14612124157278308,0.56543,-0.30874687140961987,0.24815194678495855,0.33898,-0.15253853646483925,0.3643293179781614,0.48818,-0.36980326467132185,-0.1612535028080722,0.77873,-0.5057622887020413,0.3799434154145643,0.63077,-0.5782311115662282,0.029274820754171364,-0.22857,0.1868552315532298,0.19185937860337737,-0.23985,0.1512518235986789,-0.11753908284817988,-0.42692,-0.14135708419534096,0.15807101390077916,-0.44607,-0.2032871318219126,-0.1093070770076145,-0.8216,-0.08331476373999647,0.13839211896186304,-0.84097,-0.1448927862567545
140,0.13085288978211973,0.57926,-0.14186765429677203,-0.02068416239858069,0.35713,-0.08651356839172189,-0.15080474139232575,0.58089,-0.2972082932718967,0.24772064395573806,0.35373,-0.14611606981490588,0.36136078027927077,0.50779,-0.36360359662131586,-0.167876172698659,0.79865,-0.49203370612697866,0.37443675948184263,0.65381,-0.5700709191396599,0.029109907258223374,-0.21994,0.18596027203523238,0.19148834231630008,-0.23028,0.1492051599541902,-0.11647187527314763,-0.4252,-0.13797096001099773,0.15776821692719,-0.44359,-0.2003397747019176,-0.1093070770076145,-0.82033,-0.08331476373999647,0.13845004175839698,-0.83895,-0.14485222827798724
141,0.12788289790593843,0.59597,-0.13354548821723378,-0.02378697232912179,0.36926,-0.07827663355314658,-0.15551954596862244,0.59637,-0.2855017270030315,0.2474522418080874,0.36899,-0.14015185240713673,0.35840782283159606,0.52636,-0.35697004234685464,-0.1746409643546315,0.81715,-0.47813790392446853,0.36865307149769583,0.67594,-0.5609479945372073,0.0286469827772872,-0.21075,0.18484369470922674,0.1908862096986038,-0.22024,0.14688446257824775,-0.11535204214033615,-0.42388,-0.1331115922790127,0.15744679329763944,-0.44157,-0.19674941443442823,-0.10898169754965428,-0.81976,-0.08203380464293775,0.1386863956191199,-0.8374,-0.1448939038406273
142,0.12514749936631636,0.6123,-0.12510221901452365,-0.026801338178493006,0.3811,-0.0711966333041251,-0.15946564535070346,0.61296,-0.2729254318543504,0.24747749385214393,0.38338,-0.1347105721042787,0.3550945543343772,0.5461,-0.3503643439079811,-0.18142949175428585,0.8361,-0.46393328848637444,0.3629835647520013,0.69888,-0.5522716823447764,0.028057456133222556,-0.20103,0.18351589263966292,0.19004541592527802,-0.20983,0.14453476774045781,-0.11431693070473234,-0.42228,-0.1284505254144545,0.15715193962309484,-0.43972,-0.19260525453034544,-0.1086326586632348,-0.81863,-0.0809296398654851,0.1391450431896435,-0.8361,-0.1438476522427538
143,0.12196920893938738,0.62696,-0.11686720632709616,-0.030131998560520106,0.39482,-0.0640791394741597,-0.1634174528640834,0.63009,-0.26095738617524333,0.2474264680452536,0.39765,-0.1289532448279263,0.3516833758749869,0.56488,-0.34368045570438344,-0.18794649343261216,0.8548,-0.4494211510447467,0.3577508944659594,0.71989,-0.543997332722143,0.027022792196734778,-0.19014,0.18188071817235626,0.18895206914210938,-0.19897,0.14207729082057946,-0.1131685141046965,-0.42074,-0.12376882024296389,0.1566519166326464,-0.43803,-0.18772427337805409,-0.10828459015913612,-0.81742,-0.07992887749786004,0.1397154204493908,-0.83494,-0.14228292549933722
144,0.11815456564813512,0.64451,-0.10815240302693475,-0.03393534262160608,0.41022,-0.057050921282256306,-0.1671374008946186,0.64847,-0.2500354959244617,0.2473200742958974,0.41375,-0.12327957393774436,0.3482003346800754,0.58476,-0.33677065657310984,-0.194289509253871,0.87401,-0.433853185529264,0.3515808722480053,0.74816,-0.5352226118815718,0.025373604034305768,-0.17727,0.17996803879386544,0.18725513556395385,-0.18609,0.13942161455429092,-0.11212116679337181,-0.4167,-0.11878497437762443,0.15616630822476724,-0.43472,-0.18235842913188025,-0.10797413482750048,-0.81409,-0.0788016625728972,0.1404959600888891,-0.83217,-0.13987183490146
145,0.11429110317657147,0.66166,-0.0995417039420277,-0.03795636223503376,0.42571,-0.05016303610112633,-0.17076671527934917,0.66688,-0.24101828032890305,0.24723828871917308,0.43161,-0.11752393087033305,0.3441751264926512,0.60443,-0.33017142941776106,-0.2000409734406447,0.89406,-0.41901909102679236,0.34551054455877317,0.77581,-0.5268614862548789,0.023014546154787104,-0.16335,0.17774389515617456,0.18475943820675958,-0.17197,0.13626706312797157,-0.11138712949974801,-0.41212,-0.11481208144531814,0.15569040364009623,-0.43111,-0.17595856078743058,-0.10788562893396464,-0.81026,-0.07832275578989091,0.14139572211546064,-0.82906,-0.13666942513761968
146,0.11031000697774344,0.67802,-0.09148296346626619,-0.04174974281513206,0.43883,-0.04396516285504159,-0.17363841871932517,0.68441,-0.2313324649603948,0.2473921107580411,0.44862,-0.11227489717065477,0.3405751221207989,0.6237,-0.3236370229012789,-0.205259806161405,0.91356,-0.4061168359900663,0.3395498316029541,0.80278,-0.519433572613867,0.01942436566220876,-0.14865,0.17488387329774235,0.18103506249559365,-0.15738,0.13322761818488127,-0.11057720554824506,-0.40723,-0.11042609020127969,0.15540265798520944,-0.42761,-0.16877952864945445,-0.10764297573149614,-0.80566,-0.07700994756957397,0.14226648668018474,-0.82609,-0.13322835421814985
147,0.10663549241439965,0.69437,-0.08318279246057152,-0.04656633624637136,0.45469,-0.03760413182869511,-0.17672804170315864,0.70352,-0.22086696307000425,0.24734033870602035,0.46683,-0.10698250369939533,0.33682608666302605,0.64375,-0.31598983170866685,-0.2100044110604257,0.93433,-0.3917344431310116,0.3339741189155867,0.82824,-0.5103980909981517,0.015617446960683542,-0.13379,0.1718082115803265,0.17733499752930104,-0.14231,0.1303260463272127,-0.10983331598902953,-0.40237,-0.10606907237670173,0.15523247036278018,-0.42366,-0.16133690571307163,-0.10739207815715442,-0.80121,-0.07541427360312923,0.14294021756714545,-0.82252,-0.12923467337312042
148,0.1029729355329279,0.7108,-0.07464204295657692,-0.05137865276719807,0.47062,-0.031172775074216452,-0.17986861751403233,0.72255,-0.21057525361160256,0.24733857554534466,0.48411,-0.10180960964565089,0.3333903329925056,0.66336,-0.30754492219372803,-0.21370868887435474,0.95484,-0.3768653064419757,0.3286751978557744,0.85462,-0.5005990739248999,0.011359144440816569,-0.11964,0.1683551990333909,0.17336327825362222,-0.12826,0.12720836353462434,-0.10992109448320199,-0.39765,-0.10137247797905988,0.15501877452638627,-0.42081,-0.1534499776615735,-0.10784829659186244,-0.79695,-0.07352129348177758,0.14350738190926138,-0.81997,-0.12498154586397703
149,0.09936623992842217,0.72494,-0.06664830398057582,-0.05519454742700117,0.48272,-0.02719877797491125,-0.1827519535980891,0.73928,-0.20055229631216362,0.24697890123193345,0.49722,-0.09809065355714001,0.33007101977056985,0.68177,-0.29913069853763935,-0.21744710146830026,0.97498,-0.36230493311992695,0.32383554326438974,0.88156,-0.49003823383350154,0.007002200139079991,-0.10667,0.1644118663880812,0.1684178851830431,-0.11528,0.12334848175178856,-0.10960982093412378,-0.39604,-0.09696964107796482,0.15478464342509332,-0.4184,-0.14441201425008487,-0.10749910631582937,-0.79558,-0.07184039308284729,0.14434233756754966,-0.81803,-0.11897934751264837
150,0.09596042765544426,0.73763,-0.05814876377176258,-0.059238578022279664,0.49444,-0.02271035012716194,-0.18518641806199146,0.75521,-0.1899992312231008,0.24584059298864336,0.51248,-0.09216496386367329,0.3265905200902769,0.70032,-0.28967262674813166,-0.22058071351383812,0.99492,-0.34794259084757945,0.31945865214737285,0.90801,-0.4788685013322382,0.002104708216751419,-0.092978,0.1589290100275036,0.16258752314249558,-0.10161,0.11821289235268909,-0.10891255501870031,-0.39604,-0.09267548210987937,0.15458571660291567,-0.4184,-0.13442575728766806,-0.10701009497701684,-0.79558,-0.07002878663813786,0.14542836444835727,-0.81803,-0.11138049038712197
151,0.0922554050694896,0.74911,-0.04957818703285138,-0.06338382991629865,0.50713,-0.018076130480324724,-0.18806392580281434,0.77108,-0.18023115827079828,0.24499172329602245,0.52776,-0.08644059313450578,0.3235949796734145,0.7168,-0.2809194765945616,-0.2230492708771408,1.0148,-0.33383967538502046,0.31519936714758745,0.9332,-0.4677804315592523,-0.0027412642534685797,-0.079576,0.15329490967182394,0.15670278339612848,-0.088174,0.1125385608398563,-0.10815831869598574,-0.39621,-0.08774149553009444,0.15351029754110765,-0.4184,-0.1216935823814904,-0.10664183225230477,-0.79594,-0.06803240527036575,0.14596716271329005,-0.81803,-0.10435126194939814
152,0.08883046264610393,0.7596,-0.04097982356085898,-0.06684018683872942,0.51706,-0.01392893518413177,-0.19022028871619273,0.78539,-0.17000129517367882,0.24322705452026117,0.54256,-0.08107260989013429,0.319834143274852,0.73735,-0.2717267561276243,-0.22503988703128064,1.0343,-0.31996319357849334,0.3114786800072134,0.95814,-0.4557109789120336,-0.00823424611118087,-0.066897,0.14146909526812032,0.1496186093856648,-0.07504,0.10081053975403495,-0.10669091652030915,-0.39727,-0.0787111154796857,0.15248711897074457,-0.4184,-0.10929860167907905,-0.10577417776593934,-0.79711,-0.06388912617135613,0.14639495170791966,-0.81803,-0.09760607213916496
153,0.0860454752590688,0.77078,-0.033353352341870784,-0.07133402345032709,0.53503,-0.008668673450314315,-0.19264245355333648,0.80027,-0.16041505412195764,0.2404454032100224,0.55562,-0.07577103842610147,0.31655640944600844,0.75527,-0.26238567155744436,-0.2266358169319898,1.055,-0.3074763602028123,0.3087751267909305,0.97606,-0.44299837886299853,-0.014265721282633322,-0.054766,0.12874311368491217,0.14233540695356198,-0.062568,0.08732030764583859,-0.10497703428995513,-0.40635,-0.06797766274067965,0.15179732085911504,-0.42647,-0.09484016332754219,-0.1048425083713894,-0.80249,-0.05977439688022908,0.1468754763123173,-0.82022,-0.09142561939647947
154,0.08322697734138979,0.7822,-0.025110700918448886,-0.07544257306865217,0.55188,-0.004275488952280941,-0.1954004984832162,0.81414,-0.15158192963711284,0.23727771509373471,0.56673,-0.0708735716321426,0.31385854652279527,0.771,-0.2530960625426606,-0.2273670207885338,1.0699,-0.2939437979576137,0.30619136677485076,0.99345,-0.42943363470104295,-0.019922141518694893,-0.044116,0.11582914860392048,0.13570848062526306,-0.051718,0.0742119153935714,-0.10343793891629774,-0.41567,-0.05712403282111882,0.1508623074782328,-0.43472,-0.08159964675991646,-0.1039601815059226,-0.80797,-0.05574946355128121,0.14702751200081182,-0.82377,-0.08624430429802965
155,0.08061852407318992,0.79345,-0.01684009873072293,-0.07960382463740351,0.56878,0.00044075514462123613,-0.19806125234882843,0.82771,-0.14254256633726536,0.23374986553369342,0.57834,-0.0658303491026763,0.3109115314261316,0.78644,-0.24337665916487877,-0.22806138005373378,1.0852,-0.2787625870305884,0.3039005975354462,1.01,-0.4149558974368225,-0.0246181440864947,-0.034655,0.103173330578869,0.12985347295180252,-0.041714,0.06052874875920936,-0.10229331101034944,-0.42417,-0.046451658017124885,0.1493935859969467,-0.44238,-0.06867931711201627,-0.1036803364157547,-0.81292,-0.052786037033631564,0.14715843830643777,-0.8279,-0.08089476793470851
156,0.0779185768288534,0.80385,-0.008806204912791328,-0.0828600901539722,0.58248,0.004956808718883345,-0.19993301838577116,0.83891,-0.13352047168563663,0.23048855522343337,0.58654,-0.06169419097463144,0.3078638484711951,0.80065,-0.23457369781052823,-0.22883088267891244,1.0994,-0.2647561754376842,0.30163889788505005,1.0256,-0.40123470161825775,-0.029481967729559112,-0.025821,0.0901185939071024,0.12360449052471728,-0.033096,0.046454046821833225,-0.10118861621337999,-0.43552,-0.03521680357189291,0.1477898917968394,-0.45177,-0.056178929561522394,-0.10312650211126126,-0.82099,-0.04890220521915168,0.14665682844000333,-0.83383,-0.07585002328885222
157,0.07523009757695898,0.81224,-0.0007591018121635481,-0.08639811585398935,0.59546,0.009861696703946626,-0.20161067693776089,0.84798,-0.12483723140432831,0.22697925840836963,0.59465,-0.05717921535301583,0.3048057706679856,0.81292,-0.22600245168470048,-0.2295203388456554,1.1111,-0.2515051396217889,0.2992068306814444,1.0396,-0.38709760329090837,-0.034473958773589684,-0.017409,0.07686103189833479,0.11709603320306951,-0.024968,0.03205954372890607,-0.10007296296772375,-0.44911,-0.02363762092217809,0.14615682522849652,-0.46288,-0.044075471808328034,-0.10300896765562374,-0.83066,-0.0455578059230541,0.14610156128666982,-0.84028,-0.07110958423867672
158,0.07247853657221327,0.82061,0.006855382874088227,-0.09022737607200407,0.60867,0.014969235757417477,-0.20351531591652539,0.85722,-0.11686538404248231,0.2232864226048036,0.60226,-0.052092685324803975,0.30192379259167146,0.824,-0.21741148536142546,-0.22965154908270075,1.1263,-0.2369309403685299,0.2967876339177272,1.0514,-0.37386650405394317,-0.03974844065735988,-0.009549,0.06424730521436942,0.11107628862906871,-0.017401,0.01870903721178142,-0.09887271482909508,-0.4626,-0.01136560228604009,0.14455252546993488,-0.47413,-0.033882026743744666,-0.10322087993402529,-0.84066,-0.0421583625588748,0.14515586090278004,-0.84739,-0.06806511272724641
159,0.0697329661581014,0.8289,0.013881894675910918,-0.093888965983952,0.62195,0.019478571109409086,-0.20567008039829118,0.86624,-0.10979377955494762,0.2197262415222147,0.60583,-0.04907563052596852,0.29905121199169254,0.83356,-0.20974621428359497,-0.2297217179913058,1.1371,-0.2239109527984796,0.29428694272244155,1.0613,-0.36196139827760415,-0.044515572977575545,-0.003258,0.05320941875719134,0.10589338843743548,-0.011659,0.0065340733266781754,-0.0977865793694035,-0.47616,2.890036932844467e-05,0.14292874593779586,-0.48472,-0.025238749585686705,-0.10331313233133478,-0.85083,-0.03944512289102556,0.14412980414593576,-0.85385,-0.0670312328832925
160,0.0675193036890034,0.83709,0.020844064127519157,-0.0973678863891175,0.63304,0.024252201469472892,-0.2073759732599026,0.87291,-0.10219206727778905,0.21610116945742108,0.6092,-0.0455627752022962,0.29658937253994233,0.84179,-0.2022853734118295,-0.22978605855667703,1.1454,-0.21114584957556565,0.29223802529773374,1.0701,-0.34956731350353837,-0.04930861734408277,0.002116,0.04230099876616178,0.10062828053060481,-0.006982,-0.005588824335573589,-0.09619178496618007,-0.48957,0.01066860829818848,0.14186229864620414,-0.49541,-0.019942094870278433,-0.10260163199639563,-0.86094,-0.03669996856505744,0.14331410210793832,-0.86199,-0.06653200329161466
161,0.06541063290995767,0.8451,0.027624237026907396,-0.10111636352052084,0.64433,0.02913834925636455,-0.20955226654805328,0.87913,-0.09443633085086285,0.2124942307140887,0.61188,-0.042062256111954334,0.29485857407794064,0.84551,-0.19470973240370798,-0.229930277283775,1.1521,-0.19883375791903732,0.2903426092944377,1.0774,-0.3371089067765749,-0.053252212129855404,0.006503,0.03730997190131454,0.09647948346742675,-0.003201,-0.01168602344078289,-0.09553240568601554,-0.50009,0.016636778198994732,0.14075737537015426,-0.50551,-0.014978823715682595,-0.10238417515235108,-0.86865,-0.0366530162384038,0.1425801108829923,-0.8697,-0.06626042110938943
162,0.06340022598173892,0.84815,0.03469678847479167,-0.10316953939801661,0.64473,0.032179074961861426,-0.2109894072507019,0.88109,-0.08657737884688733,0.20974628227358974,0.61341,-0.0387578789590919,0.2929881660487406,0.84832,-0.18711962872824317,-0.23076271981172172,1.1549,-0.18627846264422734,0.28867674547907984,1.0829,-0.3257673285024244,-0.05656039263553119,0.008308,0.032755234725377086,0.09274901510161891,-0.001896,-0.015900258101039354,-0.09535780767819337,-0.50089,0.020368147456474424,0.13907366045937636,-0.50624,-0.012722165988151825,-0.10228403483091156,-0.8698,-0.036108127335945706,0.14186301339987684,-0.87267,-0.06583544205142362
163,0.061323233702428245,0.84967,0.041121053418867674,-0.10543029340733949,0.64538,0.03536708379330003,-0.21211897429739718,0.8824,-0.07852895799015897,0.20763855682591956,0.61444,-0.03585375612469877,0.2911641683839287,0.85035,-0.18001495895979086,-0.23160493829003764,1.1567,-0.17423931117766694,0.2872282303944495,1.0869,-0.31526626169711375,-0.059751745144624745,0.009646,0.0282987025351307,0.08899278251148726,-0.000955,-0.02021453877443474,-0.09536986106404644,-0.50126,0.023726257745891592,0.13743201649236791,-0.50675,-0.010572438311076269,-0.10219228670331303,-0.87101,-0.03561659170032794,0.14146961124320498,-0.87543,-0.06576302835709782
164,0.059094110573633354,0.85018,0.04720658955602697,-0.10790874879521398,0.64589,0.03818426232692475,-0.21350675440046024,0.88275,-0.07154182221177724,0.20586849246989017,0.61507,-0.03333817027334837,0.2894694816075901,0.8515,-0.1738469741405729,-0.23247822110123767,1.1576,-0.16375843921338545,0.2859420914792101,1.0897,-0.3060326466579914,-0.06297041090662468,0.010103,0.024050071730679773,0.08535391747596466,-0.000756,-0.024145374722836947,-0.0964754283663699,-0.50126,0.02665878923592426,0.13620364091762338,-0.50683,-0.00930386058489191,-0.10303259388928782,-0.8723,-0.03563698368893041,0.1407657368478021,-0.87758,-0.06503270662286265
165,0.05696331442628739,0.85018,0.052715287930276154,-0.1101966435726727,0.64631,0.04075764657481255,-0.21518241200441643,0.88306,-0.06474762824970169,0.2042703104158953,0.616,-0.030884370134321396,0.2878913074069973,0.85225,-0.16822755547023135,-0.2334660876673109,1.1582,-0.15410016712943403,0.28490748415948874,1.0914,-0.2976760332474058,-0.06594840083736961,0.010556,0.019922486968087752,0.08214507512869207,-0.00052,-0.027802728519005723,-0.09776012729747754,-0.5005,0.028880629611921352,0.13491545289113174,-0.50615,-0.009065548586865098,-0.1039434371355687,-0.87273,-0.03497475670314345,0.14003849564322102,-0.87903,-0.0641469661245453
166,0.054845283552742964,0.85018,0.057657158246129527,-0.11302670355882115,0.64649,0.04342358289715813,-0.217124937463591,0.88339,-0.0584303384162004,0.20290118721533845,0.61705,-0.02891673153394353,0.2863659186847694,0.85278,-0.16311500334373916,-0.2346287921220848,1.1583,-0.14520309916572546,0.28409034578242987,1.0926,-0.29102306512237036,-0.06846104599305296,0.010808,0.016170806768281133,0.07923241654397624,-0.000437,-0.03101271761071321,-0.09899485215998893,-0.49973,0.03040113726198307,0.13392218624601074,-0.50541,-0.0088822854653974,-0.10476680373577046,-0.87316,-0.03434623188925606,0.13957556565596724,-0.88043,-0.06314434714063308
167,0.052901916376730224,0.85018,0.062115350370656706,-0.11568646990274399,0.64644,0.04578837295036271,-0.21921878261267436,0.88352,-0.05245293584554648,0.200958047278595,0.61805,-0.026922004438265406,0.28492635667943705,0.85321,-0.15866745781470815,-0.23641741721107246,1.1583,-0.13835852318973957,0.28323738422835176,1.0937,-0.2850339619685363,-0.07054166340181556,0.010954,0.012853708006056232,0.07686620426642429,-0.000425,-0.03385907167469797,-0.10032243249660107,-0.49927,0.030646395187116558,0.1329978561436006,-0.50455,-0.008711177716366387,-0.10536354798591477,-0.87259,-0.03376274384317479,0.13913396856835658,-0.88176,-0.06225109409014077
168,0.0511088660897953,0.8501,0.06621093136344912,-0.11844112027883393,0.64603,0.048133338260448896,-0.22139240797011364,0.88318,-0.047215927844264,0.1989362465011913,0.61877,-0.024970271204319282,0.28350482647454933,0.85357,-0.15475111361678687,-0.23841806137352267,1.1583,-0.1315070253290339,0.2825165876283965,1.0948,-0.27967741902914967,-0.0726793281535077,0.011074,0.009449187274826501,0.0745958512118377,-0.00047,-0.036616723938405135,-0.10155170570608966,-0.49887,0.030873303486730348,0.13171286769529084,-0.50427,-0.008569895418429075,-0.10591639228603532,-0.87252,-0.03310880869361927,0.1387017965671139,-0.88311,-0.06164991494767
169,0.04894113344704338,0.84959,0.06948306525275559,-0.12127517774071456,0.64573,0.049970375903710125,-0.22389315888424466,0.88265,-0.043200676312233524,0.19665839392418147,0.61938,-0.023376513494562278,0.2817798385175524,0.85357,-0.15146159745962706,-0.2406885031516475,1.1583,-0.1257249241424284,0.28152137882295336,1.0958,-0.27553161881283816,-0.07464328400114964,0.011074,0.006177520661537031,0.0727037231995437,-0.000697,-0.039031850557258135,-0.10251542811862029,-0.49833,0.031051357162868033,0.1304385439129797,-0.50276,-0.008886420137584264,-0.10630197608665057,-0.87217,-0.03260621727635958,0.1384653447530201,-0.88331,-0.06132085638204413
170,0.046565830505596234,0.84902,0.07243030751228441,-0.1242155301458914,0.64541,0.0517804620158525,-0.2261146443630278,0.88189,-0.03996272769195624,0.19438728779989084,0.61898,-0.021974845569478256,0.28003986516485624,0.85357,-0.14871776934330716,-0.2429970513593111,1.1537,-0.12084998771485381,0.280527479940479,1.0966,-0.27247255604600645,-0.0764089702364678,0.011074,0.003045547143384616,0.07114987634020148,-0.000886,-0.04129643196178136,-0.1034840144639485,-0.49854,0.03079871217153885,0.12928720934140783,-0.50315,-0.009254078544673508,-0.10657384491627234,-0.87372,-0.032529847521350824,0.1382227653841111,-0.8834,-0.06108413661147205
171,0.04416797253496198,0.84854,0.07511142335324797,-0.12718686583767685,0.64513,0.053530008587602415,-0.22828063990358727,0.88134,-0.0371011324518364,0.19238748690480809,0.6187,-0.020762160375363013,0.27829884813927125,0.85357,-0.1463829741238879,-0.24447005711959507,1.1522,-0.11751351442256294,0.27938823931712037,1.097,-0.2698346533180634,-0.07797826875896788,0.011054,0.0002556684457923602,0.06953632273819045,-0.001058,-0.04368655262263453,-0.10468920758062995,-0.49854,0.02949214202359284,0.1282749375662914,-0.50373,-0.009869651329405486,-0.10672351227275897,-0.87431,-0.032255693034970806,0.13801900572836973,-0.88353,-0.06131831176534659
172,0.04200653574373421,0.84864,0.07726750869421364,-0.1301627920768884,0.64541,0.054965582347035205,-0.2304637544865748,0.88145,-0.034854913469291024,0.19012786560263042,0.61944,-0.019468121901922267,0.27651399607810734,0.85391,-0.14458471826896652,-0.24606459256185892,1.1517,-0.11503903332072274,0.2781506381303954,1.0979,-0.26804251958906405,-0.07956169226941068,0.011143,-0.0026027994981554156,0.06796882437108036,-0.000886,-0.04609190205028682,-0.10573283754874312,-0.49822,0.028180438745539403,0.12724448260111687,-0.5031,-0.010530758404505383,-0.10686963337512419,-0.87352,-0.0316562119064575,0.13794386950368268,-0.88315,-0.060880614897937446
173,0.040030442904876104,0.84876,0.07920204354585463,-0.1327822034840774,0.64555,0.05623471940814731,-0.23264074329857,0.88109,-0.03291947974207438,0.1881359029179297,0.62017,-0.01838374712226355,0.27469386761066716,0.85418,-0.14321687567494706,-0.24772915808831944,1.1515,-0.11301930026704482,0.27700749798467544,1.0985,-0.26652089854319116,-0.08106343381766644,0.011229,-0.0054817627355452855,0.06658854161847504,-0.000886,-0.04843176626063329,-0.10666231032079104,-0.49754,0.0265947498208062,0.1261948506415922,-0.50248,-0.011588562143175439,-0.10700914801360618,-0.87326,-0.03149148283904911,0.1378526338670695,-0.88269,-0.060476634627860085
174,0.03802771519656716,0.84888,0.08104887102192586,-0.13560011523308083,0.64554,0.05735709607167362,-0.2346765134088168,0.88075,-0.03173802298949058,0.18634288582476963,0.62081,-0.01743802533249881,0.27301890366828785,0.85438,-0.142235105950557,-0.24934557676861516,1.1514,-0.11147515304284915,0.27590320337833313,1.0991,-0.2652396751347244,-0.08255904059839088,0.011337,-0.008320175206883992,0.06522331158025248,-0.000886,-0.05070929736749765,-0.10758064556708131,-0.49685,0.024899461828923705,0.12514003327912446,-0.50102,-0.012848536877777936,-0.10712984195063235,-0.87248,-0.03128336274495649,0.1378017825610459,-0.88173,-0.060131561962069674
175,0.03617535665017164,0.8489,0.08257369521362648,-0.1377444653229663,0.64576,0.057865177454926434,-0.2365744140012877,0.88075,-0.03138712508254521,0.1844860917656318,0.62143,-0.016508474461405374,0.271604526852875,0.85448,-0.14184863056450664,-0.2507383196889805,1.1514,-0.11044769639764603,0.27491190029940915,1.0995,-0.26418146050351016,-0.08407035203032792,0.011792,-0.011115201460015867,0.06391699395479426,-0.000611,-0.05298096949644082,-0.10876629570213903,-0.49623,0.022609559045564196,0.12411719122373445,-0.50025,-0.014099933749168273,-0.10714050840045392,-0.87236,-0.031228679778246518,0.13770183868933944,-0.88106,-0.06000731936668337
176,0.0343320037666278,0.8487,0.08432235617182583,-0.13994036309540897,0.64587,0.05831126822257506,-0.23827570033951143,0.88075,-0.031072926426639245,0.18358654348403117,0.62172,-0.016254409727391984,0.2703951234466244,0.85448,-0.14162421042069318,-0.25185988294354167,1.1514,-0.10995546081784881,0.2740301638691243,1.0996,-0.2637112043312928,-0.08548420115405854,0.012233,-0.013685741414057852,0.06258825888474613,-0.000429,-0.05525884309118312,-0.10977725933810964,-0.49558,0.020504124760969907,0.12295496311792063,-0.49956,-0.015278012621763988,-0.10714611322691324,-0.87166,-0.03091494009965874,0.13763553269550352,-0.88073,-0.05974989459091104
177,0.03257456709980278,0.84848,0.08601118901201427,-0.14202520351277453,0.64602,0.05869614409103016,-0.23980974300790084,0.88087,-0.03078923276868968,0.18269158396603372,0.62194,-0.016089496231443987,0.2694117048790335,0.85448,-0.14144268378100214,-0.2528192142830337,1.1514,-0.10969491642418748,0.27342943113978685,1.0996,-0.26360527894291597,-0.08681545261035559,0.01265,-0.0161967194227443,0.06141382437449158,-3.9e-05,-0.05738723980728733,-0.11062660995691508,-0.49501,0.018451427869966553,0.12226152630409602,-0.49898,-0.015870601336837764,-0.10717225840693413,-0.87113,-0.030775278259624776,0.1374520898765492,-0.88072,-0.059868847237683154
178,0.030922554731146967,0.8484,0.08773931202089073,-0.14392310410524542,0.64588,0.05904704199797553,-0.2412667375378259,0.88103,-0.03052927904248358,0.1820131085055213,0.62215,-0.015963770142335732,0.2687921442355241,0.85448,-0.1413283613903069,-0.2536563008730941,1.1514,-0.10954731547317059,0.27309633298553937,1.0996,-0.26353639048497907,-0.0881134489283022,0.013082,-0.018737931448254377,0.06024617656859824,0.000352,-0.059580805079029305,-0.1114392967678458,-0.49441,0.016433898651506695,0.1218266444915258,-0.49841,-0.016609307509206486,-0.10714102577734108,-0.87032,-0.03042538610074049,0.1374248529388654,-0.88043,-0.05979296476786562
179,0.029613562505252634,0.84841,0.08928205385040991,-0.1453097729070383,0.64575,0.05930271881376904,-0.24266866333686646,0.88122,-0.03053289207229723,0.18135415555189147,0.62215,-0.01584250182453383,0.268274214076901,0.85437,-0.14138630404116626,-0.2543045375083055,1.1514,-0.10942285959838029,0.27309633298553937,1.0996,-0.26353639048497907,-0.08922276893957748,0.013468,-0.021303273357744068,0.059388305167893625,0.000718,-0.06159544416825921,-0.11316581731189693,-0.48782,0.015338057508379922,0.12132036923554751,-0.49785,-0.017580142904721142,-0.10728480111698055,-0.86631,-0.030031434769087,0.13731744219551928,-0.88019,-0.05971106890585884
